month	weighted 1-month change	chained level	MRP index (Jan 2020 = 100)	US ZHVI ($)	US index (Jan 2020 = 100)	ours: MRP index	ours: US index	check (0 = match)
2000-01-31		=100	=100*C2/$C$242	123924.9059	=100*E2/$E$242	52.3164	49.571	=ROUND(D2-G2,2)+ROUND(F2-H2,2)
2000-02-29	=SUMPRODUCT(zips!$B$2:$B$294*(INDEX(zips!$C$2:$LJ$294,0,1)>0)*(INDEX(zips!$C$2:$LJ$294,0,2)>0)*(INDEX(zips!$C$2:$LJ$294,0,2)/(INDEX(zips!$C$2:$LJ$294,0,1)+(INDEX(zips!$C$2:$LJ$294,0,1)=0))-1))/SUMPRODUCT(zips!$B$2:$B$294*(INDEX(zips!$C$2:$LJ$294,0,1)>0)*(INDEX(zips!$C$2:$LJ$294,0,2)>0))	=C2*(1+B3)	=100*C3/$C$242	124136.3034	=100*E3/$E$242	52.3545	49.6555	=ROUND(D3-G3,2)+ROUND(F3-H3,2)
2000-03-31	=SUMPRODUCT(zips!$B$2:$B$294*(INDEX(zips!$C$2:$LJ$294,0,2)>0)*(INDEX(zips!$C$2:$LJ$294,0,3)>0)*(INDEX(zips!$C$2:$LJ$294,0,3)/(INDEX(zips!$C$2:$LJ$294,0,2)+(INDEX(zips!$C$2:$LJ$294,0,2)=0))-1))/SUMPRODUCT(zips!$B$2:$B$294*(INDEX(zips!$C$2:$LJ$294,0,2)>0)*(INDEX(zips!$C$2:$LJ$294,0,3)>0))	=C3*(1+B4)	=100*C4/$C$242	124398.5949	=100*E4/$E$242	52.3978	49.7604	=ROUND(D4-G4,2)+ROUND(F4-H4,2)
2000-04-30	=SUMPRODUCT(zips!$B$2:$B$294*(INDEX(zips!$C$2:$LJ$294,0,3)>0)*(INDEX(zips!$C$2:$LJ$294,0,4)>0)*(INDEX(zips!$C$2:$LJ$294,0,4)/(INDEX(zips!$C$2:$LJ$294,0,3)+(INDEX(zips!$C$2:$LJ$294,0,3)=0))-1))/SUMPRODUCT(zips!$B$2:$B$294*(INDEX(zips!$C$2:$LJ$294,0,3)>0)*(INDEX(zips!$C$2:$LJ$294,0,4)>0))	=C4*(1+B5)	=100*C5/$C$242	124961.9068	=100*E5/$E$242	52.5308	49.9858	=ROUND(D5-G5,2)+ROUND(F5-H5,2)
2000-05-31	=SUMPRODUCT(zips!$B$2:$B$294*(INDEX(zips!$C$2:$LJ$294,0,4)>0)*(INDEX(zips!$C$2:$LJ$294,0,5)>0)*(INDEX(zips!$C$2:$LJ$294,0,5)/(INDEX(zips!$C$2:$LJ$294,0,4)+(INDEX(zips!$C$2:$LJ$294,0,4)=0))-1))/SUMPRODUCT(zips!$B$2:$B$294*(INDEX(zips!$C$2:$LJ$294,0,4)>0)*(INDEX(zips!$C$2:$LJ$294,0,5)>0))	=C5*(1+B6)	=100*C6/$C$242	125610.3085	=100*E6/$E$242	52.6569	50.2451	=ROUND(D6-G6,2)+ROUND(F6-H6,2)
2000-06-30	=SUMPRODUCT(zips!$B$2:$B$294*(INDEX(zips!$C$2:$LJ$294,0,5)>0)*(INDEX(zips!$C$2:$LJ$294,0,6)>0)*(INDEX(zips!$C$2:$LJ$294,0,6)/(INDEX(zips!$C$2:$LJ$294,0,5)+(INDEX(zips!$C$2:$LJ$294,0,5)=0))-1))/SUMPRODUCT(zips!$B$2:$B$294*(INDEX(zips!$C$2:$LJ$294,0,5)>0)*(INDEX(zips!$C$2:$LJ$294,0,6)>0))	=C6*(1+B7)	=100*C7/$C$242	126305.2246	=100*E7/$E$242	52.7772	50.5231	=ROUND(D7-G7,2)+ROUND(F7-H7,2)
2000-07-31	=SUMPRODUCT(zips!$B$2:$B$294*(INDEX(zips!$C$2:$LJ$294,0,6)>0)*(INDEX(zips!$C$2:$LJ$294,0,7)>0)*(INDEX(zips!$C$2:$LJ$294,0,7)/(INDEX(zips!$C$2:$LJ$294,0,6)+(INDEX(zips!$C$2:$LJ$294,0,6)=0))-1))/SUMPRODUCT(zips!$B$2:$B$294*(INDEX(zips!$C$2:$LJ$294,0,6)>0)*(INDEX(zips!$C$2:$LJ$294,0,7)>0))	=C7*(1+B8)	=100*C8/$C$242	127040.0157	=100*E8/$E$242	52.8632	50.817	=ROUND(D8-G8,2)+ROUND(F8-H8,2)
2000-08-31	=SUMPRODUCT(zips!$B$2:$B$294*(INDEX(zips!$C$2:$LJ$294,0,7)>0)*(INDEX(zips!$C$2:$LJ$294,0,8)>0)*(INDEX(zips!$C$2:$LJ$294,0,8)/(INDEX(zips!$C$2:$LJ$294,0,7)+(INDEX(zips!$C$2:$LJ$294,0,7)=0))-1))/SUMPRODUCT(zips!$B$2:$B$294*(INDEX(zips!$C$2:$LJ$294,0,7)>0)*(INDEX(zips!$C$2:$LJ$294,0,8)>0))	=C8*(1+B9)	=100*C9/$C$242	127834.3797	=100*E9/$E$242	52.9882	51.1348	=ROUND(D9-G9,2)+ROUND(F9-H9,2)
2000-09-30	=SUMPRODUCT(zips!$B$2:$B$294*(INDEX(zips!$C$2:$LJ$294,0,8)>0)*(INDEX(zips!$C$2:$LJ$294,0,9)>0)*(INDEX(zips!$C$2:$LJ$294,0,9)/(INDEX(zips!$C$2:$LJ$294,0,8)+(INDEX(zips!$C$2:$LJ$294,0,8)=0))-1))/SUMPRODUCT(zips!$B$2:$B$294*(INDEX(zips!$C$2:$LJ$294,0,8)>0)*(INDEX(zips!$C$2:$LJ$294,0,9)>0))	=C9*(1+B10)	=100*C10/$C$242	128661.7013	=100*E10/$E$242	53.1742	51.4657	=ROUND(D10-G10,2)+ROUND(F10-H10,2)
2000-10-31	=SUMPRODUCT(zips!$B$2:$B$294*(INDEX(zips!$C$2:$LJ$294,0,9)>0)*(INDEX(zips!$C$2:$LJ$294,0,10)>0)*(INDEX(zips!$C$2:$LJ$294,0,10)/(INDEX(zips!$C$2:$LJ$294,0,9)+(INDEX(zips!$C$2:$LJ$294,0,9)=0))-1))/SUMPRODUCT(zips!$B$2:$B$294*(INDEX(zips!$C$2:$LJ$294,0,9)>0)*(INDEX(zips!$C$2:$LJ$294,0,10)>0))	=C10*(1+B11)	=100*C11/$C$242	129493.5833	=100*E11/$E$242	53.3882	51.7985	=ROUND(D11-G11,2)+ROUND(F11-H11,2)
2000-11-30	=SUMPRODUCT(zips!$B$2:$B$294*(INDEX(zips!$C$2:$LJ$294,0,10)>0)*(INDEX(zips!$C$2:$LJ$294,0,11)>0)*(INDEX(zips!$C$2:$LJ$294,0,11)/(INDEX(zips!$C$2:$LJ$294,0,10)+(INDEX(zips!$C$2:$LJ$294,0,10)=0))-1))/SUMPRODUCT(zips!$B$2:$B$294*(INDEX(zips!$C$2:$LJ$294,0,10)>0)*(INDEX(zips!$C$2:$LJ$294,0,11)>0))	=C11*(1+B12)	=100*C12/$C$242	130322.7546	=100*E12/$E$242	53.6362	52.1302	=ROUND(D12-G12,2)+ROUND(F12-H12,2)
2000-12-31	=SUMPRODUCT(zips!$B$2:$B$294*(INDEX(zips!$C$2:$LJ$294,0,11)>0)*(INDEX(zips!$C$2:$LJ$294,0,12)>0)*(INDEX(zips!$C$2:$LJ$294,0,12)/(INDEX(zips!$C$2:$LJ$294,0,11)+(INDEX(zips!$C$2:$LJ$294,0,11)=0))-1))/SUMPRODUCT(zips!$B$2:$B$294*(INDEX(zips!$C$2:$LJ$294,0,11)>0)*(INDEX(zips!$C$2:$LJ$294,0,12)>0))	=C12*(1+B13)	=100*C13/$C$242	131152.3633	=100*E13/$E$242	53.9127	52.462	=ROUND(D13-G13,2)+ROUND(F13-H13,2)
2001-01-31	=SUMPRODUCT(zips!$B$2:$B$294*(INDEX(zips!$C$2:$LJ$294,0,12)>0)*(INDEX(zips!$C$2:$LJ$294,0,13)>0)*(INDEX(zips!$C$2:$LJ$294,0,13)/(INDEX(zips!$C$2:$LJ$294,0,12)+(INDEX(zips!$C$2:$LJ$294,0,12)=0))-1))/SUMPRODUCT(zips!$B$2:$B$294*(INDEX(zips!$C$2:$LJ$294,0,12)>0)*(INDEX(zips!$C$2:$LJ$294,0,13)>0))	=C13*(1+B14)	=100*C14/$C$242	131916.3056	=100*E14/$E$242	54.1836	52.7676	=ROUND(D14-G14,2)+ROUND(F14-H14,2)
2001-02-28	=SUMPRODUCT(zips!$B$2:$B$294*(INDEX(zips!$C$2:$LJ$294,0,13)>0)*(INDEX(zips!$C$2:$LJ$294,0,14)>0)*(INDEX(zips!$C$2:$LJ$294,0,14)/(INDEX(zips!$C$2:$LJ$294,0,13)+(INDEX(zips!$C$2:$LJ$294,0,13)=0))-1))/SUMPRODUCT(zips!$B$2:$B$294*(INDEX(zips!$C$2:$LJ$294,0,13)>0)*(INDEX(zips!$C$2:$LJ$294,0,14)>0))	=C14*(1+B15)	=100*C15/$C$242	132587.5817	=100*E15/$E$242	54.3859	53.0361	=ROUND(D15-G15,2)+ROUND(F15-H15,2)
2001-03-31	=SUMPRODUCT(zips!$B$2:$B$294*(INDEX(zips!$C$2:$LJ$294,0,14)>0)*(INDEX(zips!$C$2:$LJ$294,0,15)>0)*(INDEX(zips!$C$2:$LJ$294,0,15)/(INDEX(zips!$C$2:$LJ$294,0,14)+(INDEX(zips!$C$2:$LJ$294,0,14)=0))-1))/SUMPRODUCT(zips!$B$2:$B$294*(INDEX(zips!$C$2:$LJ$294,0,14)>0)*(INDEX(zips!$C$2:$LJ$294,0,15)>0))	=C15*(1+B16)	=100*C16/$C$242	133230.562	=100*E16/$E$242	54.5007	53.2933	=ROUND(D16-G16,2)+ROUND(F16-H16,2)
2001-04-30	=SUMPRODUCT(zips!$B$2:$B$294*(INDEX(zips!$C$2:$LJ$294,0,15)>0)*(INDEX(zips!$C$2:$LJ$294,0,16)>0)*(INDEX(zips!$C$2:$LJ$294,0,16)/(INDEX(zips!$C$2:$LJ$294,0,15)+(INDEX(zips!$C$2:$LJ$294,0,15)=0))-1))/SUMPRODUCT(zips!$B$2:$B$294*(INDEX(zips!$C$2:$LJ$294,0,15)>0)*(INDEX(zips!$C$2:$LJ$294,0,16)>0))	=C16*(1+B17)	=100*C17/$C$242	133920.3064	=100*E17/$E$242	54.5866	53.5692	=ROUND(D17-G17,2)+ROUND(F17-H17,2)
2001-05-31	=SUMPRODUCT(zips!$B$2:$B$294*(INDEX(zips!$C$2:$LJ$294,0,16)>0)*(INDEX(zips!$C$2:$LJ$294,0,17)>0)*(INDEX(zips!$C$2:$LJ$294,0,17)/(INDEX(zips!$C$2:$LJ$294,0,16)+(INDEX(zips!$C$2:$LJ$294,0,16)=0))-1))/SUMPRODUCT(zips!$B$2:$B$294*(INDEX(zips!$C$2:$LJ$294,0,16)>0)*(INDEX(zips!$C$2:$LJ$294,0,17)>0))	=C17*(1+B18)	=100*C18/$C$242	134666.8462	=100*E18/$E$242	54.7166	53.8678	=ROUND(D18-G18,2)+ROUND(F18-H18,2)
2001-06-30	=SUMPRODUCT(zips!$B$2:$B$294*(INDEX(zips!$C$2:$LJ$294,0,17)>0)*(INDEX(zips!$C$2:$LJ$294,0,18)>0)*(INDEX(zips!$C$2:$LJ$294,0,18)/(INDEX(zips!$C$2:$LJ$294,0,17)+(INDEX(zips!$C$2:$LJ$294,0,17)=0))-1))/SUMPRODUCT(zips!$B$2:$B$294*(INDEX(zips!$C$2:$LJ$294,0,17)>0)*(INDEX(zips!$C$2:$LJ$294,0,18)>0))	=C18*(1+B19)	=100*C19/$C$242	135436.0333	=100*E19/$E$242	54.8857	54.1755	=ROUND(D19-G19,2)+ROUND(F19-H19,2)
2001-07-31	=SUMPRODUCT(zips!$B$2:$B$294*(INDEX(zips!$C$2:$LJ$294,0,18)>0)*(INDEX(zips!$C$2:$LJ$294,0,19)>0)*(INDEX(zips!$C$2:$LJ$294,0,19)/(INDEX(zips!$C$2:$LJ$294,0,18)+(INDEX(zips!$C$2:$LJ$294,0,18)=0))-1))/SUMPRODUCT(zips!$B$2:$B$294*(INDEX(zips!$C$2:$LJ$294,0,18)>0)*(INDEX(zips!$C$2:$LJ$294,0,19)>0))	=C19*(1+B20)	=100*C20/$C$242	136228.4627	=100*E20/$E$242	55.0961	54.4925	=ROUND(D20-G20,2)+ROUND(F20-H20,2)
2001-08-31	=SUMPRODUCT(zips!$B$2:$B$294*(INDEX(zips!$C$2:$LJ$294,0,19)>0)*(INDEX(zips!$C$2:$LJ$294,0,20)>0)*(INDEX(zips!$C$2:$LJ$294,0,20)/(INDEX(zips!$C$2:$LJ$294,0,19)+(INDEX(zips!$C$2:$LJ$294,0,19)=0))-1))/SUMPRODUCT(zips!$B$2:$B$294*(INDEX(zips!$C$2:$LJ$294,0,19)>0)*(INDEX(zips!$C$2:$LJ$294,0,20)>0))	=C20*(1+B21)	=100*C21/$C$242	137056.7914	=100*E21/$E$242	55.3043	54.8238	=ROUND(D21-G21,2)+ROUND(F21-H21,2)
2001-09-30	=SUMPRODUCT(zips!$B$2:$B$294*(INDEX(zips!$C$2:$LJ$294,0,20)>0)*(INDEX(zips!$C$2:$LJ$294,0,21)>0)*(INDEX(zips!$C$2:$LJ$294,0,21)/(INDEX(zips!$C$2:$LJ$294,0,20)+(INDEX(zips!$C$2:$LJ$294,0,20)=0))-1))/SUMPRODUCT(zips!$B$2:$B$294*(INDEX(zips!$C$2:$LJ$294,0,20)>0)*(INDEX(zips!$C$2:$LJ$294,0,21)>0))	=C21*(1+B22)	=100*C22/$C$242	137891.814	=100*E22/$E$242	55.4955	55.1578	=ROUND(D22-G22,2)+ROUND(F22-H22,2)
2001-10-31	=SUMPRODUCT(zips!$B$2:$B$294*(INDEX(zips!$C$2:$LJ$294,0,21)>0)*(INDEX(zips!$C$2:$LJ$294,0,22)>0)*(INDEX(zips!$C$2:$LJ$294,0,22)/(INDEX(zips!$C$2:$LJ$294,0,21)+(INDEX(zips!$C$2:$LJ$294,0,21)=0))-1))/SUMPRODUCT(zips!$B$2:$B$294*(INDEX(zips!$C$2:$LJ$294,0,21)>0)*(INDEX(zips!$C$2:$LJ$294,0,22)>0))	=C22*(1+B23)	=100*C23/$C$242	138722.8574	=100*E23/$E$242	55.6614	55.4903	=ROUND(D23-G23,2)+ROUND(F23-H23,2)
2001-11-30	=SUMPRODUCT(zips!$B$2:$B$294*(INDEX(zips!$C$2:$LJ$294,0,22)>0)*(INDEX(zips!$C$2:$LJ$294,0,23)>0)*(INDEX(zips!$C$2:$LJ$294,0,23)/(INDEX(zips!$C$2:$LJ$294,0,22)+(INDEX(zips!$C$2:$LJ$294,0,22)=0))-1))/SUMPRODUCT(zips!$B$2:$B$294*(INDEX(zips!$C$2:$LJ$294,0,22)>0)*(INDEX(zips!$C$2:$LJ$294,0,23)>0))	=C23*(1+B24)	=100*C24/$C$242	139496.6976	=100*E24/$E$242	55.8076	55.7998	=ROUND(D24-G24,2)+ROUND(F24-H24,2)
2001-12-31	=SUMPRODUCT(zips!$B$2:$B$294*(INDEX(zips!$C$2:$LJ$294,0,23)>0)*(INDEX(zips!$C$2:$LJ$294,0,24)>0)*(INDEX(zips!$C$2:$LJ$294,0,24)/(INDEX(zips!$C$2:$LJ$294,0,23)+(INDEX(zips!$C$2:$LJ$294,0,23)=0))-1))/SUMPRODUCT(zips!$B$2:$B$294*(INDEX(zips!$C$2:$LJ$294,0,23)>0)*(INDEX(zips!$C$2:$LJ$294,0,24)>0))	=C24*(1+B25)	=100*C25/$C$242	140221.5596	=100*E25/$E$242	55.9195	56.0898	=ROUND(D25-G25,2)+ROUND(F25-H25,2)
2002-01-31	=SUMPRODUCT(zips!$B$2:$B$294*(INDEX(zips!$C$2:$LJ$294,0,24)>0)*(INDEX(zips!$C$2:$LJ$294,0,25)>0)*(INDEX(zips!$C$2:$LJ$294,0,25)/(INDEX(zips!$C$2:$LJ$294,0,24)+(INDEX(zips!$C$2:$LJ$294,0,24)=0))-1))/SUMPRODUCT(zips!$B$2:$B$294*(INDEX(zips!$C$2:$LJ$294,0,24)>0)*(INDEX(zips!$C$2:$LJ$294,0,25)>0))	=C25*(1+B26)	=100*C26/$C$242	140863.4514	=100*E26/$E$242	56.0092	56.3465	=ROUND(D26-G26,2)+ROUND(F26-H26,2)
2002-02-28	=SUMPRODUCT(zips!$B$2:$B$294*(INDEX(zips!$C$2:$LJ$294,0,25)>0)*(INDEX(zips!$C$2:$LJ$294,0,26)>0)*(INDEX(zips!$C$2:$LJ$294,0,26)/(INDEX(zips!$C$2:$LJ$294,0,25)+(INDEX(zips!$C$2:$LJ$294,0,25)=0))-1))/SUMPRODUCT(zips!$B$2:$B$294*(INDEX(zips!$C$2:$LJ$294,0,25)>0)*(INDEX(zips!$C$2:$LJ$294,0,26)>0))	=C26*(1+B27)	=100*C27/$C$242	141476.8132	=100*E27/$E$242	56.0964	56.5919	=ROUND(D27-G27,2)+ROUND(F27-H27,2)
2002-03-31	=SUMPRODUCT(zips!$B$2:$B$294*(INDEX(zips!$C$2:$LJ$294,0,26)>0)*(INDEX(zips!$C$2:$LJ$294,0,27)>0)*(INDEX(zips!$C$2:$LJ$294,0,27)/(INDEX(zips!$C$2:$LJ$294,0,26)+(INDEX(zips!$C$2:$LJ$294,0,26)=0))-1))/SUMPRODUCT(zips!$B$2:$B$294*(INDEX(zips!$C$2:$LJ$294,0,26)>0)*(INDEX(zips!$C$2:$LJ$294,0,27)>0))	=C27*(1+B28)	=100*C28/$C$242	142101.3124	=100*E28/$E$242	56.22	56.8417	=ROUND(D28-G28,2)+ROUND(F28-H28,2)
2002-04-30	=SUMPRODUCT(zips!$B$2:$B$294*(INDEX(zips!$C$2:$LJ$294,0,27)>0)*(INDEX(zips!$C$2:$LJ$294,0,28)>0)*(INDEX(zips!$C$2:$LJ$294,0,28)/(INDEX(zips!$C$2:$LJ$294,0,27)+(INDEX(zips!$C$2:$LJ$294,0,27)=0))-1))/SUMPRODUCT(zips!$B$2:$B$294*(INDEX(zips!$C$2:$LJ$294,0,27)>0)*(INDEX(zips!$C$2:$LJ$294,0,28)>0))	=C28*(1+B29)	=100*C29/$C$242	142777.7067	=100*E29/$E$242	56.3522	57.1122	=ROUND(D29-G29,2)+ROUND(F29-H29,2)
2002-05-31	=SUMPRODUCT(zips!$B$2:$B$294*(INDEX(zips!$C$2:$LJ$294,0,28)>0)*(INDEX(zips!$C$2:$LJ$294,0,29)>0)*(INDEX(zips!$C$2:$LJ$294,0,29)/(INDEX(zips!$C$2:$LJ$294,0,28)+(INDEX(zips!$C$2:$LJ$294,0,28)=0))-1))/SUMPRODUCT(zips!$B$2:$B$294*(INDEX(zips!$C$2:$LJ$294,0,28)>0)*(INDEX(zips!$C$2:$LJ$294,0,29)>0))	=C29*(1+B30)	=100*C30/$C$242	143525.1456	=100*E30/$E$242	56.5042	57.4112	=ROUND(D30-G30,2)+ROUND(F30-H30,2)
2002-06-30	=SUMPRODUCT(zips!$B$2:$B$294*(INDEX(zips!$C$2:$LJ$294,0,29)>0)*(INDEX(zips!$C$2:$LJ$294,0,30)>0)*(INDEX(zips!$C$2:$LJ$294,0,30)/(INDEX(zips!$C$2:$LJ$294,0,29)+(INDEX(zips!$C$2:$LJ$294,0,29)=0))-1))/SUMPRODUCT(zips!$B$2:$B$294*(INDEX(zips!$C$2:$LJ$294,0,29)>0)*(INDEX(zips!$C$2:$LJ$294,0,30)>0))	=C30*(1+B31)	=100*C31/$C$242	144336.6184	=100*E31/$E$242	56.6768	57.7358	=ROUND(D31-G31,2)+ROUND(F31-H31,2)
2002-07-31	=SUMPRODUCT(zips!$B$2:$B$294*(INDEX(zips!$C$2:$LJ$294,0,30)>0)*(INDEX(zips!$C$2:$LJ$294,0,31)>0)*(INDEX(zips!$C$2:$LJ$294,0,31)/(INDEX(zips!$C$2:$LJ$294,0,30)+(INDEX(zips!$C$2:$LJ$294,0,30)=0))-1))/SUMPRODUCT(zips!$B$2:$B$294*(INDEX(zips!$C$2:$LJ$294,0,30)>0)*(INDEX(zips!$C$2:$LJ$294,0,31)>0))	=C31*(1+B32)	=100*C32/$C$242	145227.3894	=100*E32/$E$242	56.8767	58.0921	=ROUND(D32-G32,2)+ROUND(F32-H32,2)
2002-08-31	=SUMPRODUCT(zips!$B$2:$B$294*(INDEX(zips!$C$2:$LJ$294,0,31)>0)*(INDEX(zips!$C$2:$LJ$294,0,32)>0)*(INDEX(zips!$C$2:$LJ$294,0,32)/(INDEX(zips!$C$2:$LJ$294,0,31)+(INDEX(zips!$C$2:$LJ$294,0,31)=0))-1))/SUMPRODUCT(zips!$B$2:$B$294*(INDEX(zips!$C$2:$LJ$294,0,31)>0)*(INDEX(zips!$C$2:$LJ$294,0,32)>0))	=C32*(1+B33)	=100*C33/$C$242	146178.8944	=100*E33/$E$242	57.0938	58.4727	=ROUND(D33-G33,2)+ROUND(F33-H33,2)
2002-09-30	=SUMPRODUCT(zips!$B$2:$B$294*(INDEX(zips!$C$2:$LJ$294,0,32)>0)*(INDEX(zips!$C$2:$LJ$294,0,33)>0)*(INDEX(zips!$C$2:$LJ$294,0,33)/(INDEX(zips!$C$2:$LJ$294,0,32)+(INDEX(zips!$C$2:$LJ$294,0,32)=0))-1))/SUMPRODUCT(zips!$B$2:$B$294*(INDEX(zips!$C$2:$LJ$294,0,32)>0)*(INDEX(zips!$C$2:$LJ$294,0,33)>0))	=C33*(1+B34)	=100*C34/$C$242	147142.1196	=100*E34/$E$242	57.3035	58.858	=ROUND(D34-G34,2)+ROUND(F34-H34,2)
2002-10-31	=SUMPRODUCT(zips!$B$2:$B$294*(INDEX(zips!$C$2:$LJ$294,0,33)>0)*(INDEX(zips!$C$2:$LJ$294,0,34)>0)*(INDEX(zips!$C$2:$LJ$294,0,34)/(INDEX(zips!$C$2:$LJ$294,0,33)+(INDEX(zips!$C$2:$LJ$294,0,33)=0))-1))/SUMPRODUCT(zips!$B$2:$B$294*(INDEX(zips!$C$2:$LJ$294,0,33)>0)*(INDEX(zips!$C$2:$LJ$294,0,34)>0))	=C34*(1+B35)	=100*C35/$C$242	148105.4768	=100*E35/$E$242	57.5298	59.2434	=ROUND(D35-G35,2)+ROUND(F35-H35,2)
2002-11-30	=SUMPRODUCT(zips!$B$2:$B$294*(INDEX(zips!$C$2:$LJ$294,0,34)>0)*(INDEX(zips!$C$2:$LJ$294,0,35)>0)*(INDEX(zips!$C$2:$LJ$294,0,35)/(INDEX(zips!$C$2:$LJ$294,0,34)+(INDEX(zips!$C$2:$LJ$294,0,34)=0))-1))/SUMPRODUCT(zips!$B$2:$B$294*(INDEX(zips!$C$2:$LJ$294,0,34)>0)*(INDEX(zips!$C$2:$LJ$294,0,35)>0))	=C35*(1+B36)	=100*C36/$C$242	149022.4163	=100*E36/$E$242	57.7386	59.6102	=ROUND(D36-G36,2)+ROUND(F36-H36,2)
2002-12-31	=SUMPRODUCT(zips!$B$2:$B$294*(INDEX(zips!$C$2:$LJ$294,0,35)>0)*(INDEX(zips!$C$2:$LJ$294,0,36)>0)*(INDEX(zips!$C$2:$LJ$294,0,36)/(INDEX(zips!$C$2:$LJ$294,0,35)+(INDEX(zips!$C$2:$LJ$294,0,35)=0))-1))/SUMPRODUCT(zips!$B$2:$B$294*(INDEX(zips!$C$2:$LJ$294,0,35)>0)*(INDEX(zips!$C$2:$LJ$294,0,36)>0))	=C36*(1+B37)	=100*C37/$C$242	149913.9479	=100*E37/$E$242	57.9472	59.9668	=ROUND(D37-G37,2)+ROUND(F37-H37,2)
2003-01-31	=SUMPRODUCT(zips!$B$2:$B$294*(INDEX(zips!$C$2:$LJ$294,0,36)>0)*(INDEX(zips!$C$2:$LJ$294,0,37)>0)*(INDEX(zips!$C$2:$LJ$294,0,37)/(INDEX(zips!$C$2:$LJ$294,0,36)+(INDEX(zips!$C$2:$LJ$294,0,36)=0))-1))/SUMPRODUCT(zips!$B$2:$B$294*(INDEX(zips!$C$2:$LJ$294,0,36)>0)*(INDEX(zips!$C$2:$LJ$294,0,37)>0))	=C37*(1+B38)	=100*C38/$C$242	150719.3886	=100*E38/$E$242	58.1127	60.289	=ROUND(D38-G38,2)+ROUND(F38-H38,2)
2003-02-28	=SUMPRODUCT(zips!$B$2:$B$294*(INDEX(zips!$C$2:$LJ$294,0,37)>0)*(INDEX(zips!$C$2:$LJ$294,0,38)>0)*(INDEX(zips!$C$2:$LJ$294,0,38)/(INDEX(zips!$C$2:$LJ$294,0,37)+(INDEX(zips!$C$2:$LJ$294,0,37)=0))-1))/SUMPRODUCT(zips!$B$2:$B$294*(INDEX(zips!$C$2:$LJ$294,0,37)>0)*(INDEX(zips!$C$2:$LJ$294,0,38)>0))	=C38*(1+B39)	=100*C39/$C$242	151488.0546	=100*E39/$E$242	58.2507	60.5964	=ROUND(D39-G39,2)+ROUND(F39-H39,2)
2003-03-31	=SUMPRODUCT(zips!$B$2:$B$294*(INDEX(zips!$C$2:$LJ$294,0,38)>0)*(INDEX(zips!$C$2:$LJ$294,0,39)>0)*(INDEX(zips!$C$2:$LJ$294,0,39)/(INDEX(zips!$C$2:$LJ$294,0,38)+(INDEX(zips!$C$2:$LJ$294,0,38)=0))-1))/SUMPRODUCT(zips!$B$2:$B$294*(INDEX(zips!$C$2:$LJ$294,0,38)>0)*(INDEX(zips!$C$2:$LJ$294,0,39)>0))	=C39*(1+B40)	=100*C40/$C$242	152253.4472	=100*E40/$E$242	58.3851	60.9026	=ROUND(D40-G40,2)+ROUND(F40-H40,2)
2003-04-30	=SUMPRODUCT(zips!$B$2:$B$294*(INDEX(zips!$C$2:$LJ$294,0,39)>0)*(INDEX(zips!$C$2:$LJ$294,0,40)>0)*(INDEX(zips!$C$2:$LJ$294,0,40)/(INDEX(zips!$C$2:$LJ$294,0,39)+(INDEX(zips!$C$2:$LJ$294,0,39)=0))-1))/SUMPRODUCT(zips!$B$2:$B$294*(INDEX(zips!$C$2:$LJ$294,0,39)>0)*(INDEX(zips!$C$2:$LJ$294,0,40)>0))	=C40*(1+B41)	=100*C41/$C$242	153087.0402	=100*E41/$E$242	58.5748	61.2361	=ROUND(D41-G41,2)+ROUND(F41-H41,2)
2003-05-31	=SUMPRODUCT(zips!$B$2:$B$294*(INDEX(zips!$C$2:$LJ$294,0,40)>0)*(INDEX(zips!$C$2:$LJ$294,0,41)>0)*(INDEX(zips!$C$2:$LJ$294,0,41)/(INDEX(zips!$C$2:$LJ$294,0,40)+(INDEX(zips!$C$2:$LJ$294,0,40)=0))-1))/SUMPRODUCT(zips!$B$2:$B$294*(INDEX(zips!$C$2:$LJ$294,0,40)>0)*(INDEX(zips!$C$2:$LJ$294,0,41)>0))	=C41*(1+B42)	=100*C42/$C$242	154007.6147	=100*E42/$E$242	58.8627	61.6043	=ROUND(D42-G42,2)+ROUND(F42-H42,2)
2003-06-30	=SUMPRODUCT(zips!$B$2:$B$294*(INDEX(zips!$C$2:$LJ$294,0,41)>0)*(INDEX(zips!$C$2:$LJ$294,0,42)>0)*(INDEX(zips!$C$2:$LJ$294,0,42)/(INDEX(zips!$C$2:$LJ$294,0,41)+(INDEX(zips!$C$2:$LJ$294,0,41)=0))-1))/SUMPRODUCT(zips!$B$2:$B$294*(INDEX(zips!$C$2:$LJ$294,0,41)>0)*(INDEX(zips!$C$2:$LJ$294,0,42)>0))	=C42*(1+B43)	=100*C43/$C$242	154968.7153	=100*E43/$E$242	59.2156	61.9887	=ROUND(D43-G43,2)+ROUND(F43-H43,2)
2003-07-31	=SUMPRODUCT(zips!$B$2:$B$294*(INDEX(zips!$C$2:$LJ$294,0,42)>0)*(INDEX(zips!$C$2:$LJ$294,0,43)>0)*(INDEX(zips!$C$2:$LJ$294,0,43)/(INDEX(zips!$C$2:$LJ$294,0,42)+(INDEX(zips!$C$2:$LJ$294,0,42)=0))-1))/SUMPRODUCT(zips!$B$2:$B$294*(INDEX(zips!$C$2:$LJ$294,0,42)>0)*(INDEX(zips!$C$2:$LJ$294,0,43)>0))	=C43*(1+B44)	=100*C44/$C$242	155983.0553	=100*E44/$E$242	59.5412	62.3945	=ROUND(D44-G44,2)+ROUND(F44-H44,2)
2003-08-31	=SUMPRODUCT(zips!$B$2:$B$294*(INDEX(zips!$C$2:$LJ$294,0,43)>0)*(INDEX(zips!$C$2:$LJ$294,0,44)>0)*(INDEX(zips!$C$2:$LJ$294,0,44)/(INDEX(zips!$C$2:$LJ$294,0,43)+(INDEX(zips!$C$2:$LJ$294,0,43)=0))-1))/SUMPRODUCT(zips!$B$2:$B$294*(INDEX(zips!$C$2:$LJ$294,0,43)>0)*(INDEX(zips!$C$2:$LJ$294,0,44)>0))	=C44*(1+B45)	=100*C45/$C$242	157065.654	=100*E45/$E$242	59.8564	62.8275	=ROUND(D45-G45,2)+ROUND(F45-H45,2)
2003-09-30	=SUMPRODUCT(zips!$B$2:$B$294*(INDEX(zips!$C$2:$LJ$294,0,44)>0)*(INDEX(zips!$C$2:$LJ$294,0,45)>0)*(INDEX(zips!$C$2:$LJ$294,0,45)/(INDEX(zips!$C$2:$LJ$294,0,44)+(INDEX(zips!$C$2:$LJ$294,0,44)=0))-1))/SUMPRODUCT(zips!$B$2:$B$294*(INDEX(zips!$C$2:$LJ$294,0,44)>0)*(INDEX(zips!$C$2:$LJ$294,0,45)>0))	=C45*(1+B46)	=100*C46/$C$242	158213.4054	=100*E46/$E$242	60.1233	63.2866	=ROUND(D46-G46,2)+ROUND(F46-H46,2)
2003-10-31	=SUMPRODUCT(zips!$B$2:$B$294*(INDEX(zips!$C$2:$LJ$294,0,45)>0)*(INDEX(zips!$C$2:$LJ$294,0,46)>0)*(INDEX(zips!$C$2:$LJ$294,0,46)/(INDEX(zips!$C$2:$LJ$294,0,45)+(INDEX(zips!$C$2:$LJ$294,0,45)=0))-1))/SUMPRODUCT(zips!$B$2:$B$294*(INDEX(zips!$C$2:$LJ$294,0,45)>0)*(INDEX(zips!$C$2:$LJ$294,0,46)>0))	=C46*(1+B47)	=100*C47/$C$242	159373.9589	=100*E47/$E$242	60.3923	63.7509	=ROUND(D47-G47,2)+ROUND(F47-H47,2)
2003-11-30	=SUMPRODUCT(zips!$B$2:$B$294*(INDEX(zips!$C$2:$LJ$294,0,46)>0)*(INDEX(zips!$C$2:$LJ$294,0,47)>0)*(INDEX(zips!$C$2:$LJ$294,0,47)/(INDEX(zips!$C$2:$LJ$294,0,46)+(INDEX(zips!$C$2:$LJ$294,0,46)=0))-1))/SUMPRODUCT(zips!$B$2:$B$294*(INDEX(zips!$C$2:$LJ$294,0,46)>0)*(INDEX(zips!$C$2:$LJ$294,0,47)>0))	=C47*(1+B48)	=100*C48/$C$242	160448.3974	=100*E48/$E$242	60.6087	64.1807	=ROUND(D48-G48,2)+ROUND(F48-H48,2)
2003-12-31	=SUMPRODUCT(zips!$B$2:$B$294*(INDEX(zips!$C$2:$LJ$294,0,47)>0)*(INDEX(zips!$C$2:$LJ$294,0,48)>0)*(INDEX(zips!$C$2:$LJ$294,0,48)/(INDEX(zips!$C$2:$LJ$294,0,47)+(INDEX(zips!$C$2:$LJ$294,0,47)=0))-1))/SUMPRODUCT(zips!$B$2:$B$294*(INDEX(zips!$C$2:$LJ$294,0,47)>0)*(INDEX(zips!$C$2:$LJ$294,0,48)>0))	=C48*(1+B49)	=100*C49/$C$242	161456.8405	=100*E49/$E$242	60.8256	64.584	=ROUND(D49-G49,2)+ROUND(F49-H49,2)
2004-01-31	=SUMPRODUCT(zips!$B$2:$B$294*(INDEX(zips!$C$2:$LJ$294,0,48)>0)*(INDEX(zips!$C$2:$LJ$294,0,49)>0)*(INDEX(zips!$C$2:$LJ$294,0,49)/(INDEX(zips!$C$2:$LJ$294,0,48)+(INDEX(zips!$C$2:$LJ$294,0,48)=0))-1))/SUMPRODUCT(zips!$B$2:$B$294*(INDEX(zips!$C$2:$LJ$294,0,48)>0)*(INDEX(zips!$C$2:$LJ$294,0,49)>0))	=C49*(1+B50)	=100*C50/$C$242	162416.2892	=100*E50/$E$242	61.0509	64.9678	=ROUND(D50-G50,2)+ROUND(F50-H50,2)
2004-02-29	=SUMPRODUCT(zips!$B$2:$B$294*(INDEX(zips!$C$2:$LJ$294,0,49)>0)*(INDEX(zips!$C$2:$LJ$294,0,50)>0)*(INDEX(zips!$C$2:$LJ$294,0,50)/(INDEX(zips!$C$2:$LJ$294,0,49)+(INDEX(zips!$C$2:$LJ$294,0,49)=0))-1))/SUMPRODUCT(zips!$B$2:$B$294*(INDEX(zips!$C$2:$LJ$294,0,49)>0)*(INDEX(zips!$C$2:$LJ$294,0,50)>0))	=C50*(1+B51)	=100*C51/$C$242	163443.2857	=100*E51/$E$242	61.366	65.3786	=ROUND(D51-G51,2)+ROUND(F51-H51,2)
2004-03-31	=SUMPRODUCT(zips!$B$2:$B$294*(INDEX(zips!$C$2:$LJ$294,0,50)>0)*(INDEX(zips!$C$2:$LJ$294,0,51)>0)*(INDEX(zips!$C$2:$LJ$294,0,51)/(INDEX(zips!$C$2:$LJ$294,0,50)+(INDEX(zips!$C$2:$LJ$294,0,50)=0))-1))/SUMPRODUCT(zips!$B$2:$B$294*(INDEX(zips!$C$2:$LJ$294,0,50)>0)*(INDEX(zips!$C$2:$LJ$294,0,51)>0))	=C51*(1+B52)	=100*C52/$C$242	164577.2981	=100*E52/$E$242	61.6716	65.8322	=ROUND(D52-G52,2)+ROUND(F52-H52,2)
2004-04-30	=SUMPRODUCT(zips!$B$2:$B$294*(INDEX(zips!$C$2:$LJ$294,0,51)>0)*(INDEX(zips!$C$2:$LJ$294,0,52)>0)*(INDEX(zips!$C$2:$LJ$294,0,52)/(INDEX(zips!$C$2:$LJ$294,0,51)+(INDEX(zips!$C$2:$LJ$294,0,51)=0))-1))/SUMPRODUCT(zips!$B$2:$B$294*(INDEX(zips!$C$2:$LJ$294,0,51)>0)*(INDEX(zips!$C$2:$LJ$294,0,52)>0))	=C52*(1+B53)	=100*C53/$C$242	165843.3305	=100*E53/$E$242	62.0122	66.3387	=ROUND(D53-G53,2)+ROUND(F53-H53,2)
2004-05-31	=SUMPRODUCT(zips!$B$2:$B$294*(INDEX(zips!$C$2:$LJ$294,0,52)>0)*(INDEX(zips!$C$2:$LJ$294,0,53)>0)*(INDEX(zips!$C$2:$LJ$294,0,53)/(INDEX(zips!$C$2:$LJ$294,0,52)+(INDEX(zips!$C$2:$LJ$294,0,52)=0))-1))/SUMPRODUCT(zips!$B$2:$B$294*(INDEX(zips!$C$2:$LJ$294,0,52)>0)*(INDEX(zips!$C$2:$LJ$294,0,53)>0))	=C53*(1+B54)	=100*C54/$C$242	167267.8984	=100*E54/$E$242	62.3124	66.9085	=ROUND(D54-G54,2)+ROUND(F54-H54,2)
2004-06-30	=SUMPRODUCT(zips!$B$2:$B$294*(INDEX(zips!$C$2:$LJ$294,0,53)>0)*(INDEX(zips!$C$2:$LJ$294,0,54)>0)*(INDEX(zips!$C$2:$LJ$294,0,54)/(INDEX(zips!$C$2:$LJ$294,0,53)+(INDEX(zips!$C$2:$LJ$294,0,53)=0))-1))/SUMPRODUCT(zips!$B$2:$B$294*(INDEX(zips!$C$2:$LJ$294,0,53)>0)*(INDEX(zips!$C$2:$LJ$294,0,54)>0))	=C54*(1+B55)	=100*C55/$C$242	168816.6194	=100*E55/$E$242	62.658	67.528	=ROUND(D55-G55,2)+ROUND(F55-H55,2)
2004-07-31	=SUMPRODUCT(zips!$B$2:$B$294*(INDEX(zips!$C$2:$LJ$294,0,54)>0)*(INDEX(zips!$C$2:$LJ$294,0,55)>0)*(INDEX(zips!$C$2:$LJ$294,0,55)/(INDEX(zips!$C$2:$LJ$294,0,54)+(INDEX(zips!$C$2:$LJ$294,0,54)=0))-1))/SUMPRODUCT(zips!$B$2:$B$294*(INDEX(zips!$C$2:$LJ$294,0,54)>0)*(INDEX(zips!$C$2:$LJ$294,0,55)>0))	=C55*(1+B56)	=100*C56/$C$242	170489.1522	=100*E56/$E$242	63.0815	68.197	=ROUND(D56-G56,2)+ROUND(F56-H56,2)
2004-08-31	=SUMPRODUCT(zips!$B$2:$B$294*(INDEX(zips!$C$2:$LJ$294,0,55)>0)*(INDEX(zips!$C$2:$LJ$294,0,56)>0)*(INDEX(zips!$C$2:$LJ$294,0,56)/(INDEX(zips!$C$2:$LJ$294,0,55)+(INDEX(zips!$C$2:$LJ$294,0,55)=0))-1))/SUMPRODUCT(zips!$B$2:$B$294*(INDEX(zips!$C$2:$LJ$294,0,55)>0)*(INDEX(zips!$C$2:$LJ$294,0,56)>0))	=C56*(1+B57)	=100*C57/$C$242	172184.5554	=100*E57/$E$242	63.5066	68.8752	=ROUND(D57-G57,2)+ROUND(F57-H57,2)
2004-09-30	=SUMPRODUCT(zips!$B$2:$B$294*(INDEX(zips!$C$2:$LJ$294,0,56)>0)*(INDEX(zips!$C$2:$LJ$294,0,57)>0)*(INDEX(zips!$C$2:$LJ$294,0,57)/(INDEX(zips!$C$2:$LJ$294,0,56)+(INDEX(zips!$C$2:$LJ$294,0,56)=0))-1))/SUMPRODUCT(zips!$B$2:$B$294*(INDEX(zips!$C$2:$LJ$294,0,56)>0)*(INDEX(zips!$C$2:$LJ$294,0,57)>0))	=C57*(1+B58)	=100*C58/$C$242	173857.1062	=100*E58/$E$242	63.9838	69.5442	=ROUND(D58-G58,2)+ROUND(F58-H58,2)
2004-10-31	=SUMPRODUCT(zips!$B$2:$B$294*(INDEX(zips!$C$2:$LJ$294,0,57)>0)*(INDEX(zips!$C$2:$LJ$294,0,58)>0)*(INDEX(zips!$C$2:$LJ$294,0,58)/(INDEX(zips!$C$2:$LJ$294,0,57)+(INDEX(zips!$C$2:$LJ$294,0,57)=0))-1))/SUMPRODUCT(zips!$B$2:$B$294*(INDEX(zips!$C$2:$LJ$294,0,57)>0)*(INDEX(zips!$C$2:$LJ$294,0,58)>0))	=C58*(1+B59)	=100*C59/$C$242	175458.4316	=100*E59/$E$242	64.4113	70.1848	=ROUND(D59-G59,2)+ROUND(F59-H59,2)
2004-11-30	=SUMPRODUCT(zips!$B$2:$B$294*(INDEX(zips!$C$2:$LJ$294,0,58)>0)*(INDEX(zips!$C$2:$LJ$294,0,59)>0)*(INDEX(zips!$C$2:$LJ$294,0,59)/(INDEX(zips!$C$2:$LJ$294,0,58)+(INDEX(zips!$C$2:$LJ$294,0,58)=0))-1))/SUMPRODUCT(zips!$B$2:$B$294*(INDEX(zips!$C$2:$LJ$294,0,58)>0)*(INDEX(zips!$C$2:$LJ$294,0,59)>0))	=C59*(1+B60)	=100*C60/$C$242	176964.2104	=100*E60/$E$242	64.8222	70.7871	=ROUND(D60-G60,2)+ROUND(F60-H60,2)
2004-12-31	=SUMPRODUCT(zips!$B$2:$B$294*(INDEX(zips!$C$2:$LJ$294,0,59)>0)*(INDEX(zips!$C$2:$LJ$294,0,60)>0)*(INDEX(zips!$C$2:$LJ$294,0,60)/(INDEX(zips!$C$2:$LJ$294,0,59)+(INDEX(zips!$C$2:$LJ$294,0,59)=0))-1))/SUMPRODUCT(zips!$B$2:$B$294*(INDEX(zips!$C$2:$LJ$294,0,59)>0)*(INDEX(zips!$C$2:$LJ$294,0,60)>0))	=C60*(1+B61)	=100*C61/$C$242	178446.2282	=100*E61/$E$242	65.2256	71.3799	=ROUND(D61-G61,2)+ROUND(F61-H61,2)
2005-01-31	=SUMPRODUCT(zips!$B$2:$B$294*(INDEX(zips!$C$2:$LJ$294,0,60)>0)*(INDEX(zips!$C$2:$LJ$294,0,61)>0)*(INDEX(zips!$C$2:$LJ$294,0,61)/(INDEX(zips!$C$2:$LJ$294,0,60)+(INDEX(zips!$C$2:$LJ$294,0,60)=0))-1))/SUMPRODUCT(zips!$B$2:$B$294*(INDEX(zips!$C$2:$LJ$294,0,60)>0)*(INDEX(zips!$C$2:$LJ$294,0,61)>0))	=C61*(1+B62)	=100*C62/$C$242	179880.8263	=100*E62/$E$242	65.645	71.9538	=ROUND(D62-G62,2)+ROUND(F62-H62,2)
2005-02-28	=SUMPRODUCT(zips!$B$2:$B$294*(INDEX(zips!$C$2:$LJ$294,0,61)>0)*(INDEX(zips!$C$2:$LJ$294,0,62)>0)*(INDEX(zips!$C$2:$LJ$294,0,62)/(INDEX(zips!$C$2:$LJ$294,0,61)+(INDEX(zips!$C$2:$LJ$294,0,61)=0))-1))/SUMPRODUCT(zips!$B$2:$B$294*(INDEX(zips!$C$2:$LJ$294,0,61)>0)*(INDEX(zips!$C$2:$LJ$294,0,62)>0))	=C62*(1+B63)	=100*C63/$C$242	181338.7148	=100*E63/$E$242	66.1188	72.5369	=ROUND(D63-G63,2)+ROUND(F63-H63,2)
2005-03-31	=SUMPRODUCT(zips!$B$2:$B$294*(INDEX(zips!$C$2:$LJ$294,0,62)>0)*(INDEX(zips!$C$2:$LJ$294,0,63)>0)*(INDEX(zips!$C$2:$LJ$294,0,63)/(INDEX(zips!$C$2:$LJ$294,0,62)+(INDEX(zips!$C$2:$LJ$294,0,62)=0))-1))/SUMPRODUCT(zips!$B$2:$B$294*(INDEX(zips!$C$2:$LJ$294,0,62)>0)*(INDEX(zips!$C$2:$LJ$294,0,63)>0))	=C63*(1+B64)	=100*C64/$C$242	182836.884	=100*E64/$E$242	66.6201	73.1362	=ROUND(D64-G64,2)+ROUND(F64-H64,2)
2005-04-30	=SUMPRODUCT(zips!$B$2:$B$294*(INDEX(zips!$C$2:$LJ$294,0,63)>0)*(INDEX(zips!$C$2:$LJ$294,0,64)>0)*(INDEX(zips!$C$2:$LJ$294,0,64)/(INDEX(zips!$C$2:$LJ$294,0,63)+(INDEX(zips!$C$2:$LJ$294,0,63)=0))-1))/SUMPRODUCT(zips!$B$2:$B$294*(INDEX(zips!$C$2:$LJ$294,0,63)>0)*(INDEX(zips!$C$2:$LJ$294,0,64)>0))	=C64*(1+B65)	=100*C65/$C$242	184520.5277	=100*E65/$E$242	67.1849	73.8097	=ROUND(D65-G65,2)+ROUND(F65-H65,2)
2005-05-31	=SUMPRODUCT(zips!$B$2:$B$294*(INDEX(zips!$C$2:$LJ$294,0,64)>0)*(INDEX(zips!$C$2:$LJ$294,0,65)>0)*(INDEX(zips!$C$2:$LJ$294,0,65)/(INDEX(zips!$C$2:$LJ$294,0,64)+(INDEX(zips!$C$2:$LJ$294,0,64)=0))-1))/SUMPRODUCT(zips!$B$2:$B$294*(INDEX(zips!$C$2:$LJ$294,0,64)>0)*(INDEX(zips!$C$2:$LJ$294,0,65)>0))	=C65*(1+B66)	=100*C66/$C$242	186308.1017	=100*E66/$E$242	67.7823	74.5247	=ROUND(D66-G66,2)+ROUND(F66-H66,2)
2005-06-30	=SUMPRODUCT(zips!$B$2:$B$294*(INDEX(zips!$C$2:$LJ$294,0,65)>0)*(INDEX(zips!$C$2:$LJ$294,0,66)>0)*(INDEX(zips!$C$2:$LJ$294,0,66)/(INDEX(zips!$C$2:$LJ$294,0,65)+(INDEX(zips!$C$2:$LJ$294,0,65)=0))-1))/SUMPRODUCT(zips!$B$2:$B$294*(INDEX(zips!$C$2:$LJ$294,0,65)>0)*(INDEX(zips!$C$2:$LJ$294,0,66)>0))	=C66*(1+B67)	=100*C67/$C$242	188185.522	=100*E67/$E$242	68.3836	75.2757	=ROUND(D67-G67,2)+ROUND(F67-H67,2)
2005-07-31	=SUMPRODUCT(zips!$B$2:$B$294*(INDEX(zips!$C$2:$LJ$294,0,66)>0)*(INDEX(zips!$C$2:$LJ$294,0,67)>0)*(INDEX(zips!$C$2:$LJ$294,0,67)/(INDEX(zips!$C$2:$LJ$294,0,66)+(INDEX(zips!$C$2:$LJ$294,0,66)=0))-1))/SUMPRODUCT(zips!$B$2:$B$294*(INDEX(zips!$C$2:$LJ$294,0,66)>0)*(INDEX(zips!$C$2:$LJ$294,0,67)>0))	=C67*(1+B68)	=100*C68/$C$242	190075.6291	=100*E68/$E$242	68.9941	76.0318	=ROUND(D68-G68,2)+ROUND(F68-H68,2)
2005-08-31	=SUMPRODUCT(zips!$B$2:$B$294*(INDEX(zips!$C$2:$LJ$294,0,67)>0)*(INDEX(zips!$C$2:$LJ$294,0,68)>0)*(INDEX(zips!$C$2:$LJ$294,0,68)/(INDEX(zips!$C$2:$LJ$294,0,67)+(INDEX(zips!$C$2:$LJ$294,0,67)=0))-1))/SUMPRODUCT(zips!$B$2:$B$294*(INDEX(zips!$C$2:$LJ$294,0,67)>0)*(INDEX(zips!$C$2:$LJ$294,0,68)>0))	=C68*(1+B69)	=100*C69/$C$242	191987.2941	=100*E69/$E$242	69.6066	76.7965	=ROUND(D69-G69,2)+ROUND(F69-H69,2)
2005-09-30	=SUMPRODUCT(zips!$B$2:$B$294*(INDEX(zips!$C$2:$LJ$294,0,68)>0)*(INDEX(zips!$C$2:$LJ$294,0,69)>0)*(INDEX(zips!$C$2:$LJ$294,0,69)/(INDEX(zips!$C$2:$LJ$294,0,68)+(INDEX(zips!$C$2:$LJ$294,0,68)=0))-1))/SUMPRODUCT(zips!$B$2:$B$294*(INDEX(zips!$C$2:$LJ$294,0,68)>0)*(INDEX(zips!$C$2:$LJ$294,0,69)>0))	=C69*(1+B70)	=100*C70/$C$242	193866.2739	=100*E70/$E$242	70.2076	77.5481	=ROUND(D70-G70,2)+ROUND(F70-H70,2)
2005-10-31	=SUMPRODUCT(zips!$B$2:$B$294*(INDEX(zips!$C$2:$LJ$294,0,69)>0)*(INDEX(zips!$C$2:$LJ$294,0,70)>0)*(INDEX(zips!$C$2:$LJ$294,0,70)/(INDEX(zips!$C$2:$LJ$294,0,69)+(INDEX(zips!$C$2:$LJ$294,0,69)=0))-1))/SUMPRODUCT(zips!$B$2:$B$294*(INDEX(zips!$C$2:$LJ$294,0,69)>0)*(INDEX(zips!$C$2:$LJ$294,0,70)>0))	=C70*(1+B71)	=100*C71/$C$242	195648.4215	=100*E71/$E$242	70.8053	78.2609	=ROUND(D71-G71,2)+ROUND(F71-H71,2)
2005-11-30	=SUMPRODUCT(zips!$B$2:$B$294*(INDEX(zips!$C$2:$LJ$294,0,70)>0)*(INDEX(zips!$C$2:$LJ$294,0,71)>0)*(INDEX(zips!$C$2:$LJ$294,0,71)/(INDEX(zips!$C$2:$LJ$294,0,70)+(INDEX(zips!$C$2:$LJ$294,0,70)=0))-1))/SUMPRODUCT(zips!$B$2:$B$294*(INDEX(zips!$C$2:$LJ$294,0,70)>0)*(INDEX(zips!$C$2:$LJ$294,0,71)>0))	=C71*(1+B72)	=100*C72/$C$242	197282.1509	=100*E72/$E$242	71.3698	78.9145	=ROUND(D72-G72,2)+ROUND(F72-H72,2)
2005-12-31	=SUMPRODUCT(zips!$B$2:$B$294*(INDEX(zips!$C$2:$LJ$294,0,71)>0)*(INDEX(zips!$C$2:$LJ$294,0,72)>0)*(INDEX(zips!$C$2:$LJ$294,0,72)/(INDEX(zips!$C$2:$LJ$294,0,71)+(INDEX(zips!$C$2:$LJ$294,0,71)=0))-1))/SUMPRODUCT(zips!$B$2:$B$294*(INDEX(zips!$C$2:$LJ$294,0,71)>0)*(INDEX(zips!$C$2:$LJ$294,0,72)>0))	=C72*(1+B73)	=100*C73/$C$242	198760.9996	=100*E73/$E$242	71.9363	79.506	=ROUND(D73-G73,2)+ROUND(F73-H73,2)
2006-01-31	=SUMPRODUCT(zips!$B$2:$B$294*(INDEX(zips!$C$2:$LJ$294,0,72)>0)*(INDEX(zips!$C$2:$LJ$294,0,73)>0)*(INDEX(zips!$C$2:$LJ$294,0,73)/(INDEX(zips!$C$2:$LJ$294,0,72)+(INDEX(zips!$C$2:$LJ$294,0,72)=0))-1))/SUMPRODUCT(zips!$B$2:$B$294*(INDEX(zips!$C$2:$LJ$294,0,72)>0)*(INDEX(zips!$C$2:$LJ$294,0,73)>0))	=C73*(1+B74)	=100*C74/$C$242	200026.5529	=100*E74/$E$242	72.3887	80.0122	=ROUND(D74-G74,2)+ROUND(F74-H74,2)
2006-02-28	=SUMPRODUCT(zips!$B$2:$B$294*(INDEX(zips!$C$2:$LJ$294,0,73)>0)*(INDEX(zips!$C$2:$LJ$294,0,74)>0)*(INDEX(zips!$C$2:$LJ$294,0,74)/(INDEX(zips!$C$2:$LJ$294,0,73)+(INDEX(zips!$C$2:$LJ$294,0,73)=0))-1))/SUMPRODUCT(zips!$B$2:$B$294*(INDEX(zips!$C$2:$LJ$294,0,73)>0)*(INDEX(zips!$C$2:$LJ$294,0,74)>0))	=C74*(1+B75)	=100*C75/$C$242	201203.6214	=100*E75/$E$242	72.8332	80.4831	=ROUND(D75-G75,2)+ROUND(F75-H75,2)
2006-03-31	=SUMPRODUCT(zips!$B$2:$B$294*(INDEX(zips!$C$2:$LJ$294,0,74)>0)*(INDEX(zips!$C$2:$LJ$294,0,75)>0)*(INDEX(zips!$C$2:$LJ$294,0,75)/(INDEX(zips!$C$2:$LJ$294,0,74)+(INDEX(zips!$C$2:$LJ$294,0,74)=0))-1))/SUMPRODUCT(zips!$B$2:$B$294*(INDEX(zips!$C$2:$LJ$294,0,74)>0)*(INDEX(zips!$C$2:$LJ$294,0,75)>0))	=C75*(1+B76)	=100*C76/$C$242	202387.8433	=100*E76/$E$242	73.2853	80.9568	=ROUND(D76-G76,2)+ROUND(F76-H76,2)
2006-04-30	=SUMPRODUCT(zips!$B$2:$B$294*(INDEX(zips!$C$2:$LJ$294,0,75)>0)*(INDEX(zips!$C$2:$LJ$294,0,76)>0)*(INDEX(zips!$C$2:$LJ$294,0,76)/(INDEX(zips!$C$2:$LJ$294,0,75)+(INDEX(zips!$C$2:$LJ$294,0,75)=0))-1))/SUMPRODUCT(zips!$B$2:$B$294*(INDEX(zips!$C$2:$LJ$294,0,75)>0)*(INDEX(zips!$C$2:$LJ$294,0,76)>0))	=C76*(1+B77)	=100*C77/$C$242	203657.2337	=100*E77/$E$242	73.8092	81.4645	=ROUND(D77-G77,2)+ROUND(F77-H77,2)
2006-05-31	=SUMPRODUCT(zips!$B$2:$B$294*(INDEX(zips!$C$2:$LJ$294,0,76)>0)*(INDEX(zips!$C$2:$LJ$294,0,77)>0)*(INDEX(zips!$C$2:$LJ$294,0,77)/(INDEX(zips!$C$2:$LJ$294,0,76)+(INDEX(zips!$C$2:$LJ$294,0,76)=0))-1))/SUMPRODUCT(zips!$B$2:$B$294*(INDEX(zips!$C$2:$LJ$294,0,76)>0)*(INDEX(zips!$C$2:$LJ$294,0,77)>0))	=C77*(1+B78)	=100*C78/$C$242	204911.3748	=100*E78/$E$242	74.364	81.9662	=ROUND(D78-G78,2)+ROUND(F78-H78,2)
2006-06-30	=SUMPRODUCT(zips!$B$2:$B$294*(INDEX(zips!$C$2:$LJ$294,0,77)>0)*(INDEX(zips!$C$2:$LJ$294,0,78)>0)*(INDEX(zips!$C$2:$LJ$294,0,78)/(INDEX(zips!$C$2:$LJ$294,0,77)+(INDEX(zips!$C$2:$LJ$294,0,77)=0))-1))/SUMPRODUCT(zips!$B$2:$B$294*(INDEX(zips!$C$2:$LJ$294,0,77)>0)*(INDEX(zips!$C$2:$LJ$294,0,78)>0))	=C78*(1+B79)	=100*C79/$C$242	206024.635	=100*E79/$E$242	74.8798	82.4115	=ROUND(D79-G79,2)+ROUND(F79-H79,2)
2006-07-31	=SUMPRODUCT(zips!$B$2:$B$294*(INDEX(zips!$C$2:$LJ$294,0,78)>0)*(INDEX(zips!$C$2:$LJ$294,0,79)>0)*(INDEX(zips!$C$2:$LJ$294,0,79)/(INDEX(zips!$C$2:$LJ$294,0,78)+(INDEX(zips!$C$2:$LJ$294,0,78)=0))-1))/SUMPRODUCT(zips!$B$2:$B$294*(INDEX(zips!$C$2:$LJ$294,0,78)>0)*(INDEX(zips!$C$2:$LJ$294,0,79)>0))	=C79*(1+B80)	=100*C80/$C$242	206910.1493	=100*E80/$E$242	75.3733	82.7657	=ROUND(D80-G80,2)+ROUND(F80-H80,2)
2006-08-31	=SUMPRODUCT(zips!$B$2:$B$294*(INDEX(zips!$C$2:$LJ$294,0,79)>0)*(INDEX(zips!$C$2:$LJ$294,0,80)>0)*(INDEX(zips!$C$2:$LJ$294,0,80)/(INDEX(zips!$C$2:$LJ$294,0,79)+(INDEX(zips!$C$2:$LJ$294,0,79)=0))-1))/SUMPRODUCT(zips!$B$2:$B$294*(INDEX(zips!$C$2:$LJ$294,0,79)>0)*(INDEX(zips!$C$2:$LJ$294,0,80)>0))	=C80*(1+B81)	=100*C81/$C$242	207605.446	=100*E81/$E$242	75.7645	83.0439	=ROUND(D81-G81,2)+ROUND(F81-H81,2)
2006-09-30	=SUMPRODUCT(zips!$B$2:$B$294*(INDEX(zips!$C$2:$LJ$294,0,80)>0)*(INDEX(zips!$C$2:$LJ$294,0,81)>0)*(INDEX(zips!$C$2:$LJ$294,0,81)/(INDEX(zips!$C$2:$LJ$294,0,80)+(INDEX(zips!$C$2:$LJ$294,0,80)=0))-1))/SUMPRODUCT(zips!$B$2:$B$294*(INDEX(zips!$C$2:$LJ$294,0,80)>0)*(INDEX(zips!$C$2:$LJ$294,0,81)>0))	=C81*(1+B82)	=100*C82/$C$242	208078.0857	=100*E82/$E$242	76.0883	83.2329	=ROUND(D82-G82,2)+ROUND(F82-H82,2)
2006-10-31	=SUMPRODUCT(zips!$B$2:$B$294*(INDEX(zips!$C$2:$LJ$294,0,81)>0)*(INDEX(zips!$C$2:$LJ$294,0,82)>0)*(INDEX(zips!$C$2:$LJ$294,0,82)/(INDEX(zips!$C$2:$LJ$294,0,81)+(INDEX(zips!$C$2:$LJ$294,0,81)=0))-1))/SUMPRODUCT(zips!$B$2:$B$294*(INDEX(zips!$C$2:$LJ$294,0,81)>0)*(INDEX(zips!$C$2:$LJ$294,0,82)>0))	=C82*(1+B83)	=100*C83/$C$242	208429.9113	=100*E83/$E$242	76.36	83.3736	=ROUND(D83-G83,2)+ROUND(F83-H83,2)
2006-11-30	=SUMPRODUCT(zips!$B$2:$B$294*(INDEX(zips!$C$2:$LJ$294,0,82)>0)*(INDEX(zips!$C$2:$LJ$294,0,83)>0)*(INDEX(zips!$C$2:$LJ$294,0,83)/(INDEX(zips!$C$2:$LJ$294,0,82)+(INDEX(zips!$C$2:$LJ$294,0,82)=0))-1))/SUMPRODUCT(zips!$B$2:$B$294*(INDEX(zips!$C$2:$LJ$294,0,82)>0)*(INDEX(zips!$C$2:$LJ$294,0,83)>0))	=C83*(1+B84)	=100*C84/$C$242	208630.3517	=100*E84/$E$242	76.5904	83.4538	=ROUND(D84-G84,2)+ROUND(F84-H84,2)
2006-12-31	=SUMPRODUCT(zips!$B$2:$B$294*(INDEX(zips!$C$2:$LJ$294,0,83)>0)*(INDEX(zips!$C$2:$LJ$294,0,84)>0)*(INDEX(zips!$C$2:$LJ$294,0,84)/(INDEX(zips!$C$2:$LJ$294,0,83)+(INDEX(zips!$C$2:$LJ$294,0,83)=0))-1))/SUMPRODUCT(zips!$B$2:$B$294*(INDEX(zips!$C$2:$LJ$294,0,83)>0)*(INDEX(zips!$C$2:$LJ$294,0,84)>0))	=C84*(1+B85)	=100*C85/$C$242	208766.8082	=100*E85/$E$242	76.756	83.5084	=ROUND(D85-G85,2)+ROUND(F85-H85,2)
2007-01-31	=SUMPRODUCT(zips!$B$2:$B$294*(INDEX(zips!$C$2:$LJ$294,0,84)>0)*(INDEX(zips!$C$2:$LJ$294,0,85)>0)*(INDEX(zips!$C$2:$LJ$294,0,85)/(INDEX(zips!$C$2:$LJ$294,0,84)+(INDEX(zips!$C$2:$LJ$294,0,84)=0))-1))/SUMPRODUCT(zips!$B$2:$B$294*(INDEX(zips!$C$2:$LJ$294,0,84)>0)*(INDEX(zips!$C$2:$LJ$294,0,85)>0))	=C85*(1+B86)	=100*C86/$C$242	208839.2034	=100*E86/$E$242	76.8239	83.5374	=ROUND(D86-G86,2)+ROUND(F86-H86,2)
2007-02-28	=SUMPRODUCT(zips!$B$2:$B$294*(INDEX(zips!$C$2:$LJ$294,0,85)>0)*(INDEX(zips!$C$2:$LJ$294,0,86)>0)*(INDEX(zips!$C$2:$LJ$294,0,86)/(INDEX(zips!$C$2:$LJ$294,0,85)+(INDEX(zips!$C$2:$LJ$294,0,85)=0))-1))/SUMPRODUCT(zips!$B$2:$B$294*(INDEX(zips!$C$2:$LJ$294,0,85)>0)*(INDEX(zips!$C$2:$LJ$294,0,86)>0))	=C86*(1+B87)	=100*C87/$C$242	208912.9523	=100*E87/$E$242	76.8532	83.5669	=ROUND(D87-G87,2)+ROUND(F87-H87,2)
2007-03-31	=SUMPRODUCT(zips!$B$2:$B$294*(INDEX(zips!$C$2:$LJ$294,0,86)>0)*(INDEX(zips!$C$2:$LJ$294,0,87)>0)*(INDEX(zips!$C$2:$LJ$294,0,87)/(INDEX(zips!$C$2:$LJ$294,0,86)+(INDEX(zips!$C$2:$LJ$294,0,86)=0))-1))/SUMPRODUCT(zips!$B$2:$B$294*(INDEX(zips!$C$2:$LJ$294,0,86)>0)*(INDEX(zips!$C$2:$LJ$294,0,87)>0))	=C87*(1+B88)	=100*C88/$C$242	208979.0529	=100*E88/$E$242	76.9347	83.5933	=ROUND(D88-G88,2)+ROUND(F88-H88,2)
2007-04-30	=SUMPRODUCT(zips!$B$2:$B$294*(INDEX(zips!$C$2:$LJ$294,0,87)>0)*(INDEX(zips!$C$2:$LJ$294,0,88)>0)*(INDEX(zips!$C$2:$LJ$294,0,88)/(INDEX(zips!$C$2:$LJ$294,0,87)+(INDEX(zips!$C$2:$LJ$294,0,87)=0))-1))/SUMPRODUCT(zips!$B$2:$B$294*(INDEX(zips!$C$2:$LJ$294,0,87)>0)*(INDEX(zips!$C$2:$LJ$294,0,88)>0))	=C88*(1+B89)	=100*C89/$C$242	209051.2011	=100*E89/$E$242	77.0708	83.6222	=ROUND(D89-G89,2)+ROUND(F89-H89,2)
2007-05-31	=SUMPRODUCT(zips!$B$2:$B$294*(INDEX(zips!$C$2:$LJ$294,0,88)>0)*(INDEX(zips!$C$2:$LJ$294,0,89)>0)*(INDEX(zips!$C$2:$LJ$294,0,89)/(INDEX(zips!$C$2:$LJ$294,0,88)+(INDEX(zips!$C$2:$LJ$294,0,88)=0))-1))/SUMPRODUCT(zips!$B$2:$B$294*(INDEX(zips!$C$2:$LJ$294,0,88)>0)*(INDEX(zips!$C$2:$LJ$294,0,89)>0))	=C89*(1+B90)	=100*C90/$C$242	209010.6765	=100*E90/$E$242	77.176	83.606	=ROUND(D90-G90,2)+ROUND(F90-H90,2)
2007-06-30	=SUMPRODUCT(zips!$B$2:$B$294*(INDEX(zips!$C$2:$LJ$294,0,89)>0)*(INDEX(zips!$C$2:$LJ$294,0,90)>0)*(INDEX(zips!$C$2:$LJ$294,0,90)/(INDEX(zips!$C$2:$LJ$294,0,89)+(INDEX(zips!$C$2:$LJ$294,0,89)=0))-1))/SUMPRODUCT(zips!$B$2:$B$294*(INDEX(zips!$C$2:$LJ$294,0,89)>0)*(INDEX(zips!$C$2:$LJ$294,0,90)>0))	=C90*(1+B91)	=100*C91/$C$242	208802.8152	=100*E91/$E$242	77.2357	83.5228	=ROUND(D91-G91,2)+ROUND(F91-H91,2)
2007-07-31	=SUMPRODUCT(zips!$B$2:$B$294*(INDEX(zips!$C$2:$LJ$294,0,90)>0)*(INDEX(zips!$C$2:$LJ$294,0,91)>0)*(INDEX(zips!$C$2:$LJ$294,0,91)/(INDEX(zips!$C$2:$LJ$294,0,90)+(INDEX(zips!$C$2:$LJ$294,0,90)=0))-1))/SUMPRODUCT(zips!$B$2:$B$294*(INDEX(zips!$C$2:$LJ$294,0,90)>0)*(INDEX(zips!$C$2:$LJ$294,0,91)>0))	=C91*(1+B92)	=100*C92/$C$242	208370.4477	=100*E92/$E$242	77.2296	83.3499	=ROUND(D92-G92,2)+ROUND(F92-H92,2)
2007-08-31	=SUMPRODUCT(zips!$B$2:$B$294*(INDEX(zips!$C$2:$LJ$294,0,91)>0)*(INDEX(zips!$C$2:$LJ$294,0,92)>0)*(INDEX(zips!$C$2:$LJ$294,0,92)/(INDEX(zips!$C$2:$LJ$294,0,91)+(INDEX(zips!$C$2:$LJ$294,0,91)=0))-1))/SUMPRODUCT(zips!$B$2:$B$294*(INDEX(zips!$C$2:$LJ$294,0,91)>0)*(INDEX(zips!$C$2:$LJ$294,0,92)>0))	=C92*(1+B93)	=100*C93/$C$242	207849.6829	=100*E93/$E$242	77.2164	83.1415	=ROUND(D93-G93,2)+ROUND(F93-H93,2)
2007-09-30	=SUMPRODUCT(zips!$B$2:$B$294*(INDEX(zips!$C$2:$LJ$294,0,92)>0)*(INDEX(zips!$C$2:$LJ$294,0,93)>0)*(INDEX(zips!$C$2:$LJ$294,0,93)/(INDEX(zips!$C$2:$LJ$294,0,92)+(INDEX(zips!$C$2:$LJ$294,0,92)=0))-1))/SUMPRODUCT(zips!$B$2:$B$294*(INDEX(zips!$C$2:$LJ$294,0,92)>0)*(INDEX(zips!$C$2:$LJ$294,0,93)>0))	=C93*(1+B94)	=100*C94/$C$242	207217.581	=100*E94/$E$242	77.1589	82.8887	=ROUND(D94-G94,2)+ROUND(F94-H94,2)
2007-10-31	=SUMPRODUCT(zips!$B$2:$B$294*(INDEX(zips!$C$2:$LJ$294,0,93)>0)*(INDEX(zips!$C$2:$LJ$294,0,94)>0)*(INDEX(zips!$C$2:$LJ$294,0,94)/(INDEX(zips!$C$2:$LJ$294,0,93)+(INDEX(zips!$C$2:$LJ$294,0,93)=0))-1))/SUMPRODUCT(zips!$B$2:$B$294*(INDEX(zips!$C$2:$LJ$294,0,93)>0)*(INDEX(zips!$C$2:$LJ$294,0,94)>0))	=C94*(1+B95)	=100*C95/$C$242	206532.8412	=100*E95/$E$242	77.0816	82.6148	=ROUND(D95-G95,2)+ROUND(F95-H95,2)
2007-11-30	=SUMPRODUCT(zips!$B$2:$B$294*(INDEX(zips!$C$2:$LJ$294,0,94)>0)*(INDEX(zips!$C$2:$LJ$294,0,95)>0)*(INDEX(zips!$C$2:$LJ$294,0,95)/(INDEX(zips!$C$2:$LJ$294,0,94)+(INDEX(zips!$C$2:$LJ$294,0,94)=0))-1))/SUMPRODUCT(zips!$B$2:$B$294*(INDEX(zips!$C$2:$LJ$294,0,94)>0)*(INDEX(zips!$C$2:$LJ$294,0,95)>0))	=C95*(1+B96)	=100*C96/$C$242	205701.3318	=100*E96/$E$242	77.0229	82.2822	=ROUND(D96-G96,2)+ROUND(F96-H96,2)
2007-12-31	=SUMPRODUCT(zips!$B$2:$B$294*(INDEX(zips!$C$2:$LJ$294,0,95)>0)*(INDEX(zips!$C$2:$LJ$294,0,96)>0)*(INDEX(zips!$C$2:$LJ$294,0,96)/(INDEX(zips!$C$2:$LJ$294,0,95)+(INDEX(zips!$C$2:$LJ$294,0,95)=0))-1))/SUMPRODUCT(zips!$B$2:$B$294*(INDEX(zips!$C$2:$LJ$294,0,95)>0)*(INDEX(zips!$C$2:$LJ$294,0,96)>0))	=C96*(1+B97)	=100*C97/$C$242	204816.3774	=100*E97/$E$242	76.9331	81.9282	=ROUND(D97-G97,2)+ROUND(F97-H97,2)
2008-01-31	=SUMPRODUCT(zips!$B$2:$B$294*(INDEX(zips!$C$2:$LJ$294,0,96)>0)*(INDEX(zips!$C$2:$LJ$294,0,97)>0)*(INDEX(zips!$C$2:$LJ$294,0,97)/(INDEX(zips!$C$2:$LJ$294,0,96)+(INDEX(zips!$C$2:$LJ$294,0,96)=0))-1))/SUMPRODUCT(zips!$B$2:$B$294*(INDEX(zips!$C$2:$LJ$294,0,96)>0)*(INDEX(zips!$C$2:$LJ$294,0,97)>0))	=C97*(1+B98)	=100*C98/$C$242	203791.5308	=100*E98/$E$242	76.7539	81.5183	=ROUND(D98-G98,2)+ROUND(F98-H98,2)
2008-02-29	=SUMPRODUCT(zips!$B$2:$B$294*(INDEX(zips!$C$2:$LJ$294,0,97)>0)*(INDEX(zips!$C$2:$LJ$294,0,98)>0)*(INDEX(zips!$C$2:$LJ$294,0,98)/(INDEX(zips!$C$2:$LJ$294,0,97)+(INDEX(zips!$C$2:$LJ$294,0,97)=0))-1))/SUMPRODUCT(zips!$B$2:$B$294*(INDEX(zips!$C$2:$LJ$294,0,97)>0)*(INDEX(zips!$C$2:$LJ$294,0,98)>0))	=C98*(1+B99)	=100*C99/$C$242	202661.3124	=100*E99/$E$242	76.5913	81.0662	=ROUND(D99-G99,2)+ROUND(F99-H99,2)
2008-03-31	=SUMPRODUCT(zips!$B$2:$B$294*(INDEX(zips!$C$2:$LJ$294,0,98)>0)*(INDEX(zips!$C$2:$LJ$294,0,99)>0)*(INDEX(zips!$C$2:$LJ$294,0,99)/(INDEX(zips!$C$2:$LJ$294,0,98)+(INDEX(zips!$C$2:$LJ$294,0,98)=0))-1))/SUMPRODUCT(zips!$B$2:$B$294*(INDEX(zips!$C$2:$LJ$294,0,98)>0)*(INDEX(zips!$C$2:$LJ$294,0,99)>0))	=C99*(1+B100)	=100*C100/$C$242	201388.1907	=100*E100/$E$242	76.4179	80.5569	=ROUND(D100-G100,2)+ROUND(F100-H100,2)
2008-04-30	=SUMPRODUCT(zips!$B$2:$B$294*(INDEX(zips!$C$2:$LJ$294,0,99)>0)*(INDEX(zips!$C$2:$LJ$294,0,100)>0)*(INDEX(zips!$C$2:$LJ$294,0,100)/(INDEX(zips!$C$2:$LJ$294,0,99)+(INDEX(zips!$C$2:$LJ$294,0,99)=0))-1))/SUMPRODUCT(zips!$B$2:$B$294*(INDEX(zips!$C$2:$LJ$294,0,99)>0)*(INDEX(zips!$C$2:$LJ$294,0,100)>0))	=C100*(1+B101)	=100*C101/$C$242	200014.1624	=100*E101/$E$242	76.2345	80.0073	=ROUND(D101-G101,2)+ROUND(F101-H101,2)
2008-05-31	=SUMPRODUCT(zips!$B$2:$B$294*(INDEX(zips!$C$2:$LJ$294,0,100)>0)*(INDEX(zips!$C$2:$LJ$294,0,101)>0)*(INDEX(zips!$C$2:$LJ$294,0,101)/(INDEX(zips!$C$2:$LJ$294,0,100)+(INDEX(zips!$C$2:$LJ$294,0,100)=0))-1))/SUMPRODUCT(zips!$B$2:$B$294*(INDEX(zips!$C$2:$LJ$294,0,100)>0)*(INDEX(zips!$C$2:$LJ$294,0,101)>0))	=C101*(1+B102)	=100*C102/$C$242	198578.0306	=100*E102/$E$242	75.9652	79.4328	=ROUND(D102-G102,2)+ROUND(F102-H102,2)
2008-06-30	=SUMPRODUCT(zips!$B$2:$B$294*(INDEX(zips!$C$2:$LJ$294,0,101)>0)*(INDEX(zips!$C$2:$LJ$294,0,102)>0)*(INDEX(zips!$C$2:$LJ$294,0,102)/(INDEX(zips!$C$2:$LJ$294,0,101)+(INDEX(zips!$C$2:$LJ$294,0,101)=0))-1))/SUMPRODUCT(zips!$B$2:$B$294*(INDEX(zips!$C$2:$LJ$294,0,101)>0)*(INDEX(zips!$C$2:$LJ$294,0,102)>0))	=C102*(1+B103)	=100*C103/$C$242	197059.9301	=100*E103/$E$242	75.6486	78.8256	=ROUND(D103-G103,2)+ROUND(F103-H103,2)
2008-07-31	=SUMPRODUCT(zips!$B$2:$B$294*(INDEX(zips!$C$2:$LJ$294,0,102)>0)*(INDEX(zips!$C$2:$LJ$294,0,103)>0)*(INDEX(zips!$C$2:$LJ$294,0,103)/(INDEX(zips!$C$2:$LJ$294,0,102)+(INDEX(zips!$C$2:$LJ$294,0,102)=0))-1))/SUMPRODUCT(zips!$B$2:$B$294*(INDEX(zips!$C$2:$LJ$294,0,102)>0)*(INDEX(zips!$C$2:$LJ$294,0,103)>0))	=C103*(1+B104)	=100*C104/$C$242	195435.0258	=100*E104/$E$242	75.3009	78.1756	=ROUND(D104-G104,2)+ROUND(F104-H104,2)
2008-08-31	=SUMPRODUCT(zips!$B$2:$B$294*(INDEX(zips!$C$2:$LJ$294,0,103)>0)*(INDEX(zips!$C$2:$LJ$294,0,104)>0)*(INDEX(zips!$C$2:$LJ$294,0,104)/(INDEX(zips!$C$2:$LJ$294,0,103)+(INDEX(zips!$C$2:$LJ$294,0,103)=0))-1))/SUMPRODUCT(zips!$B$2:$B$294*(INDEX(zips!$C$2:$LJ$294,0,103)>0)*(INDEX(zips!$C$2:$LJ$294,0,104)>0))	=C104*(1+B105)	=100*C105/$C$242	193623.8459	=100*E105/$E$242	74.8243	77.4511	=ROUND(D105-G105,2)+ROUND(F105-H105,2)
2008-09-30	=SUMPRODUCT(zips!$B$2:$B$294*(INDEX(zips!$C$2:$LJ$294,0,104)>0)*(INDEX(zips!$C$2:$LJ$294,0,105)>0)*(INDEX(zips!$C$2:$LJ$294,0,105)/(INDEX(zips!$C$2:$LJ$294,0,104)+(INDEX(zips!$C$2:$LJ$294,0,104)=0))-1))/SUMPRODUCT(zips!$B$2:$B$294*(INDEX(zips!$C$2:$LJ$294,0,104)>0)*(INDEX(zips!$C$2:$LJ$294,0,105)>0))	=C105*(1+B106)	=100*C106/$C$242	191788.7534	=100*E106/$E$242	74.3264	76.717	=ROUND(D106-G106,2)+ROUND(F106-H106,2)
2008-10-31	=SUMPRODUCT(zips!$B$2:$B$294*(INDEX(zips!$C$2:$LJ$294,0,105)>0)*(INDEX(zips!$C$2:$LJ$294,0,106)>0)*(INDEX(zips!$C$2:$LJ$294,0,106)/(INDEX(zips!$C$2:$LJ$294,0,105)+(INDEX(zips!$C$2:$LJ$294,0,105)=0))-1))/SUMPRODUCT(zips!$B$2:$B$294*(INDEX(zips!$C$2:$LJ$294,0,105)>0)*(INDEX(zips!$C$2:$LJ$294,0,106)>0))	=C106*(1+B107)	=100*C107/$C$242	189998.328	=100*E107/$E$242	73.8321	76.0009	=ROUND(D107-G107,2)+ROUND(F107-H107,2)
2008-11-30	=SUMPRODUCT(zips!$B$2:$B$294*(INDEX(zips!$C$2:$LJ$294,0,106)>0)*(INDEX(zips!$C$2:$LJ$294,0,107)>0)*(INDEX(zips!$C$2:$LJ$294,0,107)/(INDEX(zips!$C$2:$LJ$294,0,106)+(INDEX(zips!$C$2:$LJ$294,0,106)=0))-1))/SUMPRODUCT(zips!$B$2:$B$294*(INDEX(zips!$C$2:$LJ$294,0,106)>0)*(INDEX(zips!$C$2:$LJ$294,0,107)>0))	=C107*(1+B108)	=100*C108/$C$242	188242.7105	=100*E108/$E$242	73.337	75.2986	=ROUND(D108-G108,2)+ROUND(F108-H108,2)
2008-12-31	=SUMPRODUCT(zips!$B$2:$B$294*(INDEX(zips!$C$2:$LJ$294,0,107)>0)*(INDEX(zips!$C$2:$LJ$294,0,108)>0)*(INDEX(zips!$C$2:$LJ$294,0,108)/(INDEX(zips!$C$2:$LJ$294,0,107)+(INDEX(zips!$C$2:$LJ$294,0,107)=0))-1))/SUMPRODUCT(zips!$B$2:$B$294*(INDEX(zips!$C$2:$LJ$294,0,107)>0)*(INDEX(zips!$C$2:$LJ$294,0,108)>0))	=C108*(1+B109)	=100*C109/$C$242	186499.6677	=100*E109/$E$242	72.8	74.6014	=ROUND(D109-G109,2)+ROUND(F109-H109,2)
2009-01-31	=SUMPRODUCT(zips!$B$2:$B$294*(INDEX(zips!$C$2:$LJ$294,0,108)>0)*(INDEX(zips!$C$2:$LJ$294,0,109)>0)*(INDEX(zips!$C$2:$LJ$294,0,109)/(INDEX(zips!$C$2:$LJ$294,0,108)+(INDEX(zips!$C$2:$LJ$294,0,108)=0))-1))/SUMPRODUCT(zips!$B$2:$B$294*(INDEX(zips!$C$2:$LJ$294,0,108)>0)*(INDEX(zips!$C$2:$LJ$294,0,109)>0))	=C109*(1+B110)	=100*C110/$C$242	184794.2406	=100*E110/$E$242	72.2292	73.9192	=ROUND(D110-G110,2)+ROUND(F110-H110,2)
2009-02-28	=SUMPRODUCT(zips!$B$2:$B$294*(INDEX(zips!$C$2:$LJ$294,0,109)>0)*(INDEX(zips!$C$2:$LJ$294,0,110)>0)*(INDEX(zips!$C$2:$LJ$294,0,110)/(INDEX(zips!$C$2:$LJ$294,0,109)+(INDEX(zips!$C$2:$LJ$294,0,109)=0))-1))/SUMPRODUCT(zips!$B$2:$B$294*(INDEX(zips!$C$2:$LJ$294,0,109)>0)*(INDEX(zips!$C$2:$LJ$294,0,110)>0))	=C110*(1+B111)	=100*C111/$C$242	183340.48	=100*E111/$E$242	71.7425	73.3377	=ROUND(D111-G111,2)+ROUND(F111-H111,2)
2009-03-31	=SUMPRODUCT(zips!$B$2:$B$294*(INDEX(zips!$C$2:$LJ$294,0,110)>0)*(INDEX(zips!$C$2:$LJ$294,0,111)>0)*(INDEX(zips!$C$2:$LJ$294,0,111)/(INDEX(zips!$C$2:$LJ$294,0,110)+(INDEX(zips!$C$2:$LJ$294,0,110)=0))-1))/SUMPRODUCT(zips!$B$2:$B$294*(INDEX(zips!$C$2:$LJ$294,0,110)>0)*(INDEX(zips!$C$2:$LJ$294,0,111)>0))	=C111*(1+B112)	=100*C112/$C$242	182009.2468	=100*E112/$E$242	71.3052	72.8052	=ROUND(D112-G112,2)+ROUND(F112-H112,2)
2009-04-30	=SUMPRODUCT(zips!$B$2:$B$294*(INDEX(zips!$C$2:$LJ$294,0,111)>0)*(INDEX(zips!$C$2:$LJ$294,0,112)>0)*(INDEX(zips!$C$2:$LJ$294,0,112)/(INDEX(zips!$C$2:$LJ$294,0,111)+(INDEX(zips!$C$2:$LJ$294,0,111)=0))-1))/SUMPRODUCT(zips!$B$2:$B$294*(INDEX(zips!$C$2:$LJ$294,0,111)>0)*(INDEX(zips!$C$2:$LJ$294,0,112)>0))	=C112*(1+B113)	=100*C113/$C$242	180757.7681	=100*E113/$E$242	70.9005	72.3046	=ROUND(D113-G113,2)+ROUND(F113-H113,2)
2009-05-31	=SUMPRODUCT(zips!$B$2:$B$294*(INDEX(zips!$C$2:$LJ$294,0,112)>0)*(INDEX(zips!$C$2:$LJ$294,0,113)>0)*(INDEX(zips!$C$2:$LJ$294,0,113)/(INDEX(zips!$C$2:$LJ$294,0,112)+(INDEX(zips!$C$2:$LJ$294,0,112)=0))-1))/SUMPRODUCT(zips!$B$2:$B$294*(INDEX(zips!$C$2:$LJ$294,0,112)>0)*(INDEX(zips!$C$2:$LJ$294,0,113)>0))	=C113*(1+B114)	=100*C114/$C$242	179492.0664	=100*E114/$E$242	70.4814	71.7983	=ROUND(D114-G114,2)+ROUND(F114-H114,2)
2009-06-30	=SUMPRODUCT(zips!$B$2:$B$294*(INDEX(zips!$C$2:$LJ$294,0,113)>0)*(INDEX(zips!$C$2:$LJ$294,0,114)>0)*(INDEX(zips!$C$2:$LJ$294,0,114)/(INDEX(zips!$C$2:$LJ$294,0,113)+(INDEX(zips!$C$2:$LJ$294,0,113)=0))-1))/SUMPRODUCT(zips!$B$2:$B$294*(INDEX(zips!$C$2:$LJ$294,0,113)>0)*(INDEX(zips!$C$2:$LJ$294,0,114)>0))	=C114*(1+B115)	=100*C115/$C$242	178299.2125	=100*E115/$E$242	70.066	71.3211	=ROUND(D115-G115,2)+ROUND(F115-H115,2)
2009-07-31	=SUMPRODUCT(zips!$B$2:$B$294*(INDEX(zips!$C$2:$LJ$294,0,114)>0)*(INDEX(zips!$C$2:$LJ$294,0,115)>0)*(INDEX(zips!$C$2:$LJ$294,0,115)/(INDEX(zips!$C$2:$LJ$294,0,114)+(INDEX(zips!$C$2:$LJ$294,0,114)=0))-1))/SUMPRODUCT(zips!$B$2:$B$294*(INDEX(zips!$C$2:$LJ$294,0,114)>0)*(INDEX(zips!$C$2:$LJ$294,0,115)>0))	=C115*(1+B116)	=100*C116/$C$242	177221.4609	=100*E116/$E$242	69.71	70.89	=ROUND(D116-G116,2)+ROUND(F116-H116,2)
2009-08-31	=SUMPRODUCT(zips!$B$2:$B$294*(INDEX(zips!$C$2:$LJ$294,0,115)>0)*(INDEX(zips!$C$2:$LJ$294,0,116)>0)*(INDEX(zips!$C$2:$LJ$294,0,116)/(INDEX(zips!$C$2:$LJ$294,0,115)+(INDEX(zips!$C$2:$LJ$294,0,115)=0))-1))/SUMPRODUCT(zips!$B$2:$B$294*(INDEX(zips!$C$2:$LJ$294,0,115)>0)*(INDEX(zips!$C$2:$LJ$294,0,116)>0))	=C116*(1+B117)	=100*C117/$C$242	176225.9798	=100*E117/$E$242	69.3734	70.4918	=ROUND(D117-G117,2)+ROUND(F117-H117,2)
2009-09-30	=SUMPRODUCT(zips!$B$2:$B$294*(INDEX(zips!$C$2:$LJ$294,0,116)>0)*(INDEX(zips!$C$2:$LJ$294,0,117)>0)*(INDEX(zips!$C$2:$LJ$294,0,117)/(INDEX(zips!$C$2:$LJ$294,0,116)+(INDEX(zips!$C$2:$LJ$294,0,116)=0))-1))/SUMPRODUCT(zips!$B$2:$B$294*(INDEX(zips!$C$2:$LJ$294,0,116)>0)*(INDEX(zips!$C$2:$LJ$294,0,117)>0))	=C117*(1+B118)	=100*C118/$C$242	175311.1897	=100*E118/$E$242	69.0771	70.1259	=ROUND(D118-G118,2)+ROUND(F118-H118,2)
2009-10-31	=SUMPRODUCT(zips!$B$2:$B$294*(INDEX(zips!$C$2:$LJ$294,0,117)>0)*(INDEX(zips!$C$2:$LJ$294,0,118)>0)*(INDEX(zips!$C$2:$LJ$294,0,118)/(INDEX(zips!$C$2:$LJ$294,0,117)+(INDEX(zips!$C$2:$LJ$294,0,117)=0))-1))/SUMPRODUCT(zips!$B$2:$B$294*(INDEX(zips!$C$2:$LJ$294,0,117)>0)*(INDEX(zips!$C$2:$LJ$294,0,118)>0))	=C118*(1+B119)	=100*C119/$C$242	174562.1323	=100*E119/$E$242	68.7664	69.8263	=ROUND(D119-G119,2)+ROUND(F119-H119,2)
2009-11-30	=SUMPRODUCT(zips!$B$2:$B$294*(INDEX(zips!$C$2:$LJ$294,0,118)>0)*(INDEX(zips!$C$2:$LJ$294,0,119)>0)*(INDEX(zips!$C$2:$LJ$294,0,119)/(INDEX(zips!$C$2:$LJ$294,0,118)+(INDEX(zips!$C$2:$LJ$294,0,118)=0))-1))/SUMPRODUCT(zips!$B$2:$B$294*(INDEX(zips!$C$2:$LJ$294,0,118)>0)*(INDEX(zips!$C$2:$LJ$294,0,119)>0))	=C119*(1+B120)	=100*C120/$C$242	174143.0309	=100*E120/$E$242	68.5808	69.6586	=ROUND(D120-G120,2)+ROUND(F120-H120,2)
2009-12-31	=SUMPRODUCT(zips!$B$2:$B$294*(INDEX(zips!$C$2:$LJ$294,0,119)>0)*(INDEX(zips!$C$2:$LJ$294,0,120)>0)*(INDEX(zips!$C$2:$LJ$294,0,120)/(INDEX(zips!$C$2:$LJ$294,0,119)+(INDEX(zips!$C$2:$LJ$294,0,119)=0))-1))/SUMPRODUCT(zips!$B$2:$B$294*(INDEX(zips!$C$2:$LJ$294,0,119)>0)*(INDEX(zips!$C$2:$LJ$294,0,120)>0))	=C120*(1+B121)	=100*C121/$C$242	173958.2364	=100*E121/$E$242	68.4466	69.5847	=ROUND(D121-G121,2)+ROUND(F121-H121,2)
2010-01-31	=SUMPRODUCT(zips!$B$2:$B$294*(INDEX(zips!$C$2:$LJ$294,0,120)>0)*(INDEX(zips!$C$2:$LJ$294,0,121)>0)*(INDEX(zips!$C$2:$LJ$294,0,121)/(INDEX(zips!$C$2:$LJ$294,0,120)+(INDEX(zips!$C$2:$LJ$294,0,120)=0))-1))/SUMPRODUCT(zips!$B$2:$B$294*(INDEX(zips!$C$2:$LJ$294,0,120)>0)*(INDEX(zips!$C$2:$LJ$294,0,121)>0))	=C121*(1+B122)	=100*C122/$C$242	173902.9767	=100*E122/$E$242	68.3842	69.5626	=ROUND(D122-G122,2)+ROUND(F122-H122,2)
2010-02-28	=SUMPRODUCT(zips!$B$2:$B$294*(INDEX(zips!$C$2:$LJ$294,0,121)>0)*(INDEX(zips!$C$2:$LJ$294,0,122)>0)*(INDEX(zips!$C$2:$LJ$294,0,122)/(INDEX(zips!$C$2:$LJ$294,0,121)+(INDEX(zips!$C$2:$LJ$294,0,121)=0))-1))/SUMPRODUCT(zips!$B$2:$B$294*(INDEX(zips!$C$2:$LJ$294,0,121)>0)*(INDEX(zips!$C$2:$LJ$294,0,122)>0))	=C122*(1+B123)	=100*C123/$C$242	173842.0338	=100*E123/$E$242	68.2776	69.5382	=ROUND(D123-G123,2)+ROUND(F123-H123,2)
2010-03-31	=SUMPRODUCT(zips!$B$2:$B$294*(INDEX(zips!$C$2:$LJ$294,0,122)>0)*(INDEX(zips!$C$2:$LJ$294,0,123)>0)*(INDEX(zips!$C$2:$LJ$294,0,123)/(INDEX(zips!$C$2:$LJ$294,0,122)+(INDEX(zips!$C$2:$LJ$294,0,122)=0))-1))/SUMPRODUCT(zips!$B$2:$B$294*(INDEX(zips!$C$2:$LJ$294,0,122)>0)*(INDEX(zips!$C$2:$LJ$294,0,123)>0))	=C123*(1+B124)	=100*C124/$C$242	173853.1205	=100*E124/$E$242	68.1757	69.5427	=ROUND(D124-G124,2)+ROUND(F124-H124,2)
2010-04-30	=SUMPRODUCT(zips!$B$2:$B$294*(INDEX(zips!$C$2:$LJ$294,0,123)>0)*(INDEX(zips!$C$2:$LJ$294,0,124)>0)*(INDEX(zips!$C$2:$LJ$294,0,124)/(INDEX(zips!$C$2:$LJ$294,0,123)+(INDEX(zips!$C$2:$LJ$294,0,123)=0))-1))/SUMPRODUCT(zips!$B$2:$B$294*(INDEX(zips!$C$2:$LJ$294,0,123)>0)*(INDEX(zips!$C$2:$LJ$294,0,124)>0))	=C124*(1+B125)	=100*C125/$C$242	173973.0775	=100*E125/$E$242	68.0951	69.5906	=ROUND(D125-G125,2)+ROUND(F125-H125,2)
2010-05-31	=SUMPRODUCT(zips!$B$2:$B$294*(INDEX(zips!$C$2:$LJ$294,0,124)>0)*(INDEX(zips!$C$2:$LJ$294,0,125)>0)*(INDEX(zips!$C$2:$LJ$294,0,125)/(INDEX(zips!$C$2:$LJ$294,0,124)+(INDEX(zips!$C$2:$LJ$294,0,124)=0))-1))/SUMPRODUCT(zips!$B$2:$B$294*(INDEX(zips!$C$2:$LJ$294,0,124)>0)*(INDEX(zips!$C$2:$LJ$294,0,125)>0))	=C125*(1+B126)	=100*C126/$C$242	174055.598	=100*E126/$E$242	68.0378	69.6236	=ROUND(D126-G126,2)+ROUND(F126-H126,2)
2010-06-30	=SUMPRODUCT(zips!$B$2:$B$294*(INDEX(zips!$C$2:$LJ$294,0,125)>0)*(INDEX(zips!$C$2:$LJ$294,0,126)>0)*(INDEX(zips!$C$2:$LJ$294,0,126)/(INDEX(zips!$C$2:$LJ$294,0,125)+(INDEX(zips!$C$2:$LJ$294,0,125)=0))-1))/SUMPRODUCT(zips!$B$2:$B$294*(INDEX(zips!$C$2:$LJ$294,0,125)>0)*(INDEX(zips!$C$2:$LJ$294,0,126)>0))	=C126*(1+B127)	=100*C127/$C$242	173940.1459	=100*E127/$E$242	67.9537	69.5775	=ROUND(D127-G127,2)+ROUND(F127-H127,2)
2010-07-31	=SUMPRODUCT(zips!$B$2:$B$294*(INDEX(zips!$C$2:$LJ$294,0,126)>0)*(INDEX(zips!$C$2:$LJ$294,0,127)>0)*(INDEX(zips!$C$2:$LJ$294,0,127)/(INDEX(zips!$C$2:$LJ$294,0,126)+(INDEX(zips!$C$2:$LJ$294,0,126)=0))-1))/SUMPRODUCT(zips!$B$2:$B$294*(INDEX(zips!$C$2:$LJ$294,0,126)>0)*(INDEX(zips!$C$2:$LJ$294,0,127)>0))	=C127*(1+B128)	=100*C128/$C$242	173430.796	=100*E128/$E$242	67.7859	69.3737	=ROUND(D128-G128,2)+ROUND(F128-H128,2)
2010-08-31	=SUMPRODUCT(zips!$B$2:$B$294*(INDEX(zips!$C$2:$LJ$294,0,127)>0)*(INDEX(zips!$C$2:$LJ$294,0,128)>0)*(INDEX(zips!$C$2:$LJ$294,0,128)/(INDEX(zips!$C$2:$LJ$294,0,127)+(INDEX(zips!$C$2:$LJ$294,0,127)=0))-1))/SUMPRODUCT(zips!$B$2:$B$294*(INDEX(zips!$C$2:$LJ$294,0,127)>0)*(INDEX(zips!$C$2:$LJ$294,0,128)>0))	=C128*(1+B129)	=100*C129/$C$242	172660.8373	=100*E129/$E$242	67.5083	69.0657	=ROUND(D129-G129,2)+ROUND(F129-H129,2)
2010-09-30	=SUMPRODUCT(zips!$B$2:$B$294*(INDEX(zips!$C$2:$LJ$294,0,128)>0)*(INDEX(zips!$C$2:$LJ$294,0,129)>0)*(INDEX(zips!$C$2:$LJ$294,0,129)/(INDEX(zips!$C$2:$LJ$294,0,128)+(INDEX(zips!$C$2:$LJ$294,0,128)=0))-1))/SUMPRODUCT(zips!$B$2:$B$294*(INDEX(zips!$C$2:$LJ$294,0,128)>0)*(INDEX(zips!$C$2:$LJ$294,0,129)>0))	=C129*(1+B130)	=100*C130/$C$242	171694.6249	=100*E130/$E$242	67.1325	68.6792	=ROUND(D130-G130,2)+ROUND(F130-H130,2)
2010-10-31	=SUMPRODUCT(zips!$B$2:$B$294*(INDEX(zips!$C$2:$LJ$294,0,129)>0)*(INDEX(zips!$C$2:$LJ$294,0,130)>0)*(INDEX(zips!$C$2:$LJ$294,0,130)/(INDEX(zips!$C$2:$LJ$294,0,129)+(INDEX(zips!$C$2:$LJ$294,0,129)=0))-1))/SUMPRODUCT(zips!$B$2:$B$294*(INDEX(zips!$C$2:$LJ$294,0,129)>0)*(INDEX(zips!$C$2:$LJ$294,0,130)>0))	=C130*(1+B131)	=100*C131/$C$242	170691.6921	=100*E131/$E$242	66.7093	68.2781	=ROUND(D131-G131,2)+ROUND(F131-H131,2)
2010-11-30	=SUMPRODUCT(zips!$B$2:$B$294*(INDEX(zips!$C$2:$LJ$294,0,130)>0)*(INDEX(zips!$C$2:$LJ$294,0,131)>0)*(INDEX(zips!$C$2:$LJ$294,0,131)/(INDEX(zips!$C$2:$LJ$294,0,130)+(INDEX(zips!$C$2:$LJ$294,0,130)=0))-1))/SUMPRODUCT(zips!$B$2:$B$294*(INDEX(zips!$C$2:$LJ$294,0,130)>0)*(INDEX(zips!$C$2:$LJ$294,0,131)>0))	=C131*(1+B132)	=100*C132/$C$242	169670.0797	=100*E132/$E$242	66.2496	67.8694	=ROUND(D132-G132,2)+ROUND(F132-H132,2)
2010-12-31	=SUMPRODUCT(zips!$B$2:$B$294*(INDEX(zips!$C$2:$LJ$294,0,131)>0)*(INDEX(zips!$C$2:$LJ$294,0,132)>0)*(INDEX(zips!$C$2:$LJ$294,0,132)/(INDEX(zips!$C$2:$LJ$294,0,131)+(INDEX(zips!$C$2:$LJ$294,0,131)=0))-1))/SUMPRODUCT(zips!$B$2:$B$294*(INDEX(zips!$C$2:$LJ$294,0,131)>0)*(INDEX(zips!$C$2:$LJ$294,0,132)>0))	=C132*(1+B133)	=100*C133/$C$242	168712.579	=100*E133/$E$242	65.7766	67.4864	=ROUND(D133-G133,2)+ROUND(F133-H133,2)
2011-01-31	=SUMPRODUCT(zips!$B$2:$B$294*(INDEX(zips!$C$2:$LJ$294,0,132)>0)*(INDEX(zips!$C$2:$LJ$294,0,133)>0)*(INDEX(zips!$C$2:$LJ$294,0,133)/(INDEX(zips!$C$2:$LJ$294,0,132)+(INDEX(zips!$C$2:$LJ$294,0,132)=0))-1))/SUMPRODUCT(zips!$B$2:$B$294*(INDEX(zips!$C$2:$LJ$294,0,132)>0)*(INDEX(zips!$C$2:$LJ$294,0,133)>0))	=C133*(1+B134)	=100*C134/$C$242	167823.0774	=100*E134/$E$242	65.3431	67.1306	=ROUND(D134-G134,2)+ROUND(F134-H134,2)
2011-02-28	=SUMPRODUCT(zips!$B$2:$B$294*(INDEX(zips!$C$2:$LJ$294,0,133)>0)*(INDEX(zips!$C$2:$LJ$294,0,134)>0)*(INDEX(zips!$C$2:$LJ$294,0,134)/(INDEX(zips!$C$2:$LJ$294,0,133)+(INDEX(zips!$C$2:$LJ$294,0,133)=0))-1))/SUMPRODUCT(zips!$B$2:$B$294*(INDEX(zips!$C$2:$LJ$294,0,133)>0)*(INDEX(zips!$C$2:$LJ$294,0,134)>0))	=C134*(1+B135)	=100*C135/$C$242	166994.9663	=100*E135/$E$242	64.921	66.7993	=ROUND(D135-G135,2)+ROUND(F135-H135,2)
2011-03-31	=SUMPRODUCT(zips!$B$2:$B$294*(INDEX(zips!$C$2:$LJ$294,0,134)>0)*(INDEX(zips!$C$2:$LJ$294,0,135)>0)*(INDEX(zips!$C$2:$LJ$294,0,135)/(INDEX(zips!$C$2:$LJ$294,0,134)+(INDEX(zips!$C$2:$LJ$294,0,134)=0))-1))/SUMPRODUCT(zips!$B$2:$B$294*(INDEX(zips!$C$2:$LJ$294,0,134)>0)*(INDEX(zips!$C$2:$LJ$294,0,135)>0))	=C135*(1+B136)	=100*C136/$C$242	166210.2229	=100*E136/$E$242	64.5479	66.4854	=ROUND(D136-G136,2)+ROUND(F136-H136,2)
2011-04-30	=SUMPRODUCT(zips!$B$2:$B$294*(INDEX(zips!$C$2:$LJ$294,0,135)>0)*(INDEX(zips!$C$2:$LJ$294,0,136)>0)*(INDEX(zips!$C$2:$LJ$294,0,136)/(INDEX(zips!$C$2:$LJ$294,0,135)+(INDEX(zips!$C$2:$LJ$294,0,135)=0))-1))/SUMPRODUCT(zips!$B$2:$B$294*(INDEX(zips!$C$2:$LJ$294,0,135)>0)*(INDEX(zips!$C$2:$LJ$294,0,136)>0))	=C136*(1+B137)	=100*C137/$C$242	165390.2707	=100*E137/$E$242	64.1718	66.1574	=ROUND(D137-G137,2)+ROUND(F137-H137,2)
2011-05-31	=SUMPRODUCT(zips!$B$2:$B$294*(INDEX(zips!$C$2:$LJ$294,0,136)>0)*(INDEX(zips!$C$2:$LJ$294,0,137)>0)*(INDEX(zips!$C$2:$LJ$294,0,137)/(INDEX(zips!$C$2:$LJ$294,0,136)+(INDEX(zips!$C$2:$LJ$294,0,136)=0))-1))/SUMPRODUCT(zips!$B$2:$B$294*(INDEX(zips!$C$2:$LJ$294,0,136)>0)*(INDEX(zips!$C$2:$LJ$294,0,137)>0))	=C137*(1+B138)	=100*C138/$C$242	164535.8125	=100*E138/$E$242	63.8039	65.8157	=ROUND(D138-G138,2)+ROUND(F138-H138,2)
2011-06-30	=SUMPRODUCT(zips!$B$2:$B$294*(INDEX(zips!$C$2:$LJ$294,0,137)>0)*(INDEX(zips!$C$2:$LJ$294,0,138)>0)*(INDEX(zips!$C$2:$LJ$294,0,138)/(INDEX(zips!$C$2:$LJ$294,0,137)+(INDEX(zips!$C$2:$LJ$294,0,137)=0))-1))/SUMPRODUCT(zips!$B$2:$B$294*(INDEX(zips!$C$2:$LJ$294,0,137)>0)*(INDEX(zips!$C$2:$LJ$294,0,138)>0))	=C138*(1+B139)	=100*C139/$C$242	163698.2881	=100*E139/$E$242	63.4374	65.4806	=ROUND(D139-G139,2)+ROUND(F139-H139,2)
2011-07-31	=SUMPRODUCT(zips!$B$2:$B$294*(INDEX(zips!$C$2:$LJ$294,0,138)>0)*(INDEX(zips!$C$2:$LJ$294,0,139)>0)*(INDEX(zips!$C$2:$LJ$294,0,139)/(INDEX(zips!$C$2:$LJ$294,0,138)+(INDEX(zips!$C$2:$LJ$294,0,138)=0))-1))/SUMPRODUCT(zips!$B$2:$B$294*(INDEX(zips!$C$2:$LJ$294,0,138)>0)*(INDEX(zips!$C$2:$LJ$294,0,139)>0))	=C139*(1+B140)	=100*C140/$C$242	162999.2271	=100*E140/$E$242	63.1421	65.201	=ROUND(D140-G140,2)+ROUND(F140-H140,2)
2011-08-31	=SUMPRODUCT(zips!$B$2:$B$294*(INDEX(zips!$C$2:$LJ$294,0,139)>0)*(INDEX(zips!$C$2:$LJ$294,0,140)>0)*(INDEX(zips!$C$2:$LJ$294,0,140)/(INDEX(zips!$C$2:$LJ$294,0,139)+(INDEX(zips!$C$2:$LJ$294,0,139)=0))-1))/SUMPRODUCT(zips!$B$2:$B$294*(INDEX(zips!$C$2:$LJ$294,0,139)>0)*(INDEX(zips!$C$2:$LJ$294,0,140)>0))	=C140*(1+B141)	=100*C141/$C$242	162413.973	=100*E141/$E$242	62.9224	64.9669	=ROUND(D141-G141,2)+ROUND(F141-H141,2)
2011-09-30	=SUMPRODUCT(zips!$B$2:$B$294*(INDEX(zips!$C$2:$LJ$294,0,140)>0)*(INDEX(zips!$C$2:$LJ$294,0,141)>0)*(INDEX(zips!$C$2:$LJ$294,0,141)/(INDEX(zips!$C$2:$LJ$294,0,140)+(INDEX(zips!$C$2:$LJ$294,0,140)=0))-1))/SUMPRODUCT(zips!$B$2:$B$294*(INDEX(zips!$C$2:$LJ$294,0,140)>0)*(INDEX(zips!$C$2:$LJ$294,0,141)>0))	=C141*(1+B142)	=100*C142/$C$242	161915.9009	=100*E142/$E$242	62.7531	64.7677	=ROUND(D142-G142,2)+ROUND(F142-H142,2)
2011-10-31	=SUMPRODUCT(zips!$B$2:$B$294*(INDEX(zips!$C$2:$LJ$294,0,141)>0)*(INDEX(zips!$C$2:$LJ$294,0,142)>0)*(INDEX(zips!$C$2:$LJ$294,0,142)/(INDEX(zips!$C$2:$LJ$294,0,141)+(INDEX(zips!$C$2:$LJ$294,0,141)=0))-1))/SUMPRODUCT(zips!$B$2:$B$294*(INDEX(zips!$C$2:$LJ$294,0,141)>0)*(INDEX(zips!$C$2:$LJ$294,0,142)>0))	=C142*(1+B143)	=100*C143/$C$242	161420.5405	=100*E143/$E$242	62.5981	64.5695	=ROUND(D143-G143,2)+ROUND(F143-H143,2)
2011-11-30	=SUMPRODUCT(zips!$B$2:$B$294*(INDEX(zips!$C$2:$LJ$294,0,142)>0)*(INDEX(zips!$C$2:$LJ$294,0,143)>0)*(INDEX(zips!$C$2:$LJ$294,0,143)/(INDEX(zips!$C$2:$LJ$294,0,142)+(INDEX(zips!$C$2:$LJ$294,0,142)=0))-1))/SUMPRODUCT(zips!$B$2:$B$294*(INDEX(zips!$C$2:$LJ$294,0,142)>0)*(INDEX(zips!$C$2:$LJ$294,0,143)>0))	=C143*(1+B144)	=100*C144/$C$242	160993.5632	=100*E144/$E$242	62.4542	64.3987	=ROUND(D144-G144,2)+ROUND(F144-H144,2)
2011-12-31	=SUMPRODUCT(zips!$B$2:$B$294*(INDEX(zips!$C$2:$LJ$294,0,143)>0)*(INDEX(zips!$C$2:$LJ$294,0,144)>0)*(INDEX(zips!$C$2:$LJ$294,0,144)/(INDEX(zips!$C$2:$LJ$294,0,143)+(INDEX(zips!$C$2:$LJ$294,0,143)=0))-1))/SUMPRODUCT(zips!$B$2:$B$294*(INDEX(zips!$C$2:$LJ$294,0,143)>0)*(INDEX(zips!$C$2:$LJ$294,0,144)>0))	=C144*(1+B145)	=100*C145/$C$242	160621.0216	=100*E145/$E$242	62.3491	64.2497	=ROUND(D145-G145,2)+ROUND(F145-H145,2)
2012-01-31	=SUMPRODUCT(zips!$B$2:$B$294*(INDEX(zips!$C$2:$LJ$294,0,144)>0)*(INDEX(zips!$C$2:$LJ$294,0,145)>0)*(INDEX(zips!$C$2:$LJ$294,0,145)/(INDEX(zips!$C$2:$LJ$294,0,144)+(INDEX(zips!$C$2:$LJ$294,0,144)=0))-1))/SUMPRODUCT(zips!$B$2:$B$294*(INDEX(zips!$C$2:$LJ$294,0,144)>0)*(INDEX(zips!$C$2:$LJ$294,0,145)>0))	=C145*(1+B146)	=100*C146/$C$242	160394.2866	=100*E146/$E$242	62.3192	64.159	=ROUND(D146-G146,2)+ROUND(F146-H146,2)
2012-02-29	=SUMPRODUCT(zips!$B$2:$B$294*(INDEX(zips!$C$2:$LJ$294,0,145)>0)*(INDEX(zips!$C$2:$LJ$294,0,146)>0)*(INDEX(zips!$C$2:$LJ$294,0,146)/(INDEX(zips!$C$2:$LJ$294,0,145)+(INDEX(zips!$C$2:$LJ$294,0,145)=0))-1))/SUMPRODUCT(zips!$B$2:$B$294*(INDEX(zips!$C$2:$LJ$294,0,145)>0)*(INDEX(zips!$C$2:$LJ$294,0,146)>0))	=C146*(1+B147)	=100*C147/$C$242	160386.9772	=100*E147/$E$242	62.3888	64.1561	=ROUND(D147-G147,2)+ROUND(F147-H147,2)
2012-03-31	=SUMPRODUCT(zips!$B$2:$B$294*(INDEX(zips!$C$2:$LJ$294,0,146)>0)*(INDEX(zips!$C$2:$LJ$294,0,147)>0)*(INDEX(zips!$C$2:$LJ$294,0,147)/(INDEX(zips!$C$2:$LJ$294,0,146)+(INDEX(zips!$C$2:$LJ$294,0,146)=0))-1))/SUMPRODUCT(zips!$B$2:$B$294*(INDEX(zips!$C$2:$LJ$294,0,146)>0)*(INDEX(zips!$C$2:$LJ$294,0,147)>0))	=C147*(1+B148)	=100*C148/$C$242	160617.0743	=100*E148/$E$242	62.5265	64.2481	=ROUND(D148-G148,2)+ROUND(F148-H148,2)
2012-04-30	=SUMPRODUCT(zips!$B$2:$B$294*(INDEX(zips!$C$2:$LJ$294,0,147)>0)*(INDEX(zips!$C$2:$LJ$294,0,148)>0)*(INDEX(zips!$C$2:$LJ$294,0,148)/(INDEX(zips!$C$2:$LJ$294,0,147)+(INDEX(zips!$C$2:$LJ$294,0,147)=0))-1))/SUMPRODUCT(zips!$B$2:$B$294*(INDEX(zips!$C$2:$LJ$294,0,147)>0)*(INDEX(zips!$C$2:$LJ$294,0,148)>0))	=C148*(1+B149)	=100*C149/$C$242	161000.0624	=100*E149/$E$242	62.7143	64.4013	=ROUND(D149-G149,2)+ROUND(F149-H149,2)
2012-05-31	=SUMPRODUCT(zips!$B$2:$B$294*(INDEX(zips!$C$2:$LJ$294,0,148)>0)*(INDEX(zips!$C$2:$LJ$294,0,149)>0)*(INDEX(zips!$C$2:$LJ$294,0,149)/(INDEX(zips!$C$2:$LJ$294,0,148)+(INDEX(zips!$C$2:$LJ$294,0,148)=0))-1))/SUMPRODUCT(zips!$B$2:$B$294*(INDEX(zips!$C$2:$LJ$294,0,148)>0)*(INDEX(zips!$C$2:$LJ$294,0,149)>0))	=C149*(1+B150)	=100*C150/$C$242	161452.315	=100*E150/$E$242	62.9698	64.5822	=ROUND(D150-G150,2)+ROUND(F150-H150,2)
2012-06-30	=SUMPRODUCT(zips!$B$2:$B$294*(INDEX(zips!$C$2:$LJ$294,0,149)>0)*(INDEX(zips!$C$2:$LJ$294,0,150)>0)*(INDEX(zips!$C$2:$LJ$294,0,150)/(INDEX(zips!$C$2:$LJ$294,0,149)+(INDEX(zips!$C$2:$LJ$294,0,149)=0))-1))/SUMPRODUCT(zips!$B$2:$B$294*(INDEX(zips!$C$2:$LJ$294,0,149)>0)*(INDEX(zips!$C$2:$LJ$294,0,150)>0))	=C150*(1+B151)	=100*C151/$C$242	161977.9397	=100*E151/$E$242	63.2565	64.7925	=ROUND(D151-G151,2)+ROUND(F151-H151,2)
2012-07-31	=SUMPRODUCT(zips!$B$2:$B$294*(INDEX(zips!$C$2:$LJ$294,0,150)>0)*(INDEX(zips!$C$2:$LJ$294,0,151)>0)*(INDEX(zips!$C$2:$LJ$294,0,151)/(INDEX(zips!$C$2:$LJ$294,0,150)+(INDEX(zips!$C$2:$LJ$294,0,150)=0))-1))/SUMPRODUCT(zips!$B$2:$B$294*(INDEX(zips!$C$2:$LJ$294,0,150)>0)*(INDEX(zips!$C$2:$LJ$294,0,151)>0))	=C151*(1+B152)	=100*C152/$C$242	162543.3657	=100*E152/$E$242	63.5468	65.0187	=ROUND(D152-G152,2)+ROUND(F152-H152,2)
2012-08-31	=SUMPRODUCT(zips!$B$2:$B$294*(INDEX(zips!$C$2:$LJ$294,0,151)>0)*(INDEX(zips!$C$2:$LJ$294,0,152)>0)*(INDEX(zips!$C$2:$LJ$294,0,152)/(INDEX(zips!$C$2:$LJ$294,0,151)+(INDEX(zips!$C$2:$LJ$294,0,151)=0))-1))/SUMPRODUCT(zips!$B$2:$B$294*(INDEX(zips!$C$2:$LJ$294,0,151)>0)*(INDEX(zips!$C$2:$LJ$294,0,152)>0))	=C152*(1+B153)	=100*C153/$C$242	163026.1884	=100*E153/$E$242	63.7209	65.2118	=ROUND(D153-G153,2)+ROUND(F153-H153,2)
2012-09-30	=SUMPRODUCT(zips!$B$2:$B$294*(INDEX(zips!$C$2:$LJ$294,0,152)>0)*(INDEX(zips!$C$2:$LJ$294,0,153)>0)*(INDEX(zips!$C$2:$LJ$294,0,153)/(INDEX(zips!$C$2:$LJ$294,0,152)+(INDEX(zips!$C$2:$LJ$294,0,152)=0))-1))/SUMPRODUCT(zips!$B$2:$B$294*(INDEX(zips!$C$2:$LJ$294,0,152)>0)*(INDEX(zips!$C$2:$LJ$294,0,153)>0))	=C153*(1+B154)	=100*C154/$C$242	163581.7901	=100*E154/$E$242	63.8787	65.434	=ROUND(D154-G154,2)+ROUND(F154-H154,2)
2012-10-31	=SUMPRODUCT(zips!$B$2:$B$294*(INDEX(zips!$C$2:$LJ$294,0,153)>0)*(INDEX(zips!$C$2:$LJ$294,0,154)>0)*(INDEX(zips!$C$2:$LJ$294,0,154)/(INDEX(zips!$C$2:$LJ$294,0,153)+(INDEX(zips!$C$2:$LJ$294,0,153)=0))-1))/SUMPRODUCT(zips!$B$2:$B$294*(INDEX(zips!$C$2:$LJ$294,0,153)>0)*(INDEX(zips!$C$2:$LJ$294,0,154)>0))	=C154*(1+B155)	=100*C155/$C$242	164186.1318	=100*E155/$E$242	64.0098	65.6758	=ROUND(D155-G155,2)+ROUND(F155-H155,2)
2012-11-30	=SUMPRODUCT(zips!$B$2:$B$294*(INDEX(zips!$C$2:$LJ$294,0,154)>0)*(INDEX(zips!$C$2:$LJ$294,0,155)>0)*(INDEX(zips!$C$2:$LJ$294,0,155)/(INDEX(zips!$C$2:$LJ$294,0,154)+(INDEX(zips!$C$2:$LJ$294,0,154)=0))-1))/SUMPRODUCT(zips!$B$2:$B$294*(INDEX(zips!$C$2:$LJ$294,0,154)>0)*(INDEX(zips!$C$2:$LJ$294,0,155)>0))	=C155*(1+B156)	=100*C156/$C$242	164905.4779	=100*E156/$E$242	64.2107	65.9635	=ROUND(D156-G156,2)+ROUND(F156-H156,2)
2012-12-31	=SUMPRODUCT(zips!$B$2:$B$294*(INDEX(zips!$C$2:$LJ$294,0,155)>0)*(INDEX(zips!$C$2:$LJ$294,0,156)>0)*(INDEX(zips!$C$2:$LJ$294,0,156)/(INDEX(zips!$C$2:$LJ$294,0,155)+(INDEX(zips!$C$2:$LJ$294,0,155)=0))-1))/SUMPRODUCT(zips!$B$2:$B$294*(INDEX(zips!$C$2:$LJ$294,0,155)>0)*(INDEX(zips!$C$2:$LJ$294,0,156)>0))	=C156*(1+B157)	=100*C157/$C$242	165653.2966	=100*E157/$E$242	64.4242	66.2627	=ROUND(D157-G157,2)+ROUND(F157-H157,2)
2013-01-31	=SUMPRODUCT(zips!$B$2:$B$294*(INDEX(zips!$C$2:$LJ$294,0,156)>0)*(INDEX(zips!$C$2:$LJ$294,0,157)>0)*(INDEX(zips!$C$2:$LJ$294,0,157)/(INDEX(zips!$C$2:$LJ$294,0,156)+(INDEX(zips!$C$2:$LJ$294,0,156)=0))-1))/SUMPRODUCT(zips!$B$2:$B$294*(INDEX(zips!$C$2:$LJ$294,0,156)>0)*(INDEX(zips!$C$2:$LJ$294,0,157)>0))	=C157*(1+B158)	=100*C158/$C$242	166498.8142	=100*E158/$E$242	64.6888	66.6009	=ROUND(D158-G158,2)+ROUND(F158-H158,2)
2013-02-28	=SUMPRODUCT(zips!$B$2:$B$294*(INDEX(zips!$C$2:$LJ$294,0,157)>0)*(INDEX(zips!$C$2:$LJ$294,0,158)>0)*(INDEX(zips!$C$2:$LJ$294,0,158)/(INDEX(zips!$C$2:$LJ$294,0,157)+(INDEX(zips!$C$2:$LJ$294,0,157)=0))-1))/SUMPRODUCT(zips!$B$2:$B$294*(INDEX(zips!$C$2:$LJ$294,0,157)>0)*(INDEX(zips!$C$2:$LJ$294,0,158)>0))	=C158*(1+B159)	=100*C159/$C$242	167407.2751	=100*E159/$E$242	64.9652	66.9643	=ROUND(D159-G159,2)+ROUND(F159-H159,2)
2013-03-31	=SUMPRODUCT(zips!$B$2:$B$294*(INDEX(zips!$C$2:$LJ$294,0,158)>0)*(INDEX(zips!$C$2:$LJ$294,0,159)>0)*(INDEX(zips!$C$2:$LJ$294,0,159)/(INDEX(zips!$C$2:$LJ$294,0,158)+(INDEX(zips!$C$2:$LJ$294,0,158)=0))-1))/SUMPRODUCT(zips!$B$2:$B$294*(INDEX(zips!$C$2:$LJ$294,0,158)>0)*(INDEX(zips!$C$2:$LJ$294,0,159)>0))	=C159*(1+B160)	=100*C160/$C$242	168358.8055	=100*E160/$E$242	65.3218	67.3449	=ROUND(D160-G160,2)+ROUND(F160-H160,2)
2013-04-30	=SUMPRODUCT(zips!$B$2:$B$294*(INDEX(zips!$C$2:$LJ$294,0,159)>0)*(INDEX(zips!$C$2:$LJ$294,0,160)>0)*(INDEX(zips!$C$2:$LJ$294,0,160)/(INDEX(zips!$C$2:$LJ$294,0,159)+(INDEX(zips!$C$2:$LJ$294,0,159)=0))-1))/SUMPRODUCT(zips!$B$2:$B$294*(INDEX(zips!$C$2:$LJ$294,0,159)>0)*(INDEX(zips!$C$2:$LJ$294,0,160)>0))	=C160*(1+B161)	=100*C161/$C$242	169398.4469	=100*E161/$E$242	65.7225	67.7607	=ROUND(D161-G161,2)+ROUND(F161-H161,2)
2013-05-31	=SUMPRODUCT(zips!$B$2:$B$294*(INDEX(zips!$C$2:$LJ$294,0,160)>0)*(INDEX(zips!$C$2:$LJ$294,0,161)>0)*(INDEX(zips!$C$2:$LJ$294,0,161)/(INDEX(zips!$C$2:$LJ$294,0,160)+(INDEX(zips!$C$2:$LJ$294,0,160)=0))-1))/SUMPRODUCT(zips!$B$2:$B$294*(INDEX(zips!$C$2:$LJ$294,0,160)>0)*(INDEX(zips!$C$2:$LJ$294,0,161)>0))	=C161*(1+B162)	=100*C162/$C$242	170618.3616	=100*E162/$E$242	66.2198	68.2487	=ROUND(D162-G162,2)+ROUND(F162-H162,2)
2013-06-30	=SUMPRODUCT(zips!$B$2:$B$294*(INDEX(zips!$C$2:$LJ$294,0,161)>0)*(INDEX(zips!$C$2:$LJ$294,0,162)>0)*(INDEX(zips!$C$2:$LJ$294,0,162)/(INDEX(zips!$C$2:$LJ$294,0,161)+(INDEX(zips!$C$2:$LJ$294,0,161)=0))-1))/SUMPRODUCT(zips!$B$2:$B$294*(INDEX(zips!$C$2:$LJ$294,0,161)>0)*(INDEX(zips!$C$2:$LJ$294,0,162)>0))	=C162*(1+B163)	=100*C163/$C$242	171976.1153	=100*E163/$E$242	66.7534	68.7918	=ROUND(D163-G163,2)+ROUND(F163-H163,2)
2013-07-31	=SUMPRODUCT(zips!$B$2:$B$294*(INDEX(zips!$C$2:$LJ$294,0,162)>0)*(INDEX(zips!$C$2:$LJ$294,0,163)>0)*(INDEX(zips!$C$2:$LJ$294,0,163)/(INDEX(zips!$C$2:$LJ$294,0,162)+(INDEX(zips!$C$2:$LJ$294,0,162)=0))-1))/SUMPRODUCT(zips!$B$2:$B$294*(INDEX(zips!$C$2:$LJ$294,0,162)>0)*(INDEX(zips!$C$2:$LJ$294,0,163)>0))	=C163*(1+B164)	=100*C164/$C$242	173207.9804	=100*E164/$E$242	67.2481	69.2846	=ROUND(D164-G164,2)+ROUND(F164-H164,2)
2013-08-31	=SUMPRODUCT(zips!$B$2:$B$294*(INDEX(zips!$C$2:$LJ$294,0,163)>0)*(INDEX(zips!$C$2:$LJ$294,0,164)>0)*(INDEX(zips!$C$2:$LJ$294,0,164)/(INDEX(zips!$C$2:$LJ$294,0,163)+(INDEX(zips!$C$2:$LJ$294,0,163)=0))-1))/SUMPRODUCT(zips!$B$2:$B$294*(INDEX(zips!$C$2:$LJ$294,0,163)>0)*(INDEX(zips!$C$2:$LJ$294,0,164)>0))	=C164*(1+B165)	=100*C165/$C$242	174409.0529	=100*E165/$E$242	67.7082	69.765	=ROUND(D165-G165,2)+ROUND(F165-H165,2)
2013-09-30	=SUMPRODUCT(zips!$B$2:$B$294*(INDEX(zips!$C$2:$LJ$294,0,164)>0)*(INDEX(zips!$C$2:$LJ$294,0,165)>0)*(INDEX(zips!$C$2:$LJ$294,0,165)/(INDEX(zips!$C$2:$LJ$294,0,164)+(INDEX(zips!$C$2:$LJ$294,0,164)=0))-1))/SUMPRODUCT(zips!$B$2:$B$294*(INDEX(zips!$C$2:$LJ$294,0,164)>0)*(INDEX(zips!$C$2:$LJ$294,0,165)>0))	=C165*(1+B166)	=100*C166/$C$242	175486.0434	=100*E166/$E$242	68.0465	70.1958	=ROUND(D166-G166,2)+ROUND(F166-H166,2)
2013-10-31	=SUMPRODUCT(zips!$B$2:$B$294*(INDEX(zips!$C$2:$LJ$294,0,165)>0)*(INDEX(zips!$C$2:$LJ$294,0,166)>0)*(INDEX(zips!$C$2:$LJ$294,0,166)/(INDEX(zips!$C$2:$LJ$294,0,165)+(INDEX(zips!$C$2:$LJ$294,0,165)=0))-1))/SUMPRODUCT(zips!$B$2:$B$294*(INDEX(zips!$C$2:$LJ$294,0,165)>0)*(INDEX(zips!$C$2:$LJ$294,0,166)>0))	=C166*(1+B167)	=100*C167/$C$242	176684.3647	=100*E167/$E$242	68.3911	70.6752	=ROUND(D167-G167,2)+ROUND(F167-H167,2)
2013-11-30	=SUMPRODUCT(zips!$B$2:$B$294*(INDEX(zips!$C$2:$LJ$294,0,166)>0)*(INDEX(zips!$C$2:$LJ$294,0,167)>0)*(INDEX(zips!$C$2:$LJ$294,0,167)/(INDEX(zips!$C$2:$LJ$294,0,166)+(INDEX(zips!$C$2:$LJ$294,0,166)=0))-1))/SUMPRODUCT(zips!$B$2:$B$294*(INDEX(zips!$C$2:$LJ$294,0,166)>0)*(INDEX(zips!$C$2:$LJ$294,0,167)>0))	=C167*(1+B168)	=100*C168/$C$242	177654.5833	=100*E168/$E$242	68.663	71.0633	=ROUND(D168-G168,2)+ROUND(F168-H168,2)
2013-12-31	=SUMPRODUCT(zips!$B$2:$B$294*(INDEX(zips!$C$2:$LJ$294,0,167)>0)*(INDEX(zips!$C$2:$LJ$294,0,168)>0)*(INDEX(zips!$C$2:$LJ$294,0,168)/(INDEX(zips!$C$2:$LJ$294,0,167)+(INDEX(zips!$C$2:$LJ$294,0,167)=0))-1))/SUMPRODUCT(zips!$B$2:$B$294*(INDEX(zips!$C$2:$LJ$294,0,167)>0)*(INDEX(zips!$C$2:$LJ$294,0,168)>0))	=C168*(1+B169)	=100*C169/$C$242	178554.9852	=100*E169/$E$242	68.9751	71.4234	=ROUND(D169-G169,2)+ROUND(F169-H169,2)
2014-01-31	=SUMPRODUCT(zips!$B$2:$B$294*(INDEX(zips!$C$2:$LJ$294,0,168)>0)*(INDEX(zips!$C$2:$LJ$294,0,169)>0)*(INDEX(zips!$C$2:$LJ$294,0,169)/(INDEX(zips!$C$2:$LJ$294,0,168)+(INDEX(zips!$C$2:$LJ$294,0,168)=0))-1))/SUMPRODUCT(zips!$B$2:$B$294*(INDEX(zips!$C$2:$LJ$294,0,168)>0)*(INDEX(zips!$C$2:$LJ$294,0,169)>0))	=C169*(1+B170)	=100*C170/$C$242	179341.4076	=100*E170/$E$242	69.3274	71.738	=ROUND(D170-G170,2)+ROUND(F170-H170,2)
2014-02-28	=SUMPRODUCT(zips!$B$2:$B$294*(INDEX(zips!$C$2:$LJ$294,0,169)>0)*(INDEX(zips!$C$2:$LJ$294,0,170)>0)*(INDEX(zips!$C$2:$LJ$294,0,170)/(INDEX(zips!$C$2:$LJ$294,0,169)+(INDEX(zips!$C$2:$LJ$294,0,169)=0))-1))/SUMPRODUCT(zips!$B$2:$B$294*(INDEX(zips!$C$2:$LJ$294,0,169)>0)*(INDEX(zips!$C$2:$LJ$294,0,170)>0))	=C170*(1+B171)	=100*C171/$C$242	180180.9658	=100*E171/$E$242	69.7673	72.0738	=ROUND(D171-G171,2)+ROUND(F171-H171,2)
2014-03-31	=SUMPRODUCT(zips!$B$2:$B$294*(INDEX(zips!$C$2:$LJ$294,0,170)>0)*(INDEX(zips!$C$2:$LJ$294,0,171)>0)*(INDEX(zips!$C$2:$LJ$294,0,171)/(INDEX(zips!$C$2:$LJ$294,0,170)+(INDEX(zips!$C$2:$LJ$294,0,170)=0))-1))/SUMPRODUCT(zips!$B$2:$B$294*(INDEX(zips!$C$2:$LJ$294,0,170)>0)*(INDEX(zips!$C$2:$LJ$294,0,171)>0))	=C171*(1+B172)	=100*C172/$C$242	181020.0118	=100*E172/$E$242	70.2109	72.4095	=ROUND(D172-G172,2)+ROUND(F172-H172,2)
2014-04-30	=SUMPRODUCT(zips!$B$2:$B$294*(INDEX(zips!$C$2:$LJ$294,0,171)>0)*(INDEX(zips!$C$2:$LJ$294,0,172)>0)*(INDEX(zips!$C$2:$LJ$294,0,172)/(INDEX(zips!$C$2:$LJ$294,0,171)+(INDEX(zips!$C$2:$LJ$294,0,171)=0))-1))/SUMPRODUCT(zips!$B$2:$B$294*(INDEX(zips!$C$2:$LJ$294,0,171)>0)*(INDEX(zips!$C$2:$LJ$294,0,172)>0))	=C172*(1+B173)	=100*C173/$C$242	181857.357	=100*E173/$E$242	70.6558	72.7444	=ROUND(D173-G173,2)+ROUND(F173-H173,2)
2014-05-31	=SUMPRODUCT(zips!$B$2:$B$294*(INDEX(zips!$C$2:$LJ$294,0,172)>0)*(INDEX(zips!$C$2:$LJ$294,0,173)>0)*(INDEX(zips!$C$2:$LJ$294,0,173)/(INDEX(zips!$C$2:$LJ$294,0,172)+(INDEX(zips!$C$2:$LJ$294,0,172)=0))-1))/SUMPRODUCT(zips!$B$2:$B$294*(INDEX(zips!$C$2:$LJ$294,0,172)>0)*(INDEX(zips!$C$2:$LJ$294,0,173)>0))	=C173*(1+B174)	=100*C174/$C$242	182822.661	=100*E174/$E$242	71.1099	73.1305	=ROUND(D174-G174,2)+ROUND(F174-H174,2)
2014-06-30	=SUMPRODUCT(zips!$B$2:$B$294*(INDEX(zips!$C$2:$LJ$294,0,173)>0)*(INDEX(zips!$C$2:$LJ$294,0,174)>0)*(INDEX(zips!$C$2:$LJ$294,0,174)/(INDEX(zips!$C$2:$LJ$294,0,173)+(INDEX(zips!$C$2:$LJ$294,0,173)=0))-1))/SUMPRODUCT(zips!$B$2:$B$294*(INDEX(zips!$C$2:$LJ$294,0,173)>0)*(INDEX(zips!$C$2:$LJ$294,0,174)>0))	=C174*(1+B175)	=100*C175/$C$242	183684.629	=100*E175/$E$242	71.5484	73.4753	=ROUND(D175-G175,2)+ROUND(F175-H175,2)
2014-07-31	=SUMPRODUCT(zips!$B$2:$B$294*(INDEX(zips!$C$2:$LJ$294,0,174)>0)*(INDEX(zips!$C$2:$LJ$294,0,175)>0)*(INDEX(zips!$C$2:$LJ$294,0,175)/(INDEX(zips!$C$2:$LJ$294,0,174)+(INDEX(zips!$C$2:$LJ$294,0,174)=0))-1))/SUMPRODUCT(zips!$B$2:$B$294*(INDEX(zips!$C$2:$LJ$294,0,174)>0)*(INDEX(zips!$C$2:$LJ$294,0,175)>0))	=C175*(1+B176)	=100*C176/$C$242	184535.4244	=100*E176/$E$242	71.9969	73.8157	=ROUND(D176-G176,2)+ROUND(F176-H176,2)
2014-08-31	=SUMPRODUCT(zips!$B$2:$B$294*(INDEX(zips!$C$2:$LJ$294,0,175)>0)*(INDEX(zips!$C$2:$LJ$294,0,176)>0)*(INDEX(zips!$C$2:$LJ$294,0,176)/(INDEX(zips!$C$2:$LJ$294,0,175)+(INDEX(zips!$C$2:$LJ$294,0,175)=0))-1))/SUMPRODUCT(zips!$B$2:$B$294*(INDEX(zips!$C$2:$LJ$294,0,175)>0)*(INDEX(zips!$C$2:$LJ$294,0,176)>0))	=C176*(1+B177)	=100*C177/$C$242	185188.4578	=100*E177/$E$242	72.34	74.0769	=ROUND(D177-G177,2)+ROUND(F177-H177,2)
2014-09-30	=SUMPRODUCT(zips!$B$2:$B$294*(INDEX(zips!$C$2:$LJ$294,0,176)>0)*(INDEX(zips!$C$2:$LJ$294,0,177)>0)*(INDEX(zips!$C$2:$LJ$294,0,177)/(INDEX(zips!$C$2:$LJ$294,0,176)+(INDEX(zips!$C$2:$LJ$294,0,176)=0))-1))/SUMPRODUCT(zips!$B$2:$B$294*(INDEX(zips!$C$2:$LJ$294,0,176)>0)*(INDEX(zips!$C$2:$LJ$294,0,177)>0))	=C177*(1+B178)	=100*C178/$C$242	185802.0663	=100*E178/$E$242	72.6196	74.3223	=ROUND(D178-G178,2)+ROUND(F178-H178,2)
2014-10-31	=SUMPRODUCT(zips!$B$2:$B$294*(INDEX(zips!$C$2:$LJ$294,0,177)>0)*(INDEX(zips!$C$2:$LJ$294,0,178)>0)*(INDEX(zips!$C$2:$LJ$294,0,178)/(INDEX(zips!$C$2:$LJ$294,0,177)+(INDEX(zips!$C$2:$LJ$294,0,177)=0))-1))/SUMPRODUCT(zips!$B$2:$B$294*(INDEX(zips!$C$2:$LJ$294,0,177)>0)*(INDEX(zips!$C$2:$LJ$294,0,178)>0))	=C178*(1+B179)	=100*C179/$C$242	186203.1793	=100*E179/$E$242	72.7716	74.4828	=ROUND(D179-G179,2)+ROUND(F179-H179,2)
2014-11-30	=SUMPRODUCT(zips!$B$2:$B$294*(INDEX(zips!$C$2:$LJ$294,0,178)>0)*(INDEX(zips!$C$2:$LJ$294,0,179)>0)*(INDEX(zips!$C$2:$LJ$294,0,179)/(INDEX(zips!$C$2:$LJ$294,0,178)+(INDEX(zips!$C$2:$LJ$294,0,178)=0))-1))/SUMPRODUCT(zips!$B$2:$B$294*(INDEX(zips!$C$2:$LJ$294,0,178)>0)*(INDEX(zips!$C$2:$LJ$294,0,179)>0))	=C179*(1+B180)	=100*C180/$C$242	186726.0303	=100*E180/$E$242	73.0158	74.6919	=ROUND(D180-G180,2)+ROUND(F180-H180,2)
2014-12-31	=SUMPRODUCT(zips!$B$2:$B$294*(INDEX(zips!$C$2:$LJ$294,0,179)>0)*(INDEX(zips!$C$2:$LJ$294,0,180)>0)*(INDEX(zips!$C$2:$LJ$294,0,180)/(INDEX(zips!$C$2:$LJ$294,0,179)+(INDEX(zips!$C$2:$LJ$294,0,179)=0))-1))/SUMPRODUCT(zips!$B$2:$B$294*(INDEX(zips!$C$2:$LJ$294,0,179)>0)*(INDEX(zips!$C$2:$LJ$294,0,180)>0))	=C180*(1+B181)	=100*C181/$C$242	187368.0759	=100*E181/$E$242	73.346	74.9487	=ROUND(D181-G181,2)+ROUND(F181-H181,2)
2015-01-31	=SUMPRODUCT(zips!$B$2:$B$294*(INDEX(zips!$C$2:$LJ$294,0,180)>0)*(INDEX(zips!$C$2:$LJ$294,0,181)>0)*(INDEX(zips!$C$2:$LJ$294,0,181)/(INDEX(zips!$C$2:$LJ$294,0,180)+(INDEX(zips!$C$2:$LJ$294,0,180)=0))-1))/SUMPRODUCT(zips!$B$2:$B$294*(INDEX(zips!$C$2:$LJ$294,0,180)>0)*(INDEX(zips!$C$2:$LJ$294,0,181)>0))	=C181*(1+B182)	=100*C182/$C$242	188170.4204	=100*E182/$E$242	73.738	75.2697	=ROUND(D182-G182,2)+ROUND(F182-H182,2)
2015-02-28	=SUMPRODUCT(zips!$B$2:$B$294*(INDEX(zips!$C$2:$LJ$294,0,181)>0)*(INDEX(zips!$C$2:$LJ$294,0,182)>0)*(INDEX(zips!$C$2:$LJ$294,0,182)/(INDEX(zips!$C$2:$LJ$294,0,181)+(INDEX(zips!$C$2:$LJ$294,0,181)=0))-1))/SUMPRODUCT(zips!$B$2:$B$294*(INDEX(zips!$C$2:$LJ$294,0,181)>0)*(INDEX(zips!$C$2:$LJ$294,0,182)>0))	=C182*(1+B183)	=100*C183/$C$242	188980.4094	=100*E183/$E$242	74.1214	75.5937	=ROUND(D183-G183,2)+ROUND(F183-H183,2)
2015-03-31	=SUMPRODUCT(zips!$B$2:$B$294*(INDEX(zips!$C$2:$LJ$294,0,182)>0)*(INDEX(zips!$C$2:$LJ$294,0,183)>0)*(INDEX(zips!$C$2:$LJ$294,0,183)/(INDEX(zips!$C$2:$LJ$294,0,182)+(INDEX(zips!$C$2:$LJ$294,0,182)=0))-1))/SUMPRODUCT(zips!$B$2:$B$294*(INDEX(zips!$C$2:$LJ$294,0,182)>0)*(INDEX(zips!$C$2:$LJ$294,0,183)>0))	=C183*(1+B184)	=100*C184/$C$242	189806.7098	=100*E184/$E$242	74.5062	75.9242	=ROUND(D184-G184,2)+ROUND(F184-H184,2)
2015-04-30	=SUMPRODUCT(zips!$B$2:$B$294*(INDEX(zips!$C$2:$LJ$294,0,183)>0)*(INDEX(zips!$C$2:$LJ$294,0,184)>0)*(INDEX(zips!$C$2:$LJ$294,0,184)/(INDEX(zips!$C$2:$LJ$294,0,183)+(INDEX(zips!$C$2:$LJ$294,0,183)=0))-1))/SUMPRODUCT(zips!$B$2:$B$294*(INDEX(zips!$C$2:$LJ$294,0,183)>0)*(INDEX(zips!$C$2:$LJ$294,0,184)>0))	=C184*(1+B185)	=100*C185/$C$242	190714.7804	=100*E185/$E$242	74.9337	76.2875	=ROUND(D185-G185,2)+ROUND(F185-H185,2)
2015-05-31	=SUMPRODUCT(zips!$B$2:$B$294*(INDEX(zips!$C$2:$LJ$294,0,184)>0)*(INDEX(zips!$C$2:$LJ$294,0,185)>0)*(INDEX(zips!$C$2:$LJ$294,0,185)/(INDEX(zips!$C$2:$LJ$294,0,184)+(INDEX(zips!$C$2:$LJ$294,0,184)=0))-1))/SUMPRODUCT(zips!$B$2:$B$294*(INDEX(zips!$C$2:$LJ$294,0,184)>0)*(INDEX(zips!$C$2:$LJ$294,0,185)>0))	=C185*(1+B186)	=100*C186/$C$242	191713.9308	=100*E186/$E$242	75.4136	76.6871	=ROUND(D186-G186,2)+ROUND(F186-H186,2)
2015-06-30	=SUMPRODUCT(zips!$B$2:$B$294*(INDEX(zips!$C$2:$LJ$294,0,185)>0)*(INDEX(zips!$C$2:$LJ$294,0,186)>0)*(INDEX(zips!$C$2:$LJ$294,0,186)/(INDEX(zips!$C$2:$LJ$294,0,185)+(INDEX(zips!$C$2:$LJ$294,0,185)=0))-1))/SUMPRODUCT(zips!$B$2:$B$294*(INDEX(zips!$C$2:$LJ$294,0,185)>0)*(INDEX(zips!$C$2:$LJ$294,0,186)>0))	=C186*(1+B187)	=100*C187/$C$242	192681.5038	=100*E187/$E$242	75.8932	77.0742	=ROUND(D187-G187,2)+ROUND(F187-H187,2)
2015-07-31	=SUMPRODUCT(zips!$B$2:$B$294*(INDEX(zips!$C$2:$LJ$294,0,186)>0)*(INDEX(zips!$C$2:$LJ$294,0,187)>0)*(INDEX(zips!$C$2:$LJ$294,0,187)/(INDEX(zips!$C$2:$LJ$294,0,186)+(INDEX(zips!$C$2:$LJ$294,0,186)=0))-1))/SUMPRODUCT(zips!$B$2:$B$294*(INDEX(zips!$C$2:$LJ$294,0,186)>0)*(INDEX(zips!$C$2:$LJ$294,0,187)>0))	=C187*(1+B188)	=100*C188/$C$242	193679.9383	=100*E188/$E$242	76.4092	77.4735	=ROUND(D188-G188,2)+ROUND(F188-H188,2)
2015-08-31	=SUMPRODUCT(zips!$B$2:$B$294*(INDEX(zips!$C$2:$LJ$294,0,187)>0)*(INDEX(zips!$C$2:$LJ$294,0,188)>0)*(INDEX(zips!$C$2:$LJ$294,0,188)/(INDEX(zips!$C$2:$LJ$294,0,187)+(INDEX(zips!$C$2:$LJ$294,0,187)=0))-1))/SUMPRODUCT(zips!$B$2:$B$294*(INDEX(zips!$C$2:$LJ$294,0,187)>0)*(INDEX(zips!$C$2:$LJ$294,0,188)>0))	=C188*(1+B189)	=100*C189/$C$242	194724.7655	=100*E189/$E$242	76.9154	77.8915	=ROUND(D189-G189,2)+ROUND(F189-H189,2)
2015-09-30	=SUMPRODUCT(zips!$B$2:$B$294*(INDEX(zips!$C$2:$LJ$294,0,188)>0)*(INDEX(zips!$C$2:$LJ$294,0,189)>0)*(INDEX(zips!$C$2:$LJ$294,0,189)/(INDEX(zips!$C$2:$LJ$294,0,188)+(INDEX(zips!$C$2:$LJ$294,0,188)=0))-1))/SUMPRODUCT(zips!$B$2:$B$294*(INDEX(zips!$C$2:$LJ$294,0,188)>0)*(INDEX(zips!$C$2:$LJ$294,0,189)>0))	=C189*(1+B190)	=100*C190/$C$242	195880.2882	=100*E190/$E$242	77.4519	78.3537	=ROUND(D190-G190,2)+ROUND(F190-H190,2)
2015-10-31	=SUMPRODUCT(zips!$B$2:$B$294*(INDEX(zips!$C$2:$LJ$294,0,189)>0)*(INDEX(zips!$C$2:$LJ$294,0,190)>0)*(INDEX(zips!$C$2:$LJ$294,0,190)/(INDEX(zips!$C$2:$LJ$294,0,189)+(INDEX(zips!$C$2:$LJ$294,0,189)=0))-1))/SUMPRODUCT(zips!$B$2:$B$294*(INDEX(zips!$C$2:$LJ$294,0,189)>0)*(INDEX(zips!$C$2:$LJ$294,0,190)>0))	=C190*(1+B191)	=100*C191/$C$242	197086.4561	=100*E191/$E$242	77.9699	78.8362	=ROUND(D191-G191,2)+ROUND(F191-H191,2)
2015-11-30	=SUMPRODUCT(zips!$B$2:$B$294*(INDEX(zips!$C$2:$LJ$294,0,190)>0)*(INDEX(zips!$C$2:$LJ$294,0,191)>0)*(INDEX(zips!$C$2:$LJ$294,0,191)/(INDEX(zips!$C$2:$LJ$294,0,190)+(INDEX(zips!$C$2:$LJ$294,0,190)=0))-1))/SUMPRODUCT(zips!$B$2:$B$294*(INDEX(zips!$C$2:$LJ$294,0,190)>0)*(INDEX(zips!$C$2:$LJ$294,0,191)>0))	=C191*(1+B192)	=100*C192/$C$242	198163.4503	=100*E192/$E$242	78.4209	79.267	=ROUND(D192-G192,2)+ROUND(F192-H192,2)
2015-12-31	=SUMPRODUCT(zips!$B$2:$B$294*(INDEX(zips!$C$2:$LJ$294,0,191)>0)*(INDEX(zips!$C$2:$LJ$294,0,192)>0)*(INDEX(zips!$C$2:$LJ$294,0,192)/(INDEX(zips!$C$2:$LJ$294,0,191)+(INDEX(zips!$C$2:$LJ$294,0,191)=0))-1))/SUMPRODUCT(zips!$B$2:$B$294*(INDEX(zips!$C$2:$LJ$294,0,191)>0)*(INDEX(zips!$C$2:$LJ$294,0,192)>0))	=C192*(1+B193)	=100*C193/$C$242	199230.4456	=100*E193/$E$242	78.8532	79.6938	=ROUND(D193-G193,2)+ROUND(F193-H193,2)
2016-01-31	=SUMPRODUCT(zips!$B$2:$B$294*(INDEX(zips!$C$2:$LJ$294,0,192)>0)*(INDEX(zips!$C$2:$LJ$294,0,193)>0)*(INDEX(zips!$C$2:$LJ$294,0,193)/(INDEX(zips!$C$2:$LJ$294,0,192)+(INDEX(zips!$C$2:$LJ$294,0,192)=0))-1))/SUMPRODUCT(zips!$B$2:$B$294*(INDEX(zips!$C$2:$LJ$294,0,192)>0)*(INDEX(zips!$C$2:$LJ$294,0,193)>0))	=C193*(1+B194)	=100*C194/$C$242	200386.4029	=100*E194/$E$242	79.3242	80.1562	=ROUND(D194-G194,2)+ROUND(F194-H194,2)
2016-02-29	=SUMPRODUCT(zips!$B$2:$B$294*(INDEX(zips!$C$2:$LJ$294,0,193)>0)*(INDEX(zips!$C$2:$LJ$294,0,194)>0)*(INDEX(zips!$C$2:$LJ$294,0,194)/(INDEX(zips!$C$2:$LJ$294,0,193)+(INDEX(zips!$C$2:$LJ$294,0,193)=0))-1))/SUMPRODUCT(zips!$B$2:$B$294*(INDEX(zips!$C$2:$LJ$294,0,193)>0)*(INDEX(zips!$C$2:$LJ$294,0,194)>0))	=C194*(1+B195)	=100*C195/$C$242	201541.7442	=100*E195/$E$242	79.7923	80.6183	=ROUND(D195-G195,2)+ROUND(F195-H195,2)
2016-03-31	=SUMPRODUCT(zips!$B$2:$B$294*(INDEX(zips!$C$2:$LJ$294,0,194)>0)*(INDEX(zips!$C$2:$LJ$294,0,195)>0)*(INDEX(zips!$C$2:$LJ$294,0,195)/(INDEX(zips!$C$2:$LJ$294,0,194)+(INDEX(zips!$C$2:$LJ$294,0,194)=0))-1))/SUMPRODUCT(zips!$B$2:$B$294*(INDEX(zips!$C$2:$LJ$294,0,194)>0)*(INDEX(zips!$C$2:$LJ$294,0,195)>0))	=C195*(1+B196)	=100*C196/$C$242	202391.4555	=100*E196/$E$242	80.1346	80.9582	=ROUND(D196-G196,2)+ROUND(F196-H196,2)
2016-04-30	=SUMPRODUCT(zips!$B$2:$B$294*(INDEX(zips!$C$2:$LJ$294,0,195)>0)*(INDEX(zips!$C$2:$LJ$294,0,196)>0)*(INDEX(zips!$C$2:$LJ$294,0,196)/(INDEX(zips!$C$2:$LJ$294,0,195)+(INDEX(zips!$C$2:$LJ$294,0,195)=0))-1))/SUMPRODUCT(zips!$B$2:$B$294*(INDEX(zips!$C$2:$LJ$294,0,195)>0)*(INDEX(zips!$C$2:$LJ$294,0,196)>0))	=C196*(1+B197)	=100*C197/$C$242	203162.4995	=100*E197/$E$242	80.473	81.2666	=ROUND(D197-G197,2)+ROUND(F197-H197,2)
2016-05-31	=SUMPRODUCT(zips!$B$2:$B$294*(INDEX(zips!$C$2:$LJ$294,0,196)>0)*(INDEX(zips!$C$2:$LJ$294,0,197)>0)*(INDEX(zips!$C$2:$LJ$294,0,197)/(INDEX(zips!$C$2:$LJ$294,0,196)+(INDEX(zips!$C$2:$LJ$294,0,196)=0))-1))/SUMPRODUCT(zips!$B$2:$B$294*(INDEX(zips!$C$2:$LJ$294,0,196)>0)*(INDEX(zips!$C$2:$LJ$294,0,197)>0))	=C197*(1+B198)	=100*C198/$C$242	203943.3955	=100*E198/$E$242	80.8419	81.579	=ROUND(D198-G198,2)+ROUND(F198-H198,2)
2016-06-30	=SUMPRODUCT(zips!$B$2:$B$294*(INDEX(zips!$C$2:$LJ$294,0,197)>0)*(INDEX(zips!$C$2:$LJ$294,0,198)>0)*(INDEX(zips!$C$2:$LJ$294,0,198)/(INDEX(zips!$C$2:$LJ$294,0,197)+(INDEX(zips!$C$2:$LJ$294,0,197)=0))-1))/SUMPRODUCT(zips!$B$2:$B$294*(INDEX(zips!$C$2:$LJ$294,0,197)>0)*(INDEX(zips!$C$2:$LJ$294,0,198)>0))	=C198*(1+B199)	=100*C199/$C$242	204896.2094	=100*E199/$E$242	81.2834	81.9601	=ROUND(D199-G199,2)+ROUND(F199-H199,2)
2016-07-31	=SUMPRODUCT(zips!$B$2:$B$294*(INDEX(zips!$C$2:$LJ$294,0,198)>0)*(INDEX(zips!$C$2:$LJ$294,0,199)>0)*(INDEX(zips!$C$2:$LJ$294,0,199)/(INDEX(zips!$C$2:$LJ$294,0,198)+(INDEX(zips!$C$2:$LJ$294,0,198)=0))-1))/SUMPRODUCT(zips!$B$2:$B$294*(INDEX(zips!$C$2:$LJ$294,0,198)>0)*(INDEX(zips!$C$2:$LJ$294,0,199)>0))	=C199*(1+B200)	=100*C200/$C$242	205631.5075	=100*E200/$E$242	81.639	82.2543	=ROUND(D200-G200,2)+ROUND(F200-H200,2)
2016-08-31	=SUMPRODUCT(zips!$B$2:$B$294*(INDEX(zips!$C$2:$LJ$294,0,199)>0)*(INDEX(zips!$C$2:$LJ$294,0,200)>0)*(INDEX(zips!$C$2:$LJ$294,0,200)/(INDEX(zips!$C$2:$LJ$294,0,199)+(INDEX(zips!$C$2:$LJ$294,0,199)=0))-1))/SUMPRODUCT(zips!$B$2:$B$294*(INDEX(zips!$C$2:$LJ$294,0,199)>0)*(INDEX(zips!$C$2:$LJ$294,0,200)>0))	=C200*(1+B201)	=100*C201/$C$242	206328.0273	=100*E201/$E$242	82.0021	82.5329	=ROUND(D201-G201,2)+ROUND(F201-H201,2)
2016-09-30	=SUMPRODUCT(zips!$B$2:$B$294*(INDEX(zips!$C$2:$LJ$294,0,200)>0)*(INDEX(zips!$C$2:$LJ$294,0,201)>0)*(INDEX(zips!$C$2:$LJ$294,0,201)/(INDEX(zips!$C$2:$LJ$294,0,200)+(INDEX(zips!$C$2:$LJ$294,0,200)=0))-1))/SUMPRODUCT(zips!$B$2:$B$294*(INDEX(zips!$C$2:$LJ$294,0,200)>0)*(INDEX(zips!$C$2:$LJ$294,0,201)>0))	=C201*(1+B202)	=100*C202/$C$242	207095.3789	=100*E202/$E$242	82.4129	82.8398	=ROUND(D202-G202,2)+ROUND(F202-H202,2)
2016-10-31	=SUMPRODUCT(zips!$B$2:$B$294*(INDEX(zips!$C$2:$LJ$294,0,201)>0)*(INDEX(zips!$C$2:$LJ$294,0,202)>0)*(INDEX(zips!$C$2:$LJ$294,0,202)/(INDEX(zips!$C$2:$LJ$294,0,201)+(INDEX(zips!$C$2:$LJ$294,0,201)=0))-1))/SUMPRODUCT(zips!$B$2:$B$294*(INDEX(zips!$C$2:$LJ$294,0,201)>0)*(INDEX(zips!$C$2:$LJ$294,0,202)>0))	=C202*(1+B203)	=100*C203/$C$242	208048.7789	=100*E203/$E$242	82.9084	83.2212	=ROUND(D203-G203,2)+ROUND(F203-H203,2)
2016-11-30	=SUMPRODUCT(zips!$B$2:$B$294*(INDEX(zips!$C$2:$LJ$294,0,202)>0)*(INDEX(zips!$C$2:$LJ$294,0,203)>0)*(INDEX(zips!$C$2:$LJ$294,0,203)/(INDEX(zips!$C$2:$LJ$294,0,202)+(INDEX(zips!$C$2:$LJ$294,0,202)=0))-1))/SUMPRODUCT(zips!$B$2:$B$294*(INDEX(zips!$C$2:$LJ$294,0,202)>0)*(INDEX(zips!$C$2:$LJ$294,0,203)>0))	=C203*(1+B204)	=100*C204/$C$242	209092.137	=100*E204/$E$242	83.4037	83.6385	=ROUND(D204-G204,2)+ROUND(F204-H204,2)
2016-12-31	=SUMPRODUCT(zips!$B$2:$B$294*(INDEX(zips!$C$2:$LJ$294,0,203)>0)*(INDEX(zips!$C$2:$LJ$294,0,204)>0)*(INDEX(zips!$C$2:$LJ$294,0,204)/(INDEX(zips!$C$2:$LJ$294,0,203)+(INDEX(zips!$C$2:$LJ$294,0,203)=0))-1))/SUMPRODUCT(zips!$B$2:$B$294*(INDEX(zips!$C$2:$LJ$294,0,203)>0)*(INDEX(zips!$C$2:$LJ$294,0,204)>0))	=C204*(1+B205)	=100*C205/$C$242	210196.1407	=100*E205/$E$242	83.8748	84.0802	=ROUND(D205-G205,2)+ROUND(F205-H205,2)
2017-01-31	=SUMPRODUCT(zips!$B$2:$B$294*(INDEX(zips!$C$2:$LJ$294,0,204)>0)*(INDEX(zips!$C$2:$LJ$294,0,205)>0)*(INDEX(zips!$C$2:$LJ$294,0,205)/(INDEX(zips!$C$2:$LJ$294,0,204)+(INDEX(zips!$C$2:$LJ$294,0,204)=0))-1))/SUMPRODUCT(zips!$B$2:$B$294*(INDEX(zips!$C$2:$LJ$294,0,204)>0)*(INDEX(zips!$C$2:$LJ$294,0,205)>0))	=C205*(1+B206)	=100*C206/$C$242	211300.3494	=100*E206/$E$242	84.3008	84.5218	=ROUND(D206-G206,2)+ROUND(F206-H206,2)
2017-02-28	=SUMPRODUCT(zips!$B$2:$B$294*(INDEX(zips!$C$2:$LJ$294,0,205)>0)*(INDEX(zips!$C$2:$LJ$294,0,206)>0)*(INDEX(zips!$C$2:$LJ$294,0,206)/(INDEX(zips!$C$2:$LJ$294,0,205)+(INDEX(zips!$C$2:$LJ$294,0,205)=0))-1))/SUMPRODUCT(zips!$B$2:$B$294*(INDEX(zips!$C$2:$LJ$294,0,205)>0)*(INDEX(zips!$C$2:$LJ$294,0,206)>0))	=C206*(1+B207)	=100*C207/$C$242	212445.421	=100*E207/$E$242	84.713	84.9799	=ROUND(D207-G207,2)+ROUND(F207-H207,2)
2017-03-31	=SUMPRODUCT(zips!$B$2:$B$294*(INDEX(zips!$C$2:$LJ$294,0,206)>0)*(INDEX(zips!$C$2:$LJ$294,0,207)>0)*(INDEX(zips!$C$2:$LJ$294,0,207)/(INDEX(zips!$C$2:$LJ$294,0,206)+(INDEX(zips!$C$2:$LJ$294,0,206)=0))-1))/SUMPRODUCT(zips!$B$2:$B$294*(INDEX(zips!$C$2:$LJ$294,0,206)>0)*(INDEX(zips!$C$2:$LJ$294,0,207)>0))	=C207*(1+B208)	=100*C208/$C$242	213622.2284	=100*E208/$E$242	85.1168	85.4506	=ROUND(D208-G208,2)+ROUND(F208-H208,2)
2017-04-30	=SUMPRODUCT(zips!$B$2:$B$294*(INDEX(zips!$C$2:$LJ$294,0,207)>0)*(INDEX(zips!$C$2:$LJ$294,0,208)>0)*(INDEX(zips!$C$2:$LJ$294,0,208)/(INDEX(zips!$C$2:$LJ$294,0,207)+(INDEX(zips!$C$2:$LJ$294,0,207)=0))-1))/SUMPRODUCT(zips!$B$2:$B$294*(INDEX(zips!$C$2:$LJ$294,0,207)>0)*(INDEX(zips!$C$2:$LJ$294,0,208)>0))	=C208*(1+B209)	=100*C209/$C$242	214913.6738	=100*E209/$E$242	85.5536	85.9672	=ROUND(D209-G209,2)+ROUND(F209-H209,2)
2017-05-31	=SUMPRODUCT(zips!$B$2:$B$294*(INDEX(zips!$C$2:$LJ$294,0,208)>0)*(INDEX(zips!$C$2:$LJ$294,0,209)>0)*(INDEX(zips!$C$2:$LJ$294,0,209)/(INDEX(zips!$C$2:$LJ$294,0,208)+(INDEX(zips!$C$2:$LJ$294,0,208)=0))-1))/SUMPRODUCT(zips!$B$2:$B$294*(INDEX(zips!$C$2:$LJ$294,0,208)>0)*(INDEX(zips!$C$2:$LJ$294,0,209)>0))	=C209*(1+B210)	=100*C210/$C$242	216083.765	=100*E210/$E$242	85.9327	86.4352	=ROUND(D210-G210,2)+ROUND(F210-H210,2)
2017-06-30	=SUMPRODUCT(zips!$B$2:$B$294*(INDEX(zips!$C$2:$LJ$294,0,209)>0)*(INDEX(zips!$C$2:$LJ$294,0,210)>0)*(INDEX(zips!$C$2:$LJ$294,0,210)/(INDEX(zips!$C$2:$LJ$294,0,209)+(INDEX(zips!$C$2:$LJ$294,0,209)=0))-1))/SUMPRODUCT(zips!$B$2:$B$294*(INDEX(zips!$C$2:$LJ$294,0,209)>0)*(INDEX(zips!$C$2:$LJ$294,0,210)>0))	=C210*(1+B211)	=100*C211/$C$242	217178.7732	=100*E211/$E$242	86.3102	86.8733	=ROUND(D211-G211,2)+ROUND(F211-H211,2)
2017-07-31	=SUMPRODUCT(zips!$B$2:$B$294*(INDEX(zips!$C$2:$LJ$294,0,210)>0)*(INDEX(zips!$C$2:$LJ$294,0,211)>0)*(INDEX(zips!$C$2:$LJ$294,0,211)/(INDEX(zips!$C$2:$LJ$294,0,210)+(INDEX(zips!$C$2:$LJ$294,0,210)=0))-1))/SUMPRODUCT(zips!$B$2:$B$294*(INDEX(zips!$C$2:$LJ$294,0,210)>0)*(INDEX(zips!$C$2:$LJ$294,0,211)>0))	=C211*(1+B212)	=100*C212/$C$242	218102.294	=100*E212/$E$242	86.7028	87.2427	=ROUND(D212-G212,2)+ROUND(F212-H212,2)
2017-08-31	=SUMPRODUCT(zips!$B$2:$B$294*(INDEX(zips!$C$2:$LJ$294,0,211)>0)*(INDEX(zips!$C$2:$LJ$294,0,212)>0)*(INDEX(zips!$C$2:$LJ$294,0,212)/(INDEX(zips!$C$2:$LJ$294,0,211)+(INDEX(zips!$C$2:$LJ$294,0,211)=0))-1))/SUMPRODUCT(zips!$B$2:$B$294*(INDEX(zips!$C$2:$LJ$294,0,211)>0)*(INDEX(zips!$C$2:$LJ$294,0,212)>0))	=C212*(1+B213)	=100*C213/$C$242	219034.901	=100*E213/$E$242	87.1675	87.6157	=ROUND(D213-G213,2)+ROUND(F213-H213,2)
2017-09-30	=SUMPRODUCT(zips!$B$2:$B$294*(INDEX(zips!$C$2:$LJ$294,0,212)>0)*(INDEX(zips!$C$2:$LJ$294,0,213)>0)*(INDEX(zips!$C$2:$LJ$294,0,213)/(INDEX(zips!$C$2:$LJ$294,0,212)+(INDEX(zips!$C$2:$LJ$294,0,212)=0))-1))/SUMPRODUCT(zips!$B$2:$B$294*(INDEX(zips!$C$2:$LJ$294,0,212)>0)*(INDEX(zips!$C$2:$LJ$294,0,213)>0))	=C213*(1+B214)	=100*C214/$C$242	220014.1974	=100*E214/$E$242	87.6797	88.0075	=ROUND(D214-G214,2)+ROUND(F214-H214,2)
2017-10-31	=SUMPRODUCT(zips!$B$2:$B$294*(INDEX(zips!$C$2:$LJ$294,0,213)>0)*(INDEX(zips!$C$2:$LJ$294,0,214)>0)*(INDEX(zips!$C$2:$LJ$294,0,214)/(INDEX(zips!$C$2:$LJ$294,0,213)+(INDEX(zips!$C$2:$LJ$294,0,213)=0))-1))/SUMPRODUCT(zips!$B$2:$B$294*(INDEX(zips!$C$2:$LJ$294,0,213)>0)*(INDEX(zips!$C$2:$LJ$294,0,214)>0))	=C214*(1+B215)	=100*C215/$C$242	221132.1004	=100*E215/$E$242	88.1949	88.4546	=ROUND(D215-G215,2)+ROUND(F215-H215,2)
2017-11-30	=SUMPRODUCT(zips!$B$2:$B$294*(INDEX(zips!$C$2:$LJ$294,0,214)>0)*(INDEX(zips!$C$2:$LJ$294,0,215)>0)*(INDEX(zips!$C$2:$LJ$294,0,215)/(INDEX(zips!$C$2:$LJ$294,0,214)+(INDEX(zips!$C$2:$LJ$294,0,214)=0))-1))/SUMPRODUCT(zips!$B$2:$B$294*(INDEX(zips!$C$2:$LJ$294,0,214)>0)*(INDEX(zips!$C$2:$LJ$294,0,215)>0))	=C215*(1+B216)	=100*C216/$C$242	222350.606	=100*E216/$E$242	88.729	88.942	=ROUND(D216-G216,2)+ROUND(F216-H216,2)
2017-12-31	=SUMPRODUCT(zips!$B$2:$B$294*(INDEX(zips!$C$2:$LJ$294,0,215)>0)*(INDEX(zips!$C$2:$LJ$294,0,216)>0)*(INDEX(zips!$C$2:$LJ$294,0,216)/(INDEX(zips!$C$2:$LJ$294,0,215)+(INDEX(zips!$C$2:$LJ$294,0,215)=0))-1))/SUMPRODUCT(zips!$B$2:$B$294*(INDEX(zips!$C$2:$LJ$294,0,215)>0)*(INDEX(zips!$C$2:$LJ$294,0,216)>0))	=C216*(1+B217)	=100*C217/$C$242	223622.0843	=100*E217/$E$242	89.2684	89.4506	=ROUND(D217-G217,2)+ROUND(F217-H217,2)
2018-01-31	=SUMPRODUCT(zips!$B$2:$B$294*(INDEX(zips!$C$2:$LJ$294,0,216)>0)*(INDEX(zips!$C$2:$LJ$294,0,217)>0)*(INDEX(zips!$C$2:$LJ$294,0,217)/(INDEX(zips!$C$2:$LJ$294,0,216)+(INDEX(zips!$C$2:$LJ$294,0,216)=0))-1))/SUMPRODUCT(zips!$B$2:$B$294*(INDEX(zips!$C$2:$LJ$294,0,216)>0)*(INDEX(zips!$C$2:$LJ$294,0,217)>0))	=C217*(1+B218)	=100*C218/$C$242	224888.1131	=100*E218/$E$242	89.7639	89.9571	=ROUND(D218-G218,2)+ROUND(F218-H218,2)
2018-02-28	=SUMPRODUCT(zips!$B$2:$B$294*(INDEX(zips!$C$2:$LJ$294,0,217)>0)*(INDEX(zips!$C$2:$LJ$294,0,218)>0)*(INDEX(zips!$C$2:$LJ$294,0,218)/(INDEX(zips!$C$2:$LJ$294,0,217)+(INDEX(zips!$C$2:$LJ$294,0,217)=0))-1))/SUMPRODUCT(zips!$B$2:$B$294*(INDEX(zips!$C$2:$LJ$294,0,217)>0)*(INDEX(zips!$C$2:$LJ$294,0,218)>0))	=C218*(1+B219)	=100*C219/$C$242	226108.5058	=100*E219/$E$242	90.2217	90.4452	=ROUND(D219-G219,2)+ROUND(F219-H219,2)
2018-03-31	=SUMPRODUCT(zips!$B$2:$B$294*(INDEX(zips!$C$2:$LJ$294,0,218)>0)*(INDEX(zips!$C$2:$LJ$294,0,219)>0)*(INDEX(zips!$C$2:$LJ$294,0,219)/(INDEX(zips!$C$2:$LJ$294,0,218)+(INDEX(zips!$C$2:$LJ$294,0,218)=0))-1))/SUMPRODUCT(zips!$B$2:$B$294*(INDEX(zips!$C$2:$LJ$294,0,218)>0)*(INDEX(zips!$C$2:$LJ$294,0,219)>0))	=C219*(1+B220)	=100*C220/$C$242	227516.2867	=100*E220/$E$242	90.7817	91.0083	=ROUND(D220-G220,2)+ROUND(F220-H220,2)
2018-04-30	=SUMPRODUCT(zips!$B$2:$B$294*(INDEX(zips!$C$2:$LJ$294,0,219)>0)*(INDEX(zips!$C$2:$LJ$294,0,220)>0)*(INDEX(zips!$C$2:$LJ$294,0,220)/(INDEX(zips!$C$2:$LJ$294,0,219)+(INDEX(zips!$C$2:$LJ$294,0,219)=0))-1))/SUMPRODUCT(zips!$B$2:$B$294*(INDEX(zips!$C$2:$LJ$294,0,219)>0)*(INDEX(zips!$C$2:$LJ$294,0,220)>0))	=C220*(1+B221)	=100*C221/$C$242	228792.5739	=100*E221/$E$242	91.3198	91.5189	=ROUND(D221-G221,2)+ROUND(F221-H221,2)
2018-05-31	=SUMPRODUCT(zips!$B$2:$B$294*(INDEX(zips!$C$2:$LJ$294,0,220)>0)*(INDEX(zips!$C$2:$LJ$294,0,221)>0)*(INDEX(zips!$C$2:$LJ$294,0,221)/(INDEX(zips!$C$2:$LJ$294,0,220)+(INDEX(zips!$C$2:$LJ$294,0,220)=0))-1))/SUMPRODUCT(zips!$B$2:$B$294*(INDEX(zips!$C$2:$LJ$294,0,220)>0)*(INDEX(zips!$C$2:$LJ$294,0,221)>0))	=C221*(1+B222)	=100*C222/$C$242	230032.7731	=100*E222/$E$242	91.8255	92.015	=ROUND(D222-G222,2)+ROUND(F222-H222,2)
2018-06-30	=SUMPRODUCT(zips!$B$2:$B$294*(INDEX(zips!$C$2:$LJ$294,0,221)>0)*(INDEX(zips!$C$2:$LJ$294,0,222)>0)*(INDEX(zips!$C$2:$LJ$294,0,222)/(INDEX(zips!$C$2:$LJ$294,0,221)+(INDEX(zips!$C$2:$LJ$294,0,221)=0))-1))/SUMPRODUCT(zips!$B$2:$B$294*(INDEX(zips!$C$2:$LJ$294,0,221)>0)*(INDEX(zips!$C$2:$LJ$294,0,222)>0))	=C222*(1+B223)	=100*C223/$C$242	230943.5678	=100*E223/$E$242	92.157	92.3793	=ROUND(D223-G223,2)+ROUND(F223-H223,2)
2018-07-31	=SUMPRODUCT(zips!$B$2:$B$294*(INDEX(zips!$C$2:$LJ$294,0,222)>0)*(INDEX(zips!$C$2:$LJ$294,0,223)>0)*(INDEX(zips!$C$2:$LJ$294,0,223)/(INDEX(zips!$C$2:$LJ$294,0,222)+(INDEX(zips!$C$2:$LJ$294,0,222)=0))-1))/SUMPRODUCT(zips!$B$2:$B$294*(INDEX(zips!$C$2:$LJ$294,0,222)>0)*(INDEX(zips!$C$2:$LJ$294,0,223)>0))	=C223*(1+B224)	=100*C224/$C$242	232084.6637	=100*E224/$E$242	92.5761	92.8357	=ROUND(D224-G224,2)+ROUND(F224-H224,2)
2018-08-31	=SUMPRODUCT(zips!$B$2:$B$294*(INDEX(zips!$C$2:$LJ$294,0,223)>0)*(INDEX(zips!$C$2:$LJ$294,0,224)>0)*(INDEX(zips!$C$2:$LJ$294,0,224)/(INDEX(zips!$C$2:$LJ$294,0,223)+(INDEX(zips!$C$2:$LJ$294,0,223)=0))-1))/SUMPRODUCT(zips!$B$2:$B$294*(INDEX(zips!$C$2:$LJ$294,0,223)>0)*(INDEX(zips!$C$2:$LJ$294,0,224)>0))	=C224*(1+B225)	=100*C225/$C$242	233176.7275	=100*E225/$E$242	92.9954	93.2726	=ROUND(D225-G225,2)+ROUND(F225-H225,2)
2018-09-30	=SUMPRODUCT(zips!$B$2:$B$294*(INDEX(zips!$C$2:$LJ$294,0,224)>0)*(INDEX(zips!$C$2:$LJ$294,0,225)>0)*(INDEX(zips!$C$2:$LJ$294,0,225)/(INDEX(zips!$C$2:$LJ$294,0,224)+(INDEX(zips!$C$2:$LJ$294,0,224)=0))-1))/SUMPRODUCT(zips!$B$2:$B$294*(INDEX(zips!$C$2:$LJ$294,0,224)>0)*(INDEX(zips!$C$2:$LJ$294,0,225)>0))	=C225*(1+B226)	=100*C226/$C$242	234266.9553	=100*E226/$E$242	93.464	93.7087	=ROUND(D226-G226,2)+ROUND(F226-H226,2)
2018-10-31	=SUMPRODUCT(zips!$B$2:$B$294*(INDEX(zips!$C$2:$LJ$294,0,225)>0)*(INDEX(zips!$C$2:$LJ$294,0,226)>0)*(INDEX(zips!$C$2:$LJ$294,0,226)/(INDEX(zips!$C$2:$LJ$294,0,225)+(INDEX(zips!$C$2:$LJ$294,0,225)=0))-1))/SUMPRODUCT(zips!$B$2:$B$294*(INDEX(zips!$C$2:$LJ$294,0,225)>0)*(INDEX(zips!$C$2:$LJ$294,0,226)>0))	=C226*(1+B227)	=100*C227/$C$242	235009.5324	=100*E227/$E$242	93.7973	94.0057	=ROUND(D227-G227,2)+ROUND(F227-H227,2)
2018-11-30	=SUMPRODUCT(zips!$B$2:$B$294*(INDEX(zips!$C$2:$LJ$294,0,226)>0)*(INDEX(zips!$C$2:$LJ$294,0,227)>0)*(INDEX(zips!$C$2:$LJ$294,0,227)/(INDEX(zips!$C$2:$LJ$294,0,226)+(INDEX(zips!$C$2:$LJ$294,0,226)=0))-1))/SUMPRODUCT(zips!$B$2:$B$294*(INDEX(zips!$C$2:$LJ$294,0,226)>0)*(INDEX(zips!$C$2:$LJ$294,0,227)>0))	=C227*(1+B228)	=100*C228/$C$242	235760.613	=100*E228/$E$242	94.1504	94.3061	=ROUND(D228-G228,2)+ROUND(F228-H228,2)
2018-12-31	=SUMPRODUCT(zips!$B$2:$B$294*(INDEX(zips!$C$2:$LJ$294,0,227)>0)*(INDEX(zips!$C$2:$LJ$294,0,228)>0)*(INDEX(zips!$C$2:$LJ$294,0,228)/(INDEX(zips!$C$2:$LJ$294,0,227)+(INDEX(zips!$C$2:$LJ$294,0,227)=0))-1))/SUMPRODUCT(zips!$B$2:$B$294*(INDEX(zips!$C$2:$LJ$294,0,227)>0)*(INDEX(zips!$C$2:$LJ$294,0,228)>0))	=C228*(1+B229)	=100*C229/$C$242	236570.1134	=100*E229/$E$242	94.5335	94.63	=ROUND(D229-G229,2)+ROUND(F229-H229,2)
2019-01-31	=SUMPRODUCT(zips!$B$2:$B$294*(INDEX(zips!$C$2:$LJ$294,0,228)>0)*(INDEX(zips!$C$2:$LJ$294,0,229)>0)*(INDEX(zips!$C$2:$LJ$294,0,229)/(INDEX(zips!$C$2:$LJ$294,0,228)+(INDEX(zips!$C$2:$LJ$294,0,228)=0))-1))/SUMPRODUCT(zips!$B$2:$B$294*(INDEX(zips!$C$2:$LJ$294,0,228)>0)*(INDEX(zips!$C$2:$LJ$294,0,229)>0))	=C229*(1+B230)	=100*C230/$C$242	237567.3394	=100*E230/$E$242	94.9621	95.0289	=ROUND(D230-G230,2)+ROUND(F230-H230,2)
2019-02-28	=SUMPRODUCT(zips!$B$2:$B$294*(INDEX(zips!$C$2:$LJ$294,0,229)>0)*(INDEX(zips!$C$2:$LJ$294,0,230)>0)*(INDEX(zips!$C$2:$LJ$294,0,230)/(INDEX(zips!$C$2:$LJ$294,0,229)+(INDEX(zips!$C$2:$LJ$294,0,229)=0))-1))/SUMPRODUCT(zips!$B$2:$B$294*(INDEX(zips!$C$2:$LJ$294,0,229)>0)*(INDEX(zips!$C$2:$LJ$294,0,230)>0))	=C230*(1+B231)	=100*C231/$C$242	238742.5881	=100*E231/$E$242	95.3919	95.499	=ROUND(D231-G231,2)+ROUND(F231-H231,2)
2019-03-31	=SUMPRODUCT(zips!$B$2:$B$294*(INDEX(zips!$C$2:$LJ$294,0,230)>0)*(INDEX(zips!$C$2:$LJ$294,0,231)>0)*(INDEX(zips!$C$2:$LJ$294,0,231)/(INDEX(zips!$C$2:$LJ$294,0,230)+(INDEX(zips!$C$2:$LJ$294,0,230)=0))-1))/SUMPRODUCT(zips!$B$2:$B$294*(INDEX(zips!$C$2:$LJ$294,0,230)>0)*(INDEX(zips!$C$2:$LJ$294,0,231)>0))	=C231*(1+B232)	=100*C232/$C$242	240010.4566	=100*E232/$E$242	95.8105	96.0061	=ROUND(D232-G232,2)+ROUND(F232-H232,2)
2019-04-30	=SUMPRODUCT(zips!$B$2:$B$294*(INDEX(zips!$C$2:$LJ$294,0,231)>0)*(INDEX(zips!$C$2:$LJ$294,0,232)>0)*(INDEX(zips!$C$2:$LJ$294,0,232)/(INDEX(zips!$C$2:$LJ$294,0,231)+(INDEX(zips!$C$2:$LJ$294,0,231)=0))-1))/SUMPRODUCT(zips!$B$2:$B$294*(INDEX(zips!$C$2:$LJ$294,0,231)>0)*(INDEX(zips!$C$2:$LJ$294,0,232)>0))	=C232*(1+B233)	=100*C233/$C$242	241152.7205	=100*E233/$E$242	96.1771	96.463	=ROUND(D233-G233,2)+ROUND(F233-H233,2)
2019-05-31	=SUMPRODUCT(zips!$B$2:$B$294*(INDEX(zips!$C$2:$LJ$294,0,232)>0)*(INDEX(zips!$C$2:$LJ$294,0,233)>0)*(INDEX(zips!$C$2:$LJ$294,0,233)/(INDEX(zips!$C$2:$LJ$294,0,232)+(INDEX(zips!$C$2:$LJ$294,0,232)=0))-1))/SUMPRODUCT(zips!$B$2:$B$294*(INDEX(zips!$C$2:$LJ$294,0,232)>0)*(INDEX(zips!$C$2:$LJ$294,0,233)>0))	=C233*(1+B234)	=100*C234/$C$242	242015.2661	=100*E234/$E$242	96.5029	96.8081	=ROUND(D234-G234,2)+ROUND(F234-H234,2)
2019-06-30	=SUMPRODUCT(zips!$B$2:$B$294*(INDEX(zips!$C$2:$LJ$294,0,233)>0)*(INDEX(zips!$C$2:$LJ$294,0,234)>0)*(INDEX(zips!$C$2:$LJ$294,0,234)/(INDEX(zips!$C$2:$LJ$294,0,233)+(INDEX(zips!$C$2:$LJ$294,0,233)=0))-1))/SUMPRODUCT(zips!$B$2:$B$294*(INDEX(zips!$C$2:$LJ$294,0,233)>0)*(INDEX(zips!$C$2:$LJ$294,0,234)>0))	=C234*(1+B235)	=100*C235/$C$242	242773.5872	=100*E235/$E$242	96.8017	97.1114	=ROUND(D235-G235,2)+ROUND(F235-H235,2)
2019-07-31	=SUMPRODUCT(zips!$B$2:$B$294*(INDEX(zips!$C$2:$LJ$294,0,234)>0)*(INDEX(zips!$C$2:$LJ$294,0,235)>0)*(INDEX(zips!$C$2:$LJ$294,0,235)/(INDEX(zips!$C$2:$LJ$294,0,234)+(INDEX(zips!$C$2:$LJ$294,0,234)=0))-1))/SUMPRODUCT(zips!$B$2:$B$294*(INDEX(zips!$C$2:$LJ$294,0,234)>0)*(INDEX(zips!$C$2:$LJ$294,0,235)>0))	=C235*(1+B236)	=100*C236/$C$242	243473.479	=100*E236/$E$242	97.1011	97.3914	=ROUND(D236-G236,2)+ROUND(F236-H236,2)
2019-08-31	=SUMPRODUCT(zips!$B$2:$B$294*(INDEX(zips!$C$2:$LJ$294,0,235)>0)*(INDEX(zips!$C$2:$LJ$294,0,236)>0)*(INDEX(zips!$C$2:$LJ$294,0,236)/(INDEX(zips!$C$2:$LJ$294,0,235)+(INDEX(zips!$C$2:$LJ$294,0,235)=0))-1))/SUMPRODUCT(zips!$B$2:$B$294*(INDEX(zips!$C$2:$LJ$294,0,235)>0)*(INDEX(zips!$C$2:$LJ$294,0,236)>0))	=C236*(1+B237)	=100*C237/$C$242	244233.7996	=100*E237/$E$242	97.4407	97.6955	=ROUND(D237-G237,2)+ROUND(F237-H237,2)
2019-09-30	=SUMPRODUCT(zips!$B$2:$B$294*(INDEX(zips!$C$2:$LJ$294,0,236)>0)*(INDEX(zips!$C$2:$LJ$294,0,237)>0)*(INDEX(zips!$C$2:$LJ$294,0,237)/(INDEX(zips!$C$2:$LJ$294,0,236)+(INDEX(zips!$C$2:$LJ$294,0,236)=0))-1))/SUMPRODUCT(zips!$B$2:$B$294*(INDEX(zips!$C$2:$LJ$294,0,236)>0)*(INDEX(zips!$C$2:$LJ$294,0,237)>0))	=C237*(1+B238)	=100*C238/$C$242	244901.0312	=100*E238/$E$242	97.7384	97.9624	=ROUND(D238-G238,2)+ROUND(F238-H238,2)
2019-10-31	=SUMPRODUCT(zips!$B$2:$B$294*(INDEX(zips!$C$2:$LJ$294,0,237)>0)*(INDEX(zips!$C$2:$LJ$294,0,238)>0)*(INDEX(zips!$C$2:$LJ$294,0,238)/(INDEX(zips!$C$2:$LJ$294,0,237)+(INDEX(zips!$C$2:$LJ$294,0,237)=0))-1))/SUMPRODUCT(zips!$B$2:$B$294*(INDEX(zips!$C$2:$LJ$294,0,237)>0)*(INDEX(zips!$C$2:$LJ$294,0,238)>0))	=C238*(1+B239)	=100*C239/$C$242	245814.3695	=100*E239/$E$242	98.1649	98.3277	=ROUND(D239-G239,2)+ROUND(F239-H239,2)
2019-11-30	=SUMPRODUCT(zips!$B$2:$B$294*(INDEX(zips!$C$2:$LJ$294,0,238)>0)*(INDEX(zips!$C$2:$LJ$294,0,239)>0)*(INDEX(zips!$C$2:$LJ$294,0,239)/(INDEX(zips!$C$2:$LJ$294,0,238)+(INDEX(zips!$C$2:$LJ$294,0,238)=0))-1))/SUMPRODUCT(zips!$B$2:$B$294*(INDEX(zips!$C$2:$LJ$294,0,238)>0)*(INDEX(zips!$C$2:$LJ$294,0,239)>0))	=C239*(1+B240)	=100*C240/$C$242	247036.7571	=100*E240/$E$242	98.7002	98.8167	=ROUND(D240-G240,2)+ROUND(F240-H240,2)
2019-12-31	=SUMPRODUCT(zips!$B$2:$B$294*(INDEX(zips!$C$2:$LJ$294,0,239)>0)*(INDEX(zips!$C$2:$LJ$294,0,240)>0)*(INDEX(zips!$C$2:$LJ$294,0,240)/(INDEX(zips!$C$2:$LJ$294,0,239)+(INDEX(zips!$C$2:$LJ$294,0,239)=0))-1))/SUMPRODUCT(zips!$B$2:$B$294*(INDEX(zips!$C$2:$LJ$294,0,239)>0)*(INDEX(zips!$C$2:$LJ$294,0,240)>0))	=C240*(1+B241)	=100*C241/$C$242	248460.466	=100*E241/$E$242	99.3323	99.3862	=ROUND(D241-G241,2)+ROUND(F241-H241,2)
2020-01-31	=SUMPRODUCT(zips!$B$2:$B$294*(INDEX(zips!$C$2:$LJ$294,0,240)>0)*(INDEX(zips!$C$2:$LJ$294,0,241)>0)*(INDEX(zips!$C$2:$LJ$294,0,241)/(INDEX(zips!$C$2:$LJ$294,0,240)+(INDEX(zips!$C$2:$LJ$294,0,240)=0))-1))/SUMPRODUCT(zips!$B$2:$B$294*(INDEX(zips!$C$2:$LJ$294,0,240)>0)*(INDEX(zips!$C$2:$LJ$294,0,241)>0))	=C241*(1+B242)	=100*C242/$C$242	249994.9584	=100*E242/$E$242	100.0	100.0	=ROUND(D242-G242,2)+ROUND(F242-H242,2)
2020-02-29	=SUMPRODUCT(zips!$B$2:$B$294*(INDEX(zips!$C$2:$LJ$294,0,241)>0)*(INDEX(zips!$C$2:$LJ$294,0,242)>0)*(INDEX(zips!$C$2:$LJ$294,0,242)/(INDEX(zips!$C$2:$LJ$294,0,241)+(INDEX(zips!$C$2:$LJ$294,0,241)=0))-1))/SUMPRODUCT(zips!$B$2:$B$294*(INDEX(zips!$C$2:$LJ$294,0,241)>0)*(INDEX(zips!$C$2:$LJ$294,0,242)>0))	=C242*(1+B243)	=100*C243/$C$242	251497.0537	=100*E243/$E$242	100.6371	100.6009	=ROUND(D243-G243,2)+ROUND(F243-H243,2)
2020-03-31	=SUMPRODUCT(zips!$B$2:$B$294*(INDEX(zips!$C$2:$LJ$294,0,242)>0)*(INDEX(zips!$C$2:$LJ$294,0,243)>0)*(INDEX(zips!$C$2:$LJ$294,0,243)/(INDEX(zips!$C$2:$LJ$294,0,242)+(INDEX(zips!$C$2:$LJ$294,0,242)=0))-1))/SUMPRODUCT(zips!$B$2:$B$294*(INDEX(zips!$C$2:$LJ$294,0,242)>0)*(INDEX(zips!$C$2:$LJ$294,0,243)>0))	=C243*(1+B244)	=100*C244/$C$242	253074.1777	=100*E244/$E$242	101.2804	101.2317	=ROUND(D244-G244,2)+ROUND(F244-H244,2)
2020-04-30	=SUMPRODUCT(zips!$B$2:$B$294*(INDEX(zips!$C$2:$LJ$294,0,243)>0)*(INDEX(zips!$C$2:$LJ$294,0,244)>0)*(INDEX(zips!$C$2:$LJ$294,0,244)/(INDEX(zips!$C$2:$LJ$294,0,243)+(INDEX(zips!$C$2:$LJ$294,0,243)=0))-1))/SUMPRODUCT(zips!$B$2:$B$294*(INDEX(zips!$C$2:$LJ$294,0,243)>0)*(INDEX(zips!$C$2:$LJ$294,0,244)>0))	=C244*(1+B245)	=100*C245/$C$242	254452.4139	=100*E245/$E$242	101.8173	101.783	=ROUND(D245-G245,2)+ROUND(F245-H245,2)
2020-05-31	=SUMPRODUCT(zips!$B$2:$B$294*(INDEX(zips!$C$2:$LJ$294,0,244)>0)*(INDEX(zips!$C$2:$LJ$294,0,245)>0)*(INDEX(zips!$C$2:$LJ$294,0,245)/(INDEX(zips!$C$2:$LJ$294,0,244)+(INDEX(zips!$C$2:$LJ$294,0,244)=0))-1))/SUMPRODUCT(zips!$B$2:$B$294*(INDEX(zips!$C$2:$LJ$294,0,244)>0)*(INDEX(zips!$C$2:$LJ$294,0,245)>0))	=C245*(1+B246)	=100*C246/$C$242	255243.5713	=100*E246/$E$242	102.1461	102.0995	=ROUND(D246-G246,2)+ROUND(F246-H246,2)
2020-06-30	=SUMPRODUCT(zips!$B$2:$B$294*(INDEX(zips!$C$2:$LJ$294,0,245)>0)*(INDEX(zips!$C$2:$LJ$294,0,246)>0)*(INDEX(zips!$C$2:$LJ$294,0,246)/(INDEX(zips!$C$2:$LJ$294,0,245)+(INDEX(zips!$C$2:$LJ$294,0,245)=0))-1))/SUMPRODUCT(zips!$B$2:$B$294*(INDEX(zips!$C$2:$LJ$294,0,245)>0)*(INDEX(zips!$C$2:$LJ$294,0,246)>0))	=C246*(1+B247)	=100*C247/$C$242	255711.201	=100*E247/$E$242	102.389	102.2865	=ROUND(D247-G247,2)+ROUND(F247-H247,2)
2020-07-31	=SUMPRODUCT(zips!$B$2:$B$294*(INDEX(zips!$C$2:$LJ$294,0,246)>0)*(INDEX(zips!$C$2:$LJ$294,0,247)>0)*(INDEX(zips!$C$2:$LJ$294,0,247)/(INDEX(zips!$C$2:$LJ$294,0,246)+(INDEX(zips!$C$2:$LJ$294,0,246)=0))-1))/SUMPRODUCT(zips!$B$2:$B$294*(INDEX(zips!$C$2:$LJ$294,0,246)>0)*(INDEX(zips!$C$2:$LJ$294,0,247)>0))	=C247*(1+B248)	=100*C248/$C$242	256472.6694	=100*E248/$E$242	102.7998	102.5911	=ROUND(D248-G248,2)+ROUND(F248-H248,2)
2020-08-31	=SUMPRODUCT(zips!$B$2:$B$294*(INDEX(zips!$C$2:$LJ$294,0,247)>0)*(INDEX(zips!$C$2:$LJ$294,0,248)>0)*(INDEX(zips!$C$2:$LJ$294,0,248)/(INDEX(zips!$C$2:$LJ$294,0,247)+(INDEX(zips!$C$2:$LJ$294,0,247)=0))-1))/SUMPRODUCT(zips!$B$2:$B$294*(INDEX(zips!$C$2:$LJ$294,0,247)>0)*(INDEX(zips!$C$2:$LJ$294,0,248)>0))	=C248*(1+B249)	=100*C249/$C$242	258227.4955	=100*E249/$E$242	103.5999	103.2931	=ROUND(D249-G249,2)+ROUND(F249-H249,2)
2020-09-30	=SUMPRODUCT(zips!$B$2:$B$294*(INDEX(zips!$C$2:$LJ$294,0,248)>0)*(INDEX(zips!$C$2:$LJ$294,0,249)>0)*(INDEX(zips!$C$2:$LJ$294,0,249)/(INDEX(zips!$C$2:$LJ$294,0,248)+(INDEX(zips!$C$2:$LJ$294,0,248)=0))-1))/SUMPRODUCT(zips!$B$2:$B$294*(INDEX(zips!$C$2:$LJ$294,0,248)>0)*(INDEX(zips!$C$2:$LJ$294,0,249)>0))	=C249*(1+B250)	=100*C250/$C$242	261190.3973	=100*E250/$E$242	104.8466	104.4783	=ROUND(D250-G250,2)+ROUND(F250-H250,2)
2020-10-31	=SUMPRODUCT(zips!$B$2:$B$294*(INDEX(zips!$C$2:$LJ$294,0,249)>0)*(INDEX(zips!$C$2:$LJ$294,0,250)>0)*(INDEX(zips!$C$2:$LJ$294,0,250)/(INDEX(zips!$C$2:$LJ$294,0,249)+(INDEX(zips!$C$2:$LJ$294,0,249)=0))-1))/SUMPRODUCT(zips!$B$2:$B$294*(INDEX(zips!$C$2:$LJ$294,0,249)>0)*(INDEX(zips!$C$2:$LJ$294,0,250)>0))	=C250*(1+B251)	=100*C251/$C$242	264771.8976	=100*E251/$E$242	106.2996	105.9109	=ROUND(D251-G251,2)+ROUND(F251-H251,2)
2020-11-30	=SUMPRODUCT(zips!$B$2:$B$294*(INDEX(zips!$C$2:$LJ$294,0,250)>0)*(INDEX(zips!$C$2:$LJ$294,0,251)>0)*(INDEX(zips!$C$2:$LJ$294,0,251)/(INDEX(zips!$C$2:$LJ$294,0,250)+(INDEX(zips!$C$2:$LJ$294,0,250)=0))-1))/SUMPRODUCT(zips!$B$2:$B$294*(INDEX(zips!$C$2:$LJ$294,0,250)>0)*(INDEX(zips!$C$2:$LJ$294,0,251)>0))	=C251*(1+B252)	=100*C252/$C$242	268797.401	=100*E252/$E$242	107.8796	107.5211	=ROUND(D252-G252,2)+ROUND(F252-H252,2)
2020-12-31	=SUMPRODUCT(zips!$B$2:$B$294*(INDEX(zips!$C$2:$LJ$294,0,251)>0)*(INDEX(zips!$C$2:$LJ$294,0,252)>0)*(INDEX(zips!$C$2:$LJ$294,0,252)/(INDEX(zips!$C$2:$LJ$294,0,251)+(INDEX(zips!$C$2:$LJ$294,0,251)=0))-1))/SUMPRODUCT(zips!$B$2:$B$294*(INDEX(zips!$C$2:$LJ$294,0,251)>0)*(INDEX(zips!$C$2:$LJ$294,0,252)>0))	=C252*(1+B253)	=100*C253/$C$242	272705.2288	=100*E253/$E$242	109.3761	109.0843	=ROUND(D253-G253,2)+ROUND(F253-H253,2)
2021-01-31	=SUMPRODUCT(zips!$B$2:$B$294*(INDEX(zips!$C$2:$LJ$294,0,252)>0)*(INDEX(zips!$C$2:$LJ$294,0,253)>0)*(INDEX(zips!$C$2:$LJ$294,0,253)/(INDEX(zips!$C$2:$LJ$294,0,252)+(INDEX(zips!$C$2:$LJ$294,0,252)=0))-1))/SUMPRODUCT(zips!$B$2:$B$294*(INDEX(zips!$C$2:$LJ$294,0,252)>0)*(INDEX(zips!$C$2:$LJ$294,0,253)>0))	=C253*(1+B254)	=100*C254/$C$242	276482.2853	=100*E254/$E$242	110.8454	110.5951	=ROUND(D254-G254,2)+ROUND(F254-H254,2)
2021-02-28	=SUMPRODUCT(zips!$B$2:$B$294*(INDEX(zips!$C$2:$LJ$294,0,253)>0)*(INDEX(zips!$C$2:$LJ$294,0,254)>0)*(INDEX(zips!$C$2:$LJ$294,0,254)/(INDEX(zips!$C$2:$LJ$294,0,253)+(INDEX(zips!$C$2:$LJ$294,0,253)=0))-1))/SUMPRODUCT(zips!$B$2:$B$294*(INDEX(zips!$C$2:$LJ$294,0,253)>0)*(INDEX(zips!$C$2:$LJ$294,0,254)>0))	=C254*(1+B255)	=100*C255/$C$242	280356.0882	=100*E255/$E$242	112.3887	112.1447	=ROUND(D255-G255,2)+ROUND(F255-H255,2)
2021-03-31	=SUMPRODUCT(zips!$B$2:$B$294*(INDEX(zips!$C$2:$LJ$294,0,254)>0)*(INDEX(zips!$C$2:$LJ$294,0,255)>0)*(INDEX(zips!$C$2:$LJ$294,0,255)/(INDEX(zips!$C$2:$LJ$294,0,254)+(INDEX(zips!$C$2:$LJ$294,0,254)=0))-1))/SUMPRODUCT(zips!$B$2:$B$294*(INDEX(zips!$C$2:$LJ$294,0,254)>0)*(INDEX(zips!$C$2:$LJ$294,0,255)>0))	=C255*(1+B256)	=100*C256/$C$242	284387.9443	=100*E256/$E$242	114.0523	113.7575	=ROUND(D256-G256,2)+ROUND(F256-H256,2)
2021-04-30	=SUMPRODUCT(zips!$B$2:$B$294*(INDEX(zips!$C$2:$LJ$294,0,255)>0)*(INDEX(zips!$C$2:$LJ$294,0,256)>0)*(INDEX(zips!$C$2:$LJ$294,0,256)/(INDEX(zips!$C$2:$LJ$294,0,255)+(INDEX(zips!$C$2:$LJ$294,0,255)=0))-1))/SUMPRODUCT(zips!$B$2:$B$294*(INDEX(zips!$C$2:$LJ$294,0,255)>0)*(INDEX(zips!$C$2:$LJ$294,0,256)>0))	=C256*(1+B257)	=100*C257/$C$242	288767.4599	=100*E257/$E$242	115.8761	115.5093	=ROUND(D257-G257,2)+ROUND(F257-H257,2)
2021-05-31	=SUMPRODUCT(zips!$B$2:$B$294*(INDEX(zips!$C$2:$LJ$294,0,256)>0)*(INDEX(zips!$C$2:$LJ$294,0,257)>0)*(INDEX(zips!$C$2:$LJ$294,0,257)/(INDEX(zips!$C$2:$LJ$294,0,256)+(INDEX(zips!$C$2:$LJ$294,0,256)=0))-1))/SUMPRODUCT(zips!$B$2:$B$294*(INDEX(zips!$C$2:$LJ$294,0,256)>0)*(INDEX(zips!$C$2:$LJ$294,0,257)>0))	=C257*(1+B258)	=100*C258/$C$242	293585.8312	=100*E258/$E$242	117.9508	117.4367	=ROUND(D258-G258,2)+ROUND(F258-H258,2)
2021-06-30	=SUMPRODUCT(zips!$B$2:$B$294*(INDEX(zips!$C$2:$LJ$294,0,257)>0)*(INDEX(zips!$C$2:$LJ$294,0,258)>0)*(INDEX(zips!$C$2:$LJ$294,0,258)/(INDEX(zips!$C$2:$LJ$294,0,257)+(INDEX(zips!$C$2:$LJ$294,0,257)=0))-1))/SUMPRODUCT(zips!$B$2:$B$294*(INDEX(zips!$C$2:$LJ$294,0,257)>0)*(INDEX(zips!$C$2:$LJ$294,0,258)>0))	=C258*(1+B259)	=100*C259/$C$242	298754.5202	=100*E259/$E$242	120.2705	119.5042	=ROUND(D259-G259,2)+ROUND(F259-H259,2)
2021-07-31	=SUMPRODUCT(zips!$B$2:$B$294*(INDEX(zips!$C$2:$LJ$294,0,258)>0)*(INDEX(zips!$C$2:$LJ$294,0,259)>0)*(INDEX(zips!$C$2:$LJ$294,0,259)/(INDEX(zips!$C$2:$LJ$294,0,258)+(INDEX(zips!$C$2:$LJ$294,0,258)=0))-1))/SUMPRODUCT(zips!$B$2:$B$294*(INDEX(zips!$C$2:$LJ$294,0,258)>0)*(INDEX(zips!$C$2:$LJ$294,0,259)>0))	=C259*(1+B260)	=100*C260/$C$242	303348.2898	=100*E260/$E$242	122.4748	121.3418	=ROUND(D260-G260,2)+ROUND(F260-H260,2)
2021-08-31	=SUMPRODUCT(zips!$B$2:$B$294*(INDEX(zips!$C$2:$LJ$294,0,259)>0)*(INDEX(zips!$C$2:$LJ$294,0,260)>0)*(INDEX(zips!$C$2:$LJ$294,0,260)/(INDEX(zips!$C$2:$LJ$294,0,259)+(INDEX(zips!$C$2:$LJ$294,0,259)=0))-1))/SUMPRODUCT(zips!$B$2:$B$294*(INDEX(zips!$C$2:$LJ$294,0,259)>0)*(INDEX(zips!$C$2:$LJ$294,0,260)>0))	=C260*(1+B261)	=100*C261/$C$242	306548.9724	=100*E261/$E$242	124.2104	122.6221	=ROUND(D261-G261,2)+ROUND(F261-H261,2)
2021-09-30	=SUMPRODUCT(zips!$B$2:$B$294*(INDEX(zips!$C$2:$LJ$294,0,260)>0)*(INDEX(zips!$C$2:$LJ$294,0,261)>0)*(INDEX(zips!$C$2:$LJ$294,0,261)/(INDEX(zips!$C$2:$LJ$294,0,260)+(INDEX(zips!$C$2:$LJ$294,0,260)=0))-1))/SUMPRODUCT(zips!$B$2:$B$294*(INDEX(zips!$C$2:$LJ$294,0,260)>0)*(INDEX(zips!$C$2:$LJ$294,0,261)>0))	=C261*(1+B262)	=100*C262/$C$242	308422.8196	=100*E262/$E$242	125.4659	123.3716	=ROUND(D262-G262,2)+ROUND(F262-H262,2)
2021-10-31	=SUMPRODUCT(zips!$B$2:$B$294*(INDEX(zips!$C$2:$LJ$294,0,261)>0)*(INDEX(zips!$C$2:$LJ$294,0,262)>0)*(INDEX(zips!$C$2:$LJ$294,0,262)/(INDEX(zips!$C$2:$LJ$294,0,261)+(INDEX(zips!$C$2:$LJ$294,0,261)=0))-1))/SUMPRODUCT(zips!$B$2:$B$294*(INDEX(zips!$C$2:$LJ$294,0,261)>0)*(INDEX(zips!$C$2:$LJ$294,0,262)>0))	=C262*(1+B263)	=100*C263/$C$242	310268.1377	=100*E263/$E$242	126.7236	124.1098	=ROUND(D263-G263,2)+ROUND(F263-H263,2)
2021-11-30	=SUMPRODUCT(zips!$B$2:$B$294*(INDEX(zips!$C$2:$LJ$294,0,262)>0)*(INDEX(zips!$C$2:$LJ$294,0,263)>0)*(INDEX(zips!$C$2:$LJ$294,0,263)/(INDEX(zips!$C$2:$LJ$294,0,262)+(INDEX(zips!$C$2:$LJ$294,0,262)=0))-1))/SUMPRODUCT(zips!$B$2:$B$294*(INDEX(zips!$C$2:$LJ$294,0,262)>0)*(INDEX(zips!$C$2:$LJ$294,0,263)>0))	=C263*(1+B264)	=100*C264/$C$242	312852.4195	=100*E264/$E$242	128.2876	125.1435	=ROUND(D264-G264,2)+ROUND(F264-H264,2)
2021-12-31	=SUMPRODUCT(zips!$B$2:$B$294*(INDEX(zips!$C$2:$LJ$294,0,263)>0)*(INDEX(zips!$C$2:$LJ$294,0,264)>0)*(INDEX(zips!$C$2:$LJ$294,0,264)/(INDEX(zips!$C$2:$LJ$294,0,263)+(INDEX(zips!$C$2:$LJ$294,0,263)=0))-1))/SUMPRODUCT(zips!$B$2:$B$294*(INDEX(zips!$C$2:$LJ$294,0,263)>0)*(INDEX(zips!$C$2:$LJ$294,0,264)>0))	=C264*(1+B265)	=100*C265/$C$242	316087.0828	=100*E265/$E$242	130.0579	126.4374	=ROUND(D265-G265,2)+ROUND(F265-H265,2)
2022-01-31	=SUMPRODUCT(zips!$B$2:$B$294*(INDEX(zips!$C$2:$LJ$294,0,264)>0)*(INDEX(zips!$C$2:$LJ$294,0,265)>0)*(INDEX(zips!$C$2:$LJ$294,0,265)/(INDEX(zips!$C$2:$LJ$294,0,264)+(INDEX(zips!$C$2:$LJ$294,0,264)=0))-1))/SUMPRODUCT(zips!$B$2:$B$294*(INDEX(zips!$C$2:$LJ$294,0,264)>0)*(INDEX(zips!$C$2:$LJ$294,0,265)>0))	=C265*(1+B266)	=100*C266/$C$242	320630.8745	=100*E266/$E$242	132.3785	128.2549	=ROUND(D266-G266,2)+ROUND(F266-H266,2)
2022-02-28	=SUMPRODUCT(zips!$B$2:$B$294*(INDEX(zips!$C$2:$LJ$294,0,265)>0)*(INDEX(zips!$C$2:$LJ$294,0,266)>0)*(INDEX(zips!$C$2:$LJ$294,0,266)/(INDEX(zips!$C$2:$LJ$294,0,265)+(INDEX(zips!$C$2:$LJ$294,0,265)=0))-1))/SUMPRODUCT(zips!$B$2:$B$294*(INDEX(zips!$C$2:$LJ$294,0,265)>0)*(INDEX(zips!$C$2:$LJ$294,0,266)>0))	=C266*(1+B267)	=100*C267/$C$242	326110.9358	=100*E267/$E$242	135.0243	130.447	=ROUND(D267-G267,2)+ROUND(F267-H267,2)
2022-03-31	=SUMPRODUCT(zips!$B$2:$B$294*(INDEX(zips!$C$2:$LJ$294,0,266)>0)*(INDEX(zips!$C$2:$LJ$294,0,267)>0)*(INDEX(zips!$C$2:$LJ$294,0,267)/(INDEX(zips!$C$2:$LJ$294,0,266)+(INDEX(zips!$C$2:$LJ$294,0,266)=0))-1))/SUMPRODUCT(zips!$B$2:$B$294*(INDEX(zips!$C$2:$LJ$294,0,266)>0)*(INDEX(zips!$C$2:$LJ$294,0,267)>0))	=C267*(1+B268)	=100*C268/$C$242	332557.9586	=100*E268/$E$242	138.015	133.0259	=ROUND(D268-G268,2)+ROUND(F268-H268,2)
2022-04-30	=SUMPRODUCT(zips!$B$2:$B$294*(INDEX(zips!$C$2:$LJ$294,0,267)>0)*(INDEX(zips!$C$2:$LJ$294,0,268)>0)*(INDEX(zips!$C$2:$LJ$294,0,268)/(INDEX(zips!$C$2:$LJ$294,0,267)+(INDEX(zips!$C$2:$LJ$294,0,267)=0))-1))/SUMPRODUCT(zips!$B$2:$B$294*(INDEX(zips!$C$2:$LJ$294,0,267)>0)*(INDEX(zips!$C$2:$LJ$294,0,268)>0))	=C268*(1+B269)	=100*C269/$C$242	338947.4188	=100*E269/$E$242	140.9089	135.5817	=ROUND(D269-G269,2)+ROUND(F269-H269,2)
2022-05-31	=SUMPRODUCT(zips!$B$2:$B$294*(INDEX(zips!$C$2:$LJ$294,0,268)>0)*(INDEX(zips!$C$2:$LJ$294,0,269)>0)*(INDEX(zips!$C$2:$LJ$294,0,269)/(INDEX(zips!$C$2:$LJ$294,0,268)+(INDEX(zips!$C$2:$LJ$294,0,268)=0))-1))/SUMPRODUCT(zips!$B$2:$B$294*(INDEX(zips!$C$2:$LJ$294,0,268)>0)*(INDEX(zips!$C$2:$LJ$294,0,269)>0))	=C269*(1+B270)	=100*C270/$C$242	344628.639	=100*E270/$E$242	143.492	137.8542	=ROUND(D270-G270,2)+ROUND(F270-H270,2)
2022-06-30	=SUMPRODUCT(zips!$B$2:$B$294*(INDEX(zips!$C$2:$LJ$294,0,269)>0)*(INDEX(zips!$C$2:$LJ$294,0,270)>0)*(INDEX(zips!$C$2:$LJ$294,0,270)/(INDEX(zips!$C$2:$LJ$294,0,269)+(INDEX(zips!$C$2:$LJ$294,0,269)=0))-1))/SUMPRODUCT(zips!$B$2:$B$294*(INDEX(zips!$C$2:$LJ$294,0,269)>0)*(INDEX(zips!$C$2:$LJ$294,0,270)>0))	=C270*(1+B271)	=100*C271/$C$242	349355.0729	=100*E271/$E$242	145.7448	139.7448	=ROUND(D271-G271,2)+ROUND(F271-H271,2)
2022-07-31	=SUMPRODUCT(zips!$B$2:$B$294*(INDEX(zips!$C$2:$LJ$294,0,270)>0)*(INDEX(zips!$C$2:$LJ$294,0,271)>0)*(INDEX(zips!$C$2:$LJ$294,0,271)/(INDEX(zips!$C$2:$LJ$294,0,270)+(INDEX(zips!$C$2:$LJ$294,0,270)=0))-1))/SUMPRODUCT(zips!$B$2:$B$294*(INDEX(zips!$C$2:$LJ$294,0,270)>0)*(INDEX(zips!$C$2:$LJ$294,0,271)>0))	=C271*(1+B272)	=100*C272/$C$242	351830.6353	=100*E272/$E$242	147.0551	140.7351	=ROUND(D272-G272,2)+ROUND(F272-H272,2)
2022-08-31	=SUMPRODUCT(zips!$B$2:$B$294*(INDEX(zips!$C$2:$LJ$294,0,271)>0)*(INDEX(zips!$C$2:$LJ$294,0,272)>0)*(INDEX(zips!$C$2:$LJ$294,0,272)/(INDEX(zips!$C$2:$LJ$294,0,271)+(INDEX(zips!$C$2:$LJ$294,0,271)=0))-1))/SUMPRODUCT(zips!$B$2:$B$294*(INDEX(zips!$C$2:$LJ$294,0,271)>0)*(INDEX(zips!$C$2:$LJ$294,0,272)>0))	=C272*(1+B273)	=100*C273/$C$242	352196.5299	=100*E273/$E$242	147.4801	140.8815	=ROUND(D273-G273,2)+ROUND(F273-H273,2)
2022-09-30	=SUMPRODUCT(zips!$B$2:$B$294*(INDEX(zips!$C$2:$LJ$294,0,272)>0)*(INDEX(zips!$C$2:$LJ$294,0,273)>0)*(INDEX(zips!$C$2:$LJ$294,0,273)/(INDEX(zips!$C$2:$LJ$294,0,272)+(INDEX(zips!$C$2:$LJ$294,0,272)=0))-1))/SUMPRODUCT(zips!$B$2:$B$294*(INDEX(zips!$C$2:$LJ$294,0,272)>0)*(INDEX(zips!$C$2:$LJ$294,0,273)>0))	=C273*(1+B274)	=100*C274/$C$242	350889.1439	=100*E274/$E$242	147.0979	140.3585	=ROUND(D274-G274,2)+ROUND(F274-H274,2)
2022-10-31	=SUMPRODUCT(zips!$B$2:$B$294*(INDEX(zips!$C$2:$LJ$294,0,273)>0)*(INDEX(zips!$C$2:$LJ$294,0,274)>0)*(INDEX(zips!$C$2:$LJ$294,0,274)/(INDEX(zips!$C$2:$LJ$294,0,273)+(INDEX(zips!$C$2:$LJ$294,0,273)=0))-1))/SUMPRODUCT(zips!$B$2:$B$294*(INDEX(zips!$C$2:$LJ$294,0,273)>0)*(INDEX(zips!$C$2:$LJ$294,0,274)>0))	=C274*(1+B275)	=100*C275/$C$242	349613.6004	=100*E275/$E$242	146.6363	139.8483	=ROUND(D275-G275,2)+ROUND(F275-H275,2)
2022-11-30	=SUMPRODUCT(zips!$B$2:$B$294*(INDEX(zips!$C$2:$LJ$294,0,274)>0)*(INDEX(zips!$C$2:$LJ$294,0,275)>0)*(INDEX(zips!$C$2:$LJ$294,0,275)/(INDEX(zips!$C$2:$LJ$294,0,274)+(INDEX(zips!$C$2:$LJ$294,0,274)=0))-1))/SUMPRODUCT(zips!$B$2:$B$294*(INDEX(zips!$C$2:$LJ$294,0,274)>0)*(INDEX(zips!$C$2:$LJ$294,0,275)>0))	=C275*(1+B276)	=100*C276/$C$242	348532.4316	=100*E276/$E$242	146.1511	139.4158	=ROUND(D276-G276,2)+ROUND(F276-H276,2)
2022-12-31	=SUMPRODUCT(zips!$B$2:$B$294*(INDEX(zips!$C$2:$LJ$294,0,275)>0)*(INDEX(zips!$C$2:$LJ$294,0,276)>0)*(INDEX(zips!$C$2:$LJ$294,0,276)/(INDEX(zips!$C$2:$LJ$294,0,275)+(INDEX(zips!$C$2:$LJ$294,0,275)=0))-1))/SUMPRODUCT(zips!$B$2:$B$294*(INDEX(zips!$C$2:$LJ$294,0,275)>0)*(INDEX(zips!$C$2:$LJ$294,0,276)>0))	=C276*(1+B277)	=100*C277/$C$242	347550.2955	=100*E277/$E$242	145.5873	139.0229	=ROUND(D277-G277,2)+ROUND(F277-H277,2)
2023-01-31	=SUMPRODUCT(zips!$B$2:$B$294*(INDEX(zips!$C$2:$LJ$294,0,276)>0)*(INDEX(zips!$C$2:$LJ$294,0,277)>0)*(INDEX(zips!$C$2:$LJ$294,0,277)/(INDEX(zips!$C$2:$LJ$294,0,276)+(INDEX(zips!$C$2:$LJ$294,0,276)=0))-1))/SUMPRODUCT(zips!$B$2:$B$294*(INDEX(zips!$C$2:$LJ$294,0,276)>0)*(INDEX(zips!$C$2:$LJ$294,0,277)>0))	=C277*(1+B278)	=100*C278/$C$242	346329.952	=100*E278/$E$242	144.8614	138.5348	=ROUND(D278-G278,2)+ROUND(F278-H278,2)
2023-02-28	=SUMPRODUCT(zips!$B$2:$B$294*(INDEX(zips!$C$2:$LJ$294,0,277)>0)*(INDEX(zips!$C$2:$LJ$294,0,278)>0)*(INDEX(zips!$C$2:$LJ$294,0,278)/(INDEX(zips!$C$2:$LJ$294,0,277)+(INDEX(zips!$C$2:$LJ$294,0,277)=0))-1))/SUMPRODUCT(zips!$B$2:$B$294*(INDEX(zips!$C$2:$LJ$294,0,277)>0)*(INDEX(zips!$C$2:$LJ$294,0,278)>0))	=C278*(1+B279)	=100*C279/$C$242	345496.0688	=100*E279/$E$242	144.2569	138.2012	=ROUND(D279-G279,2)+ROUND(F279-H279,2)
2023-03-31	=SUMPRODUCT(zips!$B$2:$B$294*(INDEX(zips!$C$2:$LJ$294,0,278)>0)*(INDEX(zips!$C$2:$LJ$294,0,279)>0)*(INDEX(zips!$C$2:$LJ$294,0,279)/(INDEX(zips!$C$2:$LJ$294,0,278)+(INDEX(zips!$C$2:$LJ$294,0,278)=0))-1))/SUMPRODUCT(zips!$B$2:$B$294*(INDEX(zips!$C$2:$LJ$294,0,278)>0)*(INDEX(zips!$C$2:$LJ$294,0,279)>0))	=C279*(1+B280)	=100*C280/$C$242	345538.7754	=100*E280/$E$242	144.0767	138.2183	=ROUND(D280-G280,2)+ROUND(F280-H280,2)
2023-04-30	=SUMPRODUCT(zips!$B$2:$B$294*(INDEX(zips!$C$2:$LJ$294,0,279)>0)*(INDEX(zips!$C$2:$LJ$294,0,280)>0)*(INDEX(zips!$C$2:$LJ$294,0,280)/(INDEX(zips!$C$2:$LJ$294,0,279)+(INDEX(zips!$C$2:$LJ$294,0,279)=0))-1))/SUMPRODUCT(zips!$B$2:$B$294*(INDEX(zips!$C$2:$LJ$294,0,279)>0)*(INDEX(zips!$C$2:$LJ$294,0,280)>0))	=C280*(1+B281)	=100*C281/$C$242	346616.1536	=100*E281/$E$242	144.3081	138.6493	=ROUND(D281-G281,2)+ROUND(F281-H281,2)
2023-05-31	=SUMPRODUCT(zips!$B$2:$B$294*(INDEX(zips!$C$2:$LJ$294,0,280)>0)*(INDEX(zips!$C$2:$LJ$294,0,281)>0)*(INDEX(zips!$C$2:$LJ$294,0,281)/(INDEX(zips!$C$2:$LJ$294,0,280)+(INDEX(zips!$C$2:$LJ$294,0,280)=0))-1))/SUMPRODUCT(zips!$B$2:$B$294*(INDEX(zips!$C$2:$LJ$294,0,280)>0)*(INDEX(zips!$C$2:$LJ$294,0,281)>0))	=C281*(1+B282)	=100*C282/$C$242	348352.1322	=100*E282/$E$242	144.813	139.3437	=ROUND(D282-G282,2)+ROUND(F282-H282,2)
2023-06-30	=SUMPRODUCT(zips!$B$2:$B$294*(INDEX(zips!$C$2:$LJ$294,0,281)>0)*(INDEX(zips!$C$2:$LJ$294,0,282)>0)*(INDEX(zips!$C$2:$LJ$294,0,282)/(INDEX(zips!$C$2:$LJ$294,0,281)+(INDEX(zips!$C$2:$LJ$294,0,281)=0))-1))/SUMPRODUCT(zips!$B$2:$B$294*(INDEX(zips!$C$2:$LJ$294,0,281)>0)*(INDEX(zips!$C$2:$LJ$294,0,282)>0))	=C282*(1+B283)	=100*C283/$C$242	350369.6981	=100*E283/$E$242	145.4024	140.1507	=ROUND(D283-G283,2)+ROUND(F283-H283,2)
2023-07-31	=SUMPRODUCT(zips!$B$2:$B$294*(INDEX(zips!$C$2:$LJ$294,0,282)>0)*(INDEX(zips!$C$2:$LJ$294,0,283)>0)*(INDEX(zips!$C$2:$LJ$294,0,283)/(INDEX(zips!$C$2:$LJ$294,0,282)+(INDEX(zips!$C$2:$LJ$294,0,282)=0))-1))/SUMPRODUCT(zips!$B$2:$B$294*(INDEX(zips!$C$2:$LJ$294,0,282)>0)*(INDEX(zips!$C$2:$LJ$294,0,283)>0))	=C283*(1+B284)	=100*C284/$C$242	352167.9615	=100*E284/$E$242	145.8281	140.87	=ROUND(D284-G284,2)+ROUND(F284-H284,2)
2023-08-31	=SUMPRODUCT(zips!$B$2:$B$294*(INDEX(zips!$C$2:$LJ$294,0,283)>0)*(INDEX(zips!$C$2:$LJ$294,0,284)>0)*(INDEX(zips!$C$2:$LJ$294,0,284)/(INDEX(zips!$C$2:$LJ$294,0,283)+(INDEX(zips!$C$2:$LJ$294,0,283)=0))-1))/SUMPRODUCT(zips!$B$2:$B$294*(INDEX(zips!$C$2:$LJ$294,0,283)>0)*(INDEX(zips!$C$2:$LJ$294,0,284)>0))	=C284*(1+B285)	=100*C285/$C$242	353800.8302	=100*E285/$E$242	146.1218	141.5232	=ROUND(D285-G285,2)+ROUND(F285-H285,2)
2023-09-30	=SUMPRODUCT(zips!$B$2:$B$294*(INDEX(zips!$C$2:$LJ$294,0,284)>0)*(INDEX(zips!$C$2:$LJ$294,0,285)>0)*(INDEX(zips!$C$2:$LJ$294,0,285)/(INDEX(zips!$C$2:$LJ$294,0,284)+(INDEX(zips!$C$2:$LJ$294,0,284)=0))-1))/SUMPRODUCT(zips!$B$2:$B$294*(INDEX(zips!$C$2:$LJ$294,0,284)>0)*(INDEX(zips!$C$2:$LJ$294,0,285)>0))	=C285*(1+B286)	=100*C286/$C$242	355007.3206	=100*E286/$E$242	146.2241	142.0058	=ROUND(D286-G286,2)+ROUND(F286-H286,2)
2023-10-31	=SUMPRODUCT(zips!$B$2:$B$294*(INDEX(zips!$C$2:$LJ$294,0,285)>0)*(INDEX(zips!$C$2:$LJ$294,0,286)>0)*(INDEX(zips!$C$2:$LJ$294,0,286)/(INDEX(zips!$C$2:$LJ$294,0,285)+(INDEX(zips!$C$2:$LJ$294,0,285)=0))-1))/SUMPRODUCT(zips!$B$2:$B$294*(INDEX(zips!$C$2:$LJ$294,0,285)>0)*(INDEX(zips!$C$2:$LJ$294,0,286)>0))	=C286*(1+B287)	=100*C287/$C$242	355909.4016	=100*E287/$E$242	146.2844	142.3666	=ROUND(D287-G287,2)+ROUND(F287-H287,2)
2023-11-30	=SUMPRODUCT(zips!$B$2:$B$294*(INDEX(zips!$C$2:$LJ$294,0,286)>0)*(INDEX(zips!$C$2:$LJ$294,0,287)>0)*(INDEX(zips!$C$2:$LJ$294,0,287)/(INDEX(zips!$C$2:$LJ$294,0,286)+(INDEX(zips!$C$2:$LJ$294,0,286)=0))-1))/SUMPRODUCT(zips!$B$2:$B$294*(INDEX(zips!$C$2:$LJ$294,0,286)>0)*(INDEX(zips!$C$2:$LJ$294,0,287)>0))	=C287*(1+B288)	=100*C288/$C$242	356563.1772	=100*E288/$E$242	146.2952	142.6281	=ROUND(D288-G288,2)+ROUND(F288-H288,2)
2023-12-31	=SUMPRODUCT(zips!$B$2:$B$294*(INDEX(zips!$C$2:$LJ$294,0,287)>0)*(INDEX(zips!$C$2:$LJ$294,0,288)>0)*(INDEX(zips!$C$2:$LJ$294,0,288)/(INDEX(zips!$C$2:$LJ$294,0,287)+(INDEX(zips!$C$2:$LJ$294,0,287)=0))-1))/SUMPRODUCT(zips!$B$2:$B$294*(INDEX(zips!$C$2:$LJ$294,0,287)>0)*(INDEX(zips!$C$2:$LJ$294,0,288)>0))	=C288*(1+B289)	=100*C289/$C$242	357041.285	=100*E289/$E$242	146.2119	142.8194	=ROUND(D289-G289,2)+ROUND(F289-H289,2)
2024-01-31	=SUMPRODUCT(zips!$B$2:$B$294*(INDEX(zips!$C$2:$LJ$294,0,288)>0)*(INDEX(zips!$C$2:$LJ$294,0,289)>0)*(INDEX(zips!$C$2:$LJ$294,0,289)/(INDEX(zips!$C$2:$LJ$294,0,288)+(INDEX(zips!$C$2:$LJ$294,0,288)=0))-1))/SUMPRODUCT(zips!$B$2:$B$294*(INDEX(zips!$C$2:$LJ$294,0,288)>0)*(INDEX(zips!$C$2:$LJ$294,0,289)>0))	=C289*(1+B290)	=100*C290/$C$242	357498.6449	=100*E290/$E$242	146.1641	143.0023	=ROUND(D290-G290,2)+ROUND(F290-H290,2)
2024-02-29	=SUMPRODUCT(zips!$B$2:$B$294*(INDEX(zips!$C$2:$LJ$294,0,289)>0)*(INDEX(zips!$C$2:$LJ$294,0,290)>0)*(INDEX(zips!$C$2:$LJ$294,0,290)/(INDEX(zips!$C$2:$LJ$294,0,289)+(INDEX(zips!$C$2:$LJ$294,0,289)=0))-1))/SUMPRODUCT(zips!$B$2:$B$294*(INDEX(zips!$C$2:$LJ$294,0,289)>0)*(INDEX(zips!$C$2:$LJ$294,0,290)>0))	=C290*(1+B291)	=100*C291/$C$242	358340.7999	=100*E291/$E$242	146.3294	143.3392	=ROUND(D291-G291,2)+ROUND(F291-H291,2)
2024-03-31	=SUMPRODUCT(zips!$B$2:$B$294*(INDEX(zips!$C$2:$LJ$294,0,290)>0)*(INDEX(zips!$C$2:$LJ$294,0,291)>0)*(INDEX(zips!$C$2:$LJ$294,0,291)/(INDEX(zips!$C$2:$LJ$294,0,290)+(INDEX(zips!$C$2:$LJ$294,0,290)=0))-1))/SUMPRODUCT(zips!$B$2:$B$294*(INDEX(zips!$C$2:$LJ$294,0,290)>0)*(INDEX(zips!$C$2:$LJ$294,0,291)>0))	=C291*(1+B292)	=100*C292/$C$242	359933.685	=100*E292/$E$242	146.8437	143.9764	=ROUND(D292-G292,2)+ROUND(F292-H292,2)
2024-04-30	=SUMPRODUCT(zips!$B$2:$B$294*(INDEX(zips!$C$2:$LJ$294,0,291)>0)*(INDEX(zips!$C$2:$LJ$294,0,292)>0)*(INDEX(zips!$C$2:$LJ$294,0,292)/(INDEX(zips!$C$2:$LJ$294,0,291)+(INDEX(zips!$C$2:$LJ$294,0,291)=0))-1))/SUMPRODUCT(zips!$B$2:$B$294*(INDEX(zips!$C$2:$LJ$294,0,291)>0)*(INDEX(zips!$C$2:$LJ$294,0,292)>0))	=C292*(1+B293)	=100*C293/$C$242	361891.0205	=100*E293/$E$242	147.4699	144.7593	=ROUND(D293-G293,2)+ROUND(F293-H293,2)
2024-05-31	=SUMPRODUCT(zips!$B$2:$B$294*(INDEX(zips!$C$2:$LJ$294,0,292)>0)*(INDEX(zips!$C$2:$LJ$294,0,293)>0)*(INDEX(zips!$C$2:$LJ$294,0,293)/(INDEX(zips!$C$2:$LJ$294,0,292)+(INDEX(zips!$C$2:$LJ$294,0,292)=0))-1))/SUMPRODUCT(zips!$B$2:$B$294*(INDEX(zips!$C$2:$LJ$294,0,292)>0)*(INDEX(zips!$C$2:$LJ$294,0,293)>0))	=C293*(1+B294)	=100*C294/$C$242	363424.6482	=100*E294/$E$242	147.8864	145.3728	=ROUND(D294-G294,2)+ROUND(F294-H294,2)
2024-06-30	=SUMPRODUCT(zips!$B$2:$B$294*(INDEX(zips!$C$2:$LJ$294,0,293)>0)*(INDEX(zips!$C$2:$LJ$294,0,294)>0)*(INDEX(zips!$C$2:$LJ$294,0,294)/(INDEX(zips!$C$2:$LJ$294,0,293)+(INDEX(zips!$C$2:$LJ$294,0,293)=0))-1))/SUMPRODUCT(zips!$B$2:$B$294*(INDEX(zips!$C$2:$LJ$294,0,293)>0)*(INDEX(zips!$C$2:$LJ$294,0,294)>0))	=C294*(1+B295)	=100*C295/$C$242	364087.0899	=100*E295/$E$242	148.0049	145.6378	=ROUND(D295-G295,2)+ROUND(F295-H295,2)
2024-07-31	=SUMPRODUCT(zips!$B$2:$B$294*(INDEX(zips!$C$2:$LJ$294,0,294)>0)*(INDEX(zips!$C$2:$LJ$294,0,295)>0)*(INDEX(zips!$C$2:$LJ$294,0,295)/(INDEX(zips!$C$2:$LJ$294,0,294)+(INDEX(zips!$C$2:$LJ$294,0,294)=0))-1))/SUMPRODUCT(zips!$B$2:$B$294*(INDEX(zips!$C$2:$LJ$294,0,294)>0)*(INDEX(zips!$C$2:$LJ$294,0,295)>0))	=C295*(1+B296)	=100*C296/$C$242	364305.9462	=100*E296/$E$242	147.9387	145.7253	=ROUND(D296-G296,2)+ROUND(F296-H296,2)
2024-08-31	=SUMPRODUCT(zips!$B$2:$B$294*(INDEX(zips!$C$2:$LJ$294,0,295)>0)*(INDEX(zips!$C$2:$LJ$294,0,296)>0)*(INDEX(zips!$C$2:$LJ$294,0,296)/(INDEX(zips!$C$2:$LJ$294,0,295)+(INDEX(zips!$C$2:$LJ$294,0,295)=0))-1))/SUMPRODUCT(zips!$B$2:$B$294*(INDEX(zips!$C$2:$LJ$294,0,295)>0)*(INDEX(zips!$C$2:$LJ$294,0,296)>0))	=C296*(1+B297)	=100*C297/$C$242	364598.573	=100*E297/$E$242	147.885	145.8424	=ROUND(D297-G297,2)+ROUND(F297-H297,2)
2024-09-30	=SUMPRODUCT(zips!$B$2:$B$294*(INDEX(zips!$C$2:$LJ$294,0,296)>0)*(INDEX(zips!$C$2:$LJ$294,0,297)>0)*(INDEX(zips!$C$2:$LJ$294,0,297)/(INDEX(zips!$C$2:$LJ$294,0,296)+(INDEX(zips!$C$2:$LJ$294,0,296)=0))-1))/SUMPRODUCT(zips!$B$2:$B$294*(INDEX(zips!$C$2:$LJ$294,0,296)>0)*(INDEX(zips!$C$2:$LJ$294,0,297)>0))	=C297*(1+B298)	=100*C298/$C$242	365099.5068	=100*E298/$E$242	147.7858	146.0427	=ROUND(D298-G298,2)+ROUND(F298-H298,2)
2024-10-31	=SUMPRODUCT(zips!$B$2:$B$294*(INDEX(zips!$C$2:$LJ$294,0,297)>0)*(INDEX(zips!$C$2:$LJ$294,0,298)>0)*(INDEX(zips!$C$2:$LJ$294,0,298)/(INDEX(zips!$C$2:$LJ$294,0,297)+(INDEX(zips!$C$2:$LJ$294,0,297)=0))-1))/SUMPRODUCT(zips!$B$2:$B$294*(INDEX(zips!$C$2:$LJ$294,0,297)>0)*(INDEX(zips!$C$2:$LJ$294,0,298)>0))	=C298*(1+B299)	=100*C299/$C$242	365759.9344	=100*E299/$E$242	147.6888	146.3069	=ROUND(D299-G299,2)+ROUND(F299-H299,2)
2024-11-30	=SUMPRODUCT(zips!$B$2:$B$294*(INDEX(zips!$C$2:$LJ$294,0,298)>0)*(INDEX(zips!$C$2:$LJ$294,0,299)>0)*(INDEX(zips!$C$2:$LJ$294,0,299)/(INDEX(zips!$C$2:$LJ$294,0,298)+(INDEX(zips!$C$2:$LJ$294,0,298)=0))-1))/SUMPRODUCT(zips!$B$2:$B$294*(INDEX(zips!$C$2:$LJ$294,0,298)>0)*(INDEX(zips!$C$2:$LJ$294,0,299)>0))	=C299*(1+B300)	=100*C300/$C$242	366349.2545	=100*E300/$E$242	147.5695	146.5427	=ROUND(D300-G300,2)+ROUND(F300-H300,2)
2024-12-31	=SUMPRODUCT(zips!$B$2:$B$294*(INDEX(zips!$C$2:$LJ$294,0,299)>0)*(INDEX(zips!$C$2:$LJ$294,0,300)>0)*(INDEX(zips!$C$2:$LJ$294,0,300)/(INDEX(zips!$C$2:$LJ$294,0,299)+(INDEX(zips!$C$2:$LJ$294,0,299)=0))-1))/SUMPRODUCT(zips!$B$2:$B$294*(INDEX(zips!$C$2:$LJ$294,0,299)>0)*(INDEX(zips!$C$2:$LJ$294,0,300)>0))	=C300*(1+B301)	=100*C301/$C$242	367168.4262	=100*E301/$E$242	147.6548	146.8703	=ROUND(D301-G301,2)+ROUND(F301-H301,2)
2025-01-31	=SUMPRODUCT(zips!$B$2:$B$294*(INDEX(zips!$C$2:$LJ$294,0,300)>0)*(INDEX(zips!$C$2:$LJ$294,0,301)>0)*(INDEX(zips!$C$2:$LJ$294,0,301)/(INDEX(zips!$C$2:$LJ$294,0,300)+(INDEX(zips!$C$2:$LJ$294,0,300)=0))-1))/SUMPRODUCT(zips!$B$2:$B$294*(INDEX(zips!$C$2:$LJ$294,0,300)>0)*(INDEX(zips!$C$2:$LJ$294,0,301)>0))	=C301*(1+B302)	=100*C302/$C$242	367872.4654	=100*E302/$E$242	147.8403	147.152	=ROUND(D302-G302,2)+ROUND(F302-H302,2)
2025-02-28	=SUMPRODUCT(zips!$B$2:$B$294*(INDEX(zips!$C$2:$LJ$294,0,301)>0)*(INDEX(zips!$C$2:$LJ$294,0,302)>0)*(INDEX(zips!$C$2:$LJ$294,0,302)/(INDEX(zips!$C$2:$LJ$294,0,301)+(INDEX(zips!$C$2:$LJ$294,0,301)=0))-1))/SUMPRODUCT(zips!$B$2:$B$294*(INDEX(zips!$C$2:$LJ$294,0,301)>0)*(INDEX(zips!$C$2:$LJ$294,0,302)>0))	=C302*(1+B303)	=100*C303/$C$242	368381.5285	=100*E303/$E$242	147.9896	147.3556	=ROUND(D303-G303,2)+ROUND(F303-H303,2)
2025-03-31	=SUMPRODUCT(zips!$B$2:$B$294*(INDEX(zips!$C$2:$LJ$294,0,302)>0)*(INDEX(zips!$C$2:$LJ$294,0,303)>0)*(INDEX(zips!$C$2:$LJ$294,0,303)/(INDEX(zips!$C$2:$LJ$294,0,302)+(INDEX(zips!$C$2:$LJ$294,0,302)=0))-1))/SUMPRODUCT(zips!$B$2:$B$294*(INDEX(zips!$C$2:$LJ$294,0,302)>0)*(INDEX(zips!$C$2:$LJ$294,0,303)>0))	=C303*(1+B304)	=100*C304/$C$242	368133.3674	=100*E304/$E$242	147.8045	147.2563	=ROUND(D304-G304,2)+ROUND(F304-H304,2)
2025-04-30	=SUMPRODUCT(zips!$B$2:$B$294*(INDEX(zips!$C$2:$LJ$294,0,303)>0)*(INDEX(zips!$C$2:$LJ$294,0,304)>0)*(INDEX(zips!$C$2:$LJ$294,0,304)/(INDEX(zips!$C$2:$LJ$294,0,303)+(INDEX(zips!$C$2:$LJ$294,0,303)=0))-1))/SUMPRODUCT(zips!$B$2:$B$294*(INDEX(zips!$C$2:$LJ$294,0,303)>0)*(INDEX(zips!$C$2:$LJ$294,0,304)>0))	=C304*(1+B305)	=100*C305/$C$242	367637.7231	=100*E305/$E$242	147.3911	147.0581	=ROUND(D305-G305,2)+ROUND(F305-H305,2)
2025-05-31	=SUMPRODUCT(zips!$B$2:$B$294*(INDEX(zips!$C$2:$LJ$294,0,304)>0)*(INDEX(zips!$C$2:$LJ$294,0,305)>0)*(INDEX(zips!$C$2:$LJ$294,0,305)/(INDEX(zips!$C$2:$LJ$294,0,304)+(INDEX(zips!$C$2:$LJ$294,0,304)=0))-1))/SUMPRODUCT(zips!$B$2:$B$294*(INDEX(zips!$C$2:$LJ$294,0,304)>0)*(INDEX(zips!$C$2:$LJ$294,0,305)>0))	=C305*(1+B306)	=100*C306/$C$242	366990.2743	=100*E306/$E$242	146.896	146.7991	=ROUND(D306-G306,2)+ROUND(F306-H306,2)
2025-06-30	=SUMPRODUCT(zips!$B$2:$B$294*(INDEX(zips!$C$2:$LJ$294,0,305)>0)*(INDEX(zips!$C$2:$LJ$294,0,306)>0)*(INDEX(zips!$C$2:$LJ$294,0,306)/(INDEX(zips!$C$2:$LJ$294,0,305)+(INDEX(zips!$C$2:$LJ$294,0,305)=0))-1))/SUMPRODUCT(zips!$B$2:$B$294*(INDEX(zips!$C$2:$LJ$294,0,305)>0)*(INDEX(zips!$C$2:$LJ$294,0,306)>0))	=C306*(1+B307)	=100*C307/$C$242	366409.6744	=100*E307/$E$242	146.4097	146.5668	=ROUND(D307-G307,2)+ROUND(F307-H307,2)
2025-07-31	=SUMPRODUCT(zips!$B$2:$B$294*(INDEX(zips!$C$2:$LJ$294,0,306)>0)*(INDEX(zips!$C$2:$LJ$294,0,307)>0)*(INDEX(zips!$C$2:$LJ$294,0,307)/(INDEX(zips!$C$2:$LJ$294,0,306)+(INDEX(zips!$C$2:$LJ$294,0,306)=0))-1))/SUMPRODUCT(zips!$B$2:$B$294*(INDEX(zips!$C$2:$LJ$294,0,306)>0)*(INDEX(zips!$C$2:$LJ$294,0,307)>0))	=C307*(1+B308)	=100*C308/$C$242	366035.8811	=100*E308/$E$242	146.0032	146.4173	=ROUND(D308-G308,2)+ROUND(F308-H308,2)
2025-08-31	=SUMPRODUCT(zips!$B$2:$B$294*(INDEX(zips!$C$2:$LJ$294,0,307)>0)*(INDEX(zips!$C$2:$LJ$294,0,308)>0)*(INDEX(zips!$C$2:$LJ$294,0,308)/(INDEX(zips!$C$2:$LJ$294,0,307)+(INDEX(zips!$C$2:$LJ$294,0,307)=0))-1))/SUMPRODUCT(zips!$B$2:$B$294*(INDEX(zips!$C$2:$LJ$294,0,307)>0)*(INDEX(zips!$C$2:$LJ$294,0,308)>0))	=C308*(1+B309)	=100*C309/$C$242	365847.2289	=100*E309/$E$242	145.6521	146.3418	=ROUND(D309-G309,2)+ROUND(F309-H309,2)
2025-09-30	=SUMPRODUCT(zips!$B$2:$B$294*(INDEX(zips!$C$2:$LJ$294,0,308)>0)*(INDEX(zips!$C$2:$LJ$294,0,309)>0)*(INDEX(zips!$C$2:$LJ$294,0,309)/(INDEX(zips!$C$2:$LJ$294,0,308)+(INDEX(zips!$C$2:$LJ$294,0,308)=0))-1))/SUMPRODUCT(zips!$B$2:$B$294*(INDEX(zips!$C$2:$LJ$294,0,308)>0)*(INDEX(zips!$C$2:$LJ$294,0,309)>0))	=C309*(1+B310)	=100*C310/$C$242	366132.1997	=100*E310/$E$242	145.5153	146.4558	=ROUND(D310-G310,2)+ROUND(F310-H310,2)
2025-10-31	=SUMPRODUCT(zips!$B$2:$B$294*(INDEX(zips!$C$2:$LJ$294,0,309)>0)*(INDEX(zips!$C$2:$LJ$294,0,310)>0)*(INDEX(zips!$C$2:$LJ$294,0,310)/(INDEX(zips!$C$2:$LJ$294,0,309)+(INDEX(zips!$C$2:$LJ$294,0,309)=0))-1))/SUMPRODUCT(zips!$B$2:$B$294*(INDEX(zips!$C$2:$LJ$294,0,309)>0)*(INDEX(zips!$C$2:$LJ$294,0,310)>0))	=C310*(1+B311)	=100*C311/$C$242	366593.1112	=100*E311/$E$242	145.4304	146.6402	=ROUND(D311-G311,2)+ROUND(F311-H311,2)
2025-11-30	=SUMPRODUCT(zips!$B$2:$B$294*(INDEX(zips!$C$2:$LJ$294,0,310)>0)*(INDEX(zips!$C$2:$LJ$294,0,311)>0)*(INDEX(zips!$C$2:$LJ$294,0,311)/(INDEX(zips!$C$2:$LJ$294,0,310)+(INDEX(zips!$C$2:$LJ$294,0,310)=0))-1))/SUMPRODUCT(zips!$B$2:$B$294*(INDEX(zips!$C$2:$LJ$294,0,310)>0)*(INDEX(zips!$C$2:$LJ$294,0,311)>0))	=C311*(1+B312)	=100*C312/$C$242	367313.6452	=100*E312/$E$242	145.4485	146.9284	=ROUND(D312-G312,2)+ROUND(F312-H312,2)
2025-12-31	=SUMPRODUCT(zips!$B$2:$B$294*(INDEX(zips!$C$2:$LJ$294,0,311)>0)*(INDEX(zips!$C$2:$LJ$294,0,312)>0)*(INDEX(zips!$C$2:$LJ$294,0,312)/(INDEX(zips!$C$2:$LJ$294,0,311)+(INDEX(zips!$C$2:$LJ$294,0,311)=0))-1))/SUMPRODUCT(zips!$B$2:$B$294*(INDEX(zips!$C$2:$LJ$294,0,311)>0)*(INDEX(zips!$C$2:$LJ$294,0,312)>0))	=C312*(1+B313)	=100*C313/$C$242	368170.9685	=100*E313/$E$242	145.4953	147.2714	=ROUND(D313-G313,2)+ROUND(F313-H313,2)
2026-01-31	=SUMPRODUCT(zips!$B$2:$B$294*(INDEX(zips!$C$2:$LJ$294,0,312)>0)*(INDEX(zips!$C$2:$LJ$294,0,313)>0)*(INDEX(zips!$C$2:$LJ$294,0,313)/(INDEX(zips!$C$2:$LJ$294,0,312)+(INDEX(zips!$C$2:$LJ$294,0,312)=0))-1))/SUMPRODUCT(zips!$B$2:$B$294*(INDEX(zips!$C$2:$LJ$294,0,312)>0)*(INDEX(zips!$C$2:$LJ$294,0,313)>0))	=C313*(1+B314)	=100*C314/$C$242	368983.1666	=100*E314/$E$242	145.6262	147.5962	=ROUND(D314-G314,2)+ROUND(F314-H314,2)
2026-02-28	=SUMPRODUCT(zips!$B$2:$B$294*(INDEX(zips!$C$2:$LJ$294,0,313)>0)*(INDEX(zips!$C$2:$LJ$294,0,314)>0)*(INDEX(zips!$C$2:$LJ$294,0,314)/(INDEX(zips!$C$2:$LJ$294,0,313)+(INDEX(zips!$C$2:$LJ$294,0,313)=0))-1))/SUMPRODUCT(zips!$B$2:$B$294*(INDEX(zips!$C$2:$LJ$294,0,313)>0)*(INDEX(zips!$C$2:$LJ$294,0,314)>0))	=C314*(1+B315)	=100*C315/$C$242	369759.4594	=100*E315/$E$242	145.7905	147.9068	=ROUND(D315-G315,2)+ROUND(F315-H315,2)
2026-03-31	=SUMPRODUCT(zips!$B$2:$B$294*(INDEX(zips!$C$2:$LJ$294,0,314)>0)*(INDEX(zips!$C$2:$LJ$294,0,315)>0)*(INDEX(zips!$C$2:$LJ$294,0,315)/(INDEX(zips!$C$2:$LJ$294,0,314)+(INDEX(zips!$C$2:$LJ$294,0,314)=0))-1))/SUMPRODUCT(zips!$B$2:$B$294*(INDEX(zips!$C$2:$LJ$294,0,314)>0)*(INDEX(zips!$C$2:$LJ$294,0,315)>0))	=C315*(1+B316)	=100*C316/$C$242	370286.8874	=100*E316/$E$242	145.8331	148.1177	=ROUND(D316-G316,2)+ROUND(F316-H316,2)
2026-04-30	=SUMPRODUCT(zips!$B$2:$B$294*(INDEX(zips!$C$2:$LJ$294,0,315)>0)*(INDEX(zips!$C$2:$LJ$294,0,316)>0)*(INDEX(zips!$C$2:$LJ$294,0,316)/(INDEX(zips!$C$2:$LJ$294,0,315)+(INDEX(zips!$C$2:$LJ$294,0,315)=0))-1))/SUMPRODUCT(zips!$B$2:$B$294*(INDEX(zips!$C$2:$LJ$294,0,315)>0)*(INDEX(zips!$C$2:$LJ$294,0,316)>0))	=C316*(1+B317)	=100*C317/$C$242	370424.1794	=100*E317/$E$242	145.6508	148.1727	=ROUND(D317-G317,2)+ROUND(F317-H317,2)
2026-05-31	=SUMPRODUCT(zips!$B$2:$B$294*(INDEX(zips!$C$2:$LJ$294,0,316)>0)*(INDEX(zips!$C$2:$LJ$294,0,317)>0)*(INDEX(zips!$C$2:$LJ$294,0,317)/(INDEX(zips!$C$2:$LJ$294,0,316)+(INDEX(zips!$C$2:$LJ$294,0,316)=0))-1))/SUMPRODUCT(zips!$B$2:$B$294*(INDEX(zips!$C$2:$LJ$294,0,316)>0)*(INDEX(zips!$C$2:$LJ$294,0,317)>0))	=C317*(1+B318)	=100*C318/$C$242	370199.5374	=100*E318/$E$242	145.2438	148.0828	=ROUND(D318-G318,2)+ROUND(F318-H318,2)
2026-06-30	=SUMPRODUCT(zips!$B$2:$B$294*(INDEX(zips!$C$2:$LJ$294,0,317)>0)*(INDEX(zips!$C$2:$LJ$294,0,318)>0)*(INDEX(zips!$C$2:$LJ$294,0,318)/(INDEX(zips!$C$2:$LJ$294,0,317)+(INDEX(zips!$C$2:$LJ$294,0,317)=0))-1))/SUMPRODUCT(zips!$B$2:$B$294*(INDEX(zips!$C$2:$LJ$294,0,317)>0)*(INDEX(zips!$C$2:$LJ$294,0,318)>0))	=C318*(1+B319)	=100*C319/$C$242	369986.5666	=100*E319/$E$242	144.7849	147.9976	=ROUND(D319-G319,2)+ROUND(F319-H319,2)
2026-07-31	=SUMPRODUCT(zips!$B$2:$B$294*(INDEX(zips!$C$2:$LJ$294,0,318)>0)*(INDEX(zips!$C$2:$LJ$294,0,319)>0)*(INDEX(zips!$C$2:$LJ$294,0,319)/(INDEX(zips!$C$2:$LJ$294,0,318)+(INDEX(zips!$C$2:$LJ$294,0,318)=0))-1))/SUMPRODUCT(zips!$B$2:$B$294*(INDEX(zips!$C$2:$LJ$294,0,318)>0)*(INDEX(zips!$C$2:$LJ$294,0,319)>0))	=C319*(1+B320)	=100*C320/$C$242	370094.3858	=100*E320/$E$242	144.4312	148.0407	=ROUND(D320-G320,2)+ROUND(F320-H320,2)
2026-08-31	=SUMPRODUCT(zips!$B$2:$B$294*(INDEX(zips!$C$2:$LJ$294,0,319)>0)*(INDEX(zips!$C$2:$LJ$294,0,320)>0)*(INDEX(zips!$C$2:$LJ$294,0,320)/(INDEX(zips!$C$2:$LJ$294,0,319)+(INDEX(zips!$C$2:$LJ$294,0,319)=0))-1))/SUMPRODUCT(zips!$B$2:$B$294*(INDEX(zips!$C$2:$LJ$294,0,319)>0)*(INDEX(zips!$C$2:$LJ$294,0,320)>0))	=C320*(1+B321)	=100*C321/$C$242	370547.0976	=100*E321/$E$242	144.232	148.2218	=ROUND(D321-G321,2)+ROUND(F321-H321,2)
