zip	weight ($ of MRP homes)	2000-01-31	2000-02-29	2000-03-31	2000-04-30	2000-05-31	2000-06-30	2000-07-31	2000-08-31	2000-09-30	2000-10-31	2000-11-30	2000-12-31	2001-01-31	2001-02-28	2001-03-31	2001-04-30	2001-05-31	2001-06-30	2001-07-31	2001-08-31	2001-09-30	2001-10-31	2001-11-30	2001-12-31	2002-01-31	2002-02-28	2002-03-31	2002-04-30	2002-05-31	2002-06-30	2002-07-31	2002-08-31	2002-09-30	2002-10-31	2002-11-30	2002-12-31	2003-01-31	2003-02-28	2003-03-31	2003-04-30	2003-05-31	2003-06-30	2003-07-31	2003-08-31	2003-09-30	2003-10-31	2003-11-30	2003-12-31	2004-01-31	2004-02-29	2004-03-31	2004-04-30	2004-05-31	2004-06-30	2004-07-31	2004-08-31	2004-09-30	2004-10-31	2004-11-30	2004-12-31	2005-01-31	2005-02-28	2005-03-31	2005-04-30	2005-05-31	2005-06-30	2005-07-31	2005-08-31	2005-09-30	2005-10-31	2005-11-30	2005-12-31	2006-01-31	2006-02-28	2006-03-31	2006-04-30	2006-05-31	2006-06-30	2006-07-31	2006-08-31	2006-09-30	2006-10-31	2006-11-30	2006-12-31	2007-01-31	2007-02-28	2007-03-31	2007-04-30	2007-05-31	2007-06-30	2007-07-31	2007-08-31	2007-09-30	2007-10-31	2007-11-30	2007-12-31	2008-01-31	2008-02-29	2008-03-31	2008-04-30	2008-05-31	2008-06-30	2008-07-31	2008-08-31	2008-09-30	2008-10-31	2008-11-30	2008-12-31	2009-01-31	2009-02-28	2009-03-31	2009-04-30	2009-05-31	2009-06-30	2009-07-31	2009-08-31	2009-09-30	2009-10-31	2009-11-30	2009-12-31	2010-01-31	2010-02-28	2010-03-31	2010-04-30	2010-05-31	2010-06-30	2010-07-31	2010-08-31	2010-09-30	2010-10-31	2010-11-30	2010-12-31	2011-01-31	2011-02-28	2011-03-31	2011-04-30	2011-05-31	2011-06-30	2011-07-31	2011-08-31	2011-09-30	2011-10-31	2011-11-30	2011-12-31	2012-01-31	2012-02-29	2012-03-31	2012-04-30	2012-05-31	2012-06-30	2012-07-31	2012-08-31	2012-09-30	2012-10-31	2012-11-30	2012-12-31	2013-01-31	2013-02-28	2013-03-31	2013-04-30	2013-05-31	2013-06-30	2013-07-31	2013-08-31	2013-09-30	2013-10-31	2013-11-30	2013-12-31	2014-01-31	2014-02-28	2014-03-31	2014-04-30	2014-05-31	2014-06-30	2014-07-31	2014-08-31	2014-09-30	2014-10-31	2014-11-30	2014-12-31	2015-01-31	2015-02-28	2015-03-31	2015-04-30	2015-05-31	2015-06-30	2015-07-31	2015-08-31	2015-09-30	2015-10-31	2015-11-30	2015-12-31	2016-01-31	2016-02-29	2016-03-31	2016-04-30	2016-05-31	2016-06-30	2016-07-31	2016-08-31	2016-09-30	2016-10-31	2016-11-30	2016-12-31	2017-01-31	2017-02-28	2017-03-31	2017-04-30	2017-05-31	2017-06-30	2017-07-31	2017-08-31	2017-09-30	2017-10-31	2017-11-30	2017-12-31	2018-01-31	2018-02-28	2018-03-31	2018-04-30	2018-05-31	2018-06-30	2018-07-31	2018-08-31	2018-09-30	2018-10-31	2018-11-30	2018-12-31	2019-01-31	2019-02-28	2019-03-31	2019-04-30	2019-05-31	2019-06-30	2019-07-31	2019-08-31	2019-09-30	2019-10-31	2019-11-30	2019-12-31	2020-01-31	2020-02-29	2020-03-31	2020-04-30	2020-05-31	2020-06-30	2020-07-31	2020-08-31	2020-09-30	2020-10-31	2020-11-30	2020-12-31	2021-01-31	2021-02-28	2021-03-31	2021-04-30	2021-05-31	2021-06-30	2021-07-31	2021-08-31	2021-09-30	2021-10-31	2021-11-30	2021-12-31	2022-01-31	2022-02-28	2022-03-31	2022-04-30	2022-05-31	2022-06-30	2022-07-31	2022-08-31	2022-09-30	2022-10-31	2022-11-30	2022-12-31	2023-01-31	2023-02-28	2023-03-31	2023-04-30	2023-05-31	2023-06-30	2023-07-31	2023-08-31	2023-09-30	2023-10-31	2023-11-30	2023-12-31	2024-01-31	2024-02-29	2024-03-31	2024-04-30	2024-05-31	2024-06-30	2024-07-31	2024-08-31	2024-09-30	2024-10-31	2024-11-30	2024-12-31	2025-01-31	2025-02-28	2025-03-31	2025-04-30	2025-05-31	2025-06-30	2025-07-31	2025-08-31	2025-09-30	2025-10-31	2025-11-30	2025-12-31	2026-01-31	2026-02-28	2026-03-31	2026-04-30	2026-05-31	2026-06-30	2026-07-31	2026-08-31
75407	13600211.64	127211.63	126575.75	126260.76	125731.36	125287.25	124809.2	124469.48	124253.83	124284.93	124167.63	124213.74	124299.74	124084.61	124045.84	123220.33	122503.84	121513.46	120818.69	120306.45	120036.16	120495.89	120827.84	121034.33	120652.75	120623.06	120635.11	120709.23	120622.29	121106.46	122137.4	123275.12	124264.91	125013.04	125658.3	126217.76	126601.27	126568.75	125959.73	125416.77	125385.56	125739.6	126409.57	126790.81	127287.98	127180.5	127158.81	126913.12	126927.75	127311.02	129336.68	131842.32	134323.57	135230.58	135598.02	136172.57	136530.09	137058.11	136987.65	136431.94	136024.0	135425.27	135399.35	134968.31	134630.99	134198.96	134609.6	135515.33	136492.96	136807.01	136906.4	137219.12	137505.03	137552.47	137541.36	137731.89	138347.9	139740.28	140382.68	140553.44	139782.85	139820.22	140177.51	141389.23	141177.0	140049.15	137622.83	136557.52	137338.3	138128.49	138946.24	139268.52	140294.72	141319.53	142039.03	143215.88	143906.3	143564.57	142226.46	141255.51	141141.07	141220.89	140895.29	140242.67	138949.83	137631.15	136645.56	136167.74	135649.11	134969.33	134362.45	133870.3	132964.23	132017.35	130859.59	130301.91	129309.79	128611.27	127626.06	127746.14	128545.02	130014.56	130975.41	131360.15	131952.1	132462.47	132664.39	131928.1	130565.0	129172.83	127603.04	126222.42	125081.32	124271.5	123900.23	123614.72	122695.7	121718.14	120932.28	120725.76	120828.47	120883.31	121521.88	121850.69	121915.63	121738.35	121999.12	122710.62	123733.11	125058.42	126477.58	127537.9	128215.73	128790.0	129332.63	129705.21	129964.79	130567.08	131392.05	132486.41	133400.15	134829.4	136766.09	138727.6	140767.67	142082.52	143656.64	145178.41	147309.84	149776.6	152262.41	154707.66	156620.37	158289.17	160227.08	162520.74	164748.25	165938.83	166414.45	166499.74	166993.01	167718.45	168745.99	169587.11	170287.96	171452.79	172941.02	174817.83	177173.24	179727.93	182353.08	184354.84	186189.62	188306.06	190304.37	192081.18	193834.52	195620.7	197384.39	198718.47	200239.74	202084.26	203875.38	205509.43	207179.78	209256.15	211296.66	213196.29	215016.78	216500.93	217913.12	219184.75	220972.74	222953.62	225006.65	226750.59	228262.81	229567.31	230872.02	232425.59	233845.07	235093.33	235663.96	236299.98	237055.4	238090.69	238936.58	239467.32	240037.34	240933.22	242011.16	242797.89	242866.95	242511.11	241750.39	240821.3	240139.56	239892.49	240324.48	240858.95	241583.99	242534.72	243641.5	244411.45	244503.24	243730.92	242866.61	242499.71	243181.75	244925.74	247511.08	250678.64	253961.49	257336.45	260892.44	265070.63	270119.99	276335.53	283121.78	289911.89	296088.08	301850.58	307582.39	313789.23	320853.28	329884.08	340328.48	351063.52	361073.35	369607.4	376787.5	380192.32	380233.86	377543.22	374115.21	370138.0	365528.07	360621.79	355934.25	352495.72	349981.65	348776.63	348321.47	347846.12	346880.39	345346.41	344272.75	343698.38	342968.56	342429.2	341978.33	342007.83	341782.19	340795.97	339389.75	338062.45	337336.84	336595.94	335506.82	334258.81	332915.52	331632.38	330277.71	328809.05	326659.39	323690.5	320349.23	317195.95	314663.7	312636.33	310544.87	307946.08	304870.62	301712.81	298775.31	295667.59	292605.02	289388.96	286531.46	284326.33	282664.78
29588	6045725.0																							132641.47	132614.69	132492.04	131881.85	131348.37	130691.54	130612.11	130771.96	131433.36	132226.37	132994.92	133707.41	134273.85	134729.24	134978.45	135150.82	135199.36	135156.74	135145.65	135302.81	135928.93	136824.79	137759.39	138461.75	139006.59	139563.35	140104.79	140913.25	141650.24	142655.8	143483.65	144444.5	145383.25	146367.69	147639.77	149098.17	150738.63	152284.63	153915.25	155450.44	157129.94	158767.7	160392.06	162015.73	163965.73	166407.32	169080.96	171939.61	174712.0	177405.18	179164.64	181331.01	183736.35	186336.07	188929.24	191082.0	193792.32	195970.42	198441.49	200946.92	202619.48	203424.08	203590.91	203938.26	204104.77	203900.12	203710.01	203562.29	202989.18	202361.37	201241.06	199810.76	198417.19	197582.36	197580.02	197383.72	196258.6	194864.73	193430.0	192764.53	191902.1	190414.67	188391.83	185345.12	182089.48	179003.53	176400.02	173756.45	170966.5	168381.09	165985.37	163827.76	162071.07	160647.48	159063.26	157238.9	156028.67	155787.2	156385.97	156670.86	156272.46	155733.32	155479.6	155370.06	154758.91	153840.26	152305.82	150832.74	149890.31	148830.04	147382.98	145118.08	143584.89	142412.22	141636.11	140874.4	140447.45	140371.56	140568.4	140846.07	140820.43	143284.36	146998.86	151145.45	152522.25	152652.61	152538.18	152700.98	153070.44	153679.83	154334.9	154749.14	155093.56	155122.7	155034.86	154897.39	155278.87	156273.54	157651.22	159072.6	160339.35	161644.01	163005.4	164521.15	165756.63	166727.51	167245.77	167882.24	168625.46	169460.88	170210.14	170891.02	171670.83	172464.55	173399.53	174424.88	175653.15	176447.61	177050.07	177539.18	178351.08	179125.42	179794.77	180477.35	181235.75	181996.39	182920.94	184018.15	185108.91	185631.33	186054.71	186691.54	187577.0	188488.15	188875.57	189171.71	189208.34	189460.8	190109.73	191251.15	192452.37	193218.84	193362.87	193431.5	193878.31	194859.74	195696.15	196465.1	196855.77	197465.56	198249.7	199372.93	200691.09	201809.69	202677.65	203613.93	204559.26	205408.0	205989.63	206570.34	207318.38	208322.39	209519.75	210701.57	211441.21	211756.77	212142.73	212904.36	214094.12	215150.51	216138.02	216964.97	217724.2	218296.31	218716.9	219299.59	220208.36	221123.75	221987.22	222623.11	223489.01	224386.9	225137.87	225940.28	227161.3	229061.09	231476.17	234351.81	237494.22	240640.34	243188.16	245677.86	248155.03	251445.46	255576.75	260988.45	266858.48	272515.71	277933.01	283543.98	289330.14	294613.35	300357.45	306421.23	313637.85	321128.88	329145.85	336837.11	342769.98	346060.05	346641.78	346301.18	345588.94	344760.97	342939.3	341099.75	339389.61	338767.8	339050.54	340263.91	341497.93	342303.47	342443.71	342393.25	342237.13	342290.23	342207.37	342065.67	342281.81	342866.45	343450.48	343516.49	343451.75	343782.97	344054.16	343810.66	342899.06	342015.78	341473.56	341023.06	340191.42	339147.71	337864.64	336712.51	336051.64	335844.04	336011.15	336059.91	336211.76	336232.95	336270.8	336286.52	336491.31	336635.45	336770.68	336865.02	337051.01	337269.73
75092	5971795.7																																																																																																																																																	121287.38	121503.89	122043.02	122677.83	123552.55	124177.86	124936.61	124725.87	124257.68	123839.21	124265.35	125008.12	125974.66	126914.53	128071.19	129161.99	130610.23	131842.23	132779.27	132553.8	131992.79	131221.42	131140.35	131520.49	132448.68	133523.48	134499.51	135156.97	136083.61	136793.56	137747.43	137690.83	137371.93	136784.07	137067.59	137820.99	138732.64	139623.37	140546.47	141519.56	142934.13	144554.22	146273.46	147411.41	148494.99	149760.82	151264.0	152899.74	154187.28	155174.38	155906.4	156757.85	158058.44	159279.86	160729.46	161888.74	163424.46	164992.97	166935.7	168792.04	170571.18	171975.08	173314.58	174657.23	176048.95	177249.71	178260.19	179334.03	180660.79	182272.8	184060.8	186068.76	187983.19	189699.88	191536.02	193351.24	195259.53	196634.39	198203.84	199194.67	200049.73	200054.37	200169.26	200386.13	200940.98	201764.43	202533.71	203188.23	203542.79	203578.75	203484.03	203586.03	204109.57	205049.35	206150.21	207107.6	208140.11	209201.93	210500.79	211307.8	211465.01	211274.23	211701.64	213189.7	215567.52	218145.47	220867.46	223535.23	226818.3	230673.1	235097.36	239184.07	243344.07	247789.88	252433.15	256270.53	258951.8	261367.65	264424.57	268252.88	273311.91	279359.49	285710.02	291840.89	297084.3	301976.95	305157.92	306109.14	305198.6	304012.73	303731.69	304101.05	304765.98	305129.49	305422.72	305688.71	306021.4	306283.0	306178.98	306433.77	306911.46	307348.43	307151.29	306381.67	306495.18	307971.26	310347.35	312269.0	313268.73	313488.27	313025.94	312208.5	311512.18	311107.75	311030.34	311358.51	312102.61	312586.41	312234.19	310870.76	308962.08	306727.92	304451.67	302237.65	300270.68	298629.67	297422.17	296585.78	295985.97	295623.7	294940.09	293790.34	291825.79	289594.48	287553.51	285946.11
77532	5825064.24	100846.05	101165.66	101301.16	101613.3	101559.88	101512.58	101310.62	101370.81	101553.24	101764.85	102020.57	102363.93	102540.5	102410.52	101719.92	101134.58	100954.12	101195.11	101766.64	102068.13	102302.68	102365.38	102545.15	102654.96	102741.54	102914.46	103400.81	104037.31	104610.06	104959.58	105257.01	105764.21	106357.37	106911.47	107236.63	107392.74	107454.31	107320.93	107188.82	107088.74	107104.35	107232.09	107386.41	107502.94	107523.7	107772.99	108155.88	108722.49	109332.29	110354.17	111844.8	113184.6	114521.68	115362.28	116577.18	117540.5	118897.77	120105.77	121325.16	122155.45	122658.77	123068.5	123627.11	124190.01	124681.71	124960.12	125225.97	125257.03	125190.79	125001.97	125138.23	125471.74	125988.26	126333.9	126472.58	126664.56	127125.68	127784.67	128582.76	129492.71	130544.91	131793.42	132720.24	133552.54	133805.39	133713.59	133441.11	133648.18	134167.78	134651.06	134706.3	134784.94	134894.04	135087.12	135504.06	135972.26	136033.1	135696.36	135598.95	135853.0	135947.35	135807.41	135591.02	135317.93	134760.35	134099.23	132990.66	131862.82	130595.38	130189.55	129998.38	130352.2	130909.91	131598.31	132266.2	132574.06	132712.96	132512.93	132422.78	132481.16	132560.57	132567.12	132806.92	133369.24	134013.66	134220.25	133867.91	132939.23	132134.41	131583.4	131496.58	131369.47	131072.88	130569.58	129805.53	129018.18	128408.18	128220.96	128386.57	128786.48	128992.96	128881.71	127983.03	127120.36	126721.71	126896.55	126927.15	126758.11	126629.29	126767.33	126978.38	127252.85	127567.63	127820.32	128105.05	128205.5	128529.09	128985.01	129727.82	130367.03	131001.12	131726.77	132686.8	133582.93	133991.32	134444.51	134977.77	135919.73	136766.71	137719.21	138754.48	139925.86	141227.94	142607.6	144109.87	145352.69	146316.63	146996.33	148106.06	149534.45	151187.61	152651.72	154005.08	155385.17	156500.88	157427.98	158038.67	158737.86	159394.44	160182.54	160892.12	161684.51	162583.85	163737.17	164512.56	165401.58	166267.89	167534.56	168492.42	169316.37	170234.66	171348.01	172737.96	174055.07	175200.56	176021.75	176927.8	177795.33	178574.7	179297.36	180019.91	180858.94	181479.29	182275.86	183241.02	184387.34	185376.01	186168.52	187203.61	188242.75	189355.16	190101.97	190775.17	191324.2	192086.09	192912.39	193815.96	194763.07	195768.46	196820.14	197746.04	198497.84	199199.39	199903.11	200453.11	200909.91	201237.33	201955.89	203055.02	204360.29	205384.96	206056.68	206787.06	207357.5	207471.4	207430.48	207836.6	208870.56	210320.3	212107.19	214327.84	216390.48	218462.07	220551.22	222972.61	225591.01	228627.98	232128.27	235288.07	237680.93	239359.99	241326.34	243986.49	246816.48	250381.67	254381.82	259401.49	264487.27	269165.58	273295.52	276048.32	277630.25	278075.52	278102.07	277542.15	275991.62	273895.98	271890.77	270736.04	270348.01	270670.87	271531.38	272329.55	273054.26	273123.44	273068.71	272509.16	271670.41	270999.58	270852.22	271456.25	271956.1	272088.53	271577.04	271043.11	270644.06	270662.27	270656.7	270750.46	270984.39	271502.62	272150.79	272399.49	272382.32	271975.36	271440.07	271140.22	270836.76	270642.79	270107.39	269689.93	269509.29	269496.72	269537.86	269218.98	268305.65	266899.76	265317.62	264014.91	263179.05
34476	5623486.92																																																	141742.57	142184.97	142595.7	143550.58	144603.4	145935.98	147457.97	149087.85	150886.28	152778.22	154814.86	157197.72	159902.65	162750.39	165684.27	168955.86	172509.52	175536.26	178510.26	182257.79	186919.1	192120.99	196895.7	201369.63	204846.83	208303.81	212282.92	217021.5	221663.07	225407.12	228782.47	231094.62	232152.12	232743.6	233511.99	234348.36	234159.72	232973.3	232048.23	230381.27	227857.35	224804.29	222166.51	220392.67	218491.01	217079.23	215543.34	213231.04	209671.03	206978.62	205092.05	203172.06	200109.2	196485.62	192979.78	189614.81	186982.52	184240.86	181101.3	177471.44	174513.32	172040.83	169975.72	168021.74	166590.5	164949.86	163295.39	161191.16	159071.89	156681.57	154531.92	152914.87	151700.21	150652.34	149504.9	148343.27	146630.2	145449.66	144374.29	143842.54	142831.0	141965.83	140673.96	139154.86	137501.63	136180.95	134396.84	132819.29	131442.9	131020.69	130256.42	129117.57	127567.67	126384.52	125465.25	124887.83	124041.36	123240.8	122583.21	122417.2	122476.41	122764.0	123150.4	123550.15	123874.62	124129.14	124668.28	125486.02	126367.96	127108.67	127830.46	128719.22	129850.65	131056.17	132360.02	133578.27	134580.12	135223.69	135698.31	136096.98	136647.33	137308.14	138129.54	139023.23	139993.52	140740.75	141352.33	141811.65	142552.78	143052.45	143726.53	144135.7	144753.07	145022.58	145389.96	145791.7	146508.78	147281.27	148250.87	148963.22	149585.24	150063.85	150935.57	151872.32	152900.97	153545.81	153822.79	154048.37	154460.31	155199.92	155970.73	156938.61	157967.82	159127.74	160282.84	161394.06	162453.19	163337.76	164267.25	165255.01	166222.24	167150.27	167975.56	168839.31	169993.36	171277.38	172873.63	174456.78	176185.07	177698.46	179034.99	179761.39	180330.05	180738.68	181598.93	182537.05	183597.98	184400.75	185059.61	185703.83	186637.8	187752.92	188877.43	189531.09	189881.84	190058.98	190533.7	191447.58	192544.19	193618.96	194580.66	195669.66	197175.51	198539.17	199531.29	199865.64	200017.38	200440.42	201422.23	203118.39	205418.56	208133.44	211238.18	214181.02	216981.01	219466.42	222213.76	225571.97	230041.97	235750.67	241739.53	247524.92	252776.06	258061.7	263436.5	268724.05	274734.64	281752.36	289714.11	298052.37	306012.81	313444.75	319189.21	322621.77	323796.01	323967.46	323657.86	323005.82	321277.28	319801.99	318638.29	318458.0	318345.18	318723.2	318961.75	319246.27	319231.41	318984.73	318630.79	318142.7	317703.01	317344.86	317116.44	316942.74	316601.5	315960.79	315072.89	314453.4	313830.1	313190.26	312232.77	311369.01	310692.11	309626.69	308177.72	306644.1	305543.86	304410.62	303301.83	301920.99	301077.65	300132.74	299476.65	298749.17	298166.85	297486.27	296823.95	296161.35	295429.41	294588.71	293906.62	293512.97
28610	5581000.0	87871.48	88145.88	88168.54	88382.32	88520.6	89055.16	89712.17	90282.46	90795.88	91275.54	92174.14	93083.0	94093.95	94689.2	94908.91	94995.71	95179.81	95554.33	95813.98	95944.16	95828.8	95756.99	95721.78	95827.29	96076.71	96345.97	96668.61	96901.22	97006.65	97129.93	97084.52	97276.48	97433.36	97645.33	97693.67	97615.87	97674.92	97884.78	98000.53	97604.11	96931.25	96834.84	97522.39	98540.89	99478.47	99983.24	100431.7	100543.29	100542.71	100122.02	99753.97	99724.29	99893.12	99988.25	99979.04	100147.37	100307.37	100451.76	100575.44	100835.51	101414.53	102156.4	103317.81	104138.3	104992.99	105321.86	105496.48	105431.84	105851.83	106560.19	107523.17	108426.78	109278.14	109962.01	110518.62	111271.26	111967.89	112384.21	112554.72	112954.38	113388.26	113940.62	114260.25	114430.51	114320.01	114367.24	114848.21	115572.31	116138.22	116383.43	116343.76	116262.51	116386.87	116595.26	116844.75	117205.24	117310.51	117213.88	116751.06	116545.66	116163.98	115911.86	115448.79	114954.34	114214.83	113644.08	113322.31	113084.45	112688.97	112495.37	112333.16	111934.46	111269.88	110403.72	109453.57	108441.9	107367.27	106501.8	105708.18	105276.15	105011.99	104603.73	104184.13	104003.25		107502.79	109181.65	109314.26	109073.24	108728.43	108495.58	108179.71	107793.21	107111.81	106761.2	106574.76	106520.72	106203.11	105675.49	105196.57	104726.03	104561.58	104180.3	103699.42	103491.02	103968.71	104844.42	105465.59	105858.76	105991.96	106084.86	105708.08	105459.61	105184.28	105110.62	104837.29	104491.79	104286.21	104498.51	105000.13	105736.4	106184.87	106504.78	106610.61	106742.6	106787.99	106547.02	106056.11	105711.17	105801.23	106471.64	107345.89	108118.08	108529.55	108752.56	108652.38	108486.92	107907.3	107620.81	107251.36	107238.43	107179.19	107389.55	107848.7	108508.31	109240.95	110053.38	110695.89	111013.8	110873.14	110805.59	111314.61	112259.53	113135.85	113281.92	113236.66	113166.03	113418.52	113738.72	114267.67	115160.69	116205.17	117362.96	118161.32	118885.56	119461.09	119920.35	120376.07	120676.66	121130.06	122024.14	122944.16	123855.68	124466.88	125117.32	125759.45	126287.71	126798.98	127469.8	128131.75	128752.72	129591.41	130673.21	132097.54	133579.69	134724.73	135643.96	136576.01	137693.83	138975.89	140268.78	141525.01	142505.79	143279.83	143947.08	144851.79	145735.81	146851.84	147965.33	149083.57	149733.04	150288.5	151184.29	152583.94	154025.34	155246.47	156660.55	159103.45	162474.89	166499.38	170256.51	173798.28	176948.66	180808.16	184714.62	188783.0	192232.18	195781.27	197714.72	197841.76	196363.04	195149.51	194903.87	195299.2	198568.26	203813.0	210317.26	216003.55	220456.59	224553.63	226807.28	228094.13	228364.49	229427.75	230523.99	231126.22	230462.87	229861.24	230463.18	232321.05	234621.37	236370.6	237852.4	239610.96	241494.12	243352.89	245213.96	246169.68	246325.25	246295.11	247786.93	250179.5	252737.88	254699.89	256378.0	256867.37	256233.77	254988.4	253935.82	254096.96	254518.28	255400.82	255581.77	255787.06	255905.91	255901.75	256024.13	255866.14	256173.69	256168.64	256381.38	256750.41	257823.38	259027.53	260424.14	261523.44	262170.0	262315.41	262261.15	262350.26
36535	4929737.89	110224.71	110480.1	110760.51	111350.1	112072.48	112814.75	113524.17	113830.45	114020.09	114184.36	114724.55	115480.33	116300.79	116897.66	117308.12	117570.86	117956.98	117299.54	116173.88	114580.94	113922.01	113737.06	114054.9	114803.63	115496.34	116076.25	116458.62	117201.18	117953.6	118616.58	119514.73	120177.63	120819.88	121003.25	121295.77	121247.43	120834.63	120660.7	120781.77	121260.84	122146.63	122882.61	123479.29	123593.63	123933.88	124725.69	125745.13	127012.46	127929.89	128339.59	128434.43	128460.22	128777.81	129427.43	130640.83	131673.66	132260.2	132331.26	132861.1	133831.54	135218.7	136995.31	138949.63	141213.21	143386.49	145824.83	148363.93	150659.61	152803.72	154889.89	157258.38	159471.55	161307.76	163160.69	165465.1	168003.61	170526.65	172848.43	175029.78	177275.15	179011.95	180597.2	181400.13	182160.58	182739.01	183508.69	184162.43	184557.6	184375.24	184190.65	183477.6	182916.43	182197.45	181879.76	181600.71	181191.66	180888.76	180609.97	180207.18	178275.78	175666.31	173339.83	171880.11	170879.72	169414.77	168022.26	166212.85	164189.11	162193.69	160579.48	158747.9	156651.11	154202.21	153024.03	152887.28	153444.21	153329.08	152371.74	150956.4	149018.63	147072.06	145031.31	143362.78	140744.47	138037.24	135506.87	134002.0	132245.27	130256.29	128450.99	127332.67	126586.14	125958.9	124887.93	123691.51	122495.21	121813.18	121080.81	120300.19	119668.62	119022.97	118427.34	117841.08	117368.36	117130.25	117274.49	117944.09	119458.02	121231.11	122990.86	124283.77	125430.94	126704.72	127651.7	128108.12	128579.74	129301.81	130158.4	130920.78	131864.52	133300.66	134819.84	136305.1	137584.5	138464.29	139018.53	139291.09	139881.83	140523.8	141153.54	141865.57	143047.42	144784.43	146027.15	146931.45	147190.37	147595.55	147648.25	147742.2	147896.65	148462.84	149312.35	150363.6	151777.63	153431.87	154877.73	156067.76	156957.26	157772.41	158328.04	158826.32	159642.5	160639.25	161520.07	161844.91	162306.0	162919.18	163502.35	163592.78	163476.93	163808.29	164551.78	165424.98	166367.51	167239.05	168383.42	169597.34	170681.54	171312.57	171579.27	171938.57	172492.85	173420.61	174738.44	176116.38	177234.78	177828.27	178389.3	179454.04	180867.06	182169.64	183018.56	183814.53	184370.27	184728.14	184803.27	184982.24	185596.9	186633.14	188250.54	189492.35	190209.4	190655.2	191327.58	192333.82	193568.79	194793.56	196223.9	197545.37	198910.01	200105.83	200934.38	202229.88	203317.92	204409.53	205129.27	206287.25	207781.96	210043.96	212878.05	216517.64	219876.66	222642.56	225546.67	228819.12	232859.71	237339.36	242272.55	247310.21	251509.88	254845.09	257852.33	261340.54	265396.84	269659.56	273625.59	277271.0	281158.12	284686.49	288475.71	291229.13	293509.62	294409.25	294923.06	295103.09	295106.04	294971.37	294996.16	295653.78	296718.14	298032.08	299622.52	300827.99	301693.72	301718.6	301783.12	302354.21	303318.87	304741.84	305968.46	307341.76	308321.72	309440.76	310390.45	311077.9	311397.14	311406.64	311065.44	310499.38	310073.8	310277.14	310582.73	310571.01	310462.52	310465.87	310386.93	309964.75	309473.64	309516.67	309392.57	309036.59	308353.12	307706.94	307304.26	306570.18	305941.56	305132.48	304448.98	304103.54	304078.32
29054	4853839.0	73914.23	72848.29	72012.81	71524.64	71249.31	70862.62	69129.12	67545.2	66417.12	66971.43	68496.01	70781.92	72252.21	73869.93	75455.2	77305.75	78990.72	80883.15	83198.56	85067.92	85272.66	84608.64	83625.15	83098.4	82431.43	82084.31	83014.32	84236.1	85100.62	84583.34	84558.46	84055.76	83817.6	83631.5	84642.62	86941.38	88665.22	89506.27	89441.3	90372.54	92898.7	96961.44	99928.37	103415.33	105725.45	107989.86	108529.71	107988.3	107432.95	106652.25	104139.67	100396.11	95708.1	93109.03	92297.54	92772.54	94452.8	95461.36	96262.76	96971.59	98517.14	100049.51	102798.19	106391.39	110604.93	113470.3	115051.46	116366.85	117357.15	118367.84	119328.91	120229.49	120599.97	121279.89	121950.67	122648.38	123142.8	123232.75	124415.57	124841.31	125703.33	126025.94	126908.92	127457.91	127068.17	126569.25	125901.76	125303.04	125255.09	126198.71	128193.69	130053.17	131498.83	132473.6	133232.5	133400.54	134112.17	135524.69	137382.82	138861.51	139845.5	140458.36	140815.66	141189.6	141890.62	142326.76	142117.73	141258.07	140419.87	139963.97	140455.93	141585.85	142600.49	143779.54	145449.52	147325.8	149235.76	150696.35	151939.8	152533.22	152571.24	152761.63	152413.06	152302.69	152072.04	152392.76	152166.44	151805.25	151401.08	151384.92	151607.46	151666.75	151464.1	151149.39	150723.81	150097.11	149237.21	148379.05	148153.38	148078.06	148107.34	148030.94	147845.34	147604.21	147179.86	147417.0	148384.1	149802.47	151150.02	151832.84	151676.07	150887.25	150064.39	149640.62	149275.64	148897.21	148976.65	149398.92	149751.19	149672.85	149729.08	150186.83	150637.55	150883.44	151124.11	151688.1	152260.53	153218.41	154604.94	156178.01	157405.29	158531.16	159495.73	160007.72	160168.32	159842.49	159784.87	159368.77	159546.97	160237.04	161352.52	162342.21	162926.33	163703.39	164621.97	165627.07	166280.76	166590.67	166768.64	166992.33	167645.1	168853.92	170653.04	172136.43	172866.46	173372.02	174270.63	175711.07	176952.59	177781.81	178463.51	179098.57	179876.44	180349.03	180542.71	180530.16	180337.17	180504.55	180903.88	181827.52	182913.69	184051.08	185061.25	185538.47	186172.36	186708.91	187093.9	187171.23	187889.95	188684.92	189479.81	189847.67	190717.34	191519.63	192001.6	192178.85	192676.04	193731.63	195167.69	196394.72	197850.62	199150.29	200498.72	201409.71	202012.24	202544.35	203169.71	204703.05	206975.57	209474.91	211694.85	213033.15	213842.42	214358.55	215345.39	216753.73	218659.17	221575.72	225589.22	229858.19	234015.89	238057.22	241886.79	245438.82	248107.36	250304.94	253637.84	258168.1	262886.59	264579.59	263826.34	262575.35	263003.82	264742.06	268915.16	274333.13	280910.87	287736.96	293671.44	298999.0	301367.83	302561.41	302237.28	302412.53	301856.99	300481.41	297990.33	296135.99	296298.76	298397.37	301206.66	303750.08	305454.75	306478.97	307275.87	308037.62	308559.02	308739.43	307790.47	307952.52	308606.55	310699.02	312501.57	314429.72	316113.93	318359.86	320191.26	322121.68	322821.17	324984.04	327296.94	329580.09	329865.23	329600.23	329651.08	329297.69	328775.87	328340.47	328834.97	329371.37	330453.6	331467.67	333282.85	334911.16	336552.28	337326.69	337467.8	337452.61	338189.19	338869.91
78130	4816175.53																																																																																																													180897.67	180462.11	180367.05	180085.26	179876.44	179443.68	178966.08	178489.21	178247.22	178029.01	178043.41	177866.43	177783.77	177664.95	177912.95	178196.9	179168.14	179718.96	180034.35	179559.85	178804.17	177994.87	177031.78	175896.7	175039.74	174197.74	173846.28	173325.38	172838.4	172502.93	172269.68	172234.59	172087.95	171914.45	171759.25	171845.11	171853.5	171992.25	172172.01	172807.82	173523.16	174291.81	174894.88	175208.33	175295.29	175266.94	175598.52	176227.52	177103.43	178097.19	179092.75	180054.85	180649.1	181165.37	181570.72	182124.16	182780.77	183456.3	184243.15	185154.57	186033.31	186817.45	187401.31	188167.54	189250.27	190551.29	191907.1	192971.81	194060.95	194860.84	195926.73	196968.24	198265.07	199567.92	200793.93	201888.2	202997.21	204054.78	205333.76	206752.7	208340.36	209886.11	211124.11	212367.24	213495.05	214565.85	215116.94	215797.78	216492.21	217201.03	217761.07	218338.62	219284.74	220356.45	221510.15	222667.45	223635.69	224731.77	225689.15	226805.23	227550.43	228538.27	229498.12	230882.53	232156.58	233368.47	234066.88	234760.01	235276.97	235950.74	236799.53	237671.8	238367.65	238745.81	239318.37	239830.53	240292.25	240438.48	240696.13	241096.09	241563.54	241992.49	242322.44	242436.93	242610.1	242875.34	243472.44	244180.79	244874.61	245667.86	246687.79	247581.63	248481.63	249351.88	250351.27	251314.42	251746.48	252207.41	253099.92	254805.83	257231.72	260115.34	263381.27	266576.74	269926.52	273647.17	277691.22	281673.71	286396.04	292141.28	298969.33	305163.52	310425.99	315376.52	320810.82	326616.28	332700.92	338422.14	344567.02	351060.27	357873.86	363839.64	366885.75	366578.27	364381.6	362198.57	360437.23	358221.1	355614.16	353296.55	350908.2	348835.9	346919.0	345875.95	344702.45	343364.88	341634.75	339825.5	338053.19	336014.0	334018.0	332310.53	331247.8	330588.1	329921.55	329033.76	327858.61	326695.35	325745.48	324716.09	323363.56	321833.91	320508.04	319445.77	318248.0	316948.43	315538.64	313989.17	312226.17	310527.2	309367.05	308718.94	308833.77	309191.62	309586.94	309232.45	308574.47	307847.14	307142.67	306121.67	304978.06	304179.12
31069	4798038.93	107604.6	107932.36	108370.53	109336.16	110204.03	111056.47	111579.63	112177.38	112534.04	113042.69	113592.65	114693.53	115570.87	116070.03	115969.51	116062.75	116285.11	116493.18	116305.61	116257.12	116400.67	116767.52	116983.22	116832.39	116593.83	116274.9	115923.14	115673.36	115784.6	116423.72	116948.19	117111.69	116827.45	116811.46	117004.15	117488.56	117932.17	118455.76	119041.1	119584.4	120078.31	120093.85	120194.48	120471.66	121082.46	121625.77	121899.39	122063.26	122211.35	122450.5	122771.4	123007.58	123305.33	123791.21	124469.05	125069.05	125430.1	125672.32	125763.05	126010.01	126492.6	127261.21	128166.64	129088.58	129995.23	130732.67	131318.98	131803.04	132687.81	133719.12	134869.58	135558.23	135834.21	136055.99	136403.48	136943.31	137490.08	138123.18	138949.13	139913.88	140759.53	141476.38	141935.11	142582.51	143201.9	143874.37	144459.57	145104.52	145683.21	146210.68	146519.32	146974.95	146780.16	146254.61	145768.07	145709.1	145819.82	146391.98	147164.55	148108.35	148173.56	148022.9	147883.03	147735.49	147664.19	147247.55	146192.23	144685.0	143566.27	143145.17	143064.22	142714.92	142286.29	141830.47	141531.11	141409.89	141431.3	141638.25	141878.44	141953.49	141805.74	141470.62	141413.51	141450.63	141543.63	141319.61	141286.96	141117.88	140953.64	140826.66	140611.61	140337.05	139348.38	138355.51	137336.27	136387.6	135504.64	134742.05	134254.63	133879.78	133374.93	132655.89	132376.59	132385.88	133066.13	133544.01	134207.43	134549.51	135218.03	135697.59	136026.97	135891.46	135892.42	136084.72	136409.63	136280.1	135808.75	135100.53	134835.42	135077.29	135706.93	136324.64	136841.41	137515.66	138159.71	138846.8	139149.08	139469.37	139733.96	139860.47	139915.72	140121.69	140790.4	141593.97	142300.11	142862.16	143257.79	143296.82	143231.36	143230.1	143412.61	143633.54	143686.47	143665.4	143662.03	143674.06	143789.33	144234.47	144863.07	145596.12	146042.75	146724.92	147528.94	148127.94	148085.14	147841.38	147813.83	148046.46	148066.81	148103.84	148287.73	148770.28	149379.0	149950.39	150442.49	150644.18	150809.5	151034.5	151296.16	151626.68	152113.01	152820.7	153649.18	154530.36	155390.45	156278.54	157104.5	157940.35	158595.97	159325.2	160053.94	160857.22	161568.3	162221.64	163281.73	164160.61	165100.45	166001.83	167072.25	168044.41	168741.03	169166.32	169287.15	169381.92	169570.07	170137.44	170513.89	171116.88	171883.34	172824.84	173861.75	174818.02	176029.52	177099.53	177753.16	178150.98	178625.32	179632.7	181118.66	182943.5	185010.89	186767.47	188501.75	190204.07	192291.04	194249.57	196659.53	199088.32	201450.05	203188.39	204480.26	206027.27	207982.19	210251.15	213540.39	217521.83	222366.14	226657.08	230427.05	233556.59	236084.69	237868.64	239205.5	240640.12	242072.21	243140.49	243378.59	243648.79	244629.44	246150.92	247944.08	249500.96	250966.92	252340.98	253513.58	254734.01	255799.52	256463.83	256999.33	257431.89	258290.16	259256.22	260053.36	260582.28	260945.01	261606.33	262307.66	263116.86	263804.39	264954.32	266457.8	267626.47	267949.72	267778.49	267897.43	268411.79	269065.21	269678.82	270607.59	271565.85	272530.47	273452.31	274234.63	275221.37	275956.55	276479.41	276594.1	276633.81	276955.62	277444.66
78634	4597847.25																																																																																												173385.48	173721.03	173935.1	174540.35	174995.93	175123.96	174881.75	174099.08	173251.64	172412.41	172009.56	171623.98	170755.66	169519.93	168506.66	167734.37	167254.31	166299.37	165754.15	164937.38	164248.66	163126.12	162843.56	162988.85	163184.16	163035.63	162542.73	162593.89	162331.8	162131.04	161829.64	161211.74	160787.65	160487.46	160904.55	160680.08	160129.09	159179.09	158343.63	157483.25	156163.77	154416.37	151994.36	149952.94	148985.52	148619.38	148328.8	148248.05	148601.84	149093.57	149220.84	148839.47	148364.86	148376.18	148670.13	148947.33	148845.33	148859.34	149442.9	150241.38	151297.75	152347.05	153371.4	154359.26	155372.29	156644.51	158196.3	159811.51	161530.64	163254.86	164935.94	166530.92	167899.16	169199.0	170370.81	171611.76	173172.24	175078.98	176999.97	178649.36	180008.62	181389.78	182757.73	184346.81	185887.15	187287.67	188268.33	189360.08	190611.93	192396.46	194281.65	196283.18	197825.02	199155.07	200368.78	201692.91	202983.04	204258.67	205358.78	206564.97	207863.84	209483.63	211184.61	212805.67	214401.93	215953.03	217552.34	219187.56	220668.79	222128.84	223437.17	224805.65	226305.76	227915.32	229435.12	230973.35	232398.11	233641.42	234725.71	235756.33	236765.1	237678.63	238577.74	239561.04	240763.8	241750.89	242730.39	243644.3	244352.51	244882.58	245132.51	245932.02	246493.99	246936.3	246962.51	247202.25	247543.52	247660.2	247678.44	247685.72	247628.98	247690.38	247798.26	248230.68	248715.04	249285.39	250195.31	251566.88	253055.52	254379.38	255348.28	256268.54	257049.6	257655.64	258383.15	259754.81	261851.33	264776.16	268409.75	272828.44	277524.08	282553.41	288665.88	297710.12	311097.17	328374.0	346882.24	362647.61	374246.85	381569.72	386995.98	391866.17	397204.89	405045.1	415529.45	428422.39	441014.29	451291.85	457875.34	458179.87	452935.58	443929.51	434685.91	425740.44	416505.62	408331.33	401171.31	396158.53	392032.11	390126.39	389841.49	389592.35	388103.77	385317.46	382704.26	380385.67	378102.64	375960.48	374404.4	373460.9	372888.35	371900.37	370570.62	369373.17	368615.06	368258.09	367686.73	367002.16	366257.91	365522.37	364609.66	363325.4	361718.05	359830.14	357638.37	355314.16	353446.27	352161.96	350647.3	348779.22	346629.61	344657.47	342871.73	340559.75	338158.91	335268.36	332802.7	330999.5	329945.37
77515	4549939.58	85889.24	85973.43	85864.53	85888.62	86001.27	86326.76	86591.03	86735.39	86770.63	86760.53	86821.24	86947.07	87276.54	87490.1	87288.71	86836.22	86406.35	86567.09	86860.17	87288.22	87558.1	87811.97	88022.58	88226.18	88320.6	88313.75	88241.23	88339.44	88519.75	88869.83	89135.5	89563.56	90026.92	90757.62	91380.31	91779.92	91901.55	91987.02	92218.4	92465.23	92933.5	93609.52	94459.78	95230.8	95864.58	96319.16	96500.48	96645.54	96819.82	97168.42	97494.41	97962.04	98762.2	99674.05	100404.43	100808.49	101117.23	101623.91	102051.7	102488.55	102947.55	103525.75	104318.28	104954.84	105520.49	105820.99	106202.24	106623.01	106976.61	107099.64	107165.16	107406.71	107576.83	107770.64	108008.45	108648.35	109303.82	109755.16	109954.25	110077.06	110580.77	111476.3	112702.67	113882.77	114993.93	115957.53	116742.68	117366.52	117979.34	118586.9	119136.83	119519.07	119775.05	119919.08	120059.26	120148.16	120081.84	121604.19	123860.41	125907.2	127073.55	127864.19	128868.35	127950.92	126690.55	125613.85	125326.58	124901.5	124690.02	124703.25	124719.42	124419.16	124451.68	124805.33	124985.6	124470.19	123390.67	122436.83	121803.31	121861.59	122028.51	122425.93	122737.54	123058.23	123451.35	123345.51	123116.66	122602.89	121694.02	120649.58	119774.7	119761.91	120039.7	120079.48	119820.4	119249.66	118425.7	117629.73	116858.01	116015.14	115240.74	114257.07	113749.44	113415.12	113196.41	113137.55	112950.63	113291.62	113373.44	113790.61	114216.14	114892.19	115209.78	115488.3	115893.33	116600.24	117571.41	118384.35	119082.18	119749.5	120709.76	122142.03	123525.73	125141.26	126150.45	127323.94	128290.37	129500.15	130785.38	131860.35	132631.39	133171.9	133995.38	135099.36	136595.34	138192.36	139725.16	141214.23	142769.42	144364.1	145745.85	146986.24	148262.26	149693.74	151104.49	152368.66	153638.09	154982.77	156395.38	157534.76	158320.07	158859.96	159523.35	160172.7	160957.45	161973.14	163300.93	164793.86	166048.96	167537.74	168922.47	170223.56	171412.06	172233.91	172939.83	173311.18	174157.44	175549.83	177099.32	178540.13	179717.89	180890.16	182207.12	183220.22	184150.88	184869.29	185138.91	184907.01	185056.75	185796.91	186883.49	187580.37	188232.22	189153.53	190420.54	191720.71	192966.5	194224.59	195382.2	196629.27	197757.42	198478.08	198898.56	199107.66	199626.84	200189.02	200783.17	201427.02	202249.8	203072.44	203902.52	204738.48	205874.05	206750.84	206916.56	206723.13	206948.02	207985.0	209566.75	210910.58	211947.98	212720.16	213769.6	215569.42	217434.91	219530.74	221947.34	224685.75	226978.72	227991.32	228702.96	230013.74	232543.39	235493.15	239015.65	242355.36	245668.98	248071.86	249238.17	249692.37	249496.21	249651.63	249352.07	249278.52	248719.75	247854.43	246870.3	246453.36	247286.18	248310.06	248937.24	248786.53	248406.84	248425.61	248590.11	248733.22	248769.9	248225.74	247617.99	246847.96	246749.83	247198.56	247572.96	248104.64	248224.89	248109.44	247526.13	247174.2	247341.26	247913.38	248866.44	249965.16	250693.21	250853.91	250569.16	250217.65	250238.32	250210.54	250097.57	249284.47	248348.94	247772.4	248147.0	249147.13	250133.99	249910.49	248837.85	247467.73	246241.51	245615.48
28469	4523500.0																																																																																							379975.76	379505.11	377885.45	375356.87	373121.05	371777.61	370540.94	368659.52	367918.3	368760.31	370376.06	371073.61	371228.61	370410.35	368526.04	364450.78	360618.87	357481.44	355449.8	352809.27	349537.99	346208.08	342757.51	339073.54	334929.64	331491.58	328847.62	325793.94	321917.12	317434.6	313582.1	310367.22	308245.1	306393.6	304183.91	301117.93	298823.39	296995.05	295207.86	292150.43	289464.16	287535.31	286672.25	285861.73	285416.48	284242.68	282212.27	279196.73	276142.85	275117.35	273832.67	272451.39	269957.14	268590.22	267958.21	267662.82	267225.74	267438.68	265448.54	261774.51	257272.58	253979.47	252237.91	250888.22	250345.49	249763.14	249520.2	249326.38	250027.42	250818.05	251788.33	252457.83	253525.6	255090.41	257126.45	259079.68	260443.51	260876.69	260695.79	260372.97	259910.8	259416.07	258940.51	259419.54	260466.69	261752.14	263145.63	264101.33	264725.55	264241.5	263426.31	262640.69	262452.07	262642.0	263053.77	263864.34	265159.53	266018.3	266668.32	266839.52	267756.54	268578.07	269439.82	269867.3	270168.22	270085.44	270819.57	271343.41	272051.41	271611.9	271738.63	272242.91	273082.08	273652.98	273887.78	274771.78	275824.65	276941.0	278016.39	279487.73	281154.11	282450.15	283002.28	283481.16	284192.2	284815.52	285167.09	284983.33	285319.72	285858.67	287069.11	288370.7	290348.4	292178.99	293696.61	294501.15	295217.19	296573.31	298317.25	300309.0	301490.26	302722.54	304006.25	306047.33	308114.38	309897.93	310755.94	311323.65	312381.3	314315.31	316525.08	318605.96	320447.13	321742.59	322768.91	324079.02	325808.86	326870.78	326516.95	325448.58	325455.39	327759.06	331911.46	337235.28	342971.6	349304.07	355283.87	361861.99	368366.3	376658.33	385656.54	395359.82	404509.52	412784.06	420342.44	427419.45	433709.88	439265.92	445683.36	453355.42	463469.95	474529.69	485845.84	496024.42	502486.69	505681.45	505436.08	505739.88	505395.94	503929.77	501729.69	500596.09	501212.21	502068.46	503264.5	505616.04	508764.15	512081.09	515237.52	517958.72	520295.92	522594.41	523476.34	524528.56	527223.44	531245.28	534947.63	535707.61	535289.58	534804.9	535524.58	537130.19	538196.74	538971.56	539472.56	540458.41	540892.55	541217.18	541967.86	543035.99	544141.16	544616.88	545335.24	546337.06	548311.68	550213.49	551889.37	552610.62	553261.95	553773.99	554689.32	555643.65	556498.53	556669.8
29501	3975160.44																																																																					139011.0	139726.91	140207.79	141204.6	141882.24	142484.9	143036.7	143653.05	144306.65	145168.08	146096.75	147009.88	147823.03	148550.77	149327.65	149990.66	150512.02	150852.51	151021.83	151255.5	151439.06	151445.29	151241.91	151105.24	151136.81	151123.1	151139.89	150996.83	151078.91	151004.74	150861.06	150452.08	149835.12	149310.97	148867.97	148609.62	148362.84	148074.15	147708.85	147432.29			154096.48	155045.69	154857.06	154371.66	153706.53	153054.55	152330.05	151523.91	150132.55	148611.39	147114.37	146261.09	145632.36	145258.08	144939.27	144748.73	144529.26	144393.51	144185.21	143761.87	143223.05	142514.56	141771.93	140867.2	139986.0	139292.74	138873.71	138625.19	138524.41	138701.72	139284.72	140054.72	140789.32	141075.03	140866.85	140711.96	140977.67	141669.73	142441.75	143145.89	143785.22	144058.02	143977.98	143868.66	143596.16	143428.85	143258.59	143285.06	143451.4	143551.9	143838.26	143953.49	143892.77	143636.75	143523.13	143673.39	143661.67	143801.9	143810.57	144034.21	143953.63	144210.99	144876.37	145869.03	146578.5	146521.85	146121.34	145641.45	145633.24	145712.35	145766.75	145838.03	146080.55	146616.31	147352.13	148029.7	148656.13	149189.99	149414.97	149543.03	149556.61	150064.04	150668.35	151054.92	151176.55	151375.69	151707.94	151957.58	152061.98	152226.75	152578.49	153087.76	153588.37	154061.36	154114.98	153799.5	153224.69	153165.5	153341.58	153752.39	154095.92	154665.59	155324.94	155945.39	156663.23	157479.91	158372.32	159056.89	159540.45	159652.8	159579.45	159383.75	159493.92	159575.35	159683.68	159498.6	159526.43	159552.28	160064.72	161045.18	162538.99	163538.47	163962.46	164036.02	164338.01	164763.2	165126.9	165407.9	165910.34	166217.47	166648.32	166727.03	167150.64	167411.66	167710.19	167794.91	168240.85	168994.49	170324.97	171948.49	173726.09	175440.62	176978.83	178609.74	180162.98	181794.15	183822.36	186309.36	188903.06	191070.66	192768.51	194520.87	196451.93	198618.56	201251.51	204163.49	206923.4	209590.18	211859.0	214605.01	216835.16	218699.91	219758.01	220438.88	220743.6	220539.79	219659.84	218619.94	218189.03	218792.34	220162.14	221729.1	222623.75	222883.8	222811.16	223372.41	224499.76	225477.58	226009.76	226510.76	227242.61	227923.91	228148.42	228277.12	228347.21	228684.46	229026.07	229563.94	230192.52	231077.88	231925.42	232934.52	233675.04	234528.2	235028.63	235496.54	235951.99	236564.43	237369.82	238334.94	239549.24	240713.63	241819.32	243061.49	243838.94	244620.67	244749.41	245142.34	245152.91	245234.94
32908	3646691.0	95001.64	95319.87	95280.53	95454.43	95312.66	95365.8	95533.9	96014.57	96372.57	96714.08	96839.89	97024.85	97082.78	97394.33	97788.66	98510.96	99202.71	100045.02	100759.77	101361.54	101883.34	102436.81	103193.46	104149.11	104824.15	105355.63	105690.38	105951.65	106336.35	107220.52	108639.13	110327.03	111984.46	113589.35	115026.99	116265.74	117553.48	118763.3	119904.94	120812.05	121742.56	122139.08	122479.71	122967.89	123842.89	125081.46	126500.37	128396.93	130312.12	132220.42	134249.43	136322.64	138799.72	141684.71	145310.85	149254.99	153001.53	156660.8	159612.53	162930.01	165815.03	168781.34	171441.55	175744.58	180528.55	185331.35	189942.79	195656.42	201916.62	207400.02	211055.39	214526.53	217913.0	222513.91	226844.69	230161.99	232887.42	234833.45	235961.42	235158.58	232735.67	229484.41	226419.58	223713.12	221541.82	219443.23	217398.9	214825.46	211648.83	207855.58	203357.9	198408.62	193360.88	189078.22	185043.71	181025.55	176777.28	173055.32	169243.13	165278.99	160755.47	156534.24	152530.6	148589.95	144931.0	141495.81	138096.67	134346.72	130255.58	126283.35	123373.84	120996.03	118587.12	115442.29	112679.34	110366.35	108383.64	106479.93	105534.23	105025.33	104640.13	103697.01	102914.54	102726.57	102482.24	102045.58	100813.78	99618.98	98417.98	97277.69	96115.79	94750.51	93342.45	91818.34	90320.49	89093.19	88104.53	87698.05	87443.55	87310.21	86981.35	86875.2	86968.31	87170.98	87266.37	87118.97	86642.1	86052.13	85648.72	85598.57	85671.86	85797.0	86012.64	86442.91	87173.82	88548.91	90002.54	91636.03	93225.42	94989.82	96857.51	98490.21	100202.55	101843.44	103733.95	105688.0	107573.57	109391.32	111261.41	112929.67	114037.47	114878.53	116051.18	117504.15	118994.54	120173.04	121185.69	121902.62	122783.46	124224.65	125829.12	127504.54	128919.24	130373.53	132081.37	133962.8	136129.29	138127.51	139968.12	141777.42	143723.42	145982.12	147891.94	149429.73	150527.73	151980.58	153646.44	155385.2	156963.43	158545.0	160232.11	161799.77	163154.72	164539.54	166262.5	168194.39	170078.1	171748.91	173404.1	175251.37	177162.98	178861.55	180310.62	181558.13	182839.34	184388.7	186259.57	188325.91	190372.29	191803.94	192966.75	193731.78	194938.17	196094.56	197191.02	197914.52	198494.74	199223.39	200168.22	201286.39	202219.07	203035.99	203567.53	204037.28	204418.81	204854.86	205296.09	205969.06	207031.18	208373.85	209723.98	211050.59	212280.9	213537.22	214410.89	215432.13	216632.15	218405.29	220587.0	223103.18	226131.77	229345.37	232935.59	236452.24	240510.04	244744.33	249623.76	255067.49	260944.04	267013.11	272451.92	277454.47	282443.27	287681.65	294217.48	301250.99	309178.87	317464.7	325774.75	333970.81	339917.23	343427.66	343948.97	343184.23	341492.59	338783.85	335399.86	332736.18	331573.56	331638.03	332160.8	333036.67	333998.27	334901.23	335427.14	336066.0	336577.78	337130.23	337061.81	337195.55	337317.84	337632.21	337412.32	336310.37	334814.33	333550.59	332776.74	332295.21	331758.78	331278.22	330974.54	330650.99	329961.51	328720.78	327295.11	326051.01	324728.25	323046.7	321465.38	320331.34	319809.1	319590.31	319567.4	319590.93	319475.53	319282.09	319050.18	318655.02	318385.45	318058.53
29745	3622720.35																												138485.74	137957.22	137458.95	137091.0	137629.83	138725.96	140219.04	141058.33	142088.83	142606.6	143670.79	144176.95	144395.94	144306.21	144382.93	144876.83	145570.46	145928.51	146002.32	145829.57	146326.18	146895.79	147848.08	148767.34	149291.92	149165.26	148539.18	148351.15	148459.51	148738.79	148858.21	148723.79	148833.37	149168.85	150070.69	150997.73	152036.32	152910.68	153704.37	154489.13	155282.2	155755.73	156095.74	156351.74	157001.01	157630.91	158086.09	158011.15	157827.67	157397.53	157593.2	158214.79	159490.8	160480.31	161433.97	161941.24	162344.65	162653.71	163279.19	164590.71	165558.54	166364.19	166580.0	167144.07	168121.76	168993.89	169386.74	169291.0	169186.41	169310.05	169388.26	168768.62	168435.79	167841.23	167490.14	166379.2	165037.5	163675.96	162707.14	162033.32	161695.7	160675.07	159771.42	159425.18	159108.09	155818.3	151293.33	147556.61	146918.0	147372.27	147728.37	148296.12	149161.56	149323.0	148819.61	148018.1	148280.91	149442.53	150277.74	150377.71	149951.57	149370.32	148594.33	147038.96	145368.27	143852.07	143084.61	142595.22	142042.97	141729.87	141684.06	141987.14	142207.14	142237.8	142056.24	141936.86	141827.65	142272.86	142448.56	142324.43	141623.77	141406.73	141646.81	141935.78	141701.28	141805.34	141718.29	141940.8	141920.78	143006.61	144670.03	146617.37	147917.87	149114.13	150568.95	152261.04	153450.27	154187.74	154324.43	154167.7	153957.09	154385.34	155593.39	156672.23	157291.1	157631.85	157920.81	158553.21	158816.41	159187.88	159055.13	159225.78	159507.27	160694.49	161761.54	162301.84	161947.43	161868.23	162506.34	163834.38	165050.21	166521.18	168258.02	170488.13	172658.62	175125.02	177185.97	178877.78	179754.3	180780.35	182014.03	183239.36	184570.85	185616.87	186681.06	187513.06	188517.25	189321.8	189611.96	189526.86	189687.83	190051.48	190565.68	191422.8	192252.88	193571.97	194824.41	196497.22	197839.83	199504.63	201624.65	204329.93	205945.3	206384.25	206365.95	207680.56	209792.3	211939.98	211229.95	209306.45	206795.36	206948.07	208589.29	211434.05	214746.82	218319.75	221351.83	223492.83	225034.18	224121.36	222229.67	220396.91	221214.97	223590.1	225615.58	227430.53	229558.2	232127.72	234765.02	237422.44	240545.31	245684.38	251147.91	257100.5	261493.92	265229.93	268220.04	271403.3	275141.16	279596.48	283779.24	287713.88	290686.79	294009.55	298081.92	303939.49	309831.3	315538.54	320943.86	326456.99	332406.15	337730.12	342678.6	345328.21	345713.05	344457.13	343149.38	342550.43	342021.66	341148.76	340726.31	341451.21	343393.87	345073.05	346690.48	347764.95	349049.89	349985.65	351572.19	353276.68	354903.52	355987.24	357627.0	360076.77	362201.32	363233.71	363011.2	362431.0	361611.77	361147.15	361202.15	361653.48	362039.14	362531.22	362871.45	362573.72	361502.85	360194.83	358713.45	357074.59	355574.4	354821.32	354865.68	355474.52	356160.96	356868.18	357376.2	357695.55	357750.93	357337.21	356280.56	354561.52	352626.54
74804	3519184.86	89519.83	89673.73	89892.48	90287.09	90765.16	91157.97	91564.04	91870.81	92191.26	92471.25	92845.8	93367.64	93883.04	94252.98	94436.21	94694.46	95087.0	95449.19	95804.42	96089.75	96455.63	96763.37	97081.76	97406.96	97629.07	97833.14	97979.23	98211.31	98445.45	98748.5	99059.0	99378.24	99713.15	100095.78	100443.11	100740.11	100916.32	101116.82	101359.1	101668.14	101952.95	102172.92	102374.88	102561.6	102758.7	103017.9	103374.08	103813.98	104172.74	104492.69	104721.86	105005.92	105212.39	105425.07	105608.87	105909.81	106281.13	106760.24	107156.87	107461.52	107618.05	107876.27	108209.38	108684.67	109222.93	109804.54	110404.77	110906.57	111374.46	111780.69	112147.37		111743.46	112032.21		113752.94	114142.21	114515.84	114782.89	115166.84	115620.07	116155.41	116644.94	117211.81	117716.7	118099.23	118252.24	118365.25	118620.94	119047.81	119277.18	119386.91	119406.63	119840.44	120318.45	120767.33	120795.09	120641.11	120548.05	120744.22	121231.93	122217.62	123448.52	124670.14	125302.17	125641.62	125117.4	124453.54	123640.2	123582.71	123643.33	123898.93	124062.41	124262.43	124365.58	124343.69	124216.34	123174.87	122110.0	121109.79	120997.9	121065.16	121219.71	121392.37	121647.87	121721.55	121785.6	121807.16	121994.57	121162.78	119904.16	118475.11	117845.44	117416.79	117012.89	116878.21	116951.0	117108.66	117366.75	117616.23	117966.11	117770.03	117485.06	117158.95	117252.2	117425.8	117607.06	117717.03	118123.94	118618.18	119208.1	119461.52	119557.06	119609.05	119892.52	120540.19	121025.73	121080.96	120840.21	120637.22	120510.25	120390.46	120492.36	120919.29	121500.83	122340.65	123363.81	124382.16	124990.12	125102.03	125054.3	125179.26	125546.75	125726.08	125830.25	125969.61	126364.02	126718.64	127405.46	128209.45	128928.19	129051.23	129027.52	129261.79	129885.74	130539.83	130888.84	130924.73	130980.34	131348.43	131591.33	131528.02	131475.78	131731.15	132051.77	132302.14	132261.1	132119.94	131821.36	131800.67	132121.46	132933.08	133746.97	134337.46	134464.47	134576.36	134864.13	135202.46	135618.51	136000.4	136329.87	136642.89	136849.8	137162.31	137383.86	137680.41	138037.04	138316.65	138559.12	138703.94	138819.58	138934.24	139056.51	139106.58	139340.31	139549.21	139923.24	140194.86	139836.17	139246.19	138872.19	139228.67	139716.03	140398.36	141264.11	142318.89	142879.44	143577.15	144547.82	145894.28	147474.11	149366.36	151489.57	153180.96	153918.94	153990.02	154116.16	154929.19	156229.96	157519.7	158918.26	160231.89	161838.27	163421.45	165425.29	167355.63	169653.73	172518.79	175371.7	178086.98	179809.57	181669.29	183271.2	184946.6	187197.54	189871.14	192887.16	195218.58	197008.14	198871.02	200500.1	201742.72	202268.76	202438.74	202624.73	202896.37	202880.79	202882.93	203286.34	204498.97	206503.35	208559.97	210104.73	210856.64	211309.88	212073.7	213154.0	213999.83	214727.7	215529.24	216664.33	217770.36	218180.17	218010.6	217735.38	217824.67	217940.43	218255.39	218742.12	219631.23	220647.68	221758.05	222423.36	222681.99	222731.21	222766.59	222707.65	222604.77	223491.76	225132.66	227049.81	228877.67	230227.42	231273.78	231050.69	230268.68	229350.63	228916.16	228768.86	228886.96
30044	3462953.01	141443.97	141745.77	142093.08	142865.4	143759.13	144738.41	145679.17	146744.03	147850.52	148995.42	149904.37	150813.61	151546.84	152266.03	152825.94	153472.1	154163.31	154876.65	155589.45	156365.55	157150.68	157893.27	158424.23	158988.29	159494.09	160118.24	160674.53	161315.21	161975.51	162592.41	163165.9	163786.83	164471.73	165143.76	165559.81	165953.18	166285.46	166659.49	166998.15	167281.93	167486.94	167582.19	167705.18	167952.57	168300.11	168700.83	169082.51	169467.78	169667.51	169807.54	169871.61	170123.4	170464.64	170832.02	171198.67	171658.51	172112.88	172463.66	172586.5	172698.17	172861.49	173177.69	173460.94	173763.72	174077.7	174439.78	174817.6	175185.5	175649.73	176176.49	176698.11	177162.48	177502.13	177892.93	178263.79	178861.46	179511.79	180276.62	180924.64	181507.19	181878.46	182190.69	182319.3	182480.81	182458.83	182484.79	182646.0	182966.87	183366.91	183647.72	183916.55	184149.53	184153.45	184098.81	183678.05	183114.37	181957.01	180914.87	179771.63	179131.3	178285.31	177419.37	176067.73	174359.94	172716.97	170858.56	168417.01	164598.78	160673.2	156774.71	154168.13	151840.62	150056.2	148216.57	146872.62	146046.11	145129.71	143764.1	142301.11	140991.19	139739.6	138339.07	137188.8	136624.8	136282.25	136105.53	134944.03	133180.9	130215.23	127155.4	124195.09	121661.04	119301.71	117451.52	115577.96	113749.52	111209.24	108547.46	106192.15	104951.97	104582.28	104246.19	103429.0	101776.01	100580.78	99412.74	98899.44	98247.42	97993.83	98386.8	99397.53	100345.96	101179.27	101661.57	102356.91	103271.23	104484.83	105907.2	107857.36	110376.93	113796.03	117289.92	120744.92	123719.12	126398.77	128847.58	130827.9	132730.02	134450.23	136181.66	137809.39	139488.99	141379.78	143002.37	144403.48	145571.76	146648.94	147658.68	148588.64	149375.42	150064.53	150775.39	151635.27	152535.82	153551.0	154547.88	155669.99	156824.91	158192.55	159728.59	161247.17	162897.51	164504.8	166236.81	167644.56	169096.59	170406.78	171484.17	172120.17	172586.84	173381.68	174757.78	176513.95	178519.05	180372.28	182096.79	183738.87	185178.39	186504.26	187607.31	188718.34	189527.47	190411.42	191577.23	193317.27	195601.97	197995.15	200245.13	202321.65	204107.85	205911.72	207327.69	208759.74	209864.94	210958.0	212122.37	213601.17	215284.51	217024.24	218671.4	220269.76	221584.89	222800.46	223785.37	224562.28	225231.4	225729.79	226603.52	228014.82	230019.15	231873.18	233477.67	234817.67	236079.38	236721.76	237154.94	237835.27	239366.35	241912.91	245640.19	250219.97	254999.0	259574.54	264303.5	269155.91	274104.0	279603.46	285843.21	291633.46	296389.61	300174.82	304979.99	311060.05	318375.65	326856.07	335724.24	344931.76	353651.58	361480.08	367789.71	371450.05	372203.81	371000.96	369144.28	367172.11	364983.29	362634.09	360625.94	359181.24	358707.58	359326.24	361059.41	363718.07	366825.91	369662.01	371572.71	372686.14	373417.75	374030.51	375401.11	377582.04	380024.93	381951.8	383081.39	383973.3	384661.26	384855.4	384331.7	383169.21	382077.04	380867.2	379645.46	377620.94	375438.78	373027.62	370904.63	369120.86	367812.26	367060.5	366641.62	366082.21	365512.28	364796.78	364229.91	363397.85	362354.97	361114.2	359865.26	358944.64	358349.61
36580	3225536.67	97645.35	97610.67	97509.88	97406.64	97419.77	97852.4	98209.11	98544.33	98868.26	99486.84	100231.18	101013.89	101923.17	102589.27	103052.13	103098.49	103373.39	104272.94	105062.56	105331.73	104700.03	104393.95	104715.19	105367.2	105758.16	105968.83	106152.73	106171.7	105346.91	104122.38	103301.08	103797.6	105037.28	106004.21	106513.06	106655.33	106953.44	107281.49	107259.88	107188.09	107511.49	108155.62	108851.33	109209.06	109705.13	110907.97	112187.5	113263.63	113670.51	114187.53	115091.18	116316.72	117449.06	118363.67	119384.25	120093.66	120855.41	121513.57	122413.4	123509.94	124547.6	125921.55	126905.69	128066.74	128716.14	129948.93	131521.63	133649.17	135974.73	138326.5	140986.81	143937.47	146963.08	149717.99	151953.27	153591.07	155536.15	157139.83	159396.92	161278.74	162998.05	164371.48	165046.94	165429.61	165618.31	166129.47	167053.93	168166.37	169229.36	170272.6	169826.22	168909.27	168009.67	168182.34	168729.49	169037.92	168934.68	168482.79	167869.33	166754.69	165741.78	164755.75	164059.72	163167.54	161876.5	160571.45	159109.14	157459.9	155794.91	154120.54	152020.56	149725.41	147405.51	146074.65	145548.67	145288.57	144747.59	143631.34	142826.23	141872.23	140972.77	139567.93	138333.52	135153.85	132278.99	129415.28	128448.65	126896.91	125281.06	123690.87	122821.11	122369.21	121802.33	121187.98	120449.39	119673.12	118588.84	117617.77	116450.28	115202.01	113760.97	112711.11	112157.85	111695.49	111549.32	111656.83	112124.47	113576.33	115475.09	117183.81	118174.82	118434.07	118934.17	119420.84	119856.04	120522.68	121385.68	122457.17	123379.1	124197.01	125220.56	126241.44	126903.48	127786.56	128678.58	129903.78	130734.84	131266.95	131616.66	132089.94	133160.62	134731.01	136570.13	137609.33	138397.5	138733.72	139513.7	139933.75	140248.74	140637.41	141160.05	141772.11	142425.99	143881.84	145706.18	147331.85	148549.31	149996.09	151720.57	152544.45	152592.91	152568.24	153469.11	154351.59	154822.67	155236.71	156205.09	156834.59	157106.91	157152.65	157817.26	158762.93	159898.24	161020.79	161652.85	162160.37	162755.46	163372.51	163432.17	163203.35	163722.27	165148.96	166817.21	168644.86	169955.47	171038.35	170994.11	170740.81	171424.8	173123.5	174716.01	175538.11	176272.09	176896.61	177020.85	176274.6	175931.64	176352.64	177515.99	178741.36	179313.78	179157.63	178991.89	179324.77	180286.36	181723.58	182967.81	184340.72	185148.94	185780.58	186545.26	187576.51	189660.8	191310.65	192863.48	193707.83	194978.13	196595.31	199250.99	202592.48	206636.97	210482.58	213706.89	216906.7	220135.51	224123.49	228336.19	232836.05	236709.93	239265.95	240810.56	242320.91	245287.86	248631.09	253220.32	257480.89	262376.42	267091.93	271126.17	274645.49	276202.15	276951.36	276403.94	275707.42	275163.38	274653.16	275089.73	276244.31	278526.82	281261.38	284258.97	287128.52	288533.68	288723.02	287764.81	286952.02	286828.99	287266.52	288071.69	288928.74	290435.63	292008.5	293995.61	295516.09	296184.58	295765.05	294877.57	294083.17	293539.69	293461.5	294112.59	294616.6	294295.44	293656.4	293343.43	293114.44	292517.83	291936.32	292637.77	293417.54	293660.17	292780.52	291961.46	291670.99	291510.19	291400.62	291002.98	290388.78	290112.34	290357.36
32615	3198700.0	114873.66	114880.65	115008.75	115070.1	115148.62	115172.0	115704.33	116655.74	117832.19	118680.59	119195.45	119563.75	119891.61	120355.02	120840.94	121536.38	122375.33	123422.71	124336.43	125034.07	125588.13	126339.03	127005.18	127846.5	128533.39	129176.77	129332.75	129489.92	129665.57	130383.53	131122.29	131987.19	132776.31	133450.63	133999.13	134240.58	134571.42	135199.65	136335.02	137797.96	139270.23	140749.83	142451.98	144122.11	145580.69	146740.37	148046.71	149897.96	151894.46	153799.68	155197.14	156693.32	159102.09	162344.89	165843.94	168749.64	170904.8	172890.69	174185.62	175408.47	176168.27	177337.7	179359.41	182554.82	185919.32	189500.43	192983.81	197545.74	201072.39	204657.4	207314.41	210073.1	213042.22	215841.58	219351.86	220720.22	222604.41	223903.77	226528.76	229436.94	232130.84	234386.93	234768.02	235251.86	234963.97	235189.78	235473.83	236841.66	237888.59	238078.89	237473.0	236537.17	235012.6	231288.26	228299.42	226853.46	226457.02	225502.89	223567.66	222628.48	221527.22	219622.96	217085.31	214389.19	211997.3	210456.51	209164.05	207427.6	204817.95	202376.47	200360.16	198645.72	196435.53	194482.94	192497.17	190777.89	189919.18	189488.42	189648.87	189212.1	189466.31	190134.99	190204.21	189180.88	186517.46	183908.51	181130.38	178829.49	176816.62	174851.21	172774.96	170573.65	168689.84	167422.57	166263.58	165491.83	164135.89	162615.74	160803.28	159568.18	158829.32	158411.15	158187.08	157337.65	156690.94	155855.66	155284.38	154028.03	152450.79	150829.66	149411.54	148008.85	147239.14	146992.4	147807.31	148938.08	150395.23	151761.95	153273.05	154369.36	155277.8	155620.65	155773.32	155678.51	155917.62	156346.18	156858.31	157520.41	158396.05	159733.41	160866.68	161955.4	163059.74	163840.73	164052.69	163474.75	163159.25	163092.75	163482.8	163895.21	164542.57	165217.03	165919.48	166497.1	167526.62	168679.1	170032.39	170861.04	171793.25	172660.84	173453.58	174026.43	174661.14	175459.25	176316.02	177190.46	178457.61	179647.82	180626.86	181368.31	182287.62	183446.23	184444.02	185571.21	186637.23	187810.5	189002.64	190546.54	192280.65	194037.24	195274.52	196315.36	197044.4	197765.28	198648.02	199590.59	200431.97	201166.56	202135.58	203296.66	204485.16	205190.28	206190.07	206976.03	208008.3	208554.04	209109.31	209693.26	210150.48	210523.89	210789.39	211435.15	212416.22	213765.18	215250.8	216526.72	217468.1	218127.78	218937.81	220071.83	221560.54	223153.31	224811.58	226284.19	227497.96	228488.03	229881.39	231932.55	234891.83	238120.58	241598.92	245011.92	248407.54	251718.69	254801.41	258440.17	262893.75	268040.03	272899.32	276580.67	279038.77	280850.94	283040.67	285752.56	290308.19	296213.91	303055.96	309725.05	315755.09	321342.55	325177.38	326885.19	326736.02	326160.8	325658.63	325244.99	324328.72	323694.65	324056.26	325608.22	327732.6	329638.46	330875.27	331889.79	332827.35	334069.4	335399.92	336533.77	337550.44	338630.75	339692.27	340788.81	341513.28	342119.32	342302.88	342466.26	342561.19	342944.4	343300.54	343780.48	344518.23	344832.82	344244.16	342554.64	340959.98	339526.97	338367.09	336703.46	335508.22	334826.14	335072.77	335593.91	336068.77	336284.3	336240.89	335703.09	334906.1	333456.3	331811.3	330064.07
29053	3174094.0	61308.13	61066.28	60639.95	60017.52	58875.17	57754.26	56654.26	56324.34	56684.05	57025.87	57525.34	58630.58	60914.71	62717.8	63888.97	64251.9	64770.89	64994.81	65567.25	66403.67	67458.39	69006.57	71013.03	72009.47	72322.45	72678.89	74444.86	75025.72	75068.55	75058.56	75238.06	75474.14	75392.03	75729.61	75709.94	75389.97	75003.33	74838.45	74733.21	75903.77	77394.0	78772.66	79194.07	78939.01	78174.24	77021.19	75435.93	75088.29	74529.64	75191.55	74411.02	73390.78	72362.17	72621.98	74823.45	77413.98	79869.69	81832.9	83087.31	83998.96	84239.67	83994.86	83919.69	83963.48	84435.32	84813.61	85102.04	85392.76	85783.89	85917.77	85906.36	85405.64	85143.74	85043.06	85710.97	87062.17	88451.97	89571.4	89888.44	89731.48	89024.69	88819.48	89345.81	89919.43	90186.02	90188.68	90735.92	91154.33	91687.75	92235.44	92930.19	93129.05	93092.51	93064.28	93392.9	93619.37	93803.19	94063.03	94662.43	95629.74	96649.67	97411.15	97289.92	96943.44	96876.81	97217.1	97467.69	97146.93	96508.53	95777.61	95655.72	96200.4	96900.97	97282.11	97201.92	97054.58	96915.74	97024.7	97616.1	98260.82	99100.63	99496.73	99920.12	99873.5	99811.98	99506.13	99474.79	99483.53	99653.7	99461.3	98982.45	98079.39	97623.08	96882.09	96564.72	95728.73	95164.95	94017.67	92669.12	91686.32	91145.05	91354.3	91900.54	92779.49	93361.07	93859.58	94423.79	95049.61	96065.74	96939.61	97783.58	97766.02	97411.39	96651.39	95856.4	95113.49	94874.54	95061.46	95496.35	95879.39	96510.93	97810.67	99181.91	100211.08	100495.41	100460.61	100289.04	100112.03	99764.09	99891.03	100130.41	100941.19	101040.87	101105.32	101502.04	101801.47	101667.11	101074.57	101066.34	101786.34	102243.26	102366.72	101967.6	101903.5	102116.26	102560.48	103195.79	103797.54	104378.61	104772.03	104769.87	104445.16	104072.3	103638.74	102993.51	102685.2	103144.83	104529.95	105296.01	105912.92	106270.46	107224.58	107630.4	107669.19	107533.71	107591.7	107704.03	107711.66	107579.65	107935.65	109124.05	110722.4	111946.09	112063.83	112199.58	112556.43	112970.38	113496.07	114157.24	115124.62	115592.12	115271.45	115063.84	115061.72	115696.28	116069.36	117011.42	118355.77	119893.41	120487.6	120737.75	120952.84	121399.06	121493.05	120669.11	119402.98	118413.43	118237.83	118495.67	118886.06	119602.82	121075.76	122755.12	124625.54	125960.11	126796.42	127241.43	128753.38	131982.35	135598.87	138863.63	141069.37	143430.41	145168.36	146826.42	147733.65	149315.1	151358.49	152732.72	152323.75	150274.34	148746.74	148425.79	148827.29	151124.24	154420.34	158138.26	160698.24	162398.76	163968.03	164656.29	164774.22	164274.89	163993.49	163537.55	162179.21	159841.57	157750.59	156669.18	156683.46	156879.87	157776.19	158820.42	159664.79	160129.1	159766.11	159422.82	158634.45	158557.59	159425.36	161457.24	164229.03	166930.12	169588.73	171558.82	172265.63	170588.39	168543.17	166305.43	166696.86	167195.93	167938.51	166736.98	164813.27	163244.3	161500.93	160009.6	158703.85	158292.79	157787.92	156981.28	156756.45	157836.48	159419.66	161004.05	161266.57	160684.8	159018.63	157995.56	157553.89
32409	3107540.0	97041.57	98191.49	99675.21	102801.44	106578.86	109931.17	112529.36	114044.43	115688.36	116844.2	117480.46	118299.62	119480.94	120361.21	119894.54	118325.29	117418.54	117413.11	117540.13	117683.51	117584.54	118302.77	119606.43	120931.78	122270.86	123360.28	123870.63	123466.39	122055.41	120784.08	120420.81	120368.15	120091.24	119973.95	120419.55	121758.37	123963.43	125876.8	127576.87	128816.09	131153.58	133422.83	135272.28	136647.76	138525.79	140329.41	142272.55	144146.65	145586.65	146644.48	147926.28	149707.81	151305.13	152967.66	155713.41	158369.51	160425.58	161443.73	162885.15	164938.8	168628.76	172757.86	176031.84	178637.17	182541.28	188537.68	195257.37	201215.16	205106.64	207213.01	209236.53	214327.27	221307.24	227314.93	230450.53	232611.5	235453.24	238948.38	240152.58	240588.13	240471.58	241090.86	239744.15	237156.67	234463.51	232550.88	231356.19	230019.3	228537.57	225315.18	221411.6	218357.93	218498.74	220585.2	223543.98	224396.03	224252.54	223234.68	222395.46	221078.36	219968.09	219342.59	219493.19	218885.49	216413.71	214281.56	211951.34	211451.99	209410.84	207675.22	206447.17	205349.28	203501.85	200383.98	197561.14	194824.91	192384.81	190842.51	190537.03	190430.54	189382.34	187471.54	184939.94	183838.73	183235.99	183978.01	183735.82	183419.0	182804.56	182522.83	181789.8	180616.36	178674.68	177433.53	176157.06	174938.65	172609.35	169908.18	166996.91	164570.57	162890.13	163078.43	164302.25	165826.58	166234.82	166671.76	167067.33	167884.69	168046.59	167581.06	166810.35	166010.85	166010.47	166296.71	167592.87	168821.87	170195.3	171609.43	173402.34	175693.34	177998.33	179592.14	180630.13	180854.85	181164.31	181104.0	181074.88	181232.76	182046.19	183658.65	185669.69	187374.55	188429.47	188340.84	188755.84	188982.51	189511.53	188734.74	188469.4	188925.06	190769.91	193091.81	195246.1	196885.05	197995.72	198852.53	199876.73	200647.09	201465.2	201308.94	201214.99	201406.13	202319.64	203485.15	204276.37	205519.23	206965.2	208650.47	210033.64	211093.19	212196.94	211915.94	211070.68	209421.35	208799.71	208525.83	209114.06	210668.61	213091.01	215358.76	217107.31	218735.59	220541.69	221753.04	222252.07	222270.53	222292.51	222356.39	222929.37	224330.91	226122.12	227920.95	229835.82	231343.49	232742.42	233610.82	234827.39	235910.67	236025.48	234501.75	232299.17	230586.43	230384.09	231532.8	233490.04	235778.5	237536.32	239195.51	241060.11	243519.09	247285.16	251373.07	255053.3	257414.15	258418.84	259268.4	260252.93	262264.95	265050.59	268221.5	271542.04	274981.3	278969.98	283333.89	286929.48	289804.79	293276.58	298172.87	302695.64	305500.66	306916.46	308913.2	311999.31	315233.89	320132.64	326611.27	334718.83	341969.93	347565.84	352270.68	355250.54	356905.27	356786.36	356868.33	356527.31	356213.28	355348.09	355617.91	356604.32	358500.22	359747.63	360838.27	361220.57	361670.71	361696.2	362588.53	363650.31	365355.28	367062.38	368901.48	369939.79	369734.29	368834.22	367632.06	366850.0	365929.22	364952.09	363928.1	363632.22	364546.7	366367.69	367765.11	368375.54	367869.11	367408.02	366873.76	366513.04	365984.64	365709.04	365722.08	365769.87	365177.8	365608.27	367409.65	370853.3	372925.52	373697.78	373161.24	372337.8	371531.01
27587	2984500.0	224705.25	224678.25	224845.01	225320.01	226653.68	228107.64	229066.07	229036.12	228599.74	229044.81	230003.13	231192.26	231889.75	232389.93	232954.33	233450.27	234319.38	235372.76	236228.31	236544.6	236594.15	237134.96	237943.37	238578.12	238785.76	238484.79	238593.85	238490.29	239258.35	239905.42	240642.18	240732.98	240483.41	240737.69	241163.9	241701.78	241927.83	241834.79	241717.54	241715.7	242357.22	243372.37	244378.1	244853.54	245045.64	245368.07	245952.51	246554.55	246990.28	247231.28	247402.7	247495.05	247993.55	248818.66	249820.18	250300.44	250772.19	251305.54	252332.39	253189.05	254044.03	254788.11	255495.54	256219.06	256894.74	258015.58	259218.71	260710.7	262278.31	263942.96	265437.97	267019.15	268267.13	269661.44	270887.52	272651.92	274319.12	275979.06	277448.67	278815.62	280152.29	281460.6	282734.39	283656.34	284664.1	285600.95	287038.29	288525.22	290250.13	292025.41	293560.53	294915.4	295629.01	296184.22	296411.42	296572.03	296181.35	295965.87	294108.02	291856.39	289012.36	287278.77	286113.72	285147.95	284089.96	282712.17	281061.21	279639.32	278562.22	278126.72	277628.23	276748.33	275360.94	274001.94	272627.31	271264.34	270346.97	269833.99	269402.48	268654.6	268235.8	267870.52	268139.39	268917.76	269953.08	270255.6	269276.95	267865.32	266090.79	264707.7	263616.94	262924.96	262185.44	261264.93	260146.92	258772.68	257333.51	256212.24	255301.03	254287.57	253574.1	252552.2	251560.32	250536.79	249972.72	250065.76	250578.03	251434.93	252542.71	253569.73	254401.25	254891.61	255347.42	255937.75	256636.83	257069.77	257542.38	258011.65	258745.28	259410.45	260417.19	261619.2	263135.46	264827.35	266466.95	268097.27	269230.1	270026.43	270575.83	271349.0	272606.26	273900.49	275087.09	276072.71	276917.43	277424.08	277939.13	278235.59	279128.82	279872.06	280851.0	281847.39	283049.09	284286.89	285286.8	286093.72	287060.95	288345.92	289988.05	291757.6	293600.55	295369.07	297181.44	298775.41	299694.68	300133.8	300303.74	300580.26	301031.77	301516.32	302264.24	303329.27	304644.91	306267.53	307752.53	309189.68	310328.54	311407.44	312015.52	312454.46	312911.44	313620.86	314165.75	314591.32	315106.07	315991.14	316942.61	317762.04	318611.02	319299.87	320112.83	320726.61	321757.22	322746.85	323937.79	324958.99	326077.77	327066.08	328137.04	329278.0	330871.45	332386.98	333607.85	334187.87	334397.82	334470.27	334641.46	335196.74	336181.36	337603.63	339290.73	340831.84	342237.35	343263.76	343992.9	344509.3	345292.89	347066.6	349899.84	353528.53	357680.55	362357.1	367292.9	372563.39	377983.74	384140.67	391491.52	400719.89	410854.36	421256.64	430863.74	440208.07	449216.86	457763.04	466755.76	476728.11	488879.58	502135.09	515042.15	525421.2	530801.82	531250.05	527638.34	523760.98	519749.55	516170.51	512087.54	508752.61	507064.65	507296.08	508768.81	510769.93	512714.33	514276.42	515069.53	515739.09	516001.97	515904.13	515553.12	516424.33	519322.07	522608.66	525229.37	525806.12	525579.91	524861.7	524752.85	524631.92	524648.7	524238.2	523798.02	523183.42	522372.44	521547.65	520148.11	518548.6	516761.66	515480.92	515101.93	515153.15	515141.67	514797.17	514368.67	514175.99	513887.94	513408.07	512607.2	511890.83	511562.85	511566.89
78109	2979730.72	107190.98	107205.66	107300.9	107462.03	107030.44	106226.8	105283.25	104934.69	104863.18	104827.85	104779.1	104729.67	104563.46	104227.53	103750.79	103374.2	103164.02	103119.49	103131.0	103141.78	103070.41	102954.2	102864.22	102861.35	102886.02	102949.92	103098.78	103436.46	103874.44	104310.5	104785.73	105244.61	105732.36	106154.51	106579.87	106933.96	107055.91	107030.46	106895.11	106952.69	107192.58	107598.09	107970.49	108268.58	108511.76	108688.11	108696.01	108745.02	109216.39	110285.5	111324.89	112423.17	113262.31	114274.51	115176.72	115858.59	116755.2	117485.22	118426.54	119058.31	119572.03	120024.11	120491.13	120986.98	121508.67	121914.92	122192.66	122379.21	122560.03	122964.69	123387.21	123843.47	124200.37	124421.54	124613.03	124767.86	125129.4	125664.94	126357.96	127063.37	127920.28	128947.33	129994.12	131030.75	131483.05	131611.78	131535.55	131737.93	132442.22	133465.76	134675.26	135642.18	136385.79	136990.09	137584.51	138080.24	138071.96	137712.71	137156.88	136944.39	136971.42	136979.17	136841.98	136152.13	135136.38	134076.96	133208.64	132480.54	131817.83	131160.88	130651.31	129965.92	129402.52	128745.85	128177.68	127501.62	126961.27	126650.81	126609.13	126509.54	126452.29	126414.18	126692.43	127005.04	127263.14	127280.71	127315.42	127526.34	127612.21	127189.31	126281.14	125326.96	124652.95	124072.93	123747.73	123251.12	122733.48	121769.89	120959.66	120175.68	119758.74	119391.84	119368.72	119132.22	118945.96	118886.44	119448.47	120349.12	121245.38	121947.27	122480.38	122861.16	122925.33	122880.69	122776.45	122712.0	122920.08	123270.44	123992.41	124772.76	125516.53	126306.05	127094.31	128068.12	128879.6	129675.25	130271.92	130966.81	131817.0	132901.84	133925.82	134806.45	135682.17	136588.44	137283.71	137770.89	138097.24	138386.19	138868.22	139520.7	140499.74	141542.91	142659.57	143708.57	144655.59	145646.68	146685.04	147950.57	149289.09	150516.55	151562.42	152609.91	153676.54	154772.01	155547.87	156420.0	157243.78	158163.64	158755.43	159342.45	159972.37	160805.84	161615.06	162474.19	163367.41	164209.51	164929.71	165520.81	166046.01	166663.37	167208.92	167923.71	168611.67	169536.87	170499.24	171688.17	172789.2	173753.87	174561.83	175244.59	175976.75	176658.98	177563.29	178418.68	179232.24	180026.99	180938.6	181985.19	182964.58	183817.85	184432.76	184931.2	185417.7	185952.53	186361.05	186832.18	187470.17	188398.08	189484.35	190637.77	191724.15	192538.57	193136.19	193426.97	193539.39	193671.69	194273.7	195313.35	196982.86	199138.96	201861.45	204478.16	206888.64	209154.35	211816.86	214917.86	218539.34	222525.96	226648.57	230372.79	233704.5	236780.85	240167.92	243925.7	248451.84	253491.34	258748.74	264072.02	268920.23	273057.3	275753.99	276722.78	276277.79	275281.07	274308.52	273575.87	273033.01	272260.24	271474.04	270539.2	270066.45	269976.79	269871.04	269716.23	269034.08	268121.58	267009.95	265791.8	264942.79	264427.84	264291.46	264198.32	263872.49	263369.77	262629.12	262049.2	261482.54	260844.09	260049.06	259372.34	258736.52	258173.04	257223.85	256146.01	254856.23	253713.21	252753.63	251927.37	251274.79	250464.87	249810.55	249271.02	248914.45	248407.44	247723.21	246783.92	245616.4	244138.28	242572.96	241325.32
77328	2866453.44	101210.14	101016.38	101143.17	100935.59	100670.63	99501.53	98339.15	97781.83	98123.12	98767.84	99271.22	99296.61	99284.3	99115.11	99049.09	99154.43	99046.23	99298.31	99681.9	100247.39	100569.05	100367.71	99885.06	99267.88	98667.53	98550.02	98124.5	97657.89	97309.58	98100.63	99652.76	101573.16	103128.88	104520.7	104938.05	105529.62	106174.78	107056.34	107920.27	109090.87	110520.67	111193.58	111146.11	111069.25	112252.34	113322.98	113823.29	113339.12	113348.93	114108.37	115098.17	115968.28	116402.54	116972.61	117654.49	118111.05	118563.66	118931.53	119756.33	121072.97	121915.37	122710.61	123239.95	123660.08	123841.87	123358.62	123065.08	122809.49	122416.35	122398.85	123017.91	124236.81	125846.78	127112.76	128361.43	129259.42	130307.03	131644.28	133061.29	134556.15	135976.24	137129.38	137906.55	138475.95	139047.24	139751.38	140185.62	140868.99	141022.35	141136.08	140646.17	140050.62	139211.73	138805.58	138871.25	139363.18	139892.8	140833.64	141573.94	142002.04	142145.73	142287.37	142452.21	142028.64	141601.25	141188.43	140324.62	139042.08	137752.39	137158.0	137116.61	137092.64	137019.17	136445.5	135739.96	135088.41	134503.74	133948.6	133431.58	132822.6	132328.53	131442.72	131159.05	131067.9	131420.44	131580.71	131808.56	132166.59	132295.01	131931.7	131424.71	131068.33	130764.04	130117.75	129596.58	129429.16	129614.68	129856.25	129859.46	129947.62	130104.1	130453.32	130767.24	131210.71	131754.02	132365.45	132614.14	132751.4	132926.0	133285.6	133349.32	133080.16	132842.26	132952.68	133039.92	133109.58	133008.67	132904.82	132863.9	132960.93	133472.39	134444.57	134865.66	135581.56	135510.77	136250.28	136541.86	137146.11	138228.61	139848.52	141326.09	142135.45	142707.75	143656.0	145105.55	146700.4	148303.64	149672.43	151011.1	152470.05	153644.48	154792.03	155715.05	157115.62	158214.72	159131.76	160039.37	161427.19	163293.59	165435.99	167156.9	168321.33	168652.04	168827.46	168724.99	168732.72	169037.57	169723.15	169978.79	169885.42	169784.19	170157.14	170777.95	171525.81	172542.93	173802.04	174878.47	175686.52	176218.5	176518.82	177180.99	177782.76	178218.47	177870.72	177519.56	177668.93	178159.29	178463.36	179835.24	181011.12	182328.86	182295.39	182633.97	183151.78	184458.27	185241.23	185808.55	185781.63	185828.24	186196.07	187018.1	188421.07	189598.45	190920.17	192604.2	194291.34	195539.05	196750.41	198324.1	199884.86	200123.21	200130.71	200528.86	202045.04	204009.78	205741.99	208196.51	211098.1	215058.3	218387.6	221412.26	224239.93	226797.84	229457.83	231740.48	235054.16	239057.9	243449.35	247565.02	251352.54	254790.5	257789.17	260674.95	263369.02	266645.35	269248.23	272093.41	275742.29	280158.82	284654.68	285655.7	284290.95	280643.35	278470.83	276535.66	274802.98	273056.25	271771.89	271931.6	272464.6	273877.64	275293.67	276051.89	275966.18	274991.66	273516.1	271652.18	269438.57	267639.48	266463.94	266323.32	267528.46	268866.46	270476.58	270736.65	270775.8	270020.59	269930.83	270439.04	271672.49	272838.03	273616.16	273931.91	273962.63	273643.67	273416.14	273113.5	272664.04	272271.21	272005.17	272204.39	272021.85	271861.6	271714.45	271618.92	270808.74	269161.15	267442.2	265534.47	264373.12
75090	2843712.24																																																																																																																																																	77880.56	78286.15	78619.99	78995.16	79313.24	79370.64	79580.8	79167.25	78892.05	78415.79	78498.26	78836.08	79824.26	80829.67	81805.93	82552.59	83634.79	84593.42	85356.92	85134.08	84478.07	83510.35	83259.26	83659.53	84931.92	86563.1	88000.82	89044.77	89924.18	90691.4	91427.49	91153.69	90442.05	89493.27	89484.83	90232.88	91387.19	92754.94	94274.44	95687.32	97079.35	98344.41	99752.38	100941.45	102001.41	102765.34	103556.0	104643.84	105422.4	105650.31	105497.11	105651.47	106422.85	107214.33	108430.87	109638.74	110921.23	111803.81	112887.54	114133.35	115600.43	116688.32	117509.95	118477.41	119829.31	121384.06	123285.59	125018.12	127121.16	129284.07	131739.06	134220.39	136120.99	137793.97	139813.96	142345.23	145042.29	147107.68	148941.56	149891.91	150671.47	150753.73	151446.92	152226.64	153094.33	153627.55	153999.4	154310.17	154617.66	154853.57	154922.81	154911.29	154957.52	155405.73	155935.35	156422.72	156894.35	157843.08	159338.56	160968.81	161554.9	161445.53	161568.84	163398.41	166310.5	169254.48	171472.43	173079.44	175589.57	179015.73	183528.82	187853.37	191854.75	195603.71	198673.89	200940.39	201704.91	202798.41	204887.25	208161.22	212831.88	218683.12	224918.42	229694.5	232839.87	235085.85	236908.23	237422.97	236811.65	235729.86	235465.59	236128.45	237372.15	238576.91	239678.86	240913.39	242058.53	242347.69	241521.92	240587.39	239921.94	239418.21	238227.43	236852.17	236760.6	238503.7	241383.8	243654.22	244671.61	244944.23	244123.78	242834.77	240443.25	238215.37	236524.8	236572.71	237950.09	239288.99	239694.1	238363.37	236007.97	233189.11	230145.45	227281.46	224587.08	222472.98	220938.77	219941.35	219397.18	219232.19	218613.55	217184.94	214866.56	211775.9	208963.77	206752.98
27571	2626500.0	217355.06	217083.69	216945.34	216800.45	218403.12	220920.21	223238.48	223354.6	222270.12	221734.39	222064.88	222814.69	223440.26	223852.62	224400.77	224865.39	225647.51	226511.73	226823.47	226693.27	226439.18	227120.58	228548.85	229716.52	230072.04	229303.7	228994.91	228861.99	230070.27	231245.62	232175.23	232125.48	231583.39	232312.6	233362.87	234489.17	234679.2	234728.91	234982.33	235407.54	236132.75	237534.5	238684.47	239359.21	239823.1	240606.81	241785.96	242430.97	242688.37	242432.26	241932.84	241526.39	241684.43	242255.83	243292.51	243881.33	244075.67	244346.0	245109.47	246221.44	247841.48	249621.64	251367.52	252531.19	253551.74	254694.49	255660.29	256734.65	258252.05	259972.13	261491.09	263083.03	264045.51	265024.24	265655.9	266865.41	268262.0	270206.13	272308.95	274614.78	276715.81	278683.83	280206.36	280870.34	281647.3	282360.48	283904.53	285386.88	286996.01	288535.9	290042.76	291459.25	292254.22	292934.81	293325.66	293515.81	292771.57	292174.34	289150.44	285672.05	281721.28	279771.14	278856.66	277926.71	276840.48	275198.48	273274.79	272141.42	271395.63	271612.64	270981.08	269776.77	267549.96	265661.29	264071.88	262933.56	262352.06	262273.53	262174.76	261843.12	262181.55	262604.69	263451.53	264198.76	265423.78	265618.66	264442.6	262697.92	261041.68	260189.93	259555.81	259431.0	259001.05	258406.41	256880.85	254862.51	252435.7	250698.22	249206.84	247990.75	246798.21	245376.17	244152.51	242718.8	242009.27	241691.59	242478.68	243389.09	244776.02	246192.46	247284.07	247918.85	247983.45	248375.92	248642.7	249101.31	249750.59	250538.44	251943.49	253491.12	255642.36	257726.18	259947.23	261939.19	263575.01	265142.0	266537.22	267781.44	268739.37	269931.91	271592.88	273119.25	274081.27	274396.49	274731.86	274990.99	275635.46	276070.88	277209.09	278189.28	279446.23	280493.39	282133.73	283773.18	285465.73	286521.92	287457.29	288204.33	289171.66	290338.03	292306.89	294135.87	295904.62	296936.6	297837.26	298627.4	299027.08	299371.26	299835.25	300520.62	301261.43	302029.11	303120.57	304252.59	305196.43	306163.41	307156.91	308417.0	309174.31	309764.7	310274.86	310928.34	311624.79	312051.43	312480.62	312929.7	313669.51	314476.87	315602.68	316424.12	317251.86	317927.74	319056.56	320051.05	320926.01	321538.01	322386.49	323487.7	324628.53	325513.28	326461.08	327603.65	328832.41	329578.0	330066.67	330277.15	330858.48	331627.01	332827.63	334149.6	335566.07	336674.86	337549.47	338326.8	339035.77	339744.02	340885.36	342875.27	345928.01	349311.83	353209.67	357155.0	361356.29	365802.73	370811.48	376662.07	384108.86	393341.17	404050.12	415097.1	425786.18	435817.43	445100.66	453833.26	463063.07	473080.3	485011.82	498223.16	511778.99	523107.11	529053.27	529730.67	525885.9	521431.36	516385.32	511621.31	506382.92	502404.15	500451.11	501019.17	502696.4	505115.69	506985.34	508207.38	508170.72	507935.47	507874.58	507582.18	507376.76	508016.89	510528.54	513341.41	515528.83	516097.29	516119.94	516042.95	516528.18	516788.67	516963.18	516797.86	516417.78	515778.19	514345.73	512800.04	510393.51	508059.14	505856.57	504673.47	504165.38	503971.2	503361.56	502432.6	501190.29	500333.96	499507.19	499078.07	498215.45	497391.15	496854.17	496729.35
34432	2612672.92																																																	132043.07	132591.12	133030.96	133971.88	134855.87	135824.58	136989.25	138358.97	140115.7	142001.65	143850.43	145770.87	147851.81	150197.53	152775.17	156035.36	159986.58	163898.58	167739.71	171704.02	176240.77	181283.16	186220.87	190751.91	194316.06	197903.54	201790.34	206531.47	210928.56	214449.8	217141.21	218763.09	219470.6	220137.84	221171.43	222697.16	222745.47	221839.22	220654.06	218996.82	216711.31	213820.86	211270.18	209275.75	206745.37	204276.77	201573.61	198522.87	194874.04	192535.43	190997.23	189228.73	185867.34	182377.32	179519.13	176735.41	174345.06	171836.68	169252.19	166131.07	163447.02	161504.78	159856.18	157730.53	155617.75	153681.47	152322.57	150324.31	148396.47	146902.43	146151.33	144924.39	143190.68	141285.12	139549.09	138002.47	136136.07	135039.78	133766.43	132770.59	131389.49	130129.9	128658.74	126700.56	124671.71	122790.1	120744.8	118586.87	116602.38	115428.67	114865.67	114435.03	113653.84	112683.1	111801.12	111630.71	111314.93	110980.8	110600.08	110505.43	110775.78	111069.31	111315.94	111468.06	111755.52	112066.43	112419.61	112905.98	113620.43	114261.95	115006.02	115898.56	117013.1	118067.09	118690.75	119306.73	119695.95	119758.48	119444.11	119369.03	119729.05	120222.27	120582.72	121069.69	121708.92	122432.59	123173.65	124143.16	125321.57	126027.2	126664.43	127115.98	127993.26	128426.6	128774.09	129209.54	130088.87	131137.87	132210.26	133163.78	134077.39	134618.97	135165.5	135583.99	136205.09	136539.03	136595.28	136619.28	136885.98	137197.18	137341.84	137556.05	138046.82	138952.59	140020.3	141280.77	142476.66	143465.49	144174.21	145071.99	146007.05	147152.13	148271.95	149441.89	150842.03	152042.13	153324.12	154368.84	155609.46	156861.1	158020.91	158713.35	159229.59	159564.04	160426.21	161412.65	162621.23	163479.31	164265.34	165127.24	166391.9	167766.25	169006.23	169907.23	170533.96	171038.26	171628.74	172494.37	173596.71	174716.79	175852.84	177022.11	178455.98	179777.35	180921.86	181663.82	182221.96	183050.33	184346.1	186274.55	188803.22	191717.83	195224.51	198931.12	202682.44	206068.43	209425.64	213459.09	218651.12	225072.21	231558.45	237263.14	241703.0	245833.8	250044.0	254246.61	259084.93	265010.42	271807.01	279412.66	287070.01	294503.45	299589.16	302061.57	302044.81	301575.03	301093.99	301149.09	300319.36	299764.34	299121.73	299671.59	300212.36	301526.22	302658.36	304200.54	305264.25	306182.37	306596.4	306627.88	306376.94	305803.59	305616.76	305537.21	305612.4	305305.07	305035.34	305217.05	305767.45	306063.99	305765.51	305177.14	305013.95	304697.18	304046.67	302948.82	302127.11	301600.75	301494.65	301436.83	301638.73	301583.55	301842.41	302280.91	303066.14	303759.84	304279.18	304067.94	303215.32	302208.07	301726.72	301823.25
27330	2612585.37	91639.05	91832.08	91908.98	92142.22	92446.28	93010.5	93773.81	94521.82	95150.1	95654.4	96332.0	97145.85	97940.62	98387.29	98643.13	98869.0	99182.57	99486.15	99822.5	100204.01	100567.45	100919.93	101148.98	101345.5	101442.98	101518.91	101564.29	101657.16	101848.07	102048.24	102292.58	102518.96	102772.68	103036.86	103357.8	103731.71	103957.25	104098.79	104186.27	104394.53	104612.55	104781.44	104933.71	105202.55	105611.33	106080.47	106530.0	106989.47	107343.77	107610.52	107910.29	108294.7	108743.88	109092.93	109483.95	109900.76	110437.19	111040.33	111684.68	112367.68		116295.92	118341.08		118773.22	118630.46	118913.64	119478.32	120136.84	120668.07	121183.84	121656.36	121906.02	122256.46	122717.9	123371.62	124010.47	124718.26	125521.27	125705.78	125752.86	125633.67	125987.1	126300.11	126681.3	127081.02	127401.16	128143.06	128856.16	129485.56	129492.38	129519.07	129640.2	129824.99	129935.92	129479.72	129008.71	128540.95	128660.92	128830.99	128870.34	128677.37	128417.51	128166.71	127951.4	127776.3	127570.53	127415.76	127031.5	126667.69	126247.78	125967.17	125544.57	125024.66	124335.59	123686.98	122950.04	122301.13	121690.91	121211.88	120620.22	120086.42	119631.87	119481.08	119333.04	119235.22	118601.86	117825.97	116967.64	116574.53	116231.81	115871.03	115212.01	114562.09	113924.45	113517.66	113232.05	112971.33	113027.63	113159.22	113360.59	113264.2	113027.08	112747.6	112353.58	112316.13	112657.93	113691.38	115066.0	115720.78	115787.08	114946.54	114477.15	114085.08	113767.87	113523.4	113135.35	113013.13	113138.97	113611.78	113715.86	113721.62	113726.72	114610.5	115587.13	116452.19	117159.8	117800.07	118501.81	118924.89	118935.03	118673.46	118488.46	118611.83	118812.95	118934.26	118956.89	118930.0	118837.75	118809.99	118646.27	118497.4	118334.57	118291.72	118647.86	119305.95	120457.51	121536.3	122620.82	123613.06	124083.67	124392.71	124859.79	125636.11	126009.41	126361.77	126785.78	127419.79	127702.77	128065.46	128560.9	129160.74	129586.31	130136.39	131008.91	131852.08	132620.76	133251.78	133865.9	134729.28	135986.54	137277.8	138372.5	139126.67	140087.3	141246.86	142499.1	143868.14	145451.19	147116.52	148553.15	149749.32	150860.78	151939.46	152928.29	153686.04	154674.41	155456.35	155899.69	155916.29	156222.77	156680.76	157385.04	158007.41	158974.14	160313.24	161581.01	163209.97	164672.7	166311.7	167942.34	170078.47	172782.99	175285.3	177043.12	178400.79	179771.74	181083.24	182758.0	184450.64	186681.08	188754.61	191649.3	195636.82	200295.64	204226.87	207592.34	210508.16	212838.92	213494.09	213646.61	214378.16	216261.52	218047.34	222010.95	227887.06	235698.17	242862.94	249256.33	254334.65	258097.39	260278.47	261501.98	262282.05	262616.52	262849.62	263216.53	264713.16	267279.24	270297.36	272750.15	274416.34	275711.29	277082.78	278549.22	279431.18	279999.59	280052.06	280066.36	280825.9	283056.79	285848.82	288330.74	289323.86	289295.57	288507.44	287700.2	287457.6	287707.62	288969.52	290524.92	291671.92	291803.11	291196.28	290778.82	290079.18	289719.63	289555.73	290129.49	290621.08	291189.06	291620.81	292631.75	293647.83	294612.92	294445.85	293175.31	291444.89	290165.74	289777.99
78112	2465169.76	86706.65	86796.71	87348.41	88048.86	88165.05	87413.14	86382.34	85980.67	86267.01	87026.47	87964.6	88475.94	88977.42	88998.66	89297.76	89162.24	89081.97	88820.4	88763.37	88834.7	88674.28	88504.82	87924.72	87666.73	87193.04	87402.21	87441.77	87797.01	88100.53	88806.77	89410.51	90078.19	90812.95	91119.56	91289.94	90661.43	90057.53	89402.84	88836.92	88426.77	87993.85	88015.21	88094.55	88245.5	88130.56	88186.37	88324.5	88998.11	90106.76	91613.87	92642.9	93704.13	94830.03	96212.42	98126.55	99691.88	101469.44	102474.4	103346.28	103847.61	104044.98	104480.98	105277.48	105824.31	106357.29	106413.9	106236.38	105519.76	105157.48	105651.45	105814.33	105919.5	105883.46	106410.19	106206.63	105967.9	106076.37	106970.96	108159.96	108943.62	109683.49	109939.58	110375.09	111156.89	111882.84	112463.1	112717.4	113293.64	114096.09	115007.88	116004.13	116741.91	117501.73	117950.75	118171.85	117515.37	116780.14	116347.38	116775.62	117531.59	118694.79	119334.64	119523.59	118664.21	117664.44	116557.99	115705.74	115186.7	113980.38	112550.06	111230.12	111295.74	111646.53	111301.47	110327.43	109410.78	109931.99	111174.95	113017.84	113954.63	113998.06	113400.53	112755.71	112345.65	112497.56	113043.15	113865.87	114288.97	114001.14	113128.03	111792.83	111045.42	110736.16	110594.24	110127.19	109542.47	108819.89	107809.78	107234.64	106990.67	106676.63	106019.5	105255.93	104878.25	104936.18	104983.12	104902.3	104513.68	104240.35	104733.57	105353.78	106243.56	106239.02	105932.21	105687.36	105600.56	105975.39	106326.63	107582.74	108492.0	109258.17	110104.43	111191.44	112572.77	112528.6	112084.85	111839.13	112360.55	113783.09	115562.91	118335.66	120977.65	123061.57	124676.64	126121.25	127690.14	128563.06	129474.61	130736.01	132727.22	134547.46	136104.25	137694.36	139717.72	141646.84	143038.07	143813.66	144299.76	145116.08	146555.57	148058.96	149344.01	150778.83	152380.18	153555.78	154125.19	154743.98	155487.24	156216.15	156787.05	157046.56	157344.37	157936.67	159142.56	160742.19	162364.55	163673.07	164589.3	165056.22	165680.61	166409.77	167364.82	168201.97	169002.29	169787.15	170535.05	171263.86	172371.29	174946.1	177750.64	179937.29	180768.12	181181.45	182355.67	183793.88	184858.51	184981.77	184768.37	184107.93	183109.72	181927.6	181338.89	181577.75	182277.04	182796.98	183390.74	184150.02	185896.5	187800.13	189433.66	190435.58	191348.61	192318.79	193328.27	194245.87	195069.08	196595.55	198707.16	201870.03	205474.28	208907.44	212059.52	214600.59	217324.54	219919.13	223050.73	226537.2	230270.76	232782.2	233234.81	232355.91	231818.09	233061.62	235012.13	239236.13	244578.56	251102.98	256838.22	261274.72	265125.93	266401.55	265941.8	263372.51	260947.92	258791.94	256815.17	254708.0	251757.18	249413.36	248258.38	247907.16	247824.5	247380.66	247357.06	246917.4	246043.7	244817.66	243497.36	242670.7	242691.45	243339.15	243914.3	243987.17	244034.7	243847.32	243850.3	243548.06	243063.06	242243.11	241819.59	241980.82	242635.25	242819.74	242775.32	242158.34	241690.39	241079.33	240489.92	240032.52	239724.84	240223.61	241129.06	241942.83	242112.38	241017.43	238959.48	235874.25	232464.97	229509.67	227571.4
77484	2386836.31	85554.82	85013.73	84824.91	84498.09	84875.92	85550.89	86983.33	88323.89	90047.15	91016.52	91772.69	91857.3	91526.62	91203.29	90531.6	90756.41	90986.32	91335.33	91726.39	94253.81	97476.98	100150.72	100633.84	100617.08	100987.34	101755.55	102985.83	103408.91	102712.85	100923.01	98422.49	96257.14	94424.52	93712.7	92729.87	91999.2	91829.46	91318.31	91264.15	90984.97	93554.13	97626.43	101282.78	103164.12	103387.85	103366.79	103664.46	103327.38	102462.47	101728.53	101774.6	103187.31	104034.29	104469.0	104136.04	103656.33	103131.49	104016.66	105386.73	107657.71	109296.43	113023.94	115605.24	119362.15	120898.5	124264.28	126818.23	129347.39	131046.11	132072.77	133204.33	134632.49	136167.13	137212.85	137487.16	137365.36	137645.22	138476.87	139816.0	141471.12	142755.8	144241.78	145920.61	148045.33	150213.2	151589.49	152564.45	153087.53	154060.9	154633.3	154593.78	154397.0	154369.16	154423.75	153691.78	153191.5	153088.23	153462.71	153671.22	153561.08	153723.7	153381.07	153220.16	152894.61	152824.7	153354.41	153908.86	154672.27	155001.79	155090.44	155142.81	154957.46	154969.74	154480.83	154198.81	153828.91	153826.76	153469.38	153279.26	153440.02	153868.99	154017.46	153937.28	153631.7	153529.3	152892.22	152822.86	152903.07	153361.74	153354.54	153340.02	153455.51	153427.72	152982.27	152295.85	151400.25	150569.42	149435.94	148879.33	148813.53	149362.85	149771.85	149943.0	150218.37	150898.74	151599.71	152210.33	152261.74	152579.6	152790.6	153517.62	154113.59	154814.29	155172.25	155319.07	155445.26	155684.24	155972.37	156582.39	157393.3	159048.02	161122.93	163093.04	164854.63	165759.89	166724.18	167126.16	167700.24	168474.72	169750.93	171233.42	172509.61	173767.88	175194.73	177283.97	179594.09	182082.36	184321.4	186254.25	187691.14	188917.69	190243.05	191708.01	193270.1	194727.87	196302.11	197786.13	199529.08	201136.34	202870.65	204287.94	205743.3	207423.06	209290.52	210796.16	212094.53	213116.78	213923.66	214119.73	214077.21	214083.61	213916.24	214213.66	214960.08	216320.16	217196.57	217687.24	218248.2	219180.81	220251.41	221204.81	222183.28	223561.56	224832.16	225846.37	226827.96	227594.08	228224.02	229109.46	230525.97	232351.79	234118.43	235721.48	237092.6	238566.22	240038.88	241637.53	242977.44	244294.35	245279.29	246743.55	247660.96	248823.88	249475.64	250553.47	251832.56	253078.61	254780.19	256578.31	258322.59	260056.19	261852.76	264051.7	265351.93	265635.38	265700.02	266772.67	269579.38	273698.15	278406.78	282781.84	286612.07	289914.73	293835.12	297219.22	300826.09	304943.41	310651.03	317510.33	323476.47	327429.34	330035.57	333391.91	337876.24	343772.08	349071.36	355604.77	362457.92	368698.28	372946.94	373306.65	371880.76	368846.17	367509.99	365924.61	363770.51	360482.54	357891.44	356785.16	356542.09	356908.65	357753.24	358396.75	358688.93	358560.46	357587.51	356304.21	353950.32	352934.34	353065.47	354773.9	356785.7	358394.61	359496.19	360165.91	360928.33	361796.93	363015.32	363990.53	364790.34	364954.76	365208.66	364800.26	363885.84	362442.98	360997.15	359449.63	357798.47	356786.04	356915.63	358089.47	359763.05	360607.78	360919.25	360238.83	359145.22	357556.09	355998.12	354518.48	353604.58
29325	2305485.0	121573.52	121769.35	120887.72	120285.53	119467.88	119639.97	119924.62	120836.08	121975.63	122726.92	122761.27	122546.3	122705.07	123202.97	124350.19	125133.09	125657.71	125524.65	125414.42	125487.69	125516.79	125562.05	125539.48	125304.14	125243.78	125057.96	125080.4	124830.22	124655.83	124686.94	125001.3	125372.9	125695.17	125989.21	126387.32	126840.23	127043.48	126885.15	126860.76	126990.31	127265.45	127109.82	127203.45	127655.67	128244.93	128201.83	128131.93	128245.23	128657.4	129035.7	129492.83	129982.95	130600.06	131006.47	131627.46	132085.94	132811.29	133457.19	134280.02	135257.48	136018.59	136831.0	137514.96	138544.47	139453.07	140345.76	141258.2	142148.87	142973.25	143588.8	143916.33	143834.27	143680.72	143785.4	144725.16	145782.96	146661.21	147192.39	148164.49	149387.2	149222.69	148259.73	146442.37	145804.77	145373.67	145757.47	146291.16	146785.08	146974.24	147084.32	147180.41	147479.46	147670.08	148191.41	148655.93	149105.92	149344.81	149196.04	149125.57	149502.8	150423.73	151310.3	151409.89	150797.42	149669.52	149096.3	148787.05	149066.55	148972.08	149090.74	148745.65	148216.57	147150.16	145776.39	144319.5	142771.44	141399.05	140040.86	139229.51	138794.8	138361.81	138024.32	137576.1	137314.12	136559.56	135831.29	135468.02	135667.16	135973.19	136297.15	136417.68	135958.48	135223.86	134103.55	133061.06		125267.96	121389.88	120415.28	120041.48	120146.61	120287.51	120385.32	120273.68	119972.14	120003.07	120908.62	123129.65	126292.45	128461.92	129317.19	128173.54	126246.88	124152.42	122861.79	122860.53	123636.53	124574.07	126214.61	128107.59	130329.84	133184.65	135655.12	138760.8	141383.91	143247.6	144178.84	144076.39	144255.52	144788.17	144964.54	145831.13	146646.88	147985.49	149957.35	151102.39	151380.58	150077.54	148646.68	147782.82	147105.75	146902.02	146752.02	146455.7	147094.2	148770.23	151252.67	153541.52	155815.69	158360.93	160295.11	161295.59	162084.22	163004.86	163296.13	162929.68	161754.08	161436.11	160896.24	162189.93	164132.71	167458.74	169101.29	170201.14	170510.57	171624.01	172000.93	172029.97	171267.22	170906.25	171121.37	171952.19	172601.47	172686.22	172176.86	171627.89	171828.98	173004.7	175553.78	177984.97	179759.92	180303.26	181013.7	181310.0	182095.45	182061.01	183247.02	184637.78	186274.86	187106.07	188024.33	189149.47	190082.25	189950.84	189307.09	187995.41	187254.9	187037.06	188594.58	189828.3	189958.94	188251.49	185595.78	184176.31	185146.83	186991.06	189989.32	192143.78	196953.31	201665.19	206233.27	209074.74	209969.6	210803.99	211271.38	211425.45	212563.24	213732.89	217250.2	217955.14	217201.45	214876.93	215724.86	218007.85	221977.69	225508.81	228953.72	231721.85	234578.12	238097.67	240507.13	241758.07	240802.91	238992.43	235734.9	232483.03	231080.59	229272.08	229607.89	228931.74	230477.98	230761.39	229951.31	227281.04	222813.24	217599.66	212294.8	207607.49	203160.0	200600.62	201595.07	206191.07	210327.41	212955.37	213540.45	213638.58	212623.72	210517.4	206805.78	202494.06	198502.71	196054.24	193651.5	190915.96	188067.9	185376.07	182915.48	181224.74	180212.3	180954.66	181640.43	182492.4	182548.35	183272.06	183809.38	183614.33	182212.58	180627.54	178409.79	176794.36
78264	2291140.72	74751.84	74699.74	75062.4	75391.68	75249.96	74487.63	74141.19	74426.76	75324.29	76011.59	76656.07	77185.05	77710.9	77893.21	77975.52	77971.98	78048.8	78120.81	78153.88	78586.03	78593.08	78578.4	77870.28	77531.61	77197.09	77450.22	77496.56	77568.15	77538.31	77734.03	78023.45	78324.08	78622.27	78773.93	79001.12	78661.5	77996.84	77242.78	77028.82	77336.44	77816.05	78688.67	79212.07	79651.27	79776.97	80187.73	80649.63	81695.54	83469.91	85600.13	86990.18	87964.54	88788.53	89563.66	90743.59	91867.56	93380.32	93835.83	94037.76	93835.44	93752.8	93948.15	94411.48	94647.55	94825.0	94379.35	94200.48	93789.24	93610.31	93822.15	93533.08	93919.52	93861.37	94501.05	94182.31	94150.27	94046.46	94663.28	95095.83	95215.4	95365.66	95675.7	96312.63	97004.56	97398.27	97612.13	97670.61	97905.0	98592.6	99808.86	101315.75	102637.14	103232.41	103423.02	103800.17	104075.66	104192.21	103683.03	103380.95	103593.72	103927.71	104127.7	103583.31	102244.13	100442.69	98886.9	97894.39	97024.51	95846.43	94876.88	94267.48	94004.48	94095.03	94071.44	94058.49	93928.03	94951.67	96715.18	99114.92	100636.28	100973.87	99999.42	98919.85	98300.62	98502.14	98790.81	99279.93	99513.57	99517.39	99196.53	98199.34	97443.47	97186.98	97282.49	97151.52	96614.06	95913.76	94964.03	94466.54	94620.28	94550.7	94157.65	93603.41	93438.54	93347.16	93325.16	93760.58	94286.69	95012.5	95861.26	96650.03	97069.57	97174.54	97323.33	97720.29	98101.68	98530.44	98991.78	99838.6	100922.83	102039.29	103425.48	104535.23	105579.43	105317.47	105050.94	105066.58	105456.95	106628.38	108170.42	110673.5	112715.27	114653.25	116589.19	118837.41	120573.19	121584.23	122119.95	122889.48	124302.3	126058.57	127924.43	129752.11	131525.58	133561.04	134833.59	136068.79	136736.37	137910.86	139328.34	140303.61	141000.2	141480.62	142507.91	143426.64	144042.0	144532.4	144952.61	145535.03	145685.24	145667.3	145266.36	145590.68	146758.76	148916.55	151304.8	153562.07	154767.61	155166.73	155541.9	156696.84	158596.0	160243.84	161442.13	162272.65	162878.27	163558.1	164499.96	166449.8	168839.23	170963.76	172555.35	173444.72	174535.19	175524.12	176882.58	177795.93	178559.07	178701.32	178714.56	178593.67	178812.28	179309.13	180016.27	180394.57	181298.6	182717.38	185136.86	187712.32	190076.56	191957.03	193671.9	195139.89	196560.24	197626.65	198511.51	200243.76	202976.75	207198.33	211150.63	214021.98	216128.72	218108.36	220852.55	223551.87	226561.6	229418.87	232413.54	233472.98	233008.79	231657.22	231180.03	232550.89	233963.37	237257.59	241312.72	246783.93	252235.9	256723.4	260737.91	262302.41	261803.56	259014.68	256620.81	254344.61	252052.33	248860.24	244848.46	242021.51	241165.02	241715.04	242223.19	241247.01	240180.79	238713.36	237664.47	235925.6	233272.51	230411.32	228624.33	227823.01	227475.04	226859.54	226574.92	225766.82	225026.13	223958.37	223340.4	222832.66	223072.52	223404.46	223830.24	223588.01	223225.48	222909.45	222958.67	223361.16	223611.81	223831.65	223648.43	224005.37	224726.94	225877.19	227160.96	227750.94	227213.92	225752.71	224140.32	222967.11	222258.66
72727	2283403.63	87850.14	88045.71	87712.08	87219.94	87598.86	89092.22	91252.67	92559.0	93009.91	92990.78	93142.1	93589.6	94110.85	94143.71	94148.99	94301.95	94727.03	95386.72	96020.74	96310.87	96405.63	96231.48	96118.15	95859.94	95613.18	95587.03	96473.21	97748.58	99272.42	99655.9	99497.04	98838.31	98133.27	97663.6	97713.14	97978.55	98157.61	98044.48	98259.31	98748.32	99428.32	100228.51	101569.1	103176.37	104748.08	105650.85	106328.71	106565.27	106696.75	106737.8	107106.23	108040.67	108820.39	109399.79	109708.29	110276.58	111040.14	112075.34	113286.98	114657.78	116058.02	117355.57	118823.84	120197.73	121886.08	123235.94	124602.69	125527.49	126574.77	127475.9	128486.2	129488.05	130367.24	131462.0	132688.55	134206.48	135613.7	136878.28	137916.72	138679.94	139443.95	140225.77	140952.64	141620.55	141972.31	142299.95	142513.9	142880.22	143107.15	142589.42	141661.15	140528.55	139656.01	139114.29	138776.98	138578.41	138485.56	138380.18	138389.57	137240.43	135529.67	133177.25	131558.23	130737.97	130405.6	129644.1	128021.37	126333.51	125119.9	124315.19	123706.55	122593.51	121812.26	121475.0	122047.23	122654.03	123016.13	123226.91	123451.02	123359.65	123231.53	122797.71	122722.58	122470.72	122247.36	121732.97	120910.2	120131.97	118999.06	117805.06	116402.36	115712.79	115608.14	115669.22	115193.01	114455.59	113474.4	112529.66	111514.49	110560.85	109272.83	108264.13	107404.29	106993.31	106327.99	105736.43	104950.85	104196.32	103758.14	103713.32	104045.28	104180.9	104799.92	105389.72	106159.64	106436.43	106555.83	106499.13	106466.06	106727.98	107062.86	107319.26	107574.93	108123.15	109127.25	110263.63	111105.42	111304.1	111013.52	110728.6	110440.63	110735.41	111408.53	112498.68	113207.9	113623.98	113938.7	114277.05	114792.09	115520.45	116278.74	116975.36	117346.81	117695.49	117951.89	118360.95	118990.21	119851.53	121051.0	122514.44	123967.3	125477.21	127046.77	128489.62	129311.42	130074.35	130913.7	131880.8	132494.59	132933.13	133541.6	134324.58	135359.04	136431.94	137621.69	138871.09	140300.3	141797.51	143176.47	144181.41	144861.52	145336.72	146183.94	147042.78	148041.06	148935.57	149999.42	151082.05	152104.94	152868.5	153468.43	153664.53	153862.12	154000.72	154462.41	154697.98	154964.85	155282.63	156009.92	157032.52	158143.73	159226.13	159986.92	160652.76	161057.1	161528.74	161847.05	162313.25	162816.84	163333.77	163969.94	165014.18	166422.05	167792.38	168552.28	168858.29	169303.57	170363.27	172392.13	174756.78	177504.1	179990.79	182560.63	185233.74	188412.37	191724.41	195006.67	198447.23	202155.57	206026.42	209302.29	212203.55	215064.0	218219.42	222386.54	227132.56	232244.43	237779.52	242757.33	246840.86	248267.69	248134.88	247554.66	247420.89	247772.05	247873.93	247814.29	247871.51	248322.98	249425.12	250987.96	253112.78	255293.91	257398.17	259404.37	261174.28	262532.35	263099.51	263518.42	264237.77	265579.57	266927.96	267856.64	268771.25	269854.22	271260.05	272047.02	272531.21	273107.36	274354.69	275570.95	276350.58	276345.05	276246.61	276152.38	276435.47	277033.25	278270.14	279953.46	281908.31	283702.05	285405.44	287024.84	288357.44	289149.53	288997.44	288499.67	288192.19	288310.71	288564.24
29927	2244729.79	95138.46	97391.91	98229.29	100570.32	101971.48	103030.18	103325.36	104065.81	106279.9	109259.62	110768.5	111588.01	113422.27	116123.22	118223.83	117797.58	117896.68	118542.21	120033.51	120935.11	121225.57	121991.95	122644.79	123829.17	125153.46	125686.65	125346.89	124451.57	124099.8	123693.16	123236.03	122895.3	123157.03	123485.54	123955.09	124411.14	125391.15	126480.33	127550.83	127828.84	128299.11	129086.14	130031.72	130831.81	130928.72	130986.8	130307.6	130006.23	130459.62	131466.93	132857.64	133601.97	134086.11	135199.7	136886.86	138221.41	138414.48	138236.77	139500.53	141348.15	143667.18	145419.26	146685.78	147216.41	148301.94	150216.24	153109.77	154920.37	155900.15	156137.66	156747.39	157604.08	159187.62	161698.66	164767.33	167598.57	169947.98	171358.67	173023.7	174822.53	177382.87	179744.65	181695.86	183422.09	184808.29	185907.92	186294.97	186074.75	186463.38	187721.0	189340.81	189925.1	189984.96	190039.58	190957.74	192396.76	194164.71	195444.41	196283.94	195043.59	193735.41	191717.88	191543.8	191074.38	191567.14	191144.23	191912.11	192724.56	193788.83	193323.02	192651.87	191896.23	190772.43	188583.32	186281.16	184425.42	182789.82	180841.52	179335.9	178206.66	177724.2	176869.24	176260.84	175714.31	173702.83	171473.04	168648.63	167236.87	165741.67	164979.81	164694.62	164566.33	164141.7	163708.35	163523.12	162849.03	162038.4	160830.49	160692.78	160668.51	160858.81	160782.06	161102.93	161042.48	161002.21	160736.0	161277.23	161723.61	161542.55	161410.76	161704.69	161746.32	161830.82	162161.96	163381.13	165006.37	166873.14	169239.3	171454.25	172994.25	173196.0	173124.82	172777.07	172879.22	172667.47	173153.06	173553.92	173978.23	174008.98	174821.81	175466.61	176807.99	178343.76	179648.2	180090.62	179661.32	179772.06	180138.23	180314.67	180806.31	181175.13	182163.67	183146.31	184340.57	186392.19	188061.56	189815.11	191743.03	193959.16	196699.36	198814.56	201503.59	204127.54	205966.05	206430.5	207087.25	208376.47	210745.88	212179.8	213697.39	214622.27	215990.17	217154.79	217663.58	216184.47	214517.61	212861.41	212211.15	211557.45	211518.39	211500.87	210936.36	211159.44	212918.68	215721.61	218362.04	219789.47	220558.64	221100.39	222188.94	224324.97	226764.86	229961.23	233051.33	235805.58	236403.76	235741.39	234447.82	233508.46	232555.18	231491.12	231470.02	232388.06	233782.36	234151.99	234893.53	234780.46	235278.94	235814.89	236887.03	239403.33	241870.61	245475.0	248636.52	250552.03	251883.46	252818.4	256173.13	261747.66	267416.27	271326.35	273565.46	275631.3	279254.88	282941.09	286792.53	290797.2	295154.27	300510.25	304846.59	308601.13	312790.13	318780.31	325296.37	331816.5	338088.31	344891.25	349804.67	352125.62	353289.4	353964.52	354165.49	353352.79	353679.3	355450.56	357926.54	360578.1	363984.65	370544.02	378435.7	386223.25	391548.11	395504.24	399486.5	403900.7	409084.55	414626.75	421800.84	429664.68	438072.32	445881.02	452337.47	455509.4	455118.82	453545.27	452624.41	452989.46	453853.61	454624.74	455955.79	457843.16	459688.82	460023.38	457846.29	454237.91	449338.83	444476.16	439407.73	435352.19	432246.92	430002.8	428777.47	427615.25	427094.96	425805.44	422781.02	419262.63	415203.29	412258.08	409227.7
27501	2152500.0																										129416.05	129248.19	129634.09	130126.21	130918.86	131882.98	132834.7	133534.58	134127.33	134183.59	134220.46	133880.16	134216.7	134896.63	135339.92	136063.36	136613.44	137641.2	138559.67	139559.31	140747.28	141311.82	141769.93	140943.06	140364.93	139458.45	139474.21	139680.66	140186.37	139885.9	139142.41	138600.17	139210.85	139905.75	140131.21	139446.97	139383.16	140083.47	141122.76	141781.68	142056.04	142808.01	144135.83	145660.11	147134.85	147690.33	148040.44	148753.34	149836.96	150956.87	151699.95	152741.93	153891.29	154694.53	154844.05	154770.63	155032.34	155329.16	155462.2	155605.06	155922.73	156392.65	156448.36	156578.94	156559.43	156971.26	157619.38	158332.8	158866.35	158860.91	158983.04	159095.23	159540.15	159808.92	159984.17	160175.12	160316.37	160322.31	160182.24	159944.43	159583.93	159015.21	158575.63	158476.77	158539.67	158433.04	157804.79	156889.5	156336.89	155761.32	155080.09	153995.04	153225.84	152645.58	152238.55	152322.61	152481.07	152792.24	152604.44	152717.01	152750.19	152873.02	152703.02	152638.63	151833.74	150771.19	149384.18	148965.57	148866.51	149002.56	148547.02	148140.56	146806.53	145518.67	144045.37	143466.31	142837.16	142248.25	141618.12	142244.61	143371.51	144659.09	144928.91	145003.43	145337.62	145787.63	145912.37	145740.19	145335.74	145074.9	144740.17	144319.47	143924.64	143535.67	143295.25	143391.1	144031.49	145081.39	146075.62	146624.56	147136.45	147473.78	148075.81	148742.05	149621.38	150153.85	150537.26	150870.13	151485.74	152012.13	152275.81	152365.99	152348.41	152605.28	153023.7	153671.84	154425.24	155259.67	156181.58	157103.84	157892.5	158694.99	159340.04	160064.26	160680.38	161209.2	161859.95	162500.83	163204.34	163432.72	163668.8	163855.5	164378.77	165084.21	166277.48	167780.96	169448.09	170936.27	172253.67	173247.37	174207.58	175022.16	176210.63	177295.3	178409.5	179289.67	180434.94	181712.58	183251.94	184739.0	186199.42	187187.35	187920.61	188917.2	190181.77	191607.74	192782.85	194052.28	195183.72	196025.38	196632.2	197195.18	197895.0	198490.33	199210.69	200158.51	201268.06	202243.67	203164.29	204102.82	205059.43	205821.47	206864.76	208396.21	210322.7	211914.82	213270.34	214478.2	215915.91	216922.05	217855.02	219083.54	221093.77	224115.84	227662.38	231471.28	235128.25	238638.89	242765.09	247018.14	251203.16	255478.34	259931.04	264850.43	268759.13	272266.52	275371.09	279067.11	282925.97	287899.1	293319.68	299843.13	306921.02	314610.74	322125.99	327144.45	329323.16	328594.1	327361.48	326242.28	325144.19	323634.65	322702.87	323036.64	324944.37	327302.27	329691.83	331472.74	332713.54	333650.65	334015.16	334559.23	334630.27	334986.1	335461.24	336592.51	337788.7	338486.39	338529.41	338416.04	338468.28	338842.23	338989.48	338986.83	338926.7	339126.64	339124.3	338477.49	337277.16	336015.1	334832.84	334081.93	333404.57	333123.95	332761.32	332592.82	332600.81	332779.17	333070.55	332985.29	332777.21	332192.45	331545.37	330620.69	329525.63
33917	2062594.0	103551.42	103588.47	103768.22	104155.31	104762.61	105493.44	106246.7	106917.26	107541.27	108141.07	108921.58	109560.52	110092.07	110630.15	111251.31	112000.6	112641.13	113134.99	113552.42	113866.38	114423.13	114954.51	115643.52	116298.17	116926.23	117471.84	118072.52	118977.44	120089.9	121281.22	122444.77	123775.42	125159.35	126689.44	127952.21	129044.23	130128.63	131320.47	132823.56	134294.39	135907.15	137663.32	139292.74	140687.51	142098.66	143627.72	145234.54	146716.46	148080.84	149314.46	150504.77	152132.35	154250.33	156732.23	159504.33	162538.15	165465.06	167842.0	170324.26	173025.29	176291.18	179496.77	183463.56	187710.07	192609.77	197333.12	202466.99	208467.81	214402.0	220883.82	226824.82	233260.02	239329.86	244317.64	249711.84	254248.31	257186.7	257077.09	256857.84	257024.5	257334.33	255482.49	253675.65	251152.29	249371.8	246005.46	242524.44	238371.29	233705.9	228594.81	223372.37	218714.65	214547.49	209651.6	204059.41	199022.81	194496.94	191712.9	188170.88	184466.52	180468.49	176823.88	173188.12	169077.65	165146.6	161932.84	159300.18	157153.04	154936.98	153193.64	151115.23	149314.49	146769.15	144218.16	141170.61	138104.54	134427.5	130924.36	129384.23	129380.56	130379.94	130270.79	129564.63	129014.01	129239.72	129814.31	130006.95	129568.38	129087.73	128554.85	127207.73	126095.47	124974.18	124867.6	124484.08	124007.53	123174.46	122660.89	122462.61	122503.67	122427.1	122551.48	122815.51	123008.22	122882.45	122849.44	122962.46	123791.87	124996.22	126540.82	128024.35	129109.53	129950.33	130755.42	131876.13	132976.37	133930.7	134953.45	136300.7	137793.1	139458.03	141125.35	142795.17	144222.52	145546.23	146895.63	147931.06	148597.58	149094.58	150039.22	151419.18	152694.12	153797.21	154697.15	155831.77	156813.12	157958.18	159239.84	160960.94	162551.58	164038.89	165265.88	166810.7	168445.98	170301.76	172219.27	174404.76	176717.86	179156.53	181892.77	184735.66	186771.1	188246.14	189161.7	190247.04	191287.9	192529.82	193905.64	195012.84	196221.64	198000.24	200201.66	201898.38	202309.2	202295.61	202250.43	202978.01	203587.07	204174.02	204675.04	205147.49	206105.55	207245.38	208841.03	210064.32	210792.19	210760.51	210379.77	210146.56	210016.32	210012.32	209787.26	210128.74	210772.52	211788.18	212673.9	213500.19	214199.73	214549.83	214968.73	215182.23	215556.58	215529.59	215509.66	215348.74	215563.7	215811.83	216231.46	216868.38	218079.09	219619.66	220853.38	221507.24	221606.12	221307.05	221158.12	221488.81	223081.97	225635.33	228699.74	231862.37	234668.0	237176.04	239584.81	242791.57	247412.58	254158.2	262823.22	271712.97	279430.26	285323.89	290914.06	296096.55	301425.33	308040.8	316652.08	327600.63	339713.73	351429.92	361520.9	368162.6	371420.61	371588.72	370585.66	369267.28	367395.42	363758.12	359802.07	356946.35	356904.98	358515.84	360890.54	362658.87	363516.29	363996.66	363813.1	363470.06	362535.34	361646.9	360484.06	359128.75	357347.0	355014.51	351957.29	348631.21	346059.24	343766.44	341660.18	339212.34	337172.08	335527.87	333703.45	331300.67	328274.19	324855.93	321067.73	317245.12	313533.72	310494.29	308137.11	306838.95	306427.72	306794.48	307366.03	307649.32	307273.91	306510.83	305824.44	305396.66	305218.28
23223	2040242.0	94425.36	94669.76	94788.92	95068.92	94778.73	94230.96	93711.7	93372.24	93235.51	93213.2	93663.83	94222.85	94424.46	94375.84	94484.07	95041.71	95737.17	96393.35	96626.53	96818.81	97125.42	97650.49	97847.15	97895.9	98040.48	98662.03	98976.01	99143.71	99086.85	99348.33	99703.07	100321.27	100987.61	101790.76	102699.36	103578.5	104362.91	104958.31	105696.74	106616.67	107409.39	107970.4	108291.95	108859.7	109597.63	110505.89	111208.02	111595.38	112052.21	112358.14	112712.86	112893.0	113235.56	114307.68	115807.26	117366.04	118439.4	119188.55	120218.9	121557.26	122855.32	123831.28	125001.24	126710.88	129047.69	131298.96	133119.73	134609.8	136102.62	137891.34	139629.51	140904.9	141885.03	143051.65	144373.22	145358.42	146345.91	147530.59	149358.27	151097.88	152151.57	152732.18	153102.36	153916.34	154585.81	155809.0	157290.69	158930.33	160531.01	161672.87	162354.95	162269.43	162041.0	161920.75	161971.48	161783.34	161796.05	161792.11	161678.78	161090.4	159907.38	158874.34	157941.84	157324.37	156736.54	156509.39	156017.97	155280.25	153296.82	151220.14	149004.4	147293.65	145399.76	143744.29	142729.85	141947.95	141369.57	140672.83	140509.16	140653.33	141319.83	141331.75	140892.35	140064.32	139736.77	139463.28	138757.94	137708.74	136077.82	134378.31	132685.97	131657.8	130911.16	129704.22	128442.93	127471.14	127080.33	126113.16	124448.94	122631.52	121282.72	120509.24	120075.6	119557.92	118874.02	118254.17	118174.98	118499.09	118864.7	119231.71	119758.87	120064.66	120355.23	120370.84	120626.91	120634.4	120606.42	120488.45	120553.36	120969.85	121540.66	122366.13	122927.27	123257.1	123537.77	123872.04	124319.61	124607.24	124792.7	124843.07	124995.77	125492.72	126383.22	127211.29	127777.5	128050.89	128154.47	128387.8	128865.27	129470.09	129645.1	129475.49	129349.73	129743.2	130592.9	131658.8	132626.04	133679.36	134563.68	135524.88	136226.89	137059.56	137869.93	138783.43	139479.54	140086.93	140583.38	141086.64	141529.04	142288.3	143305.24	144550.73	145642.55	146740.46	147886.13	149296.34	150703.66	152056.58	152897.13	153721.54	154618.99	155821.27	157048.61	158203.73	159371.83	160602.37	161662.28	162854.63	163963.96	165185.92	166211.43	167156.17	168209.38	169423.67	171001.06	172556.23	173894.05	174876.62	175928.43	177272.65	178742.06	179910.48	180523.58	180847.03	181191.59	181836.68	182809.14	183921.39	185277.87	186771.73	188334.19	189707.79	190867.53	191731.44	192443.46	192905.23	193951.44	195592.48	198034.71	201106.66	204681.93	208090.03	211191.24	214199.58	217763.64	221378.93	225011.0	228401.29	230968.52	232155.24	232214.3	232395.67	233766.56	235958.76	239911.68	244696.65	250190.75	256021.96	262113.97	268937.84	275469.05	280116.04	283360.67	285673.3	288795.2	291482.43	292584.24	292407.54	291878.63	292616.7	294497.81	296156.72	296326.79	294695.02	292365.89	289424.25	286527.58	284316.91	283581.8	284472.14	286426.94	288587.81	290301.85	291309.84	292070.53	292871.04	293536.37	294139.32	294758.47	295835.4	297177.75	298116.84	298323.5	297857.01	297274.34	296809.58	296631.51	296851.47	297323.66	298015.4	298798.11	299769.43	300947.85	302184.27	303051.89	303123.68	302236.61	301230.43	300586.82	300902.84
29483	1997273.0	140870.6	140795.53	140889.06	141040.17	141737.95	142093.29	142566.17	142663.01	143323.99	144256.61	145525.47	147042.01	148762.81	150178.36	151173.41	151621.86	152367.6	153023.67	153736.64	154300.57	155228.02	156258.56	157434.57	158551.16	159785.79	160431.42	160841.41	161083.08	162065.47	162749.46	163493.99	163698.46	164274.68	164945.25	165715.68	166504.81	167321.73	168120.6	168795.27	169055.08	169576.09	169971.15	170734.2	171402.82	172378.18	173424.65	174474.36	175489.44	176429.1	177449.9	178466.25	179289.01	180173.03	180754.26	181481.24	182022.51	183045.04	184278.06	185751.38	187204.42	188752.6	190172.29	191589.07	192647.81	194086.12	195335.53	196909.8	198319.66	199967.62	201837.38	203628.63	205408.97	207009.95	208825.21	211017.5	213128.13	215632.99	217809.23	220179.95	221875.94	223439.64	224395.59	225222.25	225964.74	227036.27	228082.85	228906.77	229438.04	230124.0	230390.76	230533.11	230057.6	229732.22	229293.78	228646.09	227734.24	226367.14	225157.09	223986.74	222580.21	220905.27	219769.22	217678.66	215605.04	212850.87	211199.94	209971.82	208836.34	206099.57	202017.43	198326.87	196402.26	195150.42	193259.69	191149.96	188753.82	186450.01	184389.27	183174.14	182720.67	183203.35	184047.61	184120.51	184098.91	184425.61	184996.94	184877.57	184508.86	184241.88	183361.0	181990.1	180126.68	178289.1	175559.26	173069.29	170208.7	168229.06	166721.42	166499.9	165884.76	165301.96	164121.06	163794.45	163235.62	162979.92	162608.42	162691.83	163327.11	163675.96	163970.68	164098.2	164496.07	165117.54	165780.98	166112.48	166367.89	166724.97	167576.27	168492.47	169568.0	170665.49	172090.96	173582.5	175366.43	176921.81	178388.29	179177.11	179922.56	180523.74	181548.26	182415.71	183249.75	184099.78	184941.84	185751.72	186500.97	187202.02	187774.52	188166.05	188630.85	189346.26	190437.17	191707.99	192930.91	193912.97	194642.16	195478.07	196653.79	198044.98	199508.41	200831.43	202191.4	203531.36	204809.58	205859.8	206916.92	207741.65	208551.39	209211.73	209945.18	210836.99	211959.52	212890.21	213780.22	214320.17	215317.56	216566.48	218340.85	219979.99	221345.13	222266.92	223291.44	224439.3	225879.5	227248.57	228837.03	230360.05	231993.32	233523.32	234646.57	235433.65	235989.96	236855.61	237907.69	238779.9	239616.43	240280.39	241021.95	241640.79	242526.49	243867.22	245345.86	246599.09	247385.63	247891.42	248541.86	249190.28	250020.33	250768.38	251706.83	252732.22	253935.48	255214.71	256169.49	256714.31	257207.82	258302.49	260031.36	262488.49	265451.73	268693.27	271748.18	274731.02	277933.09	281268.29	284841.43	288893.02	293524.94	297990.21	301624.27	304635.77	307877.64	311595.71	315835.1	320771.02	326547.86	333337.17	340141.69	346501.23	352133.44	356285.19	358641.03	358873.1	358527.0	357646.47	356352.97	354639.82	353375.77	352895.61	353167.5	354181.23	356383.74	358749.43	360971.47	362363.71	363195.44	363741.58	364207.08	364985.33	366139.63	367479.4	368652.55	368992.67	368603.61	367880.15	367470.1	367214.73	366900.85	366296.35	365886.23	366032.71	366813.94	367346.99	367375.02	366860.22	366052.32	365128.98	364141.67	363608.33	363273.93	363185.92	363102.56	363306.33	363860.04	364038.13	363862.51	363191.27	362717.07	362353.05	362006.29
37323	1986623.62	102747.43	103036.28	103048.1	103141.75	103045.59	103135.17	103344.02	103778.7	104076.37	104267.33	104168.4	104443.39	105252.32	106119.65	106802.88	107126.52	107863.27	108552.61	108899.97	108988.12	109029.08	109378.48	109676.95	109881.87	109064.07	108034.32	106914.53	106922.9	107408.49	108275.02	108642.8	108603.02	108425.87	108535.16	108817.7	109282.45	109897.75	110536.97	111152.54	111665.73	112064.53	112081.25	112203.13	112320.07	112502.97	112367.04	112245.03	112155.74	112479.31	112769.85	113375.12	113912.71	114624.09	115185.64	115901.14	116473.65	117112.68	117662.01	118536.72	119331.79	119906.84	120275.78	120585.51	120906.27	121442.47	122184.77	123241.26	124262.27	125362.07	126338.69	127035.66	127526.95	128124.13	128920.32	129797.06	130441.93	130867.76	131044.01	131403.83	131808.89	132332.03	132664.11	132742.36	132646.86	132666.09	133380.22	134621.66	136041.87	137491.11	138507.06	139155.03	139395.57	139539.26	139647.8	139583.59	139580.51	139813.62	140118.18	139932.69	138870.06	137818.21	136907.32	136499.88	135893.75	135774.57	135835.02	136020.33	135742.58	134725.83	133212.02	131838.64	131265.3	130897.65	130289.93	129684.97	129371.32	129314.9	129061.17	128795.58	128671.94	128732.88	128604.14	128491.68	128359.43	128383.4	128666.68	128991.58	129370.9	129865.8	130490.04	131578.47	132427.81	132401.18	132211.25	131680.14	131450.66	130208.82	128807.8	127601.12	127034.44	125985.76	124088.53	122575.89	121335.36	121003.1	120021.23	119605.43	119215.33	119374.24	119951.68	120818.17	121318.4	121452.53	121324.5	121316.42	121460.2	121559.45	121847.15	122313.78	122808.52	123384.68	123746.94	123915.75	123879.8	124009.56	124619.37	125235.86	126012.62	126766.16	127839.84	128679.05	129376.28	130109.15	131081.68	132136.84	132966.39	133464.85	133858.36	134268.92	134698.58	134899.17	135103.76	135417.63	135898.82	136417.42	137063.11	138106.52	139205.78	140008.51	140583.47	140733.32	141157.92	141563.49	142185.54	142385.58	142669.82	143035.15	143776.14	144467.19	145328.95	146256.65	147577.37	148781.38	149895.32	150584.32	151071.93	151402.46	151776.66	152174.95	152344.32	152582.19	153031.36	153852.83	154807.34	155855.57	156958.9	158325.5	159850.02	161530.49	162661.73	163607.95	164158.22	164964.98	165645.95	166332.45	166693.91	166902.8	167476.92	168132.46	168880.24	169647.29	170523.38	171587.22	172592.03	173505.21	174227.06	174942.37	176173.59	177716.06	179444.78	180802.17	182023.37	183014.93	184180.69	185406.37	186582.25	187983.09	189856.39	192405.48	195398.68	198555.95	201455.73	204075.31	206716.25	209238.97	212201.48	215621.54	220153.03	224783.82	228465.9	231045.43	233144.57	236216.52	239970.55	244206.82	248424.96	252331.62	255903.05	258789.51	261835.83	263992.27	264857.99	264306.98	263452.06	262803.65	262165.92	261774.99	262448.16	263776.31	265831.24	267664.1	270027.83	272090.58	274506.4	276556.62	278820.94	280817.96	282278.37	283026.43	283804.59	285437.26	287619.24	290225.46	291958.0	293247.72	293831.98	294169.88	294398.2	294529.49	295744.02	297470.02	298821.27	298672.82	297438.89	296192.16	295300.33	294685.87	294327.6	294813.62	295880.58	297062.52	298016.18	298977.92	300081.54	301016.79	301602.62	301704.73	301786.32	301682.84	301557.31
30620	1971276.07	161397.54	162090.93	162674.83	164143.64	165478.65	166585.82	167155.52	167922.86	169112.97	170712.69	172157.78	173415.06	174487.48	175126.3	175405.24	175382.42	175439.58	175974.21	176446.23	177076.98	177445.12	178042.27	178454.42	179062.87	179482.33	180083.17	180460.35	181013.74	181541.41	181869.22	182017.69	182178.41	182372.84	182833.32	182998.07	183172.49	183011.61	183070.45	183270.33	183672.2	184092.4	184296.66	184521.65	184856.77	185427.49	186106.37	186747.78	186915.97	186764.22	186526.12	186626.09	186816.5	187058.66	187465.3	188076.31	188872.69	189682.73	190321.53	190610.03	190677.81	190797.9	191142.62	191849.9	192557.87	193312.96	193915.95	194870.76	195895.73	196877.74	197761.25	198484.23	199366.6	199966.76	200670.1	201343.71	202113.76	202908.16	203587.54	204340.26	204980.0	205793.4	206364.58	206814.0	207023.9	207410.38	207949.33	208331.75	208420.56	208527.44	208807.94	209447.56	210038.0	210417.12	210308.57	209968.03	209831.07	209613.73	209184.77	208338.46	207557.05	206616.05	205289.25	203487.21	201477.86	198988.4	196655.5	193934.51	190019.36	185843.39	181445.33	176488.41	170474.31	165014.87	161892.7	159833.56	157693.36	155053.21	152602.41	150914.79	150381.34	149131.85	147653.1	147053.79	149064.25	151646.0	153062.31	152163.62	150880.69	148602.96	146589.02	143921.92	141973.97	139849.01	137533.12	135760.24	133495.23	131134.56	127238.91	123934.46	121539.17	120970.98	120444.69	119361.85	116424.85	113918.73	111277.07	109516.62	107918.36	107112.78	107181.44	107678.25	107736.05	108013.26	108137.16	109116.27	110048.17	111285.81	112609.67	114186.95	115940.44	117948.87	120141.7	122496.2	124662.46	126456.08	128131.67	129463.65	130740.3	132006.43	133767.42	135402.25	136809.83	137894.2	139092.51	140484.48	141755.57	142720.66	143525.16	144505.83	145623.04	146884.84	148214.97	149443.13	150415.18	151401.84	152697.03	154121.92	155527.22	156868.92	158165.84	159206.76	160016.77	161022.92	162306.68	163441.79	164555.4	165392.86	166600.14	167746.46	169027.43	170402.82	172005.09	173648.82	175251.07	176522.8	177866.01	178914.16	180074.89	180905.26	182025.91	183135.63	184406.17	185506.34	186694.03	188166.89	189859.33	191487.84	192985.62	194294.29	195478.0	196667.31	197880.35	199356.64	200697.31	202056.78	203309.49	204585.74	206037.69	207583.0	209311.73	210790.2	211888.02	212590.06	213418.48	214242.15	215008.88	215437.61	216160.93	217227.36	218930.85	220632.34	222365.98	223756.32	224949.03	225599.41	226129.52	227030.35	229013.84	231995.78	235856.23	240110.09	244524.62	248690.47	252984.1	257467.42	262492.67	268031.21	274213.26	280292.93	285751.69	291030.54	296875.18	303622.84	310506.27	318245.12	326106.5	334212.27	341744.27	348902.39	355268.51	359421.7	360964.37	360223.63	358609.11	356528.59	353970.5	351350.07	349410.04	349338.35	350519.01	353010.78	355525.49	357905.7	359780.35	361739.93	363233.44	364457.04	365331.15	366255.44	367645.62	369375.46	371312.55	372408.28	372967.06	373414.19	374065.63	374556.87	374491.28	374204.98	373637.27	373274.02	372950.15	372248.31	371903.66	371566.15	371659.54	371017.89	370607.71	370432.34	370665.29	370580.99	370289.09	369646.93	369237.09	368007.48	366804.08	365218.58	364167.48	363518.01	363176.74
32257	1946102.0	110580.77	110813.67	111146.86	111754.35	112471.12	113178.16	114007.72	114738.82	115360.23	115873.58	116475.99	117117.96	117770.18	118392.47	119066.22	119814.88	120468.41	121135.8	121752.13	122482.6	123267.03	124126.01	125072.81	125956.13	126758.31	127537.97	128328.0	129183.73	130035.62	130934.96	131913.22	132886.58	133828.3	134561.96	135241.93	135991.92	136860.54	137745.02	138640.91	139656.87	140736.14	141791.22	142840.14	143926.41	145071.51	146257.92	147578.29	148786.65	149905.29	150819.72	151930.38	153291.01	154863.07	156573.53	158264.98	160165.4	162014.09	163592.77	165050.02	166597.18	168324.47	169871.7	171399.74	173292.49	175523.64	178140.24	180870.93	183854.99	186953.72	189978.94	192657.29	195152.44	197818.8	200570.62	203510.39	206567.19	210010.41	213189.81	216145.03	218617.99	220337.81	221364.08	221777.76	221952.89	221742.81	221220.98	221043.11	221017.87	221157.03	220797.54	220233.64	219396.09	218344.05	217003.7	215606.76	214067.92	212492.15	211448.97	210432.65	208946.54	206339.06	203433.2	200464.68	197587.74	194771.25	192382.56	190382.57	188213.4	186788.09	184903.44	183288.8	180469.03	178097.63	175965.09	175054.07	174623.21	174345.43	173428.91	172808.36	172377.63	171455.4	170605.21	169818.45	169857.57	169891.78	169911.27	169190.96	167383.65	165330.24	163841.52	162287.13	160556.42	158280.57	156909.01	155246.62	153879.34	151781.64	150057.07	148281.39	146779.24	145283.84	143616.47	142354.01	141501.05	141549.57	141853.56	142466.53	143250.73	143708.41	144076.19	143997.85	143891.49	144003.28	144870.56	146129.12	147669.24	148997.96	150329.07	151388.49	152561.44	154054.6	155678.42	157420.06	159170.5	160818.8	162321.65	163350.35	164647.8	165895.94	167386.48	168311.65	169127.63	169779.9	170041.37	170211.39	170423.73	171078.24	171689.26	172229.03	173105.26	173660.26	174096.62	174365.16	175241.61	176604.75	177930.56	179332.24	180798.04	182491.49	184187.67	185479.66	186336.76	186571.81	186571.02	186887.03	188223.61	190061.5	191815.62	193092.7	194306.32	195799.62	197471.7	198983.75	200324.94	201297.97	202481.15	203910.5	205649.32	207483.32	209343.35	210927.99	212493.67	213865.35	215634.72	217079.6	218633.21	219860.62	221157.31	222230.04	223419.43	224691.99	225920.8	227389.54	228814.94	230123.48	231113.58	232052.68	233094.5	233899.2	234693.33	235514.94	236049.94	236513.65	236767.16	237278.51	237594.03	237798.19	238235.46	238925.72	239926.82	241237.01	242729.91	244198.13	245246.13	245618.98	245972.88	246631.53	248319.23	250841.72	253657.82	256842.5	259953.94	263694.0	267882.93	272439.74	277075.04	282310.58	288556.88	294055.22	298059.31	300662.44	303842.44	308169.37	313144.3	320075.03	328562.54	338567.73	348252.83	356139.12	362416.24	366292.36	368284.75	368930.42	369096.79	368869.33	367279.88	364685.44	362490.9	361231.9	360507.44	360046.85	360173.19	360820.73	362261.2	363480.58	364570.43	364983.89	365454.29	366147.16	367430.22	369168.55	370955.41	372147.73	372403.53	372071.72	371448.24	370764.26	370145.4	369462.26	369070.32	368880.88	368515.92	367516.75	366086.21	364534.17	362556.6	360488.66	358868.31	358231.18	358058.04	357903.59	357733.19	357968.83	358893.96	359936.88	360242.83	359678.07	358831.05	358455.09	358618.99
31093	1931396.58	74074.16	73900.05	73901.72	73836.73	73877.83	74031.87	74296.57	74682.32	74917.61	75039.29	75137.9	75247.29	75561.54	75863.1	76129.86	76257.85	76347.03	76391.03	76354.74	76332.22	76410.99	76414.35	76295.2	76099.24	75968.28	75851.27	75744.7	75771.21	75877.08	76058.53	76051.96	75999.59	75994.04	76085.35	76163.72	76019.0	75999.32	76022.4	76003.01	75782.25	75675.2	75795.64	76019.15	76112.22	76154.4	76205.21	76315.12	76628.24	77076.55	77727.65	78358.53	78987.27	79429.06	79718.19	79885.71	80140.88	80502.49	80930.05	81281.49	81452.39	81618.74	81715.8	82009.39	82355.44	82656.91	82828.79	83025.46	83360.72	83750.46	84030.23	84345.68	84668.06	85119.3	85483.41	85844.56	85986.97	86254.82	86541.26	86982.38	87393.8	87843.66	88302.11	88788.9	89223.51	89510.02	89732.9	90013.93	90386.15	90665.64	90760.07	90850.69	90907.81	91043.44	91057.82	90932.86	90801.68	90647.59	90794.78	91016.13	91405.09	91712.14	91882.05	91912.26	91711.31	91480.01	91177.03	90824.31	90397.93	89957.01	89576.31	88995.09	88377.97	87478.24	86698.45	85780.24	85163.8	84724.29	84365.56	83948.58	83340.99	82753.19	82407.84	82350.61	82360.93	82381.56	82311.32	82366.18	82254.98	81794.65	81118.86	80054.2	78923.81	78001.15	77403.03	76918.65	76097.0	75187.51	74635.94	74111.22	73875.53	73789.34	74106.39	74572.1	74710.62	74522.45	74260.46	74326.07	74615.55	74698.66	74468.49	74254.34	74087.64	73986.16	73737.93	73540.73	73113.61	72577.06	71813.55	71419.78	71388.95	71707.93	72051.11	72329.55	72578.36	72443.56	72193.07	71800.03	71791.22	71752.28	71859.68	71901.34	72423.75	73355.63	74467.71	75470.86	76113.85	76430.71	76375.49	76058.2	75737.21	75309.29	74868.71	74474.98	74388.05	74706.83	75219.77	75648.81	76011.82	76145.25	76307.49	76527.47	76969.7	77564.6	77991.97	78004.38	77795.28	77534.46	77500.21	77308.79	77157.75	77100.51	77461.73	78048.1	78630.03	78825.43	78702.34	78413.63	78265.16	78039.68	77958.8	78355.45	79232.03	80419.15	81472.39	82455.88	83294.62	83910.12	84279.94	84729.95	85377.25	86163.29	86796.69	87421.56	88022.27	88872.86	89554.39	90275.82	91030.49	91983.52	93019.56	94284.73	95297.02	96099.13	96480.67	96657.28	96650.83	96521.32	96611.8	97005.43	97646.32	98349.89	98929.87	99633.76	100715.16	101787.17	102587.84	102958.61	103645.73	104617.1	105939.74	107358.15	108600.37	109819.08	111156.02	112700.37	114239.11	115829.52	117597.48	118986.16	119905.51	120213.41	121077.44	122281.38	123876.04	126444.42	129757.75	133651.07	136433.47	138772.68	141094.91	143612.0	145476.18	146530.76	147445.28	148298.48	148985.39	149036.01	149297.49	150150.48	151627.86	153376.33	154441.68	155539.43	156631.37	157810.66	158632.79	159002.59	159435.47	159590.9	160035.03	160840.53	161938.97	162644.57	163178.15	163731.6	164395.32	164545.49	164292.29	163847.61	164183.38	164968.09	165284.67	164647.1	163580.65	163111.01	163265.17	163942.06	164822.15	165499.63	165876.9	166321.05	166876.18	167378.43	167655.61	167895.84	167983.83	167767.33	167725.28	168015.4	168715.59
32583	1864893.0	92233.47	92301.87	92525.56	93086.85	93795.47	94511.06	94934.16	95253.24	95391.82	95538.01	95753.54	96039.31	96150.19	96202.97	95762.46	95475.06	95046.97	94940.48	95005.59	95081.42	95322.64	95494.5	95833.18	96113.1	96303.98	96373.91	96741.05	97398.75	97965.36	98316.52	98342.56	98478.13	98553.35	98764.83	98955.01	99254.29	99414.41	99662.35	100224.17	101129.65	102162.57	102832.8	103177.66	103446.58	103664.28	104189.76	104872.62	105828.17	106621.79	107290.19	108177.16	109079.47	109989.85	111118.54	112913.28	115096.41	117213.04	119147.85	120818.94	122297.86	123535.24	125270.51	127072.22	129555.87	132345.01	135758.47	139267.85	142835.59	146077.45	148948.21	152024.23	154877.19	156755.79	157875.86	159534.65	162164.17	164364.4	165562.44	165798.91	165301.35	164649.86	164079.65	163501.4	162950.03	162337.78	162051.01	161557.17	161010.07	160626.76	159788.12	158454.94	157026.38	155520.75	154384.99	152998.74	151714.39	149753.82	148332.35	147358.23	146776.39	145329.03	143202.78	141452.25	139746.81	139028.05	137780.89	136732.07	135430.36	135330.83	134947.97	133643.87	131731.13	130982.07	131185.68	131134.31	130259.41	129191.5	128590.5	128364.08	127734.57	126407.34	125315.33	125153.55	125464.82	125676.6	125261.48	124724.32	124221.42	123922.06	123539.04	122702.73	121858.46	121820.21	121844.05	121460.86	120263.51	118726.92	117551.99	116552.46	115951.12	115254.6	114258.64	113687.49	113683.95	113744.53	113356.31	112867.25	112986.74	113619.43	114202.45	114574.34	114322.0	113765.49	113067.45	112720.41	112997.88	113496.28	113890.72	114231.66	114786.8	116147.29	117874.19	119683.43	121091.11	121558.23	122074.35	122243.6	122926.5	123742.03	125083.09	126622.61	128056.48	129471.27	130503.17	131532.31	132475.56	133162.12	133278.22	133631.01	134461.62	135445.78	135816.06	135894.26	135877.45	136206.54	136623.14	137398.49	138117.95	138672.57	139109.32	139230.52	139328.12	139665.72	140314.94	141140.03	141777.16	142124.87	142347.43	142435.2	142996.69	143753.65	145002.65	145992.56	146824.6	147426.55	148352.14	149681.12	151056.07	152016.43	152741.13	153493.57	154640.09	156191.04	158101.04	159954.21	161519.06	162906.64	164143.1	165331.61	166062.21	166559.59	167124.95	168166.47	169424.75	170700.39	171895.15	173128.17	174233.51	174937.88	175562.86	176030.07	176565.93	177084.43	177854.81	178679.27	179643.28	180796.69	182390.06	184157.73	185756.3	187758.42	189950.49	192272.39	193704.19	194585.58	195249.16	196428.78	198506.54	201479.36	204988.1	208923.09	212748.91	216579.67	219912.9	223408.0	226923.2	230991.28	235579.38	239679.17	242996.66	245496.09	248095.14	251262.65	254470.92	258938.12	264255.33	270732.45	277047.69	282749.24	287793.65	290963.28	292358.51	292212.74	292266.81	292359.47	292444.78	291839.04	291869.73	292459.64	293967.78	295247.2	296483.66	297226.16	297612.9	297209.53	296543.89	296192.68	296034.43	296341.72	296813.17	297519.97	298001.98	298116.42	297845.86	297274.19	296444.12	295222.73	293923.15	292725.68	292249.79	292239.66	292181.43	291734.28	291042.08	290388.1	289622.44	288843.94	288093.3	287737.29	287593.86	287645.46	287940.64	288408.88	289281.58	290110.66	290870.38	291176.16	291191.48	291090.23	290998.67
72011	1835567.0	95684.69	96142.83	97100.67	98365.02	99145.69	98855.74	98172.52	97543.12	97318.08	97238.8	97476.88	97563.77	97903.33	98261.02	99156.29	99539.43	99749.22	99323.6	99610.9	100013.29	100837.11	101414.24	101762.81	101824.91	101792.97	102074.49	102798.09	103408.16	103766.02	103729.86	103808.46	103887.44	104136.18	104457.57	104795.12	105059.72	105659.87	106494.22	107542.17	108230.66	109062.14	110528.63	111934.08	113408.69	113793.67	113853.4	113453.78	113067.68	112439.78	111593.12	110927.51	110559.48	109847.18	108414.14	105798.37	102836.61	102313.03	104120.1	107001.53	108141.7	109807.44	111573.64	113218.63	113914.3	115644.2	118170.13	120493.0	123673.17	126635.61	130995.12	133844.32	136771.19	138312.21	139059.27	139324.37	139540.22	140160.55	141449.39	142778.97	143707.13	144020.27	144237.58	144621.46	145081.18	145053.34	146175.87	147966.41	149814.48	150741.5	150333.49	151191.71	151993.72	153003.5	152708.3	151366.98	149516.27	147646.81	146463.14	145977.22	146213.99	146181.27	145602.28	144265.88	143320.04	142682.25	142163.04	141758.43	141778.09	142454.56	142598.06	142318.53	141988.98	142480.73	142429.62	142157.23	141078.36	140568.87	139756.17	139816.74	140160.1	141048.18	142106.59	143128.24	144141.92	144593.81	145203.71	145397.41	145522.49	145142.53	144552.77	143919.46	141949.93	142290.29	143313.63	145927.67	146384.28	146269.74	146275.29	146641.64	146415.93	145663.71	144337.3	143755.24	142756.14	142215.3	141815.3	142706.53	143605.82	144435.04	145053.09	146155.38	147124.29	148268.36	149041.29	149548.99	150030.95	149585.62	149424.69	149115.13	149395.4	149139.72	148742.75	148190.06	148208.94	148527.49	149060.89	149204.2	149468.97	149687.94	150474.41	150941.73	151717.76	152253.68	152938.37	153686.32	154321.66	154740.4	154560.97	154460.17	154576.29	154647.24	154291.38	153777.0	153725.69	154265.42	154673.17	154892.93	155169.76	156025.26	156998.07	157434.0	157375.09	157201.17	157439.54	157537.51	158036.72	158456.32	159159.65	159716.87	160737.27	161805.55	162942.39	163788.78	164852.78	165802.91	166869.22	167781.31	168631.01	169591.2	170502.51	171573.39	172558.21	173607.73	175292.41	176995.61	179003.82	179881.79	180206.07	180198.84	180219.28	180058.15	179388.46	179110.9	179064.05	179161.63	178785.35	178779.62	179683.13	180972.98	181956.01	182240.24	182612.26	183374.51	184384.77	185114.28	185227.54	184741.03	184801.89	185546.22	186617.69	186954.7	186940.68	186951.18	187554.02	188199.52	189773.36	191703.93	194328.67	196903.79	199499.44	202306.69	205062.68	208008.57	210546.18	212446.29	214102.89	216252.18	219145.64	222125.41	224361.47	225806.16	227111.6	228934.72	231528.65	234418.42	238079.01	241647.75	244977.19	247363.65	248795.1	249428.74	249505.01	249608.09	249893.34	249328.47	247354.18	244711.25	242385.72	242237.45	243431.08	245770.47	247580.03	248248.92	247523.66	246363.94	245714.13	245792.72	246457.45	247346.47	248436.24	249339.93	250262.75	250662.69	250631.95	250306.97	250287.66	250147.41	249740.52	249207.38	249614.39	250532.27	251570.04	251435.51	250967.66	250263.69	249687.01	248989.67	248315.04	248156.09	248591.54	249748.4	250747.92	251188.03	251219.92	251082.59	250460.39	250010.98	249726.1	250177.38	251144.3
29335	1834354.0																																							79613.94	79600.87	79729.68	81153.42	81950.41	82597.24	82414.72	82996.55	83408.17	83608.26	83837.91	84129.78	82862.06	81294.8	80995.64	81269.5	82850.19	83549.63	84196.05	84145.24	85672.08	88278.09	90618.02	90973.48	91792.25	93242.81	93579.48	93274.69	92408.27	92597.53	93485.59	93971.1	94253.16	93803.31	92827.43	93110.47	93656.89	94176.4	94336.36	95019.31	96318.02	97860.32	97847.65	96989.96	94906.59	93261.24	93368.01	94631.33	96077.1	96563.63	96036.97	95747.64	95453.66	94764.32	92785.02	90348.91	88774.17	88846.44	89210.2	89762.52	89580.69	88699.96	87299.34	85596.37	83801.49	81767.73	81206.95	81820.4	83012.05	82986.03	82010.55	82358.57	82903.35	84689.68	84511.06	84764.77	84236.45	84722.81	84970.58	85747.94	86086.4	86472.69	87222.15	87628.32	87697.3	87480.0	87733.93	87591.34	86474.17	84944.08	83658.87	82558.38	81499.23	80480.21	80169.52	79958.23	80421.47	80448.15	79924.43	78715.69	78110.73	78211.3	78546.34	78577.34	78453.58	78805.64	79300.38	80462.41	81771.66	83149.31	84675.57	86032.29	87442.19	88609.94	89933.61	90790.04	91106.95	91070.05	91061.98	90569.2	89367.52	87790.53	86407.88	85901.06	86189.27	87425.64	88955.17	90800.25	92007.5	92340.55	91914.85	91485.84	90994.65	90967.86	91092.52	91334.47	92000.87	92889.4	94151.68	95021.08	95734.09	96417.27	96611.27	96773.23	97429.16	98495.87	99905.02	101173.89	102750.28	104240.07	105303.43	106041.21	105748.34	104668.78	103671.76	103245.16	103669.69	103927.49	104702.87	105788.21	107066.95	108035.94	108679.81	109348.77	109803.42	110446.75	111023.49	111778.15	112158.08	112797.92	113193.97	113816.58	114828.75	116459.95	118740.79	120582.52	122007.0	122189.68	122045.79	122236.88	123893.37	125567.06	126900.55	127438.88	128100.97	129065.67	129736.92	130255.4	130388.11	130515.95	130890.88	131361.57	132089.64	132777.75	134035.09	135502.35	136432.24	136371.72	135689.54	135314.73	135642.69	136606.91	138245.91	140314.31	142182.44	144227.75	145678.02	147455.16	149207.8	151931.25	155462.51	158790.32	161165.77	162713.85	163540.95	164723.43	166540.66	168669.91	171282.54	173805.4	175329.29	174878.89	172357.32	170771.42	170823.64	171882.4	174290.07	177388.04	181471.86	185220.99	189057.67	193194.4	195980.73	196862.21	195320.24	193550.2	192120.21	190691.26	189610.43	188244.02	188091.27	188489.28	189250.96	190286.27	191091.15	192303.1	193409.26	193088.74	192727.75	192195.58	192408.04	192523.89	194206.39	197750.13	201958.29	205256.45	207125.4	208408.52	208287.87	207759.26	206231.59	205965.09	205437.97	204968.65	203516.3	201672.31	200482.53	199042.09	198373.4	197669.49	198139.9	199247.2	201079.13	203155.35	205273.39	207423.23	209416.94	210548.86	210850.99	210652.48	210546.11	210426.18
80102	1757500.0	150946.77	151258.23	151866.51	153435.84	155481.19	157611.77	159423.28	161144.16	162446.85	163636.66	164839.16	166310.16	168056.89	169752.59	171184.02	172046.89	172699.41	174170.66	176437.99	178724.27	180287.43	181251.55	182334.15	183451.71	184521.48	185379.87	186461.67	187840.06	189399.27	190605.73	191224.89	191673.4	191785.31	192114.25	192076.98	192331.75	192067.82	192038.56	191823.79	191932.37	192093.67	192560.19	193169.18	193453.52	193494.34	193341.73	193662.69	194075.39	194307.21	194318.25	194395.16	195098.63	196149.48	197308.84	197978.2	198232.65	198421.68	199045.97	200034.22	201152.06	202480.84	203356.13	204170.86	204512.78	204972.44	205456.28	206743.76	208385.74	210023.55	210977.75	211111.84	210914.99	210233.27	209860.62	209427.68	209764.89	210384.26	210785.1	210969.6	210868.06	210613.3	210215.05	209687.8	209857.14	210058.49	210200.86	210171.21	209936.09	210040.31	209717.06	208986.44	207782.36	207289.11	207714.4	207880.13	206105.98	203600.47	201487.93	201367.42	200956.9	200643.71	199880.5	199708.88	199708.79	199791.51	198969.92	197867.35	196428.48	194369.01	192039.13	189605.23	188338.76	187517.42	186184.39	185936.65	185823.48	186337.71	186140.48	185691.34	185670.23	185977.3	186517.33	186934.23	186292.13	185528.36	185330.74	185440.01	185680.65	184290.78	182589.66	180839.3	179928.76	179599.74	178944.15	178829.36	178946.03	178672.9	177464.3	175805.97	174452.9	173580.75	173184.44	173251.56	173634.97	173916.53	174500.17	174835.06	175352.05	176129.23	177522.19	178748.53	179508.05	180385.15	181303.3	182733.76	184588.6	187054.49	189701.57	191481.07	193261.04	195387.48	198030.52	200319.96	201912.52	202868.04	204174.64	205310.35	206519.12	207780.98	209851.01	211742.05	213120.07	214223.82	215861.35	217333.09	218528.48	220440.97	222871.29	225570.03	228403.95	232096.27	236601.45	240530.25	243856.13	246051.52	248237.91	249941.06	251698.95	253465.78	255445.11	258574.29	262063.72	266646.61	270813.57	274812.5	278062.87	280303.98	282562.61	284652.95	286852.06	288977.77	291427.96	294553.3	298343.11	302340.46	306823.75	310374.85	313565.01	315789.19	317561.68	318072.8	319065.82	320918.15	324480.32	328235.5	332021.7	335081.85	337883.22	340842.72	343858.23	347020.21	349752.59	353215.28	355944.71	358765.72	360656.11	362018.63	362554.11	363011.37	364250.06	365893.86	367249.88	368459.55	369891.32	371757.48	374180.81	376381.48	378716.79	380851.56	383070.16	384092.09	384390.76	384931.88	386321.07	387178.61	387074.31	388030.74	391972.44	399000.29	407205.43	415807.62	423947.18	431194.35	438213.31	445232.07	453279.08	461517.49	469593.56	476086.62	479845.36	482543.52	484889.17	489430.68	494890.29	504271.19	515377.88	529026.71	542105.57	552802.4	559579.28	559130.45	554142.63	545627.65	538659.64	532568.39	527852.67	524009.29	520943.28	518789.09	517930.86	518509.09	520938.65	523147.15	525447.27	526855.56	527894.1	528232.32	528182.15	528139.05	528996.47	530337.76	532105.85	533265.27	533218.52	532977.17	533190.59	534554.37	536130.56	537250.74	538298.14	539045.09	539460.59	538188.05	535625.61	532398.49	529798.7	527985.53	526914.17	526734.81	527477.21	528664.84	529288.22	529184.59	527942.43	526042.44	523236.7	520452.66	518255.13	517021.23	516651.42
27577	1717500.0																							125653.04	125718.15	125969.79	125991.3	125607.85	124888.9	124605.78	124823.75	125483.91	126134.27	126680.63	127146.76	127434.14	127753.05	127919.51	128070.83	128433.72	128885.68	129646.27	130291.46	131140.42	131794.84	132451.49	133042.06	133550.86	134093.97	134207.54	134296.63	134242.32	134492.11	135066.24	135759.66	136293.23	136589.93	137020.65	137716.38	138552.22	139215.12	139412.38	138512.42	136948.78		132866.8	130764.79	129368.1	129290.18	129908.34	130734.41	131217.1	131975.4	132867.33	133780.22	134510.6	135071.01	135699.32	136659.19	137740.33	138314.82	138677.09	139030.19	139455.48	139621.26	139807.26	140277.24	141040.39	141877.11	142871.05	143551.16	143754.56	143620.44	143506.24	143386.31	143255.44	143111.81	143271.81	143693.43	144125.81	144479.06	144673.18	144926.42	144774.6	144268.94	143376.51	142819.16	142339.88	141752.66	140070.91	138291.53	136694.92	136179.64	136214.85	136166.62	135838.75	135302.54	134916.45	134779.35	134499.17	134040.43	134372.07	134772.01	135716.21	136005.95	136470.62	136972.76	137194.41	136832.98	136273.65	135559.5	134778.82	133577.3	132152.5	131199.09	130112.65	128979.31	127469.94	126394.87	125793.84	125386.79	124788.46	124053.43	123340.8	123040.26	122952.77	123562.34	124602.17	125870.46	127005.08	127844.54	128551.19	128668.08	128737.79	128452.3	128434.55	128076.58	127690.28	127174.52	127095.66	127492.41	128419.48	129315.72	130183.27	130661.82	130899.68	130784.51	130453.02	130170.18	130061.3	130307.58	130363.1	130617.66	130986.11	131575.85	132277.37	132654.23	132768.66	132183.67	131727.43	131650.44	132107.35	132814.03	133434.97	134173.68	134801.4	135378.09	135941.22	136409.32	136966.07	137249.15	137492.43	138015.98	139033.08	140346.68	141282.42	141884.27	142107.86	142496.15	143029.03	143574.66	144174.36	144829.55	145701.17	146686.96	147789.69	148849.44	149800.93	150798.89	151791.95	152772.07	153599.38	154578.71	155480.51	156484.23	157594.42	158780.32	159974.15	160848.44	161841.6	162567.7	163464.94	164230.97	165242.19	166167.77	167206.64	168070.16	168784.05	169317.18	169904.16	170560.08	171399.47	172259.96	173144.58	173984.14	174795.53	176183.56	177589.52	179234.0	180573.48	181803.51	183004.6	184250.13	185609.7	186875.14	187752.1	188487.5	189456.69	191202.5	194058.66	197569.59	201390.23	204912.46	208346.7	212127.03	216017.67	219932.5	224114.07	228886.06	233422.95	236843.07	239224.72	241445.19	244322.05	247669.6	252864.54	259181.7	266671.22	273885.97	280151.08	285645.33	288987.02	290447.13	290050.93	289445.25	288721.64	287619.88	285887.04	284678.36	284589.15	285800.65	287355.1	289025.3	290269.82	291356.11	292306.37	293099.67	293859.42	294162.48	294704.52	295774.56	297461.15	298785.81	299307.9	298794.34	298180.6	297560.34	297428.59	297225.81	296932.25	296977.64	297073.68	296965.83	296120.11	295136.47	294441.67	293426.75	292326.35	291052.75	290385.61	290014.93	290024.14	290276.26	290915.15	291889.86	292801.69	293199.83	292892.23	291914.12	290847.7	289706.11
46074	1711782.17																																										228860.88	229252.37	229314.09	229351.66	229233.58	229596.51	230026.48	231191.58	231973.5	233150.87	233812.44	235528.75	237478.96	239304.98	240159.53	240908.63	241089.14	240819.56	240083.66	239888.69	239913.95	239543.78	239247.16	239857.79	241421.65	242957.83	243682.19	243519.01	243272.29	242972.2	242821.26	243000.56	243298.0	243483.25	243506.8	244071.0	245626.21	246932.06	247833.59	247887.2	247794.7	247647.41	248048.02	249121.74	250145.27	250654.51	250736.71	250934.82	251038.33	251167.68	251051.87	250954.8	250409.22	249851.21	249537.34	249863.42	250127.49	249654.59	248667.44	248288.84	248837.76	249292.28	248493.54	247359.61	245822.97	244676.08	243350.74	243021.2	243312.36	243815.13	243592.02	243220.21	243094.23	243126.27	243122.17	242928.01	242845.61	242551.12	242521.91	242479.49	242769.86	243235.57	244200.29	245080.14	245966.98	246288.68	246191.7	245427.8	244477.21	243572.52	242531.09	241377.84	239809.17	238319.82	237332.53	236925.88	237170.15	237384.16	237862.07	238079.54	238405.96	238685.49	239024.91	239257.13	239659.07	240312.8	241416.38	242608.17	244020.34	244859.23	245860.6	246392.52	247207.5	247646.44	248165.15	248779.52	249582.32	250432.51	251358.29	252670.57	254749.17	256916.23	259048.48	261088.74	263258.96	265273.3	266631.99	267497.66	267972.19	268539.4	269389.42	270693.71	271999.98	273123.92	273952.53	274943.4	275863.04	276635.9	276894.69	277166.74	277424.74	278161.01	279282.98	280760.24	282204.12	283292.7	284471.97	285657.64	286879.09	287811.85	288620.65	289400.1	290054.18	290358.09	291014.11	291870.36	293000.08	294033.12	294894.37	295565.35	296274.28	297203.19	298469.76	299407.57	300453.2	301349.33	302749.55	304000.75	305128.98	305787.22	306197.66	306668.11	307199.99	307831.78	308603.1	309749.53	311192.89	313030.16	314759.24	316582.62	318011.39	319348.57	320261.88	320862.33	321316.3	321987.31	322851.54	324058.57	325419.92	326760.29	327819.23	328400.91	329032.9	329435.43	329980.95	330485.01	331306.62	332447.79	333917.07	335965.55	338203.53	340585.48	342701.98	344233.94	345417.08	346333.38	347958.81	350708.13	354340.44	358666.88	362871.64	367141.78	371549.31	376801.04	382641.58	389962.45	397471.55	404523.4	409854.53	413922.81	418762.82	424470.85	431178.67	438102.84	445663.35	454278.43	463566.67	472011.22	478728.25	481801.59	482016.68	479834.05	477906.32	476630.07	476578.26	476216.73	476059.6	476080.08	477601.58	480214.96	483245.35	485728.0	487208.7	487683.17	487497.79	486571.45	485392.61	484436.34	484411.38	485746.86	487559.7	489133.51	489760.25	489974.36	490867.78	492131.69	493918.8	495350.16	496944.33	498525.87	500003.44	500864.63	501106.58	500557.8	500364.04	501090.59	502674.85	505022.53	507320.29	509676.64	511542.62	513005.54	514124.29	514445.28	514118.22	513856.07	514607.04	516662.93	519144.25
83605	1706227.34																																																																			99201.6	99826.65	100237.48	101231.86	102114.29	102013.01	101620.71	101246.62	101976.19	103069.37	104318.6	106199.9	108467.58	110839.9	112909.99	114864.85	116834.41	118909.46	120820.99	122524.38	123820.08	125010.98	126145.73	127096.53	127663.88	128294.25	128880.92	129630.61	130009.28	130452.38	130825.16	131348.65	131501.97	131078.47	129903.83	128350.97	126601.68	124577.42	122330.08	120086.16	118052.95	116395.74	114911.97	113450.32	111697.66	109463.94	107129.6	105458.26	103649.28	101845.77	99628.31	98080.8	96495.32	94953.44	93407.13	91966.37	91193.93	91023.63	91243.39	90381.15	88733.55	87034.58	85351.44	83259.14	81088.53	79313.49	77954.37	76388.83	74744.48	72938.76	71237.03	70046.45	69868.05	70012.85	69850.78	69518.59	69301.45	69623.68	70075.25	70558.39	70791.59	71044.55	71762.16	72686.36	73874.82	75280.34	77176.76	79020.73	80808.88	82320.85	83845.64	85042.38	86444.56	88197.22	90773.26	93515.53	95971.66	98149.81	100306.78	102612.48	104649.41	106308.59	107426.71	108214.01	108870.82	109743.42	110833.63	111728.3	112514.91	113070.58	113759.32	114163.69	114783.55	115392.5	116284.39	117134.83	118185.76	119263.18	120518.69	121647.93	122857.62	123896.2	125120.55	126410.7	127806.55	129159.59	130755.07	132362.16	133949.79	135560.88	137374.08	139132.39	140456.8	141508.49	142834.16	144296.5	145818.42	147172.12	148679.78	150439.24	152284.95	154128.03	155678.27	157136.05	158515.26	159762.4	161232.49	162866.88	164832.36	166550.74	168412.82	170617.06	173475.38	176116.67	178699.05	181022.19	183476.98	185758.35	188384.74	191222.38	194341.84	197256.21	200162.64	202981.63	205735.16	208402.44	210865.79	213314.95	215437.71	217544.69	219413.46	221601.76	224011.5	226835.91	229754.66	233002.17	236500.74	240075.31	242940.82	245333.98	247880.29	251127.84	255560.07	261150.55	268450.53	277107.6	286857.46	297955.91	310861.81	324768.16	338650.46	351153.64	361434.45	369111.71	373730.15	376460.56	378201.93	380232.22	383708.99	388545.65	394578.73	400694.32	405800.77	409108.78	409028.77	405123.9	397816.06	389430.36	381138.36	373357.03	366768.31	361757.62	358194.08	355748.22	354269.83	354580.55	355956.85	358257.78	360238.43	363064.35	364975.93	366426.28	366609.04	367656.11	369588.7	371594.53	372813.75	372916.6	373178.32	373489.1	373821.17	373691.81	373982.12	375060.51	376238.1	376716.21	375894.81	374275.08	372367.84	370494.42	369037.01	367945.17	367927.46	368492.28	369888.82	371631.71	373691.33	374860.63	374876.53	373951.7	373036.66	372515.24	372580.35	373233.42
55301	1701553.0	150189.72	150783.57	151467.41	152970.37	154565.3	156207.19	157702.63	159272.17	160755.54	162039.58	163212.11	164459.81	165990.43	167352.25	168635.57	169742.42	171118.69	172522.36	174109.46	175866.7	177490.08	179074.24	180434.43	182016.87	183318.14	184415.99	185290.35	186351.39	187517.36	188635.33	189759.82	190830.66	192118.32	193323.88	194452.62	195527.0	196810.4	198138.0	199306.34	200448.53	201559.15	202694.68	203630.74	205019.77	206557.08	208333.85	209875.96	211562.86	212840.16	213872.53	214603.41	215710.42	216980.07	218495.12	219992.05	221772.83	223485.14	225153.43	226424.52	227786.04	229160.98	230824.83	232466.34	234127.78	235798.72	237299.68	238547.18	239651.49	240801.4	241894.65	242869.05	243570.45	244214.51	244921.4	245280.91	245451.13	245511.23	245747.22	246153.59	246662.59	247072.44	247183.52	246642.77	246292.48	246315.53	246416.01	246118.04	244985.55	243870.29	242828.28	241972.01	241051.22	239551.17	238244.82	236099.65	233102.09	229627.7		219942.47	217145.2	216577.14	214738.72	211403.37	207717.6	203485.06	199512.09	195530.63	192270.0	188749.52	186315.74	182761.27	179225.53	175433.47	172693.88	171084.15	170484.19	170217.37	169804.69	169561.36	170027.52	170943.36	172022.64	173784.96	175993.05	178193.57	180075.65	180157.24	179116.58	177669.25	176523.87	175028.54	171726.07	168526.97	165577.89	162150.76	160495.46	159244.74	159973.16	158462.14	157192.2	154687.59	153628.17	152326.39	153152.54	153108.15	153489.43	152919.59	153166.85	153733.12	154978.47	157032.29	159580.21	162810.32	166024.78	169044.51	170973.3	172797.07	174486.26	176326.98	177661.25	179108.24	180516.94	182167.6	183529.99	185144.76	186786.42	188716.1	190533.12	192355.86	194066.86	195609.6	196624.26	197370.06	197945.05	198843.62	199712.5	201040.14	202325.28	203909.93	204946.8	206376.56	207702.75	209205.54	209948.81	210409.08	210537.14	211262.89	212064.64	213780.55	215062.36	216779.94	218129.69	220238.28	222212.75	223918.66	224839.22	225500.65	226151.69	227333.5	228658.45	230610.99	232604.55	234977.09	237090.91	239491.93	241901.37	244540.34	246632.8	248151.94	249092.38	250062.85	251076.13	252583.81	253898.66	255471.24	256734.69	258419.07	260168.01	262427.31	263825.6	264790.97	264788.4	265579.76	266439.43	267787.17	268888.01	270309.17	271737.59	273638.49	275825.63	278318.77	279937.23	280362.79	280041.71	280323.59	280994.08	282046.53	282679.34	283716.24	284555.95	286040.76	287817.98	289994.57	291660.24	292556.89	293004.54	293463.99	294557.38	296845.4	300098.4	304085.3	308416.11	313081.7	318039.6	323022.46	327831.8	332643.3	337152.79	341538.58	345277.61	348620.78	351277.58	353733.66	356195.96	359521.56	363745.16	368903.38	374286.25	378892.82	381708.85	381918.6	379603.97	376068.92	373183.55	371206.86	369526.25	367611.55	366080.09	365759.77	366479.7	368253.11	369890.94	370990.08	371524.44	372093.83	372475.04	372432.34	372048.59	372060.11	373076.57	374855.42	376928.0	378443.3	378976.41	378698.08	378053.16	377658.95	377937.18	378820.72	380202.54	381553.56	382406.05	382474.33	382357.22	382217.55	382571.88	382818.65	383374.4	383795.33	383996.21	383460.62	383181.17	383014.99	383596.94	383026.06	382477.31	381620.55	381556.85	381585.23	381779.8
30241	1690831.0	75805.13	76058.49	76266.06	76725.9	77239.27	77726.52	78201.93	78599.87	79077.57	79580.35	80189.88	80737.16	81313.52	81600.86	81959.55	82422.78	83049.67	83629.79	84091.48	84533.2	84989.83	85387.52	85700.71	85941.06	86145.83	86420.84	86741.65	87093.22	87507.68	87825.85	88118.46	88381.98	88744.36	89133.9	89456.41	89776.25	90072.42	90456.76	90832.05	91164.06	91427.72	91519.86	91581.43	91677.51	91986.7	92385.1	92817.8	93257.61	93721.46		97103.34	99077.95	100058.08	100693.14	101121.93	101466.19	101908.38	101425.86	100614.28	99425.45	99167.23	99127.8	99265.4	99436.96	99634.37	99950.26	100303.96	100634.65	100987.84	101426.96	101714.01	101995.23	102073.1	102352.7	102766.9	103559.79	104251.63	104499.82	104464.48	104607.57	104904.48	105513.76	105737.49	106175.42	106415.67	106832.98	106957.76	106644.56	106491.61	106583.76	106820.93	107069.96	107202.01	107464.92	107692.52	107980.63	108281.68	108289.01	108071.05	107491.21	107380.74	107304.2	107137.02	106604.74	106100.04	104739.01	103070.08	101314.03	101502.11	102113.45	102768.51	102353.83	101608.62	100750.71	99951.24	99130.59	98285.03	97432.97	96145.63	94692.5	94097.07	94332.96	95004.57	95029.53	94780.38	94467.1	94152.34	93822.65	93323.27	92829.22	92421.18	91748.85	90705.14	89417.6	88333.67	87384.75	86571.46	85913.86	85481.03	85131.24	84796.88	84494.37	84395.3	84377.65	84040.5	83612.06	83418.29	83897.73	84968.18	86282.48	87647.2	88493.62	88984.26	88992.26	89013.95	89122.01	89362.9	89762.25	90642.71	91861.83	93203.28	94410.13	95292.4	96036.91	96402.66	96920.14	97095.64	97426.78	97913.4	98804.73	99433.49	99944.58	100253.16	100398.26	100358.85	100191.71	100144.68	99918.63	100026.13	100292.81	100448.32	100421.45	100442.4	100978.19	101434.1	101672.45	101832.78	102352.09	103398.09	104264.49	104836.11	104938.2	104828.9	104625.67	104346.29	104719.0	105315.12	106115.72	106540.1	106935.68	107514.36	108328.63	109234.03	109554.3	109278.93	108793.97	108644.08	108575.34	108323.06	108234.57	108682.83	109621.78	110780.22	111946.17	113298.16	114971.65	116521.48	117754.28	118275.3	118983.32	119831.15	120776.36	121852.44	122822.4	123917.69	124840.87	125958.57	127283.96	128497.19	129279.33	129964.18	130128.19	130173.43	129796.28	129560.67	129393.9	128897.67	128711.76	128891.66	129603.72	130336.3	131229.43	132166.74	132991.99	133158.69	132926.26	133086.15	134264.15	136666.27	139501.11	142439.29	145331.75	148237.68	151001.01	153333.31	155204.35	156840.25	158644.59	159573.68	160139.52	160358.2	161662.54	163486.0	165686.12	169379.59	174314.61	179414.78	183236.96	185510.86	187896.81	190118.94	191739.18	192489.03	192642.17	192859.07	192827.03	192553.04	192705.03	193678.66	195597.5	197874.4	199654.14	201287.34	202863.48	204867.85	206909.51	208725.23	209921.84	210498.34	211553.18	213403.12	215687.57	217599.36	219019.0	219890.52	220503.94	220862.31	221304.27	221508.25	222391.22	223697.08	225126.75	225295.92	224175.99	223051.81	222240.8	222303.02	222442.54	222959.48	223231.77	223306.34	223314.02	223954.24	224539.65	224970.42	225104.76	225386.54	225732.78	225956.09	226339.67
74881	1651049.9	61153.1	61144.57	61171.46	61092.85	61022.49	61016.54	61080.9	61237.33	61487.91	61972.87	62522.41	63028.13	63408.92	63683.79	63864.84	63978.16	64153.31	64547.57	64992.42	65453.0	65723.8	66114.67	66319.5	66486.27	66465.36	66673.82	66858.01	67108.04	67369.23	67628.6	67912.73	68169.49	68390.43	68710.03	68909.54	69268.51	69634.68	70007.49	70332.24	70469.4	70713.07	70777.43	70853.42	70740.45	70767.57	70834.17	71073.73	71279.6	71669.68	71969.9	72261.52	72533.54	72849.09	73275.95	73644.36	74062.92	74528.81	74951.58	75277.82	75643.53	76166.99	76736.76	77237.54	77598.93	77962.81	78258.14	78525.77	78833.54	79048.4	79298.45	79536.19	79915.7	80333.71	80802.15	81347.19	81800.7	82247.02	82479.63	82588.75	82726.29	83041.12	83554.91	84121.83	84747.95	85270.76	85576.62	85833.18	86022.72	86327.56	86700.61	87188.88	87549.85	87819.9	88132.39	88562.15	88878.44	89115.61	89331.46					83201.89	83501.56	83730.17	83852.45	84315.52	84858.68	85099.95	84167.99	83010.63	82146.41	82046.35	81897.92	81755.51	81737.42	81768.41	81886.02	82098.09	82449.67	82548.03	81701.31	80696.95	79559.16	79426.53	79424.83	79679.37	79823.14	79998.31	80062.72	78993.7	77537.84	75972.08	75436.29	75408.81	76298.27	77422.09	78289.52	78470.92	78583.42	78893.75	78631.98	78046.15	77271.44	77190.9	77681.58	78312.24	78531.07	78430.55	78233.31	78250.9	78368.51	78504.56	78813.56	79491.6	79998.96	80379.12	80338.74	80707.11	81173.07	81518.75	81636.78	81444.29	81604.13	81891.92	82520.33	83001.88	83235.87	83385.35	83772.25	84492.34	85575.23	86180.0	86800.22	87676.72	88816.17	89526.34	89438.13	89303.91	89549.16	90059.89	90876.45	91883.35	92981.65	93700.58	94360.37	94998.59	95400.08	96053.77	96786.87	97488.7	97607.23	97980.83	98921.09	100157.98	100880.97	101270.55	101591.63	101814.95	102204.24	102653.17	104051.2	104554.28	103948.04	102288.61	101133.68	100829.11	100852.46	101215.8	101686.92	102176.98	102652.97	103374.47	104086.27	104774.01	105688.78	106390.94	106619.59	106887.48	107544.79	108260.92	107726.68	107080.91	106400.33	106534.18	106444.27	107584.7	108942.64	109777.06	109648.4	108959.28	108587.79	108960.61	110436.32	112546.29	114184.03	114711.49	115228.49	116010.81	117621.72	120259.22	123063.49	125247.43	125826.96	124703.03	123184.68	122275.01	122620.5	124051.81	125693.18	128556.31	131803.63	135505.21	139131.57	143016.16	146934.63	150648.75	153843.3	155675.2	156719.85	157069.1	158415.44	160507.06	163053.1	167152.17	171349.06	175592.67	177685.74	179633.57	181465.59	182883.89	181703.9	179211.15	176938.55	175688.41	174526.5	173760.17	173755.95	175433.32	177248.4	178885.68	179473.26	179106.51	178069.2	176729.16	175719.15	174864.98	174035.95	173392.54	173895.25	175581.7	177506.75	178503.1	178815.72	179291.97	180633.54	181548.03	182000.42	181897.59	182513.42	183621.09	184979.17	185424.04	184549.46	183102.91	182221.96	182858.55	183950.29	185172.64	185745.45	185786.01	185752.78	186630.25	188755.99	191405.01	193018.31	193433.06	193243.94	192801.97	192693.76
32439	1646742.0	118375.79	119606.49	122041.63	125441.04	127485.48	127404.85	125250.43	122849.42	120636.56	118088.48	115652.78	113302.55	113182.64	113648.6	113951.03	112025.66	110033.04	108133.86	109274.87	110575.35	112367.54	113320.22	116863.34	120596.92	124563.05	125503.66	125302.1	125601.0	126701.3	128275.4	128351.32	127886.5	127310.89	127578.63	128508.89	130073.95	131883.48	133705.36	134902.2	136332.92	138018.14	140548.43	142704.82	144901.87	145969.66	147587.15	149052.88	151360.23	152318.66	153589.21	155475.5	156421.63	157691.2	159045.22	163333.54	167738.61	172995.21	177899.95	181836.95	185661.39	190805.27	195874.55	200555.89	205187.13	210998.98	215587.67	219315.56	223449.99	229199.72	235800.43	241356.65	246009.17	247783.18	248888.01	252349.38	259486.38	268475.8	274624.23	276816.92	274353.1	270087.72	264868.39	260891.83	256799.72	253741.79	252515.96	251953.78	251316.83	248278.31	243576.71	239079.66	236350.71	233766.48	230914.18	227193.45	225108.34	222894.56	220492.47	216532.77	211785.45	210432.22	211508.42	212395.35	209691.02	205819.08	202048.85	198622.18	195916.19	193801.02	192675.01	190944.56	188963.3	185684.43	182202.02	179079.36	176730.4	174950.48	173740.76	172545.62	173742.3	176042.1	179865.89	181083.06	180887.08	178472.53	177208.6	176546.85	176314.62	175059.94	174322.75	174363.36	174082.85	171760.16	168427.8	165306.26	163722.91	162441.1	160326.45	157702.07	155644.06	155439.79	155102.73	155088.94	153818.58	153146.33	153290.11	154724.4	157000.75	158176.63	159388.34	159953.48	160872.96	161484.76	161992.34	163001.41	164042.71	165106.69	166086.63	167691.92	169573.51	171321.56	173174.87	175252.44	177489.09	179638.22	182015.68	184036.57	185261.41	186007.68	186875.21	188016.82	188897.81	189539.35	190082.8	190913.45	191893.73	192679.06	192805.44	192763.32	192406.33	192720.36	193007.02	193838.17	194472.17	195434.78	196364.98	197452.04	199049.59	200887.77	202116.35	202329.84	201812.48	202094.58	202630.43	203710.89	204832.84	205933.71	206918.01	207623.93	208952.72	210505.4	211961.5	212616.7	212571.34	212836.67	213667.86	215292.35	216957.35	218063.32	218667.99	219176.23	220583.76	222425.71	224293.53	226131.1	228002.03	230244.0	231638.8	232965.98	233786.43	235216.42	236461.52	237875.9	239244.24	240544.6	241943.01	243224.73	244728.99	246221.7	247392.71	248410.42	249003.8	249750.13	250878.35	252216.0	254372.04	256635.74	259725.47	262647.11	265420.52	268251.32	270573.32	272041.06	272306.06	272032.79	272585.95	273825.48	276213.24	279465.04	283626.06	288752.12	294227.7	300071.44	305523.33	310740.97	315862.27	322612.16	331321.83	340613.51	348764.0	355142.53	361189.71	367631.94	373693.37	380093.52	386638.97	394316.01	402968.41	411910.79	419738.18	423628.57	423759.44	421565.95	419091.44	416917.3	415375.03	414127.62	413538.93	412816.44	412444.17	411624.25	411643.82	411609.51	412016.12	412117.16	412244.5	412132.53	411666.58	411335.74	411468.95	412284.63	413176.31	413091.39	412175.75	410382.7	409055.05	408539.86	408617.37	408513.6	407819.49	407576.43	407458.25	407429.64	406964.26	406259.34	404547.2	402585.89	400333.33	398658.87	396937.49	395806.82	394812.49	394217.03	394287.6	394844.14	395436.92	395120.47	393822.67	392259.38	390908.71
36551	1634589.93	93121.78	92613.7	92633.13	92532.98	92722.71	92883.91	93217.2	93820.71	94688.57	95375.69	96145.78	96748.17	97420.42	97773.19	98147.65	98621.96	99302.95	100902.77	102430.54	103730.62	103659.63	103490.53	103691.29	104126.93	104619.43	104974.8	105625.21	106136.12	106074.66	105317.66	104693.1	104861.86	105694.95	106230.81	106392.01	106480.22	106217.63	105625.91	104498.46	103915.89	103812.16	104192.79	104975.28	105203.06	105229.36	105294.96	105676.14	105937.81	105804.45	106127.76	106977.21	108041.67	108676.54	108866.66	109291.13	110161.23	111625.86	112934.6	114142.94	115350.15	116312.08	117065.05	117278.86	117970.57	118925.83	120624.07	122368.35	124317.93	126405.62	128457.68	130459.59	132241.0	133760.61	135129.85	136715.47	138628.69	140769.68	142579.54	144137.6	145495.62	146751.84	148628.9	150561.32	152316.5	153258.0	154152.41	155154.43	156077.08	156506.03	156564.92	156371.38	156460.98	156615.48	156891.33	157093.39	157288.08	157487.95	157623.94	157758.98	157105.36	155772.28	154238.54	153195.91	152495.97	151725.99	150938.17	150384.72	149770.13	149487.77	148994.15	148473.54	147792.43	147172.49	146544.47	145872.79	145114.0	144368.39	143356.23	142336.76	141338.91	140673.68	140196.05	139996.77	138735.64	136745.92	134256.46	132223.39	130389.5	128781.9	127576.27	126482.04	125321.09	124341.2	123591.51	122789.44	121949.67	121402.11	121155.96	120368.49	118703.37	116838.69	115672.59	115268.55	114944.85	114902.9	115119.33	115542.11	116318.44	117616.9	119215.06	120719.07	121967.41	123313.01	124182.33	124606.36	124795.19	124875.94	124984.75	125275.85	126217.22	127557.41	128816.59	129892.98	130937.44	131555.04	131344.63	130655.4	130184.3	130088.48	130184.79	130340.84	130893.37	131836.7	132694.37	133765.24	134568.15	135450.22	135613.66	135531.45	135732.87	136198.48	136875.92	137424.03	138299.85	139585.62	140937.69	142450.98	144011.64	145340.16	146078.04	146274.63	146710.44	147353.92	147954.25	148073.62	148398.3	149147.77	149982.45	150553.42	150747.57	151162.32	151708.47	152516.26	153507.17	154229.7	154854.88	155600.42	156565.28	157288.43	157551.21	158140.47	159005.26	160189.47	161450.6	162565.92	163455.01	163851.76	164360.01	165489.46	166876.4	168039.8	168599.76	169274.97	169811.9	170143.79	170040.51	170331.89	171155.38	172402.34	173611.1	174333.43	174398.07	174271.55	174398.03	174961.55	176276.06	177636.27	179179.63	180374.61	181591.73	182610.39	183312.84	184433.81	185502.26	186662.97	187679.06	189134.62	191063.07	193711.46	196959.29	200628.09	204061.4	206872.73	209423.85	211711.76	214528.54	217972.14	222248.66	226779.66	230571.15	233404.8	235921.04	238976.06	242292.44	245961.37	249532.6	253240.99	257171.38	260664.28	264262.64	266540.5	268477.74	269266.54	269821.57	269924.69	269729.69	269401.34	269218.81	269952.71	271686.99	274043.09	276384.78	277788.79	278476.54	278407.66	278503.89	278992.21	279754.34	280652.56	281426.08	282315.64	283174.86	284234.52	285148.91	285768.22	286064.4	286183.06	285846.99	285165.32	284918.33	285202.15	285686.41	285395.36	285075.0	284882.38	284932.09	284694.79	284273.52	284435.57	284357.07	284134.96	283263.4	282660.2	282565.75	282629.0	282803.42	282719.12	282750.15	283086.31	283588.78
19904	1619727.53																																																																																																																			195978.58	193966.41	192280.81	189004.69	186421.33	184436.18	183476.13	183073.19	183045.63	183110.94	183389.7	183848.31	184195.37	183768.7	182636.09	180744.03	179217.7	177827.31	176557.91	175292.61	174417.92	173858.32	173517.76	173160.56	173286.04	172873.24	171848.14	170162.32	169180.15	168730.47	167951.35	166932.79	166270.52	166170.2	166598.51	167038.55	167814.74	167943.48	167611.68	167030.15	167317.25	167623.6	167847.29	167313.7	167128.19	167487.88	168677.88	170171.77	171596.82	172443.37	173312.82	174482.96	175820.78	176511.83	176430.53	175924.91	175832.65	176158.13	177300.19	178451.55	179740.21	180291.39	180255.56	179602.07	179402.42	179375.48	179823.35	180183.35	181222.72	182404.97	183995.55	185386.9	186608.03	187475.97	188124.36	188702.97	188727.57	188558.7	188250.83	188217.95	188285.07	188705.98	189587.57	190752.93	191900.35	192614.49	193276.31	194015.36	194561.41	194990.84	195335.13	195672.99	195725.35	195550.33	195329.8	195279.91	195082.5	195348.29	195888.19	196751.85	197296.0	197805.56	198496.83	199527.28	200852.33	202071.55	203236.35	204062.46	204631.57	205049.82	205576.49	205879.09	205879.32	206129.33	207446.21	209658.06	211858.02	213590.39	214800.29	215722.66	216479.73	217396.3	217910.15	218316.8	218964.75	220239.0	221751.28	223163.44	224615.43	226030.76	226758.07	227267.09	228143.99	230077.17	232734.78	235875.16	239450.98	243630.44	247437.17	250796.46	253550.21	256881.21	260704.15	265101.31	268617.76	270745.21	271377.82	272237.15	274204.45	276957.72	281121.48	286025.69	291589.35	296280.06	300159.3	303155.55	305150.61	306138.63	306133.67	305554.15	305102.76	305452.6	306402.32	307839.66	309279.47	310847.97	312505.09	314765.51	317125.94	319281.78	321276.54	323059.96	325315.17	327061.57	328434.05	328914.3	329789.73	330855.67	331990.22	332594.92	333040.46	333456.79	334021.14	335247.7	337296.79	339733.96	341517.24	342320.22	342043.03	341427.09	340810.91	340504.5	341165.69	341962.87	342884.29	343358.84	344029.54	344605.15	345029.07	345310.38	345696.81	346013.89	346398.93	346962.84	347945.63	349272.39
35044	1595833.73												70445.89	70207.7	70112.54	70108.17	70295.19	70762.34	71144.07	71564.16	71722.7	72027.88	72358.49	72693.82	72860.09	72739.11	72672.76	72797.11	73261.04	73937.98	74711.85	75374.38	75749.51	75879.72	76004.2	76269.7	76571.89	76758.74	76975.72	77267.58	77694.74	78176.69	78587.92	78889.79	79018.1	79062.91	79206.39	79366.2	79523.49	79532.93	79554.33	79622.5	79926.92	80489.0	81226.53	82087.36	82665.94	83177.34	83605.7	84125.78	84543.44	84776.91	85190.59	85801.59	86595.21	87379.29	88182.71	89047.1	89728.69	90359.83	90998.15	91753.77	92413.54	92964.03	93528.78	94220.0	94995.18	95667.21	96111.18	96626.02	97061.78	97625.9	97987.57	98291.13	98413.25	98434.2	98645.85	99052.73	99601.5	99858.99	99857.49	99719.59	99711.22	99821.66	100013.57	100271.59	100451.84	100653.66	100767.27	101011.66	101141.44	101246.72	101219.76	101154.34	101020.22	100934.24	100757.75	100753.56	100574.78	100305.88	99608.23	98893.19	98263.68	97777.99	97209.6	96604.94	96083.32	95675.65	95378.41	95033.68	94471.93	93902.86	93495.34	93380.83	93136.91	92961.37	92871.83	93024.33	92987.13	92747.35	92398.59	91720.78	90963.43	90150.28	89513.98	88961.97	88565.65	88463.31	88601.45	88774.54	88862.06	88769.34	88598.98	88466.48	88548.94	88646.98	89025.51	89510.1	89961.95	90302.6	90285.02	90098.6	89450.21	88975.22	88681.99	88867.14	89379.41	89756.77	89795.14	89807.63	89976.37	90114.39	89801.25	88925.15	88063.22	87115.63	86656.93	86272.94	86345.38	86805.53	87521.91	87855.76	87752.46	87709.24	88021.82	88482.37	89036.41	89296.41	89277.68	89114.71	88888.86	88461.98	87773.06	87043.87	86764.05	86928.58	86993.59	87078.92	86632.66	86570.83	87073.42	87863.5	88573.55	88721.58	89042.46	89280.71	89996.97	90759.61	91662.52	92254.75	92889.87	93759.75	94885.63	95916.43	96688.41	96980.55	96839.54	96446.22	96004.42	95561.78	95247.94	95484.85	96009.5	96673.57	96873.65	97080.91	97300.38	98373.68	99759.21	101495.23	102315.65	102665.49	102550.04	102827.68	103179.11	103522.03	103193.16	102785.51	102516.57	103065.94	103935.98	104863.03	105792.47	106505.61	107669.84	108617.58	109719.62	110254.34	110924.67	111942.79	113185.24	113796.21	114111.04	114634.32	115962.38	117628.42	119162.8	120595.61	121978.88	123666.22	125784.66	127961.55	130124.82	132263.69	134528.24	136744.27	138691.11	141033.93	143479.97	145396.2	146531.42	146906.89	147863.32	149259.85	150830.06	153053.57	155052.77	157658.86	159638.06	161350.87	162592.74	162681.38	161829.33	160021.83	158350.29	157234.56	156789.2	156594.65	156641.48	157088.23	158118.0	159133.21	159707.91	160285.06	160593.33	161057.31	160978.78	161510.88	162435.36	163403.55	164390.96	165608.09	166828.78	167458.89	167595.73	167849.56	168010.18	167214.0	166341.49	166160.25	167544.09	169675.77	171753.97	172754.25	172412.04	171192.03	169521.57	168909.62	168637.17	168788.94	167817.95	167256.19	167562.86	168534.5	169078.79	169216.84	169340.32	169340.69	168833.31	168016.89	167711.63
37421	1594941.0	150190.87	150473.98	150666.41	151114.99	151538.04	151963.48	152303.61	152560.78	152746.73	153016.05	153251.15	153513.36	153693.03	153812.56	154211.35	154636.6	155231.42	155659.51	156179.52	156861.21	157674.15	158495.98	159272.86	159968.1	160613.44	161269.77	161817.22	162452.01	163041.48	163674.71	164247.55	164774.73	165404.76	165976.69	166359.71	166676.77	167110.25	167684.61	168010.69	168178.1	168378.62	168911.07	169460.67	170094.82	170621.42	171341.09	171813.15	172256.64	172525.21	173015.91	173666.64	174390.66	175004.43	175475.39	176127.92	176915.34	177776.76	178655.92	179281.6	180010.08	180480.85	181210.33	181945.63	182810.17	183619.32	184448.71	185358.4	186398.95	187490.92	188438.26	189252.88	189959.53	190629.35	191375.84	191948.05	192758.57	193725.26	194722.53	195491.98	196158.38	196831.91	197429.63	197804.11	198004.59	198108.92	198346.47	198707.06	198924.32	198941.93	199017.46	199411.65	199835.19	200187.91	200460.59	200567.92	200056.03	199601.93	199371.09	199777.33	199857.42	199500.83	198781.15	198098.98	197273.88	196412.69	195296.93	194528.24	193910.62	193409.79	192558.3	191270.38	190146.68	189235.0	188745.93	188361.82	188237.62	188346.34	188282.2	188117.87	187654.65	187361.71	187212.64	187645.08	188115.61	188669.46	188939.88	189178.62	189198.68	189079.37	188808.77	188508.84	188175.96	187850.29	187411.7	187124.5	186836.26	186533.14	186016.72	185326.04	184848.58	184334.33	183837.61	183003.31	182344.38	181610.7	180686.65	179514.65	178482.41	177516.61	176641.39	175999.17	175776.7	175751.27	175678.44	175616.86	175425.47	175263.73	175271.09	175751.24	176433.91	177265.81	177880.22	178485.58	178912.81	179410.17	179817.66	180129.08	180362.06	180737.81	181183.13	181596.42	181790.37	182153.34	182565.99	183039.07	183240.03	183129.67	182769.1	182592.4	182540.82	182816.36	183243.67	183844.78	184596.95	185511.82	186367.01	187168.06	187777.27	188480.06	189224.83	189896.63	190779.62	191828.31	193014.72	193912.56	194878.59	195941.38	197091.45	197830.18	198585.77	199399.16	200546.76	201559.64	202738.65	204007.98	205551.89	207179.21	208732.13	209984.84	210966.15	211573.04	211999.47	212596.39	213691.19	214933.99	216075.95	216704.65	217294.4	217896.41	218588.24	219184.4	219687.94	220727.06	221905.9	223051.25	223717.84	224307.72	225173.59	226405.57	227737.11	229251.49	230710.79	232256.1	233701.2	234879.57	236113.93	237255.81	238706.71	240319.05	241913.2	243346.63	244687.77	245939.23	247089.25	247590.91	247943.02	248665.67	250405.71	253198.96	256587.94	259999.99	262911.3	265461.89	268511.99	272181.62	276435.54	281210.23	287064.32	293462.25	298838.81	302501.52	305145.79	308642.06	313104.5	318499.1	324251.72	330173.39	336843.28	342954.77	348476.88	351623.55	352627.22	351789.15	350494.44	348952.86	347345.38	346236.67	346380.8	347861.84	349805.28	352039.4	354404.57	356537.51	358507.89	359856.9	360837.06	361350.45	361780.11	362513.28	363855.18	366126.43	368048.13	369515.55	369924.49	370015.16	369939.53	370195.82	370396.8	370669.91	370555.91	370926.49	370941.28	370859.77	370687.99	370931.32	370924.11	370352.5	369239.21	368375.9	367741.13	367458.14	367428.39	367800.78	368247.1	368467.01	368166.28	367545.04	366652.04	365562.7	364705.82
30605	1592703.0	131101.47	131437.57	131772.88	132578.39	133328.87	134048.73	134656.02	135404.18	136274.29	137215.73	138283.6	139390.01	140463.6	141160.51	141739.17	142334.52	143111.93	143897.99	144629.49	145352.89	146092.7	146868.77	147518.57	148058.58	148341.67	148588.56	148833.92	149293.56	149659.82	150012.52	150601.81	151630.32	152657.21	153473.58	154049.38	154633.94	154929.55	155136.24	155340.2	155796.44	156241.68	156476.37	156839.02	157103.21	157553.23	157900.19	158393.47	158956.64	159327.1	159671.61	159952.49	160538.91	161317.77	162154.08	162703.28	163079.83	163603.9	164214.11	164812.24	165252.19	165669.86	165936.43	166408.83	167032.26	167886.19	168533.1	168862.36	169168.95	169520.29	169671.65	171240.83	172589.87	174201.71	174259.53	174565.05	174084.45	173692.27	173492.36	174265.47	175072.59	175503.93	175691.2	175702.39	175759.76	175884.01	175957.86	175844.01	175931.61	176243.96	176636.01	176773.78	176826.86	176861.14	177173.83	177318.96	177574.44	177661.36	177983.77	178199.36	178246.55	178829.66	179400.1	179803.23	179394.45	178905.73	178642.63	178266.97	177847.32	177079.87	176331.77	175473.21	174854.31	174140.93	173536.44	172019.36	170207.71	168080.66	166615.15	165181.06	163830.49	162520.72	162302.65	161945.11	161893.85	161315.25	161519.52	161689.27	162025.6	161940.05	161726.05	161233.66	160588.79	159357.66	157884.61	156719.47	156089.25	155142.02	153743.79	152259.71	150998.21	149736.91	147849.57	145146.21	142760.98	140759.86	139133.34	136913.35	134899.41	133689.54	133166.0	133042.1	132966.28	133291.2	133775.96	134468.7	135005.57	135408.55	135989.59	136965.3	138337.91	139348.87	139759.59	139689.8	139842.15	140065.23	140435.1	140568.04	141097.29	141838.82	143027.28	144089.36	145034.94	145642.67	145834.81	145859.81	145681.59	145665.82	145573.65	145861.07	146164.06	146297.85	146367.34	146580.94	147161.99	147682.44	147835.91	147898.07	148085.43	148781.63	149428.76	149949.07	150290.69	150795.39	151405.85	152111.03	153024.05	153969.58	154749.47	155093.59	155290.66	155619.45	155910.48	156072.06	155967.66	156138.17	156882.23	158174.42	159846.56	161262.64	162377.2	163276.07	164136.24	165171.81	166470.21	167638.19	168479.0	168846.32	169653.24	170948.51	172458.68	173958.68	174990.46	176259.01	177345.05	178915.65	180530.28	182512.77	184382.02	185853.91	187053.63	188449.51	190195.83	191753.5	192944.7	193757.0	194679.15	195623.04	197100.09	199073.13	201241.24	203299.83	205149.85	207105.73	208855.93	210226.48	211242.81	212319.66	213968.01	216588.82	219876.82	223557.62	227081.48	230433.89	233692.68	236797.27	239846.34	243409.1	247832.33	252503.43	256401.19	259419.39	262385.13	265904.85	270235.71	275627.59	281354.34	286315.13	290694.58	294622.49	298301.91	300394.92	300729.87	300242.45	299760.39	299758.12	299980.27	300806.25	301854.23	304150.17	306617.79	309611.53	312174.96	314787.42	317391.06	319562.67	321373.84	323013.72	324828.74	326393.9	327701.2	329465.81	331681.53	333954.93	335310.78	335918.51	336033.67	336049.07	336232.72	336664.4	337491.36	338548.56	339333.62	339336.79	339013.96	338855.28	339127.76	339423.7	339821.87	340172.34	340759.46	341774.64	343188.1	344663.27	346018.44	346947.1	347522.83	347369.87	346861.39	346444.88	346443.59
78222	1576978.45	80817.09	80597.58	80515.96	80370.27	79903.62	79292.93	78522.83	78084.81	77740.83	77392.8	77185.56	77020.5	76925.53	76721.88	76484.94	76276.86	76299.64	76472.64	76810.92	77204.64	77601.23	78033.87	78394.97	78767.58	79019.04	79231.59	79399.09	79614.43	79850.45	80032.23	80235.42	80422.17	80641.06	80855.75	81034.21	81127.19	81018.4	80893.89	80762.13	80792.66	80943.31	81328.44	81708.69	82250.03	82700.95	83054.33	83050.65	83094.47	83732.89	84893.25	86130.76	87368.24	88375.38	89450.03	90296.76	90914.6	91560.51	92122.6	92787.14	93100.3	93256.07	93580.84	94061.95	94673.52	95158.46	95369.6	95370.81	95245.46	95513.12	96065.82	96433.85	96474.13	96218.65	96296.91	96424.62	96530.62	96599.88	96941.9	97591.68	98316.92	99112.43	99818.49	100766.52	101886.17	102867.21	103065.15	102718.77	102304.9	102600.18	103269.37	104159.45	105003.02	105693.18	106634.87	107413.38	108155.18	108117.72	108051.98	107988.86	108238.72	108351.18	108203.45	107902.43	107252.84	106522.06	105846.83	105522.96	105232.67	104673.92	103892.31	103398.38	103328.48	103513.58	103513.68	103267.54	102693.17	102187.47	101671.28	101431.03	101264.6	101334.42	101290.04	101121.55	100939.73	100912.58	100962.13	100956.46	100905.66	100659.55	100106.24	99246.24	98618.84	98481.38	98302.14	98363.53	98157.09	98164.96	97791.25	97890.91	98257.84	98830.62	98909.68	98818.13	98395.12	98181.83	98382.94	99304.02	100465.58	101667.17	102849.36	103806.48	104398.39	104386.74	104350.79	104328.26	104540.25	104920.22	105369.1	106080.49	106922.8	107904.52	108834.9	109505.06	110120.79	110483.66	111041.24	111697.09	112608.52	113728.87	114846.2	115978.08	117041.37	118049.43	118845.96	119419.54	119678.06	119743.68	119790.07	120130.36	120889.46	121839.46	123071.4	124297.28	125408.27	126291.67	127157.42	127965.56	128693.66	129283.7	129871.07	130302.48	130965.66	131909.31	133278.79	134265.5	135174.37	135995.31	136983.0	137840.99	138543.04	139209.06	140133.05	141329.91	142540.15	143603.68	144553.12	145538.3	146339.07	146863.11	147414.34	148029.67	148670.28	149151.18	149702.9	150700.0	151996.49	153309.14	154389.41	155451.29	156223.69	156864.26	157414.81	158222.82	158962.28	159573.37	160245.05	161253.64	162409.71	163328.41	163848.69	164236.8	164572.45	164961.77	165414.56	165950.6	166662.91	167455.84	168519.19	169782.0	171087.69	172302.17	173381.5	174083.51	174377.82	174368.16	174424.98	174947.31	175882.75	177441.0	179451.11	181808.15	183980.92	186046.56	188209.14	190738.11	193368.05	195985.0	198820.66	201808.66	204609.04	207085.07	209192.63	211675.33	214606.65	218650.93	223132.54	227697.51	231779.4	235325.68	238532.41	240648.95	241542.73	241243.36	241008.79	240696.13	240363.33	239736.91	238430.01	237071.38	235814.44	235451.48	235565.02	235600.51	235538.09	234943.61	234004.18	232817.42	231546.07	230756.92	230482.39	230646.21	230953.05	230907.3	230745.0	230057.54	229479.27	228691.08	227996.89	227374.06	227316.29	227414.04	227480.8	226870.2	225924.7	224604.69	223344.18	222151.54	220916.45	219845.83	218704.18	217875.04	217207.59	216568.47	215972.93	215010.68	213737.47	212134.34	210583.04	209322.04	208420.29
72761	1560313.0	91246.29	91519.75	91978.15	93044.35	94109.85	95046.1	95831.44	96525.44	96932.14	97116.83	97383.76	98006.86	98515.08	98759.2	98807.1	98645.33	98379.99	97967.77	97909.24	97503.64	97002.42	96180.79	95682.57	95330.67	95171.46	95306.9	95353.96	95648.03	95972.75	96254.12	96639.81	97349.98	98407.73	99284.72	99831.49	100353.22	100892.84	101470.63	102290.58	103099.78	104276.61	105172.36	105883.26	106456.4	106872.91	107498.08	107970.07	108687.83	109550.28	110358.34	111046.16	111488.11	111863.44	112299.63	113129.4	114239.25	115496.35	116381.7	116619.65	116354.57	115866.7	116025.64	117071.5	118891.88	120731.24	122707.26	124646.83	126501.38	128266.35	129995.67	132087.64	133884.48	135226.1	136047.34	136356.79	136709.63	137648.64	139048.53	140420.09	141138.17	141506.7	141705.57	141762.21	141702.73	141606.38	141379.39	141010.4	140127.55	139621.78	139432.46	139587.98	139622.49	139511.23	139181.89	138802.65	138247.51	138153.29	138093.83	138484.08	138677.18	138507.36	137672.55	136699.98	135590.07	134447.72	133496.5	132893.82	132248.37	131184.67	129668.24	127997.05	126533.69	125644.77	125346.37	125188.9	124811.94	124367.09	124139.54	124171.57	124396.73	124528.43	124432.09	123890.15	123303.43	123010.93	123109.71	122821.3	122288.51	121180.95	119793.27	117886.7	116526.17	115800.08	115857.03	115964.88	115770.1	114987.02	113782.21	112615.64	111597.98	110902.76	110758.83	110645.67	110415.49	110068.68	110152.67	110544.08	111098.01	111609.57	112302.1	113050.21	113683.28	114065.6	114199.78	114285.69	114497.64	115100.37	116060.61	117106.13	117904.3	118728.33	119588.95	120372.14	120923.5	121275.8	121479.57	121552.79	121786.09	122237.64	123030.24	123685.26	124444.05	125120.96	125663.46	126138.86	126698.06	127300.2	127691.49	128067.93	128685.8	129289.48	129925.94	130486.64	131094.86	131388.81	131776.36	132366.46	133293.23	134270.36	135294.15	136189.63	136989.28	137817.86	138743.21	139550.32	140516.8	141390.75	142299.12	142870.46	143651.8	144498.67	145593.79	146633.36	147850.84	149091.65	150082.92	150861.01	151593.8	152315.44	152847.71	153368.41	153866.09	154501.89	155216.36	156411.18	157679.39	158717.24	159396.85	160319.99	161067.96	161510.01	161308.85	161418.72	161724.21	162265.03	162625.29	163232.66	164193.23	165368.49	166417.34	167360.93	168019.4	168594.96	169011.55	169542.56	170212.54	170950.37	171679.48	172527.88	173558.35	174530.12	175548.53	176728.93	178043.72	179038.25	179696.43	180635.38	182148.37	184574.87	187500.23	190713.93	193452.2	195879.13	198209.85	201188.47	204378.48	207732.6	211019.92	214580.99	218291.68	221577.05	224858.16	228241.79	231895.67	235693.73	239838.45	244595.85	249778.1	254595.74	258492.05	261013.24	262192.38	262529.71	262973.88	263440.41	263711.83	263698.63	263749.92	264424.48	265115.03	266196.5	267618.9	269040.44	270124.8	270749.26	271006.7	271090.63	270617.51	270571.61	270831.58	271865.27	272533.98	272729.17	272576.74	272700.01	273334.98	274046.8	274652.69	275434.29	276545.62	277871.62	278775.07	278782.09	278465.97	278013.67	277680.98	277487.56	277592.44	278521.66	279673.57	281058.16	282253.53	283442.55	284500.85	284958.29	284896.82	284529.8	284374.9	284277.15	284397.2
29388	1558694.44																																								93092.87	93772.4	95369.73	97830.31	100461.77	102396.93	103947.85	104951.03	105175.74	105483.34	106146.69	107142.15	107943.79	109162.68	110313.24	110998.1	110697.91	110022.28	109852.54	110235.95	110875.68	111169.06	111156.54	111363.93	112016.03	112209.0	112236.13	112970.38	113998.33	114941.84	114457.51	113835.99	113402.03	113274.15	113272.17	113170.37	113345.27	113810.84	114323.27	114949.88	115743.36	116380.35	116799.32	116922.09	117146.28	117689.33	118464.94	119152.16	119186.45	118905.37	118388.09	118041.88	117580.94	117318.12	117145.52	117180.75	117950.78	118648.67	119377.97	119980.32	120924.36	122001.67	122361.21	122454.04	122192.51	122211.11	122193.85	122480.94	122072.3	120728.92	118778.48	116481.11	115249.09	114136.42	113877.93	113113.26	113295.28	113997.47	115050.34	115907.12	116233.7	117262.8	118691.84	119998.46	120767.31	120979.07	121109.77	121208.76	120709.49	120404.62	120096.65	119838.58	119204.52	118413.22	117256.49	116533.06	115772.88	115337.89	114364.59	113340.96	112260.01	111376.47	110534.5	109996.39	110181.41	110660.22	111437.7	112240.64	113221.36	114283.39	115402.61	116183.65	116680.36	117115.8	117593.21	117956.31	117852.06	117587.68	117219.19	117242.46	117496.31	117941.68	118275.0	118413.87	118669.9	118865.46	119220.95	119251.3	119078.84	118924.08	118925.28	118929.25	119109.33	119564.24	120609.05	121943.7	123163.64	123885.09	124178.65	124699.31	125437.36	126309.25	127181.29	128216.45	129385.02	130340.39	131214.74	132128.32	133208.39	134099.75	134750.52	134860.72	135053.98	135637.97	136601.35	137428.69	137918.32	138354.07	138972.4	139687.71	140656.87	141654.45	142674.62	143677.25	144710.73	145467.44	145775.39	145932.05	146451.86	147099.27	147660.02	148410.04	149351.06	150798.26	151966.1	153291.66	154271.1	155259.13	156113.94	157209.52	158118.78	158890.2	159504.41	160373.83	161579.78	162638.65	163444.46	164196.2	165120.65	166290.33	167264.41	167985.39	168304.31	168819.29	169623.72	170591.45	171458.69	171912.94	172584.1	173339.1	174359.66	175480.76	176697.49	178147.42	179673.5	181106.79	182604.24	184443.06	186995.9	190483.01	193988.19	197476.98	200321.27	203141.99	205832.06	208794.09	211672.05	215391.91	219726.05	223226.45	224695.33	224113.16	223962.49	224826.58	226683.96	230461.03	236158.5	243511.54	250958.56	257392.24	262714.91	265876.39	267221.29	267015.87	266641.57	266189.32	265267.34	263838.67	262465.48	262400.54	263428.05	265357.15	267887.94	270337.06	272734.27	274734.01	276514.95	277947.79	278713.01	279650.22	280819.89	282719.87	284687.35	286193.42	286887.01	287014.9	287328.44	287802.11	288321.59	288605.78	289322.03	290352.8	291189.84	290894.37	290122.52	289323.88	288813.4	288394.61	287988.42	288229.75	288635.9	289612.1	290897.01	292375.46	293472.99	293687.91	293177.09	292260.04	291292.92	290732.52	290328.6
27591	1535500.0	153734.02	153989.6	154091.93	154523.19	155164.44	155943.01	156632.94	157083.79	157422.38	157852.89	158236.61	158861.79	159474.89	160214.23	160871.19	161371.57	161714.41	162014.98	162273.08	162560.71	162891.02	163347.82	163400.94	163054.59	162544.87	162299.64	162402.87	162520.2	162889.29	163204.52	163523.83	163700.13	163733.72	163704.74	163532.52	163250.18	163110.79	163037.39	163229.58	163484.29	164093.2	164738.4	165230.07	165636.58	165959.07	166099.5	165776.05	165359.99	165144.48	165212.81	165177.4	165334.4	165237.04	165345.6	165356.41	165512.54	165826.32	166049.5	166374.4	166607.61	166670.8	166814.94	166890.63	167392.76	168054.42	169061.55	170201.36	171200.13	172173.54	172864.66	173330.13	173718.39	174120.09	174938.16	175867.18	176992.33	177980.97	178643.43	179127.22	179632.26	180375.6	181258.27	182001.76	182516.35	182971.1	183297.98	183758.98	183925.05	184292.23	184669.85	185410.1	186266.9	186673.96	186900.02	186929.43	187120.08	187049.41	186924.33	186672.46	186503.18	186375.62	186286.88	186237.07	186054.99	185902.04	185499.08	185077.64	184390.39	183201.43	181987.86	180907.82	180420.31	179957.49	179431.47	178867.45	178139.09	177667.31	177569.07	177632.23	177699.24	177705.16	177668.78	177675.03	178049.75	178628.19	178992.03	178593.26	177936.07	177145.14	176517.77	175963.24	175407.97	174747.33	173702.02	172356.22	170843.07	169456.28	168476.29	167538.96	166485.89	165502.03	164386.45	163250.81	162202.04	161587.45	161289.56	161166.74	160908.87	160981.27	160996.79	161117.54	160827.61	160616.48	160502.17	160599.46	160465.44	160267.13	160426.98	161022.05	161882.08	162890.22	164083.36	165343.29	166422.15	167187.94	167741.51	167883.04	168001.05	168210.0	168824.88	169466.69	170013.11	170649.67	171335.25	172164.56	172510.48	172748.33	172704.91	172970.17	173321.06	173955.24	174844.49	175719.48	176393.16	176830.65	177316.65	178005.03	178925.54	180149.08	181479.75	182830.16	184093.0	185582.28	186979.99	188009.93	188623.03	189105.68	189808.62	190762.99	191951.16	193178.08	194506.08	195888.75	197317.12	198746.45	200072.03	201210.94	202209.82	203044.87	204099.46	205224.76	206455.0	207491.09	208517.43	209653.17	211188.88	212910.62	214826.3	216676.87	218237.23	219437.52	220219.98	221190.35	222138.45	223242.38	224223.32	225424.14	226775.44	228378.5	230007.35	231862.58	233477.38	234892.61	235772.4	236619.57	237683.29	238943.85	240403.24	241915.73	243714.8	245593.11	247454.28	249140.22	250605.46	251570.19	252292.43	253090.45	254535.15	256971.74	260069.19	263533.3	267123.45	270971.19	274979.3	279067.41	283432.58	288899.87	295299.1	302191.63	308911.75	315172.33	321344.31	327088.16	332755.47	339096.72	346369.83	354922.73	363974.25	372634.79	379797.01	383714.27	384400.32	382225.56	379322.13	376515.32	374227.27	372098.24	370429.29	369532.7	369321.81	369794.92	370715.55	371736.38	372507.57	373049.17	373549.69	373955.27	373994.37	374216.68	375109.63	376765.45	378093.75	378532.41	378007.0	377105.71	376535.83	376606.97	376907.17	377252.91	377674.52	378187.17	378186.9	377202.18	375788.88	374345.72	373162.93	372340.61	371804.35	371660.6	371300.23	370979.89	370565.26	370450.7	370548.82	370498.61	370312.29	369726.19	368909.0	368138.14	367378.05
34479	1494658.92																																																	86483.7	86720.4	86909.2	87534.97	88339.81	89292.68	90206.08	91188.57	92317.37	93421.58	94373.56	95489.14	96788.21	98471.73	100251.19	102321.66	104399.67	106314.13	108189.81	110708.45	113904.56	117770.16	121403.91	124713.25	127240.18	129834.03	132569.32	135762.24	138710.16	141325.57	143856.41	146212.99	147807.54	148867.86	149488.94	150124.84	150167.04	149623.51	149084.03	148362.26	147353.1	146176.38	145080.52	144167.29	142936.46	141982.3	140925.94	139514.05	137501.49	136453.19	136066.15	135999.61	134739.99	133205.73	130996.08	128756.5	126471.77	124579.93	122718.61	120700.06	118184.14	116244.32	114021.63	111830.97	109478.08	107613.43	106373.38	105399.81	104625.52	103267.52	101508.99	99359.25	97567.63	96090.56	94875.93	93855.81	92517.32	91837.87	91007.81	89556.82	87495.61	85811.57	85134.47	84258.96	83354.01	81961.16	80690.13	79413.99	78341.66	77408.76	75893.7	74439.97	73135.4	72320.4	71434.02	71072.37	70830.16	70723.23	70084.13	69621.84	69484.77	69591.88	69934.95	70302.02	70824.99	71401.65	72016.23	72542.39	73005.42	73434.64	73955.54	74437.95	75145.96	75986.44	76881.75	77692.5	78252.92	78500.99	78430.19	78233.23	78209.84	78290.61	78725.44	79253.11	80042.43	80647.07	81313.86	81785.91	82189.21	82305.52	82580.53	82854.38	83038.77	82861.54	82930.5	83439.9	84437.95	85562.39	86822.76	87904.91	88873.96	89803.07	91021.78	92447.31	93926.82	94987.68	95569.79	95980.0	96756.58	97777.52	98944.46	100342.73	101720.28	103222.12	104376.9	105830.36	107268.39	108748.6	110012.55	111119.94	112154.19	112964.99	113872.21	114860.14	116284.92	117639.88	119160.83	120585.11	122058.37	123422.26	124723.81	125559.77	126388.47	127129.36	128108.44	129003.19	129828.53	130475.71	130889.82	131263.69	131899.11	132689.67	133442.89	133891.98	134269.4	134858.99	135798.76	136847.09	137789.55	138657.1	139787.21	141001.35	142393.24	143478.12	144283.59	144729.2	145065.93	145727.33	146872.96	148640.79	150860.36	153350.93	156121.12	158806.76	161276.95	163567.68	166052.03	168814.29	171961.59	175867.15	179610.38	182910.4	185244.4	187926.17	190961.87	194043.41	198165.09	203588.64	210435.86	217211.73	223381.63	229088.94	233872.17	237378.22	239431.88	240703.0	241113.92	241153.44	240343.28	239733.5	239203.36	239268.15	239342.09	239715.88	240149.98	241395.74	242698.24	244118.58	244945.89	245464.78	245832.38	246411.74	247228.22	247881.09	248129.45	248030.05	247793.78	247735.86	247620.52	247395.79	247059.92	247116.57	247288.14	246946.36	245700.08	243876.82	242294.95	240914.45	239780.71	238615.2	237649.21	237043.56	236782.48	236925.47	237303.41	237821.46	238274.5	238155.54	237357.42	236052.79	234990.6	234269.88
55024	1464295.0	165063.53	165538.24	166012.46	167093.52	168169.17	169364.74	170470.78	172293.57	174488.84	177030.7	179139.95	181047.1	182834.7	184298.71	185945.31	187884.04	189970.21	191995.73	193785.72	195874.09	198039.04	200706.24	203544.84	205677.66	206877.04	207525.91	208148.62	208729.3	209391.69	210423.04	211770.92	213144.79	214489.33	215961.19	217509.87	219285.31	221010.76	222781.14	224403.95	225844.05	227613.86	229210.97	230871.19	232214.26	234278.18	236071.09	237677.73	238955.84	240325.72	242074.39	243344.11	244766.87	246207.37	247769.7	249417.92	250849.99	252488.86	253956.55	255172.14	256190.22	257450.33	258872.94	260319.77	261858.66	263488.17	265232.3	266627.22	267765.25	268749.49	269663.04	270530.32	270892.22	270906.63	270819.44	270457.76	270354.94	270267.41	270948.01	271277.17	271204.29	270735.39	269947.87	269044.88	268581.58	268610.9	268400.4	267946.73	267493.81	267559.79	267272.12	266550.12	265592.15	264331.57	262807.89	260882.04	259685.39	258135.95	256588.13	253402.39	250214.54	247109.62	245182.99	244181.43	242513.07	240002.99	236657.46	233467.15	229823.53	226563.35	223770.76	222000.91	220457.01	219021.23	217850.38	216320.47	214812.63	213641.19	213098.65	213524.6	213812.08	213471.13	213457.44	214084.26	215951.36	217762.53	218607.67	217802.0	215493.19	211720.11	208198.96	204788.57	201719.67	199676.87	197592.99	196287.16	193422.52	189576.11	185773.21	182909.79	181297.05	180693.12	180842.34	181019.05	179818.34	177282.2	175058.75	174246.67	174912.39	176327.81	178375.58	180905.99	183651.32	186065.46	188350.4	190450.03	192732.77	195007.89	197185.89	199375.42	201710.99	204479.45	207198.11	209939.51	212475.86	214469.72	215991.27	217307.36	219379.71	221372.12	223109.27	224468.69	225778.04	227022.32	227731.29	228300.95	228822.57	229367.87	229803.55	230437.78	231616.35	233029.14	234782.73	236633.76	238600.79	240340.39	241353.14	242224.4	242897.45	243862.11	244782.4	245902.07	247598.11	249798.89	252115.36	254211.0	256242.63	257970.89	259170.41	259959.24	260471.08	260916.4	261388.35	262233.31	264016.83	266156.87	268454.31	270113.72	271700.86	273159.43	274404.34	275289.99	275845.38	276317.94	276723.87	277493.33	279314.72	281594.63	283800.34	285778.5	287393.18	288704.67	289107.06	289845.04	290637.36	291461.65	291758.57	291997.04	292863.09	294375.9	296439.39	298496.06	300272.69	301601.81	302485.11	302880.6	303004.65	302994.69	303385.2	304464.45	306373.92	309477.41	312713.12	315631.78	317678.5	318439.54	318484.72	317990.8	318592.51	320705.44	324070.15	328124.44	332361.11	336626.79	341142.65	345938.65	351090.22	356820.56	362343.61	366933.46	369682.77	370943.55	371706.28	373407.17	376175.21	380059.04	384836.07	390752.52	396805.99	401461.14	404038.59	403672.89	401135.23	397274.38	394640.31	392888.96	391457.19	389331.79	387719.8	386999.27	387598.69	388783.73	390743.66	392559.27	394113.07	394540.6	394120.33	393059.78	392184.83	391917.42	392491.3	394038.33	395847.14	397045.57	397059.77	396550.39	396401.94	396858.85	397970.53	399502.81	401341.79	402825.48	403436.48	402873.63	401968.6	401251.74	400885.55	401191.17	401833.43	402867.87	404006.97	404954.53	406193.45	407076.92	407762.75	407750.95	407155.07	406505.87	406135.51	406353.9	406874.69
34473	1446139.92																																																	107173.37	107947.14	108053.28	108808.56	109355.34	110295.97	111487.12	113018.38	114887.84	116669.03	118185.64	119778.03	121548.89	123670.77	125687.79	128158.83	131147.21	134619.55	138012.96	141856.62	146493.62	152033.45	157483.02	162302.13	165934.27	169218.37	172466.77	176187.34	179863.21	183243.56	186600.22	189122.35	190432.37	191247.9	192295.94	193811.74	194612.4	194643.97	194382.44	193667.07	192154.93	190267.74	188321.23	186799.65	185323.92	184541.92	183415.54	181269.05	177815.72	175772.77	174415.42	172865.19	169749.72	166361.82	163230.08	160079.57	157161.22	154230.44	151174.58	148362.93	145980.83	143951.76	141551.71	138350.2	135583.19	133184.36	131264.12	128981.11	125792.38	123267.19	120921.32	119402.84	117923.71	116498.47	115072.66	113332.98	111056.76	109306.22	107413.21	105518.31	103363.93	100659.91	98471.06	96106.05	94536.59	93138.35	91671.95	90472.38	89375.01	88765.49	88000.61	87411.32	86918.18	86085.19	85044.39	83935.72	83290.08	82687.19	81945.24	81236.59	80723.63	80552.14	80653.52	80768.53	81094.75	81603.81	82320.03	83148.34	83900.78	84831.79	85887.73	87253.16	88764.33	90214.17	91503.63	92764.87	93953.84	94927.82	95407.82	95531.87	95624.8	95795.55	96227.52	96993.97	98076.25	99237.24	100328.97	101374.77	102604.77	103485.39	104487.63	105258.3	105878.05	106084.96	106462.15	107439.04	109070.79	110663.94	112110.82	113132.12	114105.33	115099.08	116366.81	117751.71	118961.42	119666.49	120066.16	120591.48	121358.51	122154.33	122934.85	123935.71	125084.64	126472.75	127742.0	129089.01	130218.17	131370.56	132531.0	133817.63	134893.93	135886.78	137045.39	138412.31	140076.96	141585.61	143231.31	144741.15	146201.43	147549.5	148720.37	149451.15	150045.63	150449.66	151128.76	151916.53	152888.11	154029.34	155208.87	156614.02	158233.46	159821.35	161147.94	161715.34	161797.15	161694.81	161867.78	162387.87	163031.83	163878.55	164922.62	166200.26	167605.78	168884.72	169821.06	170438.22	170764.15	171057.94	171642.02	172887.16	174887.9	177287.99	180027.06	182713.46	185478.38	187981.6	190712.25	193573.4	197330.2	201950.74	207252.28	212225.01	216713.37	221051.45	225873.78	231094.3	237459.64	244556.81	252469.61	260333.19	267939.46	274976.74	280310.02	283568.1	284590.86	284609.25	284502.22	284266.34	283523.87	282543.22	281534.18	280954.59	280178.02	279922.05	279686.36	280026.85	280290.28	280529.04	280502.54	280392.18	280396.56	280283.54	280130.97	280083.72	280128.54	279941.97	279526.02	279364.77	279350.4	279110.05	278591.56	278225.71	278255.52	277943.35	277034.13	275668.08	274642.46	273892.74	273195.12	272424.77	271693.08	270876.37	270064.08	269384.58	269086.98	268913.81	268666.52	268106.17	267288.45	266272.66	265479.16	264765.46
72065	1399483.0	113281.38	113536.9	113859.44	114506.41	115002.76	115427.96	115858.7	116586.84	117314.02	117629.57	117783.74	117688.43	117899.9	118072.82	118762.87	119579.73	120232.27	120510.73	120842.55	121699.56	122950.0	123818.79	124167.73	124018.21	123728.21	123613.99	123674.9	123723.4	123727.42	123814.57	124431.61	124958.42	125476.81	125859.02	126388.77	126865.35	127049.77	127397.34	127681.96	128351.26	128454.8	128543.6	128678.54	129377.4	129996.93	130357.68	130728.06	130912.99	130896.99	130827.38	131385.12	132322.9	132705.15	133138.82	133315.31	134096.13	134042.83	133915.3	133261.72	133489.08	134572.54	135990.9	137260.96	138553.96	140505.0	142498.17	144056.69	145549.78	147477.62	149461.41	150663.98	151241.94	151367.25	151694.44	151153.41	150178.25	149389.97	149834.37	151317.94	153346.16	154744.73	155304.11	155198.5	154920.56	154888.95	155671.41	157751.06	160375.96	161194.17	161489.37	161394.31	162060.49	162109.5	161947.68	161919.07	162352.31	162487.96	162444.17	162245.16	163005.7	164042.95	163980.05	162868.27	161373.13	160748.11	160823.01	161136.66	161458.1	161709.4	161714.11	161444.34	160760.75	160366.03	159750.09	159525.77	158716.31	158453.25	157622.5	157246.83	156940.78	157353.65	157938.7	158334.95	158699.14	159454.43	160626.34	161558.58	162105.89	162284.13	162377.63	162494.5	160619.81	160301.04	160082.95	161881.04	161920.33	161654.61	161166.23	160991.9	160403.39	159972.56	159561.73	159509.89	158659.21	158038.97	157599.29	157924.63	157950.33	158226.41	158265.27	158214.78	157664.0	157645.1	158047.01	158559.48	159233.01	159128.92	159059.47	158406.15	158152.5	158192.27	158417.57	158581.2	158401.2	158393.74	158579.16	158822.86	159255.06	159649.8	160228.81	160551.7	161100.78	161668.22	162367.13	162895.87	163314.79	163839.75	164335.38	164901.78	165283.83	165341.29	165365.92	165374.04	165558.3	166064.06	166466.11	167035.58	167757.84	169127.18	170660.23	171555.46	171973.32	172258.64	172633.85	172920.91	173552.01	174598.54	176326.94	178127.28	179773.49	180812.1	181597.11	182620.34	183836.47	184688.61	185127.43	185091.71	185271.15	185263.45	185105.62	184797.62	184685.83	184935.72	185776.16	186961.08	188611.13	189602.93	189813.63	189480.81	188708.52	188184.76	187580.74	187804.15	188003.47	188367.95	188316.58	188323.15	188673.53	188909.32	188948.58	188533.19	188460.85	188730.74	189315.4	189330.5	189117.13	188496.65	188538.0	188801.2	189392.48	189672.1	190168.3	190913.62	191981.01	192728.92	193516.59	194486.22	195890.92	197643.47	199714.81	202187.2	204633.7	206878.49	209302.97	211403.23	213769.6	216207.55	219302.57	222303.47	224397.42	225235.8	225536.74	226162.45	227545.05	229767.45	232421.86	235141.79	237646.04	239615.81	240748.05	241317.07	241481.47	241662.03	241350.24	240520.3	238580.77	236020.71	233568.24	232752.45	233499.18	235144.1	236058.01	235884.53	234706.4	233440.42	232347.14	231721.43	231533.04	231385.8	231571.91	232543.28	234295.42	235876.99	236457.01	236431.89	236349.08	236376.1	236634.59	237074.38	238357.8	239651.91	240730.03	240608.84	240112.08	239805.87	239777.61	239842.59	239472.47	239627.81	240342.82	241679.71	242852.34	244202.74	245839.61	247593.05	248268.21	248024.44	247295.58	247007.73	247321.39
73089	1389194.0	118051.28	118561.24	118905.53	119611.5	120095.29	120691.51	121410.41	122077.24	122358.54	122364.5	122554.97	123112.12	123757.59	124448.72	125037.5	125741.65	126190.6	126828.56	127198.94	127765.97	128117.41	128544.13	128712.56	128839.27	128915.9	129212.81	129553.75	130005.51	130103.5	130341.92	130612.02	131267.45	131709.32	132256.03	132696.68	133114.14	133273.28	133542.13	134015.85	134803.18	135433.01	135788.33	135982.38	136373.57	136965.39	137309.09	137508.94	137680.22	138001.42	138246.85	138398.23	138689.83	139130.0	139662.42	140076.06	140579.74	141127.25	141781.38	142025.45	142094.54	142030.64	142280.35	142816.36	143550.55	144337.05	145285.09	146297.44	147268.35	148155.75	148721.21	148984.03	149196.31	149224.8	149514.11	149735.22	150514.57	151259.86	151969.37	152593.47	153300.6	153816.72	154028.78	154419.65	154532.57	155125.92	155686.06	156476.31	157100.25	157713.87	159051.65	160384.65	161433.7	161901.75	162283.37	162638.74	162934.24	163044.66	163250.35	163544.15	163824.17	164076.89	164094.94	164196.96	164196.13	164493.36	164767.58	163755.83	162100.7	160373.79	160004.81	160125.91	160331.4	160534.15	160505.04	160472.21	160231.44	160116.44	158898.05	157647.9	156349.39	156235.86	156363.02	156577.08	156565.74	156724.72	156860.09	157049.13	157017.99	156989.24	156456.05	155752.32	154985.99	154686.68	154466.82	154239.22	153958.93	153745.94	153640.7	153738.54	153935.23	154267.68	154066.66	153726.72	153347.39	153564.34	153880.5	154530.13	155255.21	155759.86	155452.13	154905.26	154676.98	154797.31	155221.31	155740.78	156370.23	156962.47	157140.32	157493.36	157660.44	157970.26	158208.51	158503.79	158991.11	159547.08	160544.14	161739.25	162757.41	163253.46	163451.6	163872.43	164514.25	165172.44	165524.06	165680.52	165865.4	166160.88	166586.42	167443.58	168483.28	169880.36	171114.59	172525.77	173563.83	174458.42	175121.25	175909.29	176469.77	177070.33	177257.6	177099.77	175992.33	175225.46	174877.66	175236.53	175568.59	175710.29	175698.47	175712.44	176115.39	176687.07	177471.22	178409.01	179307.15	179964.99	180161.41	179790.69	179392.24	180114.06	182194.84	183973.97	184854.67	185167.36	186172.57	187070.44	188854.02	189771.45	190481.82	190476.75	190985.01	191606.23	191834.48	192574.97	193355.87	194444.42	195622.35	197304.58	199132.51	200158.87	200918.88	201556.82	202413.6	203111.99	203888.57	204571.91	205476.73	206138.1	207051.61	208113.38	209198.43	210642.69	211910.94	213478.54	214407.8	214682.04	214585.32	215269.29	217296.95	220627.04	224334.95	228179.23	231675.99	234867.72	237859.84	240192.12	242517.99	244897.87	248254.08	251453.42	254458.99	256521.78	258573.61	261092.29	264240.85	268412.43	272527.42	276566.89	280341.76	284000.1	287625.5	289791.95	290807.39	290773.25	290795.87	290982.88	291606.94	291983.29	292318.42	293172.19	294771.09	296617.99	297707.6	298503.87	298838.1	298877.71	298703.49	298739.0	298718.34	298809.69	299546.31	301003.64	302512.13	303158.33	303182.23	302961.16	303120.88	303654.47	304575.63	305952.15	307518.88	308949.77	310536.34	312128.57	313860.99	314959.01	315648.26	316257.2	316986.45	318535.17	320402.67	322850.89	324993.64	327037.05	328498.95	329310.6	329115.29	328488.88	328096.24	328206.82	328224.1
73034	1377000.0	182760.89	183039.08	183435.7	184035.08	184645.95	185277.88	185894.35	186436.84	186732.05	187113.31	187618.65	188472.74	189418.8	190387.52	191156.03	191758.67	192282.14	192848.4	193528.19	194201.36	194670.61	194972.38	195128.89	195418.91	195781.17	196472.73	197335.7	198293.71	199020.71	199464.53	199925.12	200587.07	201368.49	202138.69	202635.76	203164.68	203693.89	204267.83	205169.21	206129.1	207181.34	208006.67	208744.67	209505.34	210111.75	210768.19	211484.63	212345.6	213161.7	213927.98	214557.18	215204.19	216085.69	217263.27	218640.46	219889.65	221205.97	222667.01	223951.19	225020.64	225777.53	226771.41	227862.33	229123.32	230318.14	231348.79	232267.65	233483.89	234582.27	235539.3	235873.89	236184.8	236711.97	237665.23	238774.1	239709.48	240506.47	241514.52	242723.37	243887.73	244809.15	245679.56	246707.52	247840.22	248669.36	248924.42	248946.29	248835.97	249200.0	249846.39	250624.66	251045.94	251244.79	251340.74	251503.53	251229.77	250472.19	249641.26	249048.93	249284.58	249764.75	250443.77	250704.47	250718.41	250795.2	251035.71	250594.5	249546.03	248070.36	247313.59	246941.85	247090.76	247118.89	247181.81	247087.6	247029.17	246665.99	246227.31	246334.1	246832.84	247720.37	248563.66	249375.15	249800.32	249914.06	249710.66	249416.27	248939.89	248329.39	247498.51	246462.63	245510.58	245346.87	245393.68	245459.39	245161.21	244722.74	244220.98	243790.95	243608.09	243771.34	243878.16	244059.38	244222.36	244291.04	244349.94	244610.5	245251.95	245957.48	246578.92	247218.13	247841.49	248509.23	249144.44	250375.21	252028.13	253998.46	255165.44	255568.6	256117.85	257443.39	259458.47	260882.0	262171.5	263100.09	263804.54	263905.99	263962.37	264374.39	264958.42	265795.66	266594.95	267617.98	268639.44	269462.75	270211.47	271105.23	271937.83	273424.27	274933.6	276579.83	277647.58	278235.64	278698.79	279215.8	279986.97	280769.47	281672.47	282618.12	282935.52	282209.34	280697.37	279758.06	279558.73	280207.14	281179.08	282200.53	282775.53	283170.62	283248.49	283183.97	283029.45	283075.14	283288.83	283456.1	283853.12	284174.13	284483.51	284425.64	284428.84	284409.69	284483.52	284881.52	285681.16	286577.9	287503.78	288129.4	288225.88	288155.82	288104.68	288352.35	288087.51	288395.18	288813.47	289810.54	290562.46	291312.71	292311.05	293299.63	294591.53	295538.66	296010.9	296005.27	296198.82	296540.04	297084.41	297458.52	298303.9	299643.11	301725.19	303991.26	305665.42	306467.17	306571.94	306439.12	306625.36	307088.6	308294.94	310286.19	313193.91	316819.17	320338.88	323319.94	326086.67	328741.99	332222.11	336359.71	341308.06	345579.61	349020.1	351371.9	354525.37	358556.38	363482.71	368569.76	373913.35	379669.25	385753.14	391182.91	396101.16	399353.15	401158.4	401691.78	402536.05	403695.31	404947.14	405132.59	405424.11	406157.3	407827.5	409612.59	410930.68	411556.83	411504.52	410871.57	410421.26	410378.69	410505.63	410860.6	411206.92	412193.86	412925.89	412884.36	411758.64	410194.03	409610.68	409964.04	411131.82	412610.03	414195.98	415731.28	416328.21	416469.15	416688.63	417448.41	417976.91	418002.8	417877.85	418328.55	419016.65	419687.6	420157.64	420398.9	420436.0	420352.54	420468.65	420780.77	421037.75	421540.42	422354.17
55387	1374843.0	196413.76	197575.01	198412.23	200364.3	201980.38	203482.4	204737.43	206017.65	207574.05	208870.04	209983.61	211292.3	212716.6	214140.01	214895.68	215698.17	216984.82	218786.44	221070.18	224205.18	228052.17	232277.27	235388.37	237860.62	239763.89	241709.49	243285.86	244909.27	246364.3	247932.65	248998.29	250190.2	252014.86	253765.35	255702.79	257347.81	259549.31	261185.75	262313.46	263171.09	264685.65	266422.37	267969.99	269390.96	270825.8	272875.22	275069.46	277286.16	279115.96	280848.76	282339.58	283720.95	284789.17	285862.74	286901.58	288145.7	289400.54	290909.64	292593.9	294303.14	296026.64	297440.87	299100.46	300880.32	302800.62	304604.91	306124.81	307809.76	309313.09	311112.43	312499.94	313720.13	314632.96	315554.87	316294.77	317317.47	317715.41	317777.05	317100.1	316948.59	316761.04	316511.03	315881.15	315386.06	314434.88	314078.71	314151.91	314518.02	314344.98	314020.08	314010.22	313639.23	312701.83	311098.58	309482.04	307827.99	305681.58	302723.81	299904.03	297264.3	294764.24	291700.45	288549.54	285609.47	280897.83	275974.99	270011.26	266709.37	267287.22	270134.37	272082.99	270234.47	267173.09	264441.83	263170.96	261687.85	260900.22	259562.7	258544.15	257809.45	257203.62	256484.75	255959.75	257789.61	261303.84	264478.98	264559.37	262609.01	258807.31	255668.07	253262.63	251028.47	248391.36	244801.55	242532.67	240207.2	239149.05	238437.2	237410.79	235260.52	233365.46	232645.18	233450.48	233116.03	231855.0	230154.81	228997.1	228106.63	227113.21	226736.8	227593.13	229759.81	232485.01	235157.44	237383.67	238896.23	239919.12	241142.55	242574.79	244008.29	245427.03	247457.88	250149.38	253258.1	256172.59	258624.16	260254.36	261534.19	262282.15	263290.56	264122.53	265917.01	267973.88	270257.68	272072.52	273654.97	275087.99	276198.84	277045.79	277728.25	278176.81	278750.7	279247.98	280121.89	280823.01	281559.67	282434.27	283763.3	285561.7	287198.56	288696.33	290134.77	291499.81	292846.05	293940.28	295059.89	295655.01	296118.23	296751.31	297859.13	299168.45	300521.18	302022.52	303930.79	305348.84	306894.26	307876.21	309181.32	309843.46	310372.9	311286.63	312813.28	314584.03	316154.39	317703.59	319732.05	321505.25	323391.58	325118.62	326771.09	327822.88	328374.48	329870.53	331860.79	334067.7	335376.93	336029.08	336767.13	339280.45	343512.02	348127.46	350729.57	351047.84	350349.13	349330.11	348435.42	347463.55	347362.78	348167.08	349840.19	351626.4	353415.95	355091.91	356260.03	356718.77	356799.49	357204.93	358919.15	362102.69	366398.06	371069.65	375697.19	379788.0	383730.87	387916.62	392878.7	399421.12	406293.75	413451.72	418890.73	422973.9	425655.97	428208.21	430845.74	434957.19	440255.33	446972.05	453296.05	458379.43	461562.63	462040.64	460425.04	457874.53	456337.0	455134.38	453325.15	450649.33	448056.23	447444.98	448501.95	451460.19	453952.86	455872.03	456027.42	455176.05	453970.11	452970.16	452254.42	451573.04	451661.27	452784.66	454234.55	455184.23	455114.16	454773.8	454882.8	455666.33	457019.89	458375.29	459819.59	460810.88	461183.39	460276.31	458875.87	456955.59	455368.83	454378.65	453894.85	453959.8	454485.82	455692.32	457759.4	459445.56	460852.45	461416.66	461826.05	461769.71	462030.83	462922.74	464477.66
78410	1364682.09																																																											137411.5	137510.4	137918.25	139491.74	141960.02	144694.79	146414.19	147437.45	147988.32	148594.32	149288.52	150173.97	151102.34	151895.58	152475.79	153063.44	153639.96	154296.41	155278.59	156562.71	157915.73	158942.33	160020.67	161014.96	161765.33	162183.41	162485.31	163097.66	163902.92	165013.36	165942.13	166393.5	166478.81	166594.41	166679.32	167175.94	167672.17	168304.14	168448.77	168383.71	167572.63	166235.57	164465.86	163209.39	162183.81	161293.24	160545.43	159470.92	158425.46	157069.8	156301.73	155290.46	154725.14	154147.24	154229.61	153887.47	153253.69	151936.32	150635.12	150050.62	150188.0	150708.62	150961.33	151100.12	151409.43	151893.78	152665.95	153544.22	154049.24	154200.73	153847.21	153445.92	153062.97	152688.09	152020.72	151146.31	150094.91	149278.36	148999.7	148774.34	148591.45	148119.27	147832.47	147734.5	147566.97	147505.83	147663.55	147645.69	147191.92	146438.23	145916.79	146144.42	146515.01	146899.65	146874.13	146842.76	147021.57	147550.65	148315.96	149124.95	149674.12	150085.61	150247.69	150506.22	150810.06	151430.58	151825.28	152075.12	152076.94	152437.57	152928.56	153565.74	154122.92	154809.53	155796.25	156982.24	158163.85	159054.82	159891.24	160498.24	161347.85	162312.84	163464.25	164626.69	165779.39	167162.11	168777.42	170455.96	172049.52	173408.23	174480.63	175480.52	176073.35	176743.52	177236.84	177848.4	178204.18	178691.65	179023.05	179306.16	179517.4	179996.27	180626.12	181349.13	181977.83	182681.99	183069.28	183368.34	183703.18	184257.66	184490.16	184423.75	184165.86	183932.76	183815.29	183748.58	184004.45	184447.21	185293.33	186047.41	186918.29	187273.13	187407.15	187248.65	187430.27	187868.99	188501.89	188941.66	189495.58	189968.61	190129.87	190331.87	190822.83	191805.35	192971.62	194209.86	195301.18	196380.79	197229.91	198136.22	199043.79	200237.22	201209.97	201872.19	202259.63	202952.45	203671.71	204504.37	205938.49	207941.05	210087.99	211085.4	211377.71	211319.92	212469.2	214699.99	217418.8	220117.65	221958.25	223653.42	224840.46	225915.39	226781.16	227711.19	229431.21	231200.63	233565.09	235755.46	238752.99	241528.55	244366.77	246726.92	248223.42	248546.26	248002.86	247638.17	247217.43	246192.65	244634.86	243032.68	242106.21	242138.75	243047.03	244422.67	245411.54	246279.01	246371.23	246299.8	245624.06	244825.08	244311.83	244357.87	245119.34	245684.78	246069.85	246283.85	246200.23	245819.31	245006.17	244304.02	244196.09	244688.75	245273.6	245422.11	244721.11	243463.27	242011.87	240834.98	240018.72	238933.81	237954.34	237425.01	237647.86	238110.5	238571.01	239106.53	239624.0	239736.74	239604.23	239770.27	240191.03	240636.54
72713	1356709.0	139817.75	138652.04	137408.63	135800.44	134896.42	135721.34	135939.44	137033.43	138362.86	140406.06	142117.85	142907.18	143431.8	143873.34	144990.38	146414.43	147898.32	148482.15	149880.78	150778.88	151105.9	150071.59	149179.01	149062.3	149682.29	150355.79	151130.79	151584.09	151676.26	151721.15	151797.36	151524.75	150983.5	150665.22	151536.52	153001.98	154327.08	155086.92	155370.94	156008.24	157328.22	159216.82	161330.05	164146.99	167200.15	169902.39	171532.1	172429.51	173307.63	174436.39	176028.19	178110.71	180167.28	182155.24	184332.38	186816.77	189846.54	192254.73	194206.67	195655.78	197164.42	198962.49	200745.29	202848.16	204758.28	207181.47	209578.46	212007.73	214076.79	215813.87	217496.76	218873.99	219356.67	219461.45	219329.92	219960.16	220416.08	220804.84	220912.36	221091.26	221165.53	220672.41	219988.85	219200.53	218972.54	218740.84	218133.53	217172.22	216657.97	216613.76	216971.41	216773.43	216300.19	215371.26	214523.04	213603.29	212643.98	211578.78	210712.58	210227.41	209734.08	208458.67	206906.42	204395.23	202278.37	200499.79	199449.03	198250.84	196562.31	194730.32	192871.02	190976.81	189589.53	188596.84	187868.93	187114.11	186826.62	186612.79	186587.69	186408.12	186724.04	186959.98	186872.81	186567.69	186538.19	186953.53	186814.5	185958.4	184074.95	181711.49	179200.77	177629.26	176921.08	177264.64	178034.51	178557.27	178011.72	176624.15	175241.22	174365.81	174092.5	174871.23	175874.73	176767.57	177443.73	178340.16	179385.03	180230.44	181031.68	182100.39	183326.72	184731.98	185714.4	186524.5	187295.46	188138.71	188794.02	189478.2	190616.06	192038.27	193333.91	194718.75	196301.26	197974.64	199362.86	200376.36	201231.31	201800.42	202305.75	202853.65	203612.75	204421.69	204971.93	205492.32	205846.1	206384.42	206658.25	207019.6	207519.44	208395.65	209196.68	209975.11	210827.5	211385.54	211549.74	211308.37	211507.73	212300.55	213398.21	214595.89	215643.69	216466.79	217223.48	218089.9	219252.67	220710.89	221994.91	222890.65	223487.29	224408.72	225612.07	227017.8	228401.62	229862.44	231168.32	232428.61	233563.36	234860.51	235925.12	236875.08	237602.68	238232.38	238705.58	239437.89	240277.69	241337.38	241846.61	241877.73	241870.96	241906.77	242382.36	242821.08	243628.75	244601.89	245435.26	246066.54	246419.46	246900.33	247460.82	248210.02	248884.13	249494.43	249810.1	250115.12	250521.75	251118.94	251739.32	252232.36	252949.05	253990.42	255389.99	257039.84	258757.63	260305.18	261024.5	261599.86	262537.49	264463.64	267558.5	271262.85	275533.75	279489.98	283558.85	287731.76	292776.66	298158.5	304312.87	311196.92	318499.6	325695.0	331886.77	337958.48	343885.68	350233.02	356991.99	364863.37	373643.33	383097.25	392259.11	399913.88	404747.71	406170.61	405441.86	404853.99	404631.15	403973.48	402290.99	400558.18	400062.88	400558.59	402101.34	404340.59	406796.83	408845.66	410395.04	411640.63	412402.76	412593.53	412877.1	413971.59	416622.89	419332.59	421334.34	422151.21	423003.11	424956.37	427362.96	429845.35	432341.14	435132.04	438218.96	440500.11	442137.77	443333.51	444313.82	445208.51	446457.11	448123.77	450375.94	452345.23	454057.47	454939.86	455130.63	454709.82	453794.13	452768.67	451763.22	451300.44	451248.05	451368.7
31047	1304500.0	155706.12	156313.78	156602.96	157249.62	157703.14	158427.54	159346.18	160258.75	161043.44	161691.07	162626.44	163523.24	164452.08	164913.24	165348.77	165712.4	166220.31	166672.98	166927.0	167122.16	167374.11	167925.07	168320.7	168679.04	168667.98	168903.71	169140.62	169642.48	170045.97	170497.79	170691.86	170990.13	171125.76	171475.71	171662.85	172078.67	172454.38	172873.06	173095.55	173446.71	173953.62	174713.67	175593.71	176310.73	176880.91	177259.22	177814.08	178392.46	179044.5	179780.64	180635.03	181436.19	182201.57	182957.8	183911.81	184827.44	185662.33	186420.11	187175.38	187985.83	188783.03	189594.64	190325.71	191172.71	191910.4	192606.96	193168.19	194018.52	194987.5	196049.27	196844.2	197717.81	198479.98	199328.32	200169.24	201091.6	201986.82	202940.47	203769.21	204707.06	205386.13	206084.35	206750.78	207499.16	208029.6	208368.45	208842.77	209642.36	210355.57	210767.93	210834.51	210829.74	210833.38	210756.67	210690.36	210658.28	210705.62	211021.31	211274.85	211422.45	211006.81	210403.54	209843.56	209480.11	209123.62	208575.6	207280.25	205845.57	204440.02	203702.0	203262.9	202677.95	202072.8	201063.6	200157.31	199350.73	198958.97	198751.38	198352.52	197495.93	196685.13	196036.79	195797.62	196028.75	196736.36	197462.17	198138.57	198583.85	198562.23	198284.48	197798.37	197610.69	197341.45	197164.76	196799.92	196210.29	195664.97	195610.12	195651.84	194996.31	193882.31	192819.47	192685.28	192826.61	192914.38	192815.51	192829.35	193000.21	193186.04	193205.6	193199.5	193298.35	193722.43	194362.4	195116.5	195619.67	195800.57	195658.68	195576.9	195498.46	195451.34	195342.82	195372.43	195631.03	196042.37	196610.72	196939.5	197324.43	197430.46	197277.44	196996.61	196794.84	196921.81	197073.8	197348.69	197752.05	198280.7	198487.93	198706.34	198790.64	198845.72	198562.0	198083.93	197734.46	197566.5	197572.82	197694.31	198190.48	199007.2	200025.19	201049.91	201945.73	202850.36	203359.66	203380.35	203301.65	203299.61	203696.43	203957.4	204258.42	204582.39	205047.32	205703.94	206510.19	207542.33	208503.27	209439.87	210249.15	210747.42	211112.6	211450.52	212096.37	212847.58	213757.89	214704.93	215824.52	216991.82	218128.38	219140.6	219862.09	220475.39	220961.12	221540.65	222022.95	222784.82	223349.75	224013.3	224696.39	225913.07	227425.44	228991.36	230148.49	231054.69	231735.05	232354.06	233029.67	233642.84	234474.92	235312.36	235976.96	236692.59	237554.62	238746.12	239569.15	239681.38	239670.38	240159.09	241524.95	243406.96	245530.82	247814.74	249897.57	252111.34	254426.21	256995.12	259758.69	263138.44	266799.57	270459.95	273811.12	277045.74	280329.46	283706.17	287313.62	291358.71	295840.13	300665.55	305473.21	309824.86	313624.86	316450.84	318371.24	319632.84	320898.57	321816.31	322172.02	321818.37	321650.99	322242.02	323557.13	325724.39	328104.59	330551.64	332757.84	334615.84	336019.44	337090.76	337812.24	338756.31	339916.95	341707.73	343435.07	344116.89	344076.1	343931.96	344761.68	345969.54	347300.33	348293.15	349341.1	350395.86	351071.53	350919.97	350618.09	350558.72	351002.32	351385.35	351858.59	352573.94	353394.02	354289.72	355141.28	355606.45	355981.24	356074.96	356432.94	356788.39	357604.75	358787.03	360093.44
77469	1294492.15	141951.07	142558.26	142782.48	143428.25	143497.17	143344.83	143171.87	143301.78	143631.63	144296.24	144683.45	145269.64	145288.95	145407.49	145289.26	145669.94	146160.34	146613.08	146828.71	147192.01	147576.26	147554.01	147099.16	146687.15	146551.52	146767.4	147211.99	147897.7	149252.75	150427.97	151419.75	151694.03	152160.73	152815.51	153390.59	153982.98	154657.08	155606.11	156435.8	157127.18	157873.2	158349.32	158689.61	158916.57	159678.77	160269.88	160625.98	160677.54	160826.1	161650.21	162890.24	164428.12	165710.23	167131.53	168402.94	169657.03	170699.95	172333.39	174000.88	175449.66	176244.54	177004.1	177788.36	178392.93	178951.1	179284.41	179618.94	179643.12	179171.41	178772.05	178270.14	178493.61	178637.78	179070.9	179535.43	180276.79	180720.3	181186.5	181719.6	182918.05	184185.84	185007.74	185342.81	185690.52	186180.0	186705.63	187139.67	187552.41	187976.01	188180.35	188435.62	188646.16	188910.87	189261.64	189512.92	189744.2	189320.51	188942.8	188194.8	187718.76	187058.61	186552.85	186060.09	185435.18	184573.17	183064.61	181130.28	179209.12	178035.73	177840.4	178255.88	178835.18	178767.69	178771.38	179108.23	179813.44	179495.91	178977.56	178489.4	178417.88	178578.18	179115.74	180189.48	180827.61	180923.82	180565.38	179825.65	178952.31	177680.57	176304.73	174884.82	173904.57	173790.1	173960.07	173787.0	173094.89	172195.66	171721.43	171625.38	171480.79	171467.62	171327.29	171344.62	171023.16	171609.98	172513.97	173667.72	173988.62	174210.67	174481.14	174857.78	175157.22	175649.83	175963.23	176335.22	176572.91	176650.23	176764.2	177016.78	177771.15	179102.71	180721.16	182388.57	183952.68	185666.75	187450.27	189257.97	190750.03	191883.72	192483.28	193031.55	193594.39	194770.41	195974.1	197580.16	198997.22	200721.57	202386.59	204362.54	206287.57	208138.99	209689.05	211381.44	213274.64	215610.69	217675.67	219535.17	221196.08	223085.91	224844.2	226412.17	227874.39	229221.89	229904.66	229857.71	229978.3	230441.54	231057.62	231541.11	231961.91	232715.26	233570.97	234795.33	235768.9	236368.47	236470.94	236650.44	237005.92	237308.6	237439.07	237468.05	237564.17	237951.51	238576.26	239373.66	240254.63	240818.22	241123.72	241655.57	242359.97	243398.0	244015.78	244610.64	244965.33	245421.51	246067.21	246839.83	247622.2	248018.96	248311.89	248508.84	248719.88	248862.58	248769.11	248654.03	248598.22	248775.66	249276.08	249955.2	250822.4	251691.42	252600.38	253410.17	253952.52	253974.5	253920.01	254200.73	255137.09	256714.49	258863.08	261690.91	264681.08	267884.51	271263.54	275016.35	279119.58	283994.94	289452.5	295002.38	299906.57	304211.36	308541.4	313138.04	317782.18	323022.59	328657.55	335394.93	342690.17	349940.19	356460.55	360539.46	362112.62	361663.14	360643.43	359350.74	357468.8	354806.2	352538.0	350570.95	349859.99	350046.16	351286.37	352431.83	353235.04	353446.13	353327.17	352681.63	351684.62	351423.02	351966.46	353311.81	354357.04	354573.47	354115.53	353385.74	352998.48	352835.12	352527.11	352088.73	351694.81	351473.14	351077.38	350398.83	349540.06	348650.69	347538.32	346414.35	345440.89	344870.9	344552.85	344499.96	344419.65	343830.25	342762.35	341460.73	340385.08	339473.65	338654.16	338125.22	337585.63
27569	1275000.0																										125696.33	125945.59	125829.86	125844.16	126060.85	126499.06	127184.48	127611.22	128088.41	128417.46	128861.07	129303.93	129737.05	129894.21	130141.13	130632.52	131240.24	131775.14	131954.71	132204.15	132700.96	133324.93	133800.45	134068.78	134452.46	135092.01	135722.14	135918.08	135994.0	136302.42	136885.67	137729.36	138632.57	139766.39	140720.15	140311.47	140622.51	139663.79	139507.3	137462.0		131309.17	127967.3	125079.85	123445.71	122808.31	124441.72	125066.83	125227.36	123098.72	121038.48	118094.69	118128.18	119534.26	123195.39	126100.94	128601.97	130600.81	132090.41	132626.22	132939.05	133412.15	134502.84	135671.29	136794.29	136527.52	135747.47	134455.61	133249.26	131487.2	129291.67	128369.87	128335.11	128993.2	129243.17	129421.49	129551.45	129969.06	130530.08	131208.85	131527.95	131301.83	130621.81	129618.89	128581.93	128167.21	128260.78	128726.71	127818.76	126076.87	124024.06	123224.27	123248.49	123696.54	123935.43	124438.74	124789.35	125136.78	125137.72	125618.0	126766.1	128013.12	128733.84	128492.98	127815.53	126877.73	126120.43	124815.99	123377.5	121364.52	119237.56	117028.22	115356.52	115856.53	117303.26	118913.12	118793.04	118100.32	117420.04	117057.13	117187.29	117779.69	118679.3	119665.74	120476.11	120960.16	120898.08	120798.18	120388.85	120219.05	119707.72	119326.91	118595.95	118098.8	117857.64	118370.14	119144.37	119988.19	120563.63	120569.25	120094.79	119266.5	118670.76	118753.73	119328.42	120258.3	121167.17	122219.22	123144.65	124016.18	124529.67	124795.97	124909.11	125503.35	126473.47	127647.21	128702.93	129733.27	130870.34	131931.46	133009.86	134085.05	134844.59	135565.78	136188.74	136922.77	137783.0	138867.0	140096.68	140956.53	141413.79	141689.6	142153.26	142688.75	143252.56	143763.21	144364.13	145139.82	146075.62	147150.45	148006.78	148684.59	149380.25	150207.82	150872.26	151343.8	151862.53	152592.39	153408.48	154229.19	155000.62	155838.27	156586.77	157781.27	158905.98	160114.98	160715.51	161045.28	161218.52	161709.61	162346.87	163031.26	163747.45	164341.85	164558.15	164610.01	164923.3	165435.19	166133.55	166658.77	167341.37	167604.39	168272.95	169040.29	169968.45	171115.46	172671.19	174570.79	176093.04	176905.25	177147.69	177375.32	178584.69	181139.34	184557.67	187878.03	190635.27	193167.28	195956.4	198835.18	201725.86	205139.29	209194.64	212492.97	213730.92	213564.06	213543.13	214862.97	216501.85	220263.03	225426.31	232315.65	238820.52	244486.99	249183.75	251720.37	252941.11	252634.7	252863.56	252658.35	251571.88	249356.67	247323.23	247941.21	251034.45	255143.15	258837.34	261162.62	262809.48	264256.46	265401.22	266613.24	267106.54	267511.3	268449.58	270150.55	272063.71	273045.51	272995.96	272373.38	271669.53	270920.23	270492.79	270288.18	270941.08	271750.8	272545.64	272550.37	272126.81	271716.41	271090.44	270368.7	269514.94	269073.53	269369.05	270105.28	270973.44	272378.52	274507.84	277254.74	278968.72	279186.99	278267.01	277567.55	276938.73
73044	1255500.0	100637.11	100396.65	100201.15	99994.28	100295.3	100699.2	101378.1	102250.48	103453.55	104322.78	104732.98	105098.25	105463.25	105698.9	105693.17	105785.44	106075.33	106595.97	107441.63	108435.32	109367.93	110021.97	110413.6	110569.43	110320.3	110031.21	109982.98	110310.43	110758.82	111026.25	111462.94	111979.16	112667.07	113204.5	113576.15	113868.86	114028.63	114311.78	114682.75	115353.7	115893.72	116245.79	116478.81	117101.27	117880.56	118603.75	119141.33	119612.88	119987.7	120101.58	120268.71	120511.51	120833.48	121097.5	121469.87	122046.23	122817.65	123509.95	123984.65	124245.86	125025.92	125943.41	126820.31	127249.6	127700.72	128419.73	129314.43	130335.52	131323.47	132094.27	132719.96	133141.5	133348.57	133531.71	133914.69	134520.79	135014.37	135261.94	135622.71	136280.28	137096.83	137815.58	138398.95	138901.35	139321.04	139636.79	140018.75	140472.27	141081.18	141643.99	142215.57	142657.89	142983.15	143305.08	143645.05	144070.9	144358.69	144643.47	144998.52	145436.95	145884.37	146363.85	146758.35	147051.48	147684.33	148414.67	149236.14	149562.07	149766.28	149877.89	150042.25	150168.08	150304.17	150287.63	150195.84	149966.84	149684.11	149362.12	149141.97	149067.65	149029.47	149157.75	149260.06	149464.23	149628.96	149750.37	149915.38	149930.82	149935.97	149792.96	149488.96	148615.0	147533.69	146457.29	145929.4	145678.36	145651.34	145733.31	145857.8	145948.84	146084.37	146246.6	146453.53	146684.53	146849.83	147211.14	148111.03	149530.93	151161.72	152149.54	153122.62	153670.59	154180.58	153826.13	153728.67	154188.63	154728.31	154855.71	155024.26	155727.75	156574.74	157120.31	157276.45	157259.39	156998.66	157387.53	158190.71	159191.8	159557.24	159865.82	160158.18	161005.61	162181.72	163577.48	164664.1	165260.57	165084.32	164396.08	164103.57	164305.52	165067.29	166143.59	167503.0	168775.53	169481.66	169491.57	169553.67	169291.67	169902.02	170745.74	171804.98	172388.1	172063.48	171300.56	170127.66	169654.19	169442.52	169662.78	169412.45	169138.52	168626.04	168469.72	168464.57	168703.67	168969.77	168967.64	168711.97	168563.75	168798.46	169233.65	169644.86	170217.77	170965.92	171136.1	170745.86	170040.97	170259.21	170852.89	171746.14	172200.42	172425.52	172290.48	172554.33	173359.48	174563.97	175640.53	176790.62	178157.18	179538.06	180210.09	179962.75	178897.51	177972.48	177927.77	178878.04	180319.14	181378.08	182602.18	184076.71	186010.32	188499.2	190404.9	192285.24	193512.32	194643.06	195863.77	197389.64	199796.24	202756.17	206149.7	209730.73	213130.16	215942.92	218822.44	221646.39	223933.57	225820.8	227765.65	230920.32	234858.96	238897.39	242385.63	245153.56	247414.33	249329.47	251278.61	253669.91	256591.26	258937.97	261158.69	261943.82	261805.19	260723.12	260277.18	259439.59	257709.75	255293.54	253618.0	252928.46	252803.17	253413.16	253795.38	253763.59	253691.55	253753.28	254185.36	254588.15	254742.88	254934.1	255611.56	257490.58	259672.97	260886.06	261196.55	260808.59	260179.38	258933.58	257977.13	257445.38	257614.37	257596.46	257775.14	257732.06	257855.3	257777.74	257643.08	257361.87	256877.32	256467.89	256432.74	256987.63	258104.29	259219.49	260180.98	260480.11	260553.56	260350.81	260441.25	260313.36	260396.08
78263	1253260.21	108668.82	109137.09	109595.13	110245.08	110250.85	109788.31	108654.71	108139.65	108092.05	108511.79	108828.88	108906.1	109038.28	108535.94	107903.68	107188.23	106952.21	106792.56	107132.53	107696.88	108021.82	107950.06	107247.38	106713.54	106155.01	106047.96	105976.33	106112.23	106229.15	106680.63	107316.36	107826.55	108074.79	107801.92	107694.79	107756.44	108005.46	108315.69	108226.81	108074.4	107923.85	108222.96	108601.75	108978.21	109026.51	109137.3	109366.35	109747.39	110644.75	111996.04	113450.65	115261.65	116781.82	118650.78	120174.23	121492.34	122778.93	123810.99	124338.85	124458.62	124419.62	124801.86	125335.47	125839.43	126841.64	127312.89	127837.59	128075.55	128892.76	130265.91	131307.71	132173.5	132327.88	132629.78	132958.32	133414.46	133603.45	134195.11	135473.76	137247.58	138658.98	139658.26	140622.6	141866.33	142792.63	143528.66	143703.21	144271.27	145495.88	146847.9	147681.48	147532.64	147852.13	148577.2	149568.31	150204.38	150674.34	150961.45	151290.17	151246.67	151641.05	152006.3	152790.01	152975.24	152699.49	151944.68	151145.58	150319.3	149480.53	148494.06	147743.43	146904.6	146538.02	145843.54	145038.05	144540.43	145046.14	146196.32	147303.29	147867.03	148203.71	148215.87	148756.13	149364.4	149952.59	149910.58	150046.12	150437.62	150957.56	150696.71	150173.95	149471.38	149239.34	148581.81	148369.43	148091.61	147713.67	147044.49	146458.77	146468.55	146403.38	146604.53	147135.32	147676.94	147646.26	147676.0	148507.31	150247.92	152120.82	153692.87	154863.61	155922.96	156157.43	156515.24	156531.65	157086.74	157691.15	158618.83	159972.2	161422.51	162779.8	164269.68	165548.63	166516.33	166417.87	166336.36	166229.67	166577.65	167299.27	168446.52	170112.96	171884.86	173861.05	175666.37	177054.26	178253.04	179012.11	179863.95	180868.2	182530.5	184196.7	186213.31	187898.01	189557.43	190386.39	191144.92	191840.6	192940.02	193983.13	195401.78	196679.36	198432.54	200347.42	202420.59	203732.52	204804.79	206167.04	207740.91	209214.86	210178.73	210863.71	211269.93	211936.6	213308.68	215104.42	216925.03	218682.77	220557.71	221785.93	222812.37	223540.14	224749.26	225494.31	226116.51	226871.92	228375.53	229989.36	231114.15	232233.34	233221.98	234319.48	235271.11	236679.86	238379.95	239660.68	240316.22	240593.16	241064.51	241576.58	242276.69	243013.36	243520.17	243748.25	243865.05	244177.82	244848.46	245688.93	247166.85	248622.76	250021.49	250512.45	251333.47	252566.32	253971.03	254858.94	255513.38	257411.15	260801.7	265571.04	270434.23	274769.04	278432.78	282081.25	285769.7	289094.88	292938.66	297574.29	303160.23	306630.12	307217.51	305359.44	303954.48	304846.04	307569.5	313607.44	320784.45	330198.45	339559.05	347721.8	353365.28	354990.65	355159.67	353028.07	351651.35	349994.36	349643.59	349234.75	347586.1	346210.28	345569.8	346849.66	348650.58	349510.11	349791.35	349092.08	347525.88	345495.87	343233.39	342153.84	342597.19	344202.81	345686.68	346077.81	345230.99	344541.6	344494.07	345450.76	347106.83	348600.58	350475.15	351024.95	351700.17	350871.77	350134.09	348848.94	347654.6	346217.85	344972.51	345280.85	346938.89	349256.82	350417.62	350558.7	350502.25	350747.43	349905.14	348417.66	347233.78	347588.13	348573.51
78224	1233342.26	77497.02	77502.8	77577.09	77611.21	77230.13	76642.04	75958.26	75654.35	75490.33	75587.48	75689.74	75783.54	75623.89	75330.74	75057.68	75013.37	75206.94	75321.56	75405.34	75476.95	75683.76	75894.76	75989.86	76005.35	75970.86	76085.03	76282.88	76510.08	76815.69	77147.55	77610.37	78020.86	78415.72	78583.23	78893.23	79167.68	79393.76	79355.9	79193.28	79016.87	78962.34	79065.62	79219.81	79179.29	79105.86	79097.79	79005.48	78884.49	79219.24	80192.73	81272.85	82235.68	83006.95	83860.69	84749.7	85576.05	86762.36	87493.28	88241.01	88475.04	88786.67	89100.79	89606.35	90388.38	91218.21	91833.28	91914.26	91741.63	91221.02	91193.53	91190.23	91635.09	91706.48	91736.39	91805.9	92341.91	92737.17	93256.14	93807.62	94653.53	95741.2	96542.15	97186.06	97585.37	98023.06	98405.39	98593.94	98653.15	99442.1	100579.74	101844.48	102615.13	102707.82	103211.66	103852.51	104616.99	104517.69	104355.84	104564.49	105218.21	105600.66	105756.61	105847.84	106029.34	106039.69	105794.88	105400.7	104896.66	104037.27	102771.71	101429.85	100453.19	99902.89	99274.13	98857.89	98418.82	98760.71	99231.54	99974.46	100401.6	100306.33	99849.73	99336.51	99081.26	99260.42	99318.61	99424.7	99310.5	98988.29	98541.8	97603.12	96833.97	96271.25	95576.16	94951.69	94051.6	93252.28	92401.76	91804.85	91574.54	91561.92	91602.19	91716.2	91518.54	91350.61	91631.04	92666.91	93899.23	94862.61	95642.74	96366.28	96761.58	96620.04	96059.61	95761.04	95767.98	96379.91	96907.16	97728.98	98493.05	99591.24	100672.63	101449.45	101929.35	102058.27	102315.67	102581.28	102973.27	103471.79	104181.78	104957.55	106087.02	107281.53	108418.48	109170.74	109625.99	109807.31	109844.72	110232.34	111356.6	113052.67	114929.74	116469.27	117669.4	118489.72	119347.09	120350.31	121507.94	123109.73	124881.83	126836.87	128694.04	130633.66	132785.88	134194.14	135078.66	135322.41	135824.95	136353.45	136686.17	136793.19	137025.63	137831.68	138984.51	140383.54	141916.05	143306.79	144459.81	145138.03	145981.19	146960.27	148272.71	149090.85	149465.63	149717.4	150485.79	151631.81	152713.63	153865.02	154730.86	155661.97	156503.74	157580.54	158535.08	159356.21	160017.74	160756.49	161656.91	162128.85	162097.31	161923.07	162013.04	162398.72	162709.09	163191.48	163990.53	164991.1	166226.64	167530.38	168882.62	170424.45	171903.26	173003.58	173386.43	173241.45	172936.44	173189.36	174374.06	176645.18	179483.17	182611.91	185635.51	188489.98	191147.45	193997.23	196766.11	199450.34	202133.0	203829.85	203993.62	202883.89	202157.94	203022.41	205126.34	209278.81	214497.2	220197.3	224804.91	228406.81	231607.06	233488.26	233610.33	232129.81	231068.4	230475.94	229955.8	228503.67	226052.67	223509.4	221766.23	221393.97	221602.19	221349.4	220936.07	219942.03	218755.47	217091.81	215252.75	213807.35	213124.1	213473.59	214326.94	214810.32	214559.14	213466.43	212435.63	211718.27	211319.79	211143.98	211420.06	211761.18	211991.36	211406.01	210507.32	209319.45	208215.79	207547.73	206918.14	206616.24	206100.51	205860.72	206006.44	206362.69	206633.83	206021.07	204684.47	202658.38	200915.36	200038.73	200087.07
78221	1227685.0	72952.83	73072.06	73032.1	72998.83	72581.72	72176.42	71741.99	71636.03	71636.63	71740.21	71813.74	71803.63	71627.56	71323.38	71056.33	70901.48	70852.96	70806.35	70759.99	70775.03	70706.49	70516.21	70229.21	70030.9	69974.5	70027.03	70048.67	70146.98	70451.84	70872.2	71289.41	71526.74	71847.57	72273.53	72789.18	73121.06	73115.73	72862.91	72578.56	72474.05	72601.23	72873.36	73302.52	73816.56	74399.89	74873.6	75117.44	75300.45	75855.33	76903.11	78094.85	79278.04	80337.62	81486.24	82456.12	83153.11	83792.43	84230.11	84881.25	85393.69	85836.29	86171.36	86592.56	86860.98	86992.08	86779.39	86551.84	86272.1	86100.23	86400.93	86636.52	87104.53	87246.27	87491.58	87680.1	88244.4	88912.52	89629.34	90388.77	91213.19	92344.32	93248.81	94176.66	94818.45	95506.27	95986.54	96194.93	96258.23	96535.83	97199.35	97989.74	98640.66	98966.81	99324.48	99862.32	100405.1	100514.22	100407.0	100546.21	101018.95	101395.05	101395.56	101322.1	100926.25	100435.01	99730.71	99158.93	98479.88	97169.49	95501.47	93740.69	92757.33	92335.83	92014.12	91768.49	91209.65	91233.56	91242.4	91900.6	92412.39	92598.62	92214.1	91625.02	91256.94	91224.76	91027.66	90907.59	91009.89	91304.56	91461.85	91126.28	90697.13	90305.12	89687.95	89447.89	89115.38	88937.75	88574.63	88412.0	87752.01	87018.12	86304.46	86246.11	85906.35	85295.05	84491.59	83815.44	83214.56	82999.05	83397.13	84083.66	84737.97	84748.32	84466.29	84118.06	83981.81	84339.84	84945.64	85991.22	86949.87	88002.9	88798.69	89235.03	89584.63	89685.79	90085.9	90456.09	91152.05	91985.55	92778.83	93445.53	94148.3	94833.06	95642.68	96276.4	96744.46	96520.07	96097.37	95973.23	96856.56	98300.38	100040.26	101429.7	102621.93	103626.87	104680.58	105793.66	106912.4	107934.16	108627.25	109033.95	109747.79	110941.52	112634.05	114022.18	115129.12	115849.29	116951.33	118095.85	119332.73	120234.28	121187.35	122333.82	123509.72	124986.81	126673.9	128408.53	130092.09	131152.14	132269.63	133244.19	134566.21	135415.17	136079.66	136813.54	138248.41	140109.21	142074.95	144154.04	146020.98	147594.09	148695.4	149382.71	149900.4	150123.56	150261.53	150423.55	150997.76	151363.52	151301.17	151048.71	150980.92	151391.68	151856.9	152391.05	153286.02	154423.59	156010.14	157395.42	158683.94	160421.66	162357.29	164046.47	164790.86	164914.82	164784.92	164904.38	165588.04	167114.42	169352.23	172080.11	174866.06	177614.08	180486.89	183689.41	186615.36	188881.41	190951.39	192237.37	192076.4	190712.23	189719.41	190614.3	192538.31	196035.0	200244.88	204846.9	208757.69	211873.74	214593.34	215780.12	215164.36	212718.02	210665.73	209210.63	208265.06	206378.06	203720.33	201108.16	199625.95	199461.2	199871.06	199988.07	199903.03	199095.81	198026.14	196515.21	195104.54	193843.51	193282.16	193577.66	194473.7	195016.4	194964.15	194039.43	193082.69	191893.45	190687.22	189283.22	188490.98	188203.35	188325.02	188110.66	187538.12	186465.67	185359.0	184475.26	183462.43	182378.86	180503.76	179155.85	178688.54	179419.47	180278.49	180501.96	179983.39	178846.0	177686.16	177036.45	176881.06
77303	1225725.89	100193.02	99995.58	99994.72	99902.4	99886.62	99465.13	99029.27	98979.14	99387.36	100085.46	100761.08	101074.19	101040.69	100741.85	100780.79	100950.73	101127.24	101341.01	101556.23	101733.34	101629.98	101289.03	100846.03	100501.28	100413.46	100379.22	100390.64	100388.62	100546.73	100960.86	101536.97	102354.36	102892.3	103337.59	103555.99	103936.71	104404.57	104899.8	105251.24	105386.45	105384.28	105351.62	105063.04	104706.86	104527.8	104593.14	104834.07	105171.18	106017.44	106855.93	107766.9	108470.45	109515.52	110538.79	111629.33	112430.39	113163.12	113883.87	114475.25	115160.56	115653.77	116218.95	116535.68	116843.82	117087.17	117507.19	117896.35	118405.18	118699.28	119038.76	119343.91	119745.71	119964.67	120233.2	120499.56	121236.45	121831.65	122510.03	122937.31	123430.98	124176.88	124727.15	125158.0	125211.59	125367.43	125777.43	126279.08	126806.44	127179.19	127594.7	128042.81	128503.93	128666.34	128798.14	129095.06	129775.1	130212.98	130972.16	131306.24	131656.92	131636.06	131505.52	131020.47		127780.84	126890.39	126392.83	126064.53	125350.64	125065.21	124774.2	124855.7	124933.58	124874.94	124429.09	124115.6	123618.02	122809.98	121753.85	120948.02	120793.31	121052.44	121512.81	121666.03	121769.09	121736.74	122152.41	122298.11	122207.79	121707.95	121334.32	121014.35	120746.23	120108.59	119468.27	118431.37	117657.0	117312.35	117290.25	117328.19	117452.02	117548.14	117353.82	117230.16	117633.72	118760.06	120225.6	121772.92	123242.46	124276.18	125102.4	125546.81	126049.19	125988.61	126214.51	126383.4	126700.91	126481.54	126527.82	127217.72	128489.32	129736.42	130754.05	131819.01	132550.8	133220.51	133825.4	134562.44	135351.41	136264.09	137310.22	138274.09	139305.86	140680.2	142699.11	144732.67	146572.16	147969.84	149436.14	150769.99	151988.59	153282.36	154907.2	156946.36	158936.19	160457.04	161935.65	163616.62	165561.83	167441.26	168743.33	169799.55	170604.29	171188.79	171483.78	171824.46	172618.74	173626.66	174426.01	175162.33	175985.42	177122.77	178240.18	179306.41	179900.78	180310.67	180800.63	181642.79	182345.83	182653.36	182682.12	182817.54	183241.01	183879.99	184674.08	185426.24	185942.87	186241.39	186999.31	187813.38	188817.89	189290.23	189884.17	190357.29	191336.79	192389.96	193594.82	194771.84	195843.07	196852.33	197771.49	198753.18	199752.15	200512.3	201227.21	201958.69	202661.53	203551.35	204752.61	206103.86	207144.87	207752.09	208060.32	208172.44	208082.35	208073.52	208712.16	210113.32	212451.91	215236.97	218375.03	221479.1	224143.23	226969.94	229832.73	233284.97	236994.38	240967.82	245050.63	248724.25	252306.32	255536.35	258771.46	261905.97	266181.25	270893.51	276124.54	281377.13	286410.69	290731.85	293072.71	293787.46	293154.25	292065.54	290912.92	289587.35	287926.83	286410.6	285242.23	284970.73	285253.29	286507.39	287696.65	288473.01	287860.47	286767.91	285585.21	284290.97	283383.46	282641.9	282738.82	282857.2	282712.89	282458.42	282332.32	282307.97	281888.72	280932.22	280143.8	279726.39	279730.35	279568.76	278929.61	277786.51	276752.07	275958.44	275271.71	274399.9	273686.62	272991.68	272709.57	272722.06	273076.88	273172.24	272482.38	271317.47	269789.89	268594.03	267537.84	267140.32
30677	1198521.0	209207.98	209504.48	209913.63	210748.08	211800.37	212941.11	214126.83	215225.39	216303.86	217424.88	218913.29	220564.98	222181.77	223168.26	223972.59	224731.35	225711.51	226590.02	227456.58	228333.43	229292.46	230328.78	231475.29	232492.71	233203.8	233626.42	233952.57	234527.21	235368.9	236384.88	237406.86	238384.1	239385.33	240432.5	241418.11	242259.94	242842.27	243280.05	243754.86	244285.95	244895.94	245443.79	245942.55	246594.61	247449.69	248444.47	249573.78	250724.85	251811.21	252590.24	253161.31	253740.8	254565.74	255541.48	256624.07	257704.09	258856.07					266492.8	260963.49	260234.93	260976.09	262038.09	263220.67	264343.11	265468.39	266428.8	267293.69	268148.65	269111.4	270052.67	270887.12	271630.82	272365.99	273067.79	272831.63	272343.43	271843.68	272229.61	272886.77	273803.78	274812.64	275937.66	276498.04	277265.74	277937.6	279063.31	280063.13	281046.13	281928.12	282239.38	282298.35	282552.38	283347.6	284288.6	284634.85	284401.73	283635.89	283097.84	282642.0	282380.52	281777.62	280182.79	277929.08	275635.52	274433.97	273756.21	273019.11	271553.96	269727.82	267447.75	265285.08	262994.32	260974.27	258387.52	255689.51	252928.94	251430.25	250792.63	250735.71	250521.41	250018.29	249248.29	248501.6	247832.95	246848.64	245525.81	243587.24	241685.31	239737.94	238289.28	236771.81	235072.44	233253.38	231672.04	230527.74	229521.15	228562.57	227435.05	226453.49	225581.34	224809.9	224245.14	224375.79	225145.35	226057.29	227031.48	228023.94	229007.25	229798.91	230024.98	229812.04	229657.78	230650.19	232646.4	234769.26	236141.47	237267.27	238302.64	239440.73	240284.27	240947.97	241804.92	242470.77	243474.77	244898.69	246817.73	248816.66	250187.3	251737.61	252671.04	253538.45	254109.31	255161.41	256076.16	256792.65	257454.68	258484.39	259554.42	260369.94	261079.8	262008.58	262824.75	263613.16	264653.24	266390.61	268467.35	269895.74	270714.67	271262.8	272138.15	273007.47	273848.96	274746.77	275382.37	275451.88	275148.84	274905.93	275154.44	275593.61	276440.91	277417.17	278700.59	280308.46	282570.09	285200.88	288336.03	291219.5	293851.8	295840.83	297109.74	297690.9	298140.44	298509.31	299412.02	300478.79	301937.94	303352.28	304236.51	305875.13	307590.83	309712.65	311378.22	313415.06	315953.29	318356.85	320842.41	322989.75	325029.67	326319.96	327571.85	328807.56	330537.12	332185.88	334281.98	336141.34	338191.76	340230.04	342560.46	344864.66	346625.49	347323.17	347344.81	347769.8	349670.69	353558.58	358420.05	363769.48	369198.94	374638.95	380465.11	385482.98	390753.71	396906.04	403350.27	409301.77	413353.36	417298.32	421787.13	427683.77	434452.15	442168.27	450257.46	458520.89	466615.82	473467.95	478449.47	479866.74	478517.87	475499.28	473209.8	470943.81	469144.99	468033.84	468353.04	469919.44	471329.79	473998.4	477008.31	480099.74	482389.26	484581.25	486970.74	489980.96	493724.55	497475.52	501272.87	505490.48	510336.1	513490.36	514804.85	514277.56	514286.47	514772.52	516271.62	517975.43	519465.13	521110.99	521727.25	521529.16	520505.03	519294.04	518180.66	517593.89	518081.97	519023.78	519250.57	519110.04	518739.28	519028.26	519592.08	520264.71	520629.07	520707.9	520913.72	521200.75	521455.47
78621	1182402.48	115072.6	115239.7	115638.97	116183.62	116723.87	117181.51	117385.83	117510.8	117499.41	117845.02	118472.49	119326.5	120266.9	121082.98	121841.56	122588.04	123325.06	123857.16	124130.32	124162.77	124069.25	124049.99	124091.31	124190.17	124425.44	124899.42	125595.79	126174.19	126746.48	127212.67	127830.44	128341.85	128984.29	129433.76	129606.71	129622.52	129780.03	130125.15	130464.62	130599.21	130671.46	130584.33	130559.89	130608.47	130689.06	130785.27	130848.59	131084.52	131418.07	131803.03	132157.93	132346.19	132588.11	132761.01	132973.45	133098.96	133113.47	133178.4	133311.13	133671.56	134564.39	135300.49	135993.24	136168.13	136586.48	137053.43	137723.8	138390.59	139076.62	139680.1	140220.67	140697.97	141150.33	141608.89	142208.87	142526.14	142834.5	143057.14	143570.07				135623.26	135669.99	135865.04	135668.74	135191.35	134944.3	134771.92	135025.34	135017.53	136208.57	138364.26	140599.08	141779.59	141663.13	141620.74	141704.75	141960.44	141842.59	141744.84	141415.9	141285.57	141003.17	140857.98	140556.73	140256.81	140031.31	139972.66	139967.93	139979.8	139909.95	139775.68	139345.19	138771.29	137859.03	136921.23	136004.85	135526.58	135241.63	134982.26	134644.02	134283.45	133957.76	133800.67	133599.81	133293.42	132792.11	132272.89	131668.87	131095.61	130517.86	130025.0	129549.88	129208.39	129082.47	128958.51	128785.4	128586.63	128419.13	128148.83	127776.09	127379.75	127278.59	127296.23	127437.76	127548.29	127926.5	128396.08	128935.72	129405.98	130047.01	130695.47	131194.59	131116.53	130772.16	130452.05	130427.0	130868.53	131683.16	132775.14	134061.21	134980.33	136074.82	136829.06	137771.2	138605.77	139829.58	141491.08	143400.98	145223.6	146743.95	148142.98	149656.57	151402.45	153129.53	154602.06	155840.61	157117.04	158463.35	160037.13	161625.58	163112.26	164459.01	165563.65	166742.14	167857.23	169529.93	171346.22	173412.16	175084.58	177192.14	179277.46	181254.05	182562.96	183865.19	185419.54	187167.41	188551.17	189520.59	190193.65	190986.56	192030.6	193479.73	195155.02	197048.44	198941.43	200753.23	202176.92	203269.42	204152.11	205326.68	206630.29	208236.59	209924.1	211726.95	213529.06	215008.88	216605.16	217746.49	218855.24	219698.49	220690.59	221447.75	222084.89	222807.18	223810.12	224889.28	225692.35	226075.27	226405.7	226708.82	227080.36	227275.1	227562.34	228114.59	228602.58	229298.76	229996.09	231120.77	232202.22	233413.6	234710.79	235625.0	236091.84	236258.92	237123.9	238949.11	241787.43	245148.73	248914.95	252584.13	256251.32	260629.39	266348.16	273939.95	283195.48	293222.35	302619.98	310435.8	316488.64	321884.46	327313.47	333455.88	341573.25	351301.96	362569.54	373285.55	382471.43	389123.95	391476.34	389984.8	385006.73	380106.58	375223.26	370965.01	365746.22	360593.04	355514.49	351927.52	349590.55	348616.55	347357.65	345500.46	343088.74	341006.89	338675.22	336217.77	334093.36	332792.86	332234.02	332024.83	331564.01	330838.1	329648.18	328893.56	328112.07	326874.1	325311.7	323922.61	323109.04	322252.78	320845.05	318823.61	316340.24	313840.25	311445.19	309517.03	307953.81	306092.86	304199.83	302426.51	301374.23	300471.34	299111.95	297277.73	294928.16	292485.56	290178.9	288275.4
78633	1169616.35																																																																																												262998.84	262328.11	262150.49	262011.98	262311.67	263090.07	263388.42	263088.88	262022.71	260568.93	259384.95	257935.53	256190.38	254358.38	253186.35	252550.48	252082.53	251168.23	250256.96	248997.36	247849.82	246787.92	247141.08	247785.43	249087.15	249762.25	250035.82	249947.64	249645.43	249809.89	250283.61	250429.64	250757.53	251160.53	252357.81	252301.6	251351.09	249493.37	247721.45	246159.85	244499.3	243372.95	241878.33	240937.26	240643.57	241024.57	241101.42	241455.54	241733.61	242278.58	242261.46	241976.63	242136.67	242723.33	243708.34	244111.03	243820.17	243656.69	244188.67	244994.77	246097.5	247201.23	248396.82	249412.93	250392.11	251616.3	253178.42	254650.3	255926.28	257065.99	258784.28	260909.77	263676.55	266286.57	268844.08	270969.77	273219.89	275716.45	278441.88	281403.05	284267.8	287047.42	289676.84	292470.13	295352.83	298004.99	300107.9	302284.19	304518.23	307242.93	309784.74	312267.63	314118.33	315692.73	316847.01	318235.86	319860.84	322162.95	324604.92	326886.05	328199.78	329354.03	330024.42	330823.04	331228.82	331896.07	332279.52	332415.57	332255.67	332070.03	332466.31	333121.18	334247.37	335355.04	336442.6	337267.22	338138.08	338529.17	339015.7	339200.86	339589.37	340041.87	340560.24	341223.1	341844.44	342080.64	342265.17	342770.91	343495.72	344048.64	344431.35	345379.3	346322.87	347118.25	347569.0	347988.95	348357.09	348090.12	347828.48	347284.59	346839.39	346297.77	346186.65	346144.5	346043.36	345868.51	346389.9	347595.99	349004.23	350604.64	352270.66	353983.41	354928.05	354903.75	354765.5	355461.62	357414.44	360422.61	364195.53	368631.11	373293.63	378029.4	384209.09	393129.62	406348.44	422136.12	438132.97	450099.66	458215.47	462470.96	466748.58	471614.08	478052.17	487025.65	498416.09	511894.36	525139.84	536814.08	545693.9	548822.89	546363.64	539583.48	532156.35	524867.0	517915.19	512018.47	507198.46	503973.27	501260.21	499586.39	498552.03	497129.08	494961.95	491687.66	488657.56	485474.64	482805.48	480122.88	477977.49	476533.98	475695.38	474601.47	472497.17	470125.74	468523.22	467946.83	467829.17	467339.55	466210.74	464806.81	463389.34	461862.78	460191.03	457995.07	455390.27	452770.66	450900.33	450291.95	450325.73	450167.49	449797.29	448956.17	447654.92	445177.22	442027.9	439089.24	437055.57	436620.91	437145.92
72916	1166289.0	143302.57	143642.61	143656.98	143968.87	144192.02	144654.83	144910.28	145183.38	145557.18	146153.67	146987.95	147981.29	149266.08	150234.75	150994.68	151456.17	152103.78	152669.9	153142.26	153398.02	153732.6	154049.85	154285.55	154508.43	154838.15	155384.45	155858.22	156275.6	156826.32	157519.39	158233.23	158790.22	159303.4	159919.38	160441.69	160905.01	161323.08	161925.49	162558.23	163104.79	163664.25	164282.93	165626.01	167500.86		171224.87	171932.08	171923.5	172142.69	172548.49	173166.91	173776.19	174488.37	175203.95	175407.29	175158.4	174746.07	174623.4	174902.67	175550.19	176381.54	177259.42	178460.0	179789.21	181035.2	181711.58	182491.24	183350.78	184496.08	185259.36	185970.43	186368.96	186699.58	187076.45	187448.82	188080.83	188629.66	188935.88	189043.75	189270.12	189930.93	190798.6	191754.76	192754.91	193685.9	194678.81	195716.63	196876.49	197648.3	198879.51	199837.2	200448.42	200211.0	199918.49	199634.63	199455.82	199249.0	201190.02	203627.42	206035.74	206434.06	206189.0	206189.88	206019.03	205838.13	205595.62	205723.85	206277.33	206899.44	207307.85	207303.32	207187.24	207227.45	207271.99	207037.64	206603.05	206025.02	205834.52	205668.98	205604.09	205519.23	205413.05	205459.56	205433.65	205657.8	206247.81	206573.08	206571.12	206005.56	203888.65	201387.37	198776.67	197742.17	197145.98	196793.92	196585.62	196570.25	196766.35	196907.84	197057.53	197222.36	197537.36	197903.66	198132.98	198376.58	198542.04	198499.11	198247.34	197762.81	197426.87	197043.22	196452.81	195622.23	194950.77	194636.22	194513.92	194498.89	194708.97	195191.19	195277.76	195352.21	195595.07	195951.03	196172.89	195967.47	195830.46	195505.8	195302.05	195347.59	195319.81	194916.75	194144.71	193774.21	193933.2	194339.23	194676.38	194822.78	194728.3	194916.2	195514.06	196633.85	197665.65	198304.42	198649.13	199044.0	199836.17	200821.04	202000.21	202988.88	204204.36	205062.85	205840.91	206598.59	207323.44	207772.17	207975.53	208082.62	208259.78	208304.99	208571.7	209059.62	209879.99	210571.83	211102.84	211468.22	211803.06	212167.36	212608.06	213216.49	213848.13	214288.82	214521.85	214945.51	215534.75	216268.77	216746.75	216900.17	216881.95	217193.23	217699.26	218387.98	218573.5	218991.82	219371.66	219952.48	220179.16	220434.94	220780.87	221491.01	222676.76	224576.33	226574.14	228139.89	229053.92	229540.47	229991.87	230520.85	231324.6	232443.03	233704.2	234452.39	234589.27	234454.25	234650.6	235155.31	235907.26	237196.81	238692.91	240885.68	242564.35	244282.06	245150.46	246135.76	247253.65	248892.56	251659.95	255187.8	259270.39	262796.81	265934.7	268403.49	270906.29	273795.54	277197.21	280614.04	283435.48	286028.5	289291.48	292836.33	296043.76	297882.74	298764.17	299180.7	299746.79	300155.45	300268.26	300557.71	301077.77	302256.26	303375.83	305232.56	307729.17	309757.06	310685.54	310461.93	310512.95	310952.65	311364.15	311567.1	311837.42	312811.23	313809.44	314521.27	314645.58	314517.93	314838.61	315070.46	315528.9	315906.62	316838.74	318575.99	320725.58	321911.18	321992.64	320701.19	319532.55	318312.25	317567.11	317252.41	317688.21	319009.49	320665.64	321812.58	322426.3	322681.98	323038.96	322522.53	321868.95	321139.83	321085.8
27546	1156500.0																																																																																																													152271.66	152293.17	151868.81	150905.14	149551.86	150458.05	151705.63	152668.54	151639.79	150738.25	149945.32	149011.22	148513.21	148370.74	148350.42	147657.03	146947.51	146007.93	145690.3	146406.28	147788.81	147482.7	145902.4	143780.27	143676.52	144330.05	145357.74	145228.59	144800.75	142281.45	139813.02	137340.12	136932.92	136947.71	137042.34	136924.15	138178.58	139548.55	140921.33	140598.71	140025.38	139710.87	138983.4	137658.22	136212.32	135883.63	136375.07	136918.29	136626.66	136100.57	135506.49	135526.58	135672.15	136393.11	136614.6	136881.87	136676.86	136934.49	136833.65	136650.96	136425.33	137230.39	138326.45	140021.07	141389.73	142932.38	143933.42	144514.42	144634.54	144450.98	144452.51	144612.72	144865.64	145154.89	145627.14	146720.29	147909.17	148972.63	149355.99	149431.93	149741.36	150606.02	151669.73	152673.67	152830.3	152332.94	151260.13	151260.54	151796.34	152842.2	153448.9	154380.26	155290.74	156407.19	157806.1	159537.9	160558.16	160940.92	160643.42	160939.92	160976.29	160896.97	160604.04	160954.14	161842.81	163367.64	164853.45	166265.01	166618.27	166378.91	166152.08	166143.22	166235.73	166249.51	166651.4	167340.86	167727.21	167899.15	167993.27	168332.78	168891.44	169813.31	171151.95	172503.89	173472.55	174483.35	175614.56	176850.36	177623.23	178571.03	179670.2	180963.82	182124.34	183213.48	184071.28	185068.01	185690.4	186075.42	186323.44	187381.08	189710.37	192525.35	195420.54	198052.98	200555.16	203309.87	206548.3	209904.66	213621.48	216994.36	219962.05	221601.65	222321.61	223253.43	225226.55	227825.26	231854.96	236502.54	242442.48	248610.22	254931.16	260794.84	264530.38	266427.0	266872.45	267574.56	267998.88	267621.83	266412.05	266488.41	268549.45	272129.18	275117.05	277437.72	279164.62	280664.82	281880.73	282588.44	283633.75	284181.54	284647.51	285155.51	286662.8	288592.44	290261.06	291134.9	291641.19	291689.17	291529.81	291228.46	290934.67	291207.83	291653.23	292130.43	291757.44	291005.06	290440.92	290079.71	289936.5	289636.14	289930.11	290875.31	292296.06	293502.53	294444.3	295092.45	295605.91	295571.74	295084.65	294282.32	293443.94	292589.27
72012	1134831.0	94620.23	94674.66	94843.08	95117.36	95422.45	95679.94	95810.38	96026.87	96216.92	96518.22	96964.03	97552.65	98383.26	98873.9	99287.35	99472.89	99808.84	100105.13	100453.08	100797.08	101169.34	101526.6	101825.2	102067.84	102222.02	102375.18	102374.85	102394.89	102514.69	102859.91	103207.46	103437.4	103604.87	103777.76	104016.7	104243.0	104416.31	104605.24	104796.88	105145.7	105501.21	105901.72	106195.22	106565.71	106923.78	107297.38	107526.63	107832.65	108137.76	108635.01	109156.68	109920.73		108016.36	106487.19	106164.34	106173.17	106128.86	106097.07	106312.89	106396.72	106547.85	106838.23	107288.88	108136.76	108570.19	109037.07	109333.58	109923.34	110897.63	112066.67	113122.3	114026.21	114935.02	115716.09	116502.44	117130.03	118226.99	119669.56	119593.45	119038.65	117468.44	116824.01	116108.58	115697.82	115341.07	115214.92	115484.11	116043.03	116797.23	117117.52	118413.59	119481.72	121231.19	122360.36	123726.66	124856.4	125601.37	125970.99	126045.64	126070.64	126031.74	125995.07	125942.49	125982.1	126018.9	125978.65	125950.01	126059.24	126207.45	126275.84	126115.74	125869.61	125652.26	125349.83	125034.78	124637.64	124274.53	123970.8	123721.55	123545.72	123443.81	123419.46	123587.81	123760.38	123893.51	123835.76	123931.96	124133.17	124336.83	124257.19	123978.39	123660.46	123310.15	122968.58	122722.35	122687.86	122796.33	122952.92	122969.78	122990.03	122921.7	122881.61	122764.65	122784.56	122952.35	123322.65	123833.78	124528.57	125424.97	126370.5	126793.66	126901.33	126668.01	126338.03	125835.79	125611.82	125604.8	125628.61	125165.11	124882.98	124849.15	124926.45	124668.35	124255.14	123967.13	123636.02	122971.07	122432.5	122558.67	123201.49	123949.42	124507.03	124867.35	125293.12	125766.18	126514.18	127130.45	127632.02	127660.08	127741.85	127959.28	128447.28	129041.15	129571.84	130127.36	130580.56	130760.06	130752.65	130585.8	130337.65	130069.2	129901.64	130047.67	130234.02	130577.46	131485.22	133017.66	134652.44	136097.68	137265.28	138213.86	138570.9	138654.98	138579.38	138759.82	138912.22	138902.34	138411.76	137696.61	137059.88	136677.76	136497.18	136892.98	137389.86	138024.73	138162.06	138206.67	138518.3	138871.18	139224.35	138928.19	138531.58	137785.81	137494.41	137260.88	137449.65	137375.21	137573.9	138018.48	139001.91	139938.04	140416.76	140861.37	141065.1	141357.36	141338.15	141176.86	141304.6	141702.91	142390.94	143059.1	143561.32	144110.32	144651.47	145281.11	146298.36	147491.23	148963.0	150108.58	151301.34	152377.4	153557.81	154916.82	156217.12	158005.55	160014.35	162438.45	165002.79	167635.72	170068.66	172083.27	174068.79	176110.58	177992.04	179529.68	180488.25	181633.97	182560.84	184124.73	185800.91	187348.49	188098.17	188536.77	189259.87	190418.2	191531.35	193035.31	194836.86	196691.83	198289.61	199990.59	200827.64	200668.57	199829.5	199567.28	199844.28	199962.53	199881.42	199714.88	200032.49	200839.65	201586.19	201904.56	202007.75	202470.82	203037.66	203852.54	204901.72	206310.83	207791.78	208722.71	209084.44	208937.38	209082.34	209480.06	209929.25	210448.99	211537.98	212827.76	214151.48	215028.87	215755.52	216067.97	215639.17	214665.56	213734.05	213391.64	213545.34	214001.78
72023	1106000.0	133969.72	134009.94	134245.69	134563.11	134892.33	135130.24	135497.5	135892.39	136160.01	136418.48	136977.41	137845.92	138846.75	139463.91	139889.1	139936.51	140284.73	140689.57	141386.52	141877.31	142310.68	142637.74	142899.28	143218.38	143491.48	143850.53	144097.27	144259.19	144674.75	145119.06	145706.06	145956.74	146192.15	146463.27	146881.71	147402.18	147849.94	148294.74	148763.64	149282.52	149916.47	150467.33	151054.2	151552.66	152058.88	152626.49	153310.86	154081.34	154767.8	155465.59	156202.34	156992.41	157716.75	158399.32	159108.33	159850.48	160310.31	160532.64	160797.75	161387.32	162415.8	163492.33	164646.31	165667.88	166692.38	167529.2	168294.06	167977.31	167695.38	167518.01	168079.97	168527.66	168700.38	169360.78	170343.37	171215.45	172098.31	172716.49	173513.1	173841.25	174147.65	174442.15	174860.86	175388.81		168867.86		159791.94	157228.89	156465.68	155952.86	156084.71	156349.98	156361.47	156103.51	155843.86	156017.92	156239.52	156254.48	156133.8	156009.92	155756.32	156298.57	156988.91	157924.96	157932.37	157715.06	157379.88	157326.1	157310.96	157356.98	157273.17	157087.56	156725.91	156176.8	155672.26	155246.78	155042.86	154960.89	154858.33	154841.14	154779.88	155024.31	155299.53	155612.89	155709.45	155604.03	155489.61	155309.96	155255.85	155140.72	154893.09	154422.78	153890.43	153597.03	153475.38	153417.91	153399.19	153439.63	153689.61	154026.89	154462.18	154811.44	154948.52	155024.48	155130.56	155443.42	155741.24	155854.2	155753.67	155382.96	155006.49	154745.08	154721.57	154642.81	154554.18	154553.18	154884.51	155457.21	155974.96	156244.46	156259.49	155975.91	155778.79	155673.97	155775.76	155639.37	155241.96	154725.29	154395.79	154268.15	154276.46	154531.02	154875.88	155053.75	155021.55	155030.04	155286.62	155680.66	155911.85	156055.47	156105.57	156303.03	156473.05	156727.18	156919.75	157278.42	157703.5	158134.38	158551.34	158627.65	158528.31	158386.0	158454.75	158554.5	158814.39	159045.8	159206.61	159142.55	159283.62	159636.04	160061.65	160199.97	160151.5	159957.33	159919.0	160100.82	160483.61	160803.08	160967.56	160976.61	160824.46	160707.32	160791.17	161233.23	161708.86	161993.33	161925.44	161848.75	161676.42	161590.77	161269.39	161383.22	161551.48	161909.37	162002.75	162247.81	162677.56	163438.64	164392.9	165144.11	165616.4	165866.8	166319.13	166661.23	166793.78	166541.36	166404.27	166586.42	167217.28	167895.89	168407.4	169144.54	169959.47	170674.53	171213.4	171801.23	172916.52	174396.53	176247.92	178384.49	180304.55	182003.47	183495.96	185113.21	186943.14	189168.25	192206.66	195369.06	198069.79	199516.52	200555.42	201565.88	203134.93	205592.88	208581.72	211760.4	214753.12	217236.16	219065.42	220185.97	220995.24	221870.26	222693.79	223364.22	223549.6	223497.75	223727.09	224640.21	225936.67	227516.89	228755.14	229513.35	229964.63	230592.73	231500.92	232197.02	232526.25	232855.54	233666.28	235142.8	236478.47	237386.55	237936.89	238420.91	239129.67	239623.77	240513.26	241296.85	242516.84	243525.41	244047.39	243753.07	243125.75	242582.97	242436.18	242394.87	242476.84	242882.4	243931.25	245753.41	247582.38	248925.56	250030.19	251258.75	252283.14	252606.03	252661.96	252844.64	253266.06
72753	1101408.0	89211.03	89304.8	89510.49	90127.14	90703.6	91732.12	92844.98	94094.3	94730.76	95276.53	96185.18	97548.67	98765.29	99459.42	99891.91	100007.85	100177.08	100033.3	99876.99	99615.73	99466.59	98410.16	97411.33	96635.01	96777.89	96683.95	96501.42	96761.63	97571.71	98262.46	99457.52	100237.46	101086.02	101227.05	101546.03	101788.9	101745.1	101435.92	100978.23	101200.04	102279.5	104271.86	106376.42	108513.28	110685.82	113060.52	115228.81	116590.72	117333.69	118088.21	119457.59	120692.37	121413.13	121881.14	122295.86	123192.43	124141.28	125034.91	125561.76	126167.82	127232.05	128968.77	130540.61	131961.07	132932.0	134226.32	135525.17	136790.02	138286.49	140270.59	142374.29	143893.69	144877.62	145921.57	147186.98	148722.37	150264.72	151419.37	152527.66	153382.64	153689.57	153453.07	153197.3	153624.98	154387.33	155332.49	156212.84	156884.75	157178.57	157061.68	156575.48	155324.13	154012.13	152956.01	152351.03	151712.65	150899.51	150428.34	150066.49	149051.25	147368.18	144914.89	142582.82	140739.77	139512.29	138382.25	136171.37	133646.43	131589.79	130110.88	129107.36	128214.61	127369.86	127270.81	127769.63	128875.83	129709.96	130008.75	130317.62	130293.07	130159.55	129956.07	129568.21	128975.11	128226.37	127259.14	126156.94	124474.75	122078.29	120219.78	119129.76	118933.34	118382.6	117947.01	117555.22	117067.83	116296.84	115587.84	115124.28	114932.43	114955.02	115158.16	115452.11	115724.57	115867.17	116150.1	116574.95	117388.69	118619.36	119957.46	121456.41	122260.65	123323.86	123888.56	124431.6	124570.8	124942.48	125450.05	126008.35	126534.93	127093.47	127708.57	128221.01	128813.51	129677.79	130763.15	131604.9	131938.64	132155.76	132443.65	132734.55	133033.25	133564.38	134131.96	134681.35	135057.27	135619.98	136062.58	136632.36	137257.5	137971.63	138602.56	138900.28	139253.67	139401.03	139830.13	140440.61	141467.5	142694.39	144058.54	145296.87	146522.71	147892.8	149275.64	150077.53	150548.17	150926.11	151359.23	151424.58	151560.39	152071.56	153162.03	154597.19	156088.32	157627.76	158949.56	160134.4	161075.2	161807.11	162377.06	162847.33	163267.72	164168.84	165326.78	166749.36	168032.46	169317.86	170343.49	171401.21	172336.96	173201.08	173937.29	174712.57	175675.69	176751.8	177530.3	178034.27	178414.36	178955.34	179807.44	180788.43	181828.18	182565.79	183193.82	183656.58	184294.02	184855.59	185495.22	186213.35	187105.69	188360.45	190017.87	191476.66	192552.41	192988.14	193520.1	194414.39	196056.56	198458.79	201600.38	205096.28	208401.75	211328.8	214212.16	217545.19	221081.79	224759.66	228486.35	232606.92	236762.63	240592.4	243880.93	247052.29	250344.49	254439.3	259265.8	264709.84	271009.57	277230.98	282498.65	284509.22	284474.33	283353.18	283003.93	282670.83	282227.01	281341.46	280814.11	281131.69	282500.23	284413.98	286835.75	289077.32	291115.66	292573.7	293899.88	294615.73	294721.39	294762.57	295394.96	297116.47	298761.13	299725.75	299836.3	299761.26	300174.18	300765.67	301298.81	301962.95	303035.92	304437.99	305739.71	306478.28	306799.88	306854.72	307098.52	307751.77	308703.93	309968.27	311246.87	312743.24	314374.26	316236.05	318046.5	319340.83	319750.24	319740.9	319829.13	320269.5	320550.91
35603	1078633.14																																																																																114765.54	115297.15	115391.08	115534.74	115871.75	117009.04	118409.13	118596.51	117169.75	114839.4	113663.04	113960.37	114839.62	114990.26	115012.38	116357.07	117405.47	117856.34	117192.39	117075.27	117281.5	117566.02	117834.96	118064.64	118229.18	118387.77	118354.22	118251.81	118185.68	117919.73	117653.65	117321.94	117297.98	117346.42	117338.03	117159.27	116797.45	116244.82	115461.6	114659.29	113974.02	113421.72	112828.05	112326.97	112107.89	112267.2	112338.99	112326.86	112088.04	111959.4	111640.14	111233.78	110775.87	110276.27	109644.35	108855.78	108326.73	108184.44	108248.24	108323.25	108391.04	108504.47	108494.34	108326.31	108103.12	107965.4	107769.72	109066.79			120072.1	125375.81	131006.6	136506.71	141394.68	145291.98	148120.02	150156.75	152036.1	154097.99	156200.41	158802.07	160983.73	162630.97	163485.73	164190.17	164997.35	165154.58	164863.35	164257.94	164026.71	164032.4	164616.57	165205.81	165662.22	165587.48	165287.12	164439.47	163328.08	162356.89	161853.6	161481.64	161234.98	161504.97	162368.75	163661.0	164711.77	165392.6	165845.44	165967.89	166336.48	166475.61	166965.97	167270.17	167688.84	167542.67	167539.75	167435.43	167717.42	167812.02	168030.57	168390.24	168730.31	169051.89	169442.92	170186.12	171028.92	171537.92	171797.39	171689.14	171560.74	171448.91	171635.68	171897.72	172439.43	173146.29	173817.6	174499.09	175064.96	175861.76	176187.83	176321.88	176364.52	176824.56	177376.63	178032.76	178405.33	178941.66	179765.49	181125.0	182936.53	184713.12	186112.63	187045.98	187675.54	188432.33	189147.02	189679.06	190163.9	191054.48	192328.49	193794.94	195444.99	197596.64	199861.44	201561.94	202958.6	204497.32	205946.49	207629.13	209576.14	212451.59	215365.06	218132.78	220839.54	223509.66	226794.56	229982.82	233527.58	237291.46	241555.13	245213.47	247863.82	250154.76	252686.18	254835.37	256399.6	258003.39	260722.27	263985.8	267225.3	268844.38	269371.47	268913.22	268523.1	268083.85	267811.48	267561.0	267049.4	267429.22	268757.95	271164.48	273266.19	274164.54	274511.18	274613.01	275059.08	275339.19	275288.5	275044.76	275213.27	275988.01	277314.4	278315.48	278730.03	278911.28	279291.07	279864.43	280523.37	280829.85	281348.93	281751.29	282085.13	281860.07	281944.18	282518.95	283119.05	283142.75	282683.1	282281.86	282101.2	281948.71	281851.69	281673.85	281907.81	282046.54	282127.75	281802.12	281450.05	280776.76	280397.69
32653	1032500.0	129175.55	129357.86	129725.25	130130.37	130541.62	130749.03	131184.3	131685.78	132239.29	132662.54	132997.54	133249.37	133527.63	133963.13	134483.7	135161.98	135729.71	136353.71	136960.91	137561.72	138077.52	138592.36	139158.01	139699.68	140173.41	140690.54	141353.64	142093.91	142910.62	143781.81	144711.37	145674.81	146722.69	147717.53	148665.35	149495.17	150283.02	150943.39	151652.5	152598.46	153774.91	155045.65	156552.09	158209.09	159956.01	161591.88	163085.12	164775.46	166175.29	167611.02	168791.2	170547.7	173077.8	176434.82	179801.82	182623.86	184698.11	186373.12	187465.7	188347.75	188694.08	189121.75	190492.96	193374.08	196838.12	200691.88	204272.89	208725.69	211953.3	215337.21	217751.93	220287.68	223068.89	225544.46	228706.28	229863.38	232199.03	234616.93	238497.95	241860.07	244479.49	246555.6	247105.33	247545.53	247184.64	247164.29	247628.05	249057.83	250629.02	250939.84	250469.52	249579.16	248239.69	244406.0	240767.59	238536.17	237620.12	236376.17	233711.2	231985.0	230273.55	228295.6	225624.15	222388.8	219321.94	217069.45	215222.58	213421.73	210606.17	207983.57	205327.44	203255.58	201055.52	199154.93	197342.77	195559.83	194472.09	193693.96	193416.24	192563.32	192909.66	193819.55	194596.03	193828.09	191523.44	189017.47	186577.02	184558.62	182638.8	180488.56	178370.81	176499.33	174951.66	173715.29	172620.04	172175.45	171309.16	170058.25	168007.88	166268.12	165065.16	164414.97	164353.95	163772.48	163526.55	163276.85	163404.93	162977.89	161869.45	160749.8	159910.45	159298.31	159272.78	159179.88	159721.3	160169.87	160922.4	161738.46	162695.44	163579.48	164400.45	164811.46	164879.59	164488.28	164443.85	164551.78	164744.43	164892.19	165489.34	166783.97	168117.3	169506.69	170667.29	171419.27	171740.65	171635.63	171991.6	172399.14	172927.89	173382.09	173843.65	174693.22	175384.13	176083.75	176717.43	177562.17	178770.42	180057.74	181523.35	182827.4	183904.31	184690.23	185572.43	186427.99	187246.96	187850.26	188552.36	189304.18	190073.14	190985.27	192049.73	193341.07	194442.91	195616.92	196739.84	198067.23	199391.89	200905.17	202330.54	203830.04	204800.08	205629.33	206278.34	207112.94	208148.33	209300.84	210454.19	211660.54	212964.79	214340.09	215621.86	216445.84	217418.77	218151.78	218988.39	219530.33	220132.34	220958.07	221429.09	221742.33	221872.78	222511.59	223434.58	224784.28	226312.9	227832.56	229014.2	230010.18	231046.75	232558.04	234573.82	236599.22	238347.19	239485.03	240237.55	240571.9	241097.53	242259.11	244480.82	247327.78	250636.66	253899.37	256998.92	259944.81	262601.52	265585.61	269225.48	273640.68	278061.65	281701.3	284278.19	286144.84	288240.28	290831.15	294529.46	298957.57	303873.41	309052.74	314023.96	318885.41	322739.85	325051.23	325934.08	326069.81	325935.93	325473.12	324740.15	323966.05	324443.24	325923.81	328812.24	331865.43	334130.06	335458.43	335919.32	336634.66	337385.63	338233.82	339186.42	340428.44	341650.71	342578.59	342851.05	342705.47	342171.14	341742.56	341465.1	341441.31	341622.32	341686.75	341807.05	341497.27	340532.93	338845.59	336885.06	334839.19	333211.94	331600.72	330564.52	329571.17	329060.41	328989.64	329181.0	329389.23	329460.29	329476.59	329308.18	328599.43	327318.51	325756.74
32570	1001449.0	92506.73	92680.64	92901.09	93489.24	94198.15	94826.07	95224.35	95425.39	95588.93	95719.31	95937.98	95951.89	95881.14	95748.79	95302.62	94816.77	94389.39	94390.32	94616.77	94807.84	95126.43	95366.93	95604.76	95904.06	96101.97	96141.14	96120.57	96224.11	96319.19	96409.62	96540.04	96802.29	96898.69	96989.07	97155.73	97616.16	97903.42	98234.68	98582.48	99235.3	100054.77	100813.22	101474.7	102004.31	102601.23	103325.97	104180.62	104953.76	105556.76	105923.09	106662.99	107476.72	108384.81	109257.02	110562.17	112222.28	114086.48	116006.19	117666.69	119289.27	120681.24	122451.46	124050.91	126325.53	129093.06	132631.91	136471.95	140152.92	143299.53	146084.28	149586.28	153227.88	155675.78	156971.8	158421.0	160744.78	162732.96	163759.51	163983.73	163526.52	163212.0	163017.78	162844.3	162430.03	161819.8	161541.45	160959.27	160340.99	159553.95	158616.02	157432.91	156406.65	155269.09	154073.65	152548.11	151001.07	148846.79	147203.31	146090.72	145617.87	144402.44	142727.71	141268.75	139921.87	139334.55	138195.79	137142.85	135895.86	135525.25	134826.18	133226.19	131288.55	130440.53	130443.89	130258.69	129120.49	127735.25	126812.58	126336.62	125774.02	124626.42	123973.45	124143.02	124584.71	124701.55	124016.81	123178.22	122561.56	122039.33	121430.51	120069.26	118766.37	118281.95	117871.85	117224.37	116168.47	115021.35	114294.97	113787.94	113706.82	113310.69	112195.31	111361.79	111045.94	111075.87	110917.98	110610.83	110648.51	110865.29	110954.72	110808.94	110364.83	109855.01	109487.88	109317.61	109387.05	109432.55	109425.81	109759.46	110254.59	111201.02	112077.57	112760.5	113138.4	113241.97	113949.82	114704.74	115626.33	116470.11	117497.92	118483.4	119262.34	119904.57	120458.87	120665.09	120892.44	120990.25	121283.86	121726.56	122477.19	123297.7	123907.59	124507.0	125096.85	125868.75	126747.42	127764.57	128644.39	129211.97	129547.67	129705.27	129966.65	130462.98	131119.22	131775.31	132204.48	132458.32	132548.16	132660.01	133159.11	134013.87	135277.5	136291.28	136924.38	137295.93	137910.06	138866.44	139908.56	140964.33	142078.06	143281.69	144433.21	145583.82	146749.45	147839.16	148750.5	149397.05	150080.2	151015.55	151994.93	152906.83	153758.44	154911.08	156052.38	157085.02	157925.94	158812.87	159730.7	160291.22	160836.81	161286.63	162050.62	162913.59	164002.82	165091.82	166182.75	167261.7	168574.39	169895.39	171102.79	172575.69	174299.95	176130.99	177316.8	178102.94	178906.24	180306.06	182266.79	184761.84	187483.96	190495.1	193482.68	196721.18	199927.3	203405.81	206942.77	211061.15	215665.5	219870.19	222890.89	224885.23	226653.08	229053.35	231578.98	235734.5	241052.18	247521.45	253360.13	258227.09	262584.38	265776.84	267693.04	268013.99	268178.61	268269.19	268278.85	267468.57	267157.02	267706.91	269556.34	271176.66	272639.59	273588.06	274614.66	275174.08	275586.23	276075.7	276561.84	276895.7	277360.41	278145.05	279116.59	279839.34	280030.91	279712.47	278848.27	277647.52	276548.05	275821.95	275852.7	276102.76	276146.76	275557.07	274745.33	273910.89	273144.55	272515.48	271956.0	271596.32	271263.97	271294.22	271760.25	272771.95	274116.37	275528.63	276616.27	277258.26	277581.9	277759.94	277938.05
78253	998386.5	165498.65	165794.85	166092.9	166535.34	165913.04	164828.75	163626.44	163446.32	163484.49	163685.38	163572.79	163440.09	162989.43	162527.71	162007.51	161563.66	161190.83	160799.68	160394.27	160055.71	159808.23	159553.86	159322.38	158943.41	158669.24	158414.78	158449.78	158774.51	159359.06	160027.1	160692.0	161191.73	161586.25	161890.84	162474.55	163224.68	163763.68	163790.18	163461.72	163231.02	163608.28	164604.05	165967.79	167208.13	168064.03	168496.21	168497.41	168507.69	169199.69	171013.55	172902.17	175066.55	176428.8	177739.42	178684.54	179628.51	181307.03	182871.35	184670.17	186062.7	187234.27	188202.08	188955.03	189591.58	190109.17	190462.12	190671.59	190934.61	191137.07	191535.8	191458.74	191094.97	190406.32	190099.08	190092.22	190613.16	191533.22	192766.32	193916.08	194803.22	195615.16	196683.57	198315.42	200515.16	202415.4	203271.74	203304.56	202987.83	203587.07	204702.45	206525.92	208035.59	209258.84	209989.75	210423.53	211031.75	210966.94	210523.1	209688.1	209200.1	208974.09	208513.32	207876.96	206776.81	205599.71	204602.06	204046.05	203625.95	203362.6	202846.88	202536.97	202159.63	201918.72	201421.9	200887.61	200404.51	200133.18	200026.69	200062.51	199873.9	199803.66	199899.6	200505.93	201148.3	201651.07	201771.82	201623.35	201408.79	201128.75	200456.29	199338.7	198200.84	197494.18	197064.91	197064.9	196801.54	196370.92	195523.97	195051.42	194728.0	194576.89	194336.65	194273.74	193912.84	193671.56	193670.57	194281.38	195178.17	196096.57	196852.46	197173.56	197512.62	197792.88	198420.34	198996.93	199380.77	199823.45	200327.42	201292.79	202284.02	203234.59	204057.47	204824.42	205805.94	206917.79	208030.95	208950.04	209598.81	210246.03	210992.84	212000.75	212891.62	213844.23	214646.98	215301.94	215682.96	215981.85	216441.44	217101.81	217802.0	218583.22	219366.82	220112.56	220681.61	221267.5	221904.16	222681.8	223549.16	224463.22	225386.63	226178.3	226887.07	227591.37	228191.55	228405.2	228642.86	228977.61	229690.04	230248.02	230505.47	230662.08	230758.57	231003.88	231274.64	231774.69	232426.13	233111.48	233873.25	234504.07	235257.46	235735.22	236229.37	236353.31	236582.53	236841.56	237625.88	238456.31	239104.54	239713.89	240335.51	241190.34	241801.16	242467.03	242967.31	243558.64	244151.74	244962.21	245817.73	246571.0	247395.01	248150.23	248885.91	249408.37	249867.47	250142.83	250308.68	250568.0	251135.26	251963.87	252984.41	254146.91	255208.42	255942.31	256138.37	256205.05	256440.45	257181.77	258372.93	260331.63	262812.85	265752.53	268576.07	271573.25	274710.28	278292.87	282484.75	287531.05	293219.92	299218.06	304913.11	309939.71	314289.58	318804.47	323534.76	328928.06	334355.28	340341.58	346580.65	352653.54	357956.87	361054.89	361606.77	360133.11	358219.45	356439.01	355179.18	354731.2	353897.46	352649.14	350839.07	349757.05	349319.68	348834.21	348408.73	347327.08	345913.95	343803.45	341252.77	338736.09	336949.46	336350.81	336390.61	336505.17	336247.28	335747.06	335459.24	335314.85	335109.73	334604.94	334100.84	333332.87	332513.6	331369.96	330393.73	329508.08	328869.0	328578.44	328485.25	328662.68	328647.04	328409.63	327887.35	327008.43	326102.73	325184.24	324436.45	323517.79	322391.5	321559.84	321151.42
28016	979719.51																						98648.88	98571.24	98540.95	98485.9	98320.02	98236.92	98198.48	98010.51	98161.46	98537.3	99087.02	99072.38	98669.93	98258.34	97818.4	97557.03	97542.38	97933.56	98411.99	98905.48	98992.17	98875.44	98656.56	98723.72	98864.8	98900.55	98909.07	99155.39	99611.67	99945.33	100071.93	99668.12	99675.74	99726.18	100628.34	101436.47	102147.07	102679.83	103092.7	103473.12	103496.67	103459.08	103506.71	103693.83	103769.99	103878.89	104055.12	104074.64	104130.47	104174.31	104429.66	104624.17	104917.18	105218.9	105568.32	105944.18	106475.68	106877.61	107106.93	107470.22	108197.03	109000.33	109468.29	109621.53	109770.45	109805.7	110000.95	110060.47	110238.0	110477.38	110750.52	110999.5	110865.49	110851.85	110754.62	110425.44	109636.06	109255.77	108853.8	108863.1	108612.58	108570.12	108078.66	107026.32	106129.85	105794.58	105612.16	105103.26	103791.1	102959.09	102652.05	102811.89	102324.84	101363.6	100257.18	99830.0	99419.79	98901.94	98442.89	98395.58	99302.85	99700.3	99252.31	98329.06	97816.01	98014.36	98112.96	97977.64	97829.35	97393.58	96729.86	95600.63	94361.01	93351.16	92893.95	92692.6	92152.12	91434.09	90010.9	88558.01	86946.7	85612.59	84342.82	84016.93	83342.31	82351.81	80252.51	78903.14	77956.84	77276.6	76709.35	76689.35	76642.88	76538.8	76361.52	76607.99	76943.12	77596.98	78123.46	78901.19	79491.41	79766.27	79887.99	79818.34	79868.93	79879.78	80004.73	80099.38	80203.12	80279.8	80811.88	81500.63	82035.77	82139.65	82087.5	82038.62	82098.13	82379.36	82898.26	83309.52	83650.96	83980.37	84753.39	85688.56	86700.11	87701.96	88963.22	90070.21	90933.3	91391.96	91970.73	92799.49	93770.25	94516.8	95113.36	95179.57	95264.4	95210.3	95900.69	96915.5	98203.53	99319.84	100265.26	100999.3	101620.63	102415.04	103604.93	104463.88	105201.99	105825.44	106781.29	107577.17	108250.44	109112.42	110134.32	111056.15	111570.4	112362.37	113528.24	114946.18	116207.93	117250.49	118496.14	119894.38	121262.56	122555.02	123779.17	125223.47	127112.37	129078.28	130463.14	130998.97	131216.96	131619.48	132325.83	133070.97	134449.64	136126.54	137820.77	138768.19	139672.77	140780.61	142353.09	143391.41	144084.39	144949.9	146580.06	149207.63	152491.83	155865.67	159128.85	162073.3	165394.44	168759.6	172057.07	175267.79	178988.37	182018.2	183842.59	184250.19	184999.48	186562.61	188457.89	192089.87	197008.85	203137.71	208574.65	212787.97	216509.0	219245.98	221071.76	221969.48	222500.55	222675.53	221677.82	220121.82	218675.52	218306.06	218729.25	219824.33	221176.04	222291.55	223306.56	223988.42	224589.13	224976.34	225283.87	225490.02	226345.28	227943.12	229884.32	231761.58	232881.77	233689.89	233805.11	233731.96	233564.41	233477.12	233804.96	233946.75	233829.26	233365.71	233245.96	233791.5	234578.49	235683.84	236681.31	237900.16	238387.19	238101.83	237395.59	237203.06	237828.11	238221.74	238121.3	237863.56	237954.04	238494.08	238798.36
74074	969000.0	115012.63	115170.66	115379.71	115761.85	116166.72	116617.72	117158.26	117642.04	117977.39	118238.02	118626.71	119229.49	119939.71	120619.3	121179.21	121787.4	122384.6	122936.77	123338.79	123693.73	124083.96	124543.76	124936.38	125291.95	125387.36	125588.64	125852.38	126334.5	126763.89	127090.6	127386.06	127739.61	128195.74	128699.49	129130.87	129561.94	129792.61	130098.94	130408.95	130923.7	131318.99	131634.47	131766.23	132015.31	132293.42	132704.6	133115.73	133596.86	134040.47	134490.52	134885.62	135327.72	135709.74	136058.72	136365.69	136830.02	137407.87	138184.07	138786.44	139323.68	139647.59	140115.83	140570.97	141148.87	141727.47	142445.84	142684.87	143243.31	143822.56	144856.14	145473.27	145979.4	146390.62	146897.06	147419.78	148125.26	148112.77	147723.94	147375.09	147662.79	149076.58	150738.63	152777.29	154022.43	154788.39	155212.68	155670.15	156025.53	156135.77	156311.33	156633.71	157048.86	157207.34	157422.24	157530.26	157807.64	158039.67	158430.38	156513.71	153936.52	151442.08	151114.85	151512.99	151807.22	152018.71	151986.31	151967.41	152076.84	152077.74	150972.07	149568.64	148199.61	147944.85	148004.74	148201.81	148174.0	147869.53	147415.26	147093.81	146900.18	146882.67	146894.25	147096.65	147315.23	147647.76	147846.28	148028.68	147980.86	147808.15	147406.95	146831.22	146226.55	145643.21	145300.77	145175.74	145181.37	145426.21	145693.23	146007.87	146043.76	145980.92	145774.83	145672.52	145643.73	145778.14	145867.08	146015.08	146294.56	146971.61	147643.83	148469.02	148927.93	149353.18	149743.68	150776.48	151867.63	152749.05	152746.23	152834.83	152893.12	153374.61	153950.75	154523.24	154876.8	154749.64	154543.03	154472.68	154860.26	155391.52	155742.56	156034.03	156541.75	157582.72	158700.87	159918.06	161008.72	161694.08	161760.54	161939.09	162722.73	163720.39	164556.87	165249.38	166055.69	166869.16	167462.24	168163.81	168811.4	169621.57	170281.5	170972.55	171326.95	171953.56	172761.12	173972.96	175122.96	175857.51	176132.39	176009.92	175793.68	175673.58	176081.09	176285.71	176272.53	175781.77	175745.65	176175.98	176846.05	177308.14	177581.69	177714.65	178052.01	178667.27	179434.23	180277.19	181272.06	182662.6	184094.98	185043.84	185408.84	185459.91	185634.48	186255.82	186815.01	187174.82	187035.99	187285.82	187808.18	188658.15	189661.83	190773.0	191891.86	192716.56	193385.11	193689.15	194234.43	194939.14	195920.98	196978.72	198055.13	199284.21	200332.24	201196.96	201593.4	201684.78	201656.15	202479.64	203542.67	205309.77	206927.49	208901.36	210714.95	212265.85	213865.72	215366.81	216982.61	218626.05	220469.36	222429.33	224510.69	226628.37	228973.39	231383.14	233351.95	235017.25	236424.54	238183.28	240247.94	241818.97	243510.45	244541.27	245409.06	245722.38	245969.17	246333.35	246382.45	245926.99	245454.08	245596.28	246816.22	248733.35	250812.47	252320.13	253094.29	253343.99	253707.35	254355.16	254990.24	255800.42	256903.33	258207.05	259207.13	259454.76	259685.49	259683.1	259933.52	260108.93	261125.89	262665.87	264534.67	266026.19	266679.33	266464.53	266017.11	266067.59	266434.64	266995.24	267590.46	268524.66	269270.89	269962.64	270737.63	271587.37	272440.63	273280.06	274368.26	275333.65	276396.89	277130.01	277850.32
80904	967310.0	156605.13	156975.1	157088.71	157620.47	158166.83	158844.59	159622.69	160522.91	161672.04	162655.8	163558.87	164334.86	165336.53	166337.38	167654.19	168996.97	170671.62	172341.19	174191.04	176011.0	177622.88	178918.34	179876.85	180645.32	181169.86	181469.18	181673.6	181758.51	181943.6	182211.05	182738.78	183275.15	183962.31	184718.14	185300.05	185506.8	185501.8	185780.08	186327.39	186902.95	187462.22	187864.01	188498.02	188947.56	189613.42	190036.96	190800.03	191525.3	192320.25	192894.11	193456.43	194292.1	195282.25	196547.93	197678.26	198714.66	199387.02	199991.88	200602.41	201349.46	202237.91	203162.33	204007.98	204826.3	205946.52	207055.15	208066.89	209077.24	210217.29	211139.25	211725.58	212222.78	212813.39	213120.74	213599.29	214095.73	214834.98	215479.01	216218.2	216767.76	217123.39	217311.67	217382.59	217738.02	218353.22	219288.42	220126.88	221023.72	222144.06	223163.01	224101.19	224593.33	224737.44	224194.27	223815.12	223693.01	223482.37	223293.95	222610.69	221959.78	220723.82	219513.68	218458.09	217720.4	217339.26	216918.5	215977.68	214624.66	212980.73	211932.85	211215.43	211478.6	211789.95	212300.36	212128.59	211708.04	211112.0	211153.66	212421.71	214034.3	215317.57	215531.18	215433.46	215230.04	214729.75	214162.44	213198.68	212061.36	210624.66	209420.27	207904.51	206013.89	204379.56	203253.61	202508.11	201684.24	200925.14	200364.44	199775.84	199603.15	199641.83	199552.77	199283.9	199109.13	199513.78	199867.12	200016.46	199625.62	199575.76	200157.0	201176.42	202436.08	203869.36	205607.19	207378.51	209037.32	210239.73	211173.02	211752.35	212616.67	213458.68	214590.16	215542.08	216509.7	217744.58	219102.78	220313.95	220725.74	220752.37	220810.73	221334.81	221985.43	222747.08	223116.85	223469.57	223797.02	224776.36	226273.43	228016.37	229644.78	231092.12	232557.47	233822.87	235114.19	236165.46	237656.65	239445.01	241634.81	243548.95	245428.85	247129.64	249034.12	250624.24	252073.87	253354.44	254937.18	257098.74	259374.94	261050.32	262377.18	263653.68	265315.68	267132.92	268866.36	270700.83	272804.33	275054.17	277377.57	279549.87	281502.43	283236.43	284451.35	285776.46	287324.44	289274.19	291767.43	295116.64	299649.8	304765.24	309342.98	312711.78	314907.2	317763.35	320725.23	323642.96	325418.16	327074.08	329042.1	330540.17	331682.27	332375.7	333179.95	333749.1	334148.78	334760.69	335659.34	337046.47	339345.25	342402.25	345931.06	349016.03	351958.43	355195.96	358843.77	361640.59	363057.76	363942.25	365601.84	368361.34	371954.4	376404.15	381892.83	388040.82	394947.06	403119.03	412020.07	421521.05	429736.1	435546.78	438187.76	438702.28	439984.72	443001.52	447426.37	453347.56	460490.5	469183.18	477462.89	484375.82	488412.65	488297.12	484600.29	479292.35	475036.11	472014.27	469458.65	466310.28	463607.07	461806.21	461110.04	460931.25	461634.32	462975.36	464915.7	466326.15	467094.81	466843.37	466110.98	465223.34	464725.8	464963.07	466176.7	466947.21	467215.24	467022.69	466980.27	467567.38	468185.02	469041.77	469235.7	468911.63	467653.8	465315.86	462555.8	460175.81	458720.12	458237.37	458483.33	459462.96	460509.16	460886.53	460643.48	459889.53	458854.35	456834.16	454495.1	452400.96	451464.75	451265.86	451574.74
37186	961596.0	86892.52	86749.76	86324.3	85315.79	84267.27	83504.37	83200.48	83001.42	83434.55	84154.52	84863.04	85365.62	86201.94	87383.06	88479.76	88930.29	89298.36	89752.01	90482.71	91118.06	91161.61	91186.7	91193.95	91372.72	91839.3	92261.28	92883.13	93181.42	93461.51	93455.46	92954.64	92200.87	91670.29	91383.6	91597.72	91875.37	92494.05	93059.46	94145.56	94948.59	95264.26	95479.83	95698.61	96282.06	96725.28	97537.6	98113.01	97953.61	97698.5	97452.98	97809.83	98388.35	99272.13	99713.94	99903.61	100065.57	100914.03	101684.81	102676.77	103165.32	103877.61	104325.22	104994.31	105034.25	105236.82	105802.54	106549.36	106822.02	106431.19	106021.25	105857.19	106066.78	106592.21	107667.88	108972.53	110136.04	110724.31	111306.16	111930.85	113345.63	114753.0	116312.74	117611.35	118411.32	119099.97	119115.09	119561.05	119923.97	120492.51	120074.54	118484.47	116379.68	114067.29	112565.19	111381.89	110949.45	110454.33	109791.77	109371.21	109320.34	109666.49	109760.9	109797.37	109482.9	108879.01	108334.62	107867.05	107573.22	107247.29	107135.99	106986.51	106813.34	106811.21	106889.51	107157.34	107572.96	108224.71	108585.52	108418.8	107784.94	107146.81	106460.41	105932.15	105214.72	104680.09	104237.0	104641.18	105161.4	105442.45	104754.1	103608.81	102617.32	102027.93	101964.48	101783.96	101900.09	101691.05	101629.06	101352.85	100972.58	100504.8	100036.62	99733.21	99390.35	99197.38	98889.75	98592.68	98069.49	97418.9	97066.12	97108.59	97097.61	97204.18	96928.99	97118.34	96897.95	96715.8	96370.17	96220.03	96289.53	96575.46	97255.36	98232.98	99553.93	100755.35	101700.32	102182.56	102473.43	102399.39	102588.63	102960.06	104081.52	105235.06	106418.09	107357.66	108007.2	108516.21	108923.2	109651.06	110447.58	111019.16	111780.17	112755.16	113851.71	114604.84	115393.33	116307.66	117560.34	118686.17	120077.7	121309.25	122340.0	123504.68	124905.95	126426.1	127682.39	128577.34	129456.85	130455.45	131818.52	133410.56	135059.46	137075.87	139512.42	141513.27	142866.16	143708.41	144580.5	145421.54	146271.74	147548.63	149160.02	151298.92	153772.93	156259.75	158441.87	160247.94	161499.76	162853.55	163788.91	165115.84	166164.05	167181.31	167857.94	168036.31	168168.3	168142.5	168647.01	169784.05	171817.17	174100.17	176219.27	178185.29	180195.66	181980.02	183766.44	185331.44	187501.2	189759.55	192331.34	195378.37	198067.05	200408.78	201826.13	202518.26	201589.37	200076.88	199659.25	201882.37	205349.62	208972.29	211779.5	213962.33	216005.22	218082.65	220666.28	224000.55	228160.57	231976.71	234513.58	236588.3	239230.27	242967.96	246151.26	249770.89	253873.99	257912.46	261254.29	262436.32	263468.29	262789.58	261346.75	258166.9	254784.12	252332.95	250740.11	250263.97	250813.69	253026.85	255698.54	258132.36	260276.96	262404.95	264759.82	267315.78	269215.58	270792.77	271040.59	270712.63	270237.91	271648.04	274949.37	278441.57	280616.89	281398.48	280677.49	279405.07	278414.01	278170.86	279022.39	279663.98	280558.15	280511.59	280327.84	280062.58	279593.11	279761.25	280387.23	281538.85	282332.67	283056.67	283905.69	284940.61	285777.22	287038.85	287831.35	287927.53	287412.14	287350.45	288260.19
19962	944297.9																																																																																																																			235626.1	233978.82	232903.61	229892.07	227207.11	224672.51	223442.25	222820.97	222720.42	222826.76	223116.28	224207.71	225562.36	226315.48	225530.08	222784.92	219859.12	217169.88	215503.77	214306.08	213352.52	212559.68	211801.03	211299.69	211435.46	211180.24	210478.44	208779.61	207184.09	205670.43	204778.52	204261.35	204215.32	204003.38	204166.52	204618.56	205721.88	206728.27	207006.01	206310.76	205806.03	205642.29	205633.46	205283.38	204931.91	205060.02	205724.03	207305.06	208970.91	210053.97	210344.46	210937.42	212062.55	212595.45	212487.5	211934.19	212010.6	212499.82	213938.21	216176.01	218917.39	220689.65	221362.17	221167.68	221593.8	222353.37	223403.85	224295.29	225668.92	227286.71	229157.57	230858.04	232303.36	233390.05	233657.48	233828.39	233821.97	234270.97	234767.78	235258.4	235592.96	236337.23	237517.77	239040.66	240293.74	241127.94	241676.94	242563.65	243229.28	243996.94	244434.41	245258.99	245819.3	246197.88	246142.77	246201.6	245799.41	245696.74	245940.72	246892.04	247822.55	248581.25	249715.57	250859.1	252164.11	253169.19	254515.26	255470.07	256123.86	256166.57	256226.08	256243.48	256372.93	257151.79	258956.8	261435.18	263730.56	265407.27	266432.76	266902.31	267179.32	267615.35	267850.66	268029.34	268704.05	269953.44	271533.84	272888.51	274515.81	275789.55	276527.14	276925.07	278060.82	280092.03	283034.71	286590.35	291122.09	296256.09	300977.2	305487.09	309709.23	314688.06	319769.59	324871.39	329724.42	333673.6	337242.77	340477.54	344554.77	348909.03	353506.98	357933.24	362735.23	367686.94	372294.85	376067.45	378022.6	378778.47	378034.96	377641.71	377298.67	377749.56	378127.73	379190.18	380021.22	381336.24	382575.74	384901.85	387469.55	389828.75	391828.37	393535.03	395416.06	396910.63	397753.54	398254.62	399021.37	400273.78	401329.27	401992.8	402454.98	403316.8	404461.32	405949.88	407907.36	409740.11	411192.74	411751.19	411758.61	412103.64	412607.09	413386.27	414238.77	414791.3	415229.73	415423.47	416441.09	417674.37	418736.81	419258.82	419843.38	420404.93	420952.87	421670.0	422599.06	423841.36
78628	939513.46																																																																																												252286.74	251885.92	251533.73	251391.89	251468.52	252108.0	252949.74	254475.5	255664.94	256087.59	255745.09	254926.39	253494.48	251747.13	250281.46	249481.06	248734.36	247372.24	246328.96	246127.08	246217.71	245555.96	245047.21	245008.77	245798.6	246330.94	246180.56	245846.17	244896.84	244634.27	244976.54	246034.26	247398.56	248626.12	249593.57	249275.86	247716.7	245397.27	243123.33	241406.22	239367.96	237898.12	236405.19	236575.52	237509.15	238724.6	238666.35	238844.06	239042.63	239730.19	239710.49	239219.57	238900.07	239197.71	240242.92	241729.76	242649.01	243318.17	243934.52	244696.29	245530.02	246110.63	246472.43	246891.74	247489.69	248701.1	250393.75	252081.43	253858.99	255716.97	258149.18	260715.21	263123.35	264954.61	266073.71	266995.31	268238.53	270489.95	273131.76	276053.85	278802.89	281686.44	284151.53	286461.34	288492.35	290213.98	291310.12	292534.91	294102.5	296470.51	298713.62	301035.54	302769.18	304432.98	305871.35	307546.65	309389.8	311358.54	312968.44	314256.9	315316.99	317132.97	318773.5	320146.74	320891.93	321878.0	323102.2	324211.95	325329.47	326451.06	328111.35	329798.7	331722.15	333773.42	335699.45	337321.18	338393.32	338935.91	339200.7	339624.35	340380.82	341276.8	342011.91	342621.3	343521.76	344628.18	345883.29	347267.37	348096.4	348478.77	348436.42	349034.86	349546.53	349777.23	349539.7	349461.94	349704.93	349447.1	349293.01	349150.2	349242.63	349260.72	349392.36	349737.57	350385.44	351214.35	352625.13	354535.96	356563.01	358722.67	360838.28	363028.92	364524.21	365046.89	365358.31	366547.96	369141.68	373396.71	378798.83	385273.69	392225.03	399881.17	409065.77	421658.6	439861.21	462704.67	486175.19	504403.72	516334.96	522775.48	527881.53	533817.66	541437.53	552187.68	566163.42	582941.47	600369.09	614718.31	624146.32	624394.15	617517.49	605871.6	594935.39	584617.42	574865.84	566056.37	558340.21	552558.69	547392.82	545137.62	544621.2	544322.44	542323.93	538567.87	534810.24	531409.91	529041.01	526742.31	524969.57	524206.57	524850.1	524912.78	523724.36	521446.09	519392.62	518068.7	517474.57	517418.4	516720.02	515653.29	514378.38	513059.66	511559.92	509285.83	506441.34	502960.11	500407.26	498713.69	497443.85	495382.13	492863.93	490001.49	486975.39	482664.63	478439.57	474514.11	472227.2	471477.84	472069.52
46239	927788.03																																											129850.94	129823.2	129915.74	130247.33	130702.27	131213.92	131185.21	130904.47	130508.17	130650.55	131305.14	132110.3	132808.21	133248.83	133626.3	134214.75	134916.77	135525.35	136097.77	137310.12	138923.56	140670.35	142193.73	143712.41	144974.33	145558.34	145743.22	146049.26	146662.06	147365.8	147416.62	146998.26	146540.59	146847.59	147366.05	147663.27	147610.95	147647.22	147647.05	147466.47	147230.44	147054.21	146630.89	146093.71	145738.11	146000.65	146212.78	146303.28	146075.03	145631.11	144968.34	144240.85	144192.28	144411.58	144363.16	143791.02	143269.04	143319.31	143797.29	144257.27	144377.81	144313.85	143849.43	143418.01	142623.13	141437.68	140282.19	138757.52	138033.9	137630.52	138145.21	138832.63	139752.44	140370.61	140847.97	140594.03	140873.95	141443.82	142203.78	143046.38	143759.36	144533.11	145002.35	145036.95	144073.48	142417.38	139838.08	137977.05	136209.43	135530.74	135091.18	134711.03	134187.77	133532.18	132458.3	131343.96	130629.99	130841.78	131593.61	132003.6	131759.93	131061.53	129983.92	129549.78	129541.37	130250.45	130874.95	131501.58	132140.21	132883.29	133496.16	133855.52	133751.2	133484.83	133283.64	133298.44	133537.97	133881.91	134643.89	135676.32	136790.82	137789.21	138565.23	139139.6	139297.05	139363.49	139616.24	140274.04	141050.16	142005.87	143115.25	144156.99	145061.61	145701.43	146184.02	146355.37	146350.23	146212.9	146290.6	146430.83	146716.94	146996.86	147383.94	147812.74	148229.21	148875.05	149536.99	150380.92	150994.46	151768.47	152383.67	153129.03	153685.84	154392.42	154994.9	155690.32	156452.46	157396.16	158537.36	159634.79	160648.94	161606.42	162452.02	163303.97	164101.67	164865.62	165551.01	166277.68	167413.9	168780.92	170186.26	171494.14	172733.76	173703.23	174513.5	175268.68	176393.58	177609.74	178902.25	180136.33	181432.16	182636.14	183880.01	184879.01	185984.1	186875.27	187811.79	188495.15	189343.44	190052.77	190819.71	191323.26	191880.51	192470.74	193160.02	194136.71	195424.15	196917.19	198574.33	200087.56	201619.18	202767.06	203557.39	204092.03	204928.89	206480.25	209070.6	212322.39	216140.86	219920.43	223598.73	227476.06	231733.58	236232.56	240655.65	245183.63	249492.4	253163.03	256014.23	258938.74	262450.73	266286.54	270467.35	275341.62	280603.74	285861.99	289960.7	293232.86	294461.94	294153.7	292644.01	291328.48	290388.35	289515.7	288393.09	287453.55	286616.7	286287.88	286157.21	286519.47	286976.74	287371.1	287528.21	287257.75	286666.86	285988.91	286134.97	286840.64	288102.69	289159.74	290049.18	290319.18	290295.82	290056.73	290069.16	290114.16	290419.26	291189.52	292266.9	293169.89	293516.87	293820.51	294165.23	294348.38	294329.9	294247.72	294444.07	294635.89	294994.01	295553.41	296205.6	296882.0	297144.77	296941.82	296091.28	295111.34	294333.06	293968.76
27253	911000.0																																																																																																																																																																																																		147056.01	147061.75	147083.28	147306.03	147617.24	147857.64	148187.47	148885.87	149668.83	150556.82	151104.93	151726.99	152176.49	152875.7	153702.3	154488.07	155112.81	155837.45	156591.47	157483.64	158537.84	159919.24	161000.58	161737.52	162136.29	162956.17	163737.6	164769.86	165743.26	167048.59	168082.94	169197.18	169993.28	170945.64	171417.03	171839.91	172262.18	173057.57	173912.91	174560.37	174863.75	175108.09	175210.06	175363.35	175610.11	176244.84	176867.47	177776.68	178820.12	180416.52	181999.81	183454.95	184761.8	186096.0	187860.83	190365.74	193262.87	196044.06	198066.32	200181.84	202610.4	205462.55	208071.99	211424.27	215698.27	220659.7	224630.78	226921.6	228501.39	230166.68	232569.87	236342.75	241265.4	247594.71	254096.11	260269.07	265718.53	269472.16	271344.55	271859.41	271887.18	272179.8	272606.89	273206.27	274609.4	276292.35	278419.49	279954.5	281415.99	282910.46	285241.7	287465.66	289356.21	290697.58	291315.27	291638.55	291862.45	293118.26	294989.73	297008.7	298071.4	298085.07	297469.71	297090.08	297393.02	297836.82	298955.36	300031.0	300880.08	300608.67	299625.75	298327.61	297255.52	296642.86	296674.06	297392.01	298187.0	298958.76	299569.6	300524.32	301836.18	302953.22	303492.42	303315.46	302838.62	302296.66	301517.47
72143	903092.0	103970.15	104146.4	104393.78	104738.75	105062.35	105272.64	105483.52	105698.88	105929.37	106223.67	106714.76	107380.63	108062.69	108419.47	108641.2	108862.15	109292.59	109684.18	110118.94	110446.25	110771.58	111088.56	111400.17	111668.79	111690.45	111635.88	111575.31	111639.51	111945.32	112394.86	112968.88	113353.49	113704.7	114069.72	114509.42	114922.16	115081.85	115205.1	115257.82	115431.96	115675.04	115981.18	116351.94	116706.68	117121.21	117625.79	118126.56	118605.93	118922.76	119310.47	119765.35	120436.57		118046.28	116399.71	116130.61	116248.88	116312.95	116498.63	116857.34	116917.78	116936.19	117075.74	117893.22	119198.92	120478.05	121506.18	122620.38	123603.99	124564.81	125141.15	125706.4	126121.75	126365.84	126585.35	126798.03	127071.18	127295.07	127836.71	128136.71	128567.86	128793.09	129071.49	129250.87	129445.81	129875.21	130387.63	131069.19	131728.58	132253.55	132542.4	132651.14	132813.77	133218.1	133819.55	134516.13	135110.76	135582.68	135791.82	135826.64	135775.29	135725.62	135778.62	135812.57	135982.05	136047.3	136151.43	136151.66	136150.05	136118.07	136031.01	135881.65	135637.27	135362.1	135012.42	134663.37	134256.15	133915.18	133596.93	133375.38	133207.56	133131.86	133122.62	133204.54	133356.83	133528.16	133636.37	133763.72	133745.2	133657.91	133385.73	133102.72	132745.59	132412.35	132103.44	131908.89	131814.93	131925.31	132116.19	132327.69	132520.25	132666.07	132788.21	132785.34	132856.86	132987.81	133248.41	133425.43	133410.52	133577.62	134027.76	134360.13	134509.71	134496.19	134475.05	134206.98	134151.94	134429.51	134952.63	134875.36	134535.53	134180.9	134067.38	133840.5	133510.13	133234.0	132950.36	132499.86	132179.18	132372.23	132866.89	133272.16	133592.65	133775.99	133907.12	133861.22	133922.94	133933.96	133961.11	133707.56	133663.99	133696.1	133873.07	133995.2	134314.62	135006.42	135809.32	136376.38	136617.82	136686.52	136602.66	136299.47	135950.18	135627.25	135425.31	135491.14	136099.61	137226.65	138264.84	139048.38	139644.67	140175.98	140402.52	140060.91	139551.01	139323.72	139243.0	139186.48	138903.59	138720.93	138631.72	138642.21	138818.49	139279.79	139687.2	140066.08	140161.36	140275.76	140840.33	141382.38	141927.33	141744.5	141555.96	141218.9	141125.78	140924.05	140853.16	140865.74	141158.44	141597.26	142180.85	142697.92	143072.35	143485.27	143660.89	143712.83	143592.14	143499.09	143642.55	143950.71	144338.93	144897.73	145267.38	145726.96	146035.49	146474.37	147175.32	148035.42	149250.89	150396.8	151771.04	152989.85	154268.62	155568.36	156908.5	158617.22	160557.63	162869.56	165275.12	167519.34	169418.1	170875.42	172476.34	174167.72	175897.98	177180.98	178367.06	179732.87	181250.64	182859.96	184363.35	185557.66	186140.85	186373.23	186687.62	187454.31	188553.79	190066.56	192151.96	194672.65	197036.02	198871.06	199653.21	199596.72	199215.72	199155.65	199775.82	200431.02	201069.84	201664.59	202522.07	203695.73	204870.35	205772.12	206187.27	206553.05	206911.83	207388.63	207968.21	208769.52	209940.03	210769.04	211201.75	211399.7	211810.27	212267.85	212760.61	213221.7	214193.36	215390.27	216912.87	218272.15	219462.83	220646.42	221455.05	221986.54	222145.57	222674.42	223273.35	224162.84
76537	902835.93																																																																																																			139160.76	139221.66	139051.78	138788.43	138002.54	137641.0	137806.42	138742.43	139179.52	139854.92	142124.51	145573.26	148825.27	150255.8	150779.72	150314.29	148935.97	146916.48	145522.92	144622.71	144144.98	143276.49	144405.23	146189.59	147972.22	148230.79	148059.97	148263.75	147221.48	145887.97	144422.69	143820.14	143096.1	141754.81	141652.33	141750.16	143011.89	143123.83	143187.68	142143.15	141170.71	139433.58	138084.02	137030.66	136372.65	136365.4	137436.4	138763.93	139188.21	137843.55	136674.46	135916.39	135738.68	135557.96	136187.8	136871.76	137773.81	138397.89	139453.58	141146.56	142739.34	144167.16	145411.48	146772.19	148104.99	149333.37	150542.12	151589.09	152248.83	152902.56	154353.27	156261.6	158501.83	160495.97	162416.29	163824.53	165251.45	166880.34	168897.2	170355.9	171743.51	172612.55	173725.56	175069.21	177036.22	178941.14	180241.03	180741.99	181146.71	181735.02	182658.91	183231.25	183472.5	183597.12	183627.54	183969.02	184167.45	185004.94	186241.19	187486.63	188825.55	189828.72	191511.27	192860.78	194250.92	195089.74	195761.9	196382.39	197588.93	198815.0	199523.71	199441.19	199244.68	199456.2	200200.22	201217.3	202220.68	202855.95	203247.79	203704.93	204508.26	205264.08	205845.36	205972.3	206661.86	207415.6	208461.91	208887.39	209256.09	209491.01	208980.59	207769.24	206061.88	204906.98	204133.33	203754.11	203693.2	204085.67	204629.05	205506.16	206537.41	207511.95	208270.39	209028.82	209692.55	210211.02	210203.91	210279.12	210681.04	211586.67	213134.09	215319.88	218144.83	220966.28	223701.88	226789.03	231336.15	238399.44	248725.21	260447.81	270930.38	278633.06	283894.07	289140.27	294574.15	300774.27	308226.02	317328.41	327407.48	336651.24	343528.63	348553.93	350169.19	348902.61	344785.01	339712.34	334039.19	327967.39	322097.98	316630.97	311897.39	307906.45	305271.51	304282.03	303410.37	301907.15	299432.76	297211.2	294599.44	291587.38	288677.81	286723.79	285558.22	284440.15	283165.16	281406.71	279566.75	277741.42	276188.46	274760.09	273769.97	273122.71	272794.25	272552.37	272433.44	272451.52	272292.59	271802.33	270679.51	269545.28	268705.07	267882.02	266949.53	265550.73	264289.89	263442.38	262390.4	261265.51	259335.48	257310.3	255663.97	254804.26
55376	897872.0	169856.21	170625.28	171682.59	173780.39	176049.19	178115.41	180066.44	182061.19	184038.92	185881.44	187265.79	188435.97	189538.39	190936.17	192534.32	193863.21	195106.28	196280.0	197891.48	199647.35	201467.7	203199.3	204752.62	206217.91	207713.55	209093.36	210489.57	211695.04	212974.42	213987.64	215002.92	216106.03	217406.52	219037.41	220343.07	221521.74	222291.93	223357.75	224637.41	226293.9	228028.42	229580.36	231144.45	232863.05	234978.83	237226.58	239414.11	241469.11	243097.71	244556.81	245895.59	247725.73	249703.54	251705.66	253471.55	255355.89	257428.16	259497.47	261078.5	262206.16	263156.62	264254.18	265754.86	267326.16	268882.83	270064.86	271088.04	272154.67	273367.09	274653.58	275957.09	277136.55	278219.99	279187.02	279558.43	279588.13	279774.69	280400.85	281314.93	282229.11	282905.64	283238.41	282659.31	282088.87	281775.29	281680.38	281450.99	280408.41	279305.63	278190.66	277169.74	275886.91	274084.33	272436.6	270241.48	267090.46	263330.36	256825.63	252777.25	250227.3	249876.72	247634.43	243742.67	240208.49	236682.28	233488.95	230293.52	227621.48	224499.31	221672.57	217331.49	212863.82	208737.33	206495.86	205956.29	206092.56	205637.67	204068.88	202647.79	202616.39	203601.79	205233.3	207410.79	210023.64	212335.37	214736.11	214705.94	213332.27	210831.46	208801.93	206635.0	202417.73	198868.24	196081.96	193562.4	191706.98	189318.39	188601.14	186303.06	184661.54	181718.86	180578.28	179085.16	179901.03	181234.22	183854.38	185783.93	187484.68	189263.2	191648.54	194380.1	197036.56	200179.41	203593.18	206949.64	209228.93	210833.72	211918.99	212791.62	213516.66	214818.55	216219.79	217827.82	219480.73	222172.31	225091.83	227883.27	230037.53	231988.43	233604.82	234869.63	235842.82	236619.04	237174.49	237987.99	239027.78	241055.52	243063.93	245339.55	246803.17	248114.85	249175.98	250370.26	251393.06	252277.13	252857.37	253829.36	254759.41	256621.8	258275.02	260464.5	262175.54	264024.23	265609.02	266723.95	267278.75	267366.81	267371.88	268018.84	268935.07	270864.66	272883.24	275277.64	277317.56	279087.51	280798.19	282510.7	284341.43	285705.08	286394.53	286838.56	286937.35	287832.58	288812.77	290419.9	291756.21	292827.21	293813.7	295317.38	296744.92	298002.0	298175.6	299389.42	300834.82	302854.82	304353.91	305965.1	307685.64	309541.34	311495.89	313669.75	315177.45	315740.84	315343.33	315334.28	315567.23	316487.77	317189.57	318384.97	319535.68	320864.85	322510.2	324362.46	326385.86	327784.5	328449.07	328861.93	329910.95	332389.41	335994.13	340544.21	345711.32	350781.19	355999.25	361463.22	367161.44	373300.55	379209.85	385054.92	389541.55	393086.82	396001.22	399362.67	402655.36	406523.66	410823.95	416422.43	422428.22	427610.98	430604.06	430514.99	427930.65	424328.24	421822.07	420124.1	418646.55	416985.57	415676.14	416326.22	418296.89	421888.63	424349.03	425746.39	425783.08	426035.02	426263.2	426211.57	425497.98	424567.12	424952.2	426729.59	429527.03	431236.87	431337.69	430299.53	429161.23	428780.76	429429.19	430838.35	432801.56	434733.88	436149.85	436333.61	435811.4	434662.07	434078.61	433622.71	434176.26	434749.94	435051.62	434273.12	433700.39	433368.87	433999.74	433348.26	433071.9	432443.1	433011.77	433428.13	434187.71
77845	887451.41																																																																																																													190239.41	190317.2	190775.59	191549.78	192268.72	193048.51	197462.83	202633.69	207605.1	208751.08	208976.03	209142.27	209367.62	210014.89	210696.7	211375.48	212200.08	212681.13	212972.69	212565.16	211869.08	211100.62	210482.59	210150.34	209750.54	209377.87	208766.94	208603.24	208961.04	209512.19	209337.33	208568.39	207735.08	206876.7	206091.94	205517.84	205630.99	206290.13	207261.58	208046.85	209222.27	210473.75	211870.64	212801.38	213671.44	213621.3	213191.49	212297.58	212285.31	212113.68	212130.86	212001.3	212388.42	213049.86	213850.15	214970.16	216342.0	217298.67	217590.63	217371.46	217773.95	218614.74	219832.13	221045.83	222886.86	224686.16	226554.44	227939.62	229599.76	230480.64	231081.52	231224.6	232402.87	234304.55	236385.71	238350.13	240293.46	242352.48	244348.53	246405.06	248649.85	250351.21	251429.41	252222.91	253642.1	255047.09	256175.68	257307.29	258712.37	260678.62	262421.77	263945.75	265246.79	266214.05	267402.04	268495.15	270180.1	271705.18	273335.72	274956.7	276233.66	276796.86	276687.5	276318.22	276334.97	276487.77	276962.39	277473.16	278281.62	278867.23	279775.2	280569.99	281244.36	281460.62	281847.9	282626.3	283720.68	284501.38	285076.46	285584.81	285340.99	284535.57	283223.68	281996.13	280938.06	279944.53	279520.33	279589.04	279883.77	280103.33	280198.13	280352.19	280552.29	280756.28	280860.4	281028.96	280953.75	281109.73	281673.41	283412.45	285967.44	288674.72	290848.48	292556.81	294337.8	295789.06	296535.86	296724.28	298042.32	300722.83	304388.17	307403.17	309268.67	311070.88	313589.91	317084.58	321059.03	324958.88	329231.05	333846.36	338871.43	343234.46	345971.77	346958.19	346931.34	346838.7	346958.81	347838.92	348989.11	351028.78	352967.85	355295.85	357552.13	360059.1	361984.57	362917.66	362615.68	361643.07	361022.59	360805.84	361866.66	363406.58	365589.83	367060.52	367555.74	367435.61	367045.1	366981.07	367021.24	367215.66	367265.82	367105.76	367173.67	367418.9	367860.98	368191.9	368213.61	368094.54	367770.75	367598.5	367517.19	367652.64	367597.77	367442.46	367255.71	367437.4	368032.92	368296.73	368033.84	367120.94	366232.95	365368.28
75172	853113.67	105269.22	106271.43	104435.8	102323.61	100371.91	99820.49	100931.96	101694.36	102589.65	102552.14	101825.9	101863.05	101333.76	99161.55	96930.69	95837.65	96704.8	96513.27	96194.7	94936.78	95087.53	94205.06	92760.43	89547.42	86128.2	84498.37	84520.37	84223.43	82808.17	81573.57	81806.79	83305.85	84891.26	85929.48	85986.12	85086.8	84595.91	84847.92	86120.49	87137.97	87605.56	87215.5	86325.68	84864.89	82514.9	79884.02	78509.01	78555.18	80093.72	81596.14	83398.86	84898.08	86192.38	86087.83	84076.37	83126.01	84075.01	86240.24	86067.13	84152.66	83678.78	82902.47	80694.73	75634.62	72058.05	70243.68	69974.92	69575.28	69211.08	68624.96	68888.39	69699.5	70604.54	70631.78	70567.57	70684.54	71557.05	72493.79	73430.85	72523.75	70584.76	68357.34	66887.77	66173.73	64757.63	63569.67	62332.3	62563.55	62785.47	62729.54	62185.86	61045.29	60153.65	59173.4	59638.32	59578.16	59773.39	59466.64	59922.8	60291.33	60668.18	61619.78	61963.62	61181.87	59328.79	57644.92	56375.43	55435.93	55212.08	55526.88	55755.63	55077.97	54081.06	53168.3	53034.58	53679.56	54830.32	55874.4	56260.52	55811.31	54499.23	53309.63	52298.07	51736.43	51010.93	50067.8	48789.87	47274.97	45933.18	45339.62	45220.98	45687.96	45728.99	45578.76	44693.63	44441.52	43959.06	43989.45	43656.04	43631.06	43614.28	43855.03	44162.33	44526.91	44853.51	45922.22	47448.56	49283.06	50619.36	51571.31	52070.26	52412.39	52700.58	53304.02	53832.08	54069.27	53977.88	54007.79	54296.41	54991.5	55587.47	56137.37	56302.93	56880.63	57462.01	58563.72	59142.5	59681.02	59663.38	59990.63	60541.38	61580.18	62496.96	63269.54	63600.58	63753.91	63988.56	64617.78	65620.59	66583.89	66946.02	67244.38	67410.92	68071.92	68752.68	69624.66	70603.04	71709.83	73279.6	75091.28	76827.69	78127.38	78979.73	79741.57	80611.24	81939.87	83451.84	84804.14	85842.87	86386.43	86681.52	87012.75	88021.67	89344.58	90680.52	91333.88	92084.28	93092.55	94421.08	95530.29	95931.48	95741.26	95373.52	95041.41	95625.65	96575.49	97975.49	99347.61	101403.11	104059.74	107005.05	109787.92	112722.0	115851.37	118430.93	120211.33	121084.94	121850.75	121434.01	120282.13	119082.63	118976.87	120690.07	123219.11	127149.21	131561.62	135927.14	139273.24	141871.89	144101.12	146363.14	148709.49	151346.74	153900.72	155032.48	154823.02	153905.61	154556.48	157092.75	160722.78	164036.78	166773.87	169208.89	172459.53	176382.5	180354.28	183396.04	185573.08	186006.2	185032.78	183969.93	184645.88	186731.31	188783.95	193176.2	200164.81	208623.56	215589.93	220211.5	223948.62	226616.08	228163.02	229344.75	230748.5	231884.09	231602.45	229221.49	226554.7	224898.66	224886.81	225650.63	226373.88	226680.65	227706.67	228648.76	230321.0	231027.0	231374.13	231700.75	233288.77	235560.0	237225.22	237295.45	236253.78	235369.82	234914.82	234881.16	234711.38	234457.23	234632.62	234543.79	234600.71	233461.88	231311.27	227916.71	224878.9	222690.09	221378.6	220645.64	220443.91	220785.37	221415.43	222799.64	224313.66	225235.24	224402.91	222337.06	219977.66	218221.2	217223.47
27616	837500.0	156898.93	156981.09	157213.17	157758.58	158647.31	159516.35	159974.35	160088.88	159994.61	160026.62	160097.12	160250.44	160497.88	160764.38	161039.48	161225.75	161424.41	161633.63	161853.55	162154.55	162513.54	162856.56	163115.99	163280.15	163460.64	163357.46	163374.76	163334.45	163634.38	163815.49	164009.31	164103.76	164062.83	163979.1	163982.84	164150.23	164384.06	164292.52	164110.44	163958.28	164173.96	164507.92	164873.5	165181.4	165500.91	165714.52	165882.07	165984.56	166256.86	166580.79	166857.44	167131.59	167392.74	167760.41	168227.08	168644.27	169057.27	169161.49	169291.09	169396.47	169701.11	170100.09	170491.58	170948.02	171271.41	171823.42	172394.87	173250.19	174088.89	174810.59	175361.84	175930.88	176522.18	177213.55	177927.48	178903.76	179837.63	180722.07	181515.61	182322.57	183252.68	184203.55	184982.76	185534.04	186111.4	186688.72	187546.9	188426.79	189534.65	190594.62	191527.72	192339.71	192790.89	193145.2	193234.18	193157.59	192691.07	192202.84	191469.87	190956.5	190371.13	189950.32	189464.0	188994.71	188385.85	187629.5	186734.07	185905.59	184916.79	184203.29	183566.4	183037.07	182374.85	181709.52	181126.86	180449.61	179980.99	179822.38	179780.55	179767.22	179799.37	179845.65	179910.91	180317.42	180865.99	180986.55	180164.69	179001.64	177733.11	176877.1	176190.81	175723.16	175273.67	174586.44	173694.03	172337.59	170783.09	169587.16	168589.78	167620.44	166690.27	165773.24	165110.36	164392.98	163660.83	163167.74	162859.27	162967.36	163153.43	163401.19	163573.39	163744.67	163927.21	164174.96	164466.43	164725.7	165051.89	165464.52	166072.66	166617.6	167414.39	168295.37	169381.68	170346.29	171204.15	171942.34	172450.41	172855.53	173316.26	174080.1	175034.83	175863.33	176579.44	177095.11	177641.67	178038.43	178475.35	178725.08	179212.89	179665.13	180459.09	181259.51	182186.38	182956.43	183659.48	184340.5	185236.0	186390.5	187792.3	189185.92	190534.47	191820.65	193082.45	194316.84	195294.2	196248.67	197145.44	198212.59	199477.49	200785.85	202076.7	203304.12	204513.54	205762.79	207086.39	208461.99	209793.85	211181.19	212347.38	213449.07	214252.36	215076.74	215848.71	216753.04	217848.11	219229.97	220672.99	222184.16	223730.62	225113.92	226399.61	227505.7	228784.26	229917.89	231152.33	232209.19	233468.79	234646.61	236105.19	237573.38	239261.05	240688.52	241996.87	242836.37	243698.62	244641.47	245767.47	246969.3	248186.73	249431.42	250822.29	252124.78	253550.07	254939.94	256114.12	257052.6	258149.61	259916.2	262500.44	265559.49	268810.25	272133.6	275362.65	278759.85	282535.78	286872.67	292275.52	299100.42	306876.55	314904.98	322395.28	329850.93	336921.97	343739.34	350833.36	358778.62	368269.54	378090.69	387962.89	395871.62	400377.88	400474.31	397247.11	393283.19	389283.67	385616.62	382117.26	379059.36	377245.36	376657.25	377499.36	379021.69	380440.84	381431.92	381735.09	381643.01	381358.52	380976.72	380736.3	381092.75	382343.59	383465.96	384071.37	383684.06	383330.47	382803.98	382286.39	381335.34	380351.81	379317.08	378195.01	376938.09	375259.6	373565.63	371376.65	369078.08	366652.21	364578.79	363084.96	361963.9	361042.77	360057.55	359283.39	358878.74	358515.92	357759.01	356313.08	354574.0	353185.69	352158.1
76108	835634.74	95702.82	95714.08	95611.39	95493.75	95482.44	95728.18	96035.74	96368.78	96613.63	96990.16	97321.29	97646.58	97752.55	97683.98	97269.7	96774.82	96375.88	96383.37	96601.71	97071.46	97408.05	97590.73	97667.2	97792.97	97952.27	98061.62	98336.85	98715.45	99214.47	99628.28	100005.98	100412.03	100717.22	101065.97	101360.79	101813.26	102308.74	102543.65	102745.42	103008.55	103398.34	103793.18	104076.38	104438.09	104884.1	105363.63	105699.68	105766.16	106022.21	106687.67		110029.59	111675.12	112743.1	113476.53	114073.57	114740.76	115152.83	115278.19	115369.1	115764.41	116355.38	116751.54	117019.07	117132.06	116979.33	116713.67	116691.33	116830.5	116712.82	116572.05	116395.16	116381.28	116357.92	116465.26	116724.73	117217.41	117810.17	118500.01	119092.15	119454.84	119928.68	120185.97	120666.87	120775.27	120738.74	120393.04	120152.67	120146.37	120408.37	120799.98	121097.84	121444.43	121848.04	122009.43	122101.7	121258.95	120389.14	119198.93	118519.03	117814.81	117402.73	117058.63	116703.35	115980.37	115099.06	114524.26	114013.21	113690.59	113360.27	113332.11	113522.63	113857.64	114156.4	114353.43	114316.95	114174.75	114226.84	114402.9	114680.5	114553.54	114439.74	114254.17	114404.02	114601.43	114688.75	114407.45	113822.68	113186.54	112456.79	111923.23	111447.43	111216.34	110493.34	110003.79	109333.35	108856.88	108076.79	107583.34	107282.94	107238.32	107181.65	107175.96	107026.43	106754.06	106698.65	106825.92	107172.26	107557.56	108070.87	108657.79	109058.37	109368.92	109793.91	110285.17	110706.22	111095.96	111622.59	112299.86	113030.08	113901.77	114832.26	115655.07	116347.92	116972.04	117704.73	118527.88	119395.52	120358.71	121421.69	122583.8	123600.74	124357.19	124914.61	125517.51	126153.43	126920.94	127705.93	128803.29	130005.89	131414.27	132926.12	134410.31	135675.65	136774.39	137825.77	139071.01	140196.93	141366.28	142506.08	143768.48	145166.33	146565.77	148109.8	149365.71	150714.33	151839.06	152949.31	153777.15	154777.29	156021.78	157528.0	159093.86	160684.45	162265.86	163795.25	165328.63	166966.39	168562.79	170189.45	171843.7	173546.95	175398.34	177175.68	179061.63	180806.73	182624.18	184480.64	186338.07	187830.3	189201.37	190363.16	191829.36	193105.38	194286.97	195112.43	195919.83	196998.52	198343.18	199713.8	200807.53	201494.84	202036.56	202693.15	203426.13	204279.75	205099.73	206181.72	207359.79	208671.62	210131.78	211439.02	212548.06	213116.45	213230.06	213287.79	213782.78	215021.32	217017.35	219411.01	222295.19	225264.29	228409.78	231671.29	235502.35	239768.42	244848.41	250316.22	255361.39	259135.8	261998.39	264983.15	268880.8	273121.04	279048.73	286206.42	294221.05	301826.97	308549.39	314376.7	318068.55	319086.33	318190.66	316329.21	314253.4	311561.43	308201.51	305111.47	302822.6	301734.39	301462.08	301831.41	302353.97	302671.74	302625.36	302698.74	302672.71	302687.05	302698.21	302816.99	302988.78	302968.87	302752.4	302411.93	302144.17	301964.45	301741.14	301124.97	300373.15	299743.89	299327.98	298750.49	297440.97	295669.49	293680.78	291996.71	290566.41	289519.98	288843.1	288371.17	288023.77	287909.29	287792.41	287814.5	287482.71	287034.29	286134.23	285001.6	283938.05	283378.03
33838	797480.0	74684.99	74790.45	74892.74	74998.63	75234.69	75556.72	75971.26	76217.75	76084.94	75742.14	75342.04	75374.56	75753.47	76127.66	76578.79	77205.7	77981.79	78478.89	78621.49	78814.43	79298.68	80079.52	80780.64	81290.8	81404.04	81591.62	81673.06	81891.63	82134.44	82690.64	83444.12	84172.43	84539.42	84653.06	84953.4	85526.24	85806.36	85748.46	85642.5	86120.51	86386.91	86114.55	85516.6	85185.73	85516.5	86290.67	87168.71	87768.54	88295.79	88867.24	89388.04	89770.85	90344.85	91565.91	93185.53	94779.16	96152.13	97157.4	98377.72	99630.1	101144.71	102365.62	103785.67	105410.0	107440.87	109922.61	112481.05	115340.68	117989.04	120786.27	123569.79	126195.65	128114.41	129608.82	131703.49	135533.45	139709.34	143489.83	145750.17	147539.51	148030.57	147979.53	147490.13	147319.66	147231.19	147126.17	147109.29	146430.48	145806.29	144820.15	144134.69	143009.05	142021.59	140530.55	138674.58	137076.43	136209.21	135946.57	134927.46	133416.63	131336.84	129016.61	126716.98	124079.35	121920.31	119890.27	117792.29	115296.91	112710.73	110590.32	108876.38	107174.06	105470.28	103181.92	100903.96	98868.93	97222.6	95361.24	94116.07	93294.08	93265.36	93101.55	92444.44	91223.57	89325.79	87370.49	85578.13	83430.74	81456.54	79441.54	78026.43	76676.62	74923.43	73316.29	72120.73	71488.44	71428.75	71490.75	71613.75	71454.34	71225.22	70915.92	70209.96	69474.36	69050.52	69204.99	69623.06	70228.42	70855.95	71265.81	71535.11	71404.53	71214.17	71376.13	72081.85	73256.91	74384.59	75520.99	76779.94	78025.33	79172.08	80087.77	81189.43	82744.6	84496.95	86012.47	87194.93	88125.67	89263.77	90375.35	91398.62	92209.21	92958.21	94147.51	95489.54	96688.6	97494.11	98308.92	99603.85	101370.25	102595.76	103282.37	103686.39	104394.79	104890.56	105596.43	106610.65	108147.32	109361.44	110551.91	111591.72	112903.49	114096.68	115185.59	115939.86	116901.1	118014.31	119655.93	121372.79	123328.32	124908.23	126722.63	128729.37	131155.34	133000.96	134325.49	135209.63	136283.06	137507.7	139162.82	140649.81	142518.3	144433.1	146697.71	148470.37	149963.93	151464.14	153359.6	155482.38	157424.64	159016.4	160342.43	161534.03	162859.46	164491.1	166483.6	168490.8	170127.73	171427.87	172368.36	173058.29	173312.58	173409.97	173754.7	174527.43	175835.05	177005.33	178353.36	179940.33	181789.18	183817.84	185576.32	187127.06	188104.54	188630.16	189268.66	190346.64	191990.56	194041.46	196335.88	198834.47	201027.6	203498.99	206414.61	209926.88	213380.61	216799.24	220857.54	225206.26	229437.38	233191.19	237165.89	242026.39	247375.72	254028.4	261414.27	269460.89	277024.84	283674.4	289756.12	294216.79	297024.16	297659.99	297317.32	296528.43	294982.33	293173.03	291551.57	290639.06	289803.89	289240.13	289500.65	290243.11	290883.84	290958.75	290975.22	290967.63	290955.48	291138.34	291470.94	291895.93	291865.03	291252.87	290158.16	289052.43	288121.37	287228.87	286110.95	284965.82	284099.48	283652.25	282913.49	281928.88	280662.37	279520.9	278346.76	277213.64	276009.71	274837.32	273579.61	272761.44	272267.68	271840.59	271375.04	270717.57	269831.74	268472.69	266942.02	265753.33	264690.84
76031	783597.01																																																																																																													101842.42	101889.54	102669.53	103352.59	104004.97	103549.54	102883.96	103066.68	103344.14	103774.66	103437.79	102955.11	102576.14	102417.36	102600.42	102845.93	103021.41	103499.51	104007.06	104165.14	103677.8	103459.12	103175.36	102464.82	101127.49	99246.73	98228.0	97271.58	96934.74	96236.97	95444.73	94839.31	95075.82	95654.4	95832.6	95941.35	96188.34	96825.99	96604.89	96085.91	95818.6	96098.63	96737.08	97193.08	97191.39	96780.46	96499.04	96887.6	97715.78	98314.09	98600.74	98770.94	99349.48	100481.81	101744.13	102875.42	102864.49	102547.79	102116.8	102665.72	104009.96	105397.13	106541.95	107528.75	108911.91	110434.06	111844.69	112880.47	113229.35	113143.8	113046.45	113849.07	114881.53	116192.2	117198.02	118166.75	119270.71	120559.7	122091.26	123139.6	123808.94	124252.41	125005.51	126461.43	128511.42	130817.79	132532.94	133973.23	135200.06	137092.67	138936.24	140453.16	141278.51	142032.28	143163.26	144933.06	146992.73	148797.08	149753.6	150845.43	152216.55	154075.45	156057.82	158192.32	159807.53	160310.13	160324.19	160706.55	161692.9	162896.77	165019.18	167376.45	169810.54	172020.45	174310.19	176520.21	178115.78	179150.01	180394.56	182116.23	183939.22	185294.63	186365.04	186919.41	187603.95	188234.68	189293.63	190388.71	191016.63	191655.24	192484.54	193665.08	196366.42	199904.02	204429.61	207344.24	208297.75	207795.56	207998.63	209871.86	213303.78	217558.44	221220.75	224312.33	226720.61	229958.72	233285.57	236605.12	240059.28	243718.32	247487.03	250905.9	254626.81	258415.53	263181.11	268432.26	275575.96	282474.31	288897.24	293263.71	296596.54	299681.5	301833.92	302499.93	301426.74	300196.49	298936.15	296618.64	293721.78	291109.13	290053.79	290074.85	290598.56	291926.06	292744.42	293401.47	292903.44	292566.73	292256.58	291846.37	291996.5	292449.86	293878.77	295043.39	295425.54	295127.73	294099.59	293709.76	293502.75	293771.2	294077.63	295251.84	296963.19	298260.74	297627.28	295256.47	292466.29	289918.77	287885.11	285683.08	284102.41	283108.04	283484.29	284255.1	285413.99	286300.66	286426.58	284972.47	282219.25	279646.42	278097.68	277599.74
77354	748569.42	149716.01	150211.84	150498.49	150977.84	151041.25	150966.73	150870.53	150909.04	150942.06	150721.85	150490.97	149942.88	149547.6	149016.59	148799.38	148760.48	148948.94	149152.24	149367.32	149480.65	149472.43	149242.28	148965.71	148775.98	148673.25	148523.22	148327.01	148204.78	148206.46	148461.15	148953.18	149667.89	150322.91	150871.63	151391.96	152047.69	152730.35	153404.9	153834.84	154148.65	154304.07	154655.1	155064.92	155490.62	155678.87	155686.68	155611.61	155762.2	156531.59	157649.54	158923.85	160086.57	161208.84	162519.94	163909.81	165588.55	167394.79	168940.41	169867.04	170238.25	170375.5	170448.35	170365.48	170371.22	170508.44	170755.48	170968.38	171269.92	171614.89	172079.37	172675.91	173353.02	173860.85	173984.4	174124.35	174331.53	174646.2	174801.67	175054.34	175482.24	176085.69	176745.2	177666.8	178770.65	179751.04	180542.93	181049.57	181710.68	182498.48	183629.93	184535.68	185269.24	185781.07	186481.24	187071.25	187661.75	188041.57	189002.74	189658.62	190213.78	190411.72	190390.79	190017.98		185834.52	184116.62	183297.59	182817.65	182519.25	182768.18	183225.25	183613.98	183623.96	183541.29	183461.89	183699.11	183215.62	182458.96	181908.0	182093.9	182722.88	183177.32	183411.61	183480.46	183933.48	184572.68	185061.85	185162.91	184480.3	183626.98	182791.55	182511.97	182427.21	182101.23	181981.41	182028.23	182368.72	182590.13	182587.95	182626.89	183112.58	183598.84	183508.51	183343.35	183618.44	184883.71	186383.93	187981.62	189230.75	190235.54	191087.52	191924.43	192780.42	193682.75	194796.02	195968.15	197149.07	198353.08	199553.62	200902.5	202544.5	204686.05	206591.79	208374.3	209792.28	211633.64	212810.28	213642.35	214101.56	215031.08	216656.75	218445.1	220483.81	222265.28	224190.76	226266.64	228648.07	231129.47	233597.4	235962.87	238259.53	240397.52	242247.78	243866.52	245471.8	246805.92	248170.43	249695.82	251445.83	253202.66	254440.12	255190.48	255727.45	256315.71	256626.97	256529.79	256261.5	255920.6	255573.48	254920.37	254465.15	254119.51	254036.62	254119.49	253959.07	253956.28	253922.13	254566.82	255055.37	255519.25	255797.59	255930.28	256287.28	256892.94	257643.46	258399.46	258769.26	258923.01	259561.98	260614.36	261994.57	262828.34	263580.86	264015.78	264828.02	265652.72	266505.83	266985.83	266959.61	267192.65	267608.92	268293.69	268868.9	269499.98	270117.65	270907.34	271606.13	272512.69	273707.29	275311.94	276755.62	278041.05	279058.38	279530.95	279239.03	278567.29	278946.67	280526.25	283123.05	286119.78	289688.94	293471.22	297264.94	301078.79	304792.95	308869.73	313568.12	318804.76	324054.73	328607.16	332582.73	336753.26	341667.61	346903.28	352551.31	357824.92	364170.12	371045.97	377985.06	383594.66	386355.96	386653.33	385168.77	383451.14	381886.56	380294.81	378090.27	376460.62	375070.07	374740.73	374960.5	376191.3	377898.69	379340.32	380279.11	380415.6	380254.8	379850.21	380585.93	381726.78	383692.95	385111.7	385966.96	385867.43	385352.4	385167.24	385448.44	385793.68	385919.55	385614.21	385719.74	385927.92	385998.8	385831.92	385599.68	385191.59	384538.06	383886.63	383757.3	383636.81	383851.6	384100.15	384353.5	384079.16	383169.97	382089.3	380912.29	379825.31	378964.02	378163.95
37312	744850.0	128119.35	128290.93	128538.4	129148.26	129876.08	130279.44	130816.03	131482.52	132594.83	133653.83	134697.69	135556.47	136380.09	136786.81	137252.72	137275.41	137280.41	137294.13	137224.84	137366.45	137496.66	137934.47	138310.71	138468.07	138286.37	138088.76	138127.86	138587.59	138825.56	139164.3	139665.44	140748.94	141856.23	142871.54	143511.36	143776.82	144107.17	144563.22	145179.85	145420.73	145671.5	146046.7	146776.76	147583.19	148290.39	148703.67	149081.18	149460.7	150111.04	150894.45	151752.91	152589.15	153388.49	154505.23	155302.9	155998.76	156359.27	157060.94	157742.15	158443.06	158962.81	159652.18	160345.42	161105.96	161834.47	162426.75	163312.88	164416.58	165664.09	166905.98	167740.41	168786.54	169960.61	171543.14	173053.47	174360.91	175379.04	176396.27	177177.1	177867.23	178348.22	178790.33	179287.46	179907.12	180779.39	181788.45	182675.41	183469.52	184350.96	185119.19	185532.59	185297.67	184866.06	184118.09	183530.02	183060.96	183188.94	183450.56	183383.72	182906.74	182718.9	182983.39	183488.44	183358.14	183172.96	182939.07	182879.26	182506.12	181081.79	179096.28	177122.06	176394.92	176067.51	175354.97	174490.59	173857.04	173654.61	173249.09	172820.37	172661.27	172733.29	172606.45	172415.54	172317.67	172455.58	172900.86	173214.0	173489.93	174050.56	174905.77	176485.59	177730.65	177823.71	177653.75	176993.88	176750.58	175151.4	173183.1	171387.68	170457.07	169024.99	166437.8	164314.64	162436.55	161895.9	160492.14	159779.93	159010.33	159002.02	159353.49	159866.67	159930.29	159898.0	159919.75	160031.81	160145.13	160214.76	160423.62	160731.2	160988.57	161493.38	161893.69	162070.9	162081.49	162202.84	162515.03	162384.58	162352.29	162573.66	163250.52	163929.03	164416.8	165166.5	165935.98	166751.95	167242.18	167612.94	167972.27	168379.93	168706.74	168904.14	169119.95	169470.08	169948.19	170447.03	170955.8	171718.83	172612.78	173525.42	174407.47	175005.28	175740.34	176490.48	177313.54	177836.22	178304.71	178764.3	179282.24	179646.6	180107.57	180769.55	181818.11	182811.65	183750.11	184621.84	185592.82	186569.83	187341.78	188023.94	188600.88	189096.53	189702.92	190283.41	191230.25	192150.08	193259.4	194486.76	196143.4	197888.77	199119.71	200091.69	201033.63	202519.4	203759.5	204768.17	205304.78	205570.59	206058.42	206506.26	207227.13	208165.18	209279.77	210683.7	211824.48	212882.09	213669.02	214433.87	215676.41	217147.71	218853.48	220173.63	221315.16	222308.51	223479.64	224763.4	225861.85	227369.31	229467.68	232611.29	236236.26	240093.45	243385.55	246125.55	249195.24	252380.29	256136.33	260162.68	265245.65	270667.17	275285.08	279128.41	282670.21	286941.15	291672.93	296519.92	301195.47	305839.7	310814.82	315131.43	319093.41	321364.62	322298.7	321634.34	320525.98	319589.79	319003.22	318841.44	319798.06	321198.7	323295.81	325290.68	327677.36	329592.81	331587.01	333092.32	334680.9	335976.39	337353.92	338519.85	339922.87	341989.36	344264.21	346736.66	348139.63	348862.74	349216.57	349822.3	350570.47	350611.86	350743.14	351153.16	351670.91	351301.86	350409.29	349470.74	348851.92	348292.66	347942.09	348570.53	349822.79	351449.94	352677.9	353660.88	354156.25	354478.84	354628.76	354591.96	354442.77	354021.38	353564.89
78223	731002.36	71321.3	71407.48	71468.73	71550.98	71307.73	70913.37	70543.94	70518.09	70689.59	70826.41	70902.92	70851.37	70721.01	70464.57	70270.36	70100.4	70055.02	70019.48	70071.37	70089.06	70062.51	70022.67	69902.28	69778.24	69602.34	69534.83	69473.24	69544.29	69670.24	69861.15	69988.34	70111.72	70262.53	70469.6	70775.01	70987.67	71094.06	71047.04	70994.32	71073.81	71393.79	71842.17	72331.5	72815.37	73277.96	73643.29	73826.52	74170.46	74884.19	75962.92	76912.87	77796.75	78361.5	79139.83	79850.67	80616.15	81538.07	82426.95	83304.44	83927.89	84301.43	84725.07	85130.48	85624.11	86114.2	86289.74	86276.48	86037.89	85855.07	85898.45	85998.9	86041.32	86094.56	86183.19	86344.71	86520.19	86775.89	87360.06	88087.39	88986.82	89845.64	90625.75	91412.55	92458.26	93292.96	93762.3	93706.98	93672.35	94149.26	94879.07	95818.76	96326.59	96698.51	96923.85	97259.02	97512.02	97409.69	97078.86	96990.97	97270.6	97716.86	97758.98	97642.73	97279.4	96953.92	96463.28	96155.35	95785.84	95178.4	94206.53	93320.53	92858.46	92639.62	92246.42	91798.45	91182.09	90861.63	90662.79	90760.4	90877.44	90771.55	90417.1	90100.18	90094.29	90352.86	90500.93	90574.88	90700.62	90754.73	90566.15	89942.87	89273.33	88704.98	88225.5	87983.09	87562.33	87208.94	86591.8	86257.34	85814.99	85599.85	85352.89	85379.4	85217.98	84990.06	84967.45	85358.47	86040.39	86859.15	87713.47	88399.61	88744.17	88512.75	88052.75	87538.47	87237.31	87406.9	87754.08	88412.03	89053.03	89809.61	90490.51	90855.14	91162.12	91157.27	91402.41	91597.64	92018.94	92750.25	93803.33	95038.52	96280.56	97537.7	98612.96	99291.46	99572.1	99665.23	99640.89	99840.31	100501.14	101501.02	102832.59	104132.12	105586.96	106845.43	108120.84	109349.21	110560.03	111454.38	112102.87	112540.88	113324.41	114512.2	116005.1	117145.08	117912.33	118510.87	119446.96	120276.28	121062.93	121650.81	122443.35	123466.01	124531.37	125819.13	126990.94	128073.64	128845.68	129369.6	129997.5	130855.69	132116.81	133127.53	133870.49	134566.01	135666.09	137037.21	138256.96	139658.16	140903.6	142135.16	143139.07	144096.91	145028.64	145910.45	146847.84	147945.53	149165.75	149952.97	150049.62	149905.4	149800.28	150070.48	150419.16	151050.26	152050.81	153021.84	154254.72	155318.3	156486.56	157710.1	159084.14	160228.16	160778.68	160818.92	160587.4	160724.35	161277.92	162580.35	164357.49	166551.86	168709.67	170759.41	172932.88	175575.64	178511.53	181430.31	184352.79	186366.07	187140.96	186944.86	187002.63	188121.69	190130.94	193726.03	198352.02	203446.83	207785.83	211181.16	213999.5	215613.78	215821.28	214606.6	213605.84	212809.38	212163.47	210863.19	208909.5	206899.15	205693.74	205658.66	206167.95	206172.89	205934.83	205162.11	204411.37	203144.48	201783.87	200456.04	199956.73	200326.99	201253.94	201633.55	201212.02	199900.29	198542.76	197259.0	196054.77	194926.57	194216.76	193797.67	193813.22	193408.02	192837.66	191827.6	191054.99	190669.64	190319.04	190134.67	189655.33	189343.12	189193.45	189171.78	189083.54	188210.57	186816.77	185271.58	183986.36	183077.1	182506.43
35120	730623.5																																																																																																													153762.85	153618.22	153244.75	152559.29	151845.09	151288.92	150697.31	149855.76	148963.99	148136.61	147518.79	146900.41	146311.27	145631.83	144846.34	144072.51	143560.0	143313.78	143092.86	142779.5	142535.1	142311.11	141960.17	141395.03	140806.65	140077.08	139148.68	138189.72	137613.75	137436.42	137398.62	137424.44	137574.11	137732.82	137760.82	137579.21	137360.74	137016.59	136970.31	137305.98	137941.0	138697.83	139411.7	139876.55	140199.11	140488.93	141027.08	141346.07	141355.98	141042.6	141017.42	141334.48	142278.58	143475.2	144650.93	145679.12	146213.47	146940.13	147428.13	148121.86	148673.01	149356.54	150008.21	150452.93	150974.09	151335.07	151577.19	151721.15	151895.32	152100.92	152203.73	152208.31	152376.85	152408.02	152681.06	153068.2	153866.32	154617.36	155247.17	155658.44	156048.04	156484.54	156926.38	157350.46	157866.0	158531.38	159013.61	159393.78	159626.65	160077.18	160233.12	160411.92	160746.1	161609.9	162650.69	163610.44	164271.5	164762.82	165228.3	165594.17	165958.66	166193.07	166546.09	166909.93	167367.76	168031.94	168700.41	169321.04	169824.86	170398.86	171146.84	171668.33	171926.68	172111.97	172949.59	174199.88	175330.53	175688.26	175757.36	176149.61	177292.0	179175.09	180936.57	182264.39	182907.0	183230.8	183465.01	183834.84	184440.9	185354.49	186617.74	188287.35	190334.52	191968.39	193400.46	194292.65	194932.65	195489.31	196285.87	197494.17	199115.14	201195.15	204003.16	206736.71	209179.85	211339.64	213500.39	215834.45	218294.28	221286.77	224525.36	227479.22	229892.04	232399.41	235342.37	238478.79	241643.92	245132.22	248988.48	253559.07	257944.12	261762.56	263584.82	263852.42	263472.7	263147.92	263103.81	262679.55	262097.29	261555.74	261298.12	261407.18	261763.46	262150.6	262028.36	261467.75	260685.77	260074.36	259335.61	258263.22	256909.68	255541.35	255042.69	255083.22	255313.64	254724.08	253869.72	253219.92	253140.8	253150.25	253036.67	253110.97	253079.78	252766.95	251893.8	251116.53	250793.34	250960.84	251159.91	251398.81	251868.28	252614.53	253582.71	254615.53	255736.08	257041.55	257976.49	258740.22	259110.48	259660.76	260396.46	260874.1
29579	727206.0																							170323.04	170547.51	170593.29	169991.61	169256.35	167915.61	167382.83	167145.27	168007.01	168865.68	169710.28	170458.6	171435.86	172388.23	172998.27	173288.69	173137.89	172937.97	172789.55	172975.33	173498.36	174368.75	175370.66	176475.32	177521.7	178580.84	179404.32	180098.7	180562.67	180954.42	181624.83	182920.0	184775.28	186513.87	188178.56	189830.78	191570.0	193483.72	195562.9	197491.86	199313.51	200814.97	202357.46	204147.21	206817.61	210161.01	213875.73	217694.37	221527.35	225427.56	228125.83	231152.22	234129.79	237133.58	240373.45	243332.31	247122.66	250139.01	252781.19	255330.6	256564.73	257187.37	257206.11	257563.43	257746.63	257538.91	257613.06	257678.59	257225.67	256756.19	255747.42	254109.24	252450.89	251174.31	251034.82	250421.24	248697.44	246528.85	244400.21	243285.1	241841.18	239779.24	237250.42	233508.19	229040.2	224642.25	220832.57	217212.18	213742.04	210802.84	208286.3	205848.51	203691.33	201684.55	199452.6	197255.82	196206.43	196529.96	197601.43	198195.43	197621.93	196704.37	195553.18	194354.04	192583.06	190883.48	188708.12	186674.02	184997.05	183114.68	181069.15	178493.84	177019.76	176034.59	175398.7	174905.22	174556.1	174685.94	175172.79	175716.95	175508.91	177970.71	182272.88	187316.48	189117.25	189280.79	189202.19	189869.88	190674.54	191880.46	192840.39	193448.26	193893.97	193996.35	194282.01	194881.02	195906.35	197634.74	199581.86	201721.06	203472.53	205061.3	206401.87	207702.15	208706.97	209825.07	210425.27	211157.57	211891.95	212955.19	213913.48	214771.7	215765.0	216759.52	217785.02	218608.5	219664.58	220172.73	220404.81	220515.18	221425.93	222562.9	223617.99	224221.71	225137.69	226064.57	227201.09	228358.79	229532.88	230308.05	230942.63	231615.73	232411.88	233245.87	233751.91	234192.17	234520.9	234893.51	235729.37	236859.09	238146.84	238884.46	238834.22	238673.19	238943.34	239688.61	240399.66	241041.22	241632.35	242499.22	243571.67	245033.41	246476.09	247668.02	248448.21	249274.05	250137.98	250900.67	251589.67	252302.61	253196.02	254163.45	255210.85	256306.26	257128.08	257478.53	257848.55	258679.01	260070.9	261052.07	261646.39	262064.5	262741.28	263427.31	264163.12	265054.11	266330.92	267147.75	267563.83	267508.7	267839.8	268407.13	268877.95	269495.49	270522.06	272079.85	274224.05	276923.51	280198.98	283661.87	286621.12	289549.14	292621.11	296883.6	302309.81	308684.95	315621.59	322430.12	329384.47	336559.31	344008.76	350872.8	358055.43	365234.28	373381.47	381709.76	390467.31	398726.35	404820.24	408044.83	408664.68	408336.92	407433.36	406082.46	403874.64	401734.23	399691.58	398459.23	398163.56	398885.33	399294.45	398949.17	398134.59	397714.34	397255.49	397085.33	396774.58	396679.47	396873.31	397547.33	398055.27	397822.87	396869.43	396187.88	395729.68	395496.11	395015.75	394434.88	393893.91	393316.08	392445.01	391574.37	390473.82	389326.02	388177.78	387432.09	387013.92	386474.85	386009.1	385915.48	386150.2	386421.09	386423.78	386524.93	386946.48	387565.59	388241.41	388682.36
77336	727108.31	114697.78	114829.77	114714.24	114784.43	114562.8	114388.53	114098.82	114027.71	114431.89	114967.5	115835.65	116501.51	116682.4	116496.75	115833.94	115432.72	115344.65	115517.18	115771.49	115900.68	115947.86	115998.26	115713.87	115667.46	115558.08	115793.76	116217.32	116946.19	117484.64	117959.85	118540.48	119352.21	119832.48	120051.18	120213.12	120335.38	120051.84	119527.95	119163.34	119488.31	119957.89	120429.32	120610.57	120846.05	121478.1	122071.45	122855.13	123555.97	124454.62	125708.18	127370.45	129058.34	130677.27	131665.72	132704.96	133663.1	135096.05	136457.56	137454.52	138224.08	139086.1	139885.29	140498.3	140890.52	141104.86	140970.35	140647.13	140076.59	139353.01	138867.89	138991.69	139489.92	139746.93	139637.47	139475.38	139736.21	140527.47	141570.51	142662.58	144026.25	145566.6	146971.91	147872.15	148439.82	148693.16	148471.06	148185.56	148259.43	148863.9	149666.23	150270.77	150280.86	150213.63	150155.58	150392.52	150647.6	150392.72	150202.91	150294.99	150756.98	150885.89	150664.62	150283.93	149778.36	148838.25	147856.73	146484.46	145322.83	143949.62	143362.57	142892.0	143089.56	143569.81	144161.36	144752.22	144677.59	144269.39	143651.99	143728.65	144124.99	144451.48	144297.79	144296.24	144330.06	144702.69	144883.97	144718.93	143574.12	142218.17	140975.98	140595.75	140235.21	139957.37	139603.07	139157.46	138635.69	138210.73	137983.13	137839.12	137819.63	137684.02	137460.08	136447.93	135639.74	134999.5	134863.57	134288.98	133703.48	133057.5	133187.27	133582.92	134229.3	134578.8	134823.96	135170.32	135662.29	136306.31	137008.39	137678.38	138315.0	139220.35	140672.32	142408.47	144231.09	145490.34	146882.5	148203.41	149724.25	151077.92	152226.87	153168.55	153865.53	154938.12	156555.88	158687.05	160555.69	161962.98	163293.32	164862.01	166693.93	168237.83	169551.68	170863.09	172166.29	173014.38	173452.85	173536.75	174112.83	174941.14	176228.07	177500.01	178678.44	179968.94	181203.49	181875.94	182349.98	182541.84	182857.47	182929.59	183025.33	183667.3	184499.36	185748.51	186758.04	187715.14	188497.68	189523.47	190579.62	191441.95	192072.58	192641.01	193466.86	194436.42	195497.32	196294.26	196726.78	196966.74	197041.77	197706.75	198618.58	200010.17	201378.69	202748.7	203941.32	205017.28	206077.41	207253.32	208169.7	208895.79	209576.3	210853.99	212125.38	213184.23	213620.82	214055.9	214294.64	214479.69	214634.7	215277.45	216319.0	217662.21	219010.69	220217.29	220948.0	220737.13	220367.34	220734.01	222346.58	224909.84	227738.49	230748.09	233436.41	236105.5	239166.54	242548.55	246078.5	249478.11	252936.81	255502.68	257114.38	257926.33	259261.35	261912.42	265323.52	270466.0	275671.17	281505.97	286423.18	290631.9	294038.73	296138.51	297394.26	297515.26	297485.24	297071.33	296022.94	293995.72	291634.17	289860.93	289114.95	289239.63	290245.64	291198.55	292342.91	293009.67	293521.41	293413.26	292755.27	292312.01	292263.21	293002.79	293696.31	293925.81	293127.38	292454.86	291895.95	291914.88	291777.55	291722.75	291799.22	291835.17	291831.11	291154.36	290265.98	289145.92	288204.91	287190.89	286232.19	285403.0	284783.65	284524.01	284486.77	284141.42	283486.86	282338.94	280753.64	278664.77	276509.49	274947.1	274325.45
35055	719173.23				95401.53	95388.85	95432.85	95541.61	95651.56	95910.46	96133.79	96662.0	97346.52	98128.56	98697.33	99173.97	99816.21	100446.7	100928.6	101124.89	101027.55	100952.04	100935.78	101231.91	101519.51	101574.94	101646.14	101705.9	102102.68	102521.73	102916.99	103205.6	103223.73	103310.57	103332.02	103802.34	104258.46	104664.76	104829.5	105007.92	105407.08	105838.16	106128.08	106272.14	106145.47	105972.25	105759.85	105897.27	106204.79	106460.56	106686.56	106930.84	107435.05	108023.13	108606.37	109076.27	109209.57	109293.05	109367.38	109770.82	110414.1	110985.5	111568.15	112155.48	113105.44	114113.83	115053.08	115928.25	116632.1	117229.89	117693.25	118325.48	119071.28	119710.21	120252.08	120822.99	121631.31	122524.8	123369.89	124115.96	124844.06	125575.85	126254.87	126792.23	127172.35	127377.34	127769.25	128232.47	128913.06	129224.7	129346.38	129255.85	129348.05	129511.38	129811.58	130077.79	130403.77	130675.82	130872.11	130963.4	131030.47	131156.19	131298.02	131297.19	131167.51	130930.97	130771.38	130690.52	130664.09	130581.0	130432.52	130187.14	129938.93	129637.73	129237.31	128729.25	128087.93	127431.83	126717.98	126039.98	125429.25	124995.37	124596.23	124310.12	124054.57	123986.04	123801.79	123626.68	123315.64	123043.92	122712.55	122241.25	121779.96	121298.49	120872.18	120704.06	120662.41	120900.54	121013.0	121114.72	121256.82	121410.57	121575.64	121584.3	121537.8	121508.01	121607.12	121892.52	122489.41	123094.21	123585.59	123557.28	123236.15	122759.16	122393.53	122040.72	121863.3	121379.04	120946.27	120499.35	120276.45	120531.45	121039.69	122014.14	123026.52	124089.13	124851.08	125259.29	125611.46	126161.37	126982.77	127708.15	128077.76	128224.69	128271.01	128955.06	129832.88	130415.12	130618.72	131164.15	132215.29	133251.45	133847.53	134078.76	134498.83	135059.34	135758.13	136516.34	137356.9	138034.13	138665.35	139011.3	139940.4	141038.31	142378.39	143221.89	143949.86	144661.14	145720.1	146443.9	146733.5	146810.15	147180.69	147760.33	148341.82	148504.74	148629.95	148371.41	148460.48	148356.3	148491.66	148489.67	148529.32	148600.98	148838.98	149490.67	150345.29	151302.71	152464.03	153897.8	154929.9	155540.8	155903.6	156655.19	157462.39	158101.59	158346.25	158550.79	158455.26	158647.75	158971.86	159999.92	161054.99	162045.03	162778.84	163399.41	164489.1	166148.65	168291.59	170386.34	172017.3	173600.5	174319.76	174862.11	174613.56	174552.17	174635.66	175302.67	176652.24	178545.33	180670.86	182712.2	184313.88	185440.38	186734.28	188433.43	190614.66	193251.56	196529.64	200476.88	203872.81	206433.05	208694.37	211389.48	213893.92	216058.24	218297.06	221128.27	224763.6	228022.09	231021.36	232652.58	233380.4	233143.27	232520.88	231696.39	230754.01	229855.12	228807.73	228487.26	229358.62	231351.55	233133.7	233982.04	234378.22	234740.73	234924.57	234611.89	234026.78	233436.55	233534.42	234337.04	235256.05	235886.88	235461.45	234868.07	234339.56	234415.35	235078.54	235762.15	236970.26	238273.5	239492.65	239871.96	240619.68	241830.64	243333.93	244212.78	244914.89	245855.92	246795.99	247833.23	248893.61	250070.42	251022.29	251925.82	252494.87	252732.97	252866.04	252944.75	253557.91
33525	718600.0	93405.56	93310.93	93069.34	92789.39	92868.92	93247.44	93991.82	94808.16	95973.74	96803.45	97366.17	97782.81	98054.27	98231.1	98543.89	99027.54	99314.78	99109.99	98749.96	98676.05	98590.55	98484.56	98427.0	98785.99	99684.29	100690.9	101608.77	102261.62	102921.84	103309.8	103916.5	105044.87	106568.57	108174.34	109631.3	110702.42	111470.61	111769.59	112422.76	113821.54	115464.38	117319.36	119016.34	120724.91	122892.06	124972.71	127143.6	129452.12	131479.97	133435.21	134652.77	135910.61	137551.61	139535.23	141330.85	143261.21	145400.79	148140.08	150658.59	153280.21	155504.92	157942.7	160369.46	163240.22	166288.3	169535.13	173476.98	177543.23	182004.72	186047.39	189633.43	192962.32	195323.07	197160.77	199355.34	203244.48	207599.06	211143.28	212529.41	213454.45	214275.06	215866.87	216309.34	216288.95	215705.48	215798.36	214992.08	214356.47	213110.1	212070.65	210209.11	208679.56	206861.68	204545.5	202792.45	201576.68	200233.11	198820.5	197109.06	196154.47	194223.98	191013.62	187359.07	183670.51	181136.83	179038.09	176848.55	173827.95	170806.0	168161.94	166225.82	163837.26	161228.71	159144.83	157407.86	154969.1	152011.14	149711.77	148940.36	148507.61	148618.55	148905.69	149399.35	149293.35	148614.46	147523.45	146159.29	145001.09	143675.88	142362.47	141340.33	140864.53	140666.43	139697.41	138487.83	136584.4	135186.36	133836.96	132997.79	132384.57	131694.55	131168.93	130201.63	129366.65	128670.31	128613.63	128544.56	128737.81	128744.73	128890.52	128441.1	127351.07	125903.74	124768.5	125184.76	126836.91	129099.61	131021.56	132626.36	134137.94	136001.93	137910.46	139640.03	140955.14	142139.61	143341.19	144504.56	145502.44	146582.31	147961.96	149275.4	150347.82	151085.38	151835.67	152672.2	153208.22	153558.85	153454.24	153781.89	154335.54	155205.86	156163.32	157485.85	159319.79	161329.34	163312.27	165070.81	166402.11	167797.6	169064.94	170558.33	171802.76	172871.81	173769.94	174521.56	175707.95	176879.19	178335.01	179586.88	180925.64	182463.09	184259.54	186041.6	187527.06	188582.43	189593.35	190229.33	191267.38	192311.48	193762.74	195308.14	197055.03	198833.84	200176.9	201429.08	202258.26	203215.21	204215.81	205803.72	207428.37	209053.33	210606.9	212314.35	213750.52	215025.45	215584.67	216072.44	216393.46	217494.89	219126.55	220973.96	222602.14	223804.76	225087.02	226354.91	227637.62	228541.65	229361.76	230356.15	231674.08	233631.09	235285.33	236921.05	237980.46	238939.64	240132.89	241939.45	244737.33	248387.65	252350.2	256381.17	260202.93	263712.52	267374.71	270946.11	275487.01	280454.64	286859.6	293235.95	298920.66	303349.66	307796.3	313028.37	318327.44	323851.16	329698.65	336447.61	344823.64	353817.36	362513.8	367814.33	370005.17	369299.49	367704.55	365563.0	363272.13	360526.98	358247.82	356770.84	356176.65	355702.14	355639.99	356306.63	358059.21	360114.66	361828.63	362827.91	363325.26	363470.67	363783.22	364319.83	365166.93	365486.09	365177.58	364602.57	364600.15	364720.09	364501.98	363664.01	363000.81	363010.06	362896.51	361961.2	359849.37	357630.13	355743.78	354392.41	353302.01	352716.77	352326.08	352028.26	351781.0	351545.76	351277.78	350846.61	350007.43	349138.95	348069.34	347156.86	346203.16
77316	710202.87	159442.12	159412.09	159614.06	159963.97	160118.63	159641.18	159201.91	159334.21	159987.11	160454.55	160715.71	160237.66	159865.29	159205.47	158855.93	158375.15	158014.48	157729.36	157928.98	158285.5	158960.25	159083.0	159160.83	159255.27	159416.11	159318.4	159010.58	159020.05	159459.02	160528.6	161503.89	162590.55	163337.1	164358.72	165103.87	165786.29	166178.79	166815.5	167323.78	167910.48	168411.32	169074.07	169551.64	169840.29	169725.0	169214.19	168799.16	169010.65	170380.35	171999.46	173625.85	174604.26	175408.42	176010.99	176720.29	177848.4	179618.72	181579.23	183234.25	184323.28	184899.17	185188.35	185220.8	185969.39	186977.72	188494.14	189940.36	191369.38	192627.72	193638.46	194403.83	195131.69	196029.35	197026.14	197657.33	197833.12	198027.75	198316.01	198403.26	198493.76	198858.19	199622.57	200640.22	201561.53	202006.6	202176.28	202393.23	203304.86	204583.02	205978.81	207039.02	207222.56	206912.42	206316.42	206338.29	206795.52	207444.18	208922.97	210314.46	211654.89	212315.51	212238.82	211696.28	208148.15	204739.68	202472.92	202062.87	202197.17	201798.01	202200.32	202344.85	202195.14	201447.44	200939.2	200800.57	201633.61	200854.15	199298.66	197490.09	197597.25	198680.12	199744.22	200546.19	200613.59	200791.97	201034.4	201331.94	201338.29	199281.58	196514.42	193662.81	192263.48	191692.36	190972.38	190983.65	191072.79	191885.43	192674.37	193189.78	192892.3	192412.55	192445.85	192237.43	191974.12	192149.95	193308.33	194880.28	196258.04	197705.83	198916.5	200484.47	201759.95	203093.63	203581.51	203990.78	204540.7	205064.61	205831.18	206470.65	207729.66	209281.45	211156.51	212678.87	214625.52	216628.58	219086.2	220845.88	222408.47	223596.98	224819.57	226339.57	228187.66	230161.49	232173.25	234745.82	237935.09	241500.22	244530.93	247260.58	249677.09	252210.56	254722.97	256976.35	259408.87	261681.14	264089.81	265999.03	268455.81	271135.17	273871.44	275086.52	275281.72	275083.7	275546.7	275797.34	276212.41	276228.21	276311.94	275980.3	275616.6	275487.34	275539.44	275790.6	275861.69	275221.12	274377.27	273654.01	274063.55	274406.79	274833.96	275081.52	275466.02	276126.19	276907.01	277622.28	278023.74	277849.8	277732.38	278288.12	279386.18	280739.81	281388.05	281827.07	281979.05	282677.45	283639.27	284629.79	285465.15	285763.06	286308.47	286791.63	287634.53	288173.29	288515.61	288734.64	289227.2	289980.69	291024.68	292277.91	293865.4	295208.32	296395.1	297417.3	298114.76	298215.09	297713.3	298057.96	299524.37	302232.22	305430.18	309338.24	313513.11	317685.23	322060.3	326218.42	330933.81	336296.34	342084.38	348607.73	354737.08	360943.39	366539.52	372194.0	377778.61	383560.06	389706.51	397083.83	405655.13	414807.45	422596.69	426814.84	427340.86	425765.82	424267.95	423178.64	422681.05	421715.37	421185.93	420387.05	420376.63	421098.95	422562.76	424346.55	425399.99	426089.33	426266.5	426183.87	425485.62	425220.5	425417.94	426475.93	427368.49	427353.5	426545.8	425696.77	425919.55	426793.4	427451.41	427625.57	427453.17	427556.43	427503.28	427142.48	426396.95	425764.58	425066.14	424640.99	424251.66	424368.97	424552.47	425069.32	425720.4	425752.55	424609.06	422186.59	419634.26	417170.93	415402.13	414264.94	413911.54
35613	708754.0																																																																																																																																																																																																		196419.17	196342.51	196923.27	197227.93	197394.8	196789.34	196881.98	197752.92	199085.18	200300.89	200533.95	200665.58	200579.01	200918.04	201469.52	201546.37	201694.15	201498.21	201773.93	201983.86	202583.63	203466.56	203932.21	204096.73	204283.65	205167.11	206193.65	206744.51	206952.67	207335.79	208070.61	209143.5	209908.03	210975.33	211542.38	212139.93	212727.8	214083.35	215884.89	217177.61	218231.75	219234.75	220601.63	222203.82	223937.35	226116.07	228117.88	230127.61	232039.51	234186.98	236491.71	238482.78	240506.4	242690.99	245630.27	249743.01	254284.17	258957.86	262388.2	265151.91	268150.35	271887.79	276828.27	282523.21	288989.44	295664.29	301302.59	305801.55	309407.68	313373.39	317395.62	321633.57	326478.47	332335.97	338822.47	343423.63	346366.9	346986.01	346520.38	344490.29	341416.76	338338.34	335300.74	333343.89	332223.81	332792.3	334244.6	336478.66	338698.81	339890.96	340033.27	340327.64	341266.96	342452.6	342260.85	341524.12	341018.83	341908.77	342980.45	343381.6	342360.99	341096.5	340164.3	339922.21	340225.5	340726.06	341519.17	342255.78	342679.41	342816.56	342677.3	342711.05	342763.19	342703.54	343071.07	343800.91	344888.22	345539.8	345976.41	346355.17	347138.82	347577.58	347695.78	347168.35	346804.12	346563.91	346585.02
32435	685888.0	84334.59	85154.83	84812.7	84098.5	82893.0	81492.1	79961.64	78174.78	77446.78	76807.71	76476.39	75875.87	75848.75	75494.5	75263.06	74780.9	74184.14	74192.0	74867.95	75894.24	76269.54	76419.48	77370.82	78202.7	79247.57	79064.81	78941.54	78728.27	79373.91	80368.74	80836.13	81210.73	81004.87	80907.65	80699.19	81216.87	82526.88	83861.52	85297.9	86246.37	86688.05	86459.85	86616.59	87588.64	89153.96	90808.24	91393.52	91622.0	91218.85	91300.52	91216.77	91390.02	91220.0	91724.9	91779.33	92618.03	94803.48	97882.48	100520.21	101455.28	102702.15	104650.02	106912.28	109114.48	111651.56	114671.99	118442.59	122237.56	125385.32	129777.96	134287.22	138685.16	139253.02	138015.79	137782.58	139894.49	143833.29	147120.05	149541.14	150798.02	150602.89	147876.33	143595.93	138707.09	135989.2	135104.74	136122.58	136891.03	136051.79	132631.22	129450.84	126691.78	125235.7	122897.84	121592.63	121891.16	122074.38	122558.73	121523.69	120589.69	120334.06	121200.09	121921.79	121194.32	119064.09	117366.98	115685.2	114783.31	114512.47	114497.37	114549.67	114456.78	114109.93	113297.57	111864.19	110256.52	108986.66	107866.9	106741.66	105852.62	105818.02	107017.73	107392.23	107742.08	106753.87	107188.16	106891.99	107303.48	107242.54	106553.53	105672.71	103468.81	101122.32	98255.77	95666.6	93932.23	91830.49	90032.84	88139.47	87002.12	86365.53	85223.46	84686.74	84479.62	86091.23	88333.25	90963.2	92794.38	94211.62	95136.91	95321.81	94619.73	93823.16	93965.32	94742.61	95916.12	96459.56	96883.3	97401.13	98738.94	100044.95	100964.21	100954.54	100273.3	99704.82	100061.03	100719.9	101638.9	102246.13	102951.96	103066.19	102647.1	102433.8	102475.56	103067.12	103185.49	102903.78	102407.3	102482.02	103239.54	104137.06	104516.13	104668.86	104895.41	105570.76	106489.02	107638.94	108558.33	109534.35	109830.67	109658.2	109301.62	109402.0	110040.1	110725.22	111721.94	113057.08	114234.67	114935.13	115097.3	115310.32	115531.44	115267.07	114398.66	113957.2	114564.65	116093.65	117859.19	119826.24	121597.91	123263.46	125072.4	126864.51	128552.96	129957.03	131841.21	132775.62	132506.29	131405.11	130338.09	130249.83	129981.42	130307.0	131066.38	132277.11	133654.66	134613.09	135323.83	135865.0	136466.11	137313.14	138413.44	140254.72	142775.85	145345.91	147661.8	148995.6	150276.33	151612.96	153824.83	156510.21	159357.8	161535.22	163191.64	163465.53	163521.66	164106.73	165873.93	168888.41	172374.23	176301.97	179708.67	182959.76	185773.54	188693.14	191288.74	194099.05	197768.89	200386.71	202142.42	203012.97	204981.56	208213.96	211384.06	215942.49	221020.62	226211.74	230619.86	234109.11	238129.85	240817.48	242025.2	241512.88	240338.17	239515.13	238379.64	237012.86	235570.32	234729.25	235252.75	236426.94	237034.21	236849.11	236273.82	235940.85	235618.46	235939.16	237359.67	238916.54	240199.8	241335.35	242519.61	243070.11	243158.07	242185.96	241037.53	239673.74	239476.26	239964.56	241469.06	242566.27	243328.68	242980.14	241803.04	240328.76	238176.32	236651.6	235041.7	234565.89	234575.87	235384.46	235835.21	236561.44	237598.11	239700.99	241139.32	241783.32	241491.03	240907.67	239825.57
34219	683097.0	146849.24	147373.32	146818.91	147352.06	147621.86	148615.1	149200.68	149704.39	151050.68	152152.14	153915.97	155132.24	156315.65	157221.69	158610.3	160422.29	162820.16	164769.56	166461.05	167484.26	168736.42	169726.8	170718.83	170998.13	171141.92	171285.21	171816.87	172773.51	173918.89	175383.2	176995.48	178435.38	179668.55	180568.63	181642.61	183052.08	184689.42	186611.32	188754.7	190983.33	193223.41	195561.31	198154.43	200443.68	202467.22	204201.94	206227.53	207928.43	209548.04	211071.26	213262.86	215810.83	218684.56	221260.72	224233.86	227106.11	229983.43	232758.94	235720.34	239010.24	242135.79	245419.53	250023.87	256150.42	262912.98	270150.09	277315.51	284683.29	291930.71	298149.6	304800.37	310658.92	316981.74	321049.04	324619.91	329711.53	336089.6	342098.9	344893.75	346441.63	345404.42	342364.69	337959.15	333654.39	329114.9	324150.05	319071.54	314478.95	309974.26	305688.92	301449.44	297025.82	291975.55	286791.95	280517.16	273821.6	266770.37	261017.54	256750.34	252627.03	248395.09	243501.44	239285.78	234919.31	230504.26	224710.75	220400.87	216465.94	214134.57	211244.01	208139.24	205172.03	200984.3	196652.19	192351.9	189743.33	188475.48	188669.99	188895.52	189227.73	189391.08	189974.49	190541.0	189742.85	188445.3	187031.52	186047.94	184709.82	182985.24	181271.89	179063.14	177635.03	176314.76	175227.3	173270.55	171496.18	170530.86	169952.36	169097.62	168249.06	167979.27	168337.97	169062.44	169399.25	170213.98	171654.11	173738.81	175813.77	177437.56	178724.54	179659.02	180824.06	181979.54	183275.63	184255.88	185619.15	187463.6	189813.73	192268.61	194501.6	197072.8	199853.73	202897.86	205540.55	207756.11	209952.12	211740.17	213628.45	215117.15	216703.27	218168.01	219163.0	220250.32	221607.41	223619.34	225598.16	227562.01	229342.08	230933.46	232265.34	233239.64	234147.92	234797.08	235510.53	236545.11	237846.01	239696.96	241658.59	243858.78	245934.86	248011.06	249846.75	251456.55	252486.17	253049.08	253533.74	254254.69	255403.55	256660.1	257804.94	258840.15	259652.24	260318.77	260928.82	261615.68	262571.53	263456.48	264202.1	264695.29	265217.7	265899.95	266618.55	267400.6	268235.4	269260.46	270213.58	271038.8	271829.6	272989.48	274246.66	275664.77	276975.93	278597.22	280354.35	282179.71	283975.52	285746.89	287614.51	289135.96	290518.46	291412.42	292020.01	292009.99	292116.29	292397.28	292924.47	293447.73	294204.59	295432.96	296890.97	298638.88	300196.45	301595.12	302301.35	302322.88	302381.1	302974.06	304690.13	307454.23	311093.59	315490.69	319848.94	324351.46	328936.71	334278.75	340580.87	348572.11	358253.13	368255.69	377809.35	386320.7	395150.24	404536.85	414043.15	424785.75	436423.21	450688.26	466342.41	482665.57	496839.54	505874.6	509180.38	507008.36	503392.71	498969.35	494985.75	490339.6	486676.71	483735.14	481824.64	480825.57	481195.24	481971.64	482188.67	482327.72	482524.27	481815.84	479914.91	477179.06	475108.42	473833.6	472921.13	471536.68	469158.28	466375.79	463876.83	461945.26	460070.69	458111.14	455780.75	453777.11	451221.44	448441.45	444986.4	441237.87	437194.14	433131.22	429662.03	426865.27	424605.28	422656.89	421180.16	420198.31	419595.49	418727.18	417415.39	415824.1	414499.18	413718.93	413501.8
78214	633534.13	56394.26	56320.18	56225.9	56141.29	55952.98	55818.08	55624.17	55624.49	55688.58	55829.78	55934.32	55988.57	56000.41	55909.72	55718.46	55350.05	54956.62	54669.65	54535.55	54482.7	54348.88	54182.36	53995.49	53879.71	53791.64	53765.29	53771.07	53906.24	54161.96	54490.98	54723.9	54841.27	54950.52	55082.27	55288.53	55395.52	55406.1	55265.78	55131.49	55126.99	55295.21	55489.95	55671.18	55934.46	56304.96	56656.71	56868.31	57062.48	57537.6	58418.16	59316.94	60202.2	60829.3	61474.89	62009.53	62502.71	62997.17	63665.2	64482.97	65268.85	65718.5	66013.93	66246.09	66558.18	66969.19	67445.97	67757.59	67846.74	67804.2	67842.5	67823.48	67920.91	67978.73	68202.51	68369.19	68575.98	68934.18	69293.62	69858.44	70230.71	71165.52	71988.96	72781.29	73095.08	73425.97	73637.12	73668.34	73741.76	74068.87	74797.76	75736.43	76701.96	77415.28	77835.56	78091.4	78248.64	78165.59	78190.41	78463.77	79121.43	79571.37	79613.49	79161.12	78149.87	77265.1	76438.68	76234.41	75832.51	74941.35	73667.4	72348.24	71688.71	71195.75	70590.22	70228.24	69429.88	69008.9	68354.4	68549.81	68853.49	68902.25	68698.63	68395.3	68381.19	68338.4	68090.74	67981.0	68429.93	69320.02	70064.86	70221.77	70095.08	69958.3	69507.35	69279.82	68651.21	68292.06	67686.54	67289.29	66721.02	66161.47	65749.76	65496.79	65248.49	64839.67	64369.57	64030.83	63899.58	64085.56	64550.72	64970.04	65484.01	65376.73	65052.1	64473.04	64151.63	64241.13	64435.93	64869.38	65387.33	65873.28	66298.8	66657.0	67360.4	67795.38	68230.3	68463.34	69124.87	69655.26	70090.2	70486.06	71217.52	72100.29	72967.29	73590.25	74020.0	73806.81	73286.49	73113.63	73838.01	75100.15	76393.41	77551.64	78803.11	80234.08	81627.42	82901.49	83991.8	84700.92	85063.77	85309.55	86060.39	87482.39	89220.95	90663.62	91674.89	92406.12	93601.9	94906.57	96396.39	97453.82	98342.54	99082.42	99930.1	101183.41	102620.56	103665.56	104342.51	104571.97	105290.56	106172.1	107500.57	108516.41	109479.83	110420.62	111529.98	112889.96	114332.82	116334.89	118254.29	119778.42	120762.72	121276.57	121695.24	121397.55	121090.41	120963.52	121593.87	122018.08	122077.77	121861.49	121803.86	122064.9	122462.54	122864.83	123348.53	124128.7	125539.48	127027.18	128236.61	129549.56	131213.1	133059.72	134314.73	134773.45	134735.95	134988.9	135920.53	137544.4	139648.88	142103.05	144448.93	147004.11	149751.07	153355.63	156880.0	160060.78	162777.13	163469.96	161968.19	158794.28	156780.18	156769.3	157992.28	160684.49	164164.07	168457.22	172291.59	175218.81	177160.14	177528.39	176168.87	173561.76	171204.3	169769.27	168288.68	165943.37	162905.23	160844.99	160334.58	161022.02	161746.58	161475.87	160351.76	158387.29	156438.18	154735.27	153456.56	152603.25	152147.36	152692.88	153746.8	154856.0	154871.39	153770.17	152504.05	151178.51	150164.58	148428.37	146860.58	145523.22	145113.79	144603.79	143565.83	142148.53	141254.13	141169.13	141132.61	140619.38	139309.95	138538.22	138299.24	138728.87	138805.23	138506.26	137661.52	136819.72	136395.03	136671.92	137229.55
77306	631506.87	77307.28	77256.81	77500.77	77552.33	77530.26	76760.36	75771.02	75117.36	75188.13	75830.35	76503.68	76762.77	76806.71	76639.47	76650.54	76828.96	77111.5	77515.93	78275.99	78898.34	79386.79	79298.6	79234.52	79065.36	79130.59	79277.67	79607.8	79661.29	79671.25	79898.68	80498.84	81464.84	82236.26	82836.94	83029.78	83126.86	83173.02	83243.56	83259.52	83234.29	83141.63	83059.12	82792.19	82639.66	82853.93	83358.84	83675.35	83998.32	84509.1	85388.7	86127.63	86900.33	87697.77	88562.24	89474.8	90225.92	90880.21	91437.73	92103.29	93114.01	94025.88	94793.74	95146.91	95340.07	95629.59	95827.85	96035.45	95890.3	95610.37	95344.25	95144.8	95180.43	95550.26	96167.86	96744.44	97610.8	98608.66	100100.76	100970.28	101715.86	102000.51	102192.56	102040.83	101962.44	101903.15	102202.9	102327.93	102623.18	102306.8	102114.96	101814.52	101808.21	101683.71	101504.72	101824.86	102472.72	103014.32	103837.06	104429.41	104819.3	104691.59	104435.22	104309.39	103396.47	102624.56	102583.88	102211.39	101098.72	98718.56	97302.02	96336.06	96227.43	96258.55	95929.57	95746.85	95920.33	96290.21	96047.77	95323.22	94950.96	95931.35	96808.77	97741.33	97398.43	97949.88	98207.14	99330.86	99916.99	100266.08	99677.73	98768.11	97773.37	96930.19	95606.79	94916.28	94091.92	93400.44	93309.63	93644.91	94127.8	94379.48	94560.64	94565.28	94260.21	94107.99	94937.49	96348.55	97902.49	98954.74	99173.3	98976.3	98703.26	98766.19	99055.74	99445.18	100184.31	101335.43	102588.99	103567.78	104485.48	105276.25	106275.9	106724.22	107366.28	107312.02	107696.46	108209.48	108984.31	110216.74	111730.69	113857.77	115213.76	116091.03	116989.25	118560.08	120390.76	121923.96	123280.27	124923.97	126731.68	128699.54	130491.25	132343.62	134349.1	136384.95	137815.1	138974.03	139802.51	140870.14	141926.47	142339.14	142349.33	142255.75	142225.02	141952.66	141427.73	141573.13	142239.59	142643.3	142650.36	142375.02	142424.06	142899.99	143972.03	144839.59	145634.35	145969.59	146600.1	147092.86	147898.75	149029.89	150135.46	150859.2	150820.12	150767.51	150534.17	150139.65	149961.94	151637.46	154050.77	156445.03	157239.15	157574.24	157393.71	158250.96	159526.28	161326.37	162934.12	164022.77	164363.31	163890.83	163697.13	164780.29	166535.27	168090.83	168963.85	169504.63	170636.0	171899.8	173190.51	173680.35	174214.09	174627.3	175354.75	176078.55	176767.11	178592.15	181438.47	185800.3	189759.35	193275.53	195702.33	197563.24	199666.23	202407.77	206459.21	210563.1	214105.9	217066.93	220287.3	224216.29	228003.64	231102.48	233574.01	236597.87	239761.34	243244.4	247055.4	250610.24	253638.77	254542.61	254441.61	253580.04	252956.61	252044.9	250334.38	248142.17	246427.21	245540.36	245316.53	245347.38	245664.9	245285.59	244673.44	243477.79	242936.55	242065.82	241049.8	240482.86	240723.49	241622.71	241958.75	241115.22	239680.04	238052.05	237178.04	236302.99	235285.07	234508.38	234464.54	235557.94	236665.94	237265.71	236842.59	235614.09	234184.73	232774.81	231821.24	231191.64	230987.5	231353.34	232165.48	233484.3	234613.71	235143.39	234364.0	232672.8	230803.71	229090.44	228029.78
72019	615174.0	133081.04	133343.73	133612.54	134221.4	134768.29	135175.49	135419.48	135585.87	135877.9	136184.08	136887.45	137732.21	138758.49	139290.24	139698.95	139953.15	140450.44	140989.9	141609.0	142275.22	142857.16	143375.92	143577.49	143685.98	143641.84	143727.01	143826.84	143977.26	144370.83	144859.63	145582.27	146230.29	146928.18	147457.53	147824.98	148086.7	148260.9	148431.75	148611.55	148901.0	148335.95	147677.82	147056.48	147368.68	147818.18	148371.86	148881.15	149468.93	149876.8	150631.76	150988.55	151294.21	151623.19	152254.01	152717.29	153114.86	153807.66	154855.3	155875.28	156619.18	157417.48	158112.58	159210.27	160632.82	161742.29	162225.63	162501.97	163412.04	164719.87	165998.73	166784.81	167270.7	167695.1	168279.44	169256.34	170252.42	171791.96	173693.57	175699.83	176906.16	177471.08	177618.3	177522.44	177346.53	176719.57	176529.67	176706.17	177286.67	177623.0	177847.88	178457.56	179290.76	180151.79	180829.4	181889.92	182641.47	183066.25	182931.0	182617.9	182790.25	183104.67	183152.54	182760.49	182096.02	181724.2	181113.04	180417.02	179964.15	180084.49	180462.99	180756.13	180872.55	180863.55	180311.75	179426.62	178455.51	177736.7	177324.09	177431.29	177988.2	178827.91	179616.41	180296.06	181011.57	181567.22	182293.45	182714.19	183184.52	182906.03	182265.16	181201.52	178560.96	177898.57	178142.97	180472.06	181145.97	181358.2	181686.36	182197.67	182453.64	182414.8	182211.15	182047.54	180044.27	179040.22	178505.89	180443.01	181407.21	182278.36	182815.99	183599.93	183976.91	184376.65	184867.04	185276.53	185821.33	185751.43	185898.25	185804.79	185863.14	186162.31	186574.74	187006.24	186913.35	186711.28	186535.94	186399.9	186554.42	186698.58	187190.54	187223.04	187221.27	187124.11	187371.93	187752.67	187998.44	188287.61	188522.53	188877.82	189165.05	189428.12	189627.52	189912.99	190147.56	190711.28	191066.35	191578.39	192025.09	192739.11	193574.0	194000.08	194377.54	194636.03	195060.08	194904.37	194927.79	195067.51	195535.85	195786.66	196146.74	196779.12	197602.65	198249.75	198650.4	198841.08	199127.83	199592.45	200410.06	201492.69	202623.14	203702.11	204440.21	205089.61	205988.35	207300.68	209002.78	209894.66	209916.28	209472.72	208780.7	208237.01	207474.74	207606.73	208017.86	208698.66	208854.21	209135.89	209715.75	210349.98	210917.98	211274.96	212042.35	212933.59	213742.47	213934.4	213761.12	213273.02	213327.91	214050.03	215300.07	216074.9	216442.92	216582.22	217101.57	217466.26	218385.96	219736.05	221831.55	224336.61	227017.45	230008.6	232710.03	235444.37	238090.24	240512.46	242939.09	245491.59	248535.21	251455.02	253747.69	255266.0	256685.54	258382.39	260658.24	263639.02	267330.94	271159.86	274680.81	277460.28	279381.52	280188.28	280245.39	279851.37	279313.49	278344.83	277189.68	276180.03	275448.4	275423.07	275847.56	277171.78	278731.29	279851.94	279836.07	278744.88	277698.31	277277.75	277256.15	277359.34	278084.06	279850.75	281916.59	283013.43	282948.02	282424.38	282337.34	282645.45	283315.66	284087.43	285265.69	286283.51	286732.17	286439.86	286119.7	286054.1	286227.25	286294.78	286384.06	286992.67	288204.72	290101.76	291756.01	293181.1	294481.94	296055.66	296928.32	297074.59	296841.87	297110.82	297701.06
74011	615000.0	139031.13	138407.35	138755.92	139234.6	140274.86	140886.98	141339.97	141811.39	142362.0	142838.55	143257.8	143618.99	144028.41	144597.82	145109.44	145638.69	146020.89	146585.94	147257.16	147991.06	148646.64	149048.18	149479.09	149886.63	150377.58	150956.29	151369.74	151804.42	152070.5	152354.09	152563.42	152785.03	153010.72	153143.32	153292.76	153482.73	153724.2	153976.2	154168.58	154360.36	154437.75	154565.37	154773.22	155018.13	155375.85	155738.63	156117.43	156338.89	156524.4	156665.01	156839.23	157024.22	157219.17	157460.04	157821.64	158254.46	158678.56	158774.82	158645.97	158680.1	158872.3	159200.73	159260.33	159367.5	159547.65	159918.76	160331.54	160769.8	161171.86	161592.94	161994.94	162358.96	162551.08	162774.97	163084.58	163602.68	164085.18	164576.51	164995.52	165448.54	165888.94	166339.77	166742.1	167010.24	167186.42	167353.08	167557.47	167822.3	168027.94	168371.85	168877.97	169343.99	169660.16	169718.23	169765.86	169788.44	169813.94	170144.53	170643.79	171259.98	171695.68	171697.79	171404.71	170892.59	170426.87	170108.81	169828.72	169415.49	169172.83	168925.39	169130.23	169207.24	169300.59	169509.57	169686.54	169999.14	170190.69	170506.45	170396.85	170108.29	169945.36	170416.25	171396.24	172782.11	173770.65	173986.44	173131.39	172034.88	170659.43	169473.29	168466.34	168008.97	167648.32	167033.63	166011.55	164573.57	162958.82	161905.35	161842.52	162300.71	162956.22	163167.94	163094.66	162820.34	162385.88	162238.19	162077.88	162013.74	162098.74	162149.12	162383.04	162464.16	162278.63	162344.52	162803.27	163668.58	164248.96	164422.95	164610.59	164721.19	165081.45	165261.55	165358.56	165351.58	165191.04	165326.67	165714.56	166483.83	167073.97	167499.11	167571.08	167696.97	167925.81	168318.59	168868.23	169376.93	169933.24	170640.62	171710.78	173091.83	174212.82	174974.72	175504.05	176024.28	176451.6	176637.8	176828.21	177135.88	177730.56	177669.8	176936.92	175395.78	174777.65	175128.21	176367.27	177688.97	178813.18	179763.78	180473.02	181195.29	182030.42	183064.54	184281.47	185621.5	186855.89	187878.61	188435.27	188672.86	188461.22	188072.63	187392.03	186800.5	186712.97	186608.1	186231.5	185330.92	185268.82	186028.67	187530.1	188934.4	190122.57	190884.48	191680.78	192452.45	193225.81	193703.24	194210.61	194941.65	194976.5	194607.67	194118.4	194442.59	195396.85	196484.92	197221.71	197638.31	198019.89	198934.6	200266.03	201903.24	203818.61	205446.9	206547.53	207176.56	207580.15	208391.86	209496.31	211114.89	213248.11	215867.03	218968.33	221901.53	224631.07	227000.38	229592.57	231983.76	234455.71	237174.89	239884.99	242346.62	244160.4	246433.03	249549.88	253245.69	257142.47	260769.57	264283.35	267597.61	270791.49	274275.87	277363.97	279443.15	280349.56	281192.38	282213.27	282819.85	282279.63	281420.78	280987.43	281151.57	281897.14	282860.2	283744.7	284089.68	283877.73	284119.03	284782.55	285955.87	286961.08	287908.95	288703.89	289411.32	289603.99	289532.49	289719.24	290791.27	292071.36	293462.73	294654.05	295949.03	296832.09	297017.57	296671.99	296160.03	295832.31	295609.65	295613.22	295868.94	296527.81	297715.25	299292.27	301067.61	302092.05	302317.19	302086.49	301688.34	301445.81	301246.9	301319.89	301650.07
33909	608651.0	89902.22	89991.25	90027.04	90286.2	90771.86	91580.13	92376.7	93064.51	93615.3	94218.14	94884.03	95589.52	96124.36	96633.66	97132.27	97753.78	98491.48	99402.55	100498.18	101462.69	102372.01	103137.24	103942.99	104801.21	105638.56	106508.84	107285.9	108080.63	108908.93	109680.24	110372.56	111296.42	112631.76	114376.03	116100.6	117576.31	118980.93	120260.9	121615.6	123247.57	125205.97	127295.41	129054.5	130466.38	131667.16	132836.6	133752.89	134631.94	135347.69	136246.15	137297.77	138706.48	140475.86	142768.9	145354.64	148269.78	150907.32	153248.78	155718.72	158317.05	161337.13	164437.24	168559.38	172952.34	177776.68	182906.78	189016.75	196603.56	204106.24	211736.25	218545.91	225545.08	232223.13	238192.41	244436.47	249843.29	253728.2	254754.75	255541.06	255844.69	255314.45	252621.33	249810.18	246584.86	244006.35	240248.94	237168.29	233734.13	229563.85	224007.87	217921.32	212537.97	207647.95	202253.47	196064.68	190980.47	185814.77	181616.16	175150.0	167930.33	160322.54	153780.17	147913.73	141602.35	135337.83	129277.36	123943.12	118537.0	113659.74	109609.14	106128.13	103134.96	100002.55	97377.2	95051.26	93324.89	91975.99	90833.43	90389.72	89925.92	89748.01	89030.04	88688.67	88585.26	88871.26	89279.87	89522.71	89423.28	88984.39	88297.38	87481.41	86862.72	86399.17	86471.24	86580.55	86739.56	86592.22	86654.77	86785.83	87245.33	87679.3	88327.61	88893.45	89627.47	90120.11	90793.92	91413.42	92562.78	94159.97	96039.81	97820.36	99194.28	100467.95	101922.87	103576.05	105354.84	107023.26	108674.48	110302.27	112191.08	114504.88	117013.14	119214.45	121178.37	123108.04	125343.87	127219.78	128945.78	130256.08	131475.68	132538.85	133545.11	134672.86	135821.57	136914.37	137815.63	138495.2	139236.93	140332.12	141739.22	143269.92	144615.94	145793.52	146834.61	148173.93	149783.23	151706.3	153649.09	155812.74	158466.19	161269.06	163667.52	165427.0	167147.19	169130.39	171604.65	173787.25	175619.99	176902.57	178147.0	179805.34	181723.98	183461.74	184752.11	185802.87	186752.01	187713.78	188370.08	188856.98	189335.56	189831.09	190532.16	191144.3	192174.14	193431.4	194917.82	196247.37	197471.5	198614.79	199448.12	200204.05	200634.12	201338.1	202026.66	202986.16	203812.57	204561.72	205189.5	205852.68	206358.3	206542.35	206469.22	206138.19	205771.23	205477.4	205361.79	205454.03	205715.31	206312.69	207199.02	208292.26	209128.55	209758.06	210028.53	210149.95	210353.0	211011.33	212605.22	215002.84	217708.93	220861.22	223998.51	227292.17	230379.68	234136.16	238967.14	245543.5	253964.37	262980.83	271894.29	279472.47	286730.18	293401.56	299830.33	307632.63	316807.47	327614.68	338374.81	348902.38	358441.79	365082.64	367602.5	366454.9	363694.59	360859.79	358284.67	354890.99	351905.82	350475.32	351028.52	352524.17	353952.6	355189.61	355975.23	355896.94	355594.55	355513.71	355747.59	355855.38	355334.1	354302.79	353009.99	351143.86	348383.89	345436.27	343259.06	341802.18	340764.49	339744.97	338777.0	337481.81	335760.25	333276.99	330053.48	326101.72	321929.56	317802.41	313981.84	311144.08	309171.36	308001.02	307052.28	306133.87	305292.34	304308.11	303282.07	302073.32	300918.81	300094.72	299566.89
72404	605295.0	122359.9	122475.63	122613.11	123016.02	123440.94	123878.33	124139.09	124435.15	124749.98	125183.49	125896.59	126903.15	128048.41	128727.06	129035.6	129189.84	129581.41	130088.73	130612.18	130984.2	131238.95	131167.13	131003.41	130692.5	130500.02	130681.68	131236.02	132105.43	133102.69	134198.22	134894.12	135148.27	135026.67	135170.08	135457.03	135714.08	135638.09	135477.53	135378.85	135765.82	136381.12	136903.91	137313.23	137478.29	137927.44	138577.7	139516.87	140499.78	141286.42	141991.77	142414.23	142636.11	142487.54	142579.28	142863.19	143370.78	143494.71	143417.79	142993.06	142707.32	142598.85	142902.72	143518.64	144256.74	145063.9	145650.9	146420.43	147123.12	148001.86	148633.29	149574.66	150466.82	151223.66	151602.88	152019.35	152543.64	152901.62	153036.86	153125.85	153367.32	153554.06	153688.68	153803.11	153954.97	154112.44	154407.24	154667.44	154852.1	154890.56	155047.43	155228.87	155522.71	155852.11	156568.38	157258.11	157968.04	158361.99	158532.8	158992.94	159448.2	159914.28	159885.09	159783.75	159689.3	159653.32	159498.43	159361.92	159210.46	158987.39	158790.01	158531.14	158434.94	158340.19	158273.38	157815.11	157537.93	157500.32	157253.05	157268.48	157268.23	158137.5	158677.81	159230.96	159613.47	159863.45	159784.94	159648.1	159598.82	159667.52	159664.61	159510.8	158311.46	157918.29	157785.22	158761.33	159015.44	159241.0	159751.35	160211.62	160738.39	161199.76	161884.92	162402.0	162746.34	163027.8	163388.04	163598.88	163482.34	163336.15	163289.17	163700.55	164175.14	164735.27	165196.06	165525.75	165954.35	166375.77	167040.02	167483.31	167358.96	166787.04	166455.19	166521.16	166857.59	167166.85	167594.54	167854.53	168100.35	168206.6	168614.16	168751.05	168670.81	168510.44	168682.08	169257.25	169734.18	170075.03	170186.51	170167.25	170110.39	169955.89	169918.59	169902.59	169974.51	170126.69	170343.18	170797.8	171433.51	171987.12	172475.59	172628.02	172941.35	173208.96	173419.58	173203.43	173220.71	173501.73	174002.55	174237.97	174554.96	175079.32	175754.32	176172.09	176284.2	176178.0	176309.47	176669.6	177173.04	177669.12	178160.54	178762.54	179079.09	179363.34	179751.57	180311.12	180987.79	181241.84	181534.83	181964.66	182459.59	182863.44	182973.41	183500.39	183919.8	184410.87	184633.06	184917.0	185119.15	185193.27	185633.98	186229.16	187092.3	187892.57	188577.87	188988.23	189271.25	189504.91	189954.57	190527.15	191350.19	192076.45	192574.39	193050.76	193554.82	194162.01	194760.31	195615.62	196736.12	198226.71	199669.58	201150.07	202291.16	203411.77	204263.18	205276.24	206773.12	208943.47	211725.79	214802.55	218012.2	221047.31	224086.46	227297.11	230522.82	233458.07	236293.37	238933.59	241987.39	244795.96	247311.92	248274.05	248426.72	247956.64	248063.22	248294.74	248673.73	248948.46	248837.17	249147.49	249770.87	251323.15	252736.15	253374.54	253271.71	253347.01	253572.67	253591.48	253439.03	253802.77	254556.18	255076.91	255462.0	255408.7	255341.8	255027.42	255083.86	254805.48	254438.38	254128.31	254204.92	254696.55	254848.55	254563.4	254398.88	254497.87	255216.45	255853.67	256663.72	257622.2	258689.61	259938.49	261309.05	262515.72	263721.01	264498.2	265184.35	265672.11	266217.57	266790.74	267119.45
72015	588688.0	87243.47	87216.3	87286.7	87378.28	87549.12	87582.86	87592.27	87531.89	87645.79	87881.75	88370.16	88958.47	89531.47	89818.59	89903.53	89955.48	90185.64	90436.88	90788.03	91082.22	91524.87	91852.15	92144.92	92298.26	92546.51	92848.2	93159.39	93354.31	93593.75	93946.82	94440.28	94872.46	95268.34	95620.79	95907.21	96150.33	96393.27	96742.03	97109.32	97405.72	97628.12	98026.72	98516.58	99024.29	99256.7	99386.5	99554.01	99864.92	100159.77	100525.51	100611.85	100646.51	100574.29	100425.22	100471.87	100533.88	100928.09	100997.14	101163.96	101275.42	101834.81	102524.51	103394.4	104359.03	105230.51	105852.82	106157.31	106498.68	106998.61	107907.53	108687.53	109417.15	109864.98	110287.06	110803.02	111338.22	112189.55	113383.05	114481.66	115367.27	115822.47	116449.31	116995.26	117709.2	117922.62	118404.2	118926.17	119741.16	120007.81	120064.45	120495.18	121186.24	121985.09	122660.18	123445.88	123875.5	123952.19	123840.51	123928.21	124262.85	124495.28	124508.73	124040.87	123721.15	123449.11	123201.55	122772.11	122448.06	122255.42	122009.96	121748.55	121808.03	121975.55	121659.86	120907.69	120193.79	119968.35	120051.44	120377.9	120847.04	121421.93	122006.1	122521.42	122972.54	123193.63	123508.94	123609.6	123704.64	123335.22	122910.7	122300.96	120395.0	119711.41	119575.05	120986.49	121081.56	120860.19	120632.32	120437.31	119996.48	119353.26	118615.94	117927.84	117271.19	116674.39	116314.14	116458.25	116951.79	117494.79	117741.02	118014.79	118193.96	118694.3	119017.32	119106.72	119052.91	118903.34	119015.17	119126.74	119184.55	119351.23	119559.68	120002.72	120047.96	119919.35	119670.1	119743.44	120033.74	120476.06	121092.69	121574.33	122056.15	122338.16	122585.45	122794.35	122773.89	122793.05	122611.69	122735.31	122835.89	123012.71	122938.12	122842.32	122784.28	123035.76	123197.41	123491.04	123736.59	124259.19	124706.59	124992.99	125334.03	125942.71	126652.9	126961.14	127052.36	127076.62	127398.04	127805.58	128352.88	128991.07	129671.12	130205.01	130522.46	130678.23	130873.58	130943.27	131079.22	131394.13	131974.78	132695.5	133272.44	133710.47	134237.54	134931.96	135832.56	136395.39	136584.12	136757.42	136726.23	136690.48	136323.61	136458.51	136756.04	137260.41	137447.04	137746.84	138219.24	138703.85	139120.17	139356.8	139607.58	139867.66	140152.8	140207.53	140161.51	139892.42	140132.85	140750.25	141691.87	142409.35	142961.3	143341.07	143714.97	143888.71	144443.94	145326.65	146744.64	148477.51	150493.26	152675.16	154781.88	156749.31	158714.86	160702.89	162753.56	164890.21	167253.42	169415.46	171006.49	171917.56	172721.64	173630.14	174797.43	176594.51	179237.27	181932.05	184338.13	186224.42	187873.9	189187.32	190115.22	190921.05	191509.61	191634.87	191237.26	190547.07	189987.2	190124.7	191010.88	192412.44	193673.29	194213.36	194031.73	193503.78	193112.23	193073.35	193218.5	193642.54	194629.1	196231.01	198054.84	199289.74	199829.29	199880.6	199890.66	199904.51	200009.77	200482.94	201455.92	202515.04	202980.26	202780.6	202573.14	202713.23	202991.07	202997.59	202709.37	202624.81	202849.91	203823.5	204914.21	206190.57	207505.82	208838.8	209554.11	209624.87	209404.25	209421.43	209662.49
29644	586174.0	122418.68	122746.95	122649.04	122774.27	122705.17	123149.84	123519.73	123745.04	124205.32	124676.11	125240.57	125025.38	124508.25	124301.43	124138.18	124183.32	124310.68	124614.37	125240.03	125618.9	126134.48	126772.15	127499.8	128368.56	129070.39	129629.48	129866.13	129914.64	129728.22	129491.45	129185.66	128946.46	128787.54	128943.72	129322.88	129959.25	130271.23	130521.83	130261.31	130282.19	130463.34	130940.94	131350.99	131518.8	131857.07	132242.26	132881.9	133407.53	133819.18	134188.54	134507.09	134678.85	134834.54	135076.3	135333.98	135201.79	135240.13	135799.3	136881.97	138040.0	138986.62	139578.8	139834.49	139879.6	140034.56	140147.5	140034.07	139857.11	139750.16	139942.2	140431.78	141111.81	141643.9	142274.27	142452.06	142910.73	143097.71	143441.37	143637.94	144017.13	144836.7	145830.0	146912.3	148010.42	149208.72	150195.4	151122.85	151768.34	152431.57	152849.26	153272.36	153451.32	153673.89	153897.84	154278.58	154577.4	154855.47	155058.17	155608.43	156209.76	156666.19	156342.58	155788.95	154903.93	154017.26	153059.27	151857.33	150827.56	150031.69	150146.02	150733.42	151086.6	150929.46	150625.66	150169.16	149824.26	149336.26	149187.79	148891.05	148713.3	148436.92	148303.89	147976.07	147753.53	147718.98	147730.9	147559.72	147448.08	147392.76	147262.21	146799.25	145810.53	144153.69	142353.13	141069.02	140392.4	140128.3	139906.37	139940.27	139643.6	139112.05	138686.18	138525.08	138567.73	138362.71	138320.39	138299.74	138349.44	138237.93	138157.49	138017.68	137954.66	137721.44	137580.02	137472.42	137626.96	137794.37	138177.78	138657.97	139265.46	139891.18	140874.44	142107.57	143472.51	144459.93	145372.65	146134.94	147171.91	148076.35	149124.38	149749.3	150390.86	150594.28	150769.76	151055.95	151489.01	152001.11	152348.57	153009.26	153964.24	155241.84	156438.87	157554.97	158679.18	159953.26	161194.22	162377.22	163761.7	165108.31	166536.94	167842.55	169062.22	170137.79	170659.0	170895.48	171047.71	171370.44	172163.55	173010.62	174168.9	175411.13	176816.99	177843.85	178523.65	179034.87	179779.43	180678.35	182053.41	183302.15	184399.04	185103.03	185543.07	186009.42	186539.85	187675.97	188977.5	190365.22	191535.73	193084.92	194315.88	195356.65	195875.2	196772.04	197746.75	198786.02	199301.16	200044.5	201056.97	202676.71	204023.59	205259.47	206022.85	206757.37	207428.94	207968.51	208752.51	209564.93	210640.92	211761.68	212806.07	214005.92	215018.81	216139.59	217320.28	218471.95	219656.84	221175.37	223107.21	225473.31	227995.0	230688.52	233329.94	235448.9	237489.63	239443.68	241364.78	243683.82	246523.61	250003.47	252790.22	254979.52	257287.17	260923.89	264979.82	269651.13	274533.32	280123.85	286458.74	292708.57	299040.8	303279.19	305385.93	305195.28	304789.87	304500.88	304384.6	304295.34	303922.75	303865.28	304029.54	304482.92	305345.33	305865.4	306608.73	307019.47	307155.69	307121.28	306886.09	306706.27	307285.49	309037.24	311181.36	312772.28	312960.81	312519.57	311756.94	311280.6	310729.93	310007.57	309459.48	309342.98	309091.94	308561.33	307789.22	307587.47	307076.78	306554.31	305888.68	306032.51	306654.09	307612.85	308645.59	309761.13	311059.81	311748.56	311753.96	311261.07	310710.05	309895.09	308888.41
37076	583562.0	142879.95	143096.93	143257.74	143865.02	144452.3	144917.55	145212.22	145385.3	145683.63	146041.28	146380.42	146726.08	146849.84	147088.28	147372.82	147709.51	148086.46	148506.97	148947.5	149400.23	149876.18	150371.06	150735.59	150948.47	151084.87	151314.44	151566.32	151861.93	152128.08	152513.02	152889.92	153216.38	153421.88	153606.4	153714.8	153778.68	153812.9	153984.38	154086.79	154186.08	154518.03	155103.76	155725.23	156082.66	156271.07	156571.2	156834.56	157035.0	157004.98	157028.99	157287.12	157853.48	158535.28	159122.96	159536.72	159786.3	159914.83	160120.14	160444.85	160725.49	161017.41	161494.25	162196.41	162898.23	163656.6	164727.14	166413.54	168145.29	169982.64	171374.96	172355.42	172842.51	172931.83	173087.82	173635.95	174485.14	175660.48	177061.19	178411.73	179553.78	180222.46	181003.62	181664.33	182243.58	182437.35	182327.28	182338.43	182657.54	183471.15	184478.12	185589.85	186503.3	186776.86	186335.88	185557.37	185030.67	184649.37	184529.04	184576.38	185167.35	185492.55	185426.46	184470.0	183510.72	182506.29	182166.93	181563.6	180703.94	180047.84	179826.7	179643.58	178799.87	177854.29	177123.18	176408.2	175849.97	175445.71	175256.25	175052.83	174827.57	174905.7	174987.72	175016.1	174968.17	174811.08	174582.59	173989.6	173411.24	172692.14	171762.98	170818.57	169856.38	168727.94	167712.36	166893.33	166642.31	166417.27	165981.16	165197.24	164062.39	162969.47	162203.11	161771.37	161550.84	161531.14	161564.08	161574.9	161505.09	161364.02	161525.56	162123.48	162965.18	163737.78	164295.72	164899.77	165482.97	166184.42	166925.83	167872.94	169009.96	170003.04	170837.04	171466.78	172252.57	173161.32	174029.28	174960.29	176049.49	177423.14	178691.23	179762.03	180454.91	181118.21	181778.58	182782.63	183800.66	184860.18	185605.92	186553.76	187617.42	188946.25	190369.7	191662.24	192656.19	193511.26	194555.21	196251.11	198279.48	200472.39	202580.32	204842.77	207126.66	209199.41	211030.94	212681.68	214424.06	216135.73	217846.76	219445.77	221041.15	222939.29	225058.39	227431.52	229774.3	232140.65	234440.14	237032.9	239621.48	241913.23	243602.6	245037.47	246570.33	248389.7	250589.37	252881.7	255262.35	257677.47	260152.58	262630.87	264489.05	265984.23	266759.39	267848.6	268942.51	270269.97	271500.76	272676.13	273669.55	274212.12	274497.9	274520.67	274402.48	274288.66	274452.56	274839.36	275670.76	276736.86	278128.85	279595.39	281192.19	283269.61	285511.88	287885.93	289613.51	290426.0	291005.31	291951.88	293982.0	297212.79	300953.95	304858.19	308277.39	311867.19	315772.06	319679.95	323647.06	328288.27	334439.95	341037.05	346455.94	350475.08	354585.95	359982.28	366670.46	374727.05	384124.84	394274.84	404501.17	413860.77	421855.52	427093.73	429046.66	428002.89	425612.15	422453.5	419295.2	415955.82	413694.63	412674.45	413106.06	414137.04	415549.09	416402.91	417293.65	417771.21	418337.58	418671.38	419013.91	419444.87	420372.34	421720.87	423056.2	424232.53	424845.76	425201.91	425286.72	425426.45	425551.96	425599.34	425685.2	425837.07	425434.79	424727.16	424392.06	424340.45	423888.53	422846.42	421807.75	421360.13	420795.55	420098.16	419295.49	418335.71	417377.7	416164.95	415109.34	414076.47	413170.31	412353.55	411826.5
19734	568742.45	159043.56	158409.88	157739.13	156802.29	156701.55	157523.34	159078.21	160233.39	159851.88	159023.52	159077.07	160773.19	162909.05	164900.79	167221.71	168918.49	169766.89	170170.45	170933.85	172186.39	173550.39	174713.64	175570.37	175958.13	176147.02	176059.67	175347.48	175306.62	174984.71	175210.92	174686.8	176046.59	178168.62	180038.89	180853.88	181492.13	183056.12	184944.65	187196.56	189174.9	191796.66	194417.53	197916.46	200323.22	202632.64	204197.44	205513.43	206035.43	206649.93	207378.05	208412.23	210555.48	213534.52	217015.45	219660.6	221847.87	224238.39	226400.23	229229.76	232132.29	235208.17	238200.38	240998.68	243656.14	246457.41	248987.03	252263.86	256103.68	262033.24	269206.42	276152.17	282089.43	286677.94	290307.97	293146.8	296012.85	299226.08	301865.44	304275.99	305525.1	305377.72	304278.41	302352.8	300828.15	298836.78	297688.68	296871.21	296506.09	296783.3	298192.89	299552.6	300102.53	299493.06	298865.08	298204.33	297255.85	295449.7	293692.07	293265.31	293813.56	294865.69	294312.51	292441.72	289728.09	288007.21	286516.84	285078.52	282773.23	280216.83	277309.19	274464.39	272013.17	269464.61	266256.73	262857.02	260099.84	258452.53	257948.03	257814.03	257752.27	257882.03	258138.58	258914.33	259628.21	261083.77	262144.12	262702.43	261857.4	259999.06	257152.36	254183.81	252598.79	252138.96	251992.76	251068.81	249246.72	247319.89	245239.46	243765.76	242913.49	241884.02	240771.17	239787.7	239032.66	238687.01	237737.9	236164.53	234176.5	232871.17	233341.3	233213.8	232367.79	231799.94	233867.73	237145.47	240292.05	241396.31	241044.39	238932.15	236963.73	234484.17	232971.93	231406.64	231950.89	233383.91	236689.86	240726.98	246502.62	252571.24	257439.59	259271.75	258483.76	256749.56	255036.96	254230.67	254042.17	254556.15	254854.5	255743.97	256878.75	258867.18	261301.02	263646.52	265884.83	267056.14	268208.76	269293.06	270898.01	272433.72	272979.88	272824.07	272044.58	272244.38	273487.79	275460.25	277875.87	279593.71	281644.01	283850.15	286342.45	288224.2	289259.54	289866.97	290066.96	290899.61	292563.57	295193.57	297779.86	299594.17	301123.78	302172.01	303413.42	304720.29	305257.3	305048.27	304219.7	304220.44	305540.61	308229.95	311219.81	313819.67	315653.73	316973.8	317894.55	318199.78	318336.41	318260.4	318021.33	317557.06	317173.65	318067.89	319805.54	321247.55	321516.69	321119.25	320888.64	320368.65	319234.38	318143.1	317315.75	317398.64	318325.91	320303.92	322488.16	323753.89	324572.26	326160.2	328807.51	332478.73	336412.14	341186.4	345835.04	350421.57	355366.37	360378.38	365733.83	371416.09	377635.54	382669.34	385817.75	387234.44	388590.56	390181.55	392213.63	395971.57	400533.56	407103.76	414344.72	421376.67	427092.09	429525.73	430810.2	430416.18	430516.07	430526.73	431418.92	432320.52	433307.2	433888.31	435187.82	436951.83	439290.78	441214.24	442687.65	444163.08	445235.41	446574.94	447887.87	448878.78	449857.44	451517.72	454025.43	455767.46	456567.77	456548.12	457615.37	458628.78	460239.08	461083.63	461414.31	461389.24	461290.65	461463.23	462533.33	464585.83	467335.63	470616.18	473213.41	475398.08	476758.07	478674.76	480517.93	482328.95	483483.01	484811.08	484969.29	485014.48	485291.29	486715.71	488287.88
75459	568742.45																																																																																																																																																	121008.05	121184.96	121498.84	121980.42	122818.22	123578.63	124208.42	123944.34	123612.15	123433.26	123756.71	124137.6	124711.51	125326.99	126212.33	127228.73	128888.81	130653.16	132126.99	132555.34	132343.6	131964.44	132020.44	132381.98	133001.44	133725.93	134613.91	135672.45	137071.22	138260.71	139365.38	139640.0	139597.2	139424.66	139857.57	140766.2	141878.19	143183.82	144572.31	145858.45	147362.39	149055.43	150924.09	152120.24	152951.84	153817.46	155185.71	156924.79	158500.67	159482.15	160389.8	161286.02	163022.39	164631.72	166678.53	168570.25	170515.88	172119.13	173654.85	175304.83	176766.2	177993.54	179478.37	181541.91	183868.01	185927.16	188149.25	190268.6	192234.88	194046.37	196021.29	198439.39	200389.4	201966.52	203367.1	204671.69	206112.0	207500.75	209341.05	210847.52	212070.49	212550.39	213161.28	214011.69	215322.93	216604.73	217253.46	217248.82	216579.29	215751.24	214911.87	214814.65	215330.83	216493.39	218091.45	219842.82	222079.34	224455.01	226577.15	227662.45	227265.64	226556.51	226505.48	227950.07	230587.62	233370.31	236142.16	238537.52	241715.78	245666.18	250365.15	255114.75	259805.7	264514.04	268705.89	272101.27	274523.0	276791.23	279789.19	283673.23	289690.17	296686.68	304233.68	310777.97	316363.71	320882.88	323107.35	322824.69	321067.57	319621.42	319357.45	319908.9	321100.36	322372.46	323637.52	324686.1	325602.62	326132.28	326024.53	325808.75	325905.84	326005.58	325436.26	324153.54	323635.15	324750.53	327056.08	329071.54	330031.05	330156.8	329422.48	328513.98	327448.77	327146.71	327113.98	327835.98	328993.76	330303.61	330989.03	330196.72	328034.35	325155.33	322209.44	319514.74	317127.96	315375.24	314187.82	313299.77	312503.71	311924.14	311139.48	309567.99	306798.17	302968.29	299171.68	296317.75
78666	568742.45																																																																																					169079.22	169142.04	169529.0	170077.21	170254.74	170169.37	169857.0	169867.74	170018.24	170573.15	171558.25	172527.43	173002.73	173074.03	172998.26	173439.05	173710.9	173487.81	172925.46	172493.39	172609.05	172926.35	172995.3	172556.72	172306.74	172143.6	172479.24	172588.75	172646.87	172874.3	173495.17	174499.26	175467.15	175945.81	176087.42	176110.53	175477.68	174781.37	174362.32	174789.6	175586.34	175721.41	175388.73	174822.7	174218.65	173545.3	172820.53	171944.66	170872.63	169858.81	169420.37	169413.33	169497.33	169479.32	169551.24	169418.58	169301.96	169096.83	168919.56	168216.78	167097.4	166053.54	165610.41	165778.59	166458.11	167196.88	167935.17	168314.31	168328.94	168195.45	168320.49	168941.2	169837.73	170662.17	171261.75	171858.24	172591.1	173446.07	173842.78	174028.27	173803.27	173932.37	174063.81	174839.12	176125.81	177762.6	179408.89	180735.54	182495.51	184297.59	186210.6	187608.34	188515.32	189111.81	189772.91	190877.96	192415.11	194132.54	195771.08	197314.47	198986.75	200704.65	202422.07	203937.51	205223.46	206490.31	207628.64	209334.59	211095.48	212499.86	213033.47	213579.7	214434.06	215760.77	217014.25	218613.2	220136.98	221636.66	222928.59	224370.31	225749.03	226901.5	228045.04	229092.78	229945.47	230503.42	231149.5	232108.6	233072.47	234001.92	234778.48	235759.38	236643.81	237235.5	237886.72	238420.82	239134.85	239865.72	240886.37	241782.73	242017.19	241790.22	241779.81	242522.15	244060.73	245707.5	247369.58	248309.09	249062.49	249312.74	249559.49	249841.66	250374.37	251100.92	252103.94	253447.12	254955.47	256339.17	257506.99	258642.59	259163.23	259858.2	261221.55	263821.22	267210.26	270691.96	274035.15	277111.31	280079.03	284092.9	289947.09	298479.82	309209.97	320534.64	330057.6	336594.59	340153.81	343055.55	346796.05	351922.97	359034.74	367081.66	376553.58	385793.09	394048.11	399819.63	400928.81	398574.58	393905.56	389277.31	384374.23	379145.63	374088.02	369320.16	365520.0	363015.29	362213.98	362232.5	361825.94	360862.69	359376.59	357765.18	356101.24	353844.63	352125.89	350606.09	349734.69	348861.02	347456.03	346047.1	344486.0	343046.46	341975.93	341033.51	340277.55	339339.71	338265.72	337320.31	335850.96	334143.63	331794.18	329454.98	327182.5	325729.87	325003.14	324598.78	324227.13	323704.04	323246.72	322542.44	321007.03	319107.21	317201.37	315804.6	314903.86	314679.23
32567	568400.0	118963.01	115971.76	112855.98	109024.6	106011.82	103896.57	100361.5	97578.44	95790.21	94656.29	93879.14	93435.28	92782.0	91903.34	91897.39	91963.31	93142.67	94112.44	96208.24	97690.05	97808.97	97634.56	97008.47	96793.35	97333.25	98293.59	99821.76	100111.93	100312.36	100243.01	100179.21	100540.52	100883.77	101409.19	100821.65	100264.14	100676.89	102524.86	104098.42	104657.33	103593.07	102957.58	102517.54	102521.6	102717.05	104348.64	107465.93	110311.63	111001.7	110235.33	109601.61	110434.89	112202.83	114820.37	117430.17	120109.37	122760.01	125488.26	127298.95	128834.92	130953.76	134365.77	138437.93	142359.03	148075.58	153778.56	159113.57	161964.29	163765.69	165321.51	165906.28	167082.84	167761.15	169958.87	172567.22	174720.86	175043.48	171919.3	168973.46	167202.88	165148.31	161394.25	156705.04	152554.39	150173.61	150736.14	153680.05	157424.14	158599.72	160177.19	163506.52	167396.13	171653.8	173366.54	174312.01	175184.35	175395.39	176239.25	175516.18	175280.56	174292.63	172604.34	169974.12	166102.79	161293.51	157886.9	155728.76	155327.85	154626.27	153097.15	150917.97	146260.42	142383.42	139383.35	137814.69	136500.11	134475.42	133343.15	132343.4	132819.13	133036.4	134346.28	134390.59	135330.24	135440.89	136464.88	136916.02	137762.77	137763.93	136269.73	134423.12	132783.34	131701.69	129509.67	126644.21	124659.07	124126.17	123586.27	122824.33	121996.25	122074.39	121959.86	121322.22	120623.82	121084.14	121996.33	122303.93	122415.71	122680.5	123754.49	123805.76	122631.4	121034.24	120075.07	121097.17	122155.03	123639.04	124508.47	125525.1	126169.52	126750.62	127734.25	128470.15	128889.27	128803.05	128969.54	129202.74	129023.18	129524.64	130539.98	132175.42	133425.72	134234.13	135276.62	136105.97	136655.1	136730.88	136658.18	137204.33	138239.54	139480.1	139953.25	139889.69	140566.41	142001.65	144239.6	145926.76	147490.58	148638.95	149225.01	149723.62	149661.21	150194.49	150674.85	151709.63	153209.57	154850.09	156351.22	157157.32	157513.11	157899.59	157979.84	157223.08	155756.77	155384.7	156574.18	158909.53	161302.1	163094.33	164112.46	164952.65	166656.18	169114.03	170680.36	171601.01	171499.5	171471.56	170818.69	171620.48	172634.09	173685.03	173457.74	173575.43	174881.25	177321.54	179709.96	181903.59	182972.66	183108.72	182436.73	182422.04	182576.15	183329.86	184577.59	186839.82	189276.22	191021.88	192660.18	194182.62	196277.06	198043.57	199696.11	200742.48	201631.64	201947.0	202230.29	203321.12	205671.92	209673.81	214434.01	219803.59	224851.13	228966.03	232719.16	236210.23	239985.93	244235.31	249882.97	253844.08	255257.47	253880.88	253469.94	255518.24	258096.4	263293.98	269482.18	277108.85	284301.28	290419.68	295152.47	296367.21	295026.19	291878.98	289427.94	287740.06	286787.52	285150.52	283030.47	281800.24	282647.76	284300.47	285640.18	286081.05	286332.12	286917.71	286711.02	287868.07	289309.84	290528.93	290320.3	290013.64	290989.1	292046.22	292583.75	292147.75	291587.24	290540.52	290194.83	290404.37	292202.79	293860.19	294686.5	293691.3	291846.43	290035.54	288782.69	288312.16	288297.39	288817.27	289278.97	289466.11	289466.21	290356.21	292357.7	295687.39	298071.67	299071.16	298418.76	297647.35	296835.97
76179	557755.93	133293.98	133425.55	133615.76	134018.07	134392.19	134713.92	134814.93	135045.73	135177.98	135420.93	135570.59	135674.28	135594.6	135363.48	134867.69	134311.98	133879.29	133871.77	134063.19	134437.15	134664.93	134720.2	134623.46	134631.99	134768.32	134927.89	135274.26	135789.06	136481.75	137223.81	137847.2	138310.61	138552.84	138797.09	139047.98	139348.96	139607.87	139584.5	139534.03	139747.73	140231.71	140808.52	141260.08	141733.43	142097.09	142323.52	142261.51	141959.0	142053.51	142807.27	144774.95	146942.86	148773.69	149783.51	150323.95	151133.73	152322.16	153479.49	154022.7	154315.71	154902.06	155799.97	156454.38	156947.38	157129.56	157141.04	156904.92	157151.45	157426.2	157262.38	156655.41	156081.46	156155.59	156553.2	156965.45	157279.48	157756.25	158412.29	159203.0	159748.84	160152.38	160891.58	161723.71	162538.69	162440.0	161883.4	161109.92	160899.47	161078.33	161472.79	161859.89	162084.58	162745.48	163398.79	163743.84	163747.47	162484.58	161009.79	158985.69	157719.37	156579.33	155876.23	155398.21	154836.67	153828.77	152632.59	151922.88	151378.79	151047.65	150727.85	150762.84	150995.47	151389.3	151597.53	151594.59	151515.1	151313.3	151209.39	151120.25	151228.62	151224.37	151144.4	150934.52	150954.88	150977.22	150946.3	150487.36	149693.53	148857.68	147829.17	146976.7	145983.48	145543.95	144627.41	144216.85	143533.35	143135.72	142415.46	141970.78	141844.92	141988.3	142052.05	141933.15	141749.27	141466.99	141436.2	141321.78	141287.83	141238.81	141353.17	141735.66	141934.77	142008.98	142243.11	142844.29	143629.36	144365.39	145198.88	146180.62	147066.67	147911.58	148731.21	149649.38	150516.46	151315.88	152257.15	153314.7	154514.71	155569.63	156613.69	157523.41	158265.07	158805.87	159363.58	160076.61	160871.05	161666.37	162424.97	163464.51	164660.53	166156.22	167666.96	169172.0	170363.8	171538.19	172616.7	173894.22	175222.7	176707.02	178317.2	180063.4	181827.07	183460.9	185032.95	186390.72	187866.67	189163.95	190537.27	191813.26	193181.85	194715.06	196313.35	197871.87	199501.81	201084.27	202823.94	204630.07	206637.91	208502.96	210197.83	211544.78	212761.02	214060.48	215640.08	217362.05	219182.81	220883.87	222671.76	224359.66	225923.08	227416.34	228675.01	229899.6	230892.18	231807.69	232698.13	233514.78	234391.4	235189.65	236064.38	236770.23	237329.0	237782.81	238187.9	238546.27	238894.93	239362.41	240116.62	241143.15	242350.39	243532.06	244529.24	245441.42	246052.77	246180.17	246160.6	246552.9	247806.47	249913.29	252674.2	256086.11	259733.34	263409.47	267008.33	271150.17	276028.35	281877.99	288075.54	294127.76	299399.37	304271.41	309301.89	314874.03	320466.07	326839.78	334119.34	342271.36	350950.08	359114.32	366312.91	370494.58	371256.52	369664.13	367279.64	364551.77	361025.88	356574.62	352406.85	348921.43	346458.5	345023.78	344446.24	344282.59	344029.98	343509.31	342972.37	342476.77	341830.83	341291.1	340816.52	340743.03	340523.89	339976.91	339279.31	338752.86	338567.43	338369.12	337814.76	336948.97	336011.67	335425.82	334664.34	333454.65	331796.21	330155.76	328587.8	327189.66	326019.07	325265.91	324651.27	324206.2	323903.68	323471.58	323016.93	322449.29	321657.51	320457.57	319119.5	318238.22	317788.34
32404	545905.0	104018.31	104449.45	104671.65	105102.96	105482.49	105772.5	106166.86	106437.42	106967.05	107462.42	107954.38	108380.93	108837.27	109231.95	108943.58	108528.78	108158.36	108524.75	109163.25	109740.08	110176.15	110440.02	110859.59	111336.1	111819.38	112250.91	112760.43	112979.31	113361.08	113590.32	113956.13	114067.86	114370.12	114862.31	115499.08	116268.47	116993.79	117598.05	118211.34	119053.75	120191.79	121443.13	122638.55	123979.59	125138.01	126153.71	126946.53	127618.89	128480.56	129471.71	130827.64	132402.76	134338.77	136777.26	140177.47	144147.35	147816.64	150395.81	152113.77	153785.5	156008.1	158601.44	161051.94	164332.89	167783.19	172257.12	176821.77	181419.16	185652.11	188979.91	192217.97	195561.25	198953.83	201744.46	204123.04	206202.06	208777.39	211101.56	212981.88	214241.56	215052.45	215297.95	214697.07	213166.55	211465.16	210604.46	210655.78	211466.58	211534.24	210987.04	209373.97	207715.92	206499.56	206206.77	206411.97	205600.37	204467.03	202944.81	201905.07	200155.27	199003.88	197519.52	196657.04	194984.39	193423.94	191661.96	189692.6	188328.75	186642.47	185637.14	185039.56	184487.15	182897.62	180072.82	177007.05	174421.97	172000.31	170981.31	171022.47	171697.11	171345.1	170271.06	168773.59	168281.22	167871.11	168033.48	167481.01	167047.09	166175.23	165195.06	163604.89	161743.23	159352.44	157250.58	155033.96	152533.68	148981.08	145215.23	141834.64	139006.79	137041.43	136052.96	136037.34	136249.02	135571.09	135078.43	134743.75	135265.48	135588.02	135473.72	135335.76	135182.92	135386.15	135683.77	136534.57	137500.43	138472.67	139377.0	140606.47	142003.69	143549.73	144787.76	145515.25	145605.71	145186.95	144786.32	144332.37	144190.65	144804.65	146110.06	147735.2	149064.0	150185.57	150995.33	151840.23	152542.6	153058.86	152609.27	152198.43	152127.25	152824.56	153802.91	154846.08	156106.72	157246.1	158198.58	159186.44	160327.26	161517.0	162119.84	162343.71	162604.57	162732.99	162812.22	162898.48	163803.94	164918.15	165993.32	166678.61	167580.54	168662.6	169282.85	169058.08	168056.89	167155.79	166630.12	166750.3	167856.91	169791.35	172030.43	173993.22	175636.6	177053.44	177727.91	177881.17	177977.47	178012.07	178070.1	178455.16	179652.2	181174.64	182763.86	184452.82	186057.5	187494.02	188683.99	189911.46	190402.77	189060.48	185278.6	179875.42	175193.08	172637.58	172558.68	173414.31	174669.93	175515.41	176768.87	178569.68	181395.22	185315.92	189727.85	194196.75	197885.12	200219.09	201789.31	203231.45	205584.64	208433.79	211441.45	214054.46	216213.35	218889.95	222102.43	225689.73	228519.82	231032.32	233492.91	235434.75	236863.47	237827.18	239258.27	241483.25	243832.89	247673.57	252582.04	258785.92	264097.36	268049.81	271329.33	274002.92	275779.58	276619.15	277246.91	277910.3	278066.52	277670.3	277958.27	279240.28	281261.44	282824.4	284097.11	284907.68	285539.68	285351.18	285142.02	284911.83	285178.19	286261.5	287972.97	289699.83	290242.46	289780.78	288418.17	287076.27	285994.78	285330.2	284677.65	284274.79	284526.22	285654.95	286632.2	287365.03	287290.42	287121.65	286293.91	285192.25	283927.01	283277.72	283113.35	283090.97	282894.14	283538.1	285097.26	287360.66	288530.01	288748.38	288113.43	287404.25	286518.41
29568	541876.0																												114591.08	115677.12	116020.54	116620.53	116553.67	116727.19	117283.15	117856.82	118589.03	118961.55	119627.35	120209.39	121320.88	122244.04	122625.02	122196.23	121913.05	121882.3	122418.43	122989.44	123862.45	125074.28	126338.97	127646.38	128901.21	130540.93	131957.44	133215.67	133529.84	134643.9	135867.7	137621.84	138759.47	139954.67	141222.11	142979.13	144703.12	146234.46	147209.87	148701.04	150589.77	153224.77	155872.09	158901.71	161921.1	164334.67	166862.25	169296.67	171843.5	174366.13	175728.04	176843.88	177016.85	178106.27	179434.26	180328.58	180383.36	180383.0	180530.14	180960.35	181050.49	181673.22	182225.41	182501.23	182789.77	182772.76	182324.66	181678.48	181165.7	181278.94	180751.55	179435.39	177519.0	175874.68	174841.12	173907.51	172269.64	170509.27	167915.01	165460.6	163134.64	161508.62	159822.61	158131.57	156629.07	154912.84	152701.63	150375.06	148750.88	147553.45	146277.78	145317.78	145130.51	145693.56	145983.87	145484.58	144972.59	144476.65	143725.7	142378.38	140725.54	138899.09	137739.8	137566.36	137365.53	136783.88	135646.63	135300.13	134903.77	134189.12	133291.45	132721.56	132587.44	132801.83	133026.04	133070.72	135797.76	139806.48	144336.09	146094.6	146827.54	147003.98	147216.39	147137.2	147537.09	148119.22	148685.15	149293.02	149837.47	150426.95	150911.75	151511.17	152473.67	153781.15	155155.76	156288.28	157049.32	157906.97	159171.38	160134.54	160629.23	160357.28	160422.6	160662.0	161276.89	161935.85	162819.11	163803.09	164589.87	165472.52	166403.35	167566.96	168386.68	168846.95	169225.11	169781.67	170362.49	171010.28	171786.52	172780.46	173763.7	174647.33	175719.02	176578.7	176944.12	176914.21	177096.21	177473.25	178015.19	178233.19	178588.39	178757.63	179002.12	179433.94	180234.64	181113.72	181496.74	181344.86	181035.87	181065.58	181439.8	182010.92	182788.33	183636.08	184633.67	185599.35	186600.46	187492.43	188002.89	188406.41	188888.54	189771.86	190419.38	191014.11	191446.1	192234.79	193197.55	194425.33	195539.34	196380.28	196764.76	196965.79	197426.36	198085.28	198811.18	199490.65	200227.18	200994.75	201653.25	202282.49	203116.03	204294.64	204958.95	205307.56	205156.74	205482.31	206008.24	206505.92	207175.22	208313.24	210236.64	212707.59	215615.41	218570.09	221480.44	223734.62	225937.31	228185.84	230932.17	234538.03	239332.55	244932.03	250391.96	255452.76	260500.48	265802.67	271005.3	276599.57	282348.51	288732.41	295585.86	302932.99	310159.47	315779.38	319128.07	320079.58	320041.42	319301.16	318155.96	316210.32	314611.14	313405.06	313175.87	313639.87	314720.0	315428.16	315814.21	315881.01	316271.89	316291.95	316280.22	315968.31	315818.36	315853.57	316091.27	316157.98	315772.24	315121.0	314457.31	313661.61	312590.61	311333.63	310504.33	310054.45	309553.26	308533.62	307277.69	305898.56	304428.3	303069.49	301792.12	301003.53	300062.03	299387.14	298910.04	298684.0	298475.32	298073.65	297644.89	297191.59	296701.5	296208.87	295858.09
37087	540817.0	139083.22	138871.25	138605.18	138134.85	137937.12	137955.41	138210.07	138903.57	139920.39	140955.61	141551.17	142126.98	142892.1	143707.78	144495.54	145349.18	146257.14	147055.65	147987.95	148843.87	149520.55	149675.26	149692.78	149726.29	149821.82	150021.5	150317.58	150465.62	150610.84	150711.56	150889.48	150992.44	151056.02	151554.32	152210.8	152866.34	153270.18	153508.24	153608.95	153525.74	153645.66	153942.4	154483.96	154808.58	155186.14	155464.81	155923.52	156514.56	157116.88	157579.37	157888.77	158212.77	158340.98	158674.93	159337.96	160366.24	161122.18	161360.31	161450.11	161781.87	162481.44	163406.34	164310.94	165118.33	165833.38	166784.32	167779.27	168812.79	169858.09	171121.69	172714.04	174315.51	175831.72	177043.07	178224.13	179258.49	180329.85	181313.12	182736.21	184269.59	185693.95	186585.88	187294.57	188055.34	188915.49	189656.24	190433.74	191309.84	192200.75	192882.97	193174.28	193099.65	192849.36	192714.3	192261.93	191856.01	190977.35	190745.06	190397.34	190524.42	190426.66	190122.97	189196.22	187993.4	186718.3	185893.89	185092.58	184179.74	183169.81	182396.19	181892.82	181155.48	180337.29	179430.41	178612.28	178477.97	178768.01	179173.51	178673.86	177317.15	176077.66	175029.69	174834.92	174942.81	175444.35	175663.79	175583.58	175097.04	174513.42	173715.64	173119.21	172873.35	172912.91	172795.38	172160.41	171588.95	171206.36	171085.65	170792.3	170301.68	169720.44	169083.62	168638.23	168141.1	167721.07	167428.29	167574.15	167898.28	168063.98	168408.97	168898.56	169515.72	170197.32	170628.83	171179.09	171321.19	171901.75	172703.34	173666.9	174658.77	175727.53	177050.68	177895.92	178454.55	178880.48	179404.59	179857.99	180212.95	180735.04	181670.2	182571.95	183432.17	184110.34	185171.67	186375.23	187420.03	188369.31	189402.27	190951.64	192528.14	194306.27	196279.67	198128.03	199592.61	200894.74	202472.68	204359.35	206166.36	208098.85	210431.24	212920.35	215382.55	217507.72	219407.8	221192.92	223071.93	224882.14	226690.56	228302.97	229823.29	231369.85	233424.42	236039.48	238746.39	240694.06	241847.2	242656.18	243852.54	245172.69	246430.28	247678.74	249118.06	250878.76	252747.8	254868.79	257275.31	259999.76	262799.95	265728.2	267851.72	269644.27	270814.98	272457.48	274137.41	275423.99	276019.99	276107.55	276362.79	276503.64	276898.3	277612.81	278849.61	279904.55	280751.19	281584.17	282804.67	284229.31	285723.42	287219.16	288695.86	290983.07	293355.07	295686.61	297771.39	299151.2	300245.94	300607.98	301611.03	303599.59	306593.75	310200.17	313791.91	317322.41	321190.24	325732.88	330561.05	336235.17	343006.32	350313.61	356978.21	362368.88	367866.4	374470.81	382158.37	390859.95	400458.24	409982.15	419666.31	427851.72	435118.23	439445.55	441129.25	439915.03	437514.1	434494.09	431869.4	429258.21	427382.66	426160.36	426147.44	426554.95	427603.52	428435.76	429819.01	430966.84	431835.77	431951.11	431605.12	431563.79	432452.11	434554.44	436484.0	437856.25	438186.22	438423.17	438225.38	438231.06	437994.11	437856.22	437669.09	438142.75	439275.2	440243.53	440853.69	441001.46	440863.98	440649.22	440389.89	440916.35	441638.64	442537.58	443107.85	443555.68	443769.07	444148.85	444450.49	444779.31	444989.57	445405.16	445884.58
32533	537100.0	123538.33	123723.07	124242.38	125356.05	126617.59	127241.84	126864.27	126246.86	125816.42	125862.23	125933.76	125768.08	125894.39	125754.91	125956.39	125868.4	125864.67	125720.77	125705.49	125892.53	126029.74	126156.97	126240.93	126621.5	126917.39	127335.35	127844.93	128596.1	129040.54	129409.1	129657.18	130157.44	130379.71	130474.6	130678.21	131381.8	132112.68	132789.84	133257.56	133877.19	134470.21	135142.4	135972.56	137005.74	138092.52	138992.19	139744.71	140127.06	140383.54	140722.07	141230.82	142100.16	143128.01	144572.82	146180.47	148020.0	149650.26	151242.39	152817.63	155200.22	157915.65	160287.21	161976.76	163772.47	166801.57	171474.98	176513.98	181126.89	184535.88	187645.37	190614.53	193627.4	196124.41	198681.92	201264.16	204235.12	206538.43	207959.08	208603.51	208972.02	208879.98	208289.54	207005.05	205497.51	204429.94	203980.93	203699.54	202713.15	201442.18	200502.58	199655.74	198374.02	196771.06	195649.4	194659.82	193704.51	192448.41	191136.31	189294.54	186957.53	184886.33	183256.54	182247.29	180507.09	178628.48	176498.02	174468.22	172697.49	170710.07	169949.53	169590.19	169374.13	168487.71	166952.04	165825.19	164698.44	163997.96	163901.19	164543.07	165522.15	166115.61	165613.7	164746.4	164105.67	164405.55	164885.67	164697.66	164544.25	163870.02	162711.23	160231.44	157260.62	155082.63	154115.83	154072.54	153595.7	152259.58	150519.17	149194.7	148964.29	149306.88	149819.72	150216.41	150508.9	150950.83	150728.38	149834.27	148453.38	147335.15	146766.93	146505.59	146205.23	146234.02	146273.38	146672.36	146977.2	147169.02	147674.55	148354.45	149249.42	149960.78	150618.96	151373.09	152309.51	153551.14	154830.54	156046.68	157247.36	158231.69	159150.67	159756.94	160383.19	161066.64	161743.91	162363.06	162667.84	162841.94	162831.23	163250.94	163935.49	164598.36	164925.79	165061.43	165686.82	166533.68	167369.66	168087.92	168633.73	169190.39	169420.46	169723.15	169991.68	170499.49	171123.1	171779.64	172809.19	173804.48	174945.87	175769.21	176723.76	177603.99	178349.05	178904.95	179690.07	180736.14	181719.91	182589.13	183460.87	184132.59	184675.25	185082.86	185654.26	186416.77	187278.91	188428.57	189490.04	190622.74	191979.46	193353.5	194414.65	194936.04	195493.58	196653.96	197534.53	198367.11	198879.55	199913.7	201035.55	202387.09	203965.01	205867.06	207847.85	209736.89	211201.89	212272.01	213136.64	214235.99	215655.74	217337.26	218911.21	220320.86	221493.37	222688.66	223941.38	224994.76	226081.21	227289.95	229289.25	232108.81	235143.7	238419.27	241176.61	244161.56	246857.81	249525.67	252310.29	256006.52	261253.3	266989.26	272094.33	275986.06	279595.92	283444.61	287484.35	292057.4	296850.25	302322.43	308434.71	314792.77	320322.96	323393.21	324291.47	323856.32	323171.5	322498.07	321964.31	321111.01	320600.37	320661.91	321387.57	322216.33	322767.88	323154.62	323886.08	324692.62	325647.07	326689.51	327689.25	328371.75	328574.93	328378.27	328562.61	329008.15	329575.14	329948.02	329843.02	329151.25	327977.74	326855.99	326450.25	326586.18	326631.69	326135.4	325193.81	324084.11	323271.56	323121.24	323441.52	323787.63	323784.01	323733.57	324004.0	324486.62	325129.38	325832.47	326287.17	326304.01	326074.87	325993.21	326139.44
77447	527335.29	121200.98	121114.14	121117.72	121029.3	120956.1	121081.8	121468.73	121856.24	122401.1	122948.97	123738.67	124088.2	123935.37	123583.59	122996.53	122617.94	122447.57	122456.93	122530.15	122450.14	122561.2	122739.3	122852.86	123056.26	123134.64	123210.84	123374.27	123668.84	123788.71	123699.05	123658.14	124113.88	124502.36	124773.94	124821.74	124982.4	125375.89	125614.31	125996.91	126146.74	127012.96	128047.1	129067.57	129517.87	129641.77	129869.3	130172.4	130541.25	131306.88	132621.78	134438.54	136172.93	137647.84	138205.98	138646.78	139486.64	140982.21	142396.06	143301.8	144242.61	146111.52	148507.53	150171.36	151704.87	152390.32	154271.33	155649.13	157249.44	158335.4	159301.73	160272.16	161378.3	161941.9	162113.57	161993.89	162081.6	162564.04	163450.13	164435.85	165305.57	165928.38	166870.92	168358.32	170036.39	171328.33	172148.66	172650.87	173511.32	174565.65	175558.92	176245.53	176881.48	177733.74	178514.21	178584.99	178288.13	177282.0	176689.34	176397.59	176736.52	177107.78	177081.92	177075.93	176707.72	176060.41	175988.84	175830.51	175739.89	174456.11	173292.03	172421.71	172205.5	172074.41	171944.32	171864.77	171490.46	171129.74	170445.06	170211.29	170161.62	169988.38	169686.97	169638.68	169786.23	170024.67	169559.82	169030.88	167707.83	166376.18	165292.13	165038.56	164938.39	164057.2	162837.92	161573.81	160682.22	159971.74	159271.24	159213.66	159239.36	159259.06	158873.75	158158.08	157701.83	157308.58	157194.24	156827.15	156200.23	155883.98	155668.71	156279.37	156777.15	157450.07	157744.41	158138.29	158700.58	159312.79	160041.86	160918.06	161886.58	163081.25	164610.06	166035.22	167504.22	168348.6	169563.05	170706.03	171782.0	173047.34	174492.66	176322.42	178064.24	179502.42	181180.33	183466.03	186212.81	188932.75	191026.06	193219.59	195251.19	197569.77	199813.48	202196.83	204468.43	206698.05	208572.1	209905.81	210929.96	211993.5	213207.96	214044.96	214380.5	214880.6	215536.53	216167.38	216794.15	217545.94	218362.71	218517.23	218644.74	219033.79	219558.06	220106.84	220613.65	221395.08	221927.72	222525.46	223130.29	223502.7	223658.25	223687.12	223997.91	224329.34	224567.07	224537.32	224455.05	224250.72	224073.07	224194.52	224910.44	226034.61	227230.47	227937.04	228493.59	229324.79	230313.97	231425.63	232378.13	233613.82	234772.93	235826.11	236555.67	237155.79	237553.68	237711.78	237903.57	237984.91	238639.5	239630.33	240868.83	242091.07	242926.25	243565.59	243606.8	243275.67	243104.22	243452.83	244631.69	246472.93	248980.97	251786.45	254702.58	257612.54	260501.18	263232.73	266015.9	269333.49	273499.91	278144.93	282686.94	286604.0	290381.97	294441.93	298827.17	303660.05	308669.32	314214.75	319986.22	325851.45	331257.73	334797.32	336002.4	335457.26	334470.07	333114.9	330916.02	328091.05	325593.88	323758.56	322333.63	321240.94	320776.28	320463.31	320275.81	319793.65	319441.46	319034.16	318496.78	318339.1	318469.64	319082.53	319677.59	319848.46	319633.76	319343.02	319324.06	319431.31	319453.7	319257.8	319156.41	319064.1	319177.99	318919.15	318401.06	317610.01	316643.8	315809.96	314876.02	314147.15	313074.08	312188.75	311518.71	310952.41	310447.27	309804.78	308803.39	307349.74	305506.99	303998.04	303050.08
33839	516684.0	86719.82	86986.21	87073.21	87353.49	87616.43	88306.85	89163.85	89942.01	90563.52	90988.15	91359.43	91619.9	91840.01	92114.9	92591.05	93268.89	93997.34	94464.27	94924.33	95414.83	96039.04	96732.9	97520.65	98392.68	98820.62	99291.44	99522.14	99787.28	99775.41	99809.78	99918.72	100262.0	100469.71	100853.67	101130.33	101796.03	102310.52	102787.53	102996.4	103344.26	103460.49	103607.81	104134.24	105256.23	106580.66	107615.24	108507.96	109145.03	109496.85	109595.54	110050.78	110686.44	111445.47	112102.27	112939.99	114134.98	115547.88	117221.02	118825.2	120559.17	122442.94	124596.68	127089.17	130058.15	133358.65	137176.3	140814.22	144204.6	146905.47	149820.66	153089.6	155806.39	156879.42	157161.95	158314.68	161327.17	164380.03	167268.17	169828.3	173050.05	175321.9	176113.28	175756.96	176452.83	178344.3	180803.15	182260.82	182435.26	182266.28	181759.95	181212.74	179582.18	177817.21	175880.78	173537.38	171756.74	171257.03	172027.62	172464.15	171955.65	170550.79	167941.36	165070.87	161082.99	157573.91	154462.76	152490.94	150017.22	146948.94	143608.75	140199.79	136514.81	133211.86	130051.09	127204.36	124462.06	121826.01	119080.29	116887.84	115398.99	114617.96	113965.9	113088.31	111902.34	110114.48	108241.41	106053.49	103376.01	101284.7	99446.33	98158.8	96425.08	94205.01	92067.4	90554.95	89818.13	89433.85	89077.23	88747.66	87913.47	86859.67	85526.6	84490.67	83511.64	83050.96	83414.03	84422.9	85664.46	86747.67	87399.35	87810.13	87737.84	87533.71	87276.82	87153.98	87179.34	87201.7	87446.91	88099.55	89169.41	90360.43	91400.1	92290.34	93196.33	94025.52	94783.51	95517.63	96135.79	96826.52	97516.11	98310.82	99259.38	100310.05	101377.23	102250.65	102947.68	103543.65	104517.25	106098.27	107861.82	108824.87	109110.6	109288.11	109826.58	110667.32	111953.24	113685.35	115667.03	117086.12	118303.32	119055.84	120319.54	121518.32	122887.7	123953.62	125262.92	126687.77	128230.52	129734.42	131617.7	133646.5	135373.55	136584.87	137818.94	138854.64	139379.1	139414.48	139983.01	140940.82	142420.44	144145.99	146554.11	148925.41	150950.08	152505.66	153948.43	155241.08	156249.22	157098.2	157921.42	159016.23	160602.1	162703.67	165067.17	167202.66	169093.86	170620.29	172224.78	173834.31	175236.03	175932.34	175970.89	176107.01	176684.26	177759.59	179204.65	180712.92	182515.87	184618.61	186933.42	189651.91	191968.09	193948.02	194764.27	195129.09	195579.1	196778.15	198773.12	201422.67	204404.06	207331.57	209807.12	212801.85	216218.14	220086.52	223132.81	226145.14	230221.41	234879.36	239410.29	242970.05	246448.49	250319.67	254322.38	259768.36	266588.84	274393.24	282035.85	288642.34	294836.0	299786.0	303230.7	304681.95	304921.3	304202.9	302651.11	300564.36	299204.49	298828.26	298641.59	298032.45	297675.92	297839.99	298702.95	299729.67	300967.44	301712.12	301851.43	302429.04	303583.78	305060.9	305474.11	304975.72	303515.31	301678.04	300061.77	298907.26	298252.5	297834.62	297874.2	298551.23	299328.47	299652.56	298520.3	296626.29	294383.45	292539.72	290816.46	289495.49	288556.11	288221.86	288563.07	289469.28	290266.06	290169.19	289239.88	288099.56	286879.54	285539.78	284259.32
37130	510476.0	124813.84	124877.04	125073.94	125415.49	126027.6	126719.67	127329.86	127662.93	127742.56	127992.04	128456.38	129090.24	129549.88	129837.4	130027.21	130280.13	130584.86	130869.42	131012.8	131139.67	131385.25	131834.37	132202.34	132361.55	132307.7	132320.01	132406.43	132606.08	132829.55	133092.95	133394.16	133767.98	134006.46	134300.54	134561.85	134998.97	135416.11	135786.12	136073.49	136334.96	136612.26	137068.69	137469.42	137745.81	137940.99	138190.56	138632.5	139044.23	139358.14	139522.76	139639.75	139956.83	140404.35	140967.71	141517.19	142127.27	142794.88	143512.17	144163.39	144712.3	145371.39	146128.67	146877.99	147592.39	148367.91	149154.01	149998.41	150840.88	151654.52	152539.56	153171.59	153764.03	153961.79	154552.67	155171.25	156092.92	156803.38	157942.32	159086.63	160442.99	161781.43	163113.8	164208.04	165017.51	165325.53	165540.66	165686.08	166081.04	166661.35	167349.66	168159.66	168619.61	168988.17	169268.59	169279.37	168695.69	167907.43	167815.49	168249.99	168709.02	168723.05	168363.28	167943.27	167564.02	167320.86	166931.82	166367.33	165747.1	165205.45	164548.61	163932.0	163302.98	162811.23	162284.8	161843.26	161728.13	161746.76	161956.21	161947.7	161966.53	161753.07	161530.72	161470.45	161609.39	161909.25	161876.85	161639.34	160924.19	160302.41	159470.05	158711.38	157797.14	156944.21	155920.72	154988.12	153999.94	152919.85	151594.39	150492.88	149943.2	149616.69	149230.78	149218.12	149626.83	150262.44	150485.54	150643.74	150690.71	150674.54	150741.83	151016.08	151364.49	151587.12	151775.05	152050.22	152242.96	152808.51	153601.53	154703.23	155358.45	155773.86	156058.51	156321.19	156545.5	156691.64	156922.89	157249.8	157855.45	158807.31	159822.4	160604.18	161007.94	161459.52	161991.15	162588.49	163003.02	163304.03	163705.03	164404.09	165274.22	166617.55	168270.35	170184.21	171582.8	172722.28	173711.14	175226.42	177149.6	179367.48	181638.89	183688.23	185454.23	186959.69	188460.62	190005.68	191703.2	193317.65	194961.01	196540.35	198246.19	200068.57	202366.73	205035.41	207726.93	209987.66	211708.3	213382.0	215144.8	216895.05	218407.7	219629.24	220755.39	222000.06	223450.65	225075.78	226891.42	228597.21	230434.81	232173.07	234247.88	236486.0	238832.08	240902.17	242276.89	242950.98	243106.6	243253.21	243787.69	244586.01	245896.7	247549.78	249121.7	250571.34	251808.2	253255.55	254604.3	255894.13	257160.54	258381.74	259717.27	261300.29	263094.45	264669.47	265722.86	266222.23	266980.96	268192.43	269896.84	272298.18	275382.21	279073.67	282429.25	285284.1	288403.46	291757.7	295227.37	299013.35	304053.16	310562.21	317178.48	322719.32	328001.88	333868.55	340824.58	348051.26	355497.49	362533.17	369688.91	375904.83	381314.18	383792.95	383657.7	381399.27	378919.66	376671.1	374759.53	372944.0	371413.33	370422.37	370374.37	371253.28	372977.79	374275.74	375029.84	375046.54	375071.81	375023.5	374945.26	375380.55	376872.89	379278.08	381067.62	381786.23	381433.37	380916.73	380616.81	380684.44	381107.24	381295.69	381171.95	381333.97	381593.58	381740.54	381329.22	380607.6	379845.35	379146.31	378853.27	378803.58	378696.67	378705.67	378653.77	379177.46	379595.71	380119.51	379858.13	379218.12	378239.43	377512.35	377357.63
37419	507617.0	144695.2	144460.04	144097.34	143616.05	143175.35	142887.68	142676.08	142958.45	143675.34	144406.63	145131.61	145652.73	146005.9	146235.66	146459.61	145608.03	144001.5	142235.63	141991.11	142508.44	144413.56	145925.43	147471.08	148195.05	149021.18	150059.19	150833.85	152104.68	153293.91	154833.45	156000.78	156706.12	156815.01	157350.72	158412.42	159326.94	159769.01	159260.38	158892.44	159012.15	159564.62	159883.13	159847.3	160391.32	161512.24	162150.88	162198.58	161512.09	161366.81	161869.36	163350.53	165030.98	166304.17	166786.19	166229.8	165600.93	165342.36	166054.34	167158.43	169290.56	171223.29	172877.99	173789.81	174885.7	176665.06	178555.44	180997.65	182781.94	184667.36	186181.27	187813.65	188731.24	189296.15	189428.5	189700.45	189903.51	190422.52	191923.0	193978.21	197084.74	199616.51	201426.22	201796.58	202607.94	204459.98	207186.6	209329.29	210714.07	211815.26	212941.62	214191.61	215509.71	215612.52	215883.33	215503.18	214651.34	212598.72	211292.28	211357.43	211614.41	210760.22	209404.88	208066.17	206373.85	204426.61	201783.45	199582.38	197768.71	196542.17	195284.06	194102.43	193946.54	194128.88	194542.38	193919.64	193535.16	193298.83	193833.45	192692.7	191415.29	189853.39	188291.41	187232.37	185906.45	186244.49	185895.53	186439.38	186582.04	186630.1	184935.8	183075.98	181632.77	181518.14	181716.38	181253.44	180372.41	179727.26	179069.45	178374.25	176610.61	175856.09	175688.91	176388.83	176453.79	175727.24	174895.43	174532.18	174788.33	174845.99	174446.51	173957.47	174166.65	175143.49	176321.4	177141.24	177144.93	176232.82	175590.83	175701.52	177234.26	179101.42	180542.33	181593.42	182558.04	183743.95	185351.35	186954.41	188472.27	188863.32	188945.9	188753.28	189360.67	190291.02	191360.77	192199.21	192206.01	192074.09	191569.72	191928.3	191939.52	191087.84	189539.91	188364.96	188721.67	189911.23	191475.53	193088.96	194684.73	196208.43	197858.05	199410.99	201664.95	203888.07	205584.71	205833.14	205752.3	206141.3	207577.35	208894.06	210513.6	211508.71	212637.85	213231.82	214228.36	215464.1	216856.61	218374.4	220022.27	221875.1	223448.98	224589.67	225084.4	226140.84	227904.61	230621.14	232774.91	233333.29	232649.52	231720.92	230986.69	230657.92	230374.3	230768.66	231618.57	232401.31	233097.28	233443.16	234184.88	235259.81	236817.83	238894.59	240754.73	242267.37	243489.45	244546.37	245661.03	246114.75	246672.29	247458.64	248457.91	249503.6	250390.62	251083.43	251918.72	252348.44	252802.61	253836.18	255748.81	259167.06	262350.07	265513.55	267867.68	270991.95	275144.94	280037.76	284970.94	289619.83	295077.93	300544.73	305096.21	308171.17	310086.91	312690.63	315723.18	320675.68	326562.11	332778.87	339233.81	344451.81	348807.52	350875.13	351317.33	350587.93	349840.18	349056.63	347940.17	347186.85	348283.35	351690.14	355811.07	359535.62	362589.2	364771.27	366597.03	368017.39	369077.69	369723.92	369997.98	370744.87	372158.72	375158.07	378058.19	380538.23	381470.5	381762.7	381064.51	380725.22	380902.67	381510.89	381695.23	382431.64	383713.7	384437.43	383756.93	382344.15	380682.64	378920.67	377473.25	376770.43	376611.07	376742.09	377364.53	378608.33	379728.31	380459.43	379878.46	378535.9	376685.2	375051.66	374032.02
55379	504984.0	168930.0	169695.5	170640.34	172221.63	173737.82	175107.5	176750.51	178600.0	180589.15	182484.94	184307.62	185895.98	187432.64	188998.63	190846.98	193058.24	194985.09	196863.93	198697.86	201106.0	203530.24	205673.76	207686.67	209592.86	211479.32	213159.44	214799.51	216498.62	218255.5	219939.3	221546.62	223100.99	224580.78	225858.96	227034.44	228396.19	229937.52	231490.38	233003.91	234504.08	236042.69	237514.19	239135.44	240867.5	242606.96	244057.17	245350.63	246670.72	248164.09	249561.14	250752.66	251751.89	252994.1	254489.21	256252.24	257982.78	259793.99	261562.88	263362.98	264948.89	266796.32	268620.55	270612.35	272194.79	273602.73	274775.36	276006.43	277260.7	278385.97	279400.88	280314.56	281250.45	282050.24	282732.11	283407.4	284251.16	284950.15	284925.79	284294.8	283027.99	282028.29	281101.38	280872.23	281053.82	281428.48	281070.99	280069.51	279192.7	278628.16	278154.16	277303.88	276944.57	276553.99	275804.16	274226.71	272141.44	269799.93	267746.31	265942.95	263990.28	261492.03	259192.23	257108.1	255055.47	252715.05	250561.53	248145.99	245242.16	241648.68	237491.62	233428.82	229459.03	226925.95	225405.83	225040.52	224796.04	224261.76	223643.22	222612.76	221357.23	219897.23	219080.27	219174.97	219940.53	220811.51	220581.71	219326.06	217489.02	216067.51	214704.87	213135.86	211218.11	209419.89	207611.01	205571.54	203352.09	201115.16	199363.52	197950.22	197217.8	196555.81	196203.88	195492.12	194732.01	193594.66	192724.27	192080.67	191503.0	191147.58	191288.21	192362.57	193972.63	196228.92	198611.54	200748.85	202819.95	205081.78	207424.04	209629.23	211737.92	213678.77	215905.94	218339.49	221624.96	224843.54	227608.27	229262.9	230439.42	231601.29	233200.8	235072.14	236930.54	238509.59	239672.63	240343.39	240589.19	240561.77	240260.48	240462.39	241035.34	241902.63	242895.16	244090.67	245643.88	247021.25	247975.89	248806.7	249484.42	250612.97	251930.81	253714.53	255669.55	257395.19	258697.91	259436.81	260449.1	261341.0	262307.14	262836.96	263197.85	263584.97	264079.95	265140.54	266645.92	268663.3	270943.97	273237.43	275376.59	276711.25	277403.65	277693.7	277917.57	278159.42	278413.98	279243.5	280615.36	282289.2	284127.71	286256.68	288641.69	290800.28	292323.67	293515.88	294289.61	294854.72	295126.25	295652.0	296455.58	297642.7	299331.0	301491.82	303558.41	305256.03	306450.51	307165.16	307414.43	307283.16	307458.98	308202.7	309529.64	311564.45	314128.87	317196.27	320417.54	322677.43	324111.61	324428.97	325184.25	326753.23	329492.54	332809.38	336338.14	339808.78	343732.76	347898.07	352331.35	357073.87	361741.53	366319.79	369496.67	371577.08	373365.47	375820.69	378832.74	382824.68	387679.41	393894.74	399565.25	404150.06	406687.02	406900.23	405088.04	401939.79	399462.76	397481.19	395704.07	393470.88	391902.98	391273.61	391397.56	391822.14	392809.19	394054.9	395386.82	396226.05	396274.07	395650.4	394720.37	394204.73	394224.12	395347.6	396683.72	397416.89	396956.11	396194.47	396269.26	396983.53	398386.11	399812.52	401404.32	402743.6	403536.94	403494.44	403120.29	402392.66	401953.89	402253.57	403183.98	404260.74	405058.21	405625.89	406487.05	407211.83	407975.67	408153.99	407849.07	407216.45	406899.9	407027.67	407466.54
78605	494799.13																																																																																																														146346.6	146610.18	146377.25	146508.29	146209.52	146304.36	146269.7	146471.0	145972.72	145232.08	144375.04	143919.05	143501.66	142930.7	142237.52	141940.25	141880.29	142974.16	143957.18	145090.89	145281.91	145132.03	144915.98	144509.08	143909.55	143243.94	142776.86	142778.57	142773.94	142767.99	142256.8	142509.65	143158.01	144106.46	144403.21	144552.61	145030.98	145711.81	146476.67	147627.7	148638.81	149325.28	148990.03	148707.02	148270.35	147678.96	146885.78	146102.13	145762.17	145721.64	146091.72	146579.41	147260.03	148028.55	149341.36	150491.39	151473.88	152265.97	153380.99	155491.13	157830.9	160417.81	162212.54	164375.74	166235.86	168819.91	171118.79	173529.42	175705.32	177203.42	178705.65	179940.69	181638.12	183222.06	184572.4	185525.53	186037.45	187024.86	188784.73	191193.66	194306.62	197544.16	200979.43	203538.86	205178.1	205782.6	206162.52	206869.0	207710.5	208015.43	207910.09	208053.81	208696.25	209692.62	210188.06	210883.1	211660.91	212859.47	214207.85	215163.91	215766.85	216062.23	216618.86	217543.35	218725.0	219867.96	221157.73	222115.36	222572.64	224068.71	226239.56	229323.84	232110.22	234468.97	236368.56	237350.69	238769.09	240935.7	243461.35	245542.35	247583.31	250019.68	252718.08	255725.06	259229.93	262451.28	265055.63	266583.54	269411.07	272910.53	276977.59	279846.36	282276.73	284138.75	285176.66	285177.76	285566.02	288123.91	292363.39	297577.31	302602.38	308202.57	313946.25	319506.53	325295.75	331100.83	337424.14	346174.53	356502.21	368115.14	376666.85	382645.6	387795.1	394828.26	403588.86	412984.09	422110.12	433206.81	445438.79	458880.02	470004.98	475039.29	474036.52	470208.64	467753.62	464280.54	459952.0	455182.45	452155.82	448749.34	446823.2	446139.32	447438.3	448257.65	447599.85	446342.13	444861.38	444003.36	442947.44	442058.1	441752.84	441993.65	442370.08	441959.38	440651.01	439122.55	438515.92	439293.25	439453.4	438262.31	436167.93	434790.07	434919.69	434274.88	432327.24	428215.84	424350.06	421167.65	419851.08	419896.03	420378.34	421545.04	422492.87	423837.27	425037.61	425559.91	424494.25	421346.61	418010.48	416057.82	415541.66
85120	485262.0	107260.43	107627.48	107885.85	108444.1	108663.59	108921.09	109202.1	109745.55	110367.44	111127.62	111909.74	112628.28	113109.28	113455.5	113765.49	114223.25	114608.53	114897.62	115163.35	115653.62	116277.91	116936.44	117593.44	118081.92	118442.21	118774.72	119244.62	119831.93	120300.9	120680.66	120932.03	121313.6	121672.29	121987.52	122157.7	122457.67	122747.08	122928.62	122993.86	123056.18	123088.09	123158.65	123353.74	123838.83	124337.85	124842.18	125299.99	125872.57	126415.24	127004.2	127496.69	128032.15	128435.89	128911.75	129469.31	130373.3	131396.32	132833.82	134710.32	137188.67	139831.38	142125.51	144591.67	147684.34	152612.88	158647.04	165289.51	172707.05	179146.64	184469.05	188665.68	193409.63	197213.85	198238.44	199106.1	201040.69	205086.32	207469.44	208602.92	209086.5	209631.7	211012.36	211357.3	211064.34	210385.15	210304.23	210988.95	210807.62	209968.82	209007.53	208123.72	206759.37	203860.05	201610.78	199640.43	198495.87	196933.17	195158.35	192405.47	188293.91	182724.47	176342.71	169461.03	163247.01	157952.1	152191.06	145761.04	139914.99	134871.42	130864.55	126297.68	121904.25	117257.87	112906.57	109763.85	107454.68	105659.68	103361.78	101998.28	100874.55	100870.91	101138.63	101475.31	101308.0	99935.78	98126.12	96683.0	96311.0	97419.02	98401.84	98213.37	96718.26	95006.68	94032.27	93055.73	92067.21	90617.16	89400.66	87788.22	86336.36	85074.53	84452.45	84490.46	85120.81	85247.68	85217.22	85237.67	86273.48	88047.86	90129.27	92507.99	94678.44	97076.59	99295.67	101505.33	103281.94	104782.81	106285.97	108203.73	110841.71	114072.32	117489.7	120338.25	122526.61	124253.08	125954.03	127267.6	128320.76	129326.71	130617.25	131969.23	133407.97	134848.18	136431.28	137663.72	138318.06	138544.02	138686.12	139204.53	139615.52	140222.42	140785.27	141802.55	143002.27	144516.61	146083.66	147513.09	148698.38	149765.48	151003.7	152350.68	153592.46	155541.33	157786.31	160232.91	162057.1	163623.72	165229.18	166594.8	167689.25	168563.11	169463.89	170419.95	171322.88	172297.32	173346.4	174675.91	176015.39	177537.37	179291.38	180963.48	182605.9	183722.66	185026.84	186236.43	187659.77	189037.65	190465.07	192520.03	194675.01	197200.26	199612.75	202125.93	204098.46	205610.48	206864.93	208448.19	210140.43	212608.37	215355.05	217752.34	219139.7	219912.67	221065.84	222530.3	224096.95	225571.78	227131.52	228868.33	230468.34	231983.3	233445.9	234851.89	236094.96	237151.86	238363.96	240444.34	243687.49	248354.33	253356.48	258465.59	263374.18	268518.28	274044.96	280564.78	287686.67	296285.93	305649.28	315507.12	324109.74	331208.51	337268.76	343218.61	348609.93	354240.85	360691.0	368400.26	376397.15	384037.15	390853.42	395032.16	394961.89	390668.16	384529.68	377534.92	370590.5	362937.6	356665.61	352212.78	350639.72	350776.39	352370.45	355099.92	358667.72	362282.38	365141.1	366972.86	367992.8	369476.43	371217.9	373356.14	375130.84	376447.35	376919.03	376872.11	376275.11	375660.07	374931.92	374542.8	374374.51	373719.38	372189.75	370037.06	368135.14	366792.38	365688.18	364386.52	362746.44	361033.99	359717.06	359165.67	359272.84	359585.7	359871.41	360000.56	359454.37	358508.45	357158.05	356304.85	355598.29
37066	474599.0	145922.76	145954.2	146209.37	146697.26	147439.0	148190.91	149033.86	149692.54	150160.9	150408.95	150860.04	151435.49	152041.16	152466.92	152829.78	153106.25	153348.33	153534.96	153606.56	153434.63	153333.95	153518.05	153877.76	154118.76	154019.32	154038.43	154112.59	154453.37	154889.26	155613.42	156459.49	157223.92	157485.36	157516.88	157552.54	157874.5	158202.73	158426.82	158350.93	158179.64	158001.44	158126.65	158458.97	159188.77	160192.75	161413.98	162505.05	163177.61	163525.48	163743.1	164037.09	164499.67	165003.43	165706.76	166484.17	167342.7	167990.89	168604.94	169246.2	170043.82	170688.69	171301.71	171889.91	172664.0	173440.62	174427.58	175453.69	176493.69	177532.32	178441.45	179494.43	180404.31	181194.82	181839.23	182670.44	183770.5	184630.09	185346.63	186095.48	187116.69	188315.94	189683.44	191075.09	192214.95	193099.94	193686.75	194507.99	195472.48	196797.5	198088.34	199259.65	200259.32	200860.75	201026.92	200452.72	199998.54	199715.01	199884.1	199872.63	199733.41	199444.49	199112.23	198523.83	197743.28	196724.37	196041.95	195788.75	195290.0	194586.44	193564.35	192929.32	192190.05	191602.46	191218.25	191062.84	191189.54	191263.14	191256.54	190886.84	190418.34	190055.95	189647.58	189294.53	188906.14	188547.0	188116.58	188025.33	188217.14	188026.92	187080.5	185665.96	184629.42	183785.58	183497.77	183146.86	183100.78	182941.9	182827.22	182494.66	181582.43	180764.83	180057.95	179847.5	179549.21	179287.07	178877.18	178506.14	178215.09	178016.72	178234.12	178908.33	179845.92	180496.24	180682.82	180753.3	180769.17	181157.09	181772.46	182719.0	183517.03	184425.69	185378.08	186319.15	187368.32	188281.44	189418.78	190375.97	191364.7	192098.3	192672.0	193363.24	194213.99	195493.42	196758.65	198078.99	199022.53	199661.36	200304.23	201407.76	203018.17	204807.24	206600.2	208013.36	209241.47	210493.79	211929.32	213553.62	215215.98	216842.76	218389.54	219818.32	221507.03	223279.44	225124.63	226777.15	228474.8	230173.51	232126.38	234138.21	236109.75	238135.91	240496.78	243121.83	245898.82	248221.36	250214.06	251981.02	253751.79	255333.55	256516.94	257517.98	258790.65	260301.89	262171.26	263875.24	265912.63	267730.12	269210.29	270934.99	272707.19	274678.58	275905.82	277112.33	278259.9	278977.32	279191.43	279381.8	280238.95	282101.66	284842.32	287923.94	290533.31	292371.61	293682.88	294819.01	296175.17	297520.84	299288.98	301347.26	303633.04	305674.4	307283.1	308609.97	309486.69	309809.56	310134.34	311172.51	312932.16	315924.75	319636.71	323662.25	327474.7	330870.54	334945.6	339249.97	344226.47	349996.3	357092.91	365415.67	373181.52	380080.44	386323.18	393556.04	401379.03	409858.11	419052.81	428874.56	439595.92	449161.11	457059.66	460770.13	461176.86	458642.52	455920.44	453309.22	451113.71	448667.09	446320.09	444306.59	443102.97	442729.53	443325.42	443384.73	443019.69	442316.37	441979.51	441747.15	441102.78	440453.29	440308.11	441438.59	442897.84	443758.15	443156.08	442069.19	441288.41	441116.01	440878.04	440632.18	440657.52	441315.84	442220.58	442894.1	443355.3	443317.6	442867.19	442273.4	441962.12	442248.96	442590.75	443010.07	443568.93	444282.01	444773.18	445081.88	445203.21	445232.13	444881.0	444428.16	444359.25
76050	473157.73																																																																																																													141675.01	142280.43	143111.73	143345.08	142526.82	141108.23	141147.4	143198.98	144396.26	144256.65	143132.99	142894.6	143359.9	143845.58	144187.26	145301.96	147074.71	149120.72	150325.42	150452.22	149077.5	147459.01	145711.05	143609.45	141771.04	139798.94	139540.68	138452.77	137190.1	135221.93	133788.42	132733.87	133028.16	134042.2	134616.39	135577.18	136799.77	138531.31	138370.64	137407.89	136950.08	137815.86	139423.42	141152.63	142155.27	142497.71	143110.4	144622.39	145840.15	145923.16	145063.22	144807.01	145227.28	146927.72	148809.08	151076.36	151601.06	151481.94	151162.18	152097.0	153767.63	155301.75	156442.05	157612.56	159039.45	161046.55	163249.99	165543.52	166924.57	167324.93	167854.39	169570.45	170971.76	171652.03	171471.78	172268.74	173160.39	174641.49	176201.29	178307.46	179578.27	180339.45	180684.69	182014.84	184122.35	186588.66	188502.36	190295.82	191811.1	193836.48	195418.21	196809.45	197087.72	197163.64	197246.19	198145.47	199591.7	201121.94	202056.12	203298.9	204610.73	206571.4	207990.99	209775.32	210822.75	211172.65	211158.73	211702.58	212895.63	213885.86	216092.99	218885.38	221670.61	223815.58	225673.8	227493.71	228627.91	229092.89	229970.37	231474.08	234037.1	236340.67	238338.62	239098.89	239880.53	240789.09	242421.63	243845.52	245023.74	246902.0	250105.61	253408.69	257336.15	261484.54	266470.5	269630.0	270393.81	270048.16	270717.43	273312.11	277397.07	281899.19	285778.45	289437.54	292869.23	297447.17	301330.23	305304.97	309337.57	314023.45	319976.61	326301.69	332667.76	337312.32	342256.4	348920.69	357656.29	366374.5	373950.29	381434.68	388095.8	394851.15	398341.91	398937.76	396081.62	394369.42	393008.47	390889.02	386632.16	382415.63	381896.21	384703.4	389634.98	393394.37	395606.76	396201.98	396060.17	395953.25	396682.8	397651.67	399600.85	401599.32	404547.34	407044.19	408436.57	408210.8	407105.37	406573.23	406747.59	407145.62	407515.34	408624.12	410038.74	411191.16	410006.11	406859.52	402857.31	398839.79	395825.93	393414.03	393318.33	394736.07	397991.64	400911.29	403433.8	405363.96	407320.47	408174.69	408171.62	407698.95	407780.67	408239.18
55304	461991.0	172476.8	172750.19	173155.31	174060.11	175197.23	176452.45	177834.36	179912.7	182438.51	185108.91	187346.86	189220.42	190763.26	192112.13	193769.67	195484.35	197254.0	198531.11	200110.49	201860.66	204212.93	206667.76	208976.36	210923.6	212605.45	214302.01	215916.11	217538.66	219088.62	220706.26	222222.49	223744.37	225215.73	226959.06	228494.95	229996.26	231419.95	233118.27	234935.23	236686.69	238337.26	239753.27	241099.11	242660.99	244397.46	246275.28	248103.95	249874.53	251762.74	253685.7	255805.18	257724.36	259576.43	262281.53	264498.34	266514.53		268001.19	268858.33	270184.67	271775.22	273544.56	274941.59	276388.28	277755.48	279188.29	280535.65	281547.66	282632.57	283548.48	284602.0	285758.63	287172.0	288630.03	289484.05	290376.0	291050.28	292110.06	292387.28	292534.04	292263.68	291558.56	290607.85	290449.53	290827.55	290918.92	290113.91	288776.11	287953.91	287044.91	286338.21	285607.34	284555.01	283201.21	280503.21	277367.54	272803.37	268150.76	263321.31	259747.25	257032.43	255021.58	253216.73	250255.31	247426.78	244056.5	241247.08	237995.69	234450.88	231751.09	228829.77	227926.92	227120.62	226931.25	226011.7	225947.9	225902.12	225677.41	224634.77	224421.57	224421.06	224371.59	224450.23	224604.38	225344.08	225318.51	224941.48	223442.23	221037.4	217936.64	215624.1	213642.66	211764.96	210049.39	209252.66	208697.62	207031.73	204342.15	201619.36	199623.29	199097.02	199055.8	198827.41	197906.79	197187.76	197245.47	198165.26	199389.45	200820.88	202356.82	204340.59	206510.71	208677.0	211046.13	212963.36	214543.83	216180.18	217906.24	220011.26	221791.39	224066.62	226533.25	229189.52	231949.5	234494.12	237339.56	239917.86	242246.91	244089.23	245602.19	247146.5	248199.85	249704.1	250760.7	251660.29	251601.74	251327.97	251167.98	251291.22	251537.06	252261.96	253301.1	254810.65	256055.64	257181.21	257810.43	258347.69	258920.68	259965.41	261421.29	262961.51	264611.14	266714.36	268770.44	270560.79	271697.69	272710.59	273819.4	274842.39	275903.01	276865.95	278446.69	280246.17	282425.93	284696.23	287009.87	289128.12	291354.07	293674.6	295765.18	296926.43	297212.59	297184.45	297252.66	297859.23	298999.68	300795.97	303043.64	305964.24	308314.26	310290.05	311271.6	312656.0	313817.1	314831.35	315217.93	315600.61	316300.34	317625.48	319389.47	321094.52	322733.0	324132.55	325748.9	326738.6	327308.7	327358.95	327857.94	329080.87	330849.57	332929.22	335167.19	337452.72	339170.15	339753.07	339562.26	339366.2	340417.39	343294.32	347791.18	352992.71	358523.23	363946.78	369977.55	375986.95	381833.14	387489.31	393173.53	398464.92	402249.72	404252.75	405857.55	408148.55	411186.9	415526.43	420939.76	427678.6	434157.04	439419.3	442673.22	442632.93	440043.28	436352.88	434323.3	433076.47	431948.8	430050.96	428946.69	429476.22	431324.86	433686.82	435439.97	436476.82	436295.54	435809.24	435043.84	434728.29	434207.42	434024.55	434623.31	436354.85	438000.79	438645.41	438081.03	437650.84	437775.62	438762.01	440103.74	441886.55	443911.0	445755.16	447340.6	447810.19	448077.96	447692.92	447995.1	449183.32	451414.4	453852.32	455616.7	456602.71	457342.9	457807.49	458663.06	458456.16	458344.5	457897.32	458531.92	459099.23	459780.81
23832	458648.0	150090.65	150393.55	150784.92	150613.01	150434.51	150192.61	150803.48	151557.61	152176.68	152705.16	153096.11	153510.24	153883.93	154126.46	154378.62	154953.71	155560.98	156276.06	156841.4	157440.86	158040.7	158651.8	159346.09	160031.39	160756.56	161501.29	162100.11	163092.26	164144.99	165598.04	166681.93	167741.18	168666.03	169807.84	170937.41	171909.13	172615.8	173336.51	174258.95	175588.17	177019.75	178440.23	179715.92	180962.93	182210.62	183204.39	184206.41	185348.21	186504.91	187324.63	188054.78	187400.63	187587.88	188225.98	190751.36	193084.92	195716.99	198390.75	200987.82	203148.12	204936.67	206773.25	208701.61	211647.46	214587.11	217338.75	219890.37	223246.92	226959.38	230163.5	232523.85	234027.83	235259.22	237346.97	240673.58	244754.79	248500.98	251581.53	254107.75	255790.64	257436.53	258690.71	259827.0	260285.04	260854.36	261329.97	262124.0	263465.32	265076.53	266432.96	266993.97	267027.45	266694.91	266308.69	266219.75	266104.71	264930.42	263668.54	262872.94	262836.56	262130.77	260428.59	258129.94	255897.64	254123.21	252455.99	251133.94	249683.78	248499.4	247042.16	245400.93	243971.13	242135.45	240445.31	238306.93	236591.11	234768.95	233181.02	231788.44	231097.22	231020.36	231050.84	230895.22	230472.68	230485.36	230366.46	229627.97	227732.58	225478.0	223207.63	221056.82	219515.94	218226.44	216616.24	214490.35	212323.24	210698.82	209201.02	207839.08	206645.64	205274.04	203576.02	201777.84	200669.17	200141.57	199445.41	198216.71	196825.65	196085.76	195766.76	195574.15	195264.18	195085.3	195368.3	196128.27	197060.64	198106.64	199000.33	199722.03	200139.12	200898.8	201912.12	203030.27	203742.05	204019.41	204241.18	204552.92	205154.5	205832.76	206425.95	207257.94	207840.41	208497.08	208773.96	209118.35	209407.59	209666.11	209910.94	210258.25	210778.44	211279.38	211774.33	212212.59	212588.46	212981.89	213556.73	214524.89	215708.41	216896.84	218220.32	219523.44	220712.39	221839.29	223080.26	224273.9	225405.89	226516.54	227799.97	228958.98	229781.66	230552.41	231479.59	232642.61	233823.83	234928.2	236069.79	237211.26	238378.62	239278.31	240012.59	240583.25	241323.53	242175.31	243301.33	244464.44	245697.22	246718.59	247652.53	248643.67	249526.99	250318.23	250796.13	251610.65	252517.08	253771.75	254741.72	255729.06	256297.17	257096.05	258264.77	259867.13	261514.88	262707.37	263522.57	263975.31	264488.52	265286.11	266286.26	267562.01	268810.01	270129.76	271333.0	272506.15	273654.81	274681.5	275665.83	276789.8	278511.68	281342.3	285113.11	289366.34	293754.32	298043.18	302273.29	306396.25	310514.02	314839.2	319286.62	323386.9	326939.75	329593.01	332131.15	334849.28	338388.01	342760.49	347425.73	352288.74	357192.71	362067.46	366501.57	369418.6	370285.41	369669.03	368852.22	368723.23	368822.57	369122.07	369439.07	370304.98	371576.26	374041.6	376994.76	380104.03	382418.26	384327.91	385848.78	387322.97	388866.26	390431.71	392138.44	394528.85	397172.98	399496.96	400683.78	401204.81	401768.21	402310.5	403062.42	403560.81	403999.01	404500.2	405010.4	405299.39	405225.82	404848.39	404496.29	404378.56	404506.27	405049.78	405897.04	407089.44	408418.23	409455.42	410441.77	411282.27	411952.45	412263.87	412279.74	412542.14	413109.82
73065	456185.0	110896.43	110891.69	110862.21	111019.52	111680.86	112649.32	113812.35	114458.14	115181.55	115445.83	115803.2	116140.93	116902.06	117574.29	117912.41	118052.04	118289.37	118540.35	118934.21	119531.66	120207.04	120688.2	120873.08	120997.57	121276.57	121627.12	122069.34	122650.0	123501.89	124471.35	125343.39	126021.79	126612.87	127317.4	127915.6	128558.73	128962.46	129407.82	129832.84	130107.9	130468.43	130781.46	131256.95	131580.38	131790.04	131980.24	132360.7	132896.11	133516.55	133955.24	134365.73	134564.66	135077.84	135424.96	136009.41	136752.1	137735.27	138699.96	139183.97	139675.05	140183.56	140972.7	141533.64	142007.31	142548.94	143330.59	144289.99	144960.17	145470.94	145809.66	146087.59	146415.72	146817.5	147381.53	148020.71	148576.13	149139.98	149611.85	150290.03	151117.91	152017.13	152723.84	153297.28	153784.71	154243.41	154635.75	154974.03	155125.35	155407.06	155757.49	156371.28	156950.27	157456.05	157890.18	158167.65	158467.08	158867.9	159428.49	160191.99	160752.68	161259.09	161782.92	162562.13	163260.38	163664.69	163697.04		161335.85	160276.65	160634.78	161354.5	161950.75	162227.46	162334.46	162256.68	161914.36	161596.4	160232.08	158775.64	157371.92	157056.36	156962.94	156964.93	157034.32	157280.76	157470.68	157830.0	158153.11	158472.58	157810.49	156727.35	155405.88	154716.8	154141.57	153800.5	153616.5	153666.03	153615.53	153786.97	154016.47	154367.02	154192.35	153934.74	153702.7	153971.9	154289.38	154980.52	155780.46	156993.98	158110.44	159053.48	159922.49	160621.83	161554.33	162375.83	163265.97	163938.82	164144.4	164375.14	164541.71	164938.48	165563.81	166179.74	167074.9	167588.43	168592.28	169682.88	170755.92	171243.25	171210.53	171334.27	171804.85	172765.63	173661.63	174234.24	174488.79	174759.66	175274.68	176313.32	177515.44	178580.63	179170.08	179330.04	179554.28	180125.32	180958.46	181689.82	181725.56	181758.32	182188.11	183104.21	183707.75	183932.46	183933.41	183824.5	183731.84	183644.47	183867.96	184183.15	184546.15	184666.57	184784.43	184911.21	185322.53	185695.43	186348.88	186759.41	187027.24	186779.92	186672.0	186728.04	187280.1	188058.99	188899.22	189730.29	190543.52	191510.47	192132.51	192695.83	193185.91	193637.98	193723.48	193722.17	193614.94	193855.83	194404.11	195602.86	196916.94	197840.78	198438.23	198961.2	199499.6	200049.35	200746.57	201536.39	202539.04	203683.39	205034.23	206573.41	207928.72	209059.67	209753.27	210473.39	211181.38	211513.99	211523.35	211885.38	213025.14	215096.16	217190.77	219601.8	222061.12	224623.2	227102.99	229384.87	231827.51	234901.74	238348.62	241403.54	243878.66	245652.23	247923.01	250380.16	253556.9	257211.92	260772.1	264405.75	268102.59	271719.75	275308.95	277501.62	278546.32	277956.06	277220.22	276396.16	275510.6	274468.41	274061.11	274941.55	276795.89	279014.21	280634.04	281256.4	281210.64	281207.84	281432.1	281476.89	280881.17	280439.88	280526.47	281615.0	282802.38	283328.67	282992.42	282207.31	281899.36	282025.51	282592.42	283703.28	284906.54	286180.82	287045.65	287436.25	287638.38	287385.47	286908.0	285843.64	284584.64	283691.19	283316.73	283438.0	283864.07	284165.67	284193.11	283521.29	282823.62	282298.11	282440.71	282824.87	283412.17
74039	443500.0	61808.27	61824.0	61865.5	61898.83	62101.82	62496.67	63078.74	63589.39	64013.53	64497.26	65096.13	65634.82	66124.19	66194.98	66190.94	66035.76	66377.11	66869.16	67344.88	67626.66	67870.91	68233.43	68565.86	68728.56	68798.9	68892.02	69182.96	69636.93	70209.42	70853.79	71273.81	71618.3	71805.53	72135.95	72432.9	72717.09	72923.85	73111.63	73393.81	73623.38	74044.02	74519.86	75125.66	75461.3	75679.3	75853.07	76225.53	76575.18	76887.71	77137.73	77467.9	77894.51	78322.71	78659.92	79036.1	79280.58	79549.42	79722.67	80130.83	80664.49		82942.27	83659.88	83458.97	83603.42	84035.96	84696.78	85333.6	85851.17	86314.22	87790.89	89668.11	91366.67	92266.24	92687.32	92930.44	92666.46	93062.75	93580.41	93829.48	93512.52	93836.31	94230.93	94173.45	93107.87	92972.28	93396.05	94591.99	95253.25	95415.44	96101.56	97238.54	99057.07	99833.09	100481.81	100792.16	101219.86	101307.46	101393.12	101699.83	102347.45	103140.26	103828.27	104343.23	104747.26	105269.44	103276.95	100246.98	96813.2	95738.8	95846.96	96178.8	96460.76	96562.35	96648.19	96718.9	96599.34	96499.33	96449.5	96451.43	96614.44	96933.45	97147.95	97353.17	97209.73	97024.93	96647.54	96790.35	97047.75	97296.22	97130.3	97017.17	97173.89	97458.21	97641.82	97722.81	97847.51	97987.66	98171.39	98231.46	98317.1	97361.59	96240.37	95103.46	94973.64	95123.26	95388.61	95992.48	97122.22	98543.28	100042.76	101432.41	103184.3	104874.94	106221.02	107022.46	107077.37	106430.02	105953.99	105647.04	105766.08	105591.21	105474.14	105511.88	105413.57	105838.38	106287.07	107236.62	107603.72	107813.31	107543.45	107354.23	107677.73	108747.61	110652.2	113209.46	115519.21	117561.57	119427.29	121594.98	123229.34	124092.27	124238.91	124917.11	125765.53	126840.24	127662.69	127752.83	127707.57	127562.48	127397.01	127125.82	126656.03	127280.44	127915.82	128651.09	128863.46	129125.35	129134.57	128289.64	126688.08	125444.3	125149.96	125748.8	126498.09	127466.68	128325.98	128855.41	128867.7	128530.56	128761.16	129839.7	132188.77	134120.97	135521.64	136239.54	136791.25	137358.07	138768.79	140802.51	142608.6	142743.58	141934.47	141007.03	140801.12	141029.98	141700.38	141981.49	142630.96	143941.3	145843.61	147203.94	147689.41	148412.63	149520.52	151178.91	152811.25	154796.27	157431.02	160188.07	163318.85	164624.65	164747.27	163793.04	162522.67	161645.78	161205.75	162716.84	165502.01	168801.07	171971.81	174867.09	177658.23	180342.39	182873.01	185626.18	188498.07	191626.3	194627.92	197049.89	199184.48	201797.66	205111.92	208294.0	210409.49	210815.32	210268.01	210362.35	211308.3	213040.73	212659.85	211096.69	208047.12	205798.75	203723.1	201861.13	199416.34	197067.99	195830.58	196103.31	197550.7	199094.34	200216.13	200795.75	201292.1	202205.88	203835.5	205736.53	206860.44	207733.49	208893.62	210653.15	212556.87	214368.64	216104.7	217958.69	218920.18	219770.0	219810.88	219934.96	219701.99	219565.2	219407.8	218605.16	217880.34	217218.6	217202.03	217176.76	217083.37	216839.51	217072.27	218259.65	220306.43	222505.23	224148.74	225135.49	225715.52	226462.3	227816.32	229344.78
27596	439000.0	147962.9	147752.91	147746.86	147872.68	148673.62	149852.11	151021.33	151541.4	151523.45	151474.43	152186.46	153367.91	154771.21	155629.12	156400.57	156901.61	157369.87	157574.69	157901.33	158227.71	158658.69	159258.29	159782.46	160166.87	160078.22	159913.43	160044.82	160333.09	161086.22	161718.99	162286.13	162397.16	162298.48	162527.06	162977.41	163489.28	163598.25	163669.44	163780.81	163872.04	163866.15	163956.74	164375.41	164938.5	165514.14	165978.85	166377.29	166740.86	166947.88	167174.07	167346.17	167661.3	167934.5	168300.15	168786.38	169362.73	169929.6	170522.14	171191.94	171957.6	173072.7	173698.46	175169.04	176974.76	179469.42	181412.64	183107.82	184391.29	185651.4	186703.63	188017.09	189070.89	189992.63	191020.36	191956.59	192872.98	193764.96	194659.33	195298.33	196038.68	196957.98	198259.76	199342.88	200358.45	201323.83	202260.29	203128.81	203726.51	204255.17	204660.34	204979.9	205446.42	205946.1	206623.9	207155.1	207638.46	207980.43	208398.68	208741.55	208777.86	208519.69	208158.89	207843.33	207526.62	207048.68	206573.71	205898.85	205299.71	204720.6	204458.47	204134.4	203566.58	202604.9	201576.44	200479.22	199353.39	198179.94	196961.71	195814.83	194716.5	193894.43	193316.62	192890.3	192522.44	192036.08	191641.73	191217.64	190798.57	190312.0	189882.73	189345.85	188658.28	187668.92	186841.89	186007.55	185184.91	184402.33	183791.63	183401.59	182966.29	182633.87	182273.91	181922.4	181407.49	181042.6	181161.3	181502.88	182028.4	182179.59	182388.92	182530.27	182944.39	183673.99	184581.39	185194.78	185568.72	185664.7	186038.72	186569.24	187378.01	188016.76	188699.21	189341.52	190273.09	191044.04	191765.27	191949.67	191978.94	191839.68	192419.79	193261.12	194563.25	195587.88	196674.96	197614.08	198285.01	198822.67	199096.68	199455.33	199878.8	200323.4	201319.36	202296.95	203639.73	204818.92	205983.74	206969.17	207673.15	208403.46	209447.21	210677.26	211980.14	213002.92	214098.88	214872.71	215985.36	216876.06	217982.61	218923.23	220042.52	221407.81	222850.5	224408.87	225986.13	227372.3	228877.89	230475.05	232426.24	233900.23	234957.55	235751.6	236931.13	238316.51	239953.03	241516.45	243276.26	244822.69	246318.9	247812.06	249237.69	250255.21	250772.85	251596.45	252878.67	254525.32	255989.57	257107.57	258062.0	258994.83	260394.02	262046.24	263525.09	264448.32	264886.29	265150.2	265403.83	265893.05	266728.47	268185.64	269783.01	271388.72	272674.43	273776.06	274467.51	274701.45	275132.93	276364.84	278775.31	281997.36	285597.26	289547.87	293614.46	297866.8	302373.03	306866.1	311659.52	317123.93	323540.51	330209.63	336696.21	343129.7	349802.72	356754.36	363513.64	371141.34	379710.09	389675.58	399870.03	409088.33	416834.4	421519.21	423280.91	422131.05	420446.3	418613.67	417445.28	416243.26	415353.1	414271.58	413289.82	413083.66	413920.05	414914.97	415524.44	415542.55	415793.72	415660.0	415428.83	415172.97	415954.71	417955.02	420254.08	422080.48	422151.07	421057.83	419535.03	418846.0	418929.87	419355.35	419737.83	420105.74	420120.64	419599.98	419004.97	418464.96	418032.42	417553.64	417161.07	416954.4	416879.46	416664.22	416448.98	415873.46	415393.01	415081.68	415122.98	415267.12	415231.25	415147.33	414619.68
78219	432859.33	52957.31	53109.09	53189.17	53347.19	53023.55	52534.91	51921.68	51683.49	51656.64	51797.98	51957.74	51999.14	51903.32	51675.11	51412.17	51232.9	51221.1	51365.6	51505.58	51641.42	51622.62	51428.68	51139.5	50854.18	50683.42	50567.52	50625.72	50825.04	51101.09	51328.19	51550.3	51838.29	52218.59	52744.9	53317.92	53824.21	54123.04	54247.86	54287.34	54288.73	54363.41	54478.4	54661.14	54890.72	55171.86	55349.65	55297.22	55179.09	55355.34	55898.74	56493.31	57079.62	57450.57	57869.93	58285.11	58740.98	59407.2	59868.06	60400.54	60761.86	61171.47	61410.9	61580.08	61689.8	61890.76	61920.55	61837.09	61648.37	61703.4	62189.93	62832.38	63462.58	63763.08	64138.99	64574.27	65117.09	65621.3	66271.55	66977.13	67695.59	68149.67	68498.78	68755.17	69011.48	69138.02	69044.8	68899.27	68980.25	69361.45	69725.26	70058.82	70308.21	70452.64	70658.06	70880.18	71295.96	71345.01	71341.6	71380.64	71612.34	71808.35	71725.36	71544.47	71232.46	70826.59	70452.38	70263.56	70199.76	69995.24	69626.85	69458.09	69479.1	69663.22	69607.54	69550.61	69064.88	68872.06	68664.86	68838.14	68999.15	69160.87	69340.43	69371.11	69391.28	69253.45	69168.11	69206.43	69251.53	69017.17	68405.3	67653.86	66974.31	66383.76	65849.89	65592.47	65193.09	64779.08	64021.12	63542.64	63242.58	63364.62	63525.83	63838.68	64065.0	64334.08	64800.6	65618.27	66828.43	68280.51	69720.96	70912.98	71441.73	71242.17	70603.42	69966.19	69554.91	69722.2	69994.5	70566.69	70992.34	71718.77	72548.15	73313.71	73838.2	74025.46	74157.12	74242.64	74381.75	74886.0	75546.01	76303.83	77024.38	77964.82	78964.76	79807.69	80174.77	80097.4	79815.85	79865.95	80266.63	80884.24	81439.88	81966.96	82674.31	83492.17	84602.91	85876.99	87120.11	87970.64	88442.03	88850.19	89604.73	90492.84	91553.4	92434.71	93432.87	94296.06	95121.18	95786.57	96636.03	97691.7	98916.75	100294.28	101883.66	103745.13	105383.76	106524.05	107183.57	107741.27	108654.99	109682.87	110953.45	112089.67	113313.05	114580.18	115961.49	117247.72	118200.11	119037.77	119861.69	120674.45	121577.92	122275.8	122948.08	123555.48	124463.8	125440.48	126411.88	126809.39	126776.37	126445.28	126286.64	126453.58	126854.33	127400.28	128202.17	129221.5	130612.05	132010.64	133306.22	134380.88	135504.3	136362.35	136986.07	137092.43	137164.08	137599.4	138692.57	140655.95	143069.0	145769.81	148041.85	149958.39	151905.18	154246.39	156621.94	158753.12	160813.93	162119.12	162272.1	161584.21	161156.08	161779.41	163380.55	167158.04	172260.99	177370.49	181340.71	184272.54	187251.84	189138.72	189724.04	188800.47	187977.28	187264.39	186522.51	185181.82	183321.45	181982.84	181663.71	182365.27	183214.49	183463.93	183666.45	183440.15	183104.86	182245.83	181455.42	181276.71	181967.52	183366.98	184811.6	185723.48	186073.65	185543.45	184665.26	183404.52	182097.28	180774.72	179906.53	179163.19	178642.84	177390.65	175915.9	174338.37	173325.74	172861.21	172278.92	171473.83	170638.33	169754.99	169466.39	169554.59	170283.34	170911.22	170921.46	170862.0	170105.46	169398.71	168663.83
77357	426907.11	100470.0	100399.48	100488.67	100517.73	100636.54	100730.94	100993.29	101294.26	101746.63	101842.18	101885.97	101493.84	101241.24	101124.52	101230.22	101422.08	101361.26	101180.61	101168.7	101363.11	101442.13	101255.6	101523.87	102036.76	102762.29	102790.28	102810.47	102642.69	102731.29	103101.41	103776.67	104634.85	105347.6	106220.36	106656.15	107204.92	107660.38	108396.81	108891.58	109165.44	109263.81	108993.85	108506.48	108351.47	108969.07	109635.24	109652.47	108977.53	108746.97	109063.22	109598.95	110044.51	110732.87	111894.04	113350.4	114603.76	115809.62	116732.03	118118.91	119765.76	121263.87	122278.44	123107.55	124277.93	125575.63	126406.68	126637.05	126701.12	126833.41	127296.52	127890.14	128515.22	129187.05	129791.84	130208.27	130407.37	130026.66	130193.86	130625.86	131534.04	132063.36	132324.5	132154.68	132351.37	132541.5	133408.18	134080.52	134901.53	135493.18	136305.7	137193.35	137902.22	138111.24	138243.9	138671.51	139359.25	140049.18	140979.17	142041.11	143121.55	143943.37	144565.81	144401.98	143691.51	142465.72	141999.69	141078.95	139909.36	137963.64	136656.69	135476.18	134479.35	133683.18	132959.88	132963.84	133011.78	133339.2	133064.23	132634.86	131947.86	131821.9	131967.69	131997.79	131961.42	132447.38	133552.31	134342.43	134463.67	134574.82	135339.86	135690.77	135174.96	134139.89	133244.55	132735.78	131494.07	130057.23	129272.56	129358.94	129035.68	128543.69	127688.47	127296.17	127448.84	127968.71	128843.02	129475.16	130077.26	130463.38	130345.13	130219.96	130130.35	130199.53	130107.39	130084.11	130586.5	131294.39	132049.61	132514.0	133038.31	134037.97	135321.77	136356.5	137235.66	137607.79	138470.03	139396.58	140510.25	141652.02	142801.02	144248.31	145457.56	146775.35	147929.32	149418.48	150860.52	152407.82	154304.42	156610.25	158973.95	160570.36	161900.37	163291.05	165368.0	167280.81	168484.52	169596.29	170358.55	171592.19	172394.11	173205.24	174037.69	175299.07	176573.57	177873.11	179046.47	180548.35	181579.49	182158.28	182095.77	181962.65	181829.88	182150.79	183031.65	183803.69	184670.72	185650.12	187478.07	189099.41	189750.68	189773.15	189846.13	190322.91	190795.06	191262.79	191564.01	191291.36	190562.62	191030.34	191898.96	193305.23	194019.47	195032.38	196024.08	197213.2	198216.46	199217.29	200189.8	200895.45	201383.52	201833.22	202592.58	203601.73	204554.16	205219.5	205975.84	206514.0	207529.98	208653.65	210092.31	211090.72	211848.3	212234.86	212398.65	212229.08	212006.27	212824.05	214730.01	217783.43	220776.24	223681.51	226378.05	228920.64	232204.72	235394.21	239389.21	243057.29	246957.42	250495.71	253755.26	256754.16	259592.81	262792.86	266222.88	270564.08	274606.81	278766.19	282359.78	285630.37	288447.46	290000.47	290523.6	290095.81	289322.49	288190.38	286476.74	284584.89	283275.87	282275.79	281094.3	279903.39	279449.64	279450.58	279476.63	278955.58	278709.59	277780.47	276371.41	275426.99	275206.33	275595.1	275035.66	273478.86	271575.03	269816.17	268953.94	268380.63	268285.32	268708.78	269821.78	271435.88	272870.43	273396.54	273171.42	272331.56	271421.49	270172.7	269027.03	268244.77	267824.12	267755.42	268141.64	269186.66	270196.27	270212.71	268761.86	266407.51	263962.14	262086.31	260829.62
37127	416007.0	134157.63	134185.99	134424.82	134907.12	135629.44	136293.38	136887.23	137249.27	137672.72	138112.34	138569.69	138815.92	138811.13	138812.47	138840.76	139113.79	139520.48	139999.85	140276.86	140537.07	140915.23	141506.8	141874.14	141987.71	141970.8	142112.18	142243.68	142358.81	142659.23	143238.72	143861.55	144330.27	144497.13	144810.26	145168.95	145690.88	146098.45	146445.14	146665.83	146924.35	147128.53	147343.31	147278.58	147227.92	147343.21	147638.35	147896.34	148200.29	148484.84	148809.62	149090.51	149527.33	149966.04	150411.84	151060.51	151881.96	152772.61	153558.59	154279.81	154758.38	155283.77	155852.28	156545.71	157214.13	158161.88	159352.67	160806.28	162202.27	163506.78	164771.4	165793.75	166813.4	167510.43	168481.91	169273.14	170251.7	170896.19	171918.63	173092.8	174620.89	176284.58	177826.24	179097.44	179883.64	180090.3	180318.58	180500.96	180984.76	181485.16	182251.33	182941.84	183353.0	183496.04	183667.39	183501.09	182765.96	181822.95	181573.29	181965.05	182484.21	182563.73	182116.8	181635.68	181319.62	181198.79	180842.6	180334.75	179777.52	179355.05	178707.97	178266.7	177661.56	177144.21	176623.19	176249.88	176226.86	176095.53	176247.19	176202.0	176329.18	176109.38	176036.24	176013.52	176206.5	176352.08	176032.42	175485.6	174557.09	173990.21	173393.95	172800.81	171960.57	171098.08	170046.92	169119.55	168157.57	167270.43	166431.84	165774.03	165262.03	164585.24	163688.1	163563.79	163811.61	164387.22	164537.19	164713.11	164901.33	164928.18	164895.1	164868.43	165060.4	165440.49	166060.79	166645.2	167042.85	167796.19	168922.63	170432.17	171415.48	171961.33	172040.2	171972.17	171950.02	171941.04	172167.51	172367.24	172781.06	173478.21	174467.52	175590.67	176505.28	177409.07	178105.28	178722.98	179063.28	179501.6	180116.03	181067.7	182120.51	183515.66	185309.6	187404.12	189142.76	190663.21	192038.86	193852.26	195815.44	197985.68	200133.54	202374.42	204548.99	206763.06	208883.7	210940.86	212874.73	214648.92	216500.92	218316.33	220129.16	221875.23	223910.04	226318.5	228963.32	231638.16	234114.04	236538.81	238879.99	240975.72	242645.82	243838.7	245049.91	246463.89	248202.22	249980.34	251922.22	253540.38	254942.87	256123.59	257879.34	260074.42	262234.15	264003.92	265298.0	266097.11	266655.4	266971.69	267678.85	268391.02	269703.55	271103.04	272216.98	272962.6	273537.56	274780.52	276295.89	278020.55	279699.73	281411.22	283095.18	284747.56	286275.24	287677.33	288757.6	289345.63	290141.8	291427.05	293475.47	296183.04	299230.62	302714.24	305862.09	308637.35	311789.99	315653.79	320171.44	325343.71	331515.11	338826.36	346130.56	352789.07	359559.68	366920.65	375139.24	383506.52	391961.94	400324.33	409234.59	417252.63	423858.09	426678.22	426706.08	424540.97	421996.17	419303.99	416761.44	414546.65	412886.86	411719.75	411283.24	411408.74	412343.92	412730.29	412870.94	412623.5	412493.5	412112.08	411480.08	411540.97	412959.83	415400.56	417067.86	417733.61	417501.46	417458.68	417544.66	417813.08	418381.92	419188.27	420047.34	421317.91	422479.04	423552.17	423969.0	423969.09	423628.24	423319.73	423329.15	423778.25	424126.62	424333.85	424168.88	424236.24	424383.72	424612.96	424052.7	422959.07	421565.93	420806.46	420544.7
37043	414539.0	148741.27	148941.54	149161.66	149491.09	149982.21	150407.94	150664.91	150637.01	150650.59	150940.15	151506.31	152221.81	152945.34	153431.96	153624.99	153656.74	153772.6	153981.21	154324.35	154523.87	154703.19	154867.3	155142.28	155474.74	155742.1	155926.92	156032.48	156212.07	156339.29	156224.95	156113.83	156314.18	157003.53	157792.88	158420.45	158892.46	159129.41	159391.24	159573.61	159761.59	159944.22	160281.31	160792.56	161235.72	161480.0	161725.32	162132.44	162613.45	162808.61	162999.61	163279.11	163926.19	164603.84	165394.04	166371.86	167574.39	168901.86	169972.67	170535.81	170852.53	171550.32	172536.83	173557.27	174512.12	175662.33	177103.05	178400.64	179876.87	181697.61	183709.76	185309.99	186536.84	187424.4	188352.66	189318.52	190384.82	191426.68	192308.5	193378.06	194337.72	195081.08	195447.9	196111.97	197130.89	198146.21	198942.5	199534.06	200234.94	201031.62	201687.94	202243.83	202648.32	203127.21	203646.56	204065.47	204002.85	203440.74	202704.24	202244.19	201990.04	201818.35	201663.42	201506.92	201027.46	200626.87	200065.03	199954.45	199837.58	199829.02	199958.46	199944.46	200291.71	200368.87	200596.5	200665.69	200844.46	200779.56	200800.74	200621.69	200260.95	199909.43	199832.88	200175.7	200562.67	200812.34	200893.86	200847.46	200777.34	200579.01	200213.4	199922.87	199737.38	199728.02	199661.06	199759.54	199695.42	200011.67	200396.53	200893.96	201032.36	200988.1	201087.15	201376.76	201857.47	201867.54	201864.25	202026.2	202892.42	203810.72	204667.62	205213.94	205447.13	205643.96	205586.78	205482.74	204951.98	204822.8	205075.28	205637.24	205785.94	205579.26	205499.95	205550.71	205615.34	205698.7	205920.56	206172.04	206250.28	206338.3	206751.16	207196.84	207700.53	208298.56	208957.38	209498.54	209793.68	210008.43	210104.8	210327.7	210681.48	211418.13	212078.13	212505.03	212583.83	212562.61	212741.43	213069.92	213525.72	214084.7	214755.86	215197.88	215458.41	215835.18	216386.4	216803.71	217205.06	217591.68	218265.27	218825.73	219569.67	220287.21	221135.85	221990.54	222714.42	223259.35	223633.5	223991.11	224570.76	225149.3	225662.66	226177.9	226814.2	227729.44	228700.56	229855.77	231225.37	232409.01	233236.01	234039.22	234872.3	236016.82	236977.84	238370.69	239631.21	240836.32	241692.65	242388.9	243386.85	244390.41	245502.0	246558.84	247561.38	248598.28	249517.96	250455.19	251477.24	252700.88	254272.85	256333.13	258779.2	261643.38	264156.46	266168.01	267508.6	268624.64	269913.64	271518.09	273480.8	276134.29	279324.02	282923.7	286298.67	289520.53	293082.39	296652.11	300741.67	305925.66	312590.78	319701.43	325752.33	330479.3	334821.39	340019.8	346196.8	352981.87	359629.44	366445.19	373382.61	379759.51	384927.09	387925.39	388961.01	388519.76	388360.04	388007.66	387337.4	385801.59	385166.79	385259.42	385901.5	386594.53	387703.31	388690.8	389720.97	390606.1	391320.1	391499.82	391000.79	390704.17	391242.74	392977.88	394913.45	396317.75	396676.65	396367.09	396135.54	396257.92	396782.68	397303.32	397791.51	398532.51	399074.19	399615.83	400033.87	400033.33	399421.07	398216.57	397322.08	397183.07	397291.94	397568.73	397384.19	397478.62	397377.83	397065.17	396922.46	397063.66	397886.99	398840.06	399867.26
33545	409300.0	137192.92	137431.58	137897.35	138415.78	139451.44	140470.24	141715.38	142220.31	142503.14	142841.21	143718.73	145074.41	146158.56	146878.66	147196.24	147960.71	148690.32	149161.79	149599.92	150385.87	151308.28	151651.45	151388.02	151667.61	152229.22	153118.85	153699.43	154296.4	155206.53	156384.97	157861.94	158999.8	159873.58	160321.87	160637.98	160700.01	160891.58	161267.19	161729.89	162639.07	163567.15	164686.91	165620.02	167097.14	168742.66	170538.06	172335.53	174291.7	175992.31	177297.7	178461.55	180018.89	181957.8	183931.96	186150.25	188696.57	191759.3	194807.85	198087.36	201494.83	204811.84	207990.15	211623.82	216002.53	220768.31	225988.5	231792.15	238236.17	245056.28	251580.26	257543.51	263160.49	267581.75	270847.62	273799.92	278085.31	283050.88	286803.16	288481.98	288716.47	288702.09	289068.31	287652.32	285364.69	282282.16	280748.43	278832.06	277672.37	275398.88	272746.99	268586.03	264782.54	261090.5	256875.3	253630.83	251406.1	249290.87	247101.08	242502.72	237646.08	231066.84	224805.51	219100.03	214241.59	209961.59	206489.4	203365.14	200001.78	195754.53	191268.03	187699.52	184672.11	182053.75	179735.56	177392.66	174402.98	171456.56	169216.03	168105.31	166851.99	165911.73	165309.86	165468.56	165480.93	165336.45	165001.2	164031.13	162932.43	161256.15	159444.47	157506.62	156015.43	155133.28	153798.81	152242.48	150324.73	149026.41	147728.93	146839.18	145647.8	144833.21	144258.44	144225.77	144292.87	144551.18	145026.04	145827.98	146812.54	147975.48	149219.83	150098.68	150507.28	150556.84	150639.24	151064.93	152049.6	153488.74	155313.61	157288.09	159545.15	162180.44	164952.94	167940.99	170976.67	174024.47	176758.38	179254.98	181535.85	183825.56	185923.31	187749.68	188819.59	189745.34	190692.47	192038.01	193272.66	194548.77	195399.98	196624.27	197860.57	199644.01	201088.75	202799.12	204157.79	205459.45	206405.41	207396.55	208532.59	209656.77	210808.14	211701.79	212474.62	213246.78	214146.74	214920.04	216087.3	217265.03	218970.93	220563.39	222284.49	224157.9	225748.2	227063.55	227958.92	228936.52	230200.34	231496.58	232960.14	234326.37	235799.73	237103.52	238535.9	239910.09	241567.63	243368.48	245398.87	247329.3	248876.27	250318.19	251592.62	252964.0	254125.62	255201.51	256093.27	256914.72	257662.82	258350.21	259086.08	260264.01	261844.02	263299.63	264252.29	264395.88	264492.62	264512.75	264828.38	265288.39	265932.73	266722.55	267624.94	269074.33	270527.82	271690.98	272265.31	272666.25	273323.44	274467.73	276397.25	279430.23	283105.65	287419.62	291669.6	295640.58	299688.27	304145.57	309874.94	316853.1	325645.49	335099.08	344420.63	352871.31	360697.02	368839.84	376754.99	385132.21	393569.7	403390.08	415191.15	427848.94	439233.48	447022.61	450651.51	450804.76	448849.71	445646.39	441761.07	437187.8	432934.43	429001.79	425958.01	423791.0	423112.3	423293.73	424171.37	424739.51	425517.6	425787.19	426548.95	426743.32	427171.5	427687.14	428436.05	428360.08	427184.85	425488.92	424258.18	423121.44	422200.95	420983.0	419707.98	418871.57	417708.36	416219.22	413947.73	411527.19	409162.86	406692.26	404554.46	402794.87	401352.78	400115.99	398860.77	397648.82	396929.52	396328.43	395570.77	394313.05	392896.16	391964.84	391362.47
74010	403000.0	50106.17	50342.36	50497.25	50953.41	51401.8	51903.31	52367.15	52700.83	52926.76	53045.43	53265.93	53559.58	53976.39	54400.77	54850.14	55252.46	55669.71	56277.52	56779.45	57210.77	57494.96	57875.42	58279.05	58609.77	58885.11	59147.58	59421.8	59680.99	59924.79	60190.81	60413.42	60625.5	60857.99	61088.91	61282.02	61438.11	61765.36	62166.48	62505.8	62719.39	62834.07	62963.37	63006.59	63278.3	63641.69	64076.31	64443.84	64789.1	65257.28	65629.18	65919.54	66101.69	66319.73	66569.69	66726.79	66922.03	67171.98	67620.74	68039.45	68369.82		70735.97	71675.72	71437.97	71541.2	71902.4	72245.8	72625.35	72863.79	73173.15	74385.69	75811.65	77336.89	78374.3	79103.55	79233.95	78854.53	79413.59	80336.74	81238.68	81049.02	81491.05	82011.5	83034.49	83148.49	83334.61	83494.37	84701.92	85427.04	85034.26	83680.31	82780.31	83310.84	84045.52	84535.85	84410.29	84446.95	84819.74	85102.5	85301.77	85871.86	86993.34	88230.58	89057.42	89379.93	89609.62	88219.03	86198.28	83882.29	83167.22	83224.21	83490.5	83607.61	83627.94	83533.28	83568.58	83509.52	83548.35	83509.96	83464.22	83506.39	83720.69	84040.18	84382.31	84667.42	84892.54	85074.89	85315.83	85603.68	85757.59	85763.31	85724.0	85717.79	85721.68	85764.17	85871.95	86006.64	86136.25	86436.31	86666.81	86882.12	86419.27	85941.05	85344.91	85290.23	85526.08	85917.55	86632.52	87633.23	88739.97	89940.94	90784.88	91754.48	92351.63	93027.43	93649.74	93747.94	92949.21	92007.24	91511.95	91822.43	92360.05	93003.91	93742.83	94042.87	94429.2	94645.97	95417.03	95938.83	96479.0	96450.65	96574.29	96956.21	97856.71	99137.61	100293.7	101246.84	101937.48	102747.81	103548.38	103365.54	102519.85	101659.17	101690.26	102499.79	103467.52	104857.06	106305.39	107758.28	109478.06	110870.62	112223.83	113175.44	114410.03	115188.21	115494.39	114881.79	114129.91	112987.79	111745.22	110291.9	109371.27	108920.95	108978.68	108840.81	109056.85	109323.6	109661.58	109836.2	109866.49	110283.19	111443.89	113914.7	116379.66	118317.1	119025.59	119483.05	119987.3	121617.48	123417.53	124728.61	124619.26	124254.04	124153.41	124476.31	124625.3	124831.88	125125.74	126090.99	128197.82	130608.49	132606.73	133457.07	134286.93	134861.48	134970.7	134590.76	134709.7	135919.52	137960.73	140515.01	141850.7	142240.33	142213.32	141998.73	142359.18	142342.5	143429.67	144972.39	147100.69	149333.28	151320.75	153479.64	155884.15	158411.73	160557.58	162659.08	164972.08	167157.71	168668.65	169638.43	171433.49	173730.8	176113.48	178138.38	179140.63	179312.5	179884.89	181441.38	183999.64	185009.4	184280.52	182070.32	179851.46	178081.83	176585.07	174636.03	172926.5	171491.74	171182.44	171785.45	172898.95	173867.66	174282.54	174530.01	175068.63	175930.89	176842.51	176983.03	177213.28	178160.88	180100.16	182278.11	184135.8	185782.22	187618.83	189106.61	190485.32	191515.69	192950.69	193886.64	194365.02	193862.36	192792.34	191838.92	191143.81	191179.37	191068.17	191092.15	190984.54	191478.26	192328.33	193402.29	194092.79	194473.9	194459.55	194620.83	195323.68	196642.84	198106.91
27610	394000.0	128695.05	128762.58	129085.13	129661.57	130444.58	131049.67	131459.21	131790.47	132145.8	132744.82	133529.11	134477.78	135285.08	135807.21	136127.69	136278.9	136304.09	136213.87	136076.91	135972.72	135874.1	136003.65	136141.41	136320.89	136306.9	136250.45	136362.49	136440.44	136681.72	136763.32	136901.86	137025.3	136805.84	136588.72	136314.35	136515.33	136849.98	136973.07	136769.43	136369.59	136187.49	136293.57	136528.7	136815.13	137007.06	137329.51	137700.33	138196.94	138494.85	138763.93	138963.33	139227.46	139400.58	139486.2	139657.72	139573.7	139384.84	138962.35	138731.35	138705.56	138823.26	139101.56	139304.67	139573.08	139879.42	140385.94	140977.11	141693.63	142471.2	143172.42	143731.04	144265.55	144715.18	145194.01	145601.03	146285.9	146953.27	147574.49	148029.74	148495.56	148996.35	149517.17	149940.61	150217.28	150547.1	150863.39	151443.02	152023.38	152709.12	153365.09	154000.08	154519.59	154660.74	154605.41	154484.58	154363.23	153980.83	153528.42	152496.75	151589.26	150569.47	150028.98	149566.67	149164.77	148636.37	147885.3	146934.73	146034.95	144980.67	144294.99	143771.87	143260.22	142630.68	141925.64	141468.45	140943.02	140709.59	140634.22	140671.84	140476.48	140529.96	140572.52	140862.16	141379.89	142077.41	142323.54	141748.07	140895.26	140093.64	139561.61	139084.0	138517.23	137762.41	136717.5	135507.19	133956.74	132300.48	130898.59	129509.8	128022.97	126792.28	125777.55	125133.08	124593.91	124031.08	123368.8	122487.87	121958.54	121717.04	121492.8	121248.87	120872.49	120642.26	120481.95	120468.08	120492.96	120617.44	120726.64	121005.86	121433.81	122344.0	123425.45	124546.97	125256.96	125712.19	126154.41	126677.4	127180.37	127712.91	128406.16	129248.1	130008.08	130816.78	131511.55	132195.49	132636.69	133080.75	133361.3	133810.59	134366.39	135187.7	136118.53	137047.76	137920.18	138624.89	139434.69	140339.5	141492.42	142757.23	144059.83	145309.02	146531.12	147881.28	149322.79	150578.16	151552.56	152330.86	153148.13	154167.26	155470.8	156793.08	158087.08	159296.78	160536.99	161650.65	162618.42	163483.18	164415.67	165367.76	166633.48	168079.52	169565.73	170740.05	171831.28	173019.93	174339.22	175716.45	177292.5	179133.55	180765.02	182224.21	183393.31	184782.64	186200.63	187743.94	189256.11	190708.21	191989.1	193277.44	194686.01	196265.24	197741.18	198983.4	199865.71	200732.09	201762.84	202982.06	204242.71	205506.2	206866.41	208493.3	210163.43	212081.8	213963.99	215494.38	216621.85	217890.73	219826.34	222522.88	225452.09	228598.74	231704.11	234836.57	238016.48	241773.74	245967.28	251137.1	257191.27	263858.84	270406.95	276579.38	282727.29	288523.59	293740.62	299154.41	305695.22	314025.99	322953.6	331724.36	338778.82	342934.65	343475.93	341298.69	338231.35	335101.9	332356.34	330060.75	328398.65	327757.58	328063.05	329264.18	330955.34	332580.43	334082.54	335001.15	335746.2	336126.39	336247.63	336352.08	336811.79	337940.0	339068.16	339584.22	339177.24	338429.71	337563.17	336761.65	335597.38	334424.85	333483.15	332706.62	331819.41	330320.79	328713.14	326969.71	325208.78	323381.07	321576.45	320369.6	319521.22	319366.12	319193.57	319266.32	319355.37	319268.79	318549.09	317251.04	315837.27	314644.87	313478.77
35749	387537.47								106213.75	106539.02	106888.88	107516.15	108092.21	108531.71	108800.14	108927.67	109083.73	109380.33	109762.68	110002.08	110361.59	110845.7	111522.74	111924.82	111994.86	111664.16	111275.92	111053.85	111043.23	111236.83	111495.08	111774.1	112151.13	112642.19	113313.56	113814.44	114169.46	114308.66	114471.06	114655.23	114991.57	115360.33	115688.53	116010.88	116313.57	116575.14	116762.54	116881.42	116982.24	117065.2	117141.2	117230.72	117367.4	117672.0	118073.69	118577.31	119146.3	119789.59	120469.93	121039.45	121522.31	121515.17						103301.51	102275.24		103227.12	103583.88	103774.89	104804.72	106395.49	106737.29	107810.71	107044.6	107756.43	106698.96	106828.92	104533.21	101424.31	96606.51	93414.63	91346.8	90508.86	90756.4	92460.48	96228.05	99635.99	100779.64	99484.99	98957.82	100400.77	103705.83	105342.05	105912.97	105713.37	106400.48	107561.02	109269.9	110975.07	112649.11	113152.94	112996.73	112863.2	114026.6	115438.39	116459.83	116760.95	117032.49	116937.14	116431.5	115819.15	115992.19	116536.05	117419.63	117916.66	118011.49	117786.45	117804.27	118089.4	118589.76	118941.43	119048.7	118565.47	118083.98	119940.99	122745.64	125421.91	125896.71	125866.05	125594.35	125205.51	124478.62	124382.1	124692.81	125455.4	125950.88	126178.55	126053.88	125480.32	124596.27	123786.89	123173.76	122760.58	123748.72	126312.23	130946.82	136241.91	141865.6	147387.42	152762.17	157355.01	160650.38	163028.09	164907.59	166613.33	168096.33	169075.13	170141.08	170964.34	171583.2	172003.21	171815.91	172020.17	172024.66	172320.74	172285.99	172181.38	171620.03	170863.31	170292.99	169936.65	170064.56	170165.24	170335.51	170275.13	169893.47	169716.0	169784.21	170301.63	170683.58	170694.66	170289.56	169726.13	169312.23	169210.97	169229.15	169304.08	169199.33	169492.11	170141.6	171343.28	172081.66	172636.41	172596.11	172645.26	172324.58	172301.62	172569.32	173279.62	173797.46	174362.53	175310.45	176886.89	178235.72	179034.26	179040.4	179041.39	178906.75	178795.64	178592.37	178942.93	179788.41	180766.39	181626.53	182583.33	183758.54	184634.25	185064.22	185275.46	185898.27	186492.5	187160.06	187669.29	188671.69	189982.96	191251.09	192557.23	193760.51	194816.92	195364.46	195652.3	196314.87	197276.6	198449.22	199712.24	201477.09	203577.75	205886.8	208228.68	210415.57	212355.08	213820.17	215488.52	217307.39	219522.44	222094.48	225307.97	228844.96	232367.48	235833.15	239970.87	244715.27	249960.7	255463.61	261219.92	266857.28	271325.98	274691.59	277798.89	281341.58	285195.59	288816.45	293058.85	298276.51	304406.34	309461.8	313274.51	315342.91	316493.17	316166.55	314708.4	312965.34	311370.14	310197.56	309219.99	308856.79	309452.64	310588.64	312091.76	312853.31	313180.64	312805.68	312618.31	312459.88	312085.22	311441.47	311040.91	311726.36	312666.08	313061.86	312258.07	311230.18	310569.12	310567.12	311027.0	311368.09	311873.49	312506.57	313026.92	312957.32	312465.06	312043.45	311654.31	311295.35	311262.97	311849.45	312677.01	313314.6	313593.12	313721.12	314068.91	314140.79	313981.87	313710.67	313801.68	314066.92	314298.07
85326	385264.0	123884.31	123718.49	123868.54	124464.27	125248.41	125816.94	126188.65	127142.96	128609.87	130141.75	131055.6	131592.66	132242.04	133164.59	134597.42	135748.86	136845.79	137165.55	137430.59	137422.7	137566.78	137629.75	137974.25	138735.15	139883.71	140712.81	140912.63	140696.09	140768.69	141791.36	143386.81	145060.23	146486.39	147696.74	148612.16	148831.72	148666.99	148665.11	149400.23	150361.41	150966.24	150701.14	150298.6	150282.8	150937.79	151704.66	152262.73	152548.11	152797.81	153394.98	154466.55	155713.53	157180.08	158541.37	160315.05	162474.78	164703.96	167149.28	169423.76	172332.69	175633.08	179867.55	184513.05	189686.7	195299.33	201866.62	208896.76	215973.9	223935.19	231553.1	239240.84	244609.7	248097.12	252279.52	257314.58	263055.43	266793.69	268965.56	269122.16	268015.58	266082.01	265434.73	264574.35	263860.41	262736.89	261887.42	261176.46	260667.07	260137.36	258635.45	256009.22	252625.81	249259.26	246171.54	242159.77	237668.33	232845.09	227136.11	221246.74	214020.31	207625.06	200114.71	191251.48	181074.41	171421.98	163554.17	155617.77	147508.56	140929.9	136534.27	132513.01	128002.12	122677.88	118308.24	114167.95	110946.92	108412.0	106074.37	105260.0	105067.03	105289.31	104531.15	103654.42	103170.68	102685.14	102157.73	100942.64	99687.62	98031.37	96967.64	96030.47	95172.22	93772.55	92465.08	91571.14	90443.13	89412.98	88183.4	87613.88	87378.8	87320.18	87354.04	87357.1	87872.55	88441.82	89183.87	89851.07	91254.14	93519.06	96351.1	99544.6	102962.85	106649.66	110162.79	113244.38	115898.41	118308.44	120403.07	122523.51	124999.76	127892.47	130897.07	133793.78	136643.36	139228.97	141605.97	143544.93	145201.57	147244.4	149458.47	151420.79	152483.2	152991.89	153292.11	153639.4	154046.78	154414.82	154313.34	154181.55	154212.81	154413.09	154585.24	154929.65	155586.96	156562.6	157751.36	159126.72	160668.98	162202.08	163859.76	165486.73	167187.98	168895.56	170568.13	171906.4	173233.53	174637.16	176106.27	177468.75	178736.81	180347.59	181902.6	183197.09	184337.18	185540.64	186944.42	188511.43	190071.73	191708.35	193440.56	195142.95	196706.28	197956.18	199159.71	200227.52	201370.06	202855.96	204793.8	206657.35	208161.59	209599.24	211086.94	212909.74	214654.1	216515.78	218109.98	219604.07	220969.42	222395.86	223799.9	225079.66	226218.54	227155.74	228031.46	228800.56	229769.4	230928.51	232390.51	234320.78	236543.02	239062.13	241583.66	244159.57	246535.93	248177.05	249545.46	251151.97	253751.87	257453.92	261963.05	267296.22	273011.32	279046.65	285328.29	292679.14	300997.49	311049.09	322265.83	333893.7	344822.99	354681.39	363672.34	371814.87	379064.21	386288.54	393851.47	402568.97	411850.92	420785.28	428041.45	431398.35	429887.16	423735.02	415683.02	406724.71	397535.0	388293.69	380558.42	375432.29	372857.64	372200.72	372628.17	373815.08	375592.75	377394.85	379010.75	380224.54	380739.87	380849.76	381216.42	382255.85	383554.8	384461.1	384663.51	384501.19	384083.02	383399.63	382612.37	381856.58	381536.35	381327.64	380868.72	379868.89	378711.67	377729.8	376898.95	376221.38	375582.09	375300.65	375073.7	375067.56	375053.39	374980.22	374958.74	374664.51	373992.2	372662.75	371130.15	369807.43	368542.4
32219	373337.0	105099.66	105128.77	105424.6	105982.39	106576.98	107391.38	107978.26	108934.64	109600.7	110153.66	110506.02	110633.66	110928.54	111252.38	111887.84	112569.37	113014.86	112909.42	113053.45	113274.03	113835.93	114116.82	114481.17	114812.69	115211.97	115295.91	115075.18	115215.08	115395.75	115919.5	115942.66	115886.72	115899.75	115379.2	114877.02	114568.99	115313.93	116368.79	117508.68	118328.22	119606.53	120934.59	122256.02	123076.38	123444.11	123685.22	124312.62	124614.12	124943.18	124832.55	125215.09	125599.92	126028.29	126324.58	126677.05	127243.71	128005.12	129206.26	130736.28	132580.91	133803.03	134716.32	135271.34	136434.47	137931.99	139720.07	141859.95	143859.92	146121.68	147612.54	148192.75	148615.43	149922.18	151850.53	153896.1	155808.54	158543.89	161271.06	163524.7	165256.64	166125.35	167030.21	167482.77	167847.02	168128.8	168691.53	170055.81	171116.96	171723.23	171253.9	170543.2	169626.26	168783.83	167525.43	166295.62	165072.76	163572.84	162914.82	161906.9	161339.82	159942.22	158837.36	157999.85	157163.31	156565.09	155957.63	155088.5	153679.05	153724.91	153542.39	153110.02	150042.76	146395.97	142939.19	141465.52	140984.24	141080.23	140272.6	139955.63	139673.81	138178.68	135659.83	132631.06	130804.05	129391.11	128271.74	125711.88	122833.39	120120.15	119294.67	118764.83	118056.09	116265.81	114253.13	112135.12	109898.2	107593.65	105161.54	102998.74	101157.51	99564.9	97825.24	96636.04	96326.01	97155.93	97532.24	97018.03	96211.53	95550.73	95589.72	95474.99	95212.28	94833.88	94566.34	94937.93	95579.23	96748.69	97772.66	98838.3	99951.48	101385.42	102777.55	104156.75	105540.72	106480.32	107069.25	107290.38	107734.27	108344.76	109627.05	111063.78	112979.13	114971.7	116846.58	118264.78	119092.63	119807.61	120037.94	120186.8	120496.77	120559.27	120320.31	120073.26	120662.16	122013.2	123494.59	125129.61	126697.73	128564.15	130275.51	131243.92	132306.56	133619.45	136008.76	138471.55	141380.73	143952.52	146020.24	147194.64	148317.29	149659.17	151573.17	153346.75	154814.05	155523.66	156325.73	157266.58	158658.72	160158.93	162142.48	164195.77	166277.35	168004.97	170017.22	171489.34	172196.98	172087.01	172328.83	173339.25	174715.31	176339.85	178116.46	180038.56	181768.63	183153.52	184165.25	184836.91	185076.93	185380.92	185902.0	186640.64	186920.26	187187.45	187777.26	188889.5	189789.5	190539.69	191490.27	192602.76	193705.22	194881.69	196444.46	198241.48	199549.31	200374.13	200947.69	201820.44	203168.47	205332.84	208200.28	211394.2	214283.36	217241.24	220500.4	224307.64	227914.76	231817.95	236296.29	240742.7	244674.13	248057.75	252154.83	257199.56	262356.8	268693.91	275787.25	284036.55	291822.27	298061.66	303342.05	307115.71	309746.05	311330.0	312604.63	313487.04	312165.86	309077.94	305516.84	303094.83	302091.18	301630.67	302007.38	301834.22	301807.54	301017.95	300345.46	300000.79	299994.51	300510.75	301296.14	302140.21	302540.47	302223.25	301594.94	300955.18	300579.53	300248.34	299907.74	299734.47	300009.63	300507.56	300684.96	300039.25	298816.76	297057.01	295037.15	292864.05	290775.81	289445.09	288666.61	288389.09	288836.56	289888.99	291446.02	292187.86	292200.65	291770.4	291373.29	291127.89	291007.3
35096	370367.41											89615.89	89906.39	89678.28	89765.21	90244.92	91295.76	92312.4	92879.27	93273.3	93751.05	94228.99	94718.58	95138.75	95592.93	95743.08	95751.53	95914.48	96601.62	97590.84	98570.02	99326.14	99551.02	99506.91	99344.47	99577.48	100058.59	100540.98	100874.69	101317.52	102047.92	102868.64	103217.97	103345.88	103211.93	103151.28	103157.9	103519.59	104045.38	104379.68	104605.0	104984.25	105637.32	106519.38	107263.94	107958.3	108311.93	108575.55	108815.19	109326.95	110088.97	110835.0	111793.34	113142.89	114868.21	116527.13	117698.04	118720.33	119229.37	119701.96	120148.02	120993.11	122092.31	122922.55	123457.12	123878.33	124425.21	125132.11	125808.54	126456.92	127224.46	127924.21	128641.48	129385.77	129974.97	130425.68	130836.79	131553.16	132299.71	132702.84	132797.43	132972.82	133408.6	133888.12	134488.23	134951.16	135321.94	135545.45	135813.08	135486.7	134847.85	133905.58	133475.54	133115.46	132803.64	132439.7	132234.43	132182.11	132181.24	132043.68	131658.27	131158.9	130497.33	130004.3	129378.68	128850.85	128196.19	127544.75	126912.32	126304.68	125776.16	125354.81	125078.02	124959.46	124803.52	124715.96	124641.03	124622.39	124290.71	123819.46	123344.89	122802.66	122205.44	121622.42	121142.12	120829.09	120417.35	120214.77	119959.54	119746.62	119512.87	119422.22	119308.78	119136.13	118955.9	118929.37	119052.88	119408.48	120132.18	121230.9	122296.09	122836.47	122716.44	122519.73	122474.92	122662.93	122797.9	122865.59	123011.89	123536.15	124481.89	125422.84	125866.85	125481.34	124897.75	124486.47	124553.16	124811.32	125036.37	125335.89	125694.96	126168.09	126664.27	127271.16	127916.88	128736.53	129676.14	130358.1	130678.08	130617.27	130207.57	129828.66	129554.01	129778.23	129992.9	130364.99	130799.71	131521.38	132368.62	133202.87	134033.01	134614.66	134970.82	135286.21	135786.59	136293.22	136794.1	137084.16	137351.81	137647.25	138172.41	138911.72	139684.44	140166.06	140439.44	140342.06	140124.96	140036.25	140004.0	139871.04	140077.7	140615.88	141486.96	142070.41	142812.83	143885.56	144930.08	146234.3	147477.08	148934.05	149722.62	150263.79	150455.92	150950.84	151517.79	152233.79	152442.84	152521.74	152832.9	153465.75	154105.57	154494.91	154956.96	155478.74	156174.31	156929.27	157852.09	158681.06	159785.37	161209.57	162919.96	164262.01	165280.79	166248.09	167462.74	168599.93	169646.39	170874.4	172468.91	174794.47	177783.81	181007.32	183920.56	186323.44	188441.2	190391.05	192416.73	195119.32	198455.98	202270.96	205626.14	208114.5	209934.59	211964.49	213955.62	216109.06	217846.63	220137.04	222600.12	225194.82	227623.46	228698.88	228871.16	228211.83	227716.68	227158.89	226836.02	226587.38	226676.51	227279.1	228845.97	230623.52	232072.98	232478.35	232402.66	232555.31	232926.17	233230.88	232799.66	232569.3	233024.99	233730.61	234128.84	233628.21	232826.04	231857.58	231223.61	230482.46	229916.28	229607.12	229839.36	230761.33	231843.22	232557.4	232647.94	232079.77	231305.45	230198.99	228971.01	228291.31	228028.56	228852.26	230047.05	231657.51	233050.51	233621.77	233337.8	232368.3	231081.11	229871.45	228786.05
29301	356097.43																																							103923.81	103850.77	103959.86	104187.85	104533.65	104853.18	105135.48	105320.3	105330.77	105104.46	104682.48	104238.49	103902.29	103476.98	103171.6	103209.41	103510.64	103773.45	103781.04	103935.77	104193.47	104362.29	104523.13	104642.62	104846.42	105170.86	105605.3	106241.16	107115.64	107814.11	108277.43	108174.97	108057.17	108276.45	108590.36	108906.78	108832.86	108862.89	109098.52	109514.38	109981.89	110511.63	110995.98	111404.67	111694.95	111829.31	111952.79	111912.23	111951.31	111977.35	112101.13	112280.61	112609.71	112895.92	113202.29	113429.26	113524.22	113396.84	113098.32	112912.2	112915.82	113075.48	113363.41	113548.97	113510.29	113115.56	112822.33	112500.76	112293.04	111778.73	111042.09	110076.34	109013.01	108086.71	107207.01	106410.85	106052.45	106129.56	106389.29	106758.7	107241.01	107857.67	108354.84	108878.83	109055.16	108966.07	108694.46	108703.27	108759.86	108658.87	108520.48	108149.69	107714.35	106842.98	105566.15	103920.1	102702.62	102092.81	101833.82	101354.51	100942.47	100816.87	100926.96	100988.47	100847.76	100788.01	100974.86	101362.36	101763.17	102056.4	102267.94	102626.6	102893.57	103275.73	103536.83	103751.89	103638.93	103391.65	103131.47	103033.72	103164.46	103309.46	103415.63	103442.61	103327.56	103214.06	102974.92	102884.07	102933.21	103157.24	103583.91	103948.98	104092.6	104185.19	104332.81	104729.86	105192.58	105614.25	105729.07	105636.29	105620.23	105926.37	106401.58	106959.83	107429.19	107875.67	108345.53	109004.06	109685.12	110153.33	110130.48	110036.76	109824.31	110066.78	110617.43	111310.41	111841.67	112183.0	112587.08	113011.2	113286.17	113668.47	114199.52	114917.24	115644.44	116374.98	117054.2	117751.31	118514.78	119568.15	120556.13	121453.63	122234.14	122946.85	123840.44	124791.7	126061.83	127274.37	128231.62	129055.99	129872.56	130688.12	131448.24	132091.55	132966.61	134043.15	135200.89	136196.85	136944.44	137461.55	138238.43	139258.34	140356.04	141154.77	141937.05	142843.06	143760.07	144646.84	145448.27	146523.27	147633.08	148797.72	149892.69	151104.13	152381.5	153558.45	154223.95	154903.94	155812.38	157071.17	158962.24	161243.42	163924.33	166160.01	168092.51	169956.37	172189.86	174450.62	177094.62	180194.81	183040.31	185043.26	185819.67	186754.17	188069.03	189753.13	192598.58	196843.92	202189.97	207500.84	212069.73	216214.77	219114.98	220461.11	220425.04	220053.62	219734.66	219170.61	218140.37	216922.67	216419.13	216885.95	218165.81	219797.09	221292.54	222869.08	224282.99	225527.58	226467.9	227012.66	227520.41	228101.47	228923.53	229789.86	230488.29	230953.5	231251.69	231509.16	231594.21	231518.97	231503.73	232065.48	233028.89	233886.42	234048.58	233882.82	233749.49	233860.78	234263.49	234787.72	235502.73	235931.29	236345.43	237036.13	238035.22	239171.97	239837.55	240065.65	239815.93	239457.89	239051.97	238725.85
55025	347241.0	170620.16	171038.43	171459.3	172458.03	173803.93	175469.98	177185.44	179078.56	180978.52	183155.46	185010.42	186530.44	187719.85	188772.48	190311.63	192209.78	194470.44	196337.69	198233.01	200116.73	202572.32	204840.12	206757.05	208249.2	209120.82	209771.23	210518.89	211826.53	213992.09	215894.45	217525.67	218496.42	219538.8	220817.62	222579.73	224538.59	226531.35	228313.56	229733.5	231275.24	232887.91	234916.55	237125.21	239383.58	241783.91	243992.5	245961.43	247660.35	248754.02	250110.59	251592.22	253669.12	255531.45	257701.08	259484.58	260963.02	261777.38	262433.59	263059.43	263975.41	265364.08	267039.3	267960.3	268884.76	269671.94	271112.38	272489.94	273903.88	275178.86	276589.68	278182.62	279659.47	280482.8	280858.38	280608.76	280796.14	280956.86	281666.19	282044.65	282422.23	282714.65	282459.8	281561.05	281313.22	282152.23	283405.42	283681.48	282786.92	281741.24	280011.44	278274.31	276717.72	275571.73	274351.13	272623.47	270412.79	267303.25	263610.36	260839.71	258999.49	257739.04	255771.28	253418.04	250409.47	247186.56	244258.76	241288.31	238436.11	235496.95	233309.83	231646.85	230102.66	228365.89	226360.95	224435.62	223343.34	221947.12	220255.08	218084.31	216690.45	216256.22	216876.12	218065.97	219271.61	219420.66	218880.16	217665.61	216123.26	213966.3	211578.37	209510.16	207018.47	204467.17	201152.68	198695.57	196956.53	195413.98	193889.31	192395.03	191471.88	191112.58	190104.68	189268.58	188021.11	187469.76	187355.86	187817.21	188115.36	188927.76	190211.22	192493.07	194867.3	197297.34	199810.15	201890.11	203723.82	205213.0	206610.94	207823.56	208878.83	210842.1	213458.37	216444.68	219347.7	221774.03	223995.14	225298.43	226619.28	227496.99	228439.78	229165.55	230120.18	231568.21	233032.24	234219.61	234941.19	235557.82	236266.08	236890.38	237613.08	238402.58	239470.84	240382.29	241473.41	242936.56	244485.79	245940.31	246899.91	248196.03	249629.48	251180.77	252763.16	254607.91	256427.34	257632.37	258553.98	259511.19	260603.74	261633.25	262485.47	263643.7	265293.88	267231.88	269582.63	271860.05	274311.98	276183.03	278021.75	279826.39	281580.13	282590.92	282854.55	283024.41	283716.17	285024.87	286953.33	288862.07	291018.0	293216.87	295282.49	297171.59	298408.72	299651.63	300440.26	300950.11	301221.58	301407.43	301963.34	303092.27	305288.83	307762.16	309817.83	311016.39	312222.07	313395.09	314371.92	314782.66	315529.72	316873.36	318686.36	320325.16	322070.25	323782.89	325499.26	326172.03	326270.02	326274.29	327518.51	330525.06	334765.89	339794.7	345169.61	350478.75	355919.46	360973.66	366002.74	371138.59	376571.89	381428.19	384411.55	385544.4	386426.82	388139.01	390908.55	395207.73	400381.07	406332.57	412043.87	416825.32	420249.29	420769.44	419240.58	416144.55	414073.06	412554.88	411519.51	409839.53	408692.68	408726.43	410256.69	412519.9	414833.36	416560.37	417355.03	417405.13	416818.61	416240.77	415701.55	415202.03	415521.61	416882.67	418596.6	419718.69	420003.12	420487.92	421421.83	422728.81	424163.57	425519.7	426965.01	427836.15	427963.4	426857.65	425832.99	424817.27	424312.69	424914.46	426466.73	428919.72	430943.2	432779.48	434240.77	435780.41	437273.24	438362.96	438948.39	439066.51	439446.9	440025.21	441375.46
37167	342438.0	134177.98	134254.19	134499.1	134915.03	135478.8	135952.87	136423.37	136799.1	137083.21	137378.04	137622.99	137888.53	137945.25	138053.14	138118.02	138320.37	138605.35	139060.42	139428.47	139658.03	139786.39	140075.65	140269.1	140408.36	140356.21	140401.87	140451.81	140673.49	140918.4	141295.17	141567.42	141821.52	141942.15	142187.58	142459.21	142781.29	143018.79	143245.94	143435.8	143580.97	143770.46	143993.84	144184.13	144373.95	144603.02	144969.71	145295.88	145578.54	145728.38	145883.54	146070.08	146480.85	147058.82	147716.51	148395.7	149105.15	149880.01	150533.89	151172.0	151816.12	152642.97	153407.69	153941.47	154480.99	155151.62	155950.35	156690.96	157393.42	158203.29	159296.46	160271.15	161129.41	161617.72	162212.02	162790.84	163568.79	164282.18	165358.81	166484.55	168023.98	169537.5	170895.31	171872.17	172619.47	172866.97	173085.56	173135.58	173598.34	174103.8	174742.69	175243.8	175530.68	175813.85	176254.49	176387.67	175881.19	175142.23	175032.95	175491.62	175935.43	175733.25	175171.57	174618.47	174359.07	174084.44	173450.3	172576.87	171644.92	170878.92	169844.25	168815.42	167651.0	166715.17	165906.71	165313.89	165002.57	164853.12	165030.46	165113.29	165077.56	164771.42	164452.07	164301.01	164352.75	164545.69	164551.61	164442.0	163861.9	163249.39	162320.53	161431.68	160484.73	159453.1	158437.51	157429.06	156483.24	155366.74	154132.78	153117.71	152223.8	151365.15	150506.98	150431.15	150837.79	151471.87	151920.72	152468.46	153050.87	153487.45	153994.15	154601.28	155256.23	155854.54	156559.24	157209.16	157737.47	158447.68	159409.38	160626.8	161607.67	162632.43	163536.44	164281.1	164827.59	165225.8	165713.26	166104.96	166667.15	167395.41	168454.2	169528.76	170333.64	171081.06	171741.5	172465.61	173039.3	173605.93	174289.27	175221.34	176134.26	177480.82	179164.23	181139.4	182832.62	184382.11	185864.65	187429.79	188973.92	190715.97	192518.19	194288.84	196128.69	198053.85	200155.02	202171.25	204142.24	205949.42	207691.95	209335.75	211026.29	212709.33	214661.73	216982.3	219591.57	222245.18	224586.59	226724.41	228761.14	230629.97	232366.01	233818.69	235362.42	236964.86	238984.76	241265.25	243738.38	245935.98	247764.4	249584.98	251750.86	254331.81	256625.95	258784.02	260480.94	262049.49	263111.93	263886.34	264664.06	265292.59	266044.13	267038.36	268150.64	269520.42	270747.03	272282.31	273874.59	275556.36	277122.84	278562.03	279930.39	281439.36	282860.94	284013.28	284795.98	285218.03	285895.48	286994.13	288275.46	289976.25	292114.63	295067.26	298009.49	300783.72	304001.0	307869.56	312234.26	317138.38	323117.02	330286.68	337350.54	343828.68	350293.69	357468.32	365145.84	372622.43	380056.88	387329.49	395253.94	402657.71	409078.7	412423.37	412873.62	410965.61	408362.6	405741.0	403347.74	400969.54	398945.79	397378.74	396868.29	396997.64	398112.51	398880.86	399742.66	400384.14	400997.13	401220.3	400923.36	401273.84	402828.51	405459.67	407240.5	407861.07	407257.2	406734.79	406239.59	406010.79	406078.79	406235.88	406641.84	407482.29	408489.78	409072.65	408989.38	408406.76	407577.46	406641.91	405990.21	406016.43	406247.65	406564.7	406495.26	406776.56	407015.86	407098.42	406190.23	404930.5	403674.5	402966.81	402716.11
27529	342000.0	157380.18	157523.91	158055.67	158817.11	159690.13	160094.17	160394.76	160507.98	160563.5	160849.99	161290.28	162133.43	162766.27	163253.43	163676.08	163912.72	164207.75	164210.19	164565.35	165009.78	165468.06	165756.41	165863.15	166089.7	166268.11	166255.91	166505.69	166636.52	166981.97	166915.62	167057.05	167260.26	167294.88	167365.32	167439.24	167831.15	168075.98	168102.36	168062.39	167957.38	167980.63	168012.03	168340.74	168775.07	169200.87	169512.2	169696.5	170060.6	170301.1	170564.95	170774.59	170966.84	171130.69	171110.97	171340.07	171583.17	171829.13	171878.74	171990.28	172261.55	172415.5	172652.22	172879.76	173376.17	173948.08	174657.74	175386.02	176246.72	177126.78	178059.52	178836.87	179754.46	180498.29	181322.22	181975.62	182889.16	183782.84	184626.31	185302.76	186011.21	186758.92	187658.4	188473.94	189145.68	189725.47	190156.47	190701.07	191192.98	191793.4	192447.15	193083.8	193670.79	193937.01	193949.4	193825.65	193598.42	193232.72	193053.66	192824.88	192688.18	192216.24	191926.54	191710.98	191502.17	190866.74	190105.58	189324.88	188611.75	187257.17	185943.52	184705.69	184091.8	183570.41	183159.73	182756.16	182277.89	182101.54	182268.3	182510.65	182325.29	182183.72	182165.16	182665.31	183413.87	184151.66	184450.64	183855.73	183074.86	182291.2	181796.54	181249.79	180708.68	180105.37	179444.81	178478.68	177231.55	175959.12	175064.4	174295.21	173488.23	172750.55	171965.33	171351.66	170935.26	170890.05	171115.0	171458.07	172091.12	172550.97	172748.01	172775.84	172774.15	172915.54	173057.06	173189.5	173053.26	172872.35	172909.15	173207.04	173582.2	174038.83	174646.27	175510.11	176445.84	177259.56	177831.46	178109.57	178402.59	178734.57	179289.01	179915.09	180667.82	181478.61	182273.99	183033.21	183528.03	183913.89	184056.33	184499.17	184950.84	185674.36	186439.97	187281.15	187910.6	188447.0	189048.56	189954.45	191059.33	192351.33	193657.14	194936.68	196189.49	197661.9	199147.25	200431.87	201479.7	202548.37	203747.05	204883.96	206015.86	207244.92	208587.23	210077.7	211669.09	213215.97	214494.87	215417.49	216316.87	217244.65	218331.68	219306.18	220199.83	220929.77	221773.75	222828.03	224233.83	225833.71	227479.1	229032.97	230098.95	231007.7	231894.1	233295.15	234691.66	235984.87	237054.29	238121.88	239137.39	240391.63	241922.26	243843.59	245630.3	247080.12	247983.22	248855.93	250101.07	251748.62	253611.88	255356.78	257031.75	258455.12	259732.22	260866.46	261762.72	262291.68	262889.04	263921.02	265778.77	268642.82	272036.64	275800.71	279453.88	283384.32	287696.16	292446.41	297420.62	303171.75	309904.4	317512.69	325063.19	332007.05	338565.43	344975.44	351192.33	357886.2	365080.98	373694.48	383106.21	392329.19	400093.72	404399.92	405119.43	402853.86	400037.15	397115.58	394066.99	390705.91	387953.21	386419.12	386054.9	386749.45	388105.82	389545.75	390851.67	391693.32	392225.83	392444.07	392630.87	393326.56	394727.2	396850.77	398494.14	399448.69	399275.6	399006.39	398535.04	398388.62	398048.33	397677.1	397429.69	397464.21	397308.7	396508.77	395496.81	394347.98	393114.7	391731.15	390456.05	389723.09	389051.93	388661.01	388011.21	387627.44	387302.88	387233.33	387048.59	386465.24	385398.1	384327.77	383403.02
78415	332489.62																																																											112051.47	111984.4	112519.21	113104.26	114390.38	116090.89	117956.6	119866.29	120863.99	121365.98	121316.85	121314.39	121739.36	122097.76	122208.95	122134.32	122211.43	122455.0	122773.17	123074.48	123639.23	124597.27	125577.61	126395.17	126953.57	127246.73	127190.42	126890.91	126890.25	127205.49	127639.58	127910.8	128183.42	128694.59	129474.63	130546.94	131506.53	132198.05	132427.31	132528.45	132273.25	131916.38	131374.37	131013.15	131142.8	131270.67	131066.51	129946.38	128546.86	127006.0	125737.91	124557.97	123956.91	123881.03	124186.46	124646.79	124867.07	124625.35	123667.7	122575.48	121850.73	121482.98	121065.63	120627.59	119999.38	119416.52	118732.82	118249.07	117596.31	117013.55	116465.85	116306.4	115869.86	115216.72	114327.28	113729.98	113478.22	113346.11	113556.13	113533.58	113448.17	112749.28	112516.62	112488.02	112845.27	113045.91	113149.33	113418.22	113515.54	113196.88	112531.35	112166.2	112476.88	112971.73	113048.16	112536.03	112014.86	112004.34	112579.88	113361.77	114067.11	114399.49	114399.46	114323.83	114222.55	114358.45	114110.61	114015.79	113794.12	114234.1	115198.05	116613.09	118017.37	119161.82	120259.47	121377.32	122787.1	124186.15	125324.42	125822.64	126163.89	126688.39	127557.67	128846.61	130062.26	131397.94	132666.17	134051.85	135414.7	136428.82	136962.62	137291.71	137211.05	137386.24	137864.21	138883.66	139871.9	140790.21	141561.48	142177.29	142579.16	142949.37	144067.73	146041.47	148520.33	150768.44	152519.81	153740.11	154157.48	153910.22	153409.85	153210.62	153575.66	153722.07	153898.2	153568.93	153669.18	154000.91	154861.51	155390.29	155914.0	155863.94	155905.55	155765.51	156009.49	156258.74	156344.03	155879.37	155779.64	156279.39	156908.15	157545.19	158686.33	160686.39	162882.1	165075.12	166912.15	168657.5	169630.2	170492.52	171657.24	173318.97	174592.18	175331.9	175375.13	175881.72	176306.17	177141.72	178467.3	180783.03	183434.77	184634.97	184355.48	183035.12	183430.76	185054.38	187409.6	189409.92	189965.68	190243.51	189821.26	189828.59	189246.32	188653.93	188829.81	189394.74	190623.1	191550.77	192467.43	192504.22	192747.76	193145.2	193654.36	193270.34	192206.34	191217.9	190544.79	189897.55	189194.11	187970.62	187604.92	188480.89	190569.3	192172.96	192460.53	191755.37	190365.62	188760.91	186900.7	185078.23	183712.0	183051.16	183670.18	184910.35	186485.67	187910.57	188184.34	187942.35	186685.23	185537.12	184080.68	182924.86	181992.55	181612.18	181103.8	180263.71	178697.81	176612.57	174373.4	172146.23	170732.9	170305.33	171071.64	172402.8	173953.33	175734.39	176652.82	176294.81	174954.88	173967.05	173935.35	174044.19
72745	327997.0	99932.6	100109.95	99803.66	99508.45	99331.26	99560.92	99775.58	99981.26	100390.14	101071.91	101757.17	102442.28	103049.04	103367.74	103703.77	104201.75	105036.08	105818.11	106454.89	106750.24	106936.79	106719.27	106689.24	106678.91	107149.06	107437.75	107590.32	107522.08	107636.39	107941.32	108479.03	108973.44	109342.78	109637.16	109932.01	110230.33	110498.95	110943.04	111668.47	112561.28	113546.11	114372.72	115149.59	116014.78	116983.14	117911.46	118607.32	119369.63	120106.65	121014.87	121970.79	123508.26	125201.64	127171.92	129088.32	131338.07	133432.93	135182.88	136321.36	137122.31	137884.51	138735.43	140096.8	141567.59	143321.51	145094.73	146980.18	148811.14	150676.61	152650.17	154419.63	155897.44	156694.18	157340.82	157600.23	158167.53	159013.29	160160.71	161182.45	161849.22	162150.81	162127.36	162007.13	161919.04	161960.18	161715.78	160898.27	159651.38	158761.82	158410.25	158190.09	157599.4	156693.68	156021.22	155533.13	155157.84	154455.52	153759.08	153625.91	153800.12	153784.72	153460.81	153002.98	151984.42	150316.24	148942.03	147908.11	146864.49	145246.75	143555.65	141911.55	140301.11	138976.58	137862.39	136993.53	136286.86	135974.18	135885.92	135853.63	135641.72	135562.46	135420.91	135311.42	134925.65	134752.16	134584.22	134121.02	133300.94	131907.41	129950.59	127634.42	125970.24	124897.08	124463.76	124275.7	124182.09	123293.49	121607.13	119924.34	118718.72	118210.95	118319.76	118418.69	118505.23	118489.4	119094.85	119800.16	120868.16	121774.49	122655.08	123409.21	124225.37	124908.0	125514.38	126165.14	127197.29	128514.0	129976.43	131394.26	132731.91	134026.26	135361.56	136532.57	137582.35	138542.46	139388.44	140033.01	140539.99	141097.75	141991.48	142843.99	143731.82	144466.11	145116.83	145512.74	145847.58	146266.86	146798.32	147550.02	148240.02	148765.33	149161.89	149481.06	149815.28	149981.48	150310.13	150777.33	151453.99	152242.23	153178.01	154107.37	154975.23	155991.36	157048.39	158035.17	159037.6	160038.57	161060.82	162039.89	163310.13	164770.25	166123.55	167315.74	168436.19	169461.36	170079.41	170627.13	171421.4	172498.22	173633.92	174705.82	175639.31	176641.55	177749.44	179305.09	180641.74	181761.27	182434.97	183445.35	184112.12	184623.43	184858.01	185506.98	186304.12	187030.13	187551.87	188135.49	188883.93	189898.56	191135.1	192320.66	193373.85	194252.69	195282.37	196308.91	197275.61	197993.09	198640.63	199640.56	200851.83	202282.9	203523.33	204886.39	206112.07	206998.69	207834.75	208959.6	210896.85	213768.46	217273.28	221219.43	224814.56	228092.36	231310.86	235149.48	239337.35	243791.63	248307.27	252976.3	257267.09	260753.5	264147.07	267852.16	272262.7	277157.17	282659.38	288529.71	294865.78	300983.85	306205.76	309462.11	310548.19	310329.81	310485.68	311267.46	312364.35	312934.65	313247.62	314007.85	315111.89	316915.0	318860.26	320974.13	322725.19	324382.2	325732.3	327107.76	328338.5	330046.79	332222.75	334681.23	336824.89	338091.97	338733.37	339110.5	340142.97	341491.33	343183.43	345215.68	347928.16	351065.73	353472.41	354555.55	355016.3	354931.58	354611.54	353508.42	352793.01	353251.3	354325.87	355373.07	356060.14	356910.19	357812.6	358040.61	357360.4	356102.59	354817.8	353726.12	352903.06
35773	322553.67								40282.08	40384.04	40465.1	40631.94	40838.12	41023.68	41181.16	41325.28	41524.69	41678.82	41812.91	41859.88	42014.7	42128.63	42284.82	42337.73	42339.79	42268.47	42204.53	42190.72	42208.64	42315.26	42520.34	42706.59	42861.63	42952.2	43093.07	43186.55	43276.1	43331.54	43453.27	43538.74	43672.8	43786.85	43941.92	44085.82	44174.71	44168.23	44151.37	44136.87	44172.49	44211.88	44251.94	44306.0	44344.3	44445.23	44592.38	44761.09	44957.88	45156.48	45398.97	45570.69	45694.55	45414.99							42990.05	43719.04	43677.56	43661.08	44173.53	45448.36	46824.14	48409.83	50282.36	53008.88	56624.6	60317.32	63189.03	63928.63	63518.1	62771.44	63192.92	63026.7	62988.33	63999.28	65649.4	66872.52	65454.24	63198.53	61053.83	60834.17	62859.49	66063.52	67635.05	68450.71	67689.94	68175.55	67219.82	67880.38	69712.91	73759.46	78051.06	81144.27	83381.45	86083.66	89005.47	91469.12	92959.33	94313.75	96372.12	96910.33	97062.15	95164.79	93989.23	92855.28	93256.99	92907.92	92059.4	92087.85	93141.17	94429.0	94975.04	95393.46	95626.66	96278.01	98701.44	102082.41	104631.45	105230.01	105156.15	104844.25	104188.24	103393.79	103724.44	104525.26	105465.91	105617.06	105025.73	104274.5	103866.41	103891.97	103960.43	103570.48	103589.62	104841.76	107759.21	111926.36	116524.73	120988.5	124642.29	128445.83	131413.92	133848.01	135081.28	135905.14	136310.54	136470.37	136703.52	137725.28	138870.88	139704.53	139441.76	138642.27	137955.96	137323.62	137107.96	136840.51	137134.8	136934.76	136628.81	136377.39	136563.41	137150.3	137012.32	136645.51	135703.39	134842.82	134131.7	133767.7	134211.16	134647.5	135504.76	136227.87	136622.31	136516.37	135805.33	135420.44	135115.96	135173.97	135639.63	136319.97	137501.11	137958.05	138619.12	139018.95	139802.23	140054.89	139745.68	139587.16	139881.6	140795.82	142085.46	143296.3	144441.73	144925.34	145225.46	145405.35	145625.39	146081.83	146331.33	146715.41	147133.04	148091.65	149249.75	150358.93	151306.06	152268.0	152848.0	153276.17	153496.49	154121.63	154598.68	155321.28	155977.58	157068.47	158366.98	159519.55	160692.51	161599.56	162372.42	163023.89	163830.96	165070.5	166512.25	167933.36	169440.62	171262.69	173146.69	175159.99	177037.19	178729.22	180339.58	181778.01	183397.24	185033.21	186796.94	189016.29	191720.18	194799.59	197972.19	201206.9	204840.23	208683.41	212475.32	216534.98	221113.42	226275.04	230617.6	233995.78	236797.31	240169.4	243604.05	247102.71	250674.28	254866.56	259625.03	263744.79	266984.1	268432.2	268894.58	268180.89	266573.7	264862.62	263446.09	263046.14	263156.18	264037.21	265623.95	267393.88	269114.92	270210.55	271089.97	271542.26	271985.92	272120.99	271889.22	271304.69	271218.9	272297.35	273935.39	274866.79	274396.5	273142.03	272086.84	271566.36	271509.87	271471.95	271767.98	272394.82	272884.3	272670.02	271818.86	270880.72	269755.05	268613.8	267722.88	267607.85	268008.42	268600.2	268954.99	269483.41	270513.37	271554.47	271932.53	271787.99	271738.61	271740.96	271738.62
33598	321828.0	124668.34	124322.06	124435.79	124420.57	124188.83	123980.44	123901.56	124930.48	125824.34	126953.08	127718.7	128650.95	129640.77	130666.62	132007.53	133216.53	135066.04	136906.0	139580.33	141720.54	143988.29	145601.44	147209.24	148058.67	149169.08	149324.86	149431.28	150001.93	151650.29	152506.54	152185.0	151775.88	152337.73	154183.83	155978.91	158383.32	161077.01	164199.42	167278.16	168805.63	169732.79	171029.9	173335.58	175713.79	177414.34	179317.53	180934.6	182982.46	183839.21	185275.11	186687.22	189019.63	191278.8	193651.76	195768.36	197864.62	199705.07	201471.1	204251.7	207806.53	210851.44	213547.77	216515.34	220525.81	224892.03	229445.26	235782.43	242228.02	249299.2	254702.0	260267.61	265489.44	270998.7	276445.79	281585.31	287416.96	292776.44	299197.38	304930.52	310115.84	312287.73	311270.05	309200.03	305906.65	303122.08	300749.67	300501.84	302634.54	304664.88	303551.23	298973.64	292995.21	288076.98	283034.75	279028.75	273984.11	268422.94	261559.34	255896.73	251896.28	248342.27	245010.07	241393.91	237962.12	234447.95	230813.29	225228.17	219650.67	214813.08	212150.01	210123.11	207432.26	203949.44	199714.0	196750.53	194744.36	193712.56	192781.69	192246.67	191752.78	191287.28	190799.71	190259.35	189989.35	190541.86	191374.24	191481.1	190839.16	189073.39	187357.05	185206.02	183898.24	183043.43	182379.4	181245.87	179094.96	176445.6	173879.34	171711.15	170110.73	169719.69	170263.64	170885.86	170844.18	169812.32	169287.61	169020.5	169576.04	170222.1	170932.76	171728.5	172305.77	172625.42	173059.15	173651.36	175029.44	176600.03	178095.41	178896.85	179462.42	180464.15	181949.78	183591.18	185455.61	187172.34	189519.01	191550.78	193546.3	195343.71	197253.89	198830.3	199291.05	199048.2	198558.8	198812.23	199193.79	199864.58	200219.56	201244.27	202802.1	204999.94	207106.77	208808.95	209600.69	209979.03	210354.27	211783.95	213363.8	214835.59	215948.2	217227.05	218602.7	219905.31	220997.39	221533.99	221562.41	221266.74	220997.09	221055.75	221403.74	221984.34	222576.09	223483.77	224311.28	225115.36	225831.31	226729.1	227547.15	227955.86	228669.71	229423.27	230449.19	231172.77	231768.41	232566.73	233584.13	234661.2	235536.75	236681.94	237874.5	238738.43	238977.36	239382.06	239952.5	240944.49	241711.84	242642.31	243607.69	244672.95	245721.44	246297.34	246587.07	246684.97	246877.06	247038.81	247040.74	246929.35	247255.0	248062.43	249351.4	251059.08	252538.68	253573.75	253826.27	253736.03	253690.73	254081.35	255498.66	257701.26	260234.31	262740.35	265517.77	268392.47	271764.27	275716.37	280369.55	285952.4	292197.55	299137.74	305895.84	312571.23	319195.75	326499.45	333954.61	342487.76	352544.78	364596.12	378186.05	391038.76	402165.68	409546.22	413090.79	413191.06	411176.72	408148.25	404416.49	400210.31	396526.58	393965.67	392591.95	391910.18	392049.55	391992.62	391997.76	391744.15	391791.21	391584.25	391162.32	390885.77	391127.62	391843.69	392659.33	392664.85	391388.38	389173.34	386872.65	384541.32	382085.57	379461.91	377007.38	375369.93	373949.57	372676.14	370985.45	369158.95	366932.46	364318.45	361529.68	359044.02	356822.66	354960.24	353285.86	352023.19	351070.41	350256.77	349228.73	347894.67	346527.57	345438.82	344570.06
55068	311198.0	169456.55	169886.1	170290.88	171300.87	172432.92	173769.65	175109.03	177091.59	179308.31	181753.69	183593.54	185353.48	186968.65	188325.77	189690.35	191270.31	193016.99	194965.88	196881.22	199027.04	201141.12	203616.0	206377.58	208372.5	209609.65	210372.14	211401.64	212486.74	213590.52	214811.25	216109.94	217605.37	219105.73	220725.35	222277.62	223986.78	225609.62	227244.11	228744.89	230067.33	231747.12	233291.43	235069.46	236538.49	238690.58	240365.75	241726.32	242702.02	243914.35	245539.78	246841.11	248157.79	249824.08	251547.79	253515.16	254885.98	256477.9	257711.85	258789.37	259549.09	260746.87	262093.62	263626.85	265193.72	266860.33	268573.15	269944.0	271113.13	272188.1	273213.59	274212.56	274653.61	274734.62	274675.72	274348.04	274235.76	274134.26	274874.07	275330.59	275490.55	275180.09	274453.57	273602.85	273268.52	273451.88	273330.39	273016.19	272737.87	273003.78	272787.71	272029.38	270945.89	269686.84	268331.01	266560.47	265345.07	263736.9	262123.48	258981.81	255766.84	252677.38	250857.81	250013.91	248276.98	245445.27	241751.79	238434.95	234955.35	231842.14	229032.9	227054.45	225451.87	224388.3	223731.99	222762.92	221966.14	221393.29	221525.65	222104.9	222417.62	221682.76	221463.39	221995.87	223823.13	225695.62	226721.35	226033.66	223618.97	219683.12	216319.92	213013.84	210170.23	207963.42	205762.33	204365.98	201816.96	198252.59	194544.6	191834.25	190582.28	190712.0	191380.42	192297.69	191612.58	189621.49	187694.4	186969.89	187637.7	188995.59	190984.22	193369.85	195947.87	198251.55	200510.05	202531.21	204926.9	207411.0	210017.02	212344.15	214572.43	216791.16	218996.7	221219.76	223349.57	224900.91	225944.14	226923.83	228658.89	230703.37	232536.09	234135.32	235673.3	237098.19	237972.81	238623.39	239114.54	239388.81	239471.45	239783.0	240845.57	242624.0	244899.32	247170.47	249059.91	250510.85	251279.86	252005.49	252617.86	253282.7	253890.32	254859.24	256647.26	258933.73	261295.49	263445.15	265620.02	267399.87	268564.89	269228.62	269713.48	270362.12	271020.87	271961.77	273708.4	275849.85	278169.31	279872.72	281674.71	283368.84	284735.31	285481.62	285795.98	285978.71	286192.54	286848.15	288549.82	290692.23	292847.65	295079.67	296918.41	298480.99	299057.69	299931.74	300749.97	301409.06	301561.14	301764.03	302787.32	304535.58	306765.93	309074.61	311093.05	312682.35	313721.33	314171.8	314349.14	314394.43	314828.59	315821.39	317572.24	320590.1	323788.02	326563.83	328367.91	328987.05	329042.68	328601.15	329213.33	331275.37	334719.49	338799.02	342947.82	347087.95	351532.37	356395.75	361449.79	366919.45	371870.54	375693.43	377866.92	378920.28	380147.99	382361.35	385438.35	389562.88	394445.85	400489.31	406425.92	410906.63	413421.18	413196.79	411088.71	407951.22	405841.19	404424.53	403049.45	400678.03	398720.55	397470.5	397566.65	398276.12	399690.47	401201.2	402684.27	403518.67	403528.36	402892.5	402387.87	402295.24	402720.43	403628.44	404723.44	405323.17	404947.16	404347.35	404319.69	405103.36	406513.95	408347.04	410335.01	411829.39	412290.02	411545.26	410645.65	409736.4	409282.12	409610.81	410471.06	411541.19	412294.78	412728.32	413538.26	414076.21	414525.83	414118.47	413125.61	412014.23	411525.55	411964.59	412750.19
33954	310200.0	84012.17	84323.05	84587.4	85280.82	86073.2	86849.15	87339.39	87543.75	87648.03	87849.85	88455.41	89317.94	90055.7	90625.86	91350.47	92344.83	93418.71	94259.91	95003.06	95537.75	96143.87	96852.45	97456.85	97894.92	98173.23	98619.56	99166.12	99791.63	100348.66	100902.91	101445.87	102497.51	103481.81	104576.66	105435.0	106490.25	107506.85	108555.09	109534.96	110619.52	111701.61	112954.76	114392.28	115859.84	117251.09	118567.1	119907.56	121375.65	122887.36	124307.71	125750.05	127353.66	129249.6	131499.94	133892.09	136395.82	139215.93	141253.7	142707.37	143500.86	144849.93	146646.58	148951.0	152287.6	156252.68	161219.4	166233.43	171744.36	177012.86	181707.24	185723.36	189288.54	192433.28	195337.86	195976.77	196326.48	197332.43	199989.98	202012.33	202458.23	201843.21	201614.89	200932.56	199771.36	197559.87	195132.25	191845.38	187897.07	182600.74	176854.41	171666.52	168007.97	164776.42	161215.83	156807.66	152456.6	148441.46	145863.37	144757.66	144097.58	142505.61	140395.97	138426.88	136036.81	133217.71	130153.12	128315.14	127446.4	126480.81	124655.64	122642.15	120271.48	117916.09	115390.34	113418.73	111890.33	110707.08	110211.65	109947.12	109816.24	109988.26	111177.97	112624.3	113435.68	113597.17	113135.12	112552.22	111485.24	110631.19	110016.79	109175.06	107858.24	106114.75	104334.19	102825.5	102018.15	101679.34	101408.11	100474.57	99755.97	98964.87	98569.37	98511.99	99010.38	99362.73	99540.73	99938.23	101186.05	102827.95	104426.87	105666.15	106406.13	106948.18	107707.75	108966.48	110739.48	113038.8	115335.94	117671.6	119861.63	122173.43	124641.77	126705.94	128159.92	129277.36	130358.76	131541.88	132478.18	133310.79	133997.91	135094.92	136298.26	137740.99	138884.44	139765.35	140564.11	141296.15	141901.5	142699.38	143592.15	145025.59	146253.24	147469.96	148462.95	149725.15	151103.02	152759.86	154764.2	156986.3	159206.77	160961.58	162513.0	164078.65	165645.94	166818.13	167808.32	168955.58	170339.66	171794.86	173356.94	175198.16	176765.15	178049.4	178933.42	179895.03	180687.93	181599.42	182482.6	183208.58	184023.82	184938.68	186282.7	187672.24	189041.58	190384.98	191649.54	193091.75	194262.88	195105.28	195346.9	195788.39	196563.74	198201.62	199933.97	201665.08	202765.47	203576.29	204301.91	205292.86	206549.82	207580.89	208093.77	208148.19	208327.11	208962.09	210147.58	211440.81	212823.09	214217.15	215657.32	217189.35	218496.56	219413.4	219702.42	219517.3	219451.59	220275.72	222359.88	225471.54	228838.59	232388.7	235942.78	239302.95	242539.17	245883.19	250093.63	255471.09	262495.27	271022.1	279639.85	287430.46	293895.97	299767.59	305552.01	312747.28	320979.39	330658.12	341251.76	352266.08	362476.23	369396.39	372483.54	371582.41	369074.7	366360.54	364061.78	361218.4	359304.06	358526.38	358843.04	358949.94	359794.12	360743.75	361419.14	360888.7	359860.93	358992.56	357617.74	355806.04	353929.29	352684.36	352061.03	350832.12	348593.39	345832.47	342982.21	340613.33	338450.89	336536.7	334579.12	332706.15	330661.11	328345.9	325271.04	321589.71	317256.13	312787.86	308796.58	305907.18	303841.03	302497.95	301386.21	300573.65	299740.63	299378.4	299094.23	298858.81	298423.38	298620.31	299509.74
34482	306101.92																																																	137713.72	138121.76	138724.5	140054.04	141357.7	142545.06	143725.23	145219.94	147036.21	148875.49	150603.28	152461.94	154480.76	156802.24	159041.19	161707.92	164568.69	167408.38	170044.0	173295.37	177223.82	181839.84	186218.15	190410.44	193794.15	197291.41	201758.12	207346.93	212911.19	216980.31	220166.93	222225.23	223476.71	224513.68	225655.11	227130.66	227530.11	226928.85	226111.77	224950.72	223321.86	221270.64	218882.13	216733.59	214146.89	212300.17	210518.99	208561.12	206020.41	204502.98	203851.94	202928.66	200784.66	197833.79	195050.68	192346.82	189642.26	186079.31	181544.19	176847.38	173428.89	171901.5	171032.37	169392.46	167457.53	165452.55	164325.41	162405.79	159770.82	156783.6	154686.06	153347.39	152189.68	150827.32	149613.12	148692.91	147622.92	147026.83	146149.01	145254.41	143882.0	142422.03	140911.84	138974.98	137074.25	135083.39	132865.26	130556.47	128357.5	126826.43	125179.56	123593.98	121977.25	120555.78	119259.36	118382.13	117765.44	117556.1	117347.5	117543.9	117957.54	118389.92	118746.01	118824.79	119107.1	119259.04	119360.64	119137.16	118975.87	118864.0	118888.79	119046.9	119466.14	120032.65	120767.12	121723.19	122712.98	123641.57	124475.15	125330.59	126054.91	126475.09	126719.2	126978.82	127573.54	128382.75	129291.77	130067.27	130854.92	131304.45	131861.43	132355.43	132964.84	133133.26	133317.04	133724.88	134521.1	135409.84	136515.52	137504.46	138579.29	139709.82	141125.83	142387.32	143432.67	143930.5	143977.61	143967.42	144178.72	144562.51	144774.49	145330.54	146331.17	147861.4	149308.7	150685.9	151748.18	152575.79	153137.28	153982.11	154831.14	156084.75	157217.17	158483.48	159939.63	161417.83	163174.83	164740.16	166203.17	167611.43	168917.02	169972.88	170845.99	171582.76	172689.54	173800.49	174807.86	175452.77	175875.79	176563.58	177644.75	178937.28	179927.7	180489.15	180710.5	180886.42	181272.3	182006.85	182848.39	183794.43	184889.84	186135.79	187546.12	188646.59	189404.07	189779.13	189892.4	190322.08	191197.57	192971.17	195510.24	198356.3	201615.47	204578.77	207306.39	209863.02	212819.51	216654.47	221300.66	227128.79	233037.5	238627.88	243258.25	247859.87	252646.27	257386.02	263088.75	269722.3	277408.52	285388.83	293423.74	301378.72	307809.74	311944.78	313874.03	314926.91	315586.55	315998.65	315418.4	314888.24	314176.29	313984.4	313651.24	313869.41	314235.77	315013.52	315535.16	315652.73	315453.29	315205.01	314625.58	313585.54	312400.11	311837.21	311344.94	310610.63	309560.86	309381.72	309921.46	310653.39	310662.55	310195.8	309493.64	308404.47	306758.47	304852.34	303264.66	301806.37	300523.87	299040.2	297995.06	297128.42	296681.37	296508.39	296646.97	296760.7	296650.49	295986.97	295117.67	294147.81	293380.62	292669.74
27880	303000.0																																																																																																													173187.79	173040.17	173145.38	172881.99	172430.65	171644.38	170911.18	170123.35	168977.94	167663.58	166517.35	165590.84	164831.46	164150.96	163945.17	163999.35	164123.33	164176.64	164046.44	163768.76	162534.47	161009.19	159357.66	158240.77	157150.18	156150.02	155451.63	154898.96	154428.04	153889.28	153561.7	153401.04	153712.67	153950.38	154131.05	153802.81	153399.4	153157.14	153268.39	153658.74	154217.67	154864.05	155572.44	155807.87	155991.45	156061.16	155869.49	154712.52	152902.65	151239.85	150346.88	150655.35	151632.16	152989.1	154243.86	155487.47	156570.15	157542.05	157983.22	158483.82	159187.31	160463.17	161866.32	163268.42	164548.1	165241.44	165344.95	165216.92	165365.88	165249.66	165105.25	164672.94	164708.28	164959.3	165186.73	165051.98	164738.4	164643.36	164710.85	164786.85	164946.24	165088.84	165152.05	165218.06	165334.53	165507.12	165469.22	165870.54	166327.15	166807.08	166872.98	167111.43	167585.45	168632.99	169957.74	171238.41	172209.93	173003.93	173905.99	174655.95	174976.8	174878.06	174848.73	174877.03	175196.63	175394.32	175895.7	176427.77	177033.42	177220.46	177679.33	177897.26	177975.12	177504.5	177244.34	177205.27	177533.42	177830.78	178353.68	179450.8	181188.06	182696.39	183578.15	183689.15	184207.99	184761.02	185502.14	185927.11	186154.92	186483.39	186809.01	187244.19	187788.8	188932.78	190247.36	191453.58	192181.76	193248.76	194586.55	196333.64	198571.45	201571.08	205130.81	208670.19	212099.53	215313.84	217981.82	220295.61	223353.27	227571.36	231195.29	233087.21	233516.32	234280.16	236253.43	238677.4	242666.65	247249.79	252842.04	258361.43	263787.47	268925.44	272361.59	274219.86	274471.29	274477.06	274450.55	274243.13	273500.0	273347.26	274931.41	278497.15	282366.38	285017.84	286416.52	287478.04	288953.4	290409.19	291683.86	292269.67	292551.55	292780.37	293123.58	294217.2	295487.96	296980.89	298175.38	299190.57	299890.35	300394.57	300460.99	301446.98	302389.7	303745.98	303664.86	302939.26	301970.3	301437.06	301465.01	301741.09	302676.77	303594.13	304110.35	303962.27	304002.24	304493.28	305419.61	305452.58	304679.36	303095.98	301744.06	300490.51
33993	300645.0	91795.71	92107.9	92259.34	92809.84	93408.29	94198.95	94816.1	95349.37	95785.79	96491.03	97205.74	97893.89	98081.25	98304.77	98981.47	100087.78	101402.2	102636.65	104089.96	105621.54	107103.08	108296.11	109354.39	110492.72	111692.88	113053.21	114174.22	115409.9	116359.8	117601.25	118680.03	119966.85	121127.13	122459.38	123925.81	125404.5	127045.6	128501.44	130425.52	132698.58	135348.34	137716.7	139704.42	141287.92	142930.97	144580.55	146174.72	147496.06	148309.29	149240.2	150352.84	152267.94	154528.72	157101.58	159710.11	162467.35	165259.55	167957.7	171061.27	174243.7	177740.0	181239.69	185686.96	190419.51	195615.47	201187.48	207506.91	214922.55	221651.79	228693.51	235045.4	242335.27	249070.67	255067.56	260726.74	265779.21	269300.71	269893.78	269923.37	269594.17	268950.14	266765.69	265018.37	263013.59	261346.8	258200.15	255668.81	252977.79	249216.13	244026.49	238462.02	233445.54	229053.46	223416.41	217683.39	212708.07	208067.07	203739.1	197265.27	189512.8	181348.89	173522.87	166153.06	157402.31	149148.48	141834.18	136313.76	131347.9	126834.15	123393.54	120122.37	117304.07	114246.07	111751.71	109382.75	107500.63	105842.97	104919.3	105065.99	105521.32	106029.25	105565.52	105242.49	105135.99	105531.39	106045.78	106327.1	106259.09	105767.27	104935.03	103836.69	103006.42	102455.01	102595.99	102578.27	102536.87	102136.85	102086.65	102107.66	102675.47	103357.08	104333.8	105074.82	105623.73	106069.62	106857.95	107962.7	109499.82	111356.26	113399.55	115411.61	116968.6	118436.19	119881.72	121564.69	123348.74	125306.28	127212.11	129190.18	131408.31	134006.56	136731.68	139005.96	140997.74	142747.0	144661.41	146186.38	147539.4	148460.84	149312.57	150109.01	150940.82	152004.97	153159.07	154393.33	155546.48	156520.95	157366.45	158345.18	159510.17	160728.14	161657.2	162658.22	163724.18	165391.88	167297.07	169636.23	171919.87	174121.91	176626.16	179240.8	181569.0	183333.86	185013.72	186935.94	189122.06	191149.22	192993.82	194557.19	195963.59	197676.85	199411.49	200926.41	201898.44	202660.71	203444.64	204465.3	205336.1	206108.17	206674.82	207214.47	207802.55	208570.62	209678.77	211021.82	212470.11	213654.15	214724.14	215578.08	216088.44	216452.08	216491.01	217012.5	217605.73	218556.23	219367.94	220048.54	220674.47	221262.32	221759.26	222008.42	221956.33	221547.51	221021.52	220637.83	220601.7	220634.35	220775.14	221128.87	221876.33	222948.71	223811.8	224434.44	224560.9	224544.39	224619.19	225264.68	226972.06	229622.2	232810.44	236517.03	240382.21	244441.6	248315.05	252851.38	258383.08	265992.23	275409.28	285631.23	295780.17	304738.77	313507.87	321331.81	328921.91	337714.26	348029.26	359839.22	371891.51	383583.46	394270.11	401579.29	404499.52	403490.82	400645.49	397480.56	394591.87	391625.41	389794.06	389662.98	390863.19	392277.83	393434.94	394211.36	394590.38	393881.64	393052.71	392256.9	391681.27	390809.76	389652.64	388365.56	387208.12	385373.19	382483.83	378810.18	376008.91	373952.79	372581.07	371066.15	369637.12	367929.43	365809.05	362592.52	358612.04	353998.82	349764.37	345657.63	342007.33	339080.96	336892.32	335456.2	334372.41	333476.12	332485.13	331218.59	329920.4	328635.34	327474.47	326704.31	326245.67
46235	298051.26																																											81950.33	82220.92	82163.46	82295.63	82276.27	82400.15	82410.89	82427.2	82622.0	82920.03	83184.47	83209.02	83100.18	83092.5	82972.61	82916.5	82818.24	82965.73	83584.54	84238.01	85198.06	85680.51	85956.21	86149.87	86430.49	86831.96	87056.04	87182.46	87401.86	87470.69	87359.49	87162.26	87017.26	87102.78	87245.97	87479.09	87887.67	88459.62	89012.43	89354.36	89369.27	89350.15	89272.65	89266.16	89171.16	89117.22	88750.47	88455.44	88252.04	88269.97	87957.79	87553.94	87534.96	87838.62	87936.3	87641.86	87178.67	86914.15	86750.24	86480.02	85817.09	84840.83	83810.11	82932.78	82024.75	80699.22	79688.46	78665.95	78224.02	77824.25	77893.28	78427.39	79273.11	79973.28	80532.48	80419.65	80796.64	81143.28	81586.17	81930.0	82119.05	82477.57	82705.21	82984.37	82734.09	82031.71	80906.45	80170.5	79256.04	78603.45	78008.26	77812.14	77679.46	77203.21	76060.68	74302.25	72953.28	72390.63	72585.25	73099.8	73306.28	73378.73	72474.26	71887.31	71374.7	71711.16	72253.87	73318.14	74425.11	75254.56	75553.31	75344.83	74929.66	74511.73	74325.02	74362.3	74681.9	75287.63	76192.47	77400.34	78620.83	79618.01	80044.75	80180.67	80023.55	80163.96	80678.23	81931.74	83395.3	84983.63	86512.62	87918.13	89437.11	90737.55	91714.59	92220.75	92430.35	92597.13	92806.82	93157.28	93546.43	93933.26	94293.61	94569.1	94871.52	95412.49	95932.07	96421.47	96525.39	97019.04	97632.86	98485.23	99069.87	99553.59	99954.26	100318.75	100716.79	101332.07	102239.01	103121.88	103863.0	104502.27	104968.12	105476.16	105987.79	106827.83	107661.71	108350.85	108956.53	109603.29	110485.0	111616.3	112965.4	114218.11	115417.35	116438.3	117783.02	119170.47	120591.79	121764.03	122704.92	123681.62	124698.43	125756.12	126951.48	128055.82	129339.34	130479.97	131526.2	132224.88	132715.72	133114.77	133444.75	133925.87	134585.44	135522.49	136607.99	137761.69	138995.85	140026.55	141075.42	141963.79	142596.87	143033.19	143712.83	144876.59	146636.89	148835.01	151567.32	154323.31	156927.97	159654.44	162744.37	165798.69	168591.67	171295.21	174010.99	176570.77	178725.97	181147.15	183901.2	186935.32	190184.67	194009.14	197817.94	201304.22	204065.88	206774.46	208625.29	209626.95	209861.61	210081.28	210205.72	209941.1	209110.25	208303.21	207683.92	207778.38	207966.27	208532.63	209089.53	209932.76	210676.07	211089.73	211176.27	211251.55	211981.55	212958.27	214206.67	215404.71	216652.91	217733.52	218352.85	218453.74	218266.11	218058.54	218425.95	219338.29	220582.03	221477.06	221865.64	222085.08	222282.44	222538.97	222833.05	222800.15	222448.97	221686.04	221133.95	221228.97	221570.68	222153.07	222085.61	221522.21	220582.23	219526.64	218766.51	218191.96
35811	293256.71								85620.72	85508.28	85560.25	85743.23	86350.37	86869.51	87348.66	87553.9	87837.79	87956.04	88009.71	88110.49	88512.95	89099.18	89474.19	89436.67	89111.43	88606.73	88189.67	87805.39	87648.33	87763.18	88119.28	88634.19	89219.0	89736.65	90279.7	90470.5	90601.25	90459.52	90478.45	90537.46	90788.38	90994.43	91191.09	91479.72	91751.58	91898.05	91902.4	91823.42	91791.8	91661.15	91665.42	91626.87	91725.88	91826.0	92177.41	92702.7	93371.45	94001.65	94635.48	95083.9	95513.75	95436.78	94224.43							62135.83	62049.27	62432.45	62366.68	61313.92	60484.65	60840.5	62190.8	63954.62	65007.09	65914.7	66704.32	67252.59	67616.36	68396.16	70225.23	72874.5	75111.04	77215.84	79294.2	81338.4	84515.35	87613.32	92553.11	98245.43	102654.63	104800.42	102757.15	101090.68	100464.04	101643.12	102210.63	102180.06	102214.54	103859.36	105884.47	107489.96	108574.43	109323.54	110121.69	110277.6	110424.95	110554.14	110733.56	110713.57	111294.08	111030.54	109713.74	107231.92	105634.41	105318.4	106137.82	107328.03	107920.25	108384.19	108490.4	108943.91	109205.34	109766.51	111722.86	114324.72	116658.96	117458.24	117535.11	117297.8	117440.44	117494.88	118054.59	118529.62	118979.56	119129.69	118908.87	118528.09	117806.73	117088.42	116545.65	116303.73	116224.18	117408.8	120019.64	124402.15	129466.41	134855.66	139910.08	144686.28	148348.57	150991.57	152758.63	154385.68	155648.86	156606.58	157183.58	157896.39	158255.21	158261.79	157995.86	157321.51	156907.43	156448.89	156801.87	157233.48	157698.27	157213.47	156578.89	155838.99	155199.85	154640.05	153905.44	153334.89	152705.36	152424.34	152536.6	152890.86	153528.26	154315.28	155330.42	156180.83	156417.46	155906.82	155123.14	154696.14	155058.88	155914.6	157228.96	158356.53	159572.21	159977.11	160655.36	160858.15	161142.7	160770.48	160485.74	160752.91	161428.92	162136.71	162760.33	163533.8	164490.98	164974.31	165327.82	165337.97	165413.7	165364.05	165171.98	165190.7	165674.64	166756.86	167900.66	169032.29	170320.95	171554.7	172196.04	172211.91	172038.13	172175.83	172333.79	172805.75	173421.19	174726.83	176372.54	177801.34	179079.21	180133.68	181249.9	182212.84	183348.54	184491.5	185594.84	186443.12	187553.92	189329.38	191403.38	193628.62	195728.37	197694.28	199614.28	201061.87	202671.55	204151.81	205818.39	207868.5	210481.22	213736.57	216915.42	220017.77	223647.83	227961.65	232645.24	237416.94	242605.94	248229.9	252946.01	256487.99	259540.7	263074.18	267060.72	270656.41	274631.52	279001.79	284007.76	288401.37	291663.81	293482.48	293930.73	293417.0	291937.94	290155.05	288463.76	287577.73	287266.44	287561.56	288434.39	289824.75	291155.12	291849.48	291813.61	291170.33	290530.22	290300.37	290180.97	289760.85	289356.68	290131.18	291484.5	292441.73	291983.66	290824.66	289551.81	288850.47	288522.14	287978.64	287495.14	287309.39	287254.62	286718.66	285963.27	285410.8	285001.21	284712.81	284786.76	285370.88	286150.97	286659.68	286989.67	287392.04	288195.58	288821.07	288804.2	288489.88	288307.05	288414.58	288880.63
83607	284371.22																																																																			139767.09	140870.63	141667.02	143753.35	145790.48	146257.23	145924.85	145269.85	146565.47	148452.21	150829.42	153264.33	156100.06	158951.54	161954.05	165053.41	168269.27	171325.74	173965.04	175769.14	177182.05	178002.89	179120.09	179911.47	180730.49	181306.32	181602.81	181684.29	181733.29	181931.44	182491.49	182845.65	182864.13	181937.54	180325.23	178070.49	175419.38	172449.72	169720.75	167227.65	164916.93	162473.58	160386.57	158247.02	155917.42	152542.61	148955.72	146168.89	143507.44	140599.14	137358.54	135214.48	133801.07	132546.89	130896.42	129190.18	128298.44	128188.27	128484.78	127380.66	125412.25	123060.29	120877.7	118162.18	115728.2	113458.21	112178.99	110618.66	109050.44	106960.87	104909.96	103485.65	103193.23	103431.57	103877.36	104381.75	104924.72	105806.38	106764.83	108066.61	109157.7	110225.58	111681.54	113249.31	114846.03	116664.02	119103.63	121713.74	124283.6	126682.25	128906.23	130783.48	132452.35	134531.86	137483.3	140809.25	143781.37	146216.29	148133.42	150160.87	151981.35	153509.71	154294.11	154670.35	155139.87	155896.35	156945.59	157716.61	158416.12	158877.68	159279.28	159322.16	159340.75	159489.31	160117.95	160967.44	162214.27	163601.26	165312.87	166896.01	168443.72	169834.37	171356.8	172881.27	174164.01	175380.71	176770.09	178196.95	179749.31	181680.23	184123.83	186400.27	188076.73	189420.12	190930.06	192473.31	193970.77	195449.33	197053.77	198905.58	200758.82	202703.9	204423.79	206307.43	208073.04	209786.42	211529.15	213448.32	215531.19	217513.41	219673.77	222026.45	225040.74	227974.54	231037.59	233839.36	236917.78	240085.57	243554.23	247124.07	250954.3	254513.89	257705.86	260510.89	263533.1	266611.26	269519.19	271925.79	273996.38	276040.95	277801.61	279987.28	282697.35	286111.46	289763.58	293636.63	298067.18	302716.26	306617.31	309719.44	312830.94	316901.04	322478.48	329639.98	338870.55	349953.41	362175.12	376204.48	392390.76	410087.43	427372.8	442135.46	453333.94	461102.03	465781.7	468729.55	470641.47	472579.53	475952.53	481382.4	488313.91	495874.06	502234.22	506614.16	506277.64	501502.99	492876.21	483737.32	474444.58	465554.19	457351.44	450529.2	445208.09	441666.1	439302.27	439042.33	439442.06	441031.42	442214.62	444447.36	445603.34	445998.13	445154.67	445323.54	446977.01	448798.12	449818.04	449739.87	449781.99	450195.06	450972.27	451502.74	451845.62	452413.53	453119.87	453652.93	453156.37	451681.46	449562.42	447374.71	445826.47	444987.31	445447.31	446546.68	448376.57	450647.46	453133.68	454663.39	454377.81	452949.48	451455.1	451061.85	451749.44	453309.01
77417	284371.22	86091.23	85905.42	85720.78	85617.21	85431.88	84376.26	83011.28	82434.37	82554.11	83434.91	83727.66	84887.9	84994.06	85230.25	85888.69	87452.39	89116.88	89984.49	90804.26	91324.88	92067.89	92079.79	91805.73	91110.01	90896.01	90256.12	89161.54	87911.97	87561.03	87460.11	87200.98	87229.27	87623.38	88317.5	89004.65	89806.53	91147.05	92849.29	94489.06	96241.33	98060.28	100563.51	102467.23	104095.14	104480.85	104491.41	103525.4	103991.43	104830.2	106523.65	108531.53	108605.57	108798.2	107822.43	108232.56	106287.54	103447.38	101764.07	102583.33	103815.08	102270.96	99448.4	96526.84	95285.67	94707.14	94959.48	95517.28	96912.74	97468.38	98254.8	98286.67	98824.1	99941.16	101255.51	101800.69	102308.99	102910.74	104279.59	105046.33	107544.81	110197.97	112882.91	113339.52	114182.38	114976.79	116505.94	119634.05	124136.38	127588.4	128930.25	128762.88	128713.83	127551.95	124657.65	122767.35	121780.66	121582.27	119691.83	116264.61	112405.65	109003.09	106704.29	105023.26	103109.5	102452.61	102132.68	102842.27	102707.73	103051.78	103345.27	103543.76	103307.06	103008.77	103248.55	104537.35	106345.86	108379.17	110733.29	112981.88	114464.06	114686.29	114763.98	115223.86	115950.54	115791.36	115559.77	115171.81	115647.69	116056.79	117476.37	119227.35	121253.24	121160.25	120578.92	119509.34	120098.06	120850.61	121388.89	121526.52	122487.84	123045.08	121827.86	118428.43	115971.67	116129.01	117693.73	118688.54	119027.61	118986.64	119727.25	121013.47	121919.51	122336.27	121185.11	119931.86	118432.41	118122.48	118633.75	119329.15	120175.03	120775.71	121935.44	123230.5	124134.3	124529.64	123725.07	123178.82	122350.39	122972.59	124638.61	126908.46	128583.16	130137.39	131962.26	134329.65	135686.37	136988.43	137570.61	138106.5	138351.8	139365.57	141858.02	144756.06	147530.19	150167.99	152304.93	155137.01	157251.79	160653.95	162991.6	165276.07	166420.31	167514.3	167093.11	164846.89	162823.81	162033.61	163565.49	164791.96	166271.16	166917.31	167753.38	167832.76	168264.24	169908.87	173088.95	176476.08	179673.1	181405.28	182850.86	183663.88	184781.09	186469.23	187694.7	189177.63	190102.93	190623.66	190455.37	190962.76	191980.79	193801.25	195786.92	197918.11	199544.18	201972.87	204756.8	208635.28	210751.68	212317.28	212516.74	213013.71	213699.8	215411.65	217309.25	218584.04	218978.68	219266.69	220201.35	221200.45	222122.96	222789.96	224770.62	227795.92	230953.13	232363.09	232219.68	232068.28	232231.65	233702.29	235399.42	237725.25	239469.33	241433.83	244463.72	248131.94	253147.42	258475.57	263561.92	266066.05	265986.53	265103.54	265271.68	267430.89	270020.97	274265.02	278730.32	284731.52	289478.95	293305.73	295925.36	296554.72	296021.79	294328.73	293497.15	292880.4	291058.28	288323.5	286484.65	286803.5	288894.99	291095.13	293220.98	294714.1	295508.1	295021.81	293809.41	291731.37	289137.72	287477.24	287302.75	288211.92	288659.04	289118.24	289913.73	291423.55	292218.85	292653.99	291812.59	290856.37	289903.82	289630.56	289693.25	289476.75	288368.33	286685.18	284756.94	283488.81	282795.21	282899.95	282936.92	283651.68	284346.29	285896.07	287164.25	288000.89	287116.57	285019.42	282509.52	281112.96	280735.22
78640	284371.22																																																																																					160942.84	160953.17	160917.95	161168.41	161741.69	162414.24	163091.76	163653.34	164335.74	164993.84	165502.05	166186.19	166630.35	166708.43	166355.19	166179.44	166268.18	166333.13	166032.14	165872.51	165947.14	166056.09	165890.58	165385.47	165360.88	165606.17	166178.34	166464.26	166480.04	166224.46	166142.63	166016.26	165981.18	165687.28	165350.0	165027.14	164302.94	163846.77	163692.4	163981.11	164138.02	163842.84	163496.26	163101.82	162728.36	162196.81	161618.04	160805.12	159656.63	158628.6	158046.15	157747.84	157501.42	157077.81	156685.56	156007.2	155338.25	154757.2	154194.13	153419.51	152429.91	151785.83	151602.08	151982.59	152604.98	153286.72	154000.36	154768.9	155460.97	155987.31	156401.62	156759.45	157270.23	157566.62	157978.0	158473.2	159251.09	160203.15	160950.19	161811.53	162599.42	163602.69	164595.54	165818.17	167329.84	168764.33	170050.77	171191.0	172773.65	174561.4	176368.24	177938.75	179386.83	180711.89	182185.29	183664.25	185453.46	187054.95	188585.0	189833.53	191208.81	192744.06	194282.21	195922.79	197439.43	199089.92	200642.45	202364.86	203967.17	205403.01	206519.03	207747.37	209101.7	210721.81	212257.1	213588.04	214703.26	215792.29	217078.69	218539.34	220068.6	221212.73	222150.0	222996.75	223744.71	224355.16	224685.04	225348.08	226127.45	227016.46	227824.97	228760.09	229715.89	230424.42	231100.44	231625.75	232327.44	232921.3	233600.99	233997.2	234117.1	234062.81	234114.44	234540.11	235503.89	236583.18	237614.22	237994.61	238236.48	238242.78	238210.83	238195.31	238318.26	238790.43	239561.87	240581.44	241707.18	242698.21	243480.18	243963.94	244075.03	244482.8	245553.81	247492.43	250122.2	253416.38	257406.69	261713.55	266050.67	271185.22	278357.18	289072.88	303158.67	319065.76	333213.69	343840.34	350623.54	355932.41	360860.49	366383.92	373949.26	383367.11	394697.73	405902.97	415410.17	421714.44	422281.93	418189.84	410550.45	402413.91	394723.39	387307.49	380846.88	375233.88	371171.05	368129.29	366850.96	366571.83	366189.42	364655.72	362272.69	359904.72	357732.41	355371.37	353252.68	351480.46	350096.91	348935.06	347049.41	344963.78	342599.75	340682.63	339079.28	337542.73	335863.47	333873.25	331702.68	329597.98	327238.59	324532.0	321583.31	318715.36	316258.46	314233.41	312707.71	310902.59	309026.95	307247.85	305734.04	304218.14	301801.13	299536.86	297382.62	295664.94	294328.64	293401.0
76502	284371.22																																																																																																										168935.64	168188.8	167633.46	166268.25	165095.46	164166.68	163769.33	163605.26	163294.77	162555.04	161842.85	161565.23	161774.7	161920.88	161752.37	161605.89	161659.03	161848.79	161907.25	161961.7	161885.25	161980.43	162176.44	162572.97	162927.21	162898.14	162687.18	162260.22	161903.78	161606.41	161329.61	161285.39	160972.38	160808.43	160633.42	161021.1	161060.02	160579.77	159444.66	159053.42	159127.48	159260.81	158744.49	158091.95	157756.56	157740.58	157770.21	157688.64	157753.67	157905.35	158131.55	158244.25	158252.77	158244.83	158105.62	158255.46	158435.37	158511.13	158523.1	158613.27	158986.96	159155.61	159427.44	159624.07	160067.13	160319.52	160481.48	160397.79	160511.77	160768.01	161113.97	161235.01	161352.59	161805.08	162504.15	163051.41	163447.7	163589.37	163810.1	164036.04	164545.24	165198.42	165963.74	166571.28	167122.33	167573.74	168231.87	168864.01	169360.08	169547.52	169935.69	170403.91	171003.99	171412.98	171796.37	172131.73	172437.07	172808.73	173328.25	173762.79	174049.45	174208.19	174471.13	174733.98	175124.78	175528.63	176004.61	176395.98	177013.15	177811.95	178708.21	179578.98	180273.93	181313.93	182329.03	183386.64	184134.98	185011.8	185938.34	186923.1	187680.56	188748.11	189784.15	190580.83	191053.82	191483.37	192048.29	192501.1	192988.05	193479.6	194063.59	194591.48	195309.7	196010.63	196824.47	197667.68	198791.55	200038.97	201070.54	201745.23	202319.97	203454.92	205054.5	207107.53	209249.48	211711.91	214218.86	216996.77	219804.05	222999.1	226526.01	231002.49	236001.6	241644.19	247141.21	252691.73	257885.63	263181.5	268495.94	274272.27	280370.25	286954.98	294128.1	301606.07	308741.23	313663.2	315735.78	315266.62	313864.37	311955.09	309639.82	307063.79	304659.83	302573.89	301024.6	299837.67	299121.69	297906.47	296553.6	294939.92	293561.64	292174.35	290908.5	290315.84	290442.52	291005.12	291504.14	291577.08	291223.99	290452.27	289850.01	289330.16	288725.57	287797.99	286838.22	286153.86	285646.85	285066.83	284436.95	283720.68	283084.84	282314.73	281638.59	280961.53	280545.08	280398.89	280516.1	280481.5	280410.5	279924.3	279041.19	277468.16	275811.73	274524.54	273652.94
32571	282316.0	109714.73	109895.05	110269.9	110913.4	111668.07	112285.41	112759.57	112972.29	112865.87	112750.64	112785.39	113063.88	113288.71	113541.12	113095.2	112586.94	111955.87	111891.36	112001.16	112206.47	112490.75	112687.13	112830.56	113030.25	113291.8	113615.67	114104.69	114749.45	115392.82	116013.53	116547.5	117006.84	117191.89	117518.03	117918.3	118581.74	118872.49	119149.64	119566.41	120206.96	120870.95	121269.95	121731.46	122349.66	123097.12	124029.46	124957.58	125950.1	126763.97	127481.7	128548.14	129628.36	130898.5	132210.28	134080.02	136242.14	138552.45	140733.24	142548.97	144127.88	145525.41	147251.16	148899.13	151279.2	154438.37	158725.01	163592.5	168274.25	171947.35	175074.71	178567.9	182347.56	184638.32	185998.14	187698.2	190428.37	192663.03	193923.79	194288.16	193883.45	193416.84	192921.92	192342.07	191285.93	190065.24	189249.43	188434.35	187821.24	187276.43	186173.74	184672.36	182991.17	181515.24	180024.19	178272.46	176508.57	174042.81	172391.36	171011.09	170247.71	168680.7	166798.19	165196.94	163566.82	162879.72	161752.87	160827.14	159589.76	159432.51	158738.6	156920.48	154515.6	153758.03	154122.84	154283.27	153602.6	152685.74	152400.17	152234.67	151719.64	150629.75	150155.39	150779.81	151560.2	151702.96	151055.85	150414.66	149905.79	149456.18	148707.38	147420.24	146341.3	146080.44	145795.11	144999.85	143630.95	142163.13	140788.72	139631.27	139053.29	138630.1	137537.16	136631.97	136257.3	136417.4	136167.57	135589.77	135369.1	135651.63	136255.26	137052.64	137936.05	138680.08	139568.48	140273.55	141284.58	142088.01	143010.04	144266.78	145643.16	147266.89	148715.25	149993.28	151131.51	151819.64	152649.98	153342.47	154401.21	155590.74	157002.41	158373.94	159432.42	160428.17	161429.25	162494.15	163522.44	164253.95	164842.49	165342.57	165855.59	166559.91	167186.9	168010.73	168726.69	169479.29	170225.29	171149.76	172093.87	172598.69	172791.13	172730.17	172721.27	172877.2	173182.44	173558.24	173865.59	174182.12	174515.68	174731.15	175023.65	175427.97	176208.51	176984.46	177655.18	178066.96	178572.23	179573.91	180941.14	182270.69	183484.7	184458.5	185558.57	186560.7	187900.51	189401.85	191050.68	192537.39	193800.92	194983.44	196022.1	196987.44	197825.3	198838.67	199724.55	200601.82	201293.16	202084.45	202996.39	203707.58	204416.36	204966.47	205655.37	206479.33	207421.3	208313.9	209107.02	210037.28	211349.03	212936.12	214494.9	216358.43	218219.79	220057.83	221344.13	222305.67	223288.74	224627.81	226588.71	229358.92	232631.71	236528.28	240397.78	244656.86	248628.1	252559.36	256534.68	261461.72	267424.71	273342.44	278362.03	282264.56	285624.15	289152.64	293070.74	298308.45	304229.78	311051.76	317853.71	324131.62	329367.04	332402.44	333512.44	332692.68	331700.24	330856.32	330201.46	329164.76	328569.53	328310.29	328562.83	328862.0	329592.46	330396.6	331217.75	331581.24	331826.35	331920.72	332092.19	332464.42	333229.32	334328.76	335243.32	335411.96	334928.67	334067.09	333274.38	332480.26	331766.35	331110.81	330677.19	330579.3	330472.62	330015.38	329426.72	328736.88	327969.97	326954.82	326003.54	325510.76	325531.41	325904.21	326418.34	326797.36	327251.17	327642.83	327999.05	328072.19	328047.92	328079.91	328183.13
35601	276474.57																																																																																72609.15	72699.61	72768.07	72739.42	72322.89	71795.29	71227.87	71000.27	70883.02	70456.75	70245.63	70173.92	71208.6	72737.19	75251.33	77004.78	77687.08	76987.59	76279.9	76053.74	75999.79	76210.35	76465.15	76903.93	77285.18	77525.73	77459.87	77331.38	77059.63	77017.34	76884.68	76995.58	76962.38	77105.86	77152.84	77207.51	76999.7	76535.94	75900.15	75315.77	74742.91	74281.29	73892.5	73724.27	73596.05	73582.35	73587.23	73661.93	73522.3	73306.77	72932.03	72596.62	72127.37	71793.7	71414.27	71482.67	71551.95	71898.12	72059.38	72357.07	72521.68	72562.9	72452.45	72336.85	72120.54	72010.0	71870.02	72533.18	73663.06	75713.75	78124.14	81489.7	85028.28	88544.5	91155.79	93380.12	94812.17	95883.69	96248.18	96716.52	97131.17	98438.37	100099.85	101867.6	102893.5	103014.0	102546.6	101686.06	100903.67	100121.76	99484.71	98853.15	98602.58	98240.73	98252.75	98421.94	98767.13	98493.96	97834.55	97283.76	96951.05	96282.33	95535.65	95311.0	95796.14	96497.39	96988.25	97328.86	97749.14	97829.76	97790.23	97613.23	97996.65	98657.19	99449.9	99586.03	99505.8	99187.61	99138.56	99115.43	99145.4	99499.7	100157.77	100921.15	101551.11	102096.57	102651.16	102936.33	103121.1	103175.61	103271.86	103332.22	103632.67	104169.51	104705.1	105064.13	105300.27	105675.54	106169.08	106732.94	107058.85	107099.82	107017.87	107290.2	107487.84	107973.49	108333.5	109180.06	110154.76	111619.65	113386.54	115464.06	117060.32	118343.04	119110.4	119788.69	120342.28	120816.78	121332.61	122012.32	123048.12	124245.86	125857.81	127749.14	130043.4	131504.37	132430.27	133141.71	134197.31	135808.54	137686.76	140102.04	142255.23	144261.23	146116.9	148109.58	150592.34	153103.66	155669.21	158136.14	160717.16	162801.49	164436.75	166018.91	167846.52	169251.22	169922.86	170285.94	170977.65	172518.02	174194.4	174529.51	173965.93	173048.7	172914.52	172560.94	172333.91	172269.42	172554.85	173432.52	174646.69	176217.76	177476.92	178341.16	178547.24	178374.38	177853.63	177522.68	177354.61	177129.24	176811.08	177066.67	178377.31	180087.86	181051.25	181518.81	181600.67	181520.15	181043.94	180592.23	180894.31	181109.24	181066.01	180259.0	179606.77	179561.18	179575.43	179662.86	178946.63	178323.54	178128.61	178825.69	179686.87	179973.76	179724.84	179002.44	178087.35	176864.95	175908.77	175016.43	174839.61
35640	276474.57																																																																																96479.06	97212.02	98148.26	100309.86	101810.59	102546.43	102445.12	103076.14	103264.07	102687.83	102842.03	103566.45	104894.76	104275.22	102756.67	101215.89	100199.89	100317.51	100690.71	101195.63	101337.13	101257.48	101110.04	100805.2	100439.57	100261.04	100400.33	100634.29	100682.46	100324.76	99824.41	99372.0	99215.67	99141.3	99003.27	98540.69	97742.87	96798.61	96198.75	95936.18	95623.19	95269.54	94777.41	94530.96	94272.38	94263.65	94157.58	93853.78	93335.33	93206.36	93319.59	93423.68	93176.66	92846.45	92451.1	91483.57	90400.88	89493.7	89175.06	88901.5	88667.31	88651.35	88924.31	89132.61	89176.99	89022.01	88925.97	89765.47	91459.13	94317.14	97741.66	101890.72	105763.67	109755.01	113793.76	117633.44	120277.84	121676.42	122675.36	124142.24	125726.2	127701.4	129142.64	130215.7	131037.49	132040.87	133382.97	134258.29	134613.91	134492.46	134511.01	134617.11	135119.24	135555.18	136180.52	136481.81	136677.11	136597.86	136508.15	136361.09	136201.6	135837.16	135736.77	136252.4	137267.07	138570.51	139218.7	139472.47	139540.83	139743.39	140615.54	141108.09	141742.39	141812.87	142060.61	141650.5	141427.91	141225.15	141405.14	141383.9	141465.04	141835.69	142417.75	143130.78	143896.2	144927.13	145924.34	146609.74	147116.65	147290.99	147346.52	147378.64	147718.25	148289.47	148759.85	149289.93	149873.19	150588.6	151004.15	151626.85	151968.81	152312.44	152392.61	152763.97	153224.14	153959.97	154369.02	154936.64	155359.56	156657.88	158482.11	160768.54	162566.42	163507.01	163914.51	164104.81	164563.14	164831.91	165188.58	165825.92	167014.22	168390.34	169899.2	171486.65	173323.24	174800.51	175790.12	176479.39	177063.26	178242.99	179876.54	182364.36	184955.48	187578.21	190066.59	192514.9	195445.57	198092.33	200618.73	202932.88	205468.38	207735.18	209514.38	211594.66	214026.52	216528.59	218345.44	219945.98	222174.23	225026.4	228164.14	229618.51	230017.51	229242.35	227981.69	226464.35	225496.77	225412.41	225418.97	226061.82	227546.9	229862.9	232104.69	233555.53	234558.11	235332.4	236376.05	237229.56	237440.85	236907.24	236731.98	237443.48	239009.28	240458.48	241245.06	241697.91	241953.59	242004.13	242060.94	242096.42	243124.4	244066.39	244854.39	244600.47	244363.0	244527.35	244778.88	244815.13	244322.04	243870.42	243766.23	244065.51	244619.9	245064.0	245951.46	246968.38	247805.56	248019.15	248156.08	248315.46	248823.52
35670	276474.57																																																																																78976.68	80342.67	81870.73	84309.62	84566.31	82678.72	79833.41	78373.38	79158.89	81357.8	85382.75	88954.83	90659.05	90951.57	91247.78	92329.56	94062.04	95004.08	96434.34	96895.41	96834.33	96309.67	94750.85	93984.62	93486.87	94001.32	93883.55	93606.35	92489.91	91470.08	91089.79	91624.58	92268.43	92056.38	91460.65	90616.63	89764.31	88336.89	86406.82	84820.43	82858.53	81801.6	80783.78	81254.84	81893.7	82264.95	81721.03	81560.64	81467.82	81408.65	80403.03	79274.55	78846.57	79027.23	79694.33	80217.64	80884.09	80819.12	80696.45	80761.13	81522.19	81779.29	81416.85	80735.38	80559.59	82375.33	85092.81	88659.56	91106.15	93309.57	96288.59	100256.46	104578.21	108252.64	110936.52	113951.53	116373.59	118510.08	120228.65	122172.54	124639.7	126895.0	128959.84	130671.88	132396.06	133276.18	133375.98	132773.13	132654.19	132875.29	133910.41	135147.75	136848.43	137561.01	138187.56	138404.67	139083.88	138647.34	137203.29	135841.47	135815.33	136603.89	137522.56	138620.29	140088.89	140998.46	141618.31	141762.87	142534.99	142775.19	143472.12	143959.92	144876.14	145816.46	146810.2	147166.16	147553.3	147502.22	147943.26	147921.42	148336.26	148763.55	149354.16	149925.68	150857.68	151793.45	152532.52	152785.19	153174.43	153259.88	152705.58	151920.19	151452.82	151731.3	152356.09	153303.6	154425.41	155202.88	155388.76	155427.18	155073.99	154687.82	154406.87	154782.21	155234.4	156085.68	156672.01	157745.58	158662.46	159735.39	161044.06	162325.64	163382.72	164083.51	164820.51	165890.65	167054.75	167969.52	168944.1	170186.83	171890.99	173242.06	174532.31	176233.72	178871.48	181064.4	182448.18	183648.32	185453.56	188087.33	190880.77	193944.96	196816.01	199775.46	203063.21	206238.95	209940.0	212600.03	215060.56	216938.89	218856.28	220203.69	220937.23	222111.78	223545.22	225101.8	225544.04	225802.13	226546.34	228409.0	230875.87	231242.29	230364.55	227444.65	224145.26	220519.91	218087.2	216884.56	216142.33	216607.36	218716.17	221691.39	224138.31	225092.1	225335.04	225012.95	224393.67	223610.08	222171.54	220030.95	218615.76	218985.01	221797.0	225084.66	227447.62	228727.93	229143.75	229196.68	229209.86	228834.96	229581.64	230268.37	231400.78	231155.7	230444.78	229857.42	229375.14	228721.7	227314.43	226514.38	227455.63	229974.02	232480.18	234145.42	235376.31	237164.56	237931.46	237552.25	236533.34	235307.9	235072.37
35622	276474.57					90720.48	90762.89	90724.22	91340.33	92320.17	93342.78	93832.89	93805.35	93711.27	93701.87	94390.09	95423.0	96622.35	97662.12	99053.67	100467.49	101571.74	102011.42	102421.53	102878.64	103256.19	103617.14	103775.41	104242.15	104551.62	105114.17	105847.19	106968.21	108018.96	107911.6	105471.85	103619.13	103053.61	104786.26	105717.26	106395.39	106577.25	106126.95	105290.27	104624.24	104631.55	104807.3	104620.91	103950.45	102907.63	101801.9	101011.73	100768.41	100957.06	101617.88	102257.24	103036.9	103766.79	104664.77	105340.33	105471.92	104431.57	101601.02	98645.71	96869.85	97240.17	98542.47	99562.54	100026.92	98775.36	96741.41	94299.34	92806.12	90813.77	88601.43	86603.47	85931.82	86267.01	85349.82	83546.94	81712.2	82505.46	84863.74	88341.0	89141.55	88665.12	85512.28	84487.66	84819.84	85594.7	85699.64	85293.13	85902.11	86692.79	87256.62	87810.12	89032.03	90055.57	91135.09	91076.16	90829.24	90280.35	89835.93	89625.24	89654.51	89581.94	89705.87	89498.42	89335.31	88913.79	88849.71	88955.91	88908.98	88516.77	88119.59	88048.23	87803.07	87214.82	86435.28	85870.69	85532.09	85362.01	85384.9	85349.17	84838.2	84180.64	83623.05	83570.04	83369.85	83248.19	82925.47	82687.61	82320.45	82022.65	81726.94	81382.52	80798.74	80263.8	79839.6	79785.31	79880.35	79959.56	79984.64	79714.08	79523.16	79845.91	80872.87	82268.34	83365.3	84732.9	86708.37	88994.98	90813.77	92498.19	94423.18	96649.0	98341.35	99519.94	100124.3	100270.48	99904.38	99992.33	100881.31	102310.84	103721.5	104491.72	105100.27	104776.11	104035.82	103239.07	103421.41	103968.21	104355.68	104701.67	105542.12	106472.67	106966.58	106762.25	106319.45	105789.93	105382.73	105069.05	105273.68	106035.3	107131.75	108128.22	108646.26	108851.59	109124.31	109683.8	110895.74	111888.43	112776.17	113526.31	114670.04	115576.26	116430.66	116975.35	117756.12	118249.52	118506.63	118773.43	118953.45	119111.25	119340.32	119892.1	120648.43	120933.14	121051.89	120894.47	120757.61	120694.68	121050.12	121956.15	122995.34	124012.29	125068.75	126150.55	126908.1	127458.4	127617.69	127606.01	127571.73	127879.44	128359.81	129001.18	129273.74	129836.62	130180.26	130829.69	131809.28	133625.68	135474.57	136653.91	137230.32	137671.44	138397.79	138788.0	139382.74	140500.55	142208.96	144128.13	145936.84	147918.09	149816.55	151118.86	151407.57	151506.16	152220.33	154078.22	156080.17	158374.28	160611.73	163036.19	165453.61	167809.15	170437.36	172771.31	175099.76	177224.46	179170.83	180500.56	181608.36	183120.58	184937.4	186618.83	187622.51	188165.84	188861.33	190183.38	192463.53	193530.55	193577.71	191968.62	190089.97	187827.59	186233.5	185568.04	185409.7	186161.64	188129.38	191209.16	193902.63	195650.51	196339.8	197007.49	197421.64	197347.61	196149.53	194284.21	193108.08	193603.85	195326.19	197549.85	199296.16	200821.02	201403.56	201004.24	200452.44	200229.13	201608.55	203009.78	204324.5	204236.6	203581.66	203068.5	202592.24	202376.08	201554.81	200934.46	200348.49	200637.66	201102.63	201878.39	202741.45	204114.51	204744.24	204875.43	204504.68	204147.62	203670.91
35754	276474.57																																																																																116407.15	115317.86	113818.76	110103.79	105141.05	101013.54	98545.45	97928.86	96844.25	96188.2	95449.29	95321.98	94022.75	94380.21	96319.3	98344.48	99785.27	99066.26	99052.79	97999.65	97237.42	96459.88	95323.29	94489.29	94209.46	94935.2	95967.06	96767.11	96425.74	95780.75	94978.13	95470.37	95994.73	95872.03	94332.47	91833.41	89970.98	89414.0	89017.95	88931.34	86906.71	85027.07	83034.13	82811.96	83134.71	83021.91	82594.43	82844.36	83002.82	83012.42	82419.48	81413.33	80567.13	79497.9	79210.71	79330.67	79939.66	80403.43	79813.29	79450.17	79907.87	80776.05	81944.66	82587.13	83765.73	84565.63	85365.27	86600.98	88175.79	90390.7	93625.03	97759.42	102170.31	106181.64	110132.47	113842.31	116144.72	117332.96	117683.68	118764.5	120067.46	122073.37	123610.94	124642.8	125209.6	125639.75	126217.0	126552.62	126445.88	126274.08	126420.24	127262.02	128377.86	129162.99	129633.53	129722.51	129992.05	129642.6	129015.59	128499.61	128517.53	128397.67	127924.93	127693.67	128364.48	129302.15	130482.91	131077.84	132046.7	132305.37	132932.32	133239.94	134008.51	134833.53	135694.22	135965.68	136078.48	136302.55	136958.62	137475.3	137792.41	137997.19	138132.36	138463.48	139484.22	141236.86	142648.35	143190.39	143429.41	143399.66	143164.47	142645.24	142636.3	143109.02	143757.88	144456.71	145377.41	146507.04	147328.65	147914.62	147779.79	147543.43	147300.62	147310.58	147436.69	147947.95	148259.37	149059.79	149689.97	151318.03	153505.56	156441.26	158705.57	159746.97	160147.32	160484.58	161110.61	161543.82	162089.6	163107.08	164620.99	166551.0	168453.51	170519.58	172437.19	173494.4	173051.43	172702.73	173104.33	174967.95	176826.51	179380.92	181994.29	185187.74	188493.89	191661.25	195232.72	198025.43	200740.88	202720.59	204586.43	205888.96	206696.84	207998.45	209501.95	210460.49	210285.43	210120.83	211042.44	212660.54	214833.55	215142.31	214177.99	211003.37	207636.39	204287.81	202073.3	201261.78	200750.78	201358.48	202540.37	204667.29	206603.54	207869.22	208416.39	208455.71	208134.3	208038.52	207675.69	207278.25	207530.36	209349.25	212418.99	215879.07	218385.19	220103.73	220749.14	220599.54	220608.67	220545.92	221972.59	223479.5	224990.25	225039.47	224168.0	223661.74	223293.71	223595.73	223359.61	223548.61	224503.49	226554.02	228943.26	230850.77	232340.95	233522.21	233601.06	233200.22	232614.81	231936.97	231706.88
35621	276474.57																																																																																																																																								73862.12	73634.27	73464.65	73141.65	72714.61	72100.41	71314.2	70671.83	70265.45	71737.95	73975.02	77146.95	79118.33	80894.3	82630.07	84596.04	86287.1	88007.57	89778.31	92065.01	93890.69	95449.83	96701.48	97727.89	98437.57	99100.59	99849.53	100729.09	101318.82	101726.23	102118.42	102008.25	101613.67	101521.65	102572.7	104224.47	105576.95	106564.5	107655.01	108581.3	109167.63	108812.89	107925.34	106991.14	106711.44	106607.1	106851.49	107748.12	109585.42	111441.71	112759.4	113416.37	113982.49	114290.54	114864.45	115325.96	116017.48	117336.48	119009.42	120050.42	120430.16	120382.44	120794.33	120963.51	121063.37	120935.54	120970.67	121314.21	122012.58	122936.35	123829.7	124629.88	125365.48	125924.43	125780.9	125732.42	126004.61	127002.9	127830.01	128646.91	129584.01	130478.55	130885.7	131488.97	131780.65	132105.92	131906.16	132007.55	132178.92	132204.28	132116.74	132516.51	133514.39	134158.46	134648.12	135549.76	136863.66	137846.12	138178.25	138622.01	139250.35	139564.28	139811.51	140432.8	141753.96	143697.61	146012.44	148818.45	151683.6	153896.78	155132.56	155869.92	157071.92	159101.74	161560.42	164714.6	168227.86	172036.59	175306.86	177904.62	180569.04	182805.77	185039.68	186394.02	187329.24	187342.86	187083.26	187605.54	188982.51	191025.0	192388.67	193451.25	194522.52	196269.09	198321.13	198760.46	198188.7	196101.88	193653.14	191013.16	189657.51	189759.98	189956.59	190893.54	192804.36	195473.71	197633.97	198811.72	199581.38	199887.25	199742.76	199417.05	198795.43	197826.51	197230.67	198106.95	200497.75	203296.62	205197.83	206542.14	207294.49	207287.03	207414.22	207702.72	209181.82	210265.48	211363.12	211180.45	210088.53	208676.02	207443.97	206536.65	204852.39	203520.35	203356.88	204504.0	205708.33	206514.53	207208.09	208627.58	209279.02	209864.48	210508.1	211924.61	213254.68
72734	275627.0	70417.02	69975.79	69855.92	70132.09	70765.35	71443.04	71253.86	71207.47	71833.46	73207.2	74744.75	75595.58	75980.05	76093.24	76343.75	76751.19	77398.92	77856.93	78948.99	79766.57	80265.01	79480.09	78332.59	77380.3	76784.7	76425.31	76102.48	75991.2	75488.16	74921.56	74266.12	73834.84	73686.25	73987.22	75013.3	76291.12	77493.46	78854.2	79914.27	80506.58	81074.2	81629.52	82647.29	83583.57	84886.48	85753.31	86088.44	86196.83	86384.78	86465.92	86238.35	86333.02	86679.68	87476.99	88341.56	89276.59	89730.73	90054.88	90300.82	90616.07	90262.58	89901.2	90215.82	91358.45	92607.27	93306.77	94359.95	95863.49	98170.93	100480.67	102751.83	104631.16	106072.85	107022.57	107431.34	107909.28	108603.06	109943.01	110831.22	111482.71	111550.17	111913.05	112018.02	112088.82	112271.76	112923.85	113492.17	113304.16	112645.58	112214.1	111906.08	111686.3	111697.16	112015.39	112625.3	113192.81	114081.41	114573.34	115541.88	116571.0	117707.5	117178.09	115816.6	113483.92	111310.01	109401.35	108185.36	107353.12	106407.3	105268.31	104024.2	102873.27	102067.09	101354.41	100444.51	99598.8	98979.01	98833.86	98696.42	98819.88	98834.21	98667.38	97908.74	97375.23	97555.77	98419.25	98765.08	98932.43	98331.52	97387.19	95685.58	94266.63	93447.56	93366.3	93728.41	94260.04	94336.82	93909.68	93134.65	92348.61	91794.81	91976.99	92256.29	92537.24	92420.91	92626.42	92966.98	93576.43	94280.12	95667.44	97130.03	98487.28	99425.91	99920.26	100256.65	100547.34	101116.58	101808.01	102467.73	102994.02	103524.91	104835.41	106749.29	108779.4	109925.39	110287.7	110164.88	109992.28	110092.64	110858.47	111708.55	112608.29	113005.47	113550.35	114324.98	115577.57	116692.63	117489.26	118451.8	119598.71	120709.85	121684.18	122523.32	123113.19	123096.68	123355.89	124085.3	125165.59	126217.86	127295.28	128407.17	129309.63	130333.89	131376.86	132330.66	133080.61	133756.5	134543.72	135196.48	136493.79	137930.82	139637.25	141150.2	142637.76	144080.94	144813.96	145295.26	145660.86	146212.69	146697.69	147398.43	148050.04	148969.99	149761.13	150922.06	151807.25	152682.22	153600.61	155229.87	156590.93	157623.45	157722.49	157880.49	157978.22	158277.48	158629.02	159293.09	160622.96	162324.72	164064.64	165407.91	166402.39	167227.26	168486.87	169734.57	170980.62	171720.44	172533.56	173809.65	175281.56	176903.12	178323.52	179861.5	181457.53	182672.15	183606.64	185050.61	187316.62	190478.01	193890.72	197324.63	200590.55	203609.1	206701.6	210145.78	213734.92	217675.24	221790.26	225685.65	229222.3	231936.91	234639.91	237526.79	241173.95	245932.29	251625.0	257580.6	263461.65	268648.38	273237.07	276243.31	277544.94	277243.61	276892.72	276696.04	276319.02	275967.38	275986.71	277195.6	278881.93	281058.6	283538.83	285894.82	287592.44	288773.82	289286.63	289296.28	288575.4	288181.11	288726.2	289892.14	290735.8	290638.47	290519.17	290655.89	291365.87	291860.83	292186.76	293056.85	294776.97	297018.76	298822.24	299335.92	299110.41	298314.83	297882.07	297860.68	298355.1	299681.01	301115.23	302863.72	304549.0	306434.54	307957.75	308479.46	307840.26	306886.32	306353.23	306474.59	306968.11
72751	272723.0	91132.4	91634.48	92291.93	93557.34	94539.34	94987.08	95323.42	95692.94	96433.98	97111.08	98207.55	99356.66	100561.74	100959.13	100972.43	100720.89	101625.53	102666.0	103971.6	104627.13	105143.78	105326.4	105237.99	104965.88	104605.75	104028.96	103424.62	102623.63	101919.65	101158.06	100919.52	101202.87	101755.58	102313.56	102783.03	103640.25	104025.53	104202.01	104005.05	104294.88	104776.15	105768.48	106640.78	107252.65	107883.75	108567.87	109442.46	110045.57	110607.66	111372.51	112203.2	113576.33	115016.63	116374.7	117632.06	118985.79	120598.76	122023.52	123171.78	124387.31	125546.78	127334.45	129266.34	131657.71	134009.41	136147.59	137780.49	139241.88	141087.2	143323.19	145335.37	146791.56	147638.23	147827.35	147545.03	147166.09	147488.86	148179.78	149447.65	150380.34	151041.39	151131.49	150857.42	150591.17	150301.66	150158.71	149714.39	148646.63	147688.78	147012.1	146909.21	146947.88	146842.12	146765.39	146636.62	146573.37	146297.28	145833.86	145728.62	145788.35	145389.43	144627.86	143588.93	142660.96	141349.15	140278.32	139336.81	138225.7	136841.96	135582.22	134606.33	133748.44	132775.89	131773.44	130482.24	129199.33	128449.28	128261.14	128311.43	128188.8	128174.56	128201.5	127831.68	127293.88	126574.05	125933.82	125192.38	124257.95	122895.1	120366.73	117301.19	114357.85	112214.75	111122.76	110874.34	110748.91	109938.56	108548.73	107125.92	105872.95	105153.15	105332.09	105715.66	106270.03	106633.07	107261.89	107810.26	108464.68	109399.0	110701.18	112214.88	113900.69	115149.92	116122.42	116633.85	117270.22	117907.15	118496.35	119144.85	119980.18	121167.07	122572.23	123834.17	125018.14	125795.08	126627.15	127112.38	127792.4	128432.68	129406.68	130271.15	131283.8	132346.14	133257.33	133929.55	134621.21	135408.98	136231.25	137069.42	138047.26	138638.46	139003.98	139193.32	139506.0	139821.74	140396.41	141317.1	142345.95	143210.61	144008.6	145001.51	146125.86	147296.45	148331.84	149201.68	150448.48	151679.98	152986.55	153838.04	154932.51	156252.09	157892.8	159571.69	161448.73	163067.69	164262.94	165275.32	166298.97	167462.88	168473.19	169627.86	170772.02	171872.36	172980.64	174258.51	175542.07	176610.63	177415.24	178424.88	179326.18	180100.07	180446.63	180924.46	181430.34	182052.94	182688.17	183703.97	185089.91	186522.08	187728.35	188646.15	189372.32	189927.15	190397.06	190896.83	191614.92	192416.71	193256.78	194315.19	195413.67	196806.18	198205.68	199730.16	201068.96	201982.28	203043.15	204376.41	206414.8	209343.62	212936.01	216925.78	220347.2	223362.71	226275.27	229731.01	233629.5	237920.71	242570.65	247764.58	253126.26	258137.99	262867.17	267518.66	272400.19	277522.11	283147.98	289308.85	296208.33	303087.68	309321.34	313194.07	314475.99	313712.63	313340.53	313637.59	313954.7	313823.2	313766.29	314691.8	316135.1	318124.82	320329.62	322459.21	324138.05	325480.98	326328.62	326840.25	326759.87	326938.71	327514.64	328690.66	329553.3	329797.62	329377.98	328961.81	329304.99	330347.84	331748.97	333388.07	335426.0	337564.52	339040.08	339430.48	339548.68	339507.82	339525.73	339393.66	339380.04	340218.23	341618.34	343637.11	345645.23	347413.73	348723.67	349206.61	348915.62	348386.02	347932.49	347492.31	346911.18
30461	269367.0																																																																																																												172034.58	171503.3	171028.73	170031.12	168987.1	167875.85	166744.03	165723.95	164709.5	163723.53	162593.82	161288.15	159989.1	158803.32	157873.18	157001.11	156277.48	155696.99	155259.8	154983.19	154692.37	154250.13	153732.65	152865.58	152045.34	150891.26	149849.86	148538.1	147203.33	145957.37	145020.53	144419.45	143968.26	143571.02	143139.83	142724.84	142280.71	141594.91	141007.35	140615.86	140867.32	141621.17	142863.09	144072.34	144743.26	145107.04	145367.55	145664.22	145779.1	145761.42	145980.46	146465.09	147410.88	148461.12	149565.63	150370.93	151130.38	151759.93	152497.86	152752.46	153024.74	153195.0	153652.99	154005.89	154215.54	154593.81	155040.33	155758.21	156482.39	157328.38	157835.88	158186.27	158331.69	158261.81	158414.51	158639.02	159246.81	159606.42	159774.24	159944.88	160210.73	160731.99	161228.05	161385.04	161375.13	161377.02	161523.51	161525.99	161538.01	161768.83	162146.01	162709.02	163350.42	164107.62	164825.48	165324.55	165746.77	166082.49	166437.37	166763.76	167159.23	167416.55	167668.79	167829.63	168204.07	168657.58	169271.96	169961.21	170887.07	171788.51	172714.06	173608.89	174329.02	174866.58	175043.34	175233.14	175597.81	176284.11	176901.96	177528.59	178238.3	179307.85	180435.05	181467.41	182117.39	182581.91	182925.0	183257.39	183668.01	183928.53	184576.29	185473.73	186592.3	187540.18	188484.47	189664.55	190980.55	191716.31	192174.93	192874.32	194596.92	197149.43	199938.73	202680.97	204915.18	206794.38	208571.72	210321.8	212376.56	214935.74	218406.72	221768.69	224470.05	226619.97	229142.54	232323.54	235781.36	240692.6	246550.01	252139.6	256392.92	259371.5	262548.06	265237.04	267205.13	268199.03	268952.21	269755.26	270556.16	271034.65	271198.59	272196.47	274261.59	277500.92	280815.55	283922.48	286686.27	289402.6	291749.03	294048.04	295676.57	297213.65	298651.03	300778.58	303328.12	306089.06	308512.32	310286.69	311788.1	312866.43	313875.6	314671.26	315769.07	316957.07	318075.13	318239.64	317904.03	317540.31	317458.32	317630.27	317730.88	318166.14	318405.3	318520.34	318354.18	318212.39	317934.32	317710.99	317155.0	316194.55	315153.77	314274.62	313363.36
76134	268549.12	74869.53	74880.99	74892.82	74892.5	74889.27	74954.25	75078.02	75427.49	75797.78	76309.99	76744.53	77155.56	77300.92	77252.49	76938.19	76698.56	76552.15	76620.23	76696.96	76799.01	76847.74	76805.55	76687.92	76570.23	76547.64	76567.57	76747.94	77003.87	77481.0	78088.19	78650.83	79026.99	79287.96	79671.03	80131.01	80558.99	80898.35	81121.32	81291.68	81544.29	81770.22	82070.16	82360.67	82805.64	83291.16	83706.96	83926.56	83871.51	83971.01	84398.26	85560.39	86769.57	87693.71	88087.29	88243.35	88492.12	88852.41	89204.08	89455.02	89786.03	90354.6	90948.7	91196.59	91542.66	91894.92	92355.7	92575.79	92905.37	93281.23	93300.21	93224.39	92955.52	92956.13	93023.16	93145.81	93224.5	93577.06	94083.26	94719.14	95070.67	95381.02	95972.81	96496.7	97074.11	97075.74	96907.76	96580.26	96522.25	96680.74	96925.09	97095.38	97128.19	97156.63	97191.94	97041.57	96788.89	95854.02	94899.88	93820.28	93219.0	92569.35	92076.68	91779.98	91564.41	91028.4	90353.84	89875.88	89429.02	88926.58	88286.8	88040.85	87971.28	88089.42	87930.14	87804.44	87606.75	87497.22	87279.94	87148.55	87175.14	87163.52	87229.96	87323.48	87620.48	87751.57	87772.41	87513.67	87090.28	86472.06	85773.23	85269.84	84755.86	84305.29	83394.76	82708.04	81806.77	81167.02	80273.88	79485.49	78742.46	78280.75	78110.23	78129.23	78196.16	78156.2	78230.47	78334.89	78682.69	79095.73	79720.49	80468.11	81112.23	81568.53	82023.23	82295.82	82449.95	82396.62	82483.81	82774.5	83332.48	84218.42	85233.28	86150.38	86855.43	87399.87	88081.13	88752.82	89390.12	90079.36	90913.51	91887.6	92732.12	93361.22	93847.95	94286.73	94763.09	95319.76	95906.86	96682.36	97509.79	98504.19	99685.08	100876.38	101915.43	102821.84	103779.95	104993.27	106180.14	107370.49	108421.16	109395.59	110590.69	111957.24	113644.35	114986.57	116241.32	117309.23	118446.76	119522.85	120774.54	122253.33	123905.05	125498.12	127174.87	128875.27	130562.05	131998.74	133348.23	134695.58	136134.45	137636.18	139103.48	140756.69	142455.4	144432.45	146408.39	148426.59	150489.93	152334.69	153675.4	154531.07	155219.95	156217.89	157335.98	158601.59	159700.65	160769.33	161817.6	163127.83	164533.83	165735.2	166614.55	167221.08	168063.36	168919.1	169967.12	170981.0	172023.2	173090.43	174031.5	175145.38	176206.91	177240.03	177841.88	177954.82	178126.79	178959.05	180464.55	182605.81	184884.19	187746.77	190580.15	193522.19	196354.56	199703.84	203322.73	207595.63	211957.61	215538.15	217718.92	219108.68	220986.55	223945.29	227419.1	232764.53	239187.95	246459.54	252893.91	258294.71	262766.34	265798.04	267116.45	267097.66	266351.6	265405.57	264016.15	261892.93	259927.85	258359.59	257825.57	257820.7	258509.18	259402.46	260486.86	261193.79	261749.26	261571.02	261277.35	261058.07	261054.28	261142.59	261294.11	261354.01	261410.96	261497.57	261567.58	261343.35	260445.14	259560.27	258941.71	258400.51	257531.71	256141.97	254743.81	253423.33	252160.59	250923.4	249897.3	249281.68	248924.48	248964.09	249023.86	249290.98	249426.04	249668.42	249672.58	249452.9	248872.09	248138.13	247531.16
33853	263087.0	66503.75	66643.6	66819.99	67017.84	67316.64	67594.9	67885.05	67999.23	68030.8	68071.85	68027.56	68001.67	68060.55	68199.89	68503.58	69001.13	69464.56	69633.6	69599.62	69677.64	70085.64	70552.14	71113.56	71583.44	72034.11	72519.86	72714.25	72732.61	72474.37	72461.1	72829.07	73356.62	73898.34	74259.63	74533.57	74821.37	74893.5	74944.14	74843.06	74886.81	75070.27	75477.57	75742.8	75926.36	75874.82	75899.63	75932.9	76113.43	76534.6	77057.09	77497.53	78060.49	78540.5	79410.98	80312.9	81487.61	82942.01	84278.27	85738.9	86955.16	88087.1	89142.13	90367.82	91820.42	93403.5	95213.57	97194.17	99228.2	101251.75	103500.45	105838.53	107638.4	109063.68	110270.95	112060.67	115690.18	120233.8	125260.19	128525.34	130663.68	130931.39	129931.29	128794.03	128219.08	128492.76	128882.12	128718.58	128445.89	127883.14	127165.05	126178.5	124952.71	124352.42	123201.75	121650.82	120394.54	120064.55	120175.95	119840.96	118981.42	117874.61	116137.38	114459.48	112421.01	110654.65	108755.52	107214.66	105280.44	103303.46	101007.72	99067.18	96924.78	95032.87	92614.24	90506.79	88601.25	87324.57	85962.41	84849.25	83981.7	83000.85	82109.5	81300.28	80788.04	79819.82	78288.95	76844.92	75356.41	74000.13	72623.16	71560.64	70646.88	69472.2	68091.47	66975.37	65851.5	64993.57	64045.54	63298.79	62434.65	61734.47	61099.95	60600.89	60116.24	60060.9	60517.2	61269.96	62031.53	62502.77	62424.15	61995.6	61350.22	60722.7	60526.03	60673.7	61515.51	62553.98	63522.14	64293.26	64943.1	65610.5	66242.89	66706.34	67286.34	67847.94	68463.62	69222.89	70169.27	71191.12	71835.8	71987.61	71779.38	71609.41	71662.68	72098.87	72725.16	73356.87	73843.63	74314.68	74872.98	75122.23	75159.09	75010.96	75273.33	75901.92	76940.07	78128.54	79293.45	80219.53	80978.76	81392.78	81863.2	82286.97	83086.29	83907.45	84974.68	85801.87	87004.47	88062.22	89443.55	90646.96	92119.8	93462.13	94738.35	95610.14	96348.09	96828.64	97748.27	98852.9	100497.05	101972.57	103606.04	104951.37	106424.06	107607.8	108835.26	109494.4	110258.79	110973.01	112211.99	113562.0	115212.65	116985.73	118855.55	120559.62	122146.7	123683.68	125056.66	125991.72	126668.96	127367.57	128233.39	128963.84	129935.76	131039.36	132467.23	133564.97	134768.63	135918.91	137164.17	138452.81	139866.09	141205.11	142283.85	142878.45	143528.4	144641.25	146457.32	148901.89	151502.58	153939.37	155822.4	157846.17	160317.41	163199.84	165731.06	168282.67	171759.58	175284.51	178187.5	180038.83	181992.99	184568.91	187418.1	192013.82	198297.53	205778.17	212350.22	217353.08	221477.08	224798.97	227256.34	228702.15	229715.69	230347.13	230291.84	229415.39	228690.93	228550.59	228725.84	228824.5	229179.05	230063.91	231285.15	231874.96	232041.77	231837.87	232173.88	233303.48	235055.24	236723.97	237721.18	238113.77	237917.71	237153.26	236159.0	235250.07	234630.63	234424.29	234767.81	235544.18	236049.28	235831.24	234719.78	233193.8	231303.57	229510.96	227803.21	226610.98	225558.66	224851.33	224609.26	225036.58	225610.11	225991.61	225691.17	224949.25	223925.27	223015.79	222352.89
35611	258907.0																																																																																																																																																																																																		134204.56	133685.02	133915.38	134518.9	135565.47	136113.26	136085.54	136186.97	136297.88	136671.58	136583.48	136920.11	137151.61	137488.83	137867.91	138443.61	139234.71	139708.3	139650.02	139518.62	139445.99	139715.43	139880.58	140267.43	140955.23	142245.19	143697.96	145265.26	146424.22	147279.74	147319.27	147238.4	146714.35	146615.29	146215.31	146257.36	146942.4	148679.45	150862.34	152749.47	154434.85	155763.04	156746.07	157488.82	158338.4	159844.52	161360.62	162878.72	164317.93	166111.7	168669.98	171500.71	174610.43	177100.13	179021.31	181139.75	183659.57	186373.93	188104.28	189864.87	192365.4	195901.92	199999.68	204722.87	209920.38	215233.67	219119.77	221597.53	222733.92	224295.55	225974.66	228020.51	230106.6	232621.93	235734.78	238083.23	239960.53	240552.11	241044.41	240901.07	239912.03	238565.76	237594.22	238172.79	239213.2	240942.29	242720.38	244734.23	246235.99	246887.57	246912.34	246488.96	246097.1	246038.95	246077.19	246076.95	246750.49	248468.66	250517.97	251571.49	251455.87	250968.38	250645.27	250614.64	250949.57	250938.28	251222.26	251536.11	252032.97	251994.71	251597.25	251432.79	251186.21	250868.22	250614.37	250507.34	250546.0	250267.82	249982.79	250266.65	251327.71	252561.05	252821.61	252142.17	251172.3	250320.7	249946.34
76058	237070.72																																																																																																													136223.06	135932.44	135848.75	135454.74	135271.58	135203.63	135274.28	135943.12	136257.07	136447.65	136261.83	136257.53	136608.46	136833.21	137121.51	136975.42	136767.16	136158.43	135643.95	134630.25	133688.36	132956.34	132562.42	131856.73	130227.93	128341.33	127089.83	126516.1	126355.13	126270.0	126758.13	127125.87	127738.55	127962.04	127874.71	127576.13	127577.16	128284.38	129220.74	130166.14	131093.98	132119.08	133084.84	133676.1	133332.16	132748.95	132531.53	133233.16	133955.62	134294.82	134584.1	135293.41	136639.63	138300.76	139814.49	141123.54	141034.76	140625.55	140389.48	141388.93	143078.34	144953.28	146940.67	149019.12	150849.6	152576.98	154083.88	155392.6	155658.46	155379.18	155615.96	156992.23	158696.91	160045.87	161099.53	162204.75	163456.23	164946.53	166711.7	168156.76	168758.64	169042.35	169805.77	171866.47	174555.89	177512.32	179839.14	181852.69	183481.76	185172.35	186434.33	187468.1	188109.32	188877.67	189994.43	191907.76	194233.93	196462.99	198019.81	199848.87	201808.48	204136.17	206112.25	208288.2	210241.75	211914.9	213141.58	214508.87	216210.9	217949.85	220298.64	222591.65	224668.55	226060.08	227327.06	228805.6	229948.1	230719.04	231358.76	232676.05	234231.25	235252.08	235776.49	235742.18	236025.56	236331.51	237309.23	238600.86	239599.4	240536.48	241498.82	243098.8	245461.52	248510.28	251920.91	254210.15	255074.48	255243.73	256099.72	258121.84	261387.04	265350.53	269496.62	272809.04	275549.11	278570.83	282214.97	286583.82	291345.61	296259.9	301152.73	305479.91	309892.44	314052.59	318583.85	323610.8	330032.96	337060.51	344315.9	351013.77	357034.78	362922.86	367291.5	369415.34	368754.55	367509.43	366225.54	364500.12	361481.92	358346.27	356430.23	356254.08	357023.39	358441.77	359454.25	360671.67	361179.06	362006.2	362704.28	362864.62	363359.55	364230.41	366270.77	367929.72	368584.79	368370.06	367784.95	367626.84	367689.26	367834.08	368070.8	368516.93	369179.75	369393.69	368331.54	365980.73	363552.37	361464.62	359920.34	358452.21	357735.32	357472.41	358049.53	358823.52	360019.02	360825.07	361111.74	360333.04	359022.1	357892.47	357226.82	357044.57
33541	235600.0	110159.69	110032.79	109963.02	109992.43	110392.93	110795.32	111241.41	111516.63	112302.17	113101.08	114013.83	114868.11	115514.18	116196.54	116595.3	117050.86	117373.85	117697.96	118102.63	118730.98	119296.5	120000.09	120359.48	120815.19	121114.68	121448.45	121741.45	122185.74	122804.61	123559.61	124235.88	124740.85	125292.95	125631.81	126315.52	127133.13	128280.53	129257.56	130115.73	131323.07	132665.52	134167.68	135578.75	137570.52	139485.87	141425.14	142837.52	144456.18	145731.41	146888.37	147768.69	149020.89	150379.34	151653.36	152926.57	154721.06	157190.24	159803.96	162447.33	165025.53	167275.32	169410.48	171748.38	174725.94	177988.18	181775.4	186107.72	190791.61	195950.43	200489.29	204307.51	207436.67	209773.06	211714.7	214262.04	218468.92	223160.44	226449.84	227649.8	227953.48	228000.32	228851.17	228678.41	228188.18	226928.82	226526.65	225535.5	224673.42	223241.5	221951.82	220146.7	218839.85	217150.55	214608.44	212242.87	210793.14	209425.37	207948.67	205150.41	202603.44	199171.3	195574.87	192260.0	188421.64	185196.44	182303.8	180230.78	177506.93	174725.51	171914.07	169755.05	167396.61	165141.57	163321.06	161579.77	159639.51	157591.28	156199.98	155711.4	155265.44	154950.1	154631.71	154575.19	154116.02	153524.97	152793.27	151980.85	151069.91	149591.66	147444.17	145252.82	143779.3	143226.6	142345.6	141044.91	138978.65	137159.77	135369.33	134201.16	132971.19	132060.22	131277.15	130425.76	129448.68	128440.33	127806.74	127336.55	127232.71	127359.41	127645.51	127453.08	127007.21	126367.37	126028.19	126218.01	127053.76	128364.37	129976.03	131657.74	133431.33	135343.92	137001.53	138194.73	139040.9	140011.64	141278.76	142535.24	143906.22	145228.95	146774.15	148060.89	148914.02	149359.01	149804.12	150464.98	151336.9	152015.23	152568.03	153015.68	153767.4	154440.59	155078.71	155827.93	157060.67	158369.78	159708.83	161118.13	162847.68	164659.31	166291.22	167632.78	168678.11	169642.21	170726.46	172061.53	173814.72	175471.38	177017.62	178229.98	179499.93	180976.83	182586.0	184098.99	185180.45	186112.1	187315.75	188645.62	190146.65	191221.37	192357.09	193183.41	194103.83	194993.31	196016.34	197316.83	198422.28	199536.27	200423.58	201392.54	202279.51	203140.94	203952.32	204864.7	205439.66	206189.22	206629.56	207372.18	207956.76	208922.25	210039.79	211267.72	212431.49	213256.25	214128.37	215059.37	216079.17	216995.78	217815.93	219228.12	220987.82	223414.21	225149.61	226666.7	227542.32	228466.03	229464.87	231045.96	233393.33	236496.46	239967.54	243738.12	247414.85	250792.14	253919.09	257301.37	261397.17	266578.68	272841.73	280019.82	286901.39	293084.89	298660.5	304628.25	310764.13	317269.76	324000.18	331322.31	340589.16	350567.63	360758.75	367429.9	370651.31	370559.32	369300.09	367892.18	366210.79	363946.12	361706.73	359765.24	358636.38	357703.06	357554.13	357483.85	357748.12	358279.39	359160.99	360065.22	360928.25	361763.12	362769.18	363754.73	364667.93	365170.38	364677.56	363743.18	362890.03	362296.74	361544.12	360417.02	359232.68	358276.23	356985.01	355497.62	353652.87	351936.23	350129.95	348344.45	346731.36	345664.64	344959.18	344541.99	344210.26	344017.51	344006.35	343730.79	342988.73	342060.08	340963.51	340076.24	339169.15
73012	233000.0	156668.08	156935.88	157236.13	157742.05	158248.56	158734.21	159337.86	159931.29	160460.36	160882.24	161358.25	162002.19	162637.55	163285.83	163765.89	164239.5	164588.89	164916.18	165222.51	165609.97	166049.17	166559.8	166959.52	167341.58	167630.21	168058.57	168531.06	169208.46	169859.6	170526.2	171230.11	171998.1	172737.91	173420.51	174069.94	174776.09	175403.49	175944.27	176610.41	177252.25	177944.98	178528.79	179163.19	179872.34	180521.05	181102.38	181545.79	182002.95	182581.7	183241.39	183904.88	184622.73	185467.33	186503.43	187513.67	188471.81	189358.96	190347.64	191225.48	192026.53	192668.71	193403.74	194241.32	195296.07	196418.87	197556.91	198674.42	199755.93	200702.57	201540.37	202154.18	202619.61	202985.16	203541.06	204373.14	205205.12	206059.6	206800.91	207462.54	207926.99	208383.23	208982.17	209757.36	210710.61	211514.51	211944.72	212017.2	212020.16	212224.99	212653.26	213205.12	213581.95	213546.29	213282.11	213150.81	213038.83	212387.57	211499.6	210574.64	210343.07	210368.5	210608.19	210388.42	209858.95	209308.81	209019.68	208660.61	208018.77	207268.2	206885.24	206916.53	207423.7	207760.6	207990.48	207918.84	207992.0	207907.95	207854.31	208085.35	208586.65	209211.8	209918.07	210575.87	210955.74	211037.28	210784.06	210298.33	209479.44	208528.78	207414.8	206183.4	205249.22	205056.26	205261.9	205477.5	205444.43	205205.16	204878.29	204690.76	204650.9	204788.93	204731.24	204651.19	204427.82	204177.0	203751.29	203264.48	202901.63	202564.74	202480.61	202695.68	203126.87	203903.63	204726.16	206017.78	207146.58	208482.27	209274.29	209783.09	209771.19	210049.12	210537.59	211003.75	211542.37	212071.53	212779.47	213271.11	213718.9	214287.49	214765.99	215225.6	215561.04	216206.11	217043.83	217753.54	218237.5	218819.8	219393.99	220316.71	220996.88	221829.12	222055.15	222357.18	222463.91	223043.82	223574.07	224213.31	224931.83	225607.97	225900.93	225580.02	224891.28	224765.68	225125.81	225929.52	226678.37	227407.65	227734.09	227911.38	227975.68	228063.14	227965.12	227592.31	227253.28	226985.06	227064.41	227088.25	227056.5	226941.88	227054.82	227153.0	227089.36	227002.14	227431.2	228181.89	229124.82	229614.82	229613.8	229551.26	229661.17	229853.2	229622.65	229721.86	230076.71	230779.18	231170.32	231522.75	232085.31	232584.4	233329.24	233681.43	233904.14	233843.32	234110.6	234527.6	235040.26	235468.9	236155.52	237068.64	238363.17	239754.89	240951.0	241852.2	242281.56	242464.67	242506.32	242803.24	243547.95	245026.4	247048.7	249576.42	252041.03	254404.15	256662.52	259104.02	261932.31	265293.17	269003.95	272699.16	276290.57	279680.81	283116.53	286619.3	290404.65	294616.99	299121.41	303808.15	308958.2	313886.73	318354.24	321103.41	322017.49	321596.03	321189.47	321413.94	321878.43	321899.72	322028.21	322550.31	323658.12	324909.02	325865.13	326278.86	326123.04	325776.72	325363.8	325296.24	325291.52	325750.86	326153.67	326769.68	327221.64	327278.99	326952.84	326332.11	326315.19	326624.74	327362.79	327969.8	328570.01	329080.52	328961.77	328533.23	327970.71	327926.88	327859.44	327660.75	327442.16	327570.33	327975.64	328254.08	328455.18	328540.64	328734.3	328909.3	328856.36	328771.43	328549.81	328567.06	328536.14
78211	221364.82	55351.55	55489.71	55540.99	55588.44	55146.16	54568.52	54034.33	53926.6	54164.17	54552.04	54913.36	55083.08	55064.13	54894.24	54741.38	54558.7	54634.67	54742.7	55017.94	55237.6	55208.54	55067.89	54672.14	54366.34	54039.69	53990.47	53993.62	54187.29	54342.0	54623.72	54655.22	54665.72	54550.97	54648.1	54889.67	55123.93	55186.72	55120.5	55077.29	55107.64	55297.85	55464.53	55705.76	55859.5	56178.3	56404.54	56566.54	56655.72	56992.8	57622.48	58306.52	59111.7	59854.82	60522.26	61101.88	61600.53	62299.52	62720.52	63147.91	63357.66	63559.1	63741.09	64003.62	64285.07	64452.11	64712.72	64918.31	65237.01	65436.15	66056.3	66431.8	67158.13	67463.96	68023.3	68203.6	68591.98	68915.43	69313.82	69841.97	70398.6	71215.29	71664.77	71990.54	72094.25	72367.68	72549.91	72473.05	72221.58	72362.93	72807.67	73523.47	73944.45	74366.65	74909.65	75572.7	75972.04	75982.01	75876.16	75953.76	76269.86	76538.87	76753.22	76882.64	76581.98	76259.66	75721.06	75553.99	74885.9	73788.89	72149.48	70827.03	69907.62	69688.07	69437.81	69186.36	68343.05	67874.42	67638.58	67972.6	68352.86	68592.14	68684.8	68562.69	68378.3	68402.06	68259.5	68342.17	68335.36	68215.22	67944.2	67540.9	67151.58	66582.71	65815.78	65367.28	65024.5	65101.05	65207.08	65209.17	64770.85	63773.66	63052.02	62655.45	62739.73	62856.14	62671.96	62032.97	61054.43	60243.4	60036.4	60286.08	60718.14	60859.53	60439.33	59948.01	59643.48	59916.92	60320.88	60839.56	61379.92	61805.99	62054.31	62228.34	62549.74	62837.55	63077.16	63359.24	63884.18	64386.42	64960.42	65393.27	66114.49	66817.2	67529.81	68196.74	68709.68	68891.06	68591.2	68345.95	68742.28	69543.63	70539.8	71150.68	71789.39	72449.48	73185.42	73817.55	74449.98	74954.1	75124.45	74947.0	75109.58	75799.79	76912.36	77712.46	78290.34	78512.0	79027.54	79577.41	80074.61	80104.58	79957.56	80237.1	81085.47	82552.91	84101.36	85474.75	86572.9	87081.06	87571.17	88133.69	89180.6	90422.43	91557.24	92684.12	93943.48	95391.24	96994.43	98704.57	100352.99	101591.12	102449.14	103161.89	103925.97	104590.24	104936.23	105285.64	106116.28	106812.25	107104.1	106992.9	107170.07	107853.03	108696.01	109637.56	110438.61	111086.84	111956.26	112972.38	114186.54	115668.56	117354.58	118899.88	120208.46	121074.96	121387.47	121520.84	122183.07	123866.11	126025.63	128393.0	130597.73	132826.05	135062.65	137672.94	140243.45	142498.43	144477.55	144953.25	143936.61	141831.04	140732.41	141266.47	142696.77	145018.77	147928.67	151459.0	154697.35	157268.81	159173.74	160221.89	159921.59	158311.83	156876.16	156225.94	156234.77	155167.01	153663.94	151896.95	151254.09	150889.49	150758.26	149991.73	148989.71	147633.55	146310.35	145009.87	143666.48	142480.34	141570.49	141341.38	141716.28	142295.0	142561.31	141753.41	140582.8	139289.22	138312.83	136923.32	135444.1	134355.34	133899.26	133626.29	133009.65	132286.18	131987.75	132634.2	133452.89	133719.25	132681.67	131370.8	130331.37	130655.65	131720.38	132871.26	133068.19	132408.52	131609.85	130701.85	130270.97
74834	215517.9	64998.81	64944.29	65015.38	65044.87	65106.51	65121.62	65103.39	65156.46	65206.94	65513.48	65873.95	66375.04	66731.75	66977.84	67119.83	67310.86	67558.98	67881.89	68262.21	68701.82	69182.96	69680.73	70049.06	70356.32	70523.21	70776.67	70841.95	71023.82	71277.02	71704.03	71913.58	72150.55	72326.39	72579.4	72721.73	72867.61	73067.38	73205.19	73368.92	73608.31	73955.51	74249.33	74366.65	74458.96	74689.55	74985.54	75253.71	75417.89	75743.48	76105.92	76509.8	76905.86	77211.28	77498.26	77670.54	77915.98	78324.63	78788.1	79256.37	79606.31	79945.92	80314.51	80745.68	81225.81	81774.44	82221.46	82658.04	82935.54	83230.64	83483.03	83863.67	84263.53	84643.82	84985.55	85309.52	85674.03	85975.24	86212.29	86280.64	86397.13	86620.2	87064.36	87601.88	88167.9	88648.64	88952.33	89235.47	89517.36	89826.31	90101.71	90417.9	90663.73	90898.87	91140.82	91458.13	91756.05	92054.13	92384.32					87302.68	87456.06	87527.01	87519.58	87703.75	87860.12	87972.11	86760.83	85377.15	84194.64	84139.62	84481.78	84761.18	85029.05	85057.16	85068.04	85263.96	85558.45	85591.17	84372.25	82809.99	81320.7	81015.08	80993.63	81240.93	81479.01	81644.49	81730.35	80528.89	79035.74	77207.8	76571.53	76330.49	76906.79	77696.99	78413.08	78642.95	78655.44	78745.71	78164.87	77528.11	76873.63	77057.98	77604.98	78362.13	78859.39	79234.55	79279.58	79467.02	79441.51	79594.26	79626.55	79923.94	80173.39	80484.31	80657.02	81225.1	81855.8	82591.94	83320.02	84064.88	84863.51	85260.94	85567.4	85841.37	86017.92	86383.16	86662.41	86900.11	87068.2	86953.07	86777.05	86652.5	86879.5	87504.17	88075.13	88923.76	89757.97	90367.73	90907.01	91359.11	92181.51	92896.63	93718.19	94611.96	95211.91	96187.54	97071.79	97663.62	97639.95	97802.46	98535.52	99537.25	100256.85	100946.3	101594.51	102021.9	102268.75	102132.44	102274.55	101820.7	100796.26	99419.95	98433.18	98100.16	98029.91	98128.07	98235.31	98414.12	98784.2	99565.6	100645.18	101792.91	103279.8	104685.91	105919.53	106953.48	107906.47	108446.13	108464.71	108429.71	108826.45	109765.35	110736.17	112375.88	114030.05	114808.42	114941.92	114827.86	115246.59	115953.31	116733.48	117630.63	118238.85	118326.5	118660.1	119185.96	120314.76	121943.74	123801.1	125515.57	126559.06	126588.17	126168.4	125833.89	126321.42	127581.16	129531.82	132284.83	135520.31	138922.01	142056.1	144828.25	147054.05	149337.92	151954.77	153941.0	155453.17	156309.69	158155.52	160531.0	162931.55	166067.84	169103.64	172710.31	175338.55	178161.27	180429.9	181899.86	181573.15	180562.02	179778.67	179491.51	179329.08	179241.84	179510.82	180950.92	182777.68	184534.84	185464.29	185667.88	185617.45	185335.14	185323.96	185617.03	185655.31	185937.61	186979.15	189052.45	191189.87	192432.86	193152.46	193695.44	194427.13	194915.59	195154.58	195728.79	197008.68	198732.21	200192.92	200713.79	200069.96	199069.27	198719.71	199838.22	201184.05	202552.93	203179.38	203805.37	204623.54	206030.77	207538.59	209035.61	210138.49	210781.06	211010.9	210773.4	210479.22
74864	215517.9	56204.63	55977.85	56214.09	56556.24	57145.48	57689.0	58304.87	58793.59	59138.4	59204.7	59406.23	59698.24	60079.06	60406.51	60604.34	60820.78	61095.21	61565.57	62076.58	62606.86	62864.79	63159.63	63444.35	63787.05	64007.27	64309.28	64515.52	64802.68	64985.62	65286.72	65636.29	65891.12	65969.06	65986.92	66130.03	66393.94	66595.7	66753.32	66916.65	67108.08	67250.77	67423.59	67531.31	67577.88	67629.64	67799.04	68190.58	68688.87	69095.8	69418.43	69646.1	69954.8	70244.35	70559.48	70969.41	71408.67	71810.94	72127.67	72377.82	72683.92	72927.48	73321.26	73717.63	74153.42	74540.47	74987.49	75542.92	76050.26	76363.68	76515.44	76631.82	77060.82	77494.02	78032.57	78392.76	78780.51	79097.39	79389.75	79616.2	79821.93	80002.25	80284.75	80560.65	80888.93	81195.74	81564.04	81900.4	82226.26	82483.72	82775.15	83062.48	83346.73	83594.57	83802.8	83989.43	84122.74	84215.33	84210.93					80031.2	80423.56	80797.08	81002.91	81036.47	80992.05	81069.15	80196.82	79114.63	78102.37	78022.58	78390.79	78845.69	79359.4	79662.17	79778.34	79979.69	80241.88	80480.19	80131.26	79681.96	79169.74	79264.98	79291.04	79423.85	79442.23	79466.07	79435.9	78756.95	77970.82	77153.81	76975.13	77028.98	77451.84	77991.61	78523.54	78786.38	78906.11	78980.14	78211.81	77230.42	76243.26	76146.73	76511.23	77274.68	77911.04	78408.03	78175.02	77792.38	77285.65	77202.07	77440.35	78006.21	78615.45	79085.18	79381.23	79930.83	80411.24	80612.03	80487.48	80731.7	81428.32	82249.22	82870.17	83175.94	83314.49	83298.66	83758.89	84141.24	84810.25	84659.07	84338.91	83715.96	83455.83	83362.15	83452.12	83948.43	84714.02	85523.06	86317.29	87126.51	88146.8	89176.65	89912.54	90343.47	90389.2	91335.89	92851.22	94599.47	95534.18	96608.3	97718.43	99169.65	100073.14	100983.05	101522.31	101580.95	101185.1	100747.03	100736.4	100337.14	99227.98	97860.81	96973.21	96595.04	96464.13	96481.3	96766.43	96980.46	97160.83	97334.69	97861.39	98459.14	99088.68	99301.12	99422.9	99686.45	100321.11	100638.16	100800.3	101035.17	101734.43	102587.11	102921.87	103798.4	104840.18	105321.7	105154.05	104995.43	105438.42	106174.89	107114.06	108477.32	109732.69	110213.62	110919.42	112145.3	114306.86	116885.34	119155.36	121051.69	122216.99	122293.38	121737.07	121039.88	121191.85	122200.42	123572.01	125963.89	128554.27	131343.16	133548.87	135634.71	137477.67	139309.38	141432.07	142805.72	143999.49	144243.06	145464.18	147142.44	149473.77	152554.08	155674.21	159065.89	161245.76	163152.58	164986.8	166935.94	167812.2	167757.85	167256.71	166952.17	166538.98	166208.37	166258.35	167031.01	167877.57	168489.53	168684.68	168898.58	169395.17	170186.42	171069.25	171807.39	172353.41	172592.74	173605.32	175157.59	177607.42	179533.39	181013.0	182194.75	183593.92	184818.08	185697.57	186429.24	187721.06	189017.78	190099.23	189881.98	188485.17	187160.3	186471.18	187159.51	187252.04	187725.93	187961.79	188922.42	190275.75	192203.28	194093.98	195580.96	196010.67	195759.93	195057.67	194205.98	193300.07
74079	215517.9	39690.43	39768.48	39943.24	40109.03	40226.53	40167.51	40322.73	40420.94	40505.76	40414.89	40373.22	40457.4	40648.0	41074.04	41443.42	41886.79	42127.36	42439.07	42608.99	42782.91	42858.25	42932.36	42975.56	43109.53	43283.82	43599.01	43998.63	44407.86	44730.92	44995.26	45182.92	45441.88	45611.85	45881.55	46013.61	46405.85	46733.14	47203.54	47500.16	47877.41	48083.93	48176.43	48061.58	48042.36	48076.71	48232.32	48412.4	48517.66	48650.22	48734.54	48916.63	49062.95	49171.42	49175.23	49275.63	49520.13	49812.63	49966.76	50007.57	50215.31	50753.12	51464.22	52117.15	52578.78	52940.23	53233.37	53551.31	53771.11	53996.64	54098.55	54252.75	54386.42	54598.29	54855.09	55160.02	55418.13	55719.36	56052.17	56342.96	56583.01	56770.17	56944.09	57087.86	57236.46	57436.8	57605.99	57782.04	58050.86	58332.83	58563.64	58717.3	58838.66	58974.85	59035.11	59100.68	59023.55	58885.04	58597.69					55227.85	55695.29	56043.42	56266.28	56367.21	56309.58	56162.12	55509.47	54870.03	54296.2	54219.81	54323.13	54442.04	54547.1	54460.44	54378.1	54401.39	54420.39	54357.85	53752.57	53041.56	52520.83	52579.97	52855.89	53098.22	53265.64	53345.42	53346.43	52869.33	52233.82	51456.71	51126.93	50993.13	51263.05	51612.56	51959.1	52164.85	52271.47	52401.72	52205.1	51966.9	51668.15	51649.86	51999.68	52692.16	53449.88	54214.56	54486.54	54732.41	54551.38	54552.57	54312.33	54404.57	54238.96	53878.48	53415.0	53638.26	54343.63	54757.43	54767.91	54688.54	55178.11	55695.88	55873.22	55660.54	55302.44	55156.22	55259.16	55379.7	55701.85	55195.88	54410.56	53683.59	53741.41	54248.65	54643.25	55028.85	55526.74	56237.16	57067.79	57949.78	58740.28	59421.89	60040.13	60617.07	60827.25	60836.39	60737.79	60916.36	61066.62	61613.49	62017.32	62287.9	62180.34	62115.36	62495.85	62848.81	62942.21	62562.21	62597.84	62475.15	62236.59	61570.59	61458.79	61851.06	62365.28	62978.1	63463.16	63918.64	64605.42	65727.7	67239.16	68345.27	69222.67	69881.6	70403.01	70815.72	71373.22	71994.72	72409.7	72931.44	73366.84	74089.49	74693.34	76355.79	78571.09	80441.41	81499.55	82042.35	82273.39	82641.57	82979.3	83550.19	84042.52	84298.84	84974.36	85837.25	86788.03	88161.29	89599.87	91193.83	91968.27	91720.28	90987.42	90378.2	90621.06	91605.6	93154.78	95567.06	98172.45	100903.26	103412.13	106090.1	108520.86	110323.57	111959.59	112964.67	113376.7	112844.92	113058.48	114363.68	115749.45	117466.06	118794.08	120712.89	122225.46	124170.46	126560.72	128749.32	129600.12	129657.13	129407.26	129623.87	129555.21	129469.84	129335.53	130092.42	131237.68	132729.86	133403.81	133307.88	132995.67	132709.96	132700.7	132617.28	132664.04	132950.05	133997.84	135869.55	138009.64	139398.1	140162.75	140706.36	141826.67	143029.64	143947.95	144687.63	145465.17	146483.71	146987.68	146934.99	146412.22	145960.46	145768.2	146430.99	147308.5	148637.18	148985.55	149183.08	149257.05	150205.61	151630.86	153300.21	154474.92	155218.41	155558.2	155935.46	156379.2
74855	215517.9	68739.31	68474.37	68596.18	68657.64	68901.92	69227.56	69599.75	70173.39	70628.22	71186.35	71674.25	72282.5	72882.92	73484.03	73822.51	74096.52	74328.87	74733.71	74981.62	75162.82	75290.72	75628.83	76036.3	76391.36	76724.33	76990.14	77049.98	77254.85	77566.92	78093.68	78248.9	78435.45	78655.95	78910.1	79077.2	79090.53	79317.07	79471.7	79680.14	79943.72	80283.1	80634.51	80761.48	80799.09	80862.66	81054.95	81361.47	81677.71	82066.61	82368.63	82564.13	82807.9	83005.07	83194.44	83166.53	83261.03	83640.44	84211.61	84752.27	85085.97	85450.67	85952.69	86541.6	87014.44	87513.44	87993.82	88583.58	89023.01	89412.04	89681.95	89931.88	90213.99	90591.71	91109.85	91640.8	92093.75	92494.88	92810.54	93044.54	93218.36	93433.64	93831.06	94296.18	94855.47	95318.28	95750.52	96167.69	96581.71	97028.26	97489.54	98011.22	98428.96	98906.74	99232.42	99526.28	99575.97	99714.96	99900.0					94953.87	95176.39	95421.48	95650.57	95903.53	96263.53	96657.81	95856.09	94736.72	93590.81	93463.24	93811.51	94199.22	94660.43	94922.97	95317.67	95850.91	96312.44	96545.88	95658.3	94663.64	93497.83	93408.57	93433.77	93808.28	94027.62	94361.83	94415.1	93362.07	91832.17	90242.8	89622.37	89421.69	90109.52	91148.48	92165.45	92700.56	93079.49	93511.69	92836.78	91874.81	90826.64	90851.6	91495.64	92312.3	92801.41	93061.33	93113.26	93103.17	92970.73	92748.9	92799.05	93327.8	94267.45	95175.74	95695.16	96183.11	96630.1	96973.15	96990.32	96849.76	96957.4	97046.21	97536.42	97891.72	98496.32	98754.73	99082.5	99242.97	99884.88	100088.4	100663.01	101238.25	102304.23	103156.91	103596.59	104387.85	105104.23	105278.43	105379.19	105877.29	107329.89	108611.95	109733.0	110806.14	111725.85	113171.61	114694.31	116078.12	116139.46	116076.55	116369.34	117306.16	118332.79	118943.34	119214.93	119024.93	118735.78	118487.9	118767.36	118388.02	117641.86	116393.0	115738.68	115569.98	115636.85	116185.47	116900.69	117785.0	118659.82	119831.65	120854.34	121766.7	122679.36	123442.88	123477.13	123470.88	123686.45	124390.77	124653.4	124988.35	125267.42	125819.91	126050.25	127040.53	127919.44	128176.91	127756.87	127532.77	127948.29	128761.98	129812.71	131086.58	132026.01	132411.06	133133.57	134473.29	136487.37	139201.52	141827.0	144008.82	144784.47	143801.25	141845.02	140271.35	140170.05	141263.63	142876.5	145266.37	148268.32	151763.31	155594.96	159504.57	163106.11	166765.29	170354.93	172648.05	173728.77	173559.62	174509.11	176039.38	178085.92	181784.74	186225.66	191499.75	195178.89	198089.01	200460.49	201901.68	201759.09	200136.05	198239.16	196611.63	195453.08	194569.0	194241.36	195326.05	196974.92	198705.62	199311.82	199430.49	199728.29	200214.02	200500.28	199994.62	198976.54	198127.44	198880.12	201254.52	204368.99	206084.99	206882.93	207714.58	209333.81	210421.44	210574.5	210456.03	210952.61	211876.64	213047.48	213357.69	212624.6	211117.17	210163.55	210559.81	211244.39	212362.48	213304.32	214730.7	216307.21	217916.22	219928.42	222043.02	223673.11	224261.52	224289.23	223945.03	223614.57
74824	215517.9	51330.72	51199.68	51175.42	51369.86	51844.25	52349.55	53264.53	54569.78	56084.36	57345.05	58324.84	59379.08	59965.64	60286.1	60089.84	60547.63	61167.39	62117.5	62597.57	62954.24	63520.54	64061.16	64733.08	65314.29	65714.36	65977.27	65892.58	66239.17	66440.28	66884.41	67000.54	67502.79	68332.53	69375.74	70058.62	70138.9	69914.16	69407.56	69239.41	69496.54	69949.15	70104.95	69604.57	69483.69	69740.24	70346.0	71111.68	71547.45	72054.24	71934.99	71934.83	72133.97	72810.14	73453.59	73811.06	74258.09	74868.84	75678.73	76301.81	76910.55	77266.82	77745.59	78252.6	79146.8	79903.59	80732.24	81311.43	81860.39	82204.92	82853.03	83564.31	84347.63	84701.28	84941.15	85229.62	85774.05	86520.41	86919.34	86802.21	86540.59	86660.46	87382.33	88186.34	89135.38	89855.65	90485.21	90966.37	91661.68	92412.29	93014.25	93423.52	93716.4	93988.79	94478.31	95117.43	95889.76	96315.44	96461.87	95110.46	93362.2	91779.84	91705.37	91834.98	91888.78	91889.38	92294.09	92631.39	93012.23	93086.72	92536.86	91893.19	91454.86	91543.03	91605.33	91533.47	91581.61	91343.99	91136.38	91178.73	91348.67	91417.95	90798.53	90260.8	89788.59	89888.05	90156.6	90466.59	90649.03	90498.22	90234.58	89186.65	87998.57	86790.74	86647.09	86893.12	87954.35	88955.31	89732.19	89665.24	89335.03	89181.86	88551.08	87942.07	87360.31	87741.73	88713.25	89719.88	90043.55	90240.51	90269.11	90580.14	90239.74	90381.69	90650.9	91943.56	93079.53	94157.46	94776.31	95655.84	96554.31	97257.85	97744.15	98559.21	99628.18	100222.52	100709.73	100909.96	101378.85	101845.45	102939.42	104195.15	105381.56	105691.83	105556.11	105597.07	105826.79	105808.68	105316.94	105073.58	105523.92	106053.12	107246.21	108759.65	110653.67	111442.87	111971.05	112482.14	113518.88	115149.56	117139.95	118939.65	119518.62	119628.54	119975.93	121202.39	122565.6	123882.2	124633.17	125227.2	125602.76	126108.04	126786.04	126181.47	124461.43	122433.39	121520.53	121570.71	121604.11	122052.63	122672.46	123591.38	124704.71	126073.2	127454.58	128652.01	129804.96	130353.92	130023.53	129560.22	129991.61	130670.9	130720.67	130340.52	130071.17	130519.12	131095.76	132895.24	135139.09	136700.69	137232.78	137067.23	136784.46	136894.36	137690.7	139346.93	140945.71	141783.59	143043.61	145163.97	148049.41	151571.72	154268.55	156072.06	155877.99	153972.81	151028.81	149253.72	149125.21	150643.14	151717.27	153844.09	156683.09	160257.59	163577.56	166989.33	170673.71	175100.46	179459.83	182375.64	183718.32	183597.42	184624.77	186469.07	189177.68	193130.62	197283.53	202406.62	206025.5	208819.48	210148.16	210656.16	208999.61	206115.42	203379.12	202024.29	201834.17	201899.27	202195.72	203470.96	204657.97	205836.43	206145.79	206238.32	206179.18	206172.8	206310.26	206049.34	205456.59	204975.36	205949.26	207441.02	209273.48	210760.45	212457.19	214456.05	216564.09	217692.55	217920.84	217290.96	217841.71	218735.34	220326.97	221128.41	220947.13	220208.29	219902.29	220771.55	221778.94	222646.13	222484.59	221947.36	221639.88	222797.14	225116.57	227921.91	230550.34	231842.03	231986.09	230293.0	229364.94
74875	215517.9	63612.48	63308.47	63116.09	63137.19	63798.71	64616.78	66052.97	67735.53	69576.82	70552.33	71278.3	72071.22	72838.19	73058.16	72454.0	72160.14	72362.52	73528.12	74368.13	74793.4	75115.74	75370.77	76317.33	77286.5	78275.33	78648.89	78782.8	79144.74	79316.4	79477.38	79182.41	78894.2	78849.0	79437.57	80198.4	80632.33	80714.65	80565.28	80625.41	81247.36	81888.3	82189.49	81382.5	80854.54	80752.36	81127.29	81567.43	81519.71	81688.64	81200.21	80720.59	80709.93	81359.92	82341.28	82831.77	83301.72	83611.4	83552.61	83507.49	83397.48	83725.97	84188.45	84942.01	86152.88	87067.49	88147.34	88808.41	89611.28	89932.17	90320.36	90523.19	90794.97	90585.77	90505.64	90623.9	91023.27	91498.2	91694.02	91684.92	91583.59	91834.46	92516.16	93083.63	93612.96	93660.12	94041.2	94280.77	94813.46	95263.84	95829.54	96490.04	97039.92	97580.42	98208.17	98708.32	99155.8	99289.62	99346.73		94926.79	92678.24	92373.67	92460.26	92886.36	93386.06	94264.87	94714.1	95092.38	95009.57	94257.25	93556.9	93047.75	93172.4	93171.43	93268.51	93619.28	93812.01	93763.39	93766.46	93935.98	93916.93	92730.78	91512.93	90573.98	90717.14	90973.63	91288.84	91662.81	92015.47	92128.59	90484.59	88461.37	86218.1	85754.58	85803.68	86783.92	87824.66	88572.83	88717.82	88652.64	88707.5	88141.3	87219.2	86288.15	86390.45	87526.23	88999.16	89659.54	89687.53	89404.0	89396.56	89467.77	90077.32	91070.82	92602.77	93522.64	94005.93	94078.81	94582.54	94921.18	94212.57	93300.14	92787.39	93210.39	93062.06	92844.78	92561.04	92792.15	93119.5	94246.23	95605.91	97016.88	96991.57	96659.73	96853.86	97801.95	98501.7	98698.12	98751.9	99135.65	99019.25	99255.38	99774.36	101073.38	101732.93	102255.61	103173.44	104437.43	106549.25	108443.6	109888.13	109805.59	109539.36	109972.04	111247.45	112342.16	113662.11	115107.64	116256.91	116691.94	116444.31	116838.46	116332.85	115242.83	113609.43	112379.06	111961.6	111860.37	112859.55	113929.65	115004.75	115653.91	116580.26	117423.93	118687.66	119798.79	120675.84	120008.64	119259.8	119093.14	119551.98	119245.38	118536.11	118102.43	118946.55	119947.4	121798.74	123457.34	124186.91	123973.99	123462.83	123031.38	123335.02	124058.81	125300.09	126085.0	126121.02	126974.39	128353.0	130398.68	133080.64	135607.33	137348.26	137004.08	134903.22	132075.42	130500.94	130683.43	131930.98	132912.14	134985.57	137728.1	141245.96	144088.39	147161.25	150001.52	153454.52	157369.34	159765.54	160988.86	160391.64	161176.51	162721.76	165643.27	170467.85	175940.41	181392.77	184627.94	186239.38	186623.89	185931.71	183986.1	181819.36	180364.63	179796.27	180131.44	181001.43	182705.32	184981.25	186845.54	188033.54	188738.63	189035.95	189666.72	189463.9	188911.96	187147.24	185139.29	183483.81	183802.2	185464.88	187806.25	189019.73	190034.06	191422.58	193570.3	194893.27	194929.51	194129.77	194044.5	193979.69	194077.53	192643.44	190063.32	186983.57	185064.94	185505.94	186826.61	188264.47	188378.1	187528.79	186832.54	187559.92	190306.86	194080.31	197742.86	200482.47	202425.85	203366.8	203746.55
74869	215517.9	30363.37	30289.52	30300.29	30365.77	30457.24	30612.24	30655.36	30623.18	30512.15	30598.01	30924.29	31335.4	31582.85	31586.04	31521.88	31611.75	31758.95	31999.51	32180.75	32554.53	32918.3	33300.17	33667.83	33958.7	34184.86	34345.2	34422.59	34571.65	34797.45	35091.18	35203.01	35202.6	35306.89	35510.39	35672.73	35728.1	35991.57	36314.03	36592.8	36835.05	37042.77	37269.34	37336.91	37394.61	37572.05	37769.08	38100.33	38426.15	38751.42	38992.8	39156.85	39326.61	39582.15	39687.08	39776.01	39718.79	39949.1	40138.24	40331.45	40599.15	41051.95	41734.54	42290.44	42724.41	43026.44	43148.85	43261.94	43249.39	43354.44	43508.88	43797.6	44167.66	44482.82	44817.12	45173.24	45478.94	45756.2	45930.95	46118.64	46166.31	46212.54	46372.17	46650.53	47067.21	47489.07	47937.65	48394.76	48749.77	49149.0	49359.84	49610.01	49658.52	49785.64	49815.32	49939.62	49882.4	49860.55	49878.64	49305.69	48354.74	47594.71	47540.33	47889.56	48231.39	48568.26	48884.67	49013.04	49301.78	49743.68	49805.43	49815.73	49667.87	49836.79	50160.06	50651.57	51102.12	51422.11	51543.89	51918.65	52156.52	52640.32	52816.34	53118.48	53208.51	53627.6	54269.2	55039.18	55606.8	55728.0	55833.69	55630.31	55428.04	55002.7	54888.66	54925.32	55431.34	56124.03	56723.37	56965.86	57017.9	57098.68	56175.61	54857.04	53588.06	53474.84	54292.03	55320.34	56336.74	56813.46	56417.6	55432.92	53911.74	52773.0	51947.68	51965.27	52466.39	53282.51	54107.56	55104.72	56279.75	57169.24	57552.53	57188.85	56882.49	56872.19	57340.5	57829.74	58180.56	58658.47	59560.77	60633.98	61909.71	62306.05	62195.44	61777.64	62024.02	62614.71	63539.06	64826.15	66455.22	67859.51	68782.88	68915.57	69313.96	69710.58	70225.13	70195.94	69978.28	70047.52	69707.71	69362.63	70009.79	71381.28	72824.39	73536.25	74482.94	76220.3	79049.71	81336.95	83472.98	85252.96	87755.2	88970.53	87766.38	84114.81	80270.08	77637.88	76106.09	74824.24	73902.94	74915.37	77267.47	79520.91	81380.46	82905.41	85010.14	86728.62	87604.44	88258.93	88778.17	89915.26	89970.58	90151.78	89825.31	90958.28	92510.53	95842.0	98970.35	101488.13	103140.68	104772.05	106489.82	107641.35	108575.48	109069.28	108907.52	107507.31	106204.6	105624.74	106046.86	107386.92	109563.68	112152.55	114091.66	114878.88	114178.8	113642.99	113340.62	114439.71	115533.2	117774.12	120048.95	122938.38	125892.45	129724.22	134070.35	138329.9	142174.07	143557.38	143560.87	142157.36	141979.93	143112.58	145535.83	150526.3	156587.1	162939.18	167409.95	170612.62	173015.24	173686.6	172044.85	169559.71	167698.58	166490.72	165005.92	164364.66	165760.07	169589.02	173673.41	176360.47	177328.31	177082.92	176483.3	175920.63	175221.0	173745.55	171461.66	169924.64	170941.1	173563.11	177331.97	180031.92	182403.07	183601.11	184370.28	184031.53	182598.55	181657.01	182330.75	184650.95	187336.21	188279.9	187309.82	185276.42	184302.02	184812.93	185770.15	187004.09	187202.64	187027.0	186613.13	187597.68	189775.12	192632.77	195293.6	197300.81	199079.04	199793.82	199928.4
74832	215517.9	47527.2	47416.05	47162.15	46806.68	46715.09	46638.32	46918.22	47249.75	47931.19	48482.98	48932.34	49263.42	49438.43	49169.69	48510.68	47893.7	47897.73	48672.41	49155.54	49254.74	49096.78	49218.58	49398.55	49313.87	49176.02	49010.24	48917.74	48771.74	48593.17	48558.36	48526.43	48713.45	48750.79	48956.89	48993.49	49092.0	49140.91	49206.16	49238.98	49346.99	49467.28	49723.81	49884.38	49915.45	49900.33	49857.51	49985.46	49988.92	50082.58	50022.57	50197.46	50340.41	50638.85	50802.8	51107.19	51388.01	51887.58	52100.19	52345.26	52313.99	52233.02	52071.66	51933.66	52068.46	52360.23	52851.76	53246.3	53439.37	53522.38	53690.99	53927.46	54061.0	54001.22	54015.06	53991.04	53993.11	54001.78	54218.93	54539.61	54723.83	54893.99	55055.52	55454.59	55737.86	55918.08	55960.65	56109.18	56256.67	56550.65	56734.43	57133.46	57373.73	57686.05	57924.92	58180.44	58300.7	58431.86	58527.8	58659.4	58740.81	58833.77	59123.48	59582.89	59855.54	60101.54	60053.22	60238.02	60224.03	60308.5	59544.14	58591.32	57796.17	57791.97	58060.34	58340.07	58565.16	58625.59	58462.83	58823.57	59290.39	59420.49	58523.56	57405.45	56516.39	56230.84	56182.25	56389.25	56719.55	57002.21	57157.52	56257.8	55238.12	53859.07	53372.26	52985.55	53258.47	53593.18	53952.92	53957.99	53948.85	53934.45	53512.52	52852.19	52220.11	52290.87	52799.23	52862.97	52167.26	51518.84	51582.98	52346.16	52732.39	52463.08	51879.88	51483.29	51372.54	51259.53	51207.87	51549.8	52133.71	52795.02	53693.75	54761.03	56144.62	57044.94	57524.28	57404.11	57407.55	57661.11	58196.68	58541.14	58837.42	58699.66	58336.85	58313.75	58797.66	59549.97	59865.82	60136.64	60326.94	60349.41	60388.47	60667.24	61605.98	62594.42	63629.85	64712.79	65473.79	67101.15	68826.39	70881.36	72220.1	73356.36	74868.58	76216.09	77655.69	78354.85	79080.63	79067.0	78875.4	78465.16	78804.31	78772.93	78493.97	77956.48	78374.36	79340.0	79593.04	79208.2	78102.84	77510.55	77661.59	78677.07	80266.08	81607.45	82804.01	83555.24	83687.27	84175.86	85498.97	87390.94	88555.86	89121.6	89581.97	90711.39	91888.28	94096.88	96447.49	98313.8	99064.53	99277.23	99527.08	100682.04	102204.74	103971.73	105082.34	105610.06	106305.09	107515.07	109208.41	112063.15	114414.34	116253.26	116824.24	116515.39	115666.61	114689.98	114470.89	115219.05	116401.33	118523.75	121061.53	123771.63	126041.96	128146.56	130193.9	132544.1	134979.73	136711.82	138014.79	138491.84	139875.14	141732.21	144120.23	146914.1	149240.19	151424.69	151976.23	152759.86	153836.67	155281.82	155730.89	155366.03	154967.58	154825.89	155044.14	155716.66	156383.37	157539.3	158450.42	159745.77	160756.46	161692.1	162440.2	162911.03	162971.4	162406.58	161585.05	161105.61	161877.28	163477.57	165336.96	166718.85	167746.09	168894.07	170270.58	171526.6	172756.13	173744.29	174867.45	175804.0	176794.23	177283.99	176947.52	176084.25	175834.26	176259.34	176731.5	177066.33	176681.08	176095.29	175495.12	176101.61	177750.69	179265.63	179840.95	179604.6	179549.74	179617.13	179520.61
74026	215517.9	29438.43	29262.44	29606.01	29864.7	30316.41	30450.38	30862.77	31188.87	31385.73	31234.01	31130.95	31013.4	31171.18	31206.99	31251.72	31116.38	31005.18	30906.6	30901.76	31113.55	31384.99	31677.04	31795.71	31875.95	32007.3	32281.42	32520.65	32693.46	32682.53	32833.58	32921.97	33176.58	33315.2	33509.18	33481.81	33507.21	33507.74	33602.47	33639.95	33636.74	33618.35	33720.99	33817.19	34014.16	34308.7	34562.67	34750.15	34624.47	34622.74	34669.56	34890.95	34997.56	35185.17	35294.52	35552.02	35832.03	36225.93	36528.89	36734.38	36832.9	37165.69	37693.4	38287.29	38682.2	38870.66	39052.65	39211.46	39408.54	39560.98	39678.13	39703.05	39722.47	39826.98	40011.16	40267.46	40513.47	40723.28	40874.03	40944.27	41123.22	41492.2	41846.2	42168.23	42269.55	42409.74	42490.05	42646.46	42879.68	43008.14	43124.27	43137.14	43227.63	43376.51	43544.9	43633.98	43605.16	43592.51	43651.92	43615.77	43559.56	43639.59	44075.58	44483.24	44803.44	45037.16	45170.58	45246.32	45339.54	45416.22	45071.37	44411.17	43895.8	43909.52	44073.67	44258.62	44332.35	44426.5	44461.7	44540.15	44667.8	44526.68	43928.96	43169.42	42647.02	42614.46	42604.31	42737.41	42825.95	42977.4	42977.27	42569.0	41992.24	41292.46	41002.84	40831.84	40927.14	41020.28	41112.76	41161.25	41143.73	41172.72	41054.26	41007.91	40961.0	41063.19	41437.33	41774.67	42176.53	42441.46	42516.4	42591.42	42618.1	43066.22	43563.77	44329.89	44789.98	44918.73	44860.95	45186.11	45739.0	45958.93	46034.45	46384.03	47270.11	48037.33	48136.48	47700.53	47145.81	46828.11	46815.42	46697.07	46502.78	45852.5	45359.84	45278.71	45560.59	45712.31	45584.08	45738.32	46200.15	47033.07	47857.6	48855.08	49181.96	49075.64	48825.42	49457.64	50286.2	51414.58	52194.15	52999.26	52970.5	52655.56	51979.93	51628.74	51844.25	52469.2	53432.1	53697.08	54115.96	54591.85	55712.37	56062.58	55630.84	54884.25	54697.58	54940.77	55142.68	55467.88	56073.22	56608.43	56555.27	56181.83	55948.5	56047.26	56756.06	57648.14	58627.57	59447.46	60341.64	60927.0	60929.13	60890.23	61181.13	61860.78	62504.15	64050.9	66165.97	68024.05	69332.71	70306.43	71258.82	71996.04	72450.7	72617.12	72512.15	72098.94	72183.64	72727.24	73768.38	75746.41	77944.32	79855.35	81000.75	81025.1	80738.18	79697.73	79138.8	79222.1	80343.25	82163.36	83940.62	85406.32	86816.22	88157.58	89482.62	90712.93	92281.88	92872.65	92516.77	91417.8	91598.37	92953.45	94722.87	96857.15	98912.67	100896.61	101684.94	102403.3	103427.79	104768.47	105300.19	105378.19	105681.19	106234.01	107097.27	107750.57	108524.23	109207.37	109635.13	109859.92	109925.97	109541.49	108553.77	107291.56	106276.25	105447.38	104868.47	104165.75	104844.01	106221.14	108151.91	109187.71	110023.43	110875.15	111808.93	112164.74	111949.1	111454.14	111271.14	112024.13	113220.31	113805.47	112962.71	111525.08	110239.44	109726.22	109056.45	108614.23	107555.96	106564.9	106001.91	107007.36	109237.19	111359.3	112612.8	112628.33	111845.24	110230.27	108523.56
72113	205139.0	150762.79	150943.46	151256.72	151885.66	152408.31	152610.67	152694.01	152914.87	153475.61	154136.9	154763.3	155173.32	155427.02	155761.4	156048.24	156280.26	156379.78	156846.77	157501.14	158441.52	158993.41	159381.36	159586.5	159954.89	160485.9	160972.97	161402.61	161773.61	162139.41	162512.85	162916.42	163365.85	163971.73	164601.89	165458.04	166295.01	167144.07	167873.14	168420.22	169120.9	169763.26	170668.8	171556.63	172627.97	173723.35	174906.41	175991.56	176899.29	177548.68	178219.33	178972.69	179834.32	180758.86	181742.63	182739.62	183578.99	184361.32	184925.91	185568.96	186198.13	187034.95	187723.92	188223.62	188740.86	189568.53	190692.48	191932.72	193019.35	194060.21	195158.53	196210.58	197167.01	197739.66	198338.52	199066.03	200056.82	201024.48	201913.62	202642.28	203411.11	204166.42	204903.64	205385.41	205515.22	205298.37	204811.41	204462.3	204371.76	204554.38	204900.98	205194.93	205486.75	205557.97	205428.75	205138.18	204933.82	205038.99	205549.23	205842.22	205874.02	205425.88	204997.05	204457.33	204076.05	203825.2	203726.08	203742.66	203612.72	203359.15	202886.46	202532.46	202469.18	202775.31	203220.54	203733.41	203728.4	203445.37	202982.41	202830.73	202997.35	203611.11	204389.85	204889.51	205220.37	205549.23	205928.66	205563.82	204942.93	204287.42	204026.32	203834.87	203579.63	203052.97	202442.91	202021.67	201744.77	201268.75	200942.03	201000.15	201180.29	201184.23	200759.7	200332.58	199805.45	199958.79	200605.18	201831.51	202686.96	202919.79	202174.73	201083.11	200361.68	200457.75	200888.83	201634.32	201988.8	202451.34	202982.89	203835.41	204299.07	204511.92	204583.62	204580.37	204398.72	204244.44	204269.74	204315.84	204174.74	203801.08	203440.71	203288.6	203689.84	204288.86	204892.08	205342.78	205685.46	205858.87	205843.26	205724.17	205883.96	205977.24	205984.54	205859.98	205747.12	205533.7	205071.56	204630.44	204454.27	204432.98	204628.25	204699.37	204658.64	204434.35	204232.33	204021.42	204007.38	203921.45	203785.06	203516.97	203416.52	203440.09	203597.68	203679.25	203772.33	203599.82	203294.4	203202.09	203527.59	204164.37	204896.65	205494.43	206001.04	206337.02	206878.2	207464.73	208093.22	208349.74	208193.92	208006.24	207900.12	208144.31	208268.74	208962.33	209616.55	210323.19	210559.94	210632.1	210734.61	211050.57	211998.8	212951.73	213998.71	214647.51	215157.73	215160.99	215014.61	214984.91	215344.62	215971.6	216930.82	217907.63	218611.9	219160.0	219628.63	220080.71	220420.74	220999.64	221933.58	223316.03	224727.05	226291.27	227839.62	229423.93	231159.56	233297.08	235839.64	238784.93	241675.72	244592.62	247156.31	249489.12	251694.26	254049.69	256472.11	259026.61	262050.44	266146.74	270916.52	275263.95	278185.8	279629.61	280557.96	281348.71	282309.73	282990.22	283409.78	283463.66	283684.94	284492.96	285787.95	287453.43	289148.47	290432.9	291362.34	291705.44	292400.94	292907.9	293416.6	293480.66	293725.07	294330.27	294949.91	295268.54	294992.19	294777.29	294803.76	295128.4	295546.3	295862.03	296225.78	296574.09	296564.71	296237.56	295868.0	295982.91	296546.53	297210.61	297777.8	298461.33	299218.32	300173.37	301153.98	302133.33	303093.72	304058.35	304812.82	305161.52	305158.62	305297.66	305554.15
72106	204420.0	93102.32	93287.66	93226.31	93173.55	93108.87	93602.66	94210.13	94857.36	94879.97	94824.31	94766.67	94923.81	95336.0	95530.3	95877.63	96542.62	97938.62	99501.19	100733.32	101363.3	101761.64	101919.78	102343.92	102902.45	103519.28	103670.38	103643.64	103789.82	104123.94	104646.66	105088.58	105467.77	105399.56	105183.35	105167.78	105455.55	104503.61	102055.64	98603.55	96360.34	96525.62	97468.05	98854.54	99477.21	101289.97	103259.55	105050.24	105796.47	105843.07	105146.87	105015.76	105703.3	107348.78	109477.02	111397.45	112755.64	110914.19	107578.0	105770.09	107073.34	111513.87	114727.55	118462.82	119813.5	120233.71	118781.19	118053.94	118491.68	120131.02	122061.2	123964.04	125265.68	125730.71	126168.88	126870.75	127438.43	128021.96	128044.6	128586.08	128831.37	129758.88	129878.25	129800.33	129331.92	129965.38	131569.04	132885.58	133609.79	133564.97	133900.14	134955.22	136419.67	136977.52	136456.92	135470.47	135659.73	135765.62	136271.09	136363.95	137699.24	139125.07	140288.28	140503.2	139474.86	138048.89	136538.0	135804.15	134384.21	132732.42	131331.51	131036.11	131763.64	131657.36	130813.79	129388.04	128517.91	128503.1	129083.88	130012.73	131358.82	131952.91	132758.18	132635.24	132496.67	132131.89	132658.97	133073.85	133365.97	133171.22	132826.2	131937.95	130849.59	129882.35	129309.58	129356.15	130441.89	131832.92	133244.41	133633.27	133188.96	132327.01	132178.41	132664.92	132681.65	132610.31	132982.55	134032.03	135372.29	136328.12	137198.84	137582.92	138382.76	139673.4	141173.99	141711.33	141652.93	141060.07	140611.13	140213.0	139966.58	139640.02	139027.13	137876.58	137520.06	137614.85	138543.35	138727.25	138743.2	138813.21	139183.24	139427.25	139147.64	138872.2	139204.55	140095.48	141775.42	143175.84	144313.14	144785.55	145026.32	145257.0	145252.17	145268.06	145054.0	144960.63	144952.14	145112.67	145567.53	146577.5	148273.89	150087.73	151102.85	151586.67	151307.87	150814.39	150079.21	149307.85	149236.96	149294.12	150105.23	150910.27	151695.58	151935.57	151737.38	151784.62	151443.81	151114.19	150853.83	151295.59	151884.15	152630.03	153282.47	153948.33	154282.22	154514.3	154491.95	154256.37	153946.83	154398.88	155026.68	155880.66	155901.07	156442.49	157169.95	158232.49	158722.19	159034.75	159575.66	160615.89	162144.93	163281.68	163970.21	164397.43	165288.13	166275.71	166942.41	166620.04	166284.28	166068.69	167128.38	168900.4	171293.06	173670.06	175111.1	175580.56	175242.59	174826.79	174816.15	175505.11	176185.47	176676.42	176652.1	177033.26	177838.3	179167.43	180489.5	182149.8	184054.52	185886.34	186885.11	186503.59	186107.62	186237.46	187332.7	189192.17	191352.14	193483.75	195364.57	196430.3	197088.15	197380.18	197802.17	198285.31	198581.79	198519.31	197893.42	196748.97	195609.99	195617.66	196822.75	199018.12	201323.42	202389.46	202460.13	201929.95	201659.68	201773.8	201347.72	201024.52	201066.72	202412.74	203980.72	205294.52	206385.35	207828.89	209232.51	209829.9	210206.79	210744.29	212191.16	213328.14	214216.6	214053.72	213740.4	212925.55	212291.42	212037.57	212464.12	213981.04	216151.52	219052.04	221379.63	222900.45	223755.19	223780.13	223230.33	221925.02	221534.45	221926.89	222831.63
78245	183000.52	112650.44	112716.12	112723.89	112873.58	112376.19	111690.53	110822.76	110607.82	110593.38	110657.63	110662.79	110672.5	110486.35	110229.75	109863.41	109690.91	109684.41	109835.25	109871.36	109781.03	109566.18	109393.93	109248.6	109113.6	108992.95	108897.97	108983.22	109249.64	109582.27	109878.84	110264.54	110782.39	111426.31	112011.71	112588.07	113072.81	113342.9	113425.61	113394.0	113503.72	113876.29	114382.46	114907.76	115267.61	115488.31	115530.49	115315.24	115280.86	115830.52	117181.18	118596.71	120138.88	121353.75	122540.25	123440.45	123974.51	124810.87	125619.1	126767.17	127604.34	128122.36	128477.4	128707.68	128939.83	129224.93	129640.3	130004.44	130326.25	130593.21	131086.91	131345.71	131548.42	131512.78	131585.23	131644.11	131895.66	132533.27	133184.65	134050.5	134640.21	135271.67	135961.42	137081.88	138392.69	139283.06	139507.37	139659.67	140134.8	141115.03	142179.39	143266.24	144318.75	145292.74	146102.97	146601.93	147134.73	147244.8	147175.92	146731.64	146477.89	146335.35	146186.05	145884.42	145131.81	144118.03	143002.59	142201.81	141569.9	141030.24	140428.61	140018.95	139606.41	139148.04	138404.36	137588.79	136757.48	136203.27	135959.96	136011.74	136041.61	136222.93	136421.46	136784.85	137121.31	137426.43	137563.5	137540.98	137508.57	137238.83	136614.27	135585.75	134529.67	133642.41	132763.42	132280.71	131507.34	130691.91	129399.73	128707.11	128497.34	128596.07	128461.48	128227.14	127731.13	127269.34	127030.8	127429.87	128216.46	129114.8	130006.76	130566.24	130965.89	131133.44	131336.23	131450.17	131426.71	131664.34	132081.4	132886.15	133737.35	134627.59	135530.35	136188.45	136880.55	137400.63	137999.63	138365.63	138687.46	139492.53	140622.07	141902.73	142869.55	143647.71	144492.4	145250.6	145951.94	146392.62	146721.25	147259.27	148015.1	149185.66	150468.82	151665.43	152497.44	153167.89	153928.59	154804.87	155819.12	157016.48	158261.66	159414.25	160538.53	161594.71	162658.48	163269.16	163909.68	164509.78	165331.82	166038.34	166769.49	167505.93	168280.57	169095.55	169952.99	170909.12	171777.44	172623.39	173431.89	174239.49	175121.72	175829.85	176440.86	176940.67	177784.56	178859.48	180160.05	181311.64	182272.13	183098.59	183862.5	184708.83	185480.08	186430.35	187342.96	188289.33	189121.92	190056.23	191126.3	192206.64	193191.8	193930.1	194552.06	195153.72	195778.47	196291.49	196864.57	197545.94	198511.35	199640.31	200853.52	201947.12	202886.06	203677.88	204323.3	204685.78	204941.33	205508.52	206601.32	208374.82	210717.35	213557.47	216426.11	219151.93	221725.02	224747.32	228186.82	232130.69	236242.08	240313.49	244137.37	247633.09	250898.33	254394.45	258072.77	262561.56	267466.26	272947.21	278439.07	283579.17	287890.2	290583.95	291324.8	290531.23	289404.69	288345.16	287556.33	286915.43	285873.05	284738.34	283612.89	283070.91	283079.98	282893.07	282672.3	281677.15	280383.22	278766.13	277071.94	275972.38	275472.62	275493.39	275473.27	275121.99	274744.45	274030.7	273502.42	272802.67	272039.42	271166.07	270442.25	269749.73	268809.4	267319.37	265730.66	264253.27	263204.05	262437.14	261973.86	261571.18	261116.69	260608.04	260358.38	260248.04	260151.78	259975.2	259602.69	258933.39	257936.27	257005.23	256494.88
74403	90222.22	65685.04	65797.93	65907.54	66146.74	66357.73	66598.86	66857.39	67110.56	67300.64	67408.98	67600.3	67893.21	68345.37	68690.4	69026.16	69334.61	69679.91	69984.52	70222.51	70517.49	70809.34	71092.48	71306.99	71413.12	71473.74	71556.02	71730.96	71969.98	72206.55	72425.26	72572.02	72752.54	72939.64	73202.09	73434.19	73662.85	73860.99	74093.34	74344.06	74620.25	74809.09	74991.14	75113.91	75296.66	75496.6	75720.84	75990.44	76245.57	76539.7	76799.35	77083.63	77350.27	77549.62	77696.95	77812.45	78036.91	78312.58	78673.3	78937.95	79164.07	79515.01	79960.18	80327.9	80522.98	80663.11	80969.34	81317.33	81678.74	81970.26	82251.05	82513.33	82781.15	82988.94	83253.58	83594.37	84000.76	84345.76	84549.11	84675.49	84845.47	85092.62	85402.76	85699.83	86041.46	86374.88	86686.66	86911.58	87074.09	87289.4	87565.89	87889.77	88165.1	88400.76	88630.31	88871.55	89117.86	89291.03	89380.62	89518.2	89700.13	89951.98	90221.79	90479.55	90792.95	90992.31	91095.62					84728.82	84757.48	84821.51	84933.02	84996.08	85042.99	85049.72	84578.1	83980.93	83372.01	83219.99	83243.69	83356.24	83500.9	83625.21	83671.57	83693.51	83686.67	83710.76	83608.22	83488.63	83282.33	83060.31	82821.87	82606.43	82482.02	82423.24	82435.62	82486.1	82535.73	82589.39	82417.68	82239.32	82059.48	82112.14	82100.85	81941.48	81709.93	81718.37	81866.65	82003.66	81703.56	81491.3	81343.95	81514.5	81373.3	81020.48	80368.48	79874.42	79319.25	78991.19	78808.36	78922.66	79062.75	79294.13	79724.47	80192.83	80535.6	80487.98	80317.32	79762.43	79337.52	78987.45	78961.53	79163.25	79218.22	79188.35	78905.18	78924.74	79130.83	79359.69	79209.28	79259.15	79371.25	79888.58	80154.77	80731.17	81201.87	81748.18	82187.93	82814.99	83742.2	84679.29	85513.12	86041.51	86427.08	86557.32	86534.31	86329.94	86168.96	85996.32	86140.33	86166.58	86264.57	85954.4	85601.09	85160.52	84747.82	84445.3	84349.77	84447.78	84828.15	85051.48	85382.85	85501.27	85673.87	85993.69	86463.06	87032.16	87706.46	88176.33	88208.13	87972.69	87936.07	88303.83	88547.93	88935.83	89215.44	89740.8	90236.82	90963.13	91587.56	92198.46	92814.35	93134.52	93316.7	93228.36	93515.13	94225.91	95365.92	96710.22	97767.82	98720.99	99534.25	100176.15	100734.22	101209.32	101926.82	102935.18	103952.26	105203.47	106468.56	107999.19	109672.03	111636.15	113533.79	115461.19	117367.11	118901.69	120224.53	121143.4	122670.97	124256.48	125632.99	127255.01	128926.76	131045.74	132749.8	134240.73	135931.06	137169.36	137883.72	138039.21	138178.33	138749.54	138887.09	138923.22	138773.83	138636.03	139013.25	139709.13	140673.74	141271.15	141697.43	142377.09	143329.45	144308.6	145105.87	145336.97	145437.48	145612.15	146197.54	146891.93	147630.79	148507.72	149519.33	150246.07	150958.8	151714.5	152793.21	153708.38	154234.65	154370.53	153850.51	153075.25	152316.7	152094.59	152228.67	152537.87	153023.82	153555.73	154223.19	154944.98	155848.93	156869.02	157793.31	158146.48	158099.01	158132.01	158460.41
74401	90222.22	67681.14	67468.82	67434.84	67493.58	67738.38	68050.97	68374.31	68612.42	68778.52	68828.15	68982.49	69251.54	69662.06	69928.92	70111.09	70271.19	70508.47	70849.36	71131.22	71584.85	72099.75	72510.81	72797.65	72859.32	72927.21	72954.35	73042.65	73127.48	73304.23	73444.65	73628.21	73837.43	74047.24	74274.57	74455.84	74613.84	74753.4	74802.64	74997.02	75291.79	75637.18	75908.19	76032.68	76255.9	76398.39	76613.71	76775.15	77045.84	77266.08	77488.85	77612.28	77832.02	77977.96	78143.47	78261.18	78464.36	78745.44	79074.34	79362.23	79619.29		81803.67	82081.53		80349.56	80376.37	80661.73	81063.45	81378.65	81855.97	82319.82	82833.71	83005.21	82955.27	82944.71	83206.25	83713.33	84112.73	84452.48	84690.98	84985.58	85242.43	85632.04	86017.92	86395.04	86610.9	86848.9	87070.1	87429.09	87660.98	87929.51	88082.25	88313.4	88565.77	88859.8	89121.27	89136.15	89072.93	89093.39	89410.62	89885.42	90665.19	91360.6	92003.33	92211.39	92443.81		88146.51		84094.3	83711.82	83675.53	83841.03	84069.19	84233.55	84151.05	83969.03	83358.63	82730.22	82155.62	82086.21	82113.2	82222.19	82481.33	82813.9	82884.18	82854.97	82684.55	82582.89	82242.87	81968.95	81706.66	81398.9	80996.52	80591.85	80293.0	80145.2	80057.67	80111.27	80168.07	80223.42	80137.55	80126.45	80150.44	80211.99	80381.05	80234.15	79946.29	79460.77	79179.27	79320.9	79455.0	79653.93	79284.74	78878.74	77890.97	76757.21	75417.88	74318.43	73070.05	71861.94	71274.33	71254.6	71716.76	71989.12	72080.43	71667.69	71148.03	70754.55	70585.71	70089.39	69486.99	68917.15	68862.83	69456.89	70084.9	70095.41	69276.23	68377.81	67744.47	67153.9	66164.16	65333.79	64741.12	64840.36	65156.06	65925.65	66757.24	67532.96	68517.75	69786.6	71439.14	72808.88	73747.91	74569.03	75333.65	75747.95	75486.06	74363.68	72853.62	71628.37	71481.73	71871.4	72298.22	72177.36	71878.02	71522.76	71409.09	71467.32	71819.63	72032.98	72362.87	72280.78	72370.41	72201.75	72255.64	72490.8	72904.37	73427.6	73843.88	73926.43	73146.04	72468.42	72245.48	72880.36	73264.79	73880.7	74522.88	75397.33	76190.4	77012.18	77896.07	78674.79	79251.81	79322.09	79312.83	79293.65	79387.1	79627.39	79969.2	80657.51	81477.68	82696.27	84324.87	85671.46	86637.05	87167.19	88248.04	90004.27	92006.35	93701.23	94969.0	96266.45	98164.64	100528.6	102591.69	104327.93	105430.51	105441.26	105072.27	104666.07	106248.04	108332.61	109948.65	111110.31	112123.21	113964.16	115223.64	116312.29	117708.52	118721.86	118781.82	118347.7	118160.65	118539.32	118012.54	117052.19	116048.48	115543.8	115923.35	116528.21	117211.67	117390.89	117460.26	117550.29	117630.54	117959.05	118320.97	118419.31	118444.51	119125.88	120366.16	121765.35	123534.25	126058.84	129017.35	130645.35	131176.2	130652.33	130726.62	130978.62	131190.24	130441.01	128070.08	124848.49	121633.13	119586.94	118415.83	117566.0	116917.77	117010.92	117785.86	119312.68	121289.02	122985.67	123904.17	123759.19	123900.3	124705.57	125903.47
74434	90222.22	103946.59	104137.83	104409.83	104864.88	105273.67	105720.35	106025.96	106288.57	106148.33	105998.73	105932.85	106133.32	106695.74	107290.45	107939.47	108373.03	108726.96	109023.92	109381.75	109778.27	110146.31	110548.89	110881.73	111204.16	111417.28	111779.31	112147.66	112471.66	112697.32	112921.04	113203.07	113452.38	113768.05	114135.31	114517.86	114856.21	115223.06	115650.84	116140.3	116532.12	116810.16	117098.33	117385.85	117807.69	118153.25	118485.25	118850.61	119250.53	119705.7	120115.68	120618.01	121093.42	121457.92	121645.66	121800.98	122142.8	122617.28	123164.81	123470.86	123701.26	124000.67	124505.54	124993.74	125417.69	125861.19	126368.89	126951.55	127432.41	127991.29	128521.95	129041.68	129421.82	129845.17	130358.2	130895.19	131335.06	131771.75	132208.79	132547.37	132984.95	133417.04	133990.1	134522.57	135167.16	135771.55	136262.08	136650.21	136930.21	137310.58	137646.91	137975.32	138145.65	138410.69	138803.06	139178.39	139407.09	139428.64	139522.75	139405.35	139258.63	139103.76	139977.2	141089.71	142277.8	142749.32	142941.85		138492.74	135823.72	134564.4	133753.3	133266.67	133237.91	133248.84	133250.76	133340.09	133412.39	132973.48	132247.06	131354.22	131001.51	130674.05	130599.36	130385.12	130414.76	130431.86	130417.14	130528.18	130545.78	130586.85	130428.2	130427.26	130371.61	130386.9	130279.4	130171.38	130048.28	130077.58	130163.13	130299.31	130385.67	130053.36	129736.0	129407.25	129496.44	129567.9	129631.15	129575.84	129443.29	129145.89	128761.43	128066.8	127392.29	127000.47	127070.94	127279.62	127493.66	127585.71	127883.99	127843.76	127718.67	127370.3	127039.97	126817.72	126478.62	126845.4	127393.17	127933.41	127728.61	127029.3	126063.49	125628.26	125378.83	125553.81	125988.05	126841.17	127545.02	127809.04	128015.01	128534.36	128965.05	128983.84	129237.79	129856.07	130832.52	131449.44	132050.91	132135.74	132402.01	132854.42	134065.93	135516.19	136927.57	138141.2	138771.6	138964.74	139122.43	139273.06	139336.99	138932.92	138398.88	138118.36	137898.72	137920.98	137762.33	138056.45	138390.91	138753.0	138847.68	138836.31	138961.24	139300.84	139759.98	140094.66	139949.81	139576.53	139376.83	139347.95	139686.65	140147.49	140628.53	140540.04	140131.67	139649.33	139867.73	140266.72	141150.53	141712.45	142043.39	142167.67	142513.78	142947.72	143277.85	143780.04	144363.89	145441.6	146198.17	146993.85	147582.35	148364.32	149358.07	150168.77	150709.17	151082.6	151201.07	151709.6	152649.1	154261.13	156242.56	158124.03	160199.45	162256.37	164346.87	166615.27	168742.91	170845.53	173146.01	175721.47	177904.28	179560.91	180664.12	182250.22	184005.57	185932.21	188539.56	191786.96	195422.34	198795.89	201318.56	203777.92	205176.21	205938.26	205761.36	205560.14	205702.91	205833.76	205876.13	205640.74	205599.08	206107.41	206947.56	207920.22	208762.09	209606.68	210711.15	211607.94	212345.16	212941.59	213239.7	213562.96	213965.07	214926.58	215784.73	216524.04	217219.49	218357.71	219138.95	220072.19	221319.1	223471.52	225669.34	227079.25	227590.19	227016.71	226203.05	225420.5	225299.66	225288.64	225427.09	225707.35	226347.28	227112.68	228238.11	229844.03	231708.53	233157.37	233724.77	233566.79	233101.22	232698.38
74436	90222.22	80974.55	81491.46	81922.93	82900.53	83517.18	83835.35	83721.97	83446.12	83176.11	83189.09	83570.37	84109.91	84535.57	84869.19	85039.79	85246.71	85337.55	85477.8	85567.04	85765.95	85899.98	85873.3	85723.05	85720.75	85674.39	85808.34	86207.58	86872.14	87121.88	87061.59	87083.46	87398.69	87761.69	87992.4	88263.71	88418.85	88444.57	88449.56	88718.06	89144.6	89589.49	89936.75	90003.08	90082.14	90027.25	90035.92	89974.17	89846.4	89734.23	89849.7	90234.7	90994.7	91594.03	91990.57	92395.09	92749.2	93233.37	93443.06	93730.95	93938.21	94877.07	95925.59	96420.49	96247.22	96021.96	96441.04	96934.15	97532.33	98254.87	99129.22	99951.19	100776.13	101251.53	101407.6	101635.46	102033.59	102793.43	103343.05	103693.83	103810.53	104035.62	104320.82	104990.81	105604.15	106158.53	106327.16	106394.67	106576.04	106756.66	107182.34	107808.77	108718.85	109409.47	109934.73	110223.7	110275.58	110145.46	109927.71	109810.15	109989.15	110430.19	111418.1	112420.5	113708.27	114278.55	114323.88		109643.18	107197.92	106161.19	105651.21	105431.61	105359.73	105376.95	105331.7	105345.32	105339.12	104663.58	103950.39	103014.27	102746.36	102608.13	102505.72	102536.85	102571.6	102599.11	102298.5	102186.76	102160.21	102321.74	102318.75	102365.49	102042.52	101550.17	101061.04	100822.82	100776.63	100744.42	100707.4	100391.5	99900.93	99426.53	99372.49	99581.69	99851.18	99994.85	99968.0	99897.28	99781.13	99349.18	98950.1	98195.58	97813.48	97565.58	98008.66	98535.98	99048.52	99069.51	98952.83	98534.14	98037.28	97554.76	97383.94	97594.74	97698.61	97981.3	97956.63	97791.31	97259.06	97135.99	97014.51	96877.42	96509.07	96451.75	97093.81	97810.57	98179.19	97809.67	97433.44	97624.16	97755.46	97715.02	97643.99	97963.47	98656.8	99078.45	99581.04	100002.28	101316.06	103423.73	105648.77	107476.92	108802.02	110092.98	111329.5	112311.66	113091.04	113460.34	113365.23	113067.63	112435.24	112250.34	111806.94	111753.85	111441.17	111380.67	111604.8	112022.97	112550.51	112908.88	113340.63	114114.65	115213.8	116155.19	116662.37	116740.94	116920.52	116791.8	116967.21	117217.6	117721.57	117661.19	117493.24	117383.04	118040.35	118636.34	119958.55	120911.81	121862.54	122303.54	123133.4	124191.33	125447.02	126514.25	127424.23	128152.5	128401.96	128639.56	129150.12	130347.94	131889.02	133204.92	134209.49	135223.68	135983.16	136725.58	137550.23	138833.77	140545.63	141967.6	143638.84	145789.37	148504.4	151649.25	154492.04	156779.0	159035.32	161648.0	164365.03	167045.56	169199.09	171923.08	174713.35	177377.64	180169.83	182980.88	186078.48	189200.57	192076.04	194892.69	195853.9	195055.57	193014.26	191324.25	190390.06	189753.39	189601.34	189776.54	190338.74	190805.13	191129.27	191243.99	191480.51	192126.75	193308.7	194444.86	195607.7	196281.01	196187.35	196147.34	196274.54	197381.78	198153.99	199061.15	200136.95	201674.15	202116.83	202521.18	202334.35	203657.98	204968.08	206428.47	206999.77	206468.55	205383.22	204456.56	204289.69	204527.92	204871.55	205421.04	205924.21	206676.71	207780.89	209650.39	211218.9	211911.97	211719.54	211636.72	212133.9	213027.56
74469	90222.22	70607.19	71175.94	71482.53	72114.52	72322.45	72548.82	72719.01	72837.59	72808.48	72794.72	72936.84	73252.18	73590.61	73723.45	73986.06	74122.11	74475.13	74567.38	74696.14	74602.72	74602.57	74724.55	75092.68	75549.51	76153.44	76755.54	77258.98	77486.19	77674.52	77919.13	78326.52	78663.85	78653.08	78523.34	78380.31	78297.18	78300.03	78224.56	78331.89	78417.53	78571.4	78699.46	78638.99	78909.26	79325.51	79954.1	80365.61	80631.39	81075.82	81390.04	81678.95	81966.02	82407.09	82929.96	83192.26	83534.83	84051.64	84711.5	85214.15	85320.85	85749.13	86102.47	86408.66	86124.08	85850.04	85908.94	86131.25	86371.18	86464.05	86579.03	86788.13	87128.29	87393.74	87605.78	87755.11	87975.72	88236.27	88384.59	88560.93	88808.25	89305.52	89650.16	89925.85	90184.0	90588.59	91125.4	91311.21	91165.52	90984.0	91056.75	91442.49	91911.87	92357.46	92769.89	92990.7	93138.66	93324.92	93572.81	94210.26	94895.61	95505.14	95770.56	96059.58	96818.79	97793.74	98546.54		94466.41	91892.0	90933.24	90419.61	90396.01	90205.36	90534.54	90473.68	90871.27	91455.32	91381.64	91434.31	91244.49	91831.61	92088.3	91986.13	91623.03	91504.68	91357.63	91370.86	91143.6	90523.29	89112.59	87665.52	86531.71	85889.97	85441.74	85153.46	85353.51	85538.24	86134.53	86384.52	86181.4	85982.75	85277.66	84852.49	84205.87	83931.59	83733.61	83459.65	83200.71	83324.17	83473.76	83880.04	83855.19	83479.72	83072.95	82938.77	82992.57	82654.13	82087.38	81613.87	81056.35	80468.67	79793.84	79481.17	79449.2	79465.81	80075.35	80713.24	81304.57	81179.83	80917.31	80588.46	80402.98	79992.71	79787.79	79738.92	79749.98	79425.99	79095.98	78907.87	79132.1	79252.47	78998.48	78714.55	78289.43	78509.32	78734.83	79288.26	79458.38	79933.0	80883.22	82228.24	83609.66	84957.37	86391.38	87660.67	88613.57	89375.94	90011.2	90154.61	89928.16	89380.04	89247.52	88883.0	88687.85	88188.09	88166.93	88221.01	88438.6	88546.34	88659.4	88755.73	89157.97	89478.07	90043.58	90375.45	90867.05	91254.74	91258.57	91237.85	91618.18	92230.61	92555.06	92628.8	93071.07	94135.38	94944.93	95677.56	96262.82	97227.56	98374.67	99645.03	100580.69	101371.8	101992.85	102324.15	102363.73	102100.75	102266.73	103158.7	104642.38	106358.44	107601.87	108761.23	109914.85	110855.17	111251.95	111728.55	112343.5	113623.49	114904.49	116652.89	118591.36	120374.77	122424.79	124595.91	126877.61	128933.6	130917.84	132184.86	133327.7	134217.92	136173.17	138445.86	140192.14	142157.31	144065.54	146740.34	148927.89	150762.91	152713.85	154010.07	154603.71	154322.18	154435.8	155286.52	155714.44	155286.5	154470.51	153921.13	154218.68	154584.52	154948.95	154741.81	154741.0	155320.9	156336.1	157086.97	157429.51	157178.26	156805.14	156769.58	157515.69	158543.14	159876.71	161679.99	163918.26	165256.38	166357.78	167575.5	170107.49	172784.29	174551.3	174670.75	172762.96	170459.11	168403.04	167656.92	167518.23	167621.6	167707.08	167606.14	167524.15	167501.8	168179.8	169016.11	169892.69	170221.89	170497.23	170762.29	171300.01
74450	90222.22	86467.9	86933.13	87003.16	87133.32	87050.82	87038.31	87487.88	88182.79	89224.76	90324.9	91498.31	92520.57	93320.62	93943.89	94593.17	94891.03	94771.29	94452.65	94253.87	93856.64	93542.2	93359.05	93558.06	93972.88	94502.74	95293.31	96006.24	96663.07	97163.02	97722.46	98549.76	99297.18	99823.83	99712.46	99906.59	100321.92	100883.72	101237.2	101319.06	101928.85	102530.16	103140.95	103171.83	103133.58	102857.5	102812.17	103106.19	103832.46	104301.64	104422.99	104208.31	104482.58	104844.04	105273.1	105759.21	106099.07	106480.23	106852.36	107445.64	107795.51	108661.29	109565.37	110349.29	110109.0	109526.78	109497.23	109672.63	110532.85	111114.98	112088.94	112463.53	113195.61	113491.79	113980.15	114410.8	114993.75	115472.57	115640.83	115842.81	115893.79	116047.74	116160.53	116485.16	116778.81	117257.27	117975.37	118866.41	119377.47	119584.69	119799.54	120162.97	120529.21	120705.79	120701.34	120406.73	120102.97	119900.69	119793.14	120031.13	120381.47	121012.04	121706.6	122653.27	124188.98	125514.2	125873.99		120470.78	117659.37	116294.17	115303.34	114973.57	114795.6	115516.89	115624.8	116392.72	117093.03	117026.55	116669.75	115753.17	116193.91	116577.92	116826.5	116991.97	117046.55	116975.05	116782.37	116726.78	116772.38	116008.53	115210.22	114611.42	113781.42	112758.99	112085.48	112798.46	113956.22	114982.16	114906.46	114249.98	113305.58	111334.01	109330.48	107428.51	106978.93	106929.99	106666.35	106637.02	106590.69	106480.76	106169.21	105446.06	104826.45	104381.27	104424.33	104818.88	104787.23	104642.43	104520.81	104452.94	103861.88	102925.54	102431.59	102675.09	103106.17	103955.65	104609.47	105067.01	104528.77	104188.25	103517.26	103511.2	103403.05	104059.94	104881.83	105787.39	106101.61	105891.06	105888.86	106739.51	107850.6	108612.03	109688.7	110912.89	112770.78	114170.41	115401.85	115646.83	115735.95	116908.07	119318.95	122217.07	124950.36	127359.73	129681.05	130816.95	131418.77	131530.72	131604.66	131210.81	130447.37	130571.34	131396.96	132663.75	133053.61	133348.9	133661.71	134011.13	133998.13	133469.34	133233.3	133585.1	134271.34	135033.15	134984.05	134681.36	134956.06	135307.66	135724.87	135448.4	135606.46	135428.37	135122.56	134884.71	135682.76	136574.46	137333.5	137066.25	136146.82	134601.41	133499.02	132649.41	132492.76	132777.87	133628.09	134891.79	135815.72	137010.52	138177.05	139588.3	140966.2	142076.0	143309.95	144555.63	145637.67	146205.54	147152.26	148821.25	151693.35	154397.81	157254.99	160133.14	163487.81	167103.09	170834.56	174286.2	178140.17	181380.89	183837.73	185266.86	186699.59	189210.22	192080.5	194529.8	197715.48	201122.78	205134.88	208612.63	211160.22	213609.04	213742.92	212902.08	210672.71	208932.05	207902.72	207215.62	206900.41	206485.78	206129.48	206611.02	207417.04	208356.6	208805.74	209514.42	211124.33	212629.83	213821.37	214432.46	214738.82	214999.16	215412.55	216322.82	217247.17	218460.83	220150.29	222566.52	222977.49	222419.39	221009.48	222126.32	223446.81	225093.49	224981.31	222760.81	219165.75	216116.97	215270.4	216000.24	216910.87	217666.11	218468.92	219598.89	221765.86	224997.86	228847.0	231727.57	233458.85	234356.01	235199.57	235473.05
74455	90222.22	68474.38	69277.6	69509.86	69962.9	70105.63	70504.69	70799.06	70748.7	70428.26	70484.51	70844.52	71531.75	72349.33	72829.02	73365.58	73749.09	74547.95	74842.12	74589.89	73899.75	73553.42	73853.75	74443.51	75044.59	75446.18	75803.73	76169.19	76403.25	76586.56	76841.17	77138.41	77461.39	77428.79	77567.19	77681.12	77924.34	78103.43	78171.46	78394.84	78708.14	79013.34	79140.25	79027.75	78936.78	79116.73	79461.38	79961.96	80119.1	80384.66	80614.91	80985.87	81310.91	81832.6	82356.65	82610.32	82699.92	82941.68	83307.43	83645.39	83815.01	84684.8	85396.24	85815.49	85517.04	85316.13	85491.17	85639.73	85873.83	85974.85	86264.91	86556.43	86994.97	87371.81	87725.34	88117.4	88838.89	89505.38	90208.16	90377.6	90898.57	91460.35	92210.8	92906.68	93348.22	93661.83	93878.21	94116.82	94413.42	94675.23	94990.58	95262.02	95288.83	95215.13	95377.53	95809.46	96148.26	96310.64	96350.05	96240.18	95681.42	95071.7	94875.03	95342.17	96028.66	97094.01	97641.21	96975.9	95531.79	94310.47	93523.72	92600.67	91715.7	90883.89	90902.05	90749.86	91124.73	91510.05	91867.46	92416.6	92969.43	93925.44	94485.47	94421.17	94175.4	94295.06	94449.62	94866.9	94765.81	94155.67	92769.79	91272.63	90367.12	89641.44	89435.15	89378.33	89829.5	90278.04	90931.06	91232.03	91246.02	90992.54	90167.7	89594.31	88806.0	88473.02	88196.35	88153.91	88363.54	88661.14	89174.7	89678.39	89805.62	89362.8	89017.19	89006.43	89241.84	88758.39	88375.4	88133.51	88242.03	87912.0	87489.9	87356.04	87702.83	87684.15	87755.04	87544.7	87311.52	86694.37	86324.02	86515.57	87072.6	87479.04	88036.35	88968.93	90074.82	90365.06	89989.46	89564.36	90069.95	90886.28	91511.14	92014.65	92632.57	93535.4	93840.89	94091.07	94499.17	95753.01	97958.71	100352.43	102587.56	104067.12	105028.12	105808.55	106700.16	107669.07	108659.34	108821.39	108299.06	107161.57	106663.51	106304.67	105834.15	105253.65	105363.56	106123.37	107022.48	107537.38	107857.2	108110.52	108559.42	109406.91	110504.79	111675.91	112406.33	112549.26	112101.78	111956.2	111987.86	112321.75	112098.72	112219.06	112721.62	113888.32	114939.33	115961.19	116321.87	115770.81	114743.61	113926.81	113730.09	113522.36	113859.38	114544.66	115375.81	115522.64	115643.98	116808.63	118982.71	121582.96	123584.37	124956.74	125901.83	126253.58	126310.01	126378.62	127236.58	129291.01	131869.61	135260.86	138541.12	141771.0	144878.45	148393.04	151487.36	154406.2	156949.78	158923.29	160406.44	161289.7	162824.1	164970.69	167530.97	171320.76	174631.51	178306.17	181255.21	183838.92	185815.93	186232.03	185456.69	183940.44	182580.49	181800.61	180445.8	179521.85	179474.32	181228.38	183227.23	184786.28	185423.29	185883.54	186528.3	187904.91	189055.59	189899.4	190160.23	190576.77	191415.51	192441.05	194158.69	195700.66	198220.67	200764.39	203984.19	204770.16	204890.22	204244.99	206073.05	207991.1	209072.11	208193.59	205993.84	204028.26	202875.78	202992.91	203913.33	203889.22	203272.61	202510.14	202914.67	204065.92	205629.95	207547.47	209526.72	211359.19	213193.82	214411.08	214845.97
74470	90222.22	62762.85	63355.8	63644.53	64521.29	65016.39	65702.74	65850.99	65807.73	65462.76	65273.72	65413.87	65819.99	66506.13	66809.86	67360.78	67748.52	68439.57	68493.68	68198.78	67741.23	67687.72	68091.08	68711.19	69172.88	69794.54	70873.65	72088.53	72957.74	73252.27	73708.59	74123.78	74332.21	74010.1	73693.85	73515.12	73727.73	73859.42	73843.21	73638.7	73703.89	74069.99	74479.5	74321.07	74236.13	74235.47	74743.58	75444.05	75849.1	76364.95	76271.48	76250.74	76323.29	76778.72	77339.7	77738.21	78004.02	78663.98	79379.25	80015.42	80169.85	80664.54	81057.5	81448.1	81303.44	81326.04	81629.04	81951.95	82252.11	82300.43	82341.28	82365.7	82498.64	82820.59	83082.33	83358.71	83267.21	83185.6	83088.47	82979.79	83103.08	83068.51	83306.16	83558.05	84013.76	84259.19	84487.02	84530.44	84581.15	84699.36	85030.3	85383.06	85741.86	85851.04	86093.74	86311.02	86850.44	87314.27	87650.78	87942.87	88273.43	88582.11	88565.87	88539.99	89119.39	89925.29	90715.78		88199.37	86211.44	85345.39	84480.59	84309.98	84042.45	84212.26	83751.77	83585.21	83677.91	84355.32	85141.71	86234.32	87372.48	88245.12	88582.54	89191.8	89880.66	90466.74	90841.19	91184.65	90899.22	89212.89	87062.05	85290.81	84239.9	83532.54	83062.8	83015.12	83379.04	84162.65	84868.14	85075.28	85074.0	84830.54	84556.47	83979.84	83327.59	82667.52	81655.63	80585.27	79685.91	79141.37	79070.29	78551.16	77746.64	76597.89	75960.95	75451.4	74649.87	73905.26	73534.13	73351.04	72887.64	72355.64	72487.66	72961.84	73286.85	73732.69	74176.6	74409.93	74054.32	73816.77	73732.0	73575.1	73163.88	73410.21	74498.01	75606.65	75927.62	75853.68	76009.66	77091.02	77920.33	78434.89	78816.36	79320.8	80078.3	80329.09	80677.41	80804.54	81565.22	83649.81	86642.86	89460.0	91459.27	92947.65	94360.5	95302.43	96109.07	97100.03	97857.12	98085.85	97298.05	96790.72	96469.83	96562.21	96418.75	96372.52	96293.19	96195.54	96173.88	96305.38	96321.02	96582.39	97002.87	97832.16	98168.98	98179.3	98345.48	98490.24	99216.11	100125.69	100965.42	100645.24	99454.72	98347.31	98167.71	98285.37	98969.82	99582.35	99990.83	99608.56	99191.4	98802.77	98917.35	99294.14	100064.19	100865.88	101178.58	101101.8	101299.3	101922.82	103408.66	105147.63	107523.86	109875.16	112133.15	113295.79	114312.36	115476.25	117420.91	119208.28	121125.14	123290.57	125868.16	128708.07	131718.23	134425.81	136939.79	138801.94	139241.83	139158.2	139136.92	141011.36	143742.35	146268.1	149259.6	151887.75	154857.39	157403.98	159158.51	161385.64	162507.96	162764.54	161835.3	160901.49	160824.1	160406.71	160278.01	160777.79	162127.05	163977.51	165314.48	166345.85	167048.8	168286.77	170101.69	171525.15	172262.02	172400.1	171903.54	171536.65	171513.66	172361.64	173251.8	174861.47	177625.01	181078.31	182741.4	183746.78	184536.56	187351.63	189330.0	190857.78	190601.74	188671.98	185648.35	183229.82	183290.68	184534.4	185482.94	185576.41	185471.57	185386.99	185590.68	186898.19	188797.91	190760.24	191866.46	193160.85	194472.94	195583.06
74428	90222.22	88736.91	89030.87	88901.36	89134.47	88820.46	88358.18	87454.57	87076.25	87349.61	88452.23	89329.34	90436.66	90725.74	91052.67	90985.59	91030.77	91518.04	91917.9	92355.45	92009.11	91663.64	91380.1	91438.17	91856.42	92522.64	93290.97	93774.54	94021.91	94530.68	94624.85	94464.65	94175.87	94343.53	94866.04	95412.73	95894.48	95824.93	95716.85	95596.32	96354.78	96819.01	97195.78	97011.63	96921.95	97217.8	97831.22	98359.64	98875.84	99360.84	99888.8	100068.84	100650.2	101408.5	102218.57	102433.22	102656.02	103362.47	104389.81	105243.41	105558.23	106281.15	107576.09	108760.52	108874.66	108824.61	109083.17	109790.67	110378.18	110758.46	111552.48	111726.98	112065.38	111799.08	111990.01	112468.59	112955.11	113974.31	114717.72	115447.87	115401.76	115211.75	115484.42	115626.07	115802.22	115686.75	115949.94	116522.46	116961.12	117384.89	117761.23	118024.25	118008.54	117879.65	117772.89	117601.54	117327.4	117271.13	117265.8	116345.49	115021.63	114130.74	114632.98	115735.2	117053.9	117855.51	118153.56	117656.04	117066.66	116918.19	115898.03	114719.57	113137.72	112710.43	112959.77	113419.07	114021.27	114406.92	114449.25	114562.78	114225.01	114213.73	113436.24	112868.74	112469.64	112425.58	112680.03	112918.88	113335.3	113124.91	112755.34	112192.32	111750.11	111034.74	110664.1	110915.72	111455.1	111924.92	111778.65	111384.85	110796.4	110300.27	108759.47	107526.42	106269.77	106057.0	105846.23	105851.62	105846.74	106281.51	106623.33	107394.34	107199.08	106830.12	106179.36	106596.69	107511.68	108361.03	108514.11	108563.03	108819.27	108827.71	108759.79	108814.39	109265.46	109633.06	110175.25	110617.4	110464.38	110077.74	109734.31	109715.99	109529.52	109314.41	109479.12	110109.76	110797.46	111127.97	110780.05	110836.61	111432.79	112607.67	113098.65	113675.34	114457.14	115665.52	115933.65	115841.01	115653.47	116698.35	118443.8	120572.56	122122.86	122975.3	123489.48	123949.85	124573.23	125525.01	126192.34	126408.53	125491.64	124479.87	124058.63	124175.44	124099.32	123977.88	124324.23	125036.87	125342.55	125325.78	125119.18	124807.35	124197.36	123886.99	123890.37	124176.56	124784.89	125119.45	125322.84	125484.7	126140.51	126695.63	126912.17	127156.61	127656.74	128874.47	129899.65	131326.9	131602.14	131468.43	131266.75	131834.76	132814.05	133233.48	133867.68	134679.95	135968.15	136570.08	137461.63	138829.08	141290.97	143846.94	146277.68	147716.84	148792.62	148789.57	148469.04	148077.82	148784.84	150884.74	153291.91	156916.07	160711.55	164759.37	168034.02	171282.59	174247.34	178269.66	182979.14	187175.21	189921.51	190907.89	192332.6	194684.03	197649.71	202671.38	207776.5	214026.81	219156.69	222139.46	223927.67	224098.52	223909.88	222505.69	221043.59	219711.39	218101.19	216286.05	215111.41	215886.91	217395.47	219470.81	221286.06	223256.7	225314.69	227216.82	228405.75	228361.77	227412.12	225908.06	224924.92	224355.34	225012.08	226284.39	228288.59	230305.37	232342.98	232903.62	232824.8	232004.28	233077.23	234086.78	234236.03	232270.64	229189.02	226909.6	225501.75	225364.71	225816.54	225972.67	225876.19	225739.23	226236.12	227074.36	228176.86	229791.11	231046.61	232050.51	232666.17	233613.38	233853.55
74801	57710.86	50169.13	50262.48	50335.81	50483.42	50610.26	50790.72	51006.97	51189.54	51306.33	51378.86	51524.9	51813.12	52182.21	52477.78	52647.37	52723.74	52840.0	53019.17	53187.19	53389.98	53530.54	53702.68	53843.38	53978.36	54133.07	54237.08	54323.9	54358.9	54400.86	54471.74	54563.45	54729.81	54848.08	55021.5	55165.47	55361.45	55510.37	55632.03	55747.58	55879.37	56004.42	56126.55	56215.63	56309.36	56392.06	56526.14	56706.76	56919.12	57176.19	57391.33	57551.85	57654.52	57789.6	57962.75	58136.86	58333.45	58541.17	58797.6	59000.44	59143.57	59313.91	59568.02	59944.74	60278.31	60638.58	60974.82	61307.61	61594.1	61872.14	62162.63	62484.72		63632.14	63811.86		63431.35	63566.61	63783.11	63955.61	64135.59	64348.57	64571.4	64848.7	65067.83	65335.72	65532.49	65748.5	65914.23	66094.03	66267.86	66321.01	66371.67	66446.7	66748.6	67064.91	67263.14	67278.85	67269.04	67423.59	67751.48	68145.96	68849.33	69620.37	70392.02	70801.16	71037.93	70348.79	69318.65	68195.06	67890.38	67906.37	68099.81	68331.31	68531.42	68649.17	68730.75	68938.74	68302.04	67513.24	66476.5	66264.81	66251.83	66316.67	66346.08	66390.8	66438.62	66516.18	66538.4	66626.92	66048.32	65283.44	64364.15	64034.68	63794.94	63661.28	63619.36	63636.82	63672.96	63803.47	64008.63	64265.11	64019.06	63636.67	63172.66	63122.68	63324.94	63405.46	63374.72	63292.31	63280.55	63499.39	63578.66	63748.49	63633.75	63648.27	63608.3	63853.26	63907.89	64094.5	64027.54	64041.24	64147.71	64480.28	65043.91	65600.4	66133.51	66725.5	67238.87	67580.78	67716.52	67655.8	67699.68	67810.77	67809.78	68030.59	68467.9	69268.73	69741.98	70236.44	70647.54	70971.6	70843.57	70792.93	71088.86	71683.14	72216.32	72447.9	72335.81	72240.36	72245.51	72252.94	72099.65	72016.25	72092.93	72011.17	72004.11	71999.09	72416.37	72591.57	72500.63	72151.0	72352.32	73042.94	73729.06	73983.2	73855.81	73552.08	72775.42	72074.61	71691.11	71641.75	71786.04	71867.35	72440.4	72814.07	73208.52	73331.66	73401.55	73648.43	73885.83	74290.75	74413.41	74555.64	74807.56	75231.23	75629.51	75882.13	76130.86	75989.47	75851.94	76419.87	78010.97	79707.12	80769.59	81417.14	81890.12	82253.2	82694.64	83523.73	84792.57	86148.04	87809.29	89099.81	90367.96	90529.7	90300.48	89914.93	90489.21	91822.81	93231.37	94578.58	95551.85	96490.92	97745.96	99865.22	102071.76	104420.46	106874.99	108840.09	110140.96	110235.88	110851.24	111558.8	112383.98	113807.12	115652.44	117989.74	119179.62	119887.6	120942.89	122364.45	123515.49	123956.15	124037.53	123915.34	123461.35	122952.02	123096.16	123904.76	125253.53	126569.15	127254.44	127519.42	127294.71	127098.64	127108.25	127288.81	127534.98	127641.63	128198.02	129552.62	131414.56	132769.62	133359.65	133438.92	133466.83	133356.86	133420.7	133522.04	133882.38	134198.49	134679.87	135219.22	135528.82	135782.63	135677.0	135558.63	135041.34	135001.98	135003.48	135493.49	136308.29	137355.99	138498.0	138897.16	138390.37	137526.89	136891.65	136748.18	136671.71
74873	57710.86	49803.06	49885.02	49945.52	50096.43	50273.29	50492.97	50683.7	50760.57	50801.69	50827.49	50897.82	51070.77	51339.06	51672.38	51923.8	52118.72	52296.09	52504.48	52829.64	53172.7	53490.56	53729.69	53908.74	54107.67	54258.36	54427.97	54582.63	54732.33	54862.43	55047.96	55301.91	55673.94	55951.69	56286.61	56525.92	56754.82	56847.04	56987.85	57173.58	57346.69	57465.69	57494.45	57537.1	57597.5	57760.83	57948.51	58146.95	58352.81	58520.17	58668.83	58733.09	58855.77	59029.92	59241.77	59493.86	59720.5	60018.08	60234.13	60360.14	60396.86	60467.49	60689.52	61014.28	61362.77	61691.03	61994.66	62325.09	62569.35	62842.99	63059.79	63286.51		62618.24	62612.78		63750.94	64016.74	64247.2	64418.66	64673.84	64949.83	65213.6	65428.93	65648.15	65854.19	66013.58	66110.2	66251.86	66462.74	66682.42	66766.69	66850.67	66970.86	67317.42	67634.28	67887.33	67864.5	67785.56	67728.4	67992.78	68454.28	69301.36	70234.61	71211.29	71874.71	72289.38	71667.01	70795.44	69876.69	69667.3	69621.54	69651.71	69782.94	70072.09	70491.95	70890.12	71179.62	70227.16	69092.98	67815.98	67494.59	67309.51	67087.66	66924.15	66868.46	66766.74	66608.12	66355.68	66369.08	65813.4	65095.96	64306.21	64073.37	63988.74	63795.84	63821.75	63928.57	64147.23	64441.34	64918.78	65435.42	65407.86	65009.26	64557.92	64494.91	64718.14	64888.43	65092.99	65425.84	65914.31	66312.13	66407.49	66377.8	66437.6	66822.24	67315.6	67753.51	67898.55	68199.55	68181.77	67932.11	67417.56	66991.19	66841.22	66854.18	67079.81	67223.58	67220.09	66946.97	66538.64	65850.46	65151.46	64817.73	64757.4	64931.93	64845.52	64647.5	64786.37	65519.31	66944.85	68467.69	69659.68	70427.58	71227.95	72434.29	73547.79	74167.89	74185.09	74375.92	74777.72	75053.88	74957.55	74932.87	75260.25	75790.66	76395.8	76885.83	77271.48	77265.25	76994.78	76660.98	76786.71	77209.24	77755.67	77944.85	78020.88	78087.97	78056.62	78242.0	78453.31	78909.97	79370.96	79900.75	80434.4	80777.68	80867.54	80940.98	81207.7	81890.34	82613.91	82984.92	82896.41	82829.63	83015.54	83487.56	83861.69	84267.33	84482.37	84031.94	83530.17	83565.89	84804.7	86205.14	88040.38	90022.2	92358.46	94186.65	95875.16	97684.13	99796.26	101596.64	102998.49	104391.71	106376.39	107585.61	107543.08	106720.59	106810.63	108024.34	109501.12	110839.76	111761.26	112874.49	114330.87	116381.31	118179.44	120159.57	122671.38	124998.17	127089.71	127986.07	129095.89	129988.1	130677.58	132105.91	133905.0	136385.8	138004.2	139197.49	140533.78	141903.16	142948.33	143562.63	143896.14	143917.95	143312.31	142623.59	142487.1	143253.67	144512.99	145921.21	147140.6	148031.23	148652.61	149060.88	149722.62	150414.2	150865.17	151046.36	151516.86	152405.24	153489.14	154385.88	155537.14	156735.42	157774.12	158042.03	158310.45	158658.3	159539.22	160370.23	161304.92	161996.09	162157.63	162215.83	162172.23	162495.37	162744.84	163727.16	164723.16	166008.67	167434.06	168921.94	170371.88	170732.83	170566.44	170374.5	170690.44	170964.31	170924.95
74851	57710.86	72648.9	72875.03	73154.11	73701.87	74256.2	74629.07	74905.05	75003.95	75113.82	75224.2	75496.79	75911.68	76439.22	76843.57	77244.45	77574.76	77983.47	78242.05	78389.07	78522.36	78694.71	78859.06	78910.83	78862.44	78872.75	79027.23	79352.14	79772.59	80172.52	80542.8	80732.8	80962.99	81223.6	81701.89	82101.59	82501.84	82837.05	83124.67	83499.68	83830.6	84254.74	84569.88	84703.99	84741.3	84729.33	84856.85	85037.05	85343.24	85791.1	86197.77	86436.04	86667.48	86865.03	87009.05	87131.65	87415.92	87828.29	88092.57	88347.46	88612.06	89027.03	89462.6	89945.14	90420.36	90988.51	91622.27	92259.92	92685.71	92978.61	93220.91	93611.18	93431.16	93556.29	93852.22	94768.13	95537.45	95924.78	96334.75	96521.87	96884.53	97161.19	97465.72	97811.72	98281.75	98709.66	98917.06	98977.41	99138.39	99433.84	99782.83	99886.99	99997.3	100130.56	100509.54	100882.59	101136.3	101078.49	100944.04	100897.29	101232.11	101739.69	102560.82	103509.49	104581.89	105275.24	105637.9	104587.49	103438.83	102282.34	102163.61	102099.48	102113.91	102255.27	102661.92	103041.97	103334.9	103472.24	102897.95	102365.39	101697.98	101598.22	101486.78	101430.63	101502.09	101804.93	101989.89	102310.45	102486.04	103024.78	102626.8	101894.44	100778.39	100215.66	99735.95	99365.43	99221.5	99150.06	99083.45	99358.54	99925.51	100704.05	100237.76	99263.89	98055.48	97836.21	98227.72	98643.78	98915.89	99329.2	99942.74	100582.37	100910.6	101277.05	101931.06	102809.22	103723.13	104097.9	103649.88	103017.25	102805.77	103215.39	103732.41	104197.74	104744.78	105241.38	105821.96	106237.78	106890.25	107238.35	107470.42	107448.59	108012.74	108842.57	109710.1	110283.41	110691.8	110923.73	110993.44	111436.17	112133.42	112669.94	112917.71	112828.62	113441.31	114573.51	116286.59	117704.27	118325.79	118921.18	119541.53	120276.2	120325.34	120216.56	120334.21	120699.27	121038.25	121076.13	121065.91	120786.02	120598.85	120441.07	121076.15	121749.51	122232.46	122016.57	121895.98	121885.26	121635.84	121554.59	121696.25	122396.17	123080.28	123942.88	124818.62	125698.33	126669.98	127762.28	128760.76	129885.34	131102.17	131879.44	131780.29	131027.29	130349.66	130344.31	130797.55	131547.1	131879.47	131054.18	129968.58	129403.45	130056.71	131100.72	132699.46	134788.45	136970.19	137898.94	138735.98	139692.94	141822.67	144269.17	146929.42	149469.15	151539.93	152219.66	151869.47	151452.03	152288.74	153833.93	155402.21	157027.37	159035.77	161285.96	163961.69	166878.35	169552.49	172419.69	175447.03	177895.3	179987.52	180693.3	182067.54	183199.14	184822.75	187750.57	191364.19	195590.09	198401.35	200323.28	201995.25	203146.53	203848.63	204033.58	203931.71	203741.18	203188.7	202557.45	202374.29	202949.7	204581.94	206368.47	207609.25	208166.68	208713.63	209713.6	210946.72	211573.28	211591.66	211614.89	212624.66	214472.63	216545.23	217803.52	218880.19	219911.94	221427.64	222341.82	222970.7	223551.72	224790.53	225864.47	226761.18	226878.82	226621.64	226271.55	225998.54	226323.55	226567.98	227626.16	228653.11	229952.35	231191.3	232527.32	233468.32	233684.14	233321.44	233086.25	233420.85	233882.56	234612.59
74878	57710.86	45598.67	45995.71	45810.37	45496.75	44964.87	44498.39	44291.75	44038.94	43999.56	44039.78	43902.54	43966.16	44086.42	44374.77	44446.93	44389.26	44221.23	44392.29	44608.52	45021.06	45271.52	45578.83	45807.86	46044.52	46346.47	47013.27	47538.98	47764.33	47922.87	48254.0	48883.9	49545.87	50289.21	50804.61	50951.39	50955.21	51185.01	51420.18	51711.69	51666.16	51619.43	51310.29	50969.43	50818.61	51262.7	51880.2	52237.46	52167.75	52287.78	52666.6	53025.42	53316.76	53514.88	53474.52	53557.35	53741.35	54382.98	54746.33	54950.9	54894.55	55254.36	55804.38	56365.9	56772.91	57234.25	57999.14	58773.76	59435.53	60151.42	60686.94	61096.54	61170.74	61354.54	61675.99	61846.82	62058.31	62078.03	62366.84	62545.04	62714.41	62825.23	62739.3	62881.28	62925.79	63166.27	63060.28	62944.18	62853.89	63096.54	63494.09	63624.72	63579.86	63659.17	64197.73	64660.06	64808.1	64727.22	64803.12	65485.37	66349.34	67601.73	69196.1	71088.82	72681.03	73132.4	73035.82	72161.65	71730.58	72295.85	73583.06	74363.66	74581.06	75084.57	76291.66	77245.62	77724.15	77761.81	77328.28	77224.31	76794.88	76296.78	75488.54	75065.75	74787.97	74988.4	75319.17	76266.17	76806.6	78370.75	80171.69	82483.39	83482.18	83277.56	82411.52	81546.47	81634.83	81983.77	82342.11	82524.57	83115.18	83831.78	83243.99	81804.56	79550.85	78668.61	78458.14	79395.86	80158.85	80157.06	79797.56	78978.15	78649.56	78124.45	77585.34	77175.42	77420.81	78185.66	78888.46	79404.49	79932.27	80158.35	80531.27	80543.08	81148.02	81508.88	82438.79	83310.22	84328.13	85289.78	86086.81	86960.87	87635.35	88357.81	88614.72	88855.58	88984.9	89165.05	89392.25	89937.01	91057.33	92368.86	93424.58	94121.5	94688.47	95292.46	95565.06	95409.75	95056.39	95539.12	96621.24	97359.12	97348.67	97079.68	97346.11	97813.81	98326.16	98468.37	98637.71	98472.86	98015.14	97236.25	97185.35	97971.89	99186.35	99931.78	100268.16	100717.02	100985.11	101629.47	101734.65	102273.11	103086.37	104272.38	105274.95	105321.81	105228.93	105246.3	105949.81	107135.86	108424.48	109139.69	109243.77	108733.72	108284.21	107812.17	107514.71	107202.2	107120.03	106351.11	105430.39	104831.53	105368.92	106661.46	108515.56	111088.38	113432.52	114685.78	116084.51	118353.4	121636.66	124291.92	126346.27	127513.1	129178.72	129415.77	128741.17	127842.1	128797.23	131857.79	134769.46	137814.77	140444.69	143291.92	146323.69	149882.66	153375.06	156965.56	161041.24	164047.75	166529.04	166912.15	167999.79	169159.64	171380.06	175684.29	180498.16	185851.81	189434.47	191863.28	193575.9	193808.5	193178.55	191433.56	189893.04	188174.72	185955.97	183071.54	180981.64	180796.68	182836.73	185602.7	187601.41	188785.42	189561.62	190550.64	191542.48	192571.49	193057.53	192831.1	192998.97	193902.27	196035.9	196972.2	197727.08	198627.66	201209.94	203028.4	204484.32	205275.52	207918.18	210413.99	212752.04	213373.53	212343.32	210855.42	209733.41	210758.05	212043.79	213894.56	214383.01	215073.14	215662.84	216897.99	218205.82	218916.35	218516.21	217615.07	217251.8	217557.83	218419.64
74852	57710.86	42706.82	42744.71	42709.11	42698.38	42783.69	42784.8	42829.21	42816.2	42891.44	42860.94	42657.67	42510.38	42436.24	42475.52	42482.72	42497.63	42484.12	42730.84	43181.84	43833.14	44353.19	44669.63	44812.57	44989.28	45165.56	45483.94	45676.07	45728.05	45766.33	45877.27	46224.85	46707.6	47339.15	47979.0	48377.26	48553.85	48648.61	48778.78	49017.93	49042.13	49038.21	48944.45	49024.49	49122.49	49321.1	49607.32	49921.72	50189.72	50408.81	50571.37	50731.77	50907.19	51225.76	51532.66	52003.63	52432.66	53042.98	53595.6	53989.59	54054.42	54252.08	54628.98	55053.88	55328.65	55698.02	56314.85	56858.11	57270.74	57705.34	58199.48	58588.82	58740.2	58653.09	58561.36	58473.25	58606.42	58838.23	59118.1	59275.68	59464.7	59822.23	60190.35	60538.16	60553.04	60748.27	60792.14	60945.79	61024.14	61252.02	61589.05	61772.29	61944.38	62287.94	62968.13	63502.85	63715.52	63709.7	63790.83	64141.23	64548.06	65298.35	66673.81	68396.05	70126.78	71040.83	71535.45	71012.74	70374.94	70398.72	71184.95	72030.35	72409.24	72621.36	73093.94	73473.36	73776.81	74059.6	73533.77	73207.32	72455.4	72243.84	71780.25	71364.24	71040.77	70813.3	70728.39	70721.61	70670.67	71442.07	72107.85	72940.52	72899.99	72763.96	72440.24	72046.9	71957.74	72106.01	72375.56	72673.94	73229.66	73774.53	73554.0	72633.37	71420.57	71025.11	71442.37	72452.75	73076.31	73286.8	73066.12	72774.41	72363.76	72226.27	72192.81	72703.23	73234.39	73637.03	73492.88	73401.21	73482.46	73845.25	74215.87	74692.84	75374.45	76056.69	77198.05	78057.13	78779.18	79407.7	80388.74	81252.2	81541.23	81415.22	81337.07	81268.25	81170.75	81099.84	81658.46	82563.25	84106.14	85354.05	86568.42	87436.95	88318.17	89116.55	89603.05	89563.46	89087.51	89379.99	90624.55	91909.45	92124.58	91675.14	91196.04	91191.84	91377.2	91699.33	92010.9	92286.54	92423.38	92213.55	92414.06	93370.3	94815.88	95854.03	96402.1	96764.58	96929.35	97463.46	97819.28	98482.45	98947.16	99549.2	100232.99	100492.24	100551.92	100645.52	101117.52	102213.96	103160.02	103663.62	103433.5	103000.57	102612.98	102378.96	102213.39	102119.73	102078.58	100967.23	99615.2	98816.77	99903.47	101662.05	104045.37	106669.92	109339.36	110584.67	111434.01	112774.17	114990.89	117023.47	118950.88	120746.24	122976.04	124152.53	124834.55	125957.21	128221.23	131440.92	133809.41	136453.02	139532.53	143517.13	147919.92	152568.3	156466.94	160391.92	164806.53	167819.13	170279.48	170486.32	171611.23	172823.7	175022.51	179727.2	184099.59	188564.07	191205.85	193206.6	194509.8	194024.27	193004.77	190991.52	189378.52	187552.27	185941.47	184111.96	183100.35	183248.75	184709.07	186192.96	187373.34	188429.38	189886.23	191279.47	192035.79	192674.08	192982.74	193387.9	194412.49	196518.18	199675.89	201806.64	203390.71	204302.41	205863.25	206097.15	206446.46	206369.85	208279.36	209428.96	210551.7	210074.01	208687.05	206436.51	204925.24	205869.96	207143.57	209015.85	209555.53	210978.79	212331.01	213895.32	215462.47	216615.16	217006.22	217036.01	217293.04	217766.59	217656.13
74826	57710.86	41123.34	41359.59	40984.64	40630.48	40139.78	40093.76	40268.34	40402.1	40333.87	40107.01	39881.94	39949.1	40043.23	40096.87	40026.85	40124.3	40030.07	40223.53	40211.25	40612.56	40850.54	41160.24	41295.3	41371.83	41373.58	41538.48	41671.9	41777.53	41928.09	42247.18	42687.28	43303.31	44064.94	44950.36	45204.9	45199.58	45002.32	45053.84	45129.19	45095.72	44922.57	44701.76	44468.42	44485.35	44778.56	45307.62	45832.58	46162.83	46395.27	46599.91	46611.03	46703.39	46981.25	47005.6	46996.52	47106.25	47892.91	48583.35	48865.56	48901.8	49236.64	49685.04	50027.92	50308.26	50672.96	51157.13	51408.66	51719.13	52021.87	52423.32	52856.89	54170.13	55395.42	56233.62	56049.04	56077.89	56386.87	56897.97	57413.03	57748.44	57759.22	57402.97	57278.2	57201.16	57494.64	57471.9	57555.37	57352.71	57370.05	57561.56	57581.86	57543.23	57583.7	58148.48	58712.76	58826.81	58846.81	58739.29	59090.5	59474.39	60439.94	61533.9	62447.66	63172.87	63611.59	63946.0	63707.0	63458.84	63612.11	64073.25	64497.54	64687.81	65045.73	65622.94	66322.33	66813.57	67048.31	66070.58	65292.87	64234.14	64122.28	63682.8	63487.62	63172.33	63138.98	63194.85	63447.37	63491.3	64164.82	65002.91	65949.02	66257.8	66498.69	66576.09	66571.3	66806.26	67360.81	67988.72	68328.34	68549.22	68812.0	68338.43	67306.05	65633.56	64564.48	64245.06	64912.29	65381.22	65733.42	65763.46	66099.65	66156.08	66204.16	66389.8	67022.1	67539.98	67956.97	68121.01	68393.79	68444.66	68523.37	68907.15	69628.63	70473.11	71506.42	72858.97	73958.8	73995.1	73663.67	73538.56	73988.53	74156.31	74082.14	73883.36	74019.09	74466.73	75126.01	75999.65	76953.75	78289.33	79454.83	80425.48	81157.43	81643.57	81954.78	81504.94	80690.94	79787.75	79718.76	80212.48	80509.63	80004.57	79437.01	79150.47	79055.19	78743.92	78318.0	78298.03	78398.01	78291.86	77985.6	77988.16	78615.69	79236.66	79108.0	78528.23	78015.95	77783.49	78021.76	78172.14	78720.96	79309.31	79776.82	80379.72	80560.32	81167.01	81567.42	82542.96	83854.78	85161.79	85714.49	85455.49	84792.48	84353.31	84091.22	84168.65	84487.9	84801.67	84138.99	82991.01	82578.69	84001.61	86273.11	88578.42	90615.43	92366.67	93187.97	93913.76	94959.67	97055.68	99310.41	101920.33	103978.61	105983.1	106430.17	106016.57	105843.16	106785.46	109100.97	111136.47	113264.44	114775.94	116450.13	118562.15	121542.64	124155.89	126987.86	130430.31	132859.73	134573.69	134308.14	134893.83	135686.25	137167.35	140478.07	143733.97	147262.74	148662.88	150174.7	151943.21	153211.77	153360.54	152492.21	151783.69	150737.14	149076.31	146843.99	145604.14	145977.26	147700.68	149329.18	150553.06	151564.8	152340.41	153078.83	153984.37	155472.32	156599.54	157341.15	158635.26	160661.59	163566.47	165534.37	167284.44	168330.71	169623.7	169667.39	169820.03	169884.84	171296.68	172790.76	174158.54	174654.1	173299.9	171446.03	169538.77	169730.65	170233.46	171781.38	173221.04	175658.49	178270.26	180636.96	182455.75	183467.68	183657.53	183790.84	184483.72	185361.55	186076.38
34472	32708.92																																																	88373.89	88678.95	88957.99	89514.88	90138.32	90908.21	92062.92	93422.99	94920.41	96249.11	97454.33	98830.5	100333.82	101987.84	103526.03	105520.18	107956.17	110710.38	113536.11	116790.65	120685.79	125072.22	129252.65	132939.08	135912.92	138862.07	142184.18	145956.36	149546.42	152472.93	154958.2	156722.37	157364.98	157564.14	157620.86	158031.67	157782.72	157065.89	156566.88	155996.17	155099.65	153633.73	152049.9	150659.67	149166.03	147947.75	146496.43	144498.83	141848.18	140363.92	139620.09	139183.79	137923.58	135990.55	133319.87	130406.28	127936.89	125146.95	121649.64	118225.68	115969.91	114623.16	112903.87	110634.32	108172.61	105645.0	102904.89	99975.89	97169.65	94391.61	91888.63	89643.66	88170.43	86918.1	86098.46	85373.14	84291.66	83231.15	82277.99	81599.9	80573.77	79649.58	78948.66	78235.62	77348.17	76175.98	74519.88	72760.9	71231.2	70649.78	70268.06	70050.28	69755.75	69559.59	69415.6	69491.43	69572.98	69606.2	69373.56	69287.07	69362.24	69694.91	70181.97	70648.6	71148.27	71620.88	72156.56	72700.99	73319.38	74038.68	74996.5	76071.83	77409.23	78528.28	79505.13	80291.67	81179.78	81925.73	82422.22	82564.15	82607.21	82699.68	82939.75	83451.12	84180.24	84989.51	85820.88	86458.95	87142.99	87512.86	88014.88	88318.5	88440.59	88112.46	87988.51	88328.16	89339.3	90618.17	92125.72	93352.9	94327.06	95197.85	96302.06	97566.31	98799.49	99739.88	100518.56	101221.6	102072.23	103059.7	104129.0	105436.78	106681.74	108124.22	109496.64	110974.31	112213.12	113366.0	114420.82	115530.91	116732.95	117949.85	119265.84	120308.96	121566.42	122754.51	124252.25	125658.58	127128.39	128687.61	130208.07	131213.36	131819.38	132290.89	133034.99	133904.75	134796.86	135536.18	136129.94	136825.28	138013.01	139469.71	140844.7	141757.96	142254.65	142603.7	142993.67	143551.4	144082.98	144727.11	145605.67	146695.1	147943.09	149048.36	149904.72	150372.33	150541.37	150982.59	151957.27	153507.5	155378.98	157514.26	160126.0	162828.0	165411.03	167587.13	169759.48	172240.97	175490.05	179660.72	183969.69	187964.51	191415.04	195071.67	199150.04	203593.29	209087.61	215337.91	222434.51	229438.81	235916.82	241762.4	246210.37	249101.44	250274.64	250703.1	250860.26	250769.95	249801.4	248929.27	248109.0	248013.59	247712.29	247596.11	247672.16	248488.75	249499.5	250352.16	250607.55	250687.17	250603.3	250618.06	250641.57	250739.5	250972.98	251130.15	251205.92	251240.67	251110.52	250828.23	250517.36	250744.58	251171.69	250906.04	249906.38	248769.11	248110.66	247443.45	246589.18	245410.02	244331.35	243102.84	242163.68	241511.5	241435.15	241603.2	241717.93	241308.41	240434.2	239271.18	238437.35	237817.3
34491	32708.92																																																	127167.22	127676.7	128210.96	129372.26	130623.59	132025.74	133669.74	135457.51	137417.54	139265.61	141034.81	143009.96	145233.28	147689.18	149915.43	152315.51	154908.81	157403.63	159812.07	162416.82	165514.1	169046.83	172545.36	175675.96	178123.23	180680.48	183858.73	187765.31	191675.32	195033.36	198164.0	200335.84	201522.98	202238.38	203216.4	204474.28	204903.11	204334.37	203724.16	202621.74	200852.48	198443.43	195947.47	193939.67	192011.81	190515.1	189033.06	186946.79	184152.93	182890.8	182245.8	181602.78	179101.25	176393.5	173703.69	171472.99	169566.72	167741.73	165312.38	162690.87	160477.18	159198.73	158381.31	157545.87	156623.49	155337.43	153921.64	152142.69	150122.49	148252.38	147126.93	146558.37	146468.78	145990.14	145179.73	144102.3	142788.69	142040.45	141460.53	141094.83	140444.44	139627.27	138869.31	137819.93	136935.04	135850.13	134450.7	133003.01	131866.78	131470.73	130660.52	129586.37	128098.01	126821.87	125655.97	125134.4	124725.37	124367.48	123595.33	122984.96	122617.52	122809.16	123429.81	124232.79	124979.47	125485.71	125953.11	126355.48	126860.84	127317.82	127797.4	128197.63	128806.45	129739.87	130930.03	132196.78	133281.23	134048.19	134531.29	135031.54	135696.9	136370.82	136900.66	137485.24	138568.93	139968.62	141540.53	142929.58	144325.78	145416.32	146618.63	147676.89	148942.34	149804.07	150634.51	151443.07	152757.59	154075.53	155583.91	156553.81	157510.11	158348.4	159560.85	160596.87	161413.42	161757.87	161807.04	161691.27	161624.66	161664.62	161829.3	162256.1	162999.97	163789.03	164566.51	165057.08	165352.13	165463.39	165770.66	166420.64	167155.03	167952.74	168559.61	169077.57	169905.84	170844.54	171901.78	172762.39	173600.29	174691.37	175864.33	176805.61	177430.82	177733.34	178410.73	179105.42	180088.13	180827.47	181511.22	182130.31	182966.88	183925.93	184894.42	185756.09	186330.65	186520.6	186599.89	187095.37	187915.85	188909.73	189965.74	191095.86	192265.7	193274.53	194188.31	194938.18	195470.3	196044.33	196871.41	198335.83	200495.0	203076.83	205934.98	208386.62	210644.74	212792.31	215267.18	218168.93	221887.33	226598.22	231667.59	236415.75	240534.03	244856.37	249379.56	254156.67	259752.31	266380.68	274179.55	282323.12	290112.78	297064.2	301939.5	304478.58	304915.96	304719.32	304290.41	303654.25	302175.62	300660.99	299054.86	298126.05	297620.8	298107.45	298610.04	299419.87	299958.18	300342.38	300199.69	299731.5	299425.91	299292.84	299340.83	299457.45	299671.02	299610.03	299213.17	298855.98	298504.7	298122.89	297468.51	296904.18	296402.85	295502.5	294238.4	292844.68	291798.32	290828.8	290038.13	289245.23	288708.02	287983.21	287358.45	286845.1	286574.56	286333.5	286123.16	285730.81	284983.65	283900.26	282915.63	282039.99
34481	32708.92																																																	127769.17	128149.38	128624.46	129695.94	131059.96	132564.59	134033.39	135569.72	137373.17	139383.27	141506.02	143813.08	146440.84	149114.14	151898.07	155320.41	159415.91	163920.4	168483.65	173903.37	179690.34	185653.2	190691.12	195000.49	198286.97	201694.73	205636.5	210350.59	214741.84	218216.58	220867.65	222458.0	222961.28	223360.2	223904.84	224947.06	225243.28	224779.82	223941.15	222549.09	220507.63	217972.83	215337.08	212809.95	209994.78	207467.68	204885.53	201779.69	197581.32	194858.08	193051.05	191997.74	189453.06	186511.53	183163.68	179712.09	176356.16	172811.82	169381.01	165974.28	163383.56	161514.86	159857.28	157673.99	155525.01	153271.44	151295.64	149006.22	146935.95	145425.89	144103.16	142706.01	141162.11	139670.81	138199.51	136570.21	134787.31	133694.8	132862.07	132178.41	130925.1	129496.06	128175.79	126992.28	125935.37	125034.94	123493.69	121782.92	119735.66	118291.81	116715.9	115066.8	113317.25	111605.02	110040.88	108752.25	108003.85	107245.32	106405.75	105451.05	104710.1	104042.58	103417.19	102919.83	102813.42	103115.62	103549.81	104055.9	104503.97	104938.75	105575.37	106321.84	107415.68	108320.67	109020.3	109841.76	110874.45	111781.76	112290.63	112674.3	113301.21	113943.37	114669.22	115589.66	116819.07	118061.36	119454.26	120991.71	122672.02	123866.01	124925.88	125762.51	126542.73	126725.27	127002.73	127562.01	128696.8	130010.16	131714.24	133317.11	134778.64	136091.16	137703.89	139273.37	140807.05	141981.85	143011.62	143940.0	145016.94	146135.73	146941.4	147718.74	148350.98	149219.66	150086.93	151031.64	151885.37	152577.18	153156.37	153958.76	154797.5	155901.92	157017.81	158031.44	159103.5	160101.74	161453.71	162825.82	164213.17	165456.38	166658.18	167599.52	168578.98	169585.51	170935.64	172150.3	173137.64	173738.15	174327.14	175128.68	176387.1	177762.39	178886.09	179550.08	179940.34	180523.98	181433.33	182595.63	183602.27	184585.02	185653.91	186897.58	187995.92	188957.13	189509.54	189891.42	189906.45	190222.94	190986.04	192554.08	194737.13	197225.48	200116.95	202880.74	205502.71	207796.85	210238.79	213285.53	217374.22	222857.38	228803.86	234545.65	239390.52	244172.13	249042.88	253982.04	259827.73	266808.22	275066.23	283827.72	292359.26	300438.82	306701.94	311013.76	313311.73	314846.93	315711.33	316279.88	316043.58	315785.95	315253.02	314950.87	314620.76	314892.32	315079.81	315379.91	315293.55	314952.24	314404.3	313769.59	313241.73	312602.0	311959.1	311108.19	309958.43	308345.81	306597.88	305274.04	304289.57	303503.76	302330.6	300915.54	299585.15	297973.17	296177.65	294128.53	292361.13	290540.43	288724.0	287081.54	285955.52	285109.51	284323.85	283671.1	283101.38	282641.78	282062.91	281177.91	279966.44	278734.57	278103.4	277979.95
34471	32708.92																																																	131264.19	131631.96	131915.57	132784.61	133795.58	135133.58	136182.56	137195.26	138344.73	139715.4	141242.89	142853.57	144881.4	147112.21	149315.02	151674.23	154289.74	157094.66	160104.59	163629.34	167571.79	171925.62	176314.05	180448.44	184050.19	187480.41	191767.49	197018.13	202244.03	206503.34	209917.59	212502.1	213816.77	214759.0	215505.36	216856.26	217453.89	217271.57	216702.06	215637.74	214266.59	212380.69	210281.94	208345.34	206482.22	205356.55	204191.25	202294.82	199252.94	197441.84	196600.26	196061.81	194226.64	191846.69	189203.04	186863.32	184883.71	182948.65	179957.27	176698.83	173763.14	172165.7	170858.24	169139.41	166977.08	164570.49	162984.86	161340.52	159355.75	157397.24	156062.73	155468.05	154775.28	153602.14	151859.27	150154.78	148220.75	147113.67	145899.55	144924.32	143391.02	141591.82	139652.12	137856.09	136607.67	135266.18	133374.64	131360.78	129641.52	128720.64	127360.24	125950.13	124397.72	123075.59	121802.51	120933.78	120188.64	119764.89	119495.57	119737.21	120286.15	120911.77	121740.81	122431.27	123008.86	123346.28	123656.81	123842.53	124025.48	124194.78	124793.17	125679.81	127012.13	128527.79	129977.83	131022.92	131669.91	131845.89	132139.37	132414.01	132958.71	133434.47	134127.75	134921.64	136048.47	136782.63	137405.48	137730.79	138451.71	138838.09	139379.59	139627.59	139980.93	139897.76	139819.23	140033.96	140958.49	142339.65	144085.08	145362.42	146368.08	147177.47	148388.62	149634.78	150986.2	151886.45	152463.78	152786.49	153741.36	154952.93	156263.94	157387.93	158854.01	160465.89	161995.39	163178.63	164114.45	164917.32	165741.75	166885.02	167940.98	169057.11	170081.82	171342.49	172938.58	174510.88	176249.75	177831.82	179654.03	181646.82	183551.42	184495.22	184848.4	185021.94	185825.65	186740.16	187591.97	188401.82	189125.94	190062.8	191160.75	192387.51	193392.86	193805.16	193895.91	193785.73	194121.56	194994.52	196094.18	197314.92	198568.06	200004.53	201555.97	202858.07	203752.22	204110.45	204047.85	204291.76	205180.33	207005.2	209662.78	212740.49	216469.62	220171.91	223816.69	227264.06	230824.05	234805.71	239498.43	245405.89	251161.41	256304.83	260308.66	264484.08	268742.6	272907.86	278362.42	285181.01	293358.75	301485.07	308798.74	315695.74	320944.36	324474.94	325781.16	326230.64	325855.08	325310.1	324074.85	323479.93	323102.31	323408.33	323568.24	324221.55	325166.71	326795.24	328301.71	329577.63	330353.62	330898.55	331009.59	331074.85	331459.43	331945.22	332548.52	332768.67	333003.96	332943.65	333046.4	332838.64	332703.38	332428.02	332867.22	333054.28	332723.28	331710.13	330825.08	329749.22	328732.94	327476.76	326558.47	325461.97	324952.48	324646.85	324792.89	324918.36	325215.6	325228.7	325029.94	324932.92	325102.02	325404.25
34470	32708.92																																																	89096.64	89187.11	89291.76	89593.97	90108.29	90975.52	92048.31	93184.01	94321.28	95406.87	96448.38	97767.67	99465.92	101540.6	103409.03	105289.5	107238.84	109024.54	110740.49	112684.02	115404.71	118667.43	121908.86	124870.82	127343.88	129942.41	133029.24	136766.45	140343.48	143338.44	146062.2	148455.57	149915.05	151069.81	152149.37	153691.02	154531.87	154446.06	154109.75	153399.87	152694.85	151482.56	150111.62	149038.77	148151.58	147719.95	146880.92	145188.6	142700.62	141073.97	140349.1	140005.34	138637.28	136869.89	134721.61	132611.63	130660.27	128966.8	127157.77	125289.01	123092.76	121351.31	119417.78	117439.36	115312.63	113345.25	111939.14	110492.17	109155.31	107450.52	105899.6	104380.41	103305.64	102372.63	101209.94	100016.86	98517.32	97739.77	96858.3	95642.62	93800.56	92232.03	91088.78	90071.97	88961.81	87796.83	86422.52	85046.38	83724.06	82883.94	81707.34	80725.09	79575.99	78468.33	77200.07	76110.65	75423.8	75208.67	75202.0	75453.25	75736.13	76036.68	76267.93	76456.42	76644.0	76789.46	76938.82	77221.21	77765.78	78524.44	79389.97	80419.27	81423.1	82415.22	83088.33	83593.21	83828.13	83855.65	83875.37	83899.41	84137.79	84247.32	84670.47	85163.18	85960.47	86557.64	87182.05	87605.75	88052.51	88264.2	88736.54	89108.05	89362.15	89157.69	89187.46	89583.12	90690.83	91967.0	93522.24	94700.0	95882.11	96954.44	98145.57	99281.69	100565.01	101691.49	102606.65	103234.09	104127.34	105143.59	106080.49	107030.68	107947.67	109204.42	110318.41	111504.58	112397.37	113019.64	113528.28	114309.69	115409.24	116480.38	117452.63	118363.06	119488.14	120527.14	121712.34	122783.46	123836.31	124853.61	125905.51	126590.7	127203.6	127715.52	128691.78	129771.79	131035.11	132053.52	132828.91	133527.18	134472.92	135618.22	136561.4	136948.45	137065.75	137266.75	138090.92	139302.63	140641.31	141823.75	143025.12	144197.74	145496.99	146593.54	147280.66	147391.69	147136.52	147182.45	147914.89	149336.51	151322.69	153626.38	156413.23	159189.73	161949.97	164564.98	167209.23	169941.1	173009.68	176904.74	180559.77	183631.87	185793.37	188350.37	191462.91	194546.5	198883.73	204602.03	211826.52	218732.85	224445.52	229707.8	234145.17	237654.11	239586.47	240552.26	240812.22	240840.03	240346.94	240165.35	240005.24	240276.69	240280.67	240580.33	240871.63	241747.11	242543.86	243450.67	244010.89	244477.22	244761.14	245302.5	246097.18	246930.6	247453.9	247627.56	247553.19	247472.19	247186.81	246891.64	246848.82	247433.16	248327.33	248460.85	247738.0	246413.91	245297.72	244081.96	242953.38	241714.92	240752.85	239895.49	239581.16	239485.73	239571.98	239457.29	239477.86	239347.19	238891.67	238146.19	237480.71	237134.6
34480	32708.92																																																	131617.12	131900.17	132297.48	133258.15	134352.06	135748.94	137365.69	139215.81	141101.18	142905.47	144791.77	146969.52	149501.39	152269.82	155016.94	157852.54	160755.29	163361.89	165945.23	169039.44	172923.2	177469.42	182155.38	186510.78	190126.69	193426.98	197715.44	203072.8	208507.41	213065.83	216956.38	219907.26	221290.31	222031.72	222711.29	223843.32	224260.27	224064.48	223815.47	222886.08	221231.26	218711.83	216266.0	213970.47	211939.57	210358.52	208734.96	205947.91	202053.08	199230.74	197680.65	196526.24	194558.64	192163.59	189371.94	186543.21	183908.27	181532.59	178355.75	175152.44	172525.7	171024.1	169552.33	167566.72	165269.81	162809.34	160525.29	158055.57	155558.41	153368.08	151852.67	150835.08	149932.31	148887.06	147679.99	146834.33	145433.8	144552.76	143325.66	142218.76	140305.47	138076.78	135853.42	133731.35	131908.21	130219.24	128185.0	126086.09	124113.84	123064.79	121990.47	121129.67	119897.04	118612.48	117250.87	116482.92	115969.54	115744.24	115423.13	115413.55	115687.45	116307.33	116976.56	117284.56	117388.32	117509.39	117839.24	118211.13	118645.5	119119.71	119756.31	120584.94	121653.78	122803.54	123948.45	125090.48	126168.27	126775.29	127314.84	127673.79	128156.73	128348.45	128741.45	129355.1	130364.76	131156.94	131908.18	132587.8	133681.16	134443.53	135157.21	135423.92	135696.69	135456.3	135527.3	136028.58	137460.03	138990.79	140724.17	142028.24	143278.68	144395.3	145697.48	146844.09	147931.16	148638.83	148970.07	149102.04	149517.23	150133.11	150856.76	151696.51	152775.04	154141.45	155415.82	156601.14	157624.84	158484.07	159494.85	160633.04	161838.74	162929.44	163985.45	165049.5	166554.35	168089.66	169973.59	171740.65	173463.06	175039.03	176212.82	176717.01	176996.5	177318.18	178294.46	179349.36	180418.83	181387.98	182218.66	183107.91	183995.52	184907.66	185704.39	186142.37	186379.81	186510.61	187049.62	188000.57	189114.99	190267.03	191475.76	192771.85	194295.34	195590.56	196403.69	196600.59	196500.28	196852.16	197806.54	199592.4	202221.72	205250.42	208845.48	212458.91	216007.52	219413.89	222726.98	226515.87	230992.75	236639.38	242148.84	247126.92	251171.69	255519.88	260094.71	264713.19	270205.95	277003.39	285062.85	293329.63	300758.44	307722.35	313190.86	316835.58	318131.92	318406.17	318173.32	317746.65	316218.29	314924.85	313778.41	313567.84	313211.49	313326.31	313676.7	314693.6	315626.32	316259.47	316821.51	317411.27	318069.97	318460.29	318954.41	319408.76	319736.1	319739.81	319778.46	320095.38	320438.81	320419.47	319856.55	319231.73	318981.89	318600.76	317538.72	316167.76	315141.45	314557.68	314081.27	313318.81	312927.48	312534.52	312516.35	312389.02	312463.81	312572.0	312635.53	312284.62	311469.31	310454.95	309746.01	309149.66
34420	32708.92																																																	90027.32	90311.15	90504.82	91058.45	91638.4	92235.66	93013.69	93925.86	95088.24	96209.41	97304.41	98441.39	99876.99	101693.87	103713.44	105744.52	107854.59	110078.27	112477.49	115422.57	119003.24	123333.44	127783.83	131798.99	135104.91	138044.57	141531.49	145376.11	149332.92	152798.66	156064.32	158539.59	159678.12	160364.45	160678.89	161556.71	161868.26	162044.1	162022.77	161748.7	160758.75	159172.63	157165.22	155362.82	153618.1	152013.8	150295.92	148002.21	145324.13	144042.03	143692.6	143737.76	142658.47	141087.31	138976.81	136722.6	134634.99	132308.38	129282.25	125928.23	123121.3	121067.92	118839.75	116441.96	114354.57	112416.56	110192.84	107464.46	104576.73	102731.26	101631.95	101044.35	100314.91	99134.71	97889.95	96592.27	95231.58	94348.99	93539.06	92702.31	91689.0	90820.83	90272.05	89528.41	88733.51	87760.29	86370.94	84971.88	83524.98	82679.95	81518.24	80462.93	79555.93	79146.37	78948.05	78916.65	78673.98	78634.74	78546.96	78634.18	78834.66	79219.34	79791.92	80121.37	80381.09	80488.59	80757.01	81139.82	81621.34	82297.88	83048.71	83898.98	84772.77	85510.26	86249.73	86913.8	87595.9	87759.28	87455.95	87111.39	87168.11	87420.5	87652.05	87808.52	88211.33	88676.25	89447.72	90177.55	90892.03	90855.8	90896.75	91085.48	91580.41	91733.8	91732.1	92029.04	92961.47	94153.3	95706.06	96903.87	97997.73	98772.31	99673.1	100669.89	101875.55	102894.44	103510.5	104027.26	104495.4	105078.44	105520.98	106403.79	107436.57	108537.65	109398.25	110316.11	111231.45	111952.1	112752.94	113766.57	115003.08	116282.23	117605.87	119134.5	120854.33	122560.25	124218.5	125729.22	127145.56	128664.41	130346.24	131582.84	132337.0	132757.71	133659.68	134826.75	136033.74	136812.03	137321.11	137815.41	138717.17	139907.72	141088.22	141984.21	142691.17	143373.2	144227.83	145145.59	145937.36	146681.05	147481.54	148277.35	149182.88	149987.39	150730.31	151066.67	151275.2	151688.93	152751.3	154416.87	156559.72	158882.34	161466.48	163937.55	166166.71	168389.13	170822.33	173637.68	176971.71	181436.21	186019.2	189889.37	192286.93	194722.03	197670.84	200943.31	205379.69	210882.4	217682.65	224433.44	230464.37	236161.14	240634.04	243634.6	245034.35	245814.09	246515.58	246949.97	246419.32	246023.39	245658.03	246058.77	246368.46	247163.13	247833.39	248932.54	249785.13	250781.97	251301.78	251704.86	251907.73	252330.44	252820.82	253244.19	253487.73	253541.82	253701.08	254027.75	254287.01	254155.03	253769.89	253729.15	253950.5	253733.67	252701.57	251322.54	250199.88	249230.92	248348.94	247341.55	246683.21	246012.8	245566.63	245274.69	245478.4	245861.7	246052.7	245789.0	245103.33	244115.85	243127.03	242240.55
34474	32708.92																																																	143820.23	144085.08	144339.51	144917.55	145792.16	146962.76	148211.88	149557.42	150942.99	152611.68	154358.76	156491.7	158829.75	161288.74	163768.42	166508.17	169460.71	171974.19	174430.3	177450.11	181630.03	186460.97	190866.66	194535.88	197367.31	200478.06	204333.48	208848.05	213230.1	216908.05	220443.19	223313.04	225121.84	226483.98	227678.92	229347.12	230660.19	231322.86	231966.57	231725.73	230714.74	229111.58	227497.56	226221.78	224237.63	222500.47	220505.07	218184.12	214815.75	212837.6	211678.95	210468.24	208177.23	205023.7	201890.65	198789.0	196564.23	194404.08	191665.49	188460.19	185589.72	183609.62	181653.81	179760.52	177558.9	175304.41	172979.57	170618.99	168598.77	166740.66	165226.28	164173.22	163427.31	162335.79	160971.09	159486.85	157804.84	157030.4	156671.92	156236.37	154974.39	153372.34	151855.81	149687.07	147416.73	145660.39	144072.15	142919.71	141516.18	140718.14	139244.21	137422.56	135353.22	133541.4	132410.76	131722.93	131589.11	131407.43	130935.4	130578.7	130429.48	130841.31	131243.64	131813.04	132216.23	132474.26	132921.46	133653.23	134386.33	134992.99	135546.33	136528.19	137760.91	139084.14	140239.43	141016.11	141428.68	141625.22	142106.04	143092.65	144322.62	145437.26	146222.28	146950.86	148104.42	149446.37	150689.2	151699.95	152638.93	153167.03	153571.86	153914.87	154487.5	154646.08	154554.18	154651.55	155383.08	156457.17	157696.65	158658.83	159610.64	160317.84	161110.88	161876.9	162813.72	163487.94	163782.66	163939.3	164288.9	164993.82	165821.61	166896.9	167973.62	169166.96	170095.61	171103.32	172041.04	172931.36	173783.54	174723.63	175944.86	177318.02	178703.1	179928.3	181148.01	182362.1	183761.58	185283.51	186765.94	188104.16	189247.89	190004.02	190908.23	191715.26	193224.56	194733.98	196130.69	197175.76	197900.68	198952.21	200307.18	201849.78	203203.19	203925.07	204386.91	204601.98	205048.9	205766.79	206693.85	207776.54	208787.88	209999.67	211388.13	212736.59	213909.96	214752.49	215297.51	215883.33	216977.14	219048.08	221856.85	225018.43	228411.83	231513.54	234367.67	236954.14	239832.18	243394.02	248197.68	254577.42	261411.72	267689.49	273046.85	278053.95	283289.84	288462.68	294751.34	302049.14	310428.46	318981.89	327174.68	334748.97	340551.19	344272.95	345541.58	345779.47	345125.31	344102.61	342132.11	340552.29	339597.65	339363.67	339186.48	339199.99	339154.63	339211.22	338922.36	338586.41	338207.5	338099.78	337827.52	337495.92	337209.9	337344.19	337426.68	336992.01	336115.61	335216.94	334479.23	333775.64	333033.89	332273.56	331697.5	330776.25	329370.14	327841.16	326444.31	325048.38	323693.66	322396.72	321798.24	321190.08	320843.12	320539.62	320569.91	320545.66	320362.33	319758.75	318901.25	317909.41	317143.62	316808.27
34475	32708.92																																																	75078.33	75400.37	75387.17	75614.42	75999.85	76678.44	77409.27	78246.0	79376.72	80900.93	82212.21	83458.34	84736.82	86200.63	87676.05	89023.62	90550.67	92118.8	93593.01	95046.37	96565.6	98153.91	99614.23	101055.14	102437.02	104190.99	106717.33	109965.99	113453.68	116062.04	118451.14	120581.74	122303.26	124268.97	126094.41	128206.64	129326.36	129747.95	129854.59	129539.06	129064.44	128263.74	127438.37	126378.06	124931.1	124069.49	123366.81	122694.68	121124.41	120662.26	120729.88	121453.24	120496.65	119288.91	117128.78	114880.88	112278.35	110119.68	107836.23	105162.63	101640.82	98981.96	96832.24	95171.49	93150.34	91539.74	90419.47	89215.88	87167.79	85306.44	84064.99	83910.76	83873.04	83364.51	82163.92	80704.19	79232.59	78383.87	77469.79	76636.77	75705.23	74764.32	73428.95	71663.7	70174.82	69054.01	67592.87	65589.06	63559.29	62437.21	61444.27	60640.12	59851.41	59443.63	59306.58	59392.95	59245.58	59321.9	59339.25	59777.19	60241.47	60730.69	61293.72	61620.54	61976.26	62188.55	62566.42	62979.32	63686.92	64438.25	65238.0	66048.38	66660.97	66878.69	66749.86	66687.34	66830.18	66525.01	66064.41	65580.94	65767.87	65917.76	65993.08	65963.28	66222.86	66264.51	66260.62	66073.56	66356.39	66308.21	66355.96	66232.82	66131.7	65778.48	65811.44	66610.39	68082.34	69413.03	70486.83	71019.84	71768.97	72478.19	73698.36	74933.14	76466.98	77598.83	78250.6	78907.52	79736.41	80709.56	81565.79	82719.89	83899.46	84995.08	85895.35	86774.79	87637.25	88031.65	88599.34	89018.46	89489.11	89835.76	90481.14	91583.61	93227.85	94961.72	96725.38	98150.23	99567.26	101055.51	102923.25	104338.12	105740.34	106738.61	108273.63	109471.82	110680.38	111498.73	112358.67	113088.12	114347.91	115954.54	117739.25	119037.05	120216.81	121471.0	123058.94	124515.61	125412.62	125806.99	125972.0	126331.38	126799.51	127292.76	127610.78	127763.58	127556.04	127307.59	127548.1	129142.93	131890.89	135324.45	138575.14	141507.91	144174.91	146972.91	150156.31	153923.75	158369.2	163506.4	166855.57	168439.02	168073.95	168879.49	170811.14	173235.7	176985.82	181826.34	187348.72	191984.05	196061.15	200881.57	205374.37	208735.38	210505.34	211923.69	212836.19	213649.39	213191.72	212903.21	212467.78	212898.04	213098.64	213488.02	213949.72	215487.36	217257.24	218936.11	219768.96	220177.36	220410.92	221080.01	221985.06	223035.72	223340.93	223160.55	222411.81	221925.16	221588.35	221549.56	221446.86	221920.25	222469.36	222589.04	221399.95	218983.96	216512.48	214631.22	213774.53	213092.97	212355.82	211222.44	210365.97	209932.05	210316.29	210836.0	211331.41	211311.93	210554.22	209395.49	208338.42	207751.97
32179	32708.92																																																	90214.08	90435.53	90709.94	91184.24	92196.0	93110.86	94609.34	95901.09	97907.66	99442.09	100888.35	101929.56	103327.46	104909.71	106477.66	108349.63	110395.48	112573.44	114861.52	117433.22	120526.98	123970.01	127608.78	131329.87	134377.05	137304.85	140039.07	143073.38	146106.02	149225.21	152352.55	154429.36	155345.58	156082.44	156978.03	157719.7	157211.78	156292.66	155685.58	155139.49	153874.02	152249.93	150789.04	150156.41	149031.65	147421.47	145009.5	141698.51	138623.42	137720.7	138841.26	139874.84	138790.98	136535.09	134060.58	131892.61	130428.05	128265.86	125346.07	121961.55	119239.93	117282.86	115468.49	113572.11	111785.19	109358.77	107023.36	104203.36	101550.92	99421.16	97952.27	96631.75	95362.07	94004.09	92970.88	92070.88	90944.36	90184.59	89259.74	88333.51	87262.11	86129.44	85280.22	83989.1	82930.66	81473.68	79805.92	77906.19	76495.78	75998.21	75522.69	74976.6	74145.62	73527.01	73113.61	72983.11	72634.5	72314.36	72026.62	72083.6	72233.67	72320.2	72380.44	72152.38	72143.11	72302.54	72899.68	73826.07	74654.28	75116.53	75111.0	75223.83	75746.89	76500.96	77114.65	77689.85	78182.78	78501.91	78651.28	78892.49	79481.11	79841.86	79909.49	79951.68	80406.05	80959.47	81631.52	82261.89	83061.92	83688.6	84593.95	85821.77	86811.81	86928.08	86509.42	86309.87	87071.0	88147.63	89541.84	90489.07	91364.45	92121.15	93088.96	94259.39	95174.9	95928.32	96158.24	96336.76	96746.71	97254.41	97843.61	98482.89	99220.15	100213.6	101087.44	102171.25	102811.58	103176.51	103479.52	104197.18	105006.35	105877.39	106945.0	108346.53	110037.48	111511.62	112778.09	113760.91	115039.4	116557.57	118183.52	119335.41	120326.84	121300.69	122529.82	123681.12	124760.2	125582.32	126369.72	127022.74	128215.51	129845.54	131416.5	132410.36	133003.16	133904.2	135066.55	136244.34	136953.07	137386.52	137888.31	138648.33	139517.67	140187.75	140964.08	141939.06	142811.63	143537.84	144444.24	146166.56	148659.36	151555.46	154790.53	157972.65	160670.24	163078.53	165595.8	168766.36	172206.91	176266.17	179973.69	183080.85	185333.48	187685.69	190347.85	193193.59	197157.02	202378.93	208429.58	214650.45	220195.71	225708.94	230026.74	232814.09	233794.03	234133.62	234571.37	235397.38	235451.66	235604.07	235042.92	235092.14	234984.89	235667.26	236541.37	238295.4	240075.52	241760.35	242719.04	243250.53	243655.21	243945.52	244399.69	244752.17	244948.54	244689.61	244305.36	244386.49	244597.19	244834.61	245201.38	246203.83	247481.33	248002.26	247569.08	246526.33	245461.21	244368.41	243619.8	243133.34	243185.3	243220.01	243342.84	243765.85	244500.62	245300.22	245489.84	244837.77	243916.6	242790.22	242081.84	241396.22
34488	32708.92																																																	90423.75	91132.97	91542.58	92489.83	93434.21	94303.49	95547.69	96864.3	98839.41	100424.22	101970.96	103348.34	105288.49	107149.95	109119.08	111206.63	113763.4	116174.71	118511.49	120874.22	123694.28	126993.83	130543.43	133778.46	136163.69	138833.21	141909.04	145556.52	148510.12	150728.14	152490.85	153640.06	154214.89	154902.34	155593.54	156369.5	156021.92	155465.89	154740.53	154254.18	153126.29	152150.27	151331.96	151340.87	150793.92	149909.83	148036.52	145306.82	142605.08	141792.18	142905.15	143936.48	143114.76	141094.47	138879.03	136650.22	135139.11	133066.8	130681.91	127786.9	125671.37	124526.69	123513.05	122027.27	120286.65	118562.52	117156.71	115529.86	113424.47	112276.74	111901.08	111843.37	110961.23	110078.32	109467.24	109065.83	107870.15	107077.69	106163.71	105274.27	103922.25	102202.85	100793.26	98889.71	97470.95	95765.6	94043.51	92077.79	90502.22	89749.7	88930.76	88065.44	86845.43	86087.03	85463.13	85289.06	84712.48	84407.57	84212.69	84563.76	84891.65	85245.69	85412.53	85419.0	85379.46	85698.71	86690.18	88139.75	89328.93	89720.7	89973.75	90863.66	92254.36	93747.33	94901.91	95812.37	96015.44	95215.6	93999.73	93225.28	93454.89	94170.44	94845.11	95209.75	95654.8	95938.76	96325.01	96609.32	97157.75	97463.56	98152.03	98994.46	99791.11	99728.84	99013.03	98517.7	98896.95	99721.8	100768.1	101445.07	102250.12	102876.44	103670.93	105171.95	107050.17	108467.3	108558.97	108302.45	108408.5	108707.73	108845.48	109400.36	110327.72	111446.2	111969.99	112316.91	112479.84	112488.82	112626.3	113294.0	114591.98	116088.74	117856.89	119649.29	121682.68	123311.22	124757.03	125826.4	126854.07	127884.57	128820.74	129374.75	129641.29	129710.81	129938.96	130335.88	131150.78	132024.5	132978.69	133988.69	135353.47	136916.66	138202.78	139105.69	140124.76	141340.19	142987.29	144441.46	145863.04	146785.4	147424.09	147935.08	148318.7	148924.49	149204.46	149609.71	149864.35	150276.88	151132.94	152918.04	156285.68	160625.42	165553.47	169809.07	173723.63	176465.67	178988.08	181703.83	185694.74	191179.63	195519.38	198204.58	198578.88	199545.08	201605.5	204045.44	207510.04	212012.81	217939.75	224571.64	230565.95	236681.3	240924.16	242524.67	242063.19	241253.38	240914.86	240181.55	238225.58	236468.98	235256.12	235261.44	235776.54	237406.27	239206.11	241207.53	242148.25	242250.25	241582.71	240687.93	240341.83	240617.82	241969.62	243281.37	244433.08	245146.77	245804.17	246507.9	246361.88	245954.17	245688.52	246264.3	246817.73	246436.3	245190.76	243371.49	241683.59	240075.44	239044.35	238339.58	237926.98	237331.2	236653.86	236470.3	237100.71	238463.23	239877.45	240373.37	239600.8	237871.79	236224.2	234973.94
32134	32708.92																																																	80072.54	81142.85	80965.41	81582.01	81886.08	82719.51	82890.68	82463.26	82100.12	81744.61	81497.86	80992.61	80762.23	80857.93	82347.55	84796.05	87526.13	89044.37	90685.11	92967.28	96298.08	99040.57	101479.51	104058.43	107097.86	110097.33	112641.58	115158.55	118075.72	121404.52	125611.12	129378.76	131997.44	133440.74	134604.23	136180.19	136771.7	137063.17	136921.13	136970.05	136341.57	134999.02	133657.59	133185.86	132562.35	131769.72	129930.21	128616.83	126573.77	126109.91	126519.02	128054.13	128111.25	126692.63	125083.02	123195.93	121869.04	119813.0	117446.67	115005.43	112252.59	111950.17	112068.84	112456.89	110533.5	108806.69	106752.34	105006.07	102325.99	101133.51	100255.22	98664.23	95986.2	93559.26	91743.04	90545.14	89340.3	89674.73	90835.33	91836.93	91657.35	90217.15	89049.73	87820.55	86975.2	85274.59	83280.62	80683.85	78435.15	76609.39	75119.09	73955.01	73033.81	72893.64	72644.87	73009.83	72872.56	73055.18	72710.64	72334.49	71760.02	71368.48	70953.29	70654.02	70372.03	70364.0	70427.87	70581.96	70768.42	70907.92	70925.87	70802.27	70615.76	70481.69	70270.37	70218.65	70216.54	70389.74	70778.26	71336.35	72226.24	72734.61	72961.25	72989.49	73113.28	73421.75	73759.59	74325.77	74766.38	75051.78	75429.78	76033.57	76855.41	76966.99	76988.18	77044.67	77966.69	79085.65	80073.97	80750.04	81310.87	81582.66	81916.75	82379.81	83061.75	83293.32	83167.02	83107.9	83332.82	84026.12	84696.0	85955.19	86808.85	87632.19	88159.98	88906.41	89838.31	90395.34	90690.39	91005.53	91736.86	92178.63	92715.99	93153.74	94476.91	95597.34	96928.33	97915.01	98738.2	99172.12	99760.46	100806.26	102026.76	103109.08	104174.78	104920.7	105706.55	106020.15	106665.28	107240.38	108025.11	108699.08	109282.65	109917.37	110679.13	111259.81	111478.66	111912.97	112484.98	113300.98	113884.16	114326.82	114680.48	115220.45	116143.18	117541.78	118582.91	119181.77	119798.15	121314.95				137219.44	140202.32	142253.29	144490.62	147103.91	150418.4	154472.44	157666.9	159402.25	159593.08	159973.82	161283.77	162836.21	165078.46	167702.47	171865.18	177421.67	183346.39	188513.24	191520.48	192537.04	192485.55	192572.54	193319.12	194306.25	194638.12	195352.15	195536.32	195899.8	195914.4	197107.36	198671.64	200183.4	200829.64	200964.29	200997.1	200834.49	201238.6	201888.92	203154.55	204133.74	204500.12	204534.03	204100.11	203847.92	202861.04	201646.77	200130.73	199169.07	198538.19	197828.41	196540.91	194097.65	191351.62	189086.18	188317.91	188160.29	187458.57	185926.59	184195.25	183254.21	183684.25	185172.79	187363.69	188359.01	188088.45	187086.52	186507.04	186438.55
34431	32708.92	70032.29	70813.39	71683.49	72994.13	73710.77	74136.76	74721.46	75671.89	76270.15	76700.59	77244.71	77894.62	78496.18	78661.73	78950.14	79265.49	79933.31	80526.69	80959.82	81130.23	81232.32	81568.91	82127.39	82774.37	83316.36	82806.24	82216.66	81945.32	82571.97	83195.57	83539.3	84172.02	84879.84	85655.75	86207.53	86707.1	87003.68	87102.01	86886.06	86779.58	86974.58	87700.43	88471.48	89113.01	89632.26	90187.89	90731.03	91262.96	91740.72	92315.51	93088.02	94038.43	95059.52	95967.03	97264.94	98951.15	101066.43	102962.6	104742.06	106371.77	108136.63	109760.88	111667.75	114387.43	117908.41	121477.35	124615.9	127779.61	131229.31	134833.65	138508.52	141893.27	144766.24	147383.33	150314.76	154017.97	157901.92	160979.98	163441.68	165298.74	166772.52	168620.29	170212.89	172124.48	172973.8	172820.14	171474.1	169531.44	167488.42	165750.33	163934.97	162205.59	159930.06	157843.9	155714.35	153659.49	151300.24	150158.09	149774.86	149180.48	146999.62	144313.95	141890.48	139898.24	138108.37	135820.72	133273.9	130689.47	128570.59	127082.72	125406.36	123072.31	120697.95	118805.77	117978.32	116715.01	115370.5	114219.28	113150.3	111250.65	109159.83	107404.86	106648.63	105923.83	104965.23	104107.4	102986.84	101609.09	99847.44	98208.36	96712.72	95172.6	93578.73	92215.94	90519.81	88710.49	86875.06	85461.01	84081.89	82709.09	81530.57	80411.13	79629.62	79145.53	79162.89	79112.78	78884.98	78517.73	78299.92	78199.66	78169.78	78155.67	78296.68	78414.81	78669.75	79237.36	80004.61	80646.14	81331.3	82211.19	83474.73	84664.47	85442.32	86088.28	86555.0	86975.38	87118.46	87293.93	87569.49	87853.67	88126.77	88622.07	89369.29	90282.57	91102.18	91783.24	92364.46	92878.83	93745.38	94782.57	95774.87	96117.7	96161.75	96381.22	97310.51	98663.53	100235.68	101583.75	102798.57	103781.42	104822.07	105895.27	106916.67	107677.4	108169.53	108839.79	109600.82	110400.22	110819.2	111473.87	112271.63	113543.75	114723.45	116009.04	117140.02	118033.32	118618.77	119460.81	120369.54	121387.68	122266.25	123368.05	124788.34	126251.48	127807.42	129266.47	130567.48	131935.19	133305.9	134385.14	135292.91	136020.84	137260.7	138421.0	139660.35	140773.74	141861.51	142931.26	144119.03	145397.08	146454.83	147027.34	147198.56	147402.67	147741.23	148351.0	149152.82	150301.27	151580.37	152660.13	153596.91	154439.74	155328.42	156035.67	156514.41	157209.41	158412.33	160444.57	163076.11	166043.82	169310.08	172548.56	175755.24	178651.13	181424.3	184481.71	188724.35	194420.55	199925.34	204032.03	206633.75	209254.25	212508.24	215954.98	220769.21	226828.23	233905.2	240812.89	246931.39	252650.88	257077.43	259914.15	260759.89	260773.3	260443.78	260534.5	259997.5	259748.01	259290.57	259736.54	260121.96	261480.75	263019.92	265507.42	267525.62	269134.6	270003.8	270514.37	271075.56	271645.1	272523.68	273100.79	273565.84	273703.49	273897.14	273972.56	273785.4	273375.63	272971.46	273169.76	273587.44	274052.11	273851.84	273096.8	272033.12	270880.68	269996.72	268932.25	268057.94	266977.87	266297.0	266036.23	266514.92	267231.09	267987.04	268243.43	268033.51	267201.31	266341.68	265772.42
32113	32708.92																																																	98242.11	99032.99	99681.45	101110.68	102288.45	103112.24	103372.91	103646.13	104016.46	104891.55	105749.05	106998.4	108395.91	110224.13	112601.52	115500.0	118027.66	120267.16	122296.16	125253.31	128264.64	132426.31	137066.36	141800.3	145198.56	147763.98	150386.99	153799.75	158106.2	163071.59	168212.12	172719.36	175753.17	178415.08	179717.69	180582.28	179895.63	179984.16	180322.76	180524.71	178988.58	176387.15	173583.81	170600.15	167764.57	165279.69	163548.05	161569.18	158369.02	156576.18	156460.96	157939.31	158451.93	157583.2	155734.26	153769.03	151843.79	149586.97	146693.27	144103.6	142240.48	142202.67	142138.42	141502.93	139749.8	138074.66	136698.19	133744.55	131215.91	129620.05	129212.35	127682.01	125521.53	123641.34	122978.03	122489.99	122146.57	121865.8	121785.56	120976.58	119968.42	118796.51	118723.25	118453.97	117855.95	115902.65	112988.66	110076.31	107493.23	106063.75	104581.91	103409.52	102285.37	100616.72	99234.03	97893.93	97480.3	96968.63	96180.39	95431.37	95065.12	95075.82	94957.25	94789.5	94519.59	94083.59	93814.77	94080.61	95058.31	95708.96	95727.95	95562.84	95458.72	95840.94	96023.82	96772.03	97112.15	97188.41	96991.54	97195.95	98200.07	98956.46	99493.88	99892.79	100681.32	101653.08	102707.19	103772.55	104595.26	104679.57	104824.9	105185.13	106097.79	106365.5	106497.81	106709.77	107563.46	108659.25	110041.46	111563.6	113096.24	114314.29	115040.67	115894.38	116933.65	117945.89	118455.92	118827.32	119794.14	120850.14	121957.8	123140.84	124380.67	125595.85	126641.5	127731.61	128858.69	129376.18	129903.25	130396.82	130846.9	131215.29	131777.24	133113.59	135079.85	137124.63	138986.24	140387.91	141419.8	142469.36	143684.85	144705.06	145266.39	145676.95	146343.79	147358.76	147968.25	148416.56	148914.21	150130.95	152243.47	154828.19	157426.47	158860.9	159647.93	160145.96	161116.6	162355.64	163315.2	164753.51	166251.12	168027.59	169196.01	170144.96	170867.86	171591.32	171900.28	172271.4	173165.96	175543.05	179269.89	183712.86	188326.51	192490.55	195991.65	198776.11	201790.94	205361.34	209915.22	215657.75	221250.58	225586.11	227888.53	230332.17	233823.08	238183.88	243294.48	248695.91	254735.9	261278.86	267659.37	274000.93	278555.41	281276.49	281520.58	281240.15	280886.37	281452.36	280951.34	280835.72	280263.1	281530.8	282680.41	284878.9	286332.7	288111.13	289145.21	289877.54	290299.82	290449.07	291083.06	291733.68	293238.57	294817.25	296490.93	297484.36	297760.11	298147.45	298315.67	298603.45	298786.99	299586.16	300194.42	299986.91	298940.2	297974.38	298381.91	299051.6	299683.47	298934.27	298380.04	297912.68	297664.84	297835.65	298888.54	300749.34	302943.03	304769.71	306353.88	307037.14	307235.51	306637.05
32686	32708.92																																																		126954.24	127617.33	128588.82	130004.06	131565.1	132913.7	134567.31	135947.15	137370.17	138737.59	140368.34	142073.28	144511.53	148331.56	153153.16	157202.03	159708.23	161868.57	165738.3	170824.98	176747.38	182452.35	187822.22	191951.06	195044.1	198111.92	202254.22	208805.95	216498.05	223933.78	228713.24	230581.21	231739.71	232109.02	232813.89	232122.41	231712.03	230876.63	229753.67	226387.69	222412.88	217677.77	213676.49	210970.17	208872.03	208388.95	205869.72	203726.2	202803.73	203945.26	205290.89	204757.75	203036.66	200934.19	198999.29	196786.21	193116.0	188331.67	183742.23	179787.45	177348.92	175286.38	172900.82	170087.27	167546.3	165936.05	162795.68	159447.92	157350.43	156766.34	155200.2	152685.12	150148.74	149276.69	149170.47	149096.82	149147.43	148838.92	147722.83	146165.0	145232.58	145736.27	146531.6	146528.78	145147.99	142339.08	139319.84	136324.27	134651.49	132655.86	131293.17	129727.03	128209.41	126776.29	125309.58	124397.41	123122.19	121488.38	119522.88	118103.06	117407.82	116891.84	116536.73	116355.09	116190.44	116007.95	116330.63	117478.11	118674.23	119422.48	119870.47	120600.14	121720.26	122882.39	124063.84	124550.4	124621.02	124565.84	125406.47	127159.78	128715.79	129791.01	130341.16	131066.98	131726.47	132759.43	134219.64	135653.1	136721.07	137297.97	138134.21	138818.84	139271.18	139479.29	139851.17	140751.45	141846.25	143523.53	145126.72	146718.32	148048.28	149239.78	150689.98	152434.49	153945.59	154982.51	155519.15	156686.07	157501.85	158188.71	158749.24	159579.87	160283.68	160660.27	161168.05	161686.3	162234.6	162653.61	163513.89	164064.4	164500.45	164978.98	166198.66	167770.19	168797.22	169711.37	170981.46	172612.89	174256.44	175749.43	177156.09	178551.67	180009.4	181897.57	183748.16	185315.21	186255.6	186846.49	187694.47	188984.48	190855.82	192800.09	193929.39	194431.02	194824.83	196034.95	197777.37	198947.63	200092.05	201003.69	202320.18	203625.93	205634.38	207654.79	209341.86	209889.21	210586.85	212236.23	215673.85	220607.64	226045.98	231535.11	236260.37	240366.98	244027.28	247701.47	252254.48	258346.19	266240.38	272774.84	276739.13	278701.74	281653.65	285777.38	289963.89	295881.11	303927.82	314115.81	325063.22	334954.9	343593.93	348957.61	351208.42	350924.8	350119.28	349306.89	349110.4	347576.87	347485.83	347264.57	349905.3	352288.82	355761.45	357912.92	360265.83	362108.1	363851.47	365724.1	367086.39	368736.89	369656.31	371999.06	375071.73	378644.16	381294.69	382489.41	383756.11	384757.94	385651.19	385548.21	385914.78	386914.99	387429.43	386160.44	383195.44	381344.82	379652.93	378713.91	376523.01	375336.06	374567.31	375350.97	376412.29	379301.81	382333.87	386332.7	388638.31	389629.87	389082.18	388415.03	388292.69
32617	32708.92																																																	122595.59	123581.61	124213.94	125978.91	127398.3	128546.72	129048.32	129871.51	131151.9	132887.34	134432.84	136076.93	137972.33	140369.21	143443.98	146711.81	149881.37	153463.08	157042.59	161134.11	164480.92	168952.04	173619.29	178061.52	180951.16	183323.13	186144.73	190250.66	195110.21	199470.35	203973.16	207453.13	210802.14	213530.24	215355.56	217035.27	217473.09	218293.97	218397.66	217486.44	215277.04	212848.58	210135.49	207598.21	204272.85	201837.14	199452.12	197593.12	194334.74	192766.14	191899.75	192233.42	190920.2	188954.16	186436.49	183838.67	180780.46	176899.59	172619.34	168809.68	166410.86	166076.15	165535.58	164193.98	161683.7	159454.31	157864.16	154956.19	152389.32	150959.67	150626.07	149971.14	148412.64	147182.48	146326.3	145808.71	145087.4	144702.83	143749.38	142191.32	140306.67	138302.15	137348.81	135853.7	134533.55	132006.82	128959.51	125832.24	123132.22	121745.23	120099.4	118657.48	116931.4	115108.1	113914.83	113110.03	112961.47	112672.74	112271.82	111803.69	111567.27	111443.5	111598.27	111571.01	111613.14	111709.12	112168.82	113140.89	114289.22	114999.87	115181.75	115584.78	116460.56	117371.71	118069.2	119136.82	120516.29	121612.99	122385.27	123230.86	124526.92	125215.38	125381.42	125206.07	125376.97	125834.06	126750.24	127982.44	129182.69	130014.47	130942.04	131872.75	132958.9	133655.42	134357.48	135077.57	136219.28	137503.56	139089.55	140513.98	141692.59	142791.37	143936.21	145206.17	146345.94	146819.51	146757.21	146707.0	147299.59	148443.44	149742.84	151528.01	153184.83	154871.24	156082.02	157411.83	158288.85	158719.69	158888.11	159439.16	160177.84	161096.1	161797.59	162707.34	164020.49	165484.89	167172.88	168747.28	170219.22	171421.13	172680.13	173795.89	174891.47	175620.58	176726.33	177919.9	178984.12	179650.2	180243.62	181150.05	182609.86	184525.33	186672.14	188321.12	189423.43	190145.7	190918.33	192335.98	193868.52	195697.3	196880.08	197922.11	198720.64	199633.99	200593.84	201745.75	202703.45	203873.45	205039.58	207515.81	210986.87	215518.43	220166.97	225002.37	229240.75	233091.55	236467.14	240449.46	245438.65	251850.67	257550.19	261873.45	264355.6	267414.77	271245.41	276424.01	283406.66	291566.92	300358.83	308681.62	316108.25	322684.78	327282.12	329944.08	330011.37	329323.05	328381.02	328274.52	327232.45	326481.87	325701.2	326704.21	327920.8	329970.63	331716.27	334349.56	337364.99	340419.16	342943.41	344058.71	345181.0	346373.41	348682.0	350984.49	353353.74	355045.23	356245.73	357163.92	358108.69	358913.42	359909.03	361441.95	363296.64	364527.54	364502.93	363490.68	362629.76	361736.93	361261.39	360399.22	359595.07	358795.63	358366.37	358186.46	358922.09	359758.67	361637.88	362698.87	362440.13	361306.08	360189.15	359996.1
32195	32708.92																																																	137391.12	137780.54	138420.82	139381.58	140503.84	141274.96	142619.22	144244.27	147319.6	150402.39	153755.16	156252.92	159321.91	162462.7	165447.22	167938.93	170827.62	174412.23	178856.84	183453.84	188617.59	194287.56	200027.29	205149.75	208967.6	212805.16	217029.13	222094.14	226651.4	230599.31	234211.71	236576.22	237214.88	238052.5	239462.44	242139.52	243748.11	243518.5	243340.64	241149.49	238934.0	234995.74	231724.15	229659.14	228539.02	228005.4	226221.13	222770.9	218371.07	216713.4	216409.28	216697.84	214948.59	213079.82	210737.79	208228.26	205992.63	202897.39	198876.23	194397.94	190899.08	189032.85	187461.69	186373.62	184627.28	182227.58	179439.83	176129.87	172547.32	171343.72	172015.68	174525.37	176521.38	178096.77	178272.04	176953.72	175064.38	173945.91	173501.85	173245.59	173630.72	171764.93	169343.87	165348.32	162661.79	159902.52	157166.03	154554.42	152384.78	151301.43	150188.64	148467.17	145935.14	143969.08	142550.99	142317.55	141968.36	142251.17	141855.38	141667.8	141661.38	142037.8	142388.98	142673.9	142962.63	142949.53	143072.71	144043.82	145816.06	147422.6	148204.74	149031.56	150060.32	151091.88	152169.1	153592.91	155489.71	156842.38	157967.08	159214.67	161005.5	162373.45	163250.92	163751.35	164428.36	164900.61	165885.64	167303.75	169635.76	171197.21	172901.14	174182.27	176105.48	177500.7	178523.18	179519.66	181132.51	183098.71	184524.96	185216.42	185619.38	185968.3	186637.77	187699.49	189404.09	190522.75	190739.54	190413.17	190579.22	191016.17	191340.21	191963.29	192846.37	194027.2	194928.96	195814.2	196420.29	196612.22	196866.88	197847.32	199147.55	201036.59	202796.9	204647.45	206243.14	207279.73	208714.56	209843.59	211140.08	211983.01	213302.78	214863.06	216335.95	217506.21	219198.06	221249.11	223340.26	224857.49	226112.27	227471.29	229145.0	231064.15	233025.32	234394.24	235438.86	236045.52	236696.35	237866.05	239502.76	241411.05	243211.55	244785.99	244979.81	244816.91	244754.3	246061.38	247573.7	249371.4	251730.63	255363.14	260282.03	265898.17	271008.82	275815.86	280494.57	285750.18	290431.33	295940.71	302271.86	310181.29	316680.09	320332.75	321703.07	323854.4	328364.03	333905.51	341296.22	350058.62	360264.64	370158.27	378942.52	386327.11	391220.21	393601.88	393641.21	393091.78	391956.17	392317.35	391279.38	390890.88	389289.33	390206.4	391506.69	394134.44	396106.05	398478.06	401530.7	404435.61	407408.72	409213.53	410815.47	411800.02	413291.03	415207.83	417762.96	419394.46	419808.8	419555.54	419152.12	419071.92	419089.7	420131.28	421806.76	423429.06	423152.85	422208.79	420843.86	419536.46	418289.75	417076.76	417607.59	418870.82	420272.2	422238.12	424784.61	427835.29	430259.13	430778.47	430973.06	431232.32	432725.83	434397.77
32702	32708.92	72163.7	72281.35	72908.7	74131.4	75720.48	76766.01	76928.28	76093.76	75072.29	73650.35	72552.34	71694.63	71698.56	72276.6	73103.28	73589.19	73934.84	74235.58	74896.83	75994.7	77095.89	78192.19	78794.43	78824.36	78795.32	78394.4	78385.26	78960.11	79968.43	81403.77	82882.49	84427.96	85789.6	86692.76	87540.34	88162.83	88474.8	88504.16	88475.52	88668.9	88991.78	89254.21	89111.96	89343.2	89754.08	90587.91	91308.36	92344.91	93824.23	95164.03	96056.35	96686.16	98153.03	100215.9	102557.56	104530.04	106244.5	107562.65	108154.36	108456.14	108669.61	109046.2	110226.43	112184.6	114820.29	117909.97	121843.92	125419.98	129078.21	132330.65	137021.57	141490.09	146242.78	149617.76	152579.81	155119.88	157158.48	158334.68	158822.25	158602.9	158308.88	157900.32	158219.73	158530.12	157796.66	157275.63	157196.69	158401.52	159704.13	160599.3	160492.23	161269.05	161835.26	161684.81	159922.7	157836.8	156640.35	156187.84	155183.46	154625.18	152869.07	151393.93	149433.31	147373.94	144884.48	141771.21	138188.91	134905.41	131184.14	128028.04	125251.39	122435.68	119566.43	116916.32	114573.88	112517.62	110263.45	109485.39	109344.03	109837.42	110211.8	111199.72	112801.77	113829.22	113437.66	112386.7	111620.37	111373.38	111537.16	109904.49	107755.47	104266.23	102456.84	101148.95	100337.76	98797.75	97399.84	95978.04	94682.72	92914.72	91562.22	91770.05	92913.04	94082.89	93142.7	91623.41	89649.11	88508.55	87633.0	86990.43	86362.55	85264.53	84200.05	83499.6	83770.03	85256.0	87424.57	89490.2	90835.95	91954.7	92978.41	93951.11	94317.22	94701.99	94986.41	95683.86	96107.34	96471.51	97136.61	98139.48	99022.34	99436.64	100099.55	100995.53	102148.24	102898.48	103682.67	104197.38	105039.19	106410.7	108215.65	109510.66	110170.75	110338.2	110571.88	110979.12	112050.26	113600.52	115455.03	117250.54	118562.75	119897.2	120975.2	121838.69	122150.87	122431.28	122939.66	123316.11	123384.45	123884.04	125044.1	126473.95	127361.28	128145.98	129139.55	130574.63	131836.42	133186.03	134662.39	136177.39	138040.32	139999.38	141707.06	142084.85	141461.8	140312.0	139295.3	138861.66	139460.78	140604.56	142387.18	144385.78	146892.61	149557.67	151763.49	153190.7	154338.3	156152.07	158332.6	160306.88	161705.86	163198.99	165094.8	167274.24	169117.28	170386.47	171159.34	171587.04	171787.09	172131.8	172499.62	173770.37	175603.2	177203.02	178248.09	178324.37	180063.9	182924.35	186941.86	191083.08	194760.22	198451.54	201916.13	204964.89	207145.22	208764.38	210541.93	212951.05	214354.63	214328.54	213943.6	215067.22	218220.88	222197.58	227186.69	232746.27	238988.01	245744.19	252337.49	258730.79	262930.49	264900.49	264815.37	264434.73	264427.52	263984.64	261929.59	260090.66	259641.83	262601.41	265959.53	270185.14	273151.81	275376.43	276935.19	278502.54	280584.73	281933.21	283393.18	285081.19	286988.92	288461.12	289096.97	289390.19	289210.04	288983.42	288656.67	288109.99	287567.7	287302.52	287484.52	287660.81	287034.11	285565.66	283851.13	281745.19	279066.44	276047.72	273328.89	271809.56	271803.08	273302.08	275826.75	278941.92	282108.98	284440.77	285217.81	285927.08	286444.54	287607.45
32664	32708.92																																																	127198.05	128595.47	131368.02	136483.87	142091.62	146020.74	148905.44	150775.4	152285.04	153364.26	154578.89	156426.91	158709.03	161258.07	164035.04	167360.57	170656.18	172891.02	173969.34	176686.23	180337.99	184876.57	189186.29	193628.44	198515.96	203324.61	208664.1	213091.47	216611.47	220158.26	224647.69	227286.79	229031.06	229592.64	230995.09	231468.99	230926.03	228181.43	225129.1	222220.33	220227.72	217823.5	215372.59	213010.37	211036.99	210565.06	211274.54	210830.4	209325.62	209355.4	211290.41	213388.96	213729.57	213160.93	211599.19	210255.09	208279.76	202409.28	194359.58	185952.12	181193.45	179304.36	178376.18	176827.5	173671.27	170488.78	167557.86	164178.35	160931.24	158333.8	156369.44	152612.89	149357.03	145785.97	143847.27	141529.2	139777.21	139164.69	140607.84	141679.5	141986.25	141869.97	142530.39	143404.31	143041.31	141245.7	137789.09	134113.1	130583.83	128600.63	126051.66	123945.82	121733.55	122186.61	123495.27	124898.15	124601.2	122923.95	120898.8	118374.87	116832.11	116159.98	116501.66	117185.46	117236.15	116211.04	115178.47	115430.82	116935.62	118280.52	119248.23	119983.26	120838.19	121855.87	123132.21	125077.91	125854.23	124726.59	123236.23	122895.45	124039.38	124816.63	125524.67	126285.22	127589.81	128655.06	129800.96	130943.4	131647.73	131527.02	131270.26	131333.45	131579.54	130863.9	130414.78	130913.19	132620.17	134434.85	136166.11	137732.28	138966.94	140474.85	142147.49	144590.58	147062.53	148881.87	149759.31	150095.04	150725.46	151517.94	152411.83	153615.39	154913.9	155824.09	156868.17	158122.13	159612.58	160974.41	162013.79	163557.99	164829.97	166005.66	166955.1	168039.82	169224.07	169645.76	169892.51	171042.47	173607.4	176994.97	179992.0	181936.37	183403.54	184074.88	185011.93	185480.9	186125.36	185795.19	185117.57	184172.7	184940.77	186965.64	189836.63	191861.83	193195.73	194005.29	194924.23	196184.97	197464.62	198807.64	200120.71	201352.64	202905.64	203893.11	204619.26	204431.03	204065.34	203848.37	204696.39	206787.3	209792.92	212594.29	215392.1	218441.09	221716.39	224532.93	227012.54	229921.07	234544.19	241141.97	247743.86	252855.7	255688.73	258478.77	261593.66	265171.99	270342.08	277804.81	287133.78	296223.64	302999.0	308602.06	312990.09	315405.5	316124.08	315794.66	316153.34	316058.26	314332.31	312861.91	311315.77	311289.61	311586.28	312986.64	313859.05	314423.64	314609.87	314189.65	313756.43	312878.26	312546.47	312054.39	313116.16	315289.99	318055.54	319156.44	319145.38	318938.91	319173.63	319316.97	318646.33	318324.93	317135.31	315246.88	311294.92	307487.05	303639.65	299730.24	296666.31	293601.32	292112.23	291526.22	292170.18	292677.65	293450.0	295204.17	298114.91	300911.4	303530.16	306780.1	309489.19	311780.58
35160	28086.04											80138.63	80130.02	79797.6	79267.55	78739.87	78555.52	78755.32	79208.1	79847.43	80522.75	81107.42	81597.21	81958.19	82187.99	82051.08	81766.46	81507.46	81514.1	81765.73	82212.07	82865.28	83417.32	83861.03	84220.79	84667.67	85063.56	85198.41	85086.71	84953.74	84938.82	85105.13	85305.45	85683.39	86022.09	86374.25	86563.74	86831.98	87037.46	87087.85	86930.49	86799.59	86866.86	87242.45	87767.72	88459.66	89061.9	89587.91	90083.82	90573.21	91047.76	91275.86	91533.04	91878.96	92575.0	93331.47	94117.22	94902.84	95673.59	96414.84	97121.41	97844.21	98518.54	99021.73	99405.84	99908.82	100530.49	101117.46	101419.06	101701.4	102031.27	102513.66	102986.9	103350.29	103661.22	103828.11	104133.92	104542.92	105045.79	105240.65	105192.98	105072.3	105242.4	105515.77	105741.66	105913.89	106100.11	106382.78	106601.63	106639.93	106473.26	106194.81	105970.88	105766.01	105689.8	105595.23	105552.25	105405.33	105334.74	105199.78	105004.91	104778.43	104434.56	104084.31	103645.03	103286.35	102916.51	102387.2	101826.21	101259.99	100704.33	100232.95	99795.75	99515.9	99254.07	99053.32	98902.53	98691.56	98426.07	98118.24	97838.63	97384.38	96820.36	96319.03	96018.96	95735.9	95421.2	95197.62	95090.57	95123.1	95144.48	95276.25	95279.7	95229.07	94913.87	94681.26	94552.3	94517.45	94561.82	94624.17	94799.82	94425.46	93347.19	92356.59	91699.84	91746.98	91665.54	91226.71	90175.85	89555.17	89303.47	89183.09	88311.05	87114.88	85659.85	84630.21	83862.41	83722.01	83649.73	83944.69	84576.83	85249.89	85527.8	85825.44	85938.37	86483.59	87010.84	87489.51	87355.2	87080.26	86752.12	86205.07	85087.67	83747.02	82846.62	82774.24	83068.51	83853.64	84125.84	84300.11	84345.44	84564.39	85045.4	85582.46	86522.51	87205.35	87827.51	88091.11	88446.97	88578.3	88832.75	89376.11	90225.87	90886.17	91343.91	91485.63	91267.18	90581.68	89867.46	89554.89	90014.71	91103.43	92505.35	93945.27	95250.85	96208.29	96755.81	97555.94	98709.61	100529.42	101725.33	102254.15	101789.04	101432.0	101425.97	101420.54	100969.22	100287.55	99908.02	100206.85	100713.69	101520.59	102368.09	103500.46	104853.74	105602.67	106110.9	105720.07	105792.05	106485.26	108290.76	109641.93	110684.8	111712.76	113776.0	116086.96	117899.32	119502.51	121012.8	123047.17	125529.05	128083.1	130844.13	133487.01	136104.8	138417.3	140226.69	142643.41	145565.49	147709.42	148640.77	148360.8	148960.86	150367.59	151707.33	153319.79	154495.96	155817.05	156857.99	157578.09	158418.06	158264.24	157712.81	156480.24	155077.4	153572.92	151718.76	149741.67	148274.08	147999.66	148938.5	149966.95	150624.44	151125.38	151592.65	152592.66	152825.24	152808.39	152408.67	152139.84	152634.21	154036.09	156071.03	157346.79	158106.61	159217.15	160253.14	160251.98	159248.64	158944.92	159727.42	161289.09	162547.13	162779.47	161601.8	159593.73	157322.72	155994.97	154884.7	154258.82	152727.11	151669.54	151082.21	151407.47	151521.57	151452.7	150780.75	149622.08	148535.92	148570.11	150151.89
35150	28086.04												65171.9	65405.01	65679.44	66135.61	66358.76	66741.49	67212.24	67696.93	67756.55	67792.07	67919.15	68119.49	68243.54	68342.87	68616.32	68898.73	69163.29	69575.73	70083.44	70570.97	70593.42	70485.98	70466.23	70670.97	70932.52	71242.44	71680.85	72050.5	72289.68	72571.39	72899.31	73149.67	73094.9	72982.01	73014.63	73188.45	73432.43	73716.32	74107.22	74478.53	74759.69	75186.19	75703.8	76285.39	76511.77	76668.09	76839.15	77145.52	77479.86	77918.15	78596.04	79329.59	80014.33	80684.3	81418.62	82112.82	82522.2	82903.22	83359.52	83959.33	84483.47	85068.26	85613.01	86200.13	86753.42	87299.08	87800.78	88225.53	88582.49	88925.53	89196.31	89383.18	89458.14	89557.35	89796.94	90092.64	90413.47	90528.76	90575.22	90529.33	90539.83	90509.67	90437.96	90428.5	90476.96	90636.65	90700.1	90720.33	90542.75	90361.13	90162.06		92115.38	93370.18	93379.4	93044.96	92562.78	91936.56	91417.25	90965.81	90958.69	90878.38	90218.67	89214.78	88399.84	87915.31	87542.11	86946.8	86210.01	85628.3	84992.53	84521.66	84179.94	84100.17	84028.44	83842.04	83344.15	82921.78	82569.66	81945.61	81309.61	80665.49	80411.48	80163.38	80047.53	79928.02	79999.03	79967.99	79880.46	79674.13	79449.86	79330.71	79343.94	79609.36	80028.84	80395.19	80747.87	81171.28	81498.57	81192.07	80270.52	79492.87	78856.07	78582.41	78420.85	78299.58	77812.14	77359.09	76953.56	76398.34	75550.31	74649.3	73898.02	73160.89	72615.93	72624.86	72808.11	73373.08	74152.8	75051.04	75484.0	75884.01	76259.9	76856.12	77434.01	78050.54	78840.82	79885.36	80682.24	80711.0	80062.0	79020.36	78276.77	77615.29	77238.55	77179.02	77001.89	76961.32	77275.89	77986.92	79102.41	79845.69	80526.18	80454.64	80197.4	79947.51	79940.38	79866.51	79981.85	80412.9	81265.23	81923.74	82202.87	82190.98	81943.57	81714.02	81574.2	81447.87	81815.6	82419.46	83310.12	84118.27	84948.12	85793.97	86349.57	87310.24	88367.39	89947.04	90833.42	91627.06	91794.45	92225.7	92522.34	92441.23	91605.43	90509.64	89894.45	90271.81	91333.22	92947.24	94562.01	96044.74	97495.72	98415.23	99108.67	99377.27	100173.66	101287.79	102594.39	102958.51	103000.73	103241.92	104553.25	106240.72	107978.84	109988.84	112205.44	114890.16	117395.54	119528.24	121225.27	122865.86	124691.21	126613.97	128372.89	130749.23	133407.37	135369.11	136455.19	136420.42	137053.68	138161.38	139077.32	140532.99	141669.07	143461.75	144878.39	146239.62	147548.28	147674.28	146750.84	145007.11	143321.79	142130.88	141118.02	140518.76	140090.94	140609.06	141824.87	143241.31	144269.53	145071.3	145534.3	145768.37	144956.46	144206.65	143583.29	143645.27	144088.47	144987.72	146003.38	146940.09	147877.16	149220.25	150092.04	149837.08	149097.85	149422.74	150980.07	153027.22	154882.61	155998.45	155866.63	155070.88	154113.78	154727.92	155839.05	157075.97	156718.44	156271.01	156201.57	156885.46	157241.88	157601.1	157616.43	156918.06	155763.56	154107.12	153263.52
35151	28086.04													80290.67	80486.03	80457.02	80258.44	80210.11	80438.39	80899.36	80943.84	81070.26	81486.49	82090.42	82694.71	83189.46	83814.68	84224.96	84329.81	84558.55	84968.96	85566.14	85754.93	85865.26	86153.13	86785.58	87515.54	88261.66	88922.71	89278.9	89221.38	89227.61	89437.99	89670.12	89670.08	89565.26	89667.85	89986.97	90481.67	91156.11	91850.42	92380.17	92551.46	92919.01	93475.58	94172.55	94335.51	94502.95	94882.14	95590.22	96309.21	97003.9	97818.22	98512.36	98991.45	99415.28	100036.35	100911.22	101619.52	102265.32	103099.0	104081.72	105141.78	106075.59	107068.3	108033.25	108578.27	108890.22	109026.48	109520.37	110095.45	110667.47	111061.09	111215.59	111238.16	111296.72	111626.73	112112.62	112606.09	112732.93	112736.66	112637.59	112749.14	112899.64	113054.67	113254.57	113391.34	113567.62	113512.39	113448.44	113136.1	112993.55	112923.62	113345.12	113658.81	114040.37	114120.13	114392.89	114534.26	114594.75	114562.5	114492.58	114555.72	114351.4	113765.83	112989.14	112636.27	112428.18	112042.29	111262.08	110367.42	109281.56	108430.3	107983.92	107909.0	107810.21	107524.17	107299.44	106840.65	106416.54	105977.48	105377.91	104747.48	104368.78	104230.07	104304.96	104219.44	104565.77	105121.43	105726.41	105975.01	106075.4	106239.53	106271.35	106090.57	105733.08	105769.63	105987.87	106252.58	106353.28	106224.06	105863.61	105002.04	104355.9	103989.2	104129.77	104386.63	104139.93	103678.94	103466.11	103709.52	103856.56	103592.95	103146.94	102818.49	102561.37	102261.68	102124.31	102126.26	102706.78	103575.49	104395.75	104853.68	105396.27	105808.24	106379.31	106803.99	107345.23	107705.08	108040.16	107955.04	107342.64	106365.37	105585.73	105418.94	105667.47	105985.69	106357.53	106387.44	106642.39	107078.97	107845.86	108807.79	109943.07	110942.69	111002.3	110625.19	110291.61	110408.59	110428.0	110556.63	111117.94	112048.46	112880.32	113355.41	113491.27	113446.76	113443.22	113715.34	113969.76	114593.38	115440.85	116460.59	117361.25	118024.24	118774.54	119227.08	120268.92	121489.8	123235.75	124351.64	125028.94	124814.82	124663.07	124744.87	124790.31	124180.33	123784.86	123990.87	125240.4	126519.57	128176.37	129802.28	131355.86	132551.7	133139.79	133617.12	133647.0	134168.43	134909.81	136057.43	136421.7	136372.71	136445.34	137454.31	138863.67	140404.49	141832.46	143400.32	145615.0	148370.4	150965.26	153163.15	154978.89	157047.06	158851.06	160713.17	163483.71	167184.51	170257.83	171990.03	172149.49	172600.15	173689.93	174895.32	176702.55	178123.09	180076.1	181923.23	183692.94	185337.99	185782.84	185840.91	184842.46	183585.5	181877.02	180571.26	180057.61	180170.93	181575.89	183825.77	186382.29	188292.13	189575.58	190062.14	190525.53	190019.13	190199.42	190215.09	190343.12	190674.22	192129.57	194093.48	195896.78	196976.04	198539.57	199353.86	199153.22	198761.78	199190.99	201191.56	203547.46	205895.2	206821.54	206119.34	204511.3	202668.74	202068.39	201968.7	202699.79	203114.05	203930.26	204648.25	205058.18	205089.68	205427.3	206107.39	206336.62	206058.12	205342.01	205566.72
36268	28086.04											84938.07	84754.04	84424.94	84290.46	84288.02	84546.91	84644.4	84934.1	85426.97	86087.8	86745.79	87359.56	87589.78	87736.57	87569.11	87688.53	87662.97	87790.85	87923.47	88391.29	89163.61	89992.21	90634.85	91150.72	91747.36	92203.41	92327.39	92492.13	92721.36	92987.26	92848.43	92859.93	92966.74	93176.99	93219.67	93300.96	93334.22	93413.15	93291.04	93380.77	93358.28	93505.04	93649.5	94007.97	94694.9	95182.67	95597.62	95937.57	96448.92	97111.42	97638.28	98397.6	99223.77	100296.03	101151.29	101931.73	102613.07	103426.93	104045.28	104516.83	104889.3	105470.04	106001.35	106497.92	107158.12	108064.54	108952.95	109617.59	110119.19	110793.2	111562.93	112510.73	113073.24	113552.56	113688.96	114052.39	114462.71	115168.1	115548.31	115669.34	115570.64	115852.51	116227.5	116609.25	116769.42	117017.7	117304.18	117525.04	116921.01	116039.8	115078.31	114664.56	114417.36	114212.08	114029.28	113843.24	113646.65	113569.76	113518.59	113194.11	112777.09	112316.59	111997.32	111384.43	110578.9	110094.14	109868.14	109742.99	109393.87	108913.44	108630.32	108404.44	108269.64	107870.31	107495.52	107219.39	107020.76	106600.22	106006.44	105384.87	104744.33	104034.6	103400.36	103084.24	102811.0	102501.35	102132.41	101948.59	101990.7	102072.08	102286.3	102378.3	102560.8	102576.28	102770.87	103225.86	103895.62	104736.79	105701.22	106646.44	106659.72	105457.77	104208.62	103489.25	103325.89	103003.43	101955.38	100783.11	100342.39	100616.19	101018.05	100810.06	100223.77	99515.44	98828.71	98810.87	99156.29	99372.41	99541.28	99961.91	100631.03	101182.27	101686.57	102112.57	102461.84	102873.81	103159.19	103374.27	103501.38	103429.08	102882.25	102085.62	101693.1	102010.99	102653.49	103097.99	103809.32	104256.25	104905.12	105644.93	106552.91	107362.4	108023.8	108719.68	109225.66	109621.65	109584.54	109852.75	110075.63	110841.17	111612.4	112373.19	112873.57	113529.85	114134.14	114386.73	114115.72	113797.75	113821.4	114183.91	114990.12	115858.46	117078.11	117967.09	118958.98	119513.55	120711.33	122130.1	124017.72	125218.73	125970.06	125848.07	125941.23	126419.33	126997.26	126756.42	126024.16	125194.41	125010.58	124768.75	124893.56	125193.87	126034.68	127570.32	128959.45	130170.39	130546.8	131103.16	132205.35	133932.18	135056.93	135724.93	136669.36	138736.65	141418.04	144038.74	146392.41	148602.93	150859.56	153441.07	155586.97	157838.43	159870.48	162392.82	164945.02	167210.69	170057.86	173057.49	175444.84	176632.86	176620.49	177058.82	178012.14	178724.91	180542.03	182136.18	184193.43	186033.9	187846.75	189807.31	189873.62	189170.0	187141.36	184929.55	182546.11	180529.5	179055.17	178413.95	179579.46	182612.28	185994.46	187894.91	188567.45	187797.41	187458.52	186184.88	186062.79	185932.81	186224.38	187360.37	190021.29	193261.78	195530.15	197169.06	199208.65	200887.47	200441.95	199550.12	199849.65	202647.79	206016.88	209260.84	211134.37	210775.0	208435.72	205169.22	203319.71	202438.65	202620.26	202225.56	201872.43	202315.78	203701.23	205402.03	206513.59	206911.53	206541.01	205806.97	204986.29	204934.71
35014	28086.04											82940.4	82908.98	82869.62	82665.68	82494.7	82346.48	82511.09	82797.13	83159.22	83527.83	83963.62	84522.22	84925.5	85160.61	85129.76	85132.78	85352.14	85672.21	86058.88	86407.34	86764.64	87071.44	87299.66	87665.31	88194.77	88629.14	88984.74	89186.44	89513.4	89742.05	90055.03	90219.44	90419.99	90594.46	90899.07	91167.54	91358.49	91445.03	91481.26	91492.59	91548.93	91802.4	92303.41	92893.19	93405.32	93835.38	94264.58	94759.6	95182.22	95574.64	95908.44	96397.68	97025.94	97857.92	98668.5	99489.62	100383.35	101273.61	102202.75	103222.09	104373.1	105265.92	105961.88	106490.1	107242.23	107927.57	108455.77	108752.46	109008.76	109342.3	109770.55	110135.51	110402.29	110447.27	110496.37	110620.4	110886.1	111178.47	111278.92	111234.14	111153.6	111328.3	111657.94	111879.1	111944.01	112034.66	112219.93	112288.89	112023.22	111441.17	110956.31	110644.95	110766.64	110894.63	111016.09	110780.76	110293.67	109812.86	109747.09	110159.32	110829.52	111078.94	110892.18	110324.3	109770.51	109185.86	108528.16	107894.26	107344.24	106566.33	105856.75	105270.13	105049.01	104772.39	104427.53	104251.02	104107.52	103946.25	103580.76	103315.58	102775.78	102290.22	101672.91	101306.82	100726.07	100299.25	100110.62	100299.38	100538.67	100617.16	100623.76	100450.3	100437.8	100284.39	100228.54	100195.65	100212.32	100332.56	100584.63	101033.51	100786.73	99552.33	98609.32	98187.51	98303.27	98445.17	98337.38	98387.6	98765.55	99579.32	100347.02	100486.66	100091.67	99705.7	99189.64	99278.83	99302.76	99303.9	99373.25	99969.76	100895.82	101669.69	102592.71	103107.32	103602.86	103908.68	104114.39	104102.4	104050.96	104158.73	104048.11	103624.45	103043.49	102734.18	102780.9	102857.8	103076.44	102917.14	103191.23	103977.48	105024.63	105912.68	106623.64	107404.98	107981.68	108194.09	108057.43	108076.79	107880.99	107926.93	108195.55	108844.85	109471.32	110210.96	110814.98	111212.31	111129.93	110869.9	110528.39	110355.55	111054.4	112318.09	114094.89	115561.51	116971.27	117845.17	118750.04	119068.7	119775.46	120140.14	120805.22	121003.46	121476.25	122134.58	122382.13	121776.43	120838.69	120397.27	120940.56	121910.25	123004.96	124199.46	125375.49	127172.14	128633.24	129918.7	130212.29	130776.57	131672.91	133001.84	133033.42	132608.71	132538.11	134312.14	136632.29	138555.54	140006.94	141502.99	143669.73	146503.17	149634.87	153232.8	156496.46	159663.48	162444.78	165291.06	168953.12	173178.34	176126.18	177328.5	176593.94	176358.73	177062.53	178240.41	180925.26	183100.87	185397.09	187075.03	188815.54	190398.59	190213.49	189497.51	187645.68	185145.54	182059.51	179705.63	178520.12	178414.33	179196.15	180958.37	182619.52	183953.65	185059.86	185538.43	186596.31	187459.61	189522.8	191372.99	192518.98	193383.65	194459.4	195689.64	196557.68	197067.77	198427.15	199937.4	200774.56	201162.35	201970.13	204095.75	206867.92	209513.23	210629.61	209128.62	206281.54	202983.41	201636.52	200681.52	200602.7	199638.02	199162.99	199354.01	200249.92	201402.46	202965.44	204195.28	204326.13	203670.83	203363.64	204277.33
78254	8886.6	137916.14	138062.65	138163.57	138427.62	137839.22	136919.1	135861.36	135643.04	135665.51	135663.64	135549.14	135452.73	135331.45	135171.56	134936.29	134715.78	134661.0	134860.89	135161.64	135457.53	135560.05	135703.82	135764.01	135828.38	135755.3	135680.75	135776.72	136115.42	136675.13	137240.27	137720.98	138156.78	138646.91	139124.67	139599.35	139899.87	140105.88	140124.1	140053.61	140124.4	140401.02	140910.74	141456.8	142044.18	142527.29	142814.52	142710.23	142724.97	143339.29	144889.57	146404.91	147923.79	148972.75	150126.86	151148.47	151821.13	152810.14	153595.71	154708.1	155308.66	155691.86	156019.22	156532.08	157176.97	157860.08	158432.4	158917.85	159250.16	159664.11	160263.45	160769.54	161118.44	161263.93	161510.85	161818.99	162240.83	162895.8	163808.55	164792.83	165698.72	166662.6	167820.31	169113.94	170428.9	171254.16	171361.87	170930.5	170555.94	171012.69	171885.83	173043.78	174006.22	174762.61	175388.67	175915.49	176531.85	176431.56	175892.41	175071.18	174722.0	174571.19	174320.61	173911.5	173227.27	172581.91	172075.22	171751.67	171493.04	171224.03	170824.87	170583.19	170280.13	169999.16	169446.62	168920.97	168172.04	167487.77	166991.07	166980.32	167144.91	167488.0	167888.47	168433.28	168904.24	169257.55	169312.2	169194.75	169059.49	168813.11	168115.15	166987.16	165967.55	165412.64	165025.36	165042.68	164830.76	164631.31	163937.45	163417.43	163034.58	162782.98	162592.1	162531.93	162312.81	162174.82	162314.77	163047.25	164069.29	164977.69	165684.41	165957.19	166311.23	166571.24	167166.47	167702.72	168132.57	168676.41	169307.1	170285.67	171041.62	171730.11	172319.6	172952.52	173749.79	174735.33	175933.26	176924.69	177769.41	178688.85	179850.25	181098.66	182116.47	183102.22	184002.48	184765.15	185318.51	185713.49	186166.41	186851.55	187718.69	188850.85	189919.05	190844.95	191620.19	192378.95	193334.47	194349.63	195618.66	196821.07	197872.69	198691.81	199512.48	200439.82	201360.93	201984.83	202673.27	203397.01	204414.65	205281.12	206072.06	206817.5	207511.7	208250.22	208972.4	209852.76	210705.76	211680.63	212772.4	213833.73	214813.7	215476.54	216107.06	216468.24	216929.11	217417.79	218271.23	219074.76	219681.64	220257.64	220882.76	221687.77	222352.11	223192.37	223915.07	224621.38	225098.84	225723.37	226539.92	227347.86	228069.48	228657.68	229213.45	229780.59	230303.95	230764.12	231305.63	231984.14	232927.56	233965.18	234984.85	236013.62	236948.17	237764.38	238212.12	238535.83	238921.28	239744.78	240914.26	242772.39	245240.78	248271.65	251311.74	254297.53	257360.85	260792.4	264708.36	269328.45	274452.27	279940.52	285146.63	289825.34	294007.07	298296.37	302861.86	308134.89	313531.3	319208.95	324858.64	330355.74	335212.97	338229.58	338885.19	337846.32	336428.95	335153.11	334286.84	333790.28	332865.65	331655.73	330304.09	329835.36	329955.0	329906.57	329756.01	328872.93	327726.91	326245.67	324639.71	323372.89	322662.74	322725.16	322915.44	322774.15	322239.56	321520.45	320905.01	320344.11	319704.81	318946.5	318359.86	317726.58	317207.15	316189.3	315008.67	313674.85	312554.85	311854.3	311449.91	311279.56	311086.39	310846.99	310473.43	309734.69	309095.81	308592.52	308296.19	307606.5	306673.05	305848.34	305487.72
78249	8886.6	124174.51	124268.04	124389.78	124594.01	124089.74	123323.1	122501.18	122372.24	122450.69	122538.44	122543.95	122468.75	122235.33	121971.88	121670.73	121409.74	121281.68	121194.23	121178.47	121134.21	121066.68	121087.18	121111.04	121194.33	121139.78	120983.57	120980.49	121264.08	121749.02	122255.72	122778.51	123394.87	124011.83	124502.55	124968.06	125295.16	125514.7	125512.15	125438.34	125505.4	125763.71	126205.49	126673.95	127155.33	127632.45	128047.51	128152.37	128203.46	128742.51	130239.93	131785.88	133190.02	134169.31	135147.91	135961.99	136411.7	137161.24	137767.01	138567.9	139008.84	139259.2	139325.29	139509.01	139974.92	140561.35	141034.6	141475.81	141898.39	142358.74	142922.36	143427.87	143805.05	143998.77	144255.75	144694.41	145230.21	146030.83	147084.04	148343.81	149471.81	150626.47	151748.85	153021.04	154387.95	155411.87	155836.04	155817.58	155828.36	156605.57	157646.65	158941.54	160036.79	160973.69	161891.61	162648.02	163502.48	163602.62	163221.62	162515.08	162205.42	162089.64	161908.77	161618.46	161190.85	160760.55	160391.4	160154.2	159917.32	159706.13	159348.77	159181.54	158970.19	158709.57	158201.88	157698.61	157082.96	156491.37	155997.65	155798.22	155724.1	155706.36	155823.74	156077.25	156428.46	156710.48	156831.4	156717.6	156566.5	156297.6	155812.42	154969.06	154152.3	153595.11	153143.79	153074.6	152884.22	152804.77	152246.85	151823.03	151451.33	151226.54	151073.75	151055.75	150911.65	150721.65	150739.69	151312.88	152158.48	152858.48	153254.36	153396.26	153539.64	153703.22	154080.11	154489.99	154870.27	155374.41	156058.0	156913.0	157565.76	158112.38	158640.41	159233.4	159869.52	160544.95	161185.65	161678.45	162151.77	162872.49	163958.81	165149.67	166258.87	167155.41	167951.93	168583.21	169051.09	169389.16	169677.84	170215.81	170945.31	172097.25	173426.78	174798.71	176030.35	177258.97	178454.12	179573.12	180633.9	181728.79	182754.86	183704.98	184616.32	185612.52	186613.5	187412.9	188344.75	189341.64	190577.71	191650.98	192568.0	193391.5	194137.72	195048.23	195975.67	197012.96	197867.11	198868.86	200012.42	201254.62	202403.42	203109.12	203620.7	203960.16	204627.1	205527.17	206786.84	208177.83	209354.24	210335.57	210949.42	211616.02	212252.88	213210.64	214157.7	214963.62	215576.99	216237.98	217100.15	217837.82	218403.94	218686.28	218921.58	219221.43	219722.98	220328.9	221086.79	221887.8	222742.59	223616.81	224516.89	225548.15	226632.78	227720.93	228499.95	229097.44	229694.18	230727.34	232165.19	234420.77	237191.67	240360.4	243223.2	245964.59	248816.03	251991.92	255418.8	259299.53	263531.38	267639.39	270895.49	273264.86	275484.31	278196.69	281468.14	286090.48	291639.98	298046.1	304278.0	309787.33	314276.91	317451.85	318836.6	319046.14	318806.39	318532.89	318370.03	318076.99	317620.39	316990.68	316445.77	316728.42	317657.7	318785.31	319781.8	320080.03	319436.24	318335.47	316918.13	315970.26	315524.88	316060.31	317039.42	317692.78	317681.29	316996.71	316322.27	315777.23	315106.62	313921.21	312667.18	311603.59	310909.81	309756.93	308366.31	306803.12	305578.79	304904.37	304807.11	304742.07	304250.91	303506.07	302972.26	302363.85	301872.76	301559.57	301706.12	301956.31	302249.29	302545.71	302800.27
78251	8886.6	114450.86	114643.3	114794.25	115173.84	114828.86	114121.03	113152.43	112786.76	112614.97	112483.66	112304.9	112190.88	111921.25	111561.49	111103.4	110797.63	110636.67	110567.37	110509.49	110448.04	110352.37	110257.74	110142.38	110027.14	109932.37	109854.7	109957.97	110265.38	110768.35	111363.25	112005.91	112667.0	113256.67	113756.32	114321.82	114845.86	115184.77	115222.09	115142.44	115179.18	115387.35	115715.48	116121.27	116575.91	116999.32	117314.1	117296.98	117248.47	117729.92	118963.54	120364.65	121783.87	122839.58	123939.95	124703.44	125235.45	125922.22	126605.16	127502.55	128106.79	128504.76	128806.07	129043.99	129384.79	129832.71	130310.29	130727.53	131066.7	131454.94	131905.98	132118.42	132143.43	132013.5	132048.13	132231.15	132513.84	132950.02	133533.86	134333.61	134972.25	135622.79	136325.68	137364.0	138626.37	139625.33	139992.99	139920.3	139884.71	140650.28	141702.75	142926.79	143857.2	144632.14	145440.75	146181.22	146956.34	146940.55	146483.94	145826.8	145486.92	145283.52	144984.35	144562.82	143883.22	143061.15	142334.42	141871.27	141472.02	141026.42	140345.79	139830.48	139306.83	138853.79	138271.72	137683.67	137048.82	136508.19	136196.9	136124.46	136100.61	136118.57	136216.27	136613.19	137039.62	137453.36	137495.41	137409.89	137354.32	137211.95	136784.79	135935.39	135108.99	134420.97	133749.42	133401.82	133086.03	132944.26	132441.78	132069.83	131749.76	131611.76	131451.44	131457.59	131229.54	131091.43	131037.07	131447.84	132035.34	132654.19	133089.94	133253.89	133413.07	133648.49	134121.25	134570.98	134934.26	135465.14	136083.25	136814.87	137386.63	137907.1	138511.98	139054.43	139653.6	140222.6	140870.01	141303.52	141662.9	142262.81	143201.99	144272.97	145118.02	145818.16	146459.76	147078.08	147510.88	147798.91	148018.88	148470.73	149041.41	149929.22	150948.85	151974.59	152869.85	153742.46	154733.85	155673.26	156712.65	157822.58	158959.81	159995.6	160996.88	162041.9	163066.9	163818.75	164563.92	165262.92	166132.0	166891.46	167617.54	168283.56	168874.16	169523.89	170199.96	171078.36	171960.94	172911.08	173769.83	174544.54	175252.04	175855.75	176444.32	176959.61	177567.78	178231.09	179140.6	180142.89	181062.84	181834.71	182460.6	183196.48	183918.02	184808.73	185590.03	186387.29	187099.22	187944.86	188995.58	190075.77	191028.07	191700.83	192202.96	192644.5	193146.65	193708.79	194496.4	195390.27	196348.68	197301.96	198285.78	199203.46	200109.43	200948.17	201751.58	202278.35	202700.36	203495.12	204810.49	206861.9	209326.09	212272.6	215134.09	217887.01	220494.42	223416.57	226615.51	230276.3	234234.22	238181.27	241535.18	244268.78	246762.98	249689.85	253045.59	257483.35	262656.7	268438.84	274267.44	279576.47	283926.91	286644.67	287497.12	287032.13	286203.52	285598.35	285264.7	284955.84	284082.12	283099.98	282125.97	281970.16	282148.21	282393.56	282490.79	282101.0	281245.36	280055.62	278484.66	277164.48	276143.24	275871.45	275926.05	275814.57	275609.87	274975.44	274476.99	273852.62	273211.94	272454.05	271975.28	271471.94	270839.58	269452.1	267915.88	266449.4	265496.29	264930.05	264757.81	264663.34	264516.79	264155.61	263754.08	263276.93	262909.64	262757.41	262690.0	262381.4	261804.57	261193.67	260885.91
78240	8886.6	111737.53	111898.97	112048.92	112291.37	111725.89	110773.32	109757.71	109493.72	109527.53	109576.21	109552.41	109530.15	109398.84	109223.81	108963.95	108770.58	108705.06	108794.53	108966.08	109122.36	109212.74	109310.63	109353.51	109398.27	109317.36	109235.31	109231.02	109457.73	109863.5	110339.78	110878.58	111486.84	112079.94	112547.94	112938.65	113200.13	113333.61	113336.08	113303.91	113438.99	113761.94	114212.99	114671.31	115122.61	115529.68	115849.3	115897.48	116053.41	116648.21	117848.4	118959.6	120143.65	121153.8	122296.24	123188.48	123705.54	124383.05	124931.97	125605.83	125904.28	125919.28	125978.92	126088.89	126415.88	126680.14	126731.56	126692.31	126596.76	126875.56	127332.65	127817.18	128206.93	128531.51	128910.35	129363.6	129900.9	130789.51	131920.55	133073.18	134101.35	134993.66	136022.95	137170.66	138512.8	139553.48	140009.4	139970.11	139911.03	140567.74	141650.78	143000.71	143931.77	144619.45	145346.47	146161.41	146950.24	146977.36	146576.34	146034.1	145837.98	145800.97	145666.29	145425.54	145034.21	144641.51	144333.02	144099.41	143891.53	143649.32	143297.43	143117.76	142929.62	142764.87	142337.81	141848.19	141314.88	140862.65	140576.25	140441.67	140380.53	140403.3	140491.71	140809.33	141184.22	141515.87	141561.21	141485.47	141480.16	141383.36	140918.36	140074.61	139241.55	138664.47	138109.81	137849.29	137426.9	137109.99	136383.96	135868.42	135394.95	135199.57	134982.7	134908.9	134526.7	134286.55	134191.98	134592.84	135049.62	135416.46	135693.17	135774.71	135891.66	135834.85	136009.5	136242.41	136612.85	137122.41	137772.02	138555.68	139191.0	139612.24	140099.65	140612.31	141313.37	141899.77	142528.74	143023.24	143503.89	144206.23	145186.22	146324.54	147290.35	148061.55	148816.79	149631.09	150315.36	150622.88	150642.93	150908.91	151487.73	152569.91	153806.64	155044.27	156098.88	156983.77	157914.78	158788.5	159890.89	160984.08	162074.25	163087.7	164168.97	165323.35	166372.28	167082.68	167924.26	168850.84	170197.97	171355.86	172387.99	173158.36	173738.08	174328.34	175013.07	176068.85	177194.32	178493.7	179691.01	180848.64	181808.91	182447.31	182908.57	183208.72	183759.26	184627.29	185899.29	187171.77	188031.59	188609.69	189012.93	189684.0	190307.32	191055.1	191650.95	192295.28	192855.32	193493.49	194217.54	194804.18	195180.87	195356.59	195644.32	196019.33	196549.5	197044.17	197640.8	198272.05	199083.88	200030.38	200980.16	201807.53	202684.26	203551.71	204350.33	204817.52	205234.3	206121.13	207546.98	209755.56	212305.46	215236.84	217925.85	220476.61	222964.44	225902.89	229169.69	232954.19	236958.73	240443.51	242683.53	244008.28	245357.78	247570.31	250479.28	254862.0	260107.11	265857.61	271575.75	276745.54	281088.64	283687.35	284490.7	284127.09	283523.76	282959.48	282509.99	281934.45	280989.3	280009.06	279178.52	279328.27	279985.89	280831.77	281589.96	281737.0	281080.1	279871.02	278514.59	277768.05	277669.35	278324.16	279096.62	279472.36	279261.86	278657.85	278008.16	277389.46	276617.58	275691.0	274816.54	274172.64	273514.56	272342.15	270888.44	269380.83	268493.09	268247.03	268404.29	268624.08	268699.41	268834.8	268820.03	268367.14	267934.36	267701.66	267928.27	268107.34	268360.89	268429.23	268424.85
78228	8886.6	66685.78	66762.93	66767.13	66835.91	66567.78	66237.05	65855.16	65756.52	65709.31	65664.89	65592.14	65548.5	65435.55	65237.15	64969.88	64724.99	64547.29	64424.31	64237.89	64096.34	63963.63	63877.79	63743.65	63570.68	63449.46	63415.45	63503.87	63696.57	64024.74	64393.01	64810.11	65110.63	65375.34	65651.79	66077.92	66508.93	66785.36	66825.9	66756.25	66679.4	66774.93	66895.46	67075.29	67277.49	67572.4	67810.09	67811.38	67780.96	68042.9	68766.67	69499.12	70301.49	70882.87	71587.39	72186.83	72696.39	73289.16	73680.92	74140.06	74357.62	74667.35	75005.3	75364.99	75749.43	76151.46	76576.8	76873.13	77109.11	77398.38	77886.26	78355.54	78863.63	79176.95	79378.79	79448.54	79517.34	79760.9	80191.31	80796.36	81359.41	81903.45	82433.92	83080.78	83730.29	84135.92	84216.69	84268.18	84539.06	85233.67	85888.46	86526.32	86980.07	87331.15	87647.45	87934.17	88393.22	88493.87	88411.32	88263.11	88424.84	88728.71	88867.03	88898.57	88484.37	88013.21	87535.36	87350.89	87196.68	86824.8	86348.81	86005.2	85809.56	85697.8	85456.96	85360.63	85084.55	84899.38	84806.79	85009.07	85251.01	85286.55	85200.7	85077.0	85044.97	85111.55	85011.84	84884.87	84790.28	84623.91	84219.56	83629.2	83127.86	82724.87	82338.07	82103.67	81864.58	81414.55	80697.48	80005.63	79463.73	79110.81	78841.18	78699.13	78310.85	77803.03	77546.53	77941.72	78729.24	79453.46	79887.86	80156.99	80172.79	80100.83	79834.26	79587.55	79363.17	79560.1	79855.57	80435.2	81039.09	81932.68	82751.76	83251.78	83528.18	83674.17	83931.75	84087.3	84307.34	84900.57	85891.72	86986.54	87984.87	89088.42	90110.37	90950.24	91285.02	91298.2	91221.53	91414.74	92007.02	92874.4	94065.04	95324.19	96703.72	97877.74	99091.47	100035.42	101095.43	101998.65	102960.99	103729.56	104757.11	106050.22	107450.8	108265.92	108853.66	109435.8	110480.35	111502.67	112494.26	113399.21	114349.19	115490.24	116716.98	118137.15	119346.56	120659.14	121780.18	122791.04	123584.58	124229.68	125036.66	125603.04	126144.55	126748.46	127673.22	128823.54	129821.48	130954.85	132082.12	133252.45	134323.07	135361.1	136286.86	137097.69	137830.83	138553.89	139310.19	139619.72	139424.13	138963.88	138612.13	138886.79	139554.62	140529.42	141581.99	142520.16	143532.16	144720.58	146051.26	147575.36	149016.88	150181.56	150863.92	151024.1	150964.54	151378.33	152472.4	154483.42	156907.78	159569.18	162007.3	164231.79	166576.24	169157.19	171713.17	174066.11	176394.74	177646.75	177493.34	176242.3	175512.57	176119.9	177638.84	180911.21	185116.31	190031.2	194448.01	197903.27	200642.65	201887.69	201972.04	200874.21	199908.97	198989.07	198027.16	196460.97	194353.49	192600.85	191915.66	192304.28	192824.93	192610.36	191870.17	190535.4	189098.77	187605.75	186230.33	185048.11	184419.51	184847.12	185906.04	186717.68	186967.52	186140.06	185191.51	183960.9	182959.63	181854.39	181311.83	180705.14	180131.88	178524.68	176523.99	174554.44	173241.34	173080.2	172957.46	172631.45	171687.56	170869.27	170488.55	170649.58	170949.45	171061.55	170748.32	170462.31	170293.92	170241.96	170138.16
78207	8886.6	42473.47	42456.91	42576.55	42709.78	42607.52	42345.49	42051.51	42135.02	42190.54	42310.41	42343.49	42374.83	42293.98	41993.77	41605.4	41178.76	40924.36	40857.21	40897.98	40896.89	40763.36	40675.62	40466.17	40418.26	40294.12	40497.71	40648.9	41090.2	41437.79	41959.02	41927.81	42005.28	41882.59	42098.26	42367.08	42601.54	42640.11	42364.11	42090.02	41979.03	42151.59	42266.67	42382.09	42358.37	42530.92	42716.65	43002.45	43304.07	43865.14	44423.89	44957.51	45686.13	46408.79	46885.1	47328.21	47878.78	48807.01	49124.63	49304.17	49396.25	49755.77	50137.56	50387.62	50518.43	50567.92	50801.8	51140.78	51423.67	51743.75	52295.25	52584.16	52776.12	52299.2	52362.09	52191.15	52226.9	52029.28	52098.64	52345.0	52492.01	52920.83	53230.62	53424.65	53592.13	54019.29	54585.95	54450.74	54398.02	54350.58	54939.97	55680.2	56494.31	57036.78	57342.13	57401.77	57328.55	56990.52	57137.96	57562.16	57994.97	58125.56	58034.08	57854.92	57538.29	57199.4	57120.12	57391.34	57354.14	56543.44	55279.42	54841.17	55555.96	56836.34	57530.53	57399.47	56268.66	55855.24	55747.34	56442.63	56555.1	56527.59	56027.19	55179.29	54075.08	53078.71	52149.92	51749.87	51824.47	51948.92	51998.15	51835.01	51743.21	51317.86	50716.41	50525.31	50787.71	51193.82	51278.44	51428.1	51709.85	51658.22	51628.1	51460.69	51509.59	51260.34	50838.68	50408.89	49793.74	49357.15	49349.38	49670.52	49975.96	49733.48	49185.12	48680.92	48381.08	48540.69	48675.27	48919.39	48927.73	48933.52	48979.52	49099.39	49237.92	48993.75	48676.0	48424.55	48620.72	49087.12	49594.77	50030.96	50382.12	50876.85	51499.02	52181.97	52385.9	52014.44	51286.66	51067.97	51596.32	52667.89	53801.72	54820.56	55622.06	56435.12	57196.83	57974.22	58722.7	59469.28	60050.11	60487.07	60961.71	61911.61	63113.73	64230.14	64929.72	65356.48	66021.42	66909.94	67685.57	68065.65	68228.34	68721.53	69565.97	70881.18	72085.18	72941.56	73160.2	72903.57	72817.33	72998.41	73687.4	74028.02	74225.56	74352.42	74832.46	75805.69	77331.51	79480.64	81399.01	82816.21	83812.21	84460.84	84869.93	84779.31	84558.7	84315.79	84756.21	85287.13	85517.59	85497.27	85831.49	86833.18	87807.04	88407.08	88789.31	89264.73	90317.33	91545.9	92691.89	93837.5	94985.07	96167.34	97356.79	98093.67	98285.13	98195.52	98879.75	100424.4	102487.53	104830.15	107040.3	109063.95	110939.73	113183.34	115431.65	117703.81	119761.53	120421.97	119180.56	116647.9	115181.57	115399.32	116729.76	118735.83	121065.27	123888.28	126370.16	128262.07	129385.9	129759.45	129081.22	127360.22	126069.02	125660.3	126011.7	125247.16	124180.49	123068.78	122997.21	123063.85	123064.93	122504.67	121428.3	120389.14	119589.57	119231.81	118768.06	118308.75	117666.06	117327.0	117711.39	118448.63	118742.06	117714.35	116360.34	115159.66	114523.57	114059.73	113722.44	113268.06	112881.75	112147.39	111173.1	110183.91	109852.23	110351.12	110716.09	110837.58	110400.17	110473.55	110516.1	111132.66	111798.79	112212.24	112043.68	111351.37	110755.09	109912.77	109487.76
78250	8886.6	91587.98	91736.78	91837.16	92039.54	91643.04	91034.24	90323.45	90109.1	90021.22	89989.06	89958.94	89922.93	89747.21	89482.33	89201.64	89060.86	89041.22	89095.37	89144.05	89145.87	89116.57	89056.93	88973.82	88897.28	88797.79	88728.36	88721.46	88910.2	89229.69	89572.69	89900.87	90260.59	90672.44	91078.41	91497.72	91837.6	92014.84	92034.98	92011.43	92126.55	92379.88	92753.26	93124.2	93504.77	93821.49	94054.47	94093.72	94196.34	94696.73	95777.83	96838.2	97926.49	98736.8	99741.23	100586.98	101244.43	101976.12	102619.22	103381.69	103815.87	104092.84	104317.57	104557.95	104927.55	105210.97	105441.15	105557.2	105734.99	105968.27	106349.85	106664.61	107033.26	107299.93	107599.03	107990.83	108430.04	109100.64	109817.14	110764.51	111709.34	112757.98	113786.42	114893.32	116103.1	117034.58	117472.56	117567.69	117745.05	118636.3	119765.1	120952.53	121756.83	122462.21	123260.77	124074.68	124730.93	124714.73	124293.61	123775.76	123558.47	123432.79	123177.66	122777.96	122272.03	121739.85	121273.32	120877.96	120558.82	120218.68	119789.93	119437.93	119088.98	118773.95	118388.98	118097.08	117701.78	117278.91	117029.31	117090.06	117256.71	117407.03	117555.98	117925.76	118295.18	118666.76	118807.15	118839.87	118819.1	118593.62	118069.29	117226.39	116518.19	115981.39	115519.35	115229.7	114898.69	114695.42	114127.35	113639.62	113107.64	112817.2	112584.02	112568.27	112334.19	112158.06	112118.88	112612.31	113326.95	114002.8	114498.84	114727.88	114953.57	115231.06	115624.5	115806.61	115838.5	116005.9	116380.83	116977.77	117534.83	118143.33	118767.11	119328.18	119887.56	120380.16	120925.83	121328.79	121669.73	122249.31	123140.5	124284.54	125306.52	126128.92	126938.74	127672.79	128345.73	128785.02	129157.4	129804.8	130636.7	131792.97	133054.78	134223.64	135215.63	136072.43	137113.86	138246.17	139489.31	140639.13	141671.66	142654.9	143693.33	144713.01	145660.99	146274.72	147063.59	147831.59	148805.54	149612.63	150493.07	151483.97	152524.71	153493.3	154385.09	155390.07	156426.89	157611.49	158736.34	159772.36	160619.24	161237.37	161854.04	162379.51	163052.64	163898.27	164998.62	166207.19	167177.56	167933.06	168423.03	169014.06	169619.5	170412.14	171145.8	171906.91	172595.04	173364.97	174305.89	175214.47	175896.76	176245.6	176564.59	177015.39	177671.31	178342.27	179143.42	179985.58	180894.89	181778.0	182715.54	183739.33	184821.68	185815.86	186533.98	186926.59	187229.52	187956.45	189139.7	191128.97	193505.25	196223.61	198589.33	200869.46	203332.7	206316.42	209523.36	212954.01	216569.01	219745.8	221889.24	223117.55	224381.93	226458.77	229311.41	233604.58	238797.1	244408.42	249775.67	254459.8	258401.86	261077.73	262293.63	262244.71	261748.63	261208.89	260949.44	260436.15	259401.67	258177.62	257127.19	257033.58	257505.77	258156.77	258793.03	258853.49	258236.71	256938.16	255420.49	254456.53	254021.16	254310.88	254591.24	254583.91	254282.98	253625.92	253016.58	252425.67	251824.88	251200.17	250670.56	250324.07	250050.94	249274.76	248409.74	247279.38	246426.3	245787.65	245625.97	245426.73	245194.97	244826.32	244524.26	243952.61	243639.64	243631.46	243881.49	243676.34	243004.41	242168.29	241701.72
78258	8886.6	226294.0	226504.44	226605.42	226881.6	225695.34	224125.51	222402.58	222219.23	222430.88	222729.35	222902.49	223214.38	223433.17	223461.45	223313.23	223043.86	222968.37	222781.56	222873.73	222964.6	223159.24	223204.63	223205.12	223132.22	223093.14	223010.33	223007.31	223210.35	223682.33	224528.02	225366.37	226207.06	226781.37	227391.47	228251.02	229051.39	229667.2	229827.5	229718.97	229730.22	229782.82	229924.5	230050.03	230271.07	230795.39	231187.94	231134.75	231256.81	232360.52	234955.15	237302.35	239658.2	241264.14	243005.29	244295.25	244952.57	245961.23	246694.68	247903.4	248593.69	249141.55	249630.78	250304.71	250948.13	251870.96	252938.77	254022.45	255070.96	256194.34	257778.62	258941.76	259836.56	260412.04	261123.59	262010.89	263149.56	264873.1	266813.18	268924.15	270777.02	272696.45	274548.63	276709.97	279167.86	281056.1	281525.86	281075.44	280636.95	281470.52	282702.19	284347.42	285457.91	286067.63	286484.18	286786.69	287276.63	286577.01	285498.97	284333.14	283792.77	283380.6	282642.45	281746.39	280121.03	278275.88	276521.71	275320.9	274175.47	273056.06	271851.38	271040.62	270254.48	269791.11	268934.24	268013.2	266759.41	265827.53	265008.2	264552.98	264231.97	264444.87	264882.3	265701.69	266430.75	267165.45	267715.75	268083.75	268486.25	268643.55	268116.81	266676.88	265256.36	264387.07	263885.38	264032.11	264049.48	263984.71	263054.64	262446.8	262196.57	262272.72	262339.45	262594.92	262465.36	262334.72	262421.87	263433.55	264906.51	266321.37	267338.12	267747.73	268374.32	269041.82	270062.17	270946.19	271759.75	272782.99	273800.31	274913.99	275844.44	276817.83	277971.79	279127.15	280546.74	282152.56	283943.78	285355.05	286466.8	287580.73	289013.66	290662.48	292134.42	293576.89	294854.93	295873.41	296704.04	297485.92	298278.05	299206.61	300385.45	302117.56	303898.78	305701.31	306999.92	308240.33	309010.36	309956.5	311003.31	312271.71	313577.72	314669.8	315617.15	316882.9	318051.14	318912.03	319512.19	320256.79	321188.11	321736.74	321913.64	321945.57	322304.38	323195.83	324414.8	325808.49	327010.46	328198.37	329483.05	330499.49	331485.97	331952.61	332334.91	332576.47	333202.74	334138.68	335439.92	336416.26	337074.17	337700.61	338494.57	339495.8	340161.73	340841.36	341304.08	341743.26	342090.9	342561.78	343141.24	343627.18	344561.68	345373.89	346075.98	346017.22	346081.42	346212.16	346391.38	346501.37	346893.93	347727.88	348902.52	350477.36	352011.36	353219.72	353521.51	353441.25	353383.6	354185.06	356140.86	359302.93	362985.27	367155.01	371300.17	375690.42	380185.05	385280.85	390835.32	397514.13	404914.33	412786.76	419852.37	425783.84	430493.23	435315.79	440674.08	448045.56	456429.09	466296.95	476628.77	486797.81	494683.9	499110.92	499812.27	498405.0	496821.61	495684.26	495870.72	496924.92	498326.23	499219.81	499798.64	501084.93	502972.59	504875.58	506384.65	507127.5	507585.17	506855.93	505566.19	503874.8	503570.56	504738.98	506486.98	507669.62	508204.91	507649.22	507089.56	507086.32	508192.62	509342.52	510080.51	509592.29	508831.82	507170.07	505970.71	504437.17	502949.68	501821.42	501863.51	502625.83	503256.43	503053.67	502615.92	501650.85	500995.83	500634.03	501021.47	501621.48	502455.76	503641.34	505110.9
78247	8886.6	109546.74	109718.95	109848.99	110139.14	109694.71	109004.95	108175.7	107981.43	107933.11	107892.78	107803.96	107724.44	107557.35	107359.2	107142.34	106970.56	106937.38	106928.79	106971.88	106991.0	107045.32	107146.52	107204.73	107233.62	107171.36	107103.69	107150.67	107419.08	107766.16	108111.76	108492.16	108997.39	109525.6	109952.75	110353.95	110647.46	110767.88	110697.46	110577.05	110630.5	110965.99	111521.93	112116.56	112610.94	113005.94	113316.1	113412.69	113564.56	114145.09	115426.91	116645.19	117888.1	118693.46	119502.84	120066.07	120464.79	121161.75	121747.66	122484.61	122987.83	123352.16	123668.2	123943.25	124364.53	124867.85	125296.03	125518.87	125598.31	125677.13	125957.1	126212.88	126461.72	126662.46	126862.8	127066.82	127303.57	127730.73	128449.94	129498.08	130413.32	131390.06	132304.15	133487.61	134613.89	135349.22	135561.48	135650.08	135899.08	136955.35	138184.29	139527.2	140529.78	141360.57	142228.26	142971.3	143755.52	143857.18	143556.94	143062.81	142938.18	143031.35	143086.42	142978.71	142679.12	142269.8	141867.46	141565.62	141226.15	140908.83	140498.46	140278.09	140084.15	139835.31	139446.99	139095.96	138605.14	138053.21	137619.7	137494.33	137523.32	137559.35	137697.37	138001.15	138322.61	138658.74	138809.67	138845.68	138909.88	138870.02	138519.68	137694.15	136863.83	136353.31	135958.23	135847.78	135620.02	135455.77	134985.53	134699.78	134460.25	134393.99	134301.12	134377.34	134289.59	134131.27	134138.27	134604.44	135302.86	135940.55	136444.25	136800.84	137227.04	137565.72	138141.57	138606.23	139082.62	139629.31	140303.04	141028.05	141509.82	141937.06	142340.59	142810.96	143422.74	144242.9	145130.87	145775.73	146226.06	146906.86	147943.99	149183.36	150219.6	151139.61	151971.49	152772.62	153419.84	153863.11	154226.57	154792.74	155600.72	156652.36	157713.37	158674.02	159563.57	160480.18	161513.27	162567.49	163789.94	165015.88	166163.39	167197.08	168216.71	169346.39	170413.11	171109.66	171838.02	172673.48	173887.92	175014.48	175960.65	176816.78	177553.83	178418.6	179339.79	180473.86	181595.24	182943.43	184329.07	185614.45	186707.54	187477.36	188191.49	188741.26	189465.11	190422.46	191727.38	193149.32	194256.72	195237.78	196028.79	196878.46	197481.34	198106.83	198681.62	199189.74	199719.49	200341.86	201285.86	202258.38	203167.87	203881.79	204500.46	205072.35	205734.02	206256.55	206856.43	207479.96	208295.81	209207.49	210090.28	211035.04	212084.78	213201.53	213999.78	214420.72	214752.28	215494.26	216683.67	218504.29	220806.5	223561.53	226111.79	228586.72	231093.09	234104.16	237430.97	241252.3	245473.41	249379.54	252253.26	254088.05	255803.51	258202.84	261298.53	265659.49	270929.4	276972.75	283090.84	288556.94	292934.12	295764.96	296791.43	296418.41	295906.63	295575.62	295500.12	295342.88	294937.53	294558.22	293964.43	294120.85	294923.29	295878.47	296533.09	296324.56	295262.21	293857.11	292332.44	291384.39	290984.72	291373.51	292053.4	292379.16	292069.98	291247.31	290472.61	289915.62	289474.61	288894.01	288375.15	287794.92	287098.17	285886.48	284575.86	283199.02	282056.27	281248.23	280910.59	280780.66	280609.69	280282.01	280002.42	279312.94	278815.31	278336.41	278198.78	277941.51	277592.12	277288.02	276873.37
78233	8886.6	87026.62	87128.47	87194.43	87288.29	86841.01	86213.05	85498.41	85242.58	85119.43	85080.25	85048.75	85007.76	84814.46	84534.54	84196.34	83960.19	83837.15	83810.02	83887.75	83995.93	84070.79	84073.32	84012.95	83986.57	83999.27	84051.79	84212.6	84536.6	84994.31	85472.24	85900.65	86331.35	86741.15	87090.25	87424.48	87619.74	87691.77	87569.14	87399.61	87386.37	87525.82	87823.98	88126.08	88416.93	88687.31	88913.59	89002.22	89086.42	89485.62	90454.44	91386.33	92368.8	93089.15	94013.04	94752.43	95280.55	95979.87	96557.84	97301.2	97794.96	98185.9	98470.27	98829.65	99338.64	99897.48	100218.61	100450.3	100584.38	100768.61	101075.41	101468.07	101959.23	102337.25	102678.16	102926.38	103120.15	103447.82	103963.02	104847.15	105883.89	106960.61	108035.98	109060.68	110072.96	110690.32	110784.27	110771.5	110917.57	111518.16	112299.21	113053.63	113814.1	114503.29	115182.36	115621.7	115987.16	115865.7	115632.11	115201.91	115166.16	115292.72	115362.06	115193.91	114368.1	113328.27	112372.26	111873.4	111491.69	110982.51	110331.09	109882.4	109610.37	109519.22	109411.28	109339.68	108929.47	108508.81	108301.2	108547.8	108891.47	109109.32	109423.75	109793.58	110104.32	110270.52	110032.4	109758.09	109601.34	109568.24	109339.45	108730.61	108130.64	107752.39	107403.11	107178.64	106671.55	106258.61	105531.24	105052.07	104630.52	104544.83	104513.2	104595.8	104517.45	104411.55	104512.88	105175.1	106143.71	107140.31	107899.86	108351.67	108563.53	108535.72	108447.79	108194.86	107933.42	108073.16	108593.36	109434.77	110224.99	111016.34	111897.97	112645.3	113431.87	114113.51	114853.91	115453.11	115981.44	116881.33	117948.61	119157.45	120160.48	121130.33	122158.84	123059.84	123915.14	124563.13	125120.8	125805.44	126699.5	127915.35	129216.55	130458.37	131602.54	132694.15	133764.84	134827.63	135904.51	136932.31	137836.51	138585.61	139367.44	140273.24	141204.57	141816.82	142377.71	143033.69	143950.45	144929.96	146017.12	147139.61	148258.04	149300.36	150331.48	151495.11	152522.58	153605.49	154431.0	155173.73	155823.88	156411.48	157140.94	157759.47	158449.79	159275.1	160426.75	161761.71	163044.84	164326.79	165518.78	166547.77	167444.12	168221.42	168891.62	169276.61	169639.69	170139.44	170998.1	171686.87	172060.16	172102.42	172321.91	172847.65	173544.52	174190.85	174981.21	175881.56	177009.06	178111.38	179243.77	180300.55	181360.92	182290.21	182816.81	182929.38	183014.02	183654.6	184879.62	186708.64	188932.35	191465.89	193714.62	195956.09	198421.09	201505.38	204758.25	208072.45	211520.98	214387.23	215965.23	216450.77	216991.5	218632.06	221262.6	225465.67	230434.36	235841.24	240754.76	245038.74	248606.83	250908.56	251937.05	251779.54	251639.35	251493.64	251484.3	251066.99	250160.13	249118.9	248448.87	248622.25	249466.58	250175.12	250671.38	250393.27	249372.8	247854.08	246018.96	244868.91	244543.15	245146.97	245918.86	246064.38	245676.18	244644.96	243585.7	242442.6	241260.7	240307.04	239862.42	239563.82	239071.69	237806.16	236342.03	234864.86	233880.39	233562.57	233775.75	234110.0	233904.53	233482.96	233179.64	233174.88	233243.69	233280.27	233158.71	232878.0	232163.61	231286.24	230339.53
78227	8886.6	61824.34	61825.84	61860.45	61933.83	61687.92	61278.95	60764.21	60522.28	60427.9	60381.44	60389.24	60414.51	60403.83	60315.1	60136.87	59959.29	59881.7	59854.54	59887.76	59928.15	59859.21	59767.52	59616.49	59541.5	59485.02	59478.98	59627.36	59906.31	60204.07	60426.96	60607.1	60832.53	61140.32	61470.61	61878.83	62163.02	62197.55	62020.07	61843.05	61802.56	62006.02	62254.57	62521.48	62631.07	62678.0	62733.57	62664.8	62764.37	63129.64	64042.49	65011.92	66164.19	67030.35	67901.18	68674.29	69370.43	70142.6	70698.77	71320.37	71702.27	71949.76	72146.09	72307.95	72499.91	72757.38	72968.28	73037.94	72954.61	73087.11	73402.31	73709.25	73860.86	73954.09	74068.33	74327.04	74641.75	75064.49	75487.04	76033.53	76597.81	77117.21	77650.58	78325.93	79134.17	79775.72	80066.21	80048.62	80081.66	80466.21	81054.4	81601.08	81919.65	82092.59	82213.18	82204.16	82215.92	81904.8	81503.45	81196.61	81151.79	81231.44	81125.43	80924.07	80259.37	79623.64	78996.18	78799.11	78487.34	77933.27	77134.44	76422.74	75917.91	75695.33	75492.99	75532.36	75180.59	74953.62	74742.17	75055.28	75363.94	75518.52	75553.47	75545.8	75534.43	75498.08	75386.1	75383.06	75497.5	75549.37	75383.49	74959.6	74402.15	73804.24	73258.23	73051.75	72948.26	72681.16	72200.31	71651.02	71352.1	71023.03	70760.33	70509.07	70294.84	70191.29	70220.7	70472.06	70835.73	71323.52	71992.09	72637.52	73040.91	72915.72	72493.15	71928.24	71553.71	71732.69	72062.54	72622.22	73004.19	73497.27	73958.78	74383.26	74896.37	75251.13	75676.18	75910.37	76145.52	76546.9	77192.58	78051.85	79002.78	80107.24	81203.92	82131.81	82762.77	83110.76	83239.21	83441.31	84063.69	85158.22	86475.86	87642.54	88462.22	89127.59	90000.18	91053.77	92382.35	93570.74	94661.71	95412.6	96185.42	97271.23	98658.92	99874.73	100721.57	101193.31	101668.01	102052.57	102604.08	103247.72	104041.38	105062.83	106252.23	107697.45	109028.52	110239.26	111233.42	112158.29	113175.97	114232.74	115208.71	115925.4	116619.38	117543.78	118925.68	120378.24	121597.5	122654.38	123457.16	124191.14	124814.77	125563.63	126250.13	126877.24	127575.54	128456.79	129596.87	130321.54	130569.75	130562.13	130666.39	131177.35	131672.18	132301.27	133189.85	134281.07	135673.93	136891.14	138062.11	139204.55	140576.75	141689.59	142371.01	142524.03	142566.6	143053.93	144074.29	145753.29	147801.28	150174.58	152572.83	154977.17	157416.44	159915.8	162120.93	163975.42	165951.17	167267.65	167466.14	166496.08	165724.83	166143.86	167676.68	171442.16	176499.21	181988.22	186287.93	189361.47	192046.04	193540.06	193851.79	192735.86	191655.44	190623.57	189526.72	187849.95	185649.87	183822.41	182961.7	183201.77	183761.17	183750.98	183381.16	182190.81	180831.56	179179.51	177856.61	176768.26	176414.84	176860.74	178031.04	179126.21	179762.9	179430.63	178695.68	177571.56	176387.19	175099.02	174263.47	173785.68	173107.48	171746.12	169712.24	167867.29	166568.57	166349.19	166577.53	166910.52	166739.19	166386.82	166127.95	166242.68	166635.62	166775.28	166581.08	166271.94	165727.6	164872.87	163919.93
78244	8886.6	88248.26	88336.15	88438.97	88653.71	88397.44	87950.84	87431.33	87361.87	87372.56	87318.17	87167.0	87047.64	86800.17	86478.68	85985.5	85596.91	85337.64	85220.82	85112.69	84980.66	84751.98	84551.65	84322.4	84148.93	83957.25	83809.7	83917.38	84215.59	84700.62	85132.28	85558.67	85976.49	86428.54	86840.58	87240.54	87513.58	87658.36	87630.53	87512.96	87499.43	87687.29	88057.26	88491.29	88825.38	89135.77	89389.69	89567.04	89748.36	90234.97	91189.36	92131.45	93096.8	93796.57	94529.74	95143.53	95630.71	96381.02	97033.48	97715.72	98129.77	98291.0	98405.77	98522.77	98785.28	99113.12	99427.14	99637.9	99789.41	99977.88	100346.97	100777.45	101112.5	101304.97	101357.03	101532.05	101698.45	102096.27	102451.6	103069.73	103541.17	104040.83	104627.05	105408.62	106406.34	107120.69	107540.63	107648.69	107881.91	108633.51	109590.14	110674.43	111501.03	112326.1	113008.2	113728.87	114301.12	114441.96	114206.87	113814.04	113586.18	113508.16	113457.57	113298.66	112750.08	111958.21	111224.21	110596.78	110049.77	109553.82	109063.78	108793.91	108391.79	108103.46	107598.05	107061.8	106022.83	105082.27	104189.96	103811.55	103476.32	103333.78	103309.54	103350.71	103340.84	103278.88	103118.98	102994.41	102980.16	102879.27	102465.67	101659.08	100839.27	100215.18	99669.14	99400.66	99046.1	98624.09	97836.56	97085.1	96556.54	96422.7	96471.9	96585.61	96420.61	96268.03	96404.13	97113.24	98246.68	99340.82	100200.44	100591.68	100862.52	100828.61	100747.59	100485.07	100363.74	100587.01	100999.8	101585.1	102146.77	102730.37	103483.48	104217.64	105116.82	105850.36	106693.36	107373.57	108058.95	108898.2	109896.86	110891.27	111752.2	112524.89	113335.38	114010.95	114623.75	115034.66	115424.17	116032.49	116956.22	118046.41	119125.23	120055.3	120887.07	121561.01	122335.77	123208.34	124364.71	125409.25	126392.0	127125.3	127977.95	128722.63	129541.3	130046.5	130736.96	131397.6	132216.87	132926.92	133689.96	134437.42	135253.47	136131.88	137171.18	138257.64	139211.48	140072.28	140806.31	141575.94	142423.64	143305.62	144212.25	144918.41	145709.23	146746.03	148034.46	149260.29	150152.16	150972.54	151774.98	152667.63	153570.26	154538.79	155319.09	156003.47	156706.78	157725.6	158897.11	160054.66	160992.14	161776.8	162284.77	162738.88	163189.77	163801.0	164494.72	165283.56	166156.81	167207.51	168347.1	169488.98	170461.61	171152.19	171511.64	171612.87	171755.75	172361.07	173428.97	175014.76	176974.51	179372.7	181740.91	183994.55	186236.24	188774.05	191532.67	194641.66	198094.09	201397.73	204165.15	206447.98	208774.18	211532.19	214783.53	219009.19	223896.09	228958.44	233693.54	238012.5	242050.98	245097.51	246462.44	246402.44	245964.96	245544.43	245178.08	244656.35	243830.28	242966.67	242252.7	242060.81	242323.77	242357.73	242342.83	241656.25	240560.23	239047.23	237469.33	236444.48	235969.27	235942.97	235972.83	235672.91	235249.54	234275.06	233201.12	231982.29	230813.78	229549.35	228577.16	227759.95	227038.98	225754.95	224294.33	222673.19	221252.47	220120.0	219323.61	218679.53	218092.59	217638.59	217425.21	217171.29	217153.87	217078.65	216893.4	216128.76	214763.49	213315.56	212281.61
78230	8886.6	157207.88	157469.37	157669.69	158219.38	157853.99	157171.66	156211.22	156132.14	156265.97	156282.99	156042.35	155676.21	155304.16	154877.67	154370.09	153812.2	153513.43	153473.65	153682.28	153957.17	154098.35	154207.74	154140.24	154225.86	154231.61	154264.89	154334.55	154630.22	155189.0	155660.88	156159.0	156575.2	157162.14	157690.54	158198.72	158364.78	158311.36	158019.99	157737.44	157640.76	157935.86	158511.28	159111.4	159577.9	159939.95	160178.66	160118.51	160230.85	160985.8	162793.68	164522.79	166401.41	167580.56	168641.79	169300.42	169719.75	170501.4	170871.99	171345.09	171443.42	171515.77	171596.78	171725.53	172096.96	172806.96	173630.14	174315.76	174741.82	175278.68	176095.81	176842.54	177336.05	177673.02	178173.94	178899.47	179833.09	181052.22	182369.16	183785.37	185028.68	186269.46	187693.35	189488.29	191630.05	193318.38	193726.03	193542.26	193037.5	193575.98	194700.72	196344.5	197833.46	198856.82	199737.94	200352.75	201002.03	200579.48	199746.85	198733.09	198455.35	198549.49	198590.26	198524.01	198353.88	198020.02	197736.49	197336.59	196942.87	196492.59	195899.71	195478.77	195085.67	194827.73	194273.19	193646.69	192861.6	192329.24	192037.52	192108.75	192163.3	192369.82	192653.53	193263.23	193921.0	194591.35	195034.71	195255.2	195330.72	195258.22	194768.47	193793.04	192734.43	192029.88	191587.1	191568.55	191376.15	191085.81	190337.89	189805.11	189410.85	189189.73	189096.62	189274.94	189320.59	189260.19	189313.7	189923.03	190538.27	190825.48	190976.49	191061.92	191605.23	191865.39	192142.47	192261.2	192678.72	193647.17	194777.96	196158.99	197201.25	198382.77	199368.05	200257.02	201065.54	201977.95	202909.39	203586.35	204264.43	205244.61	206658.9	208183.68	209814.8	211453.98	212861.52	214087.2	214977.51	215773.22	216246.27	216981.4	218016.56	219637.79	221413.56	223136.43	224636.13	226183.46	227472.84	228519.2	229456.47	230350.47	231288.74	231958.01	232907.44	234315.79	235832.52	236820.44	237723.93	238708.11	240041.77	241134.13	242054.35	242962.82	243938.15	245047.8	246224.4	247509.43	248841.08	250273.04	251861.08	253304.74	254809.19	255883.51	256863.6	257518.03	258344.0	259291.27	260615.66	261735.04	262470.67	263151.54	264030.05	265141.63	266276.41	267468.76	268540.42	269166.04	269498.12	269862.83	270321.41	270684.19	271131.39	271632.98	272101.6	272200.4	272108.94	272056.76	272379.28	273042.54	274098.07	275443.96	276666.25	278020.85	279617.59	281202.9	282199.49	282277.05	282295.46	282775.26	284163.06	286555.62	289623.69	292943.7	295975.46	298977.0	302310.56	306154.82	310063.12	314193.03	318618.71	322790.22	325791.34	327537.14	329222.07	332124.31	336029.96	341676.28	347981.93	355181.14	362177.98	368483.74	373374.39	376320.7	377183.91	376837.52	376272.93	375926.02	375830.41	376073.23	375990.11	376087.69	376166.85	377364.41	379188.67	381198.57	383231.34	384124.59	384209.68	383304.65	382237.96	381293.46	381353.44	382616.54	384250.12	384936.21	384564.63	383534.37	382568.99	382071.42	381711.75	381319.34	380743.62	380049.7	379268.19	377901.82	376058.41	374159.78	372408.4	371402.98	371012.64	371097.11	370815.15	370329.07	369595.07	368762.46	368045.57	367610.72	367811.97	368170.37	368951.12	369911.46	371143.77
78209	8886.6	215457.0	215960.44	215984.49	215993.7	214629.82	213561.28	212022.25	211748.93	211290.39	211461.35	211294.3	211474.69	212033.0	212884.69	213221.91	213151.89	213039.74	213442.8	213953.6	214512.65	214220.28	212914.42	211179.39	210173.24	210293.56	210579.84	210654.45	210608.95	211078.49	212099.01	212738.62	213371.17	213716.43	214380.82	215114.06	215445.55	215701.02	215651.23	215526.29	215388.65	215097.98	215659.62	216861.26	218377.78	219681.87	220576.8	221022.2	221223.22	222620.98	225506.38	228273.38	230726.46	232101.68	234055.85	235012.45	235392.83	235445.1	235681.19	236359.92	236849.17	237157.17	237739.82	238579.0	239710.21	240647.85	241604.78	242549.87	243509.99	244227.18	245566.49	247426.17	249465.38	251305.84	252793.37	253998.95	254539.69	255246.01	256770.19	258758.33	260524.16	262113.36	263850.87	266007.65	268436.78	270125.64	270541.26	270344.41	270405.99	271915.97	273575.7	275724.2	277397.8	279025.7	280303.76	281305.29	282447.39	282457.66	282263.83	281776.59	282253.29	283030.43	283695.64	283976.4	282582.4	280450.94	278635.77	278146.23	277850.14	276812.88	275102.23	273899.32	272904.11	271988.9	270437.96	269171.76	268562.44	268758.58	269596.7	270505.54	271209.26	271466.12	271722.18	272238.16	272995.7	273785.69	274355.11	274602.4	274937.74	275254.14	275114.77	274022.03	272538.52	270957.85	269515.53	268749.98	268412.63	268651.83	268078.91	267584.2	266558.53	265691.52	264802.95	264525.24	264409.75	264659.34	265412.83	267016.18	268816.84	270013.14	271345.8	272755.18	275397.79	277466.34	279135.66	280033.2	281459.64	284345.77	287790.36	291262.48	293909.55	296615.35	299003.98	300839.74	302069.85	303109.6	304106.33	304562.55	305339.06	306702.06	309013.26	311364.44	313752.34	316529.86	319345.06	322034.56	323639.1	324708.72	325470.15	327404.78	330280.98	334045.35	337685.56	340957.5	343380.11	345171.4	346161.48	347499.44	349037.21	351126.33	353171.96	354787.33	356404.37	358210.32	360161.67	361399.94	362308.93	363136.44	364097.14	364563.34	364878.92	365236.21	365859.9	366871.38	368014.75	369753.36	371792.14	374854.67	378363.04	381373.85	383661.36	384600.32	385470.77	386163.54	387324.2	388935.71	391145.64	393172.44	394318.75	394780.57	394940.65	395654.74	397068.73	398637.14	399339.32	399085.38	398859.1	399093.79	400000.96	400589.65	400979.08	400726.54	400477.55	400112.04	400173.74	400412.34	400905.36	401446.25	402838.48	404900.34	406347.35	408260.47	410523.26	413350.73	414784.12	414494.43	413646.29	413736.56	415153.36	418355.7	421900.17	426703.15	431441.95	436753.98	442450.03	448313.87	453870.91	458961.28	463312.12	467116.52	469947.16	472192.84	473594.94	475708.58	478700.49	484294.69	490246.78	497682.6	505235.99	512421.34	518022.17	519873.11	519129.28	515975.7	513738.58	512164.56	511825.78	512480.39	513013.77	513486.33	514293.15	516684.63	520162.78	523366.33	526295.69	528484.16	530358.8	531983.12	532809.67	533576.93	534538.04	536526.49	537790.72	538666.17	538647.15	538434.36	537639.33	537798.44	538804.98	539269.59	539311.16	538330.03	537551.26	535737.59	533307.41	530751.42	528332.78	527251.5	526902.78	527839.06	529054.13	530348.1	531182.67	531483.52	531970.08	531326.51	529874.97	527908.78	527334.15	527962.34	529424.7
78201	8886.6	70654.27	70708.88	70706.05	70667.53	70180.7	69634.4	69101.55	69017.58	69057.24	69176.72	69267.54	69303.5	69226.41	69016.07	68762.44	68611.55	68734.76	68989.48	69171.47	69168.13	69045.88	68922.5	68780.36	68606.51	68407.27	68294.41	68296.8	68454.42	68718.37	69056.22	69338.19	69532.84	69610.43	69755.4	70022.86	70336.34	70557.67	70580.17	70578.29	70539.88	70508.21	70533.08	70752.49	71166.2	71664.22	72047.83	72260.77	72408.64	72821.58	73533.9	74150.25	74854.37	75493.87	76298.58	76956.23	77501.11	78224.01	78817.24	79380.79	79641.16	79862.09	80211.65	80617.67	80959.25	81279.5	81504.1	81693.25	81760.86	81920.88	82296.13	82628.38	82977.54	83177.22	83421.55	83685.9	84031.28	84536.47	85308.39	86191.74	87085.02	87775.28	88492.06	89157.49	89801.51	90098.64	90022.76	89859.34	89815.6	90295.13	90868.2	91556.9	91976.58	92136.15	92217.34	92262.32	92698.75	92964.48	93206.59	93386.06	93780.89	94255.0	94380.33	94259.68	93264.64	92185.95	91215.57	90938.74	90943.08	90515.13	89984.51	89317.47	89015.58	88735.63	88465.4	88203.56	87935.99	87795.7	87809.9	87970.14	87952.23	87434.36	86737.74	86316.25	86447.1	86913.56	87152.34	87388.46	87515.94	87586.18	87234.26	86713.6	86152.47	85551.37	84888.36	84119.83	83511.55	82816.91	82135.32	81399.83	80804.69	80654.23	80695.83	81005.19	80915.55	80662.44	80400.1	80629.23	81134.6	81633.97	82130.93	82821.81	83572.0	83951.02	83819.94	83460.82	83293.9	83711.47	84284.54	85074.61	85876.42	86724.18	87363.36	87670.45	87876.81	87931.23	88144.61	88180.02	88270.74	88390.23	88750.56	89408.82	90495.02	92126.48	93865.96	95377.47	96340.12	96814.88	96892.51	97102.41	97714.31	98650.65	100054.24	101651.4	103287.96	104730.33	106072.8	107579.21	109393.68	110905.29	112247.38	112945.43	114007.33	115231.12	116994.8	118569.71	119871.94	120814.38	121863.95	123043.75	124364.0	125451.28	126573.34	128037.86	129888.52	132245.85	134600.51	137002.56	139078.4	140611.41	141818.74	142660.68	143320.77	143382.82	143469.4	143958.57	145435.03	147563.95	149607.22	151601.26	153051.92	154675.93	156288.22	157615.07	158524.12	158811.27	159431.33	160163.25	161174.81	161281.98	160316.45	158928.12	157799.87	157673.5	157990.42	158602.52	159708.63	160995.48	162915.02	164634.84	166203.62	167968.96	170022.59	172013.61	173128.48	173424.43	173355.84	173635.7	174530.97	176404.61	178785.47	181617.25	184175.85	186600.11	189288.85	192447.59	195688.64	198711.64	201231.9	202356.59	201560.02	199887.03	198814.46	199358.88	200967.77	204064.04	207554.88	211415.95	214752.24	217192.18	218771.13	219265.57	218853.17	217611.05	216683.98	216215.18	215262.5	213438.67	210676.8	208101.3	206470.96	206076.5	206415.21	206308.91	205427.19	204157.71	202770.64	201465.68	199885.13	198411.73	197875.46	198883.34	200773.03	202114.45	202392.4	200812.69	198728.35	196459.9	194956.12	193402.55	192514.34	191737.44	191276.4	189492.86	187205.66	184801.77	182947.63	181450.97	180283.73	179374.85	178905.71	178978.56	179272.3	179755.11	179801.6	179532.62	178123.16	176401.19	174786.0	173819.81	173461.24
78216	8886.6	127374.47	127622.6	127855.13	128316.68	127789.52	126899.21	125833.21	125639.49	125668.31	125566.66	125386.47	125100.9	124796.56	124368.53	123960.28	123677.93	123708.38	123867.21	124159.99	124386.04	124564.15	124748.96	124805.11	124958.15	124969.15	124984.31	124967.43	125150.33	125575.96	126088.53	126705.12	127351.57	127944.51	128312.63	128658.15	128915.19	129155.73	129207.13	129341.68	129586.28	130020.69	130427.65	130699.1	130919.79	131184.78	131445.46	131513.52	131550.64	132187.18	133570.5	135115.45	136760.6	138144.59	139610.13	140744.09	141323.26	141888.48	142236.6	142796.49	143190.77	143403.08	143627.96	143751.99	144008.82	144015.11	143863.58	143842.69	144212.67	145019.96	145861.3	146702.8	147303.32	147754.41	147788.35	147821.68	147836.71	148437.22	149202.23	150084.66	150827.56	151783.97	153095.75	154399.03	155821.99	156761.63	157601.14	158164.76	158837.71	160131.3	161702.99	163444.13	164666.73	165366.38	165873.91	166379.19	166990.15	166925.97	166383.08	165739.24	165617.64	165819.69	165838.43	165742.44	165019.79	164207.57	163343.07	162935.28	162519.74	162026.96	161292.92	160726.22	160246.5	159813.4	159257.26	158594.98	157779.1	157080.04	156674.83	156707.73	156836.35	156979.24	157105.05	157430.59	157899.71	158338.74	158392.38	158186.83	158089.32	157958.0	157505.21	156457.69	155391.62	154406.66	153577.5	153073.32	152733.22	152388.52	151743.21	151343.27	151175.77	151278.01	151287.37	151463.86	151394.67	151181.57	151077.71	151265.72	151621.29	151918.26	152380.16	152961.21	153780.53	154353.96	155053.41	155452.31	155983.83	156743.97	157659.8	158554.5	159128.12	159858.18	160742.5	161546.56	162164.46	162745.72	163456.51	163867.06	164157.95	164742.88	165935.82	167460.6	168886.24	170250.06	171517.51	172867.24	173949.07	174670.61	175022.86	175501.25	176300.05	177657.24	179317.71	180762.81	181765.18	182587.58	183665.16	184946.48	186477.03	187750.22	188859.74	189619.09	190810.88	192546.59	194657.77	196303.45	197598.96	198755.38	200233.26	201751.98	203021.51	204017.72	204717.91	205701.46	206716.68	207983.83	209125.99	210702.5	212245.59	213467.11	214425.54	214997.52	215841.69	216376.4	217126.04	218079.42	219798.91	221824.87	223527.39	225043.56	226320.83	227602.62	228702.05	229734.41	230469.21	230796.6	231001.15	231494.97	232471.27	233105.38	233170.64	232783.47	232863.13	233426.78	234131.36	234622.81	235367.71	236401.74	237850.42	239261.34	240362.57	241474.75	242699.81	243907.86	244844.64	245213.98	245793.9	246918.9	248627.54	251172.73	253841.36	256947.38	259739.52	262689.03	265847.18	269400.09	272907.38	277040.75	281324.42	284945.49	286800.23	287381.62	288048.42	290098.23	293199.39	298097.71	303519.12	309785.69	315833.04	320951.48	324628.39	326321.97	326360.9	325400.16	324446.69	323677.84	322843.36	321795.01	320563.01	319657.61	319224.26	320053.56	321558.62	323500.08	325505.33	326824.31	327473.5	327324.16	326575.33	325858.66	326016.39	327340.28	328927.39	329504.79	329090.1	327956.87	326697.49	325593.21	324569.36	323068.73	321886.25	321232.42	321485.93	320773.46	319297.2	317066.21	315355.79	313905.77	312935.45	312025.23	311086.07	310475.7	309830.9	309426.64	308817.67	308659.57	308130.24	307254.65	306174.2	305440.08	305379.15
78213	8886.6	90944.17	91077.7	91104.87	91219.51	90763.58	90106.94	89401.69	89226.96	89278.05	89290.17	89232.4	89100.79	88894.47	88650.09	88444.27	88362.08	88443.48	88579.75	88717.19	88766.02	88860.64	88963.97	89034.53	89011.01	88921.96	88820.37	88849.01	89018.32	89367.03	89717.75	90040.83	90322.77	90538.15	90794.86	91099.99	91331.39	91363.69	91209.96	91021.31	91020.61	91227.91	91633.89	92051.65	92394.76	92754.63	92998.22	93119.42	93258.53	93830.37	94965.19	96086.69	97205.7	98080.02	98976.43	99707.66	100202.2	100916.49	101595.64	102451.15	103102.52	103546.33	103758.16	103855.06	104037.85	104247.05	104427.97	104615.54	104831.62	104894.22	105036.37	105081.41	105151.72	105076.92	105142.98	105322.27	105613.78	106090.5	106839.33	107642.62	108423.65	109263.4	110145.98	111268.96	112453.04	113464.96	113795.91	113669.85	113570.69	114137.55	115057.23	115982.18	116689.84	117065.32	117381.97	117354.64	117490.67	117103.61	116652.37	116100.17	115957.88	116117.22	116204.36	116358.11	115767.09	115039.3	114302.64	114167.29	114086.57	113608.43	112838.42	112077.94	111584.26	111164.91	110729.1	110233.87	109606.24	109205.97	109258.15	109700.42	109967.14	109946.11	109766.42	109626.82	109517.57	109596.43	109619.6	109614.9	109541.79	109334.08	108847.57	107935.88	107038.18	106488.9	106146.66	106212.77	106065.16	105888.44	105373.22	105028.57	104785.36	104599.13	104244.53	104141.02	103858.96	103594.06	103357.6	103611.32	104069.03	104644.72	105197.23	105836.43	106114.26	106062.17	105853.61	105619.49	105701.38	106329.2	107292.64	108233.31	108970.67	109644.43	110263.4	110557.87	110649.77	110660.69	110888.88	111069.33	111389.52	111797.59	112416.87	112963.32	113535.18	114432.17	115451.46	116556.73	117205.66	117603.96	117527.38	117703.13	118190.04	119094.48	120459.91	121820.53	123306.45	124523.4	125843.96	127154.59	128646.61	129960.02	131198.1	132098.48	133279.38	134735.8	136560.44	138235.53	139596.93	140542.62	141345.8	142162.23	143210.08	144288.86	145322.98	146433.54	147700.47	149179.57	150766.42	152516.91	154100.22	155332.55	156345.96	157323.18	158126.73	158649.88	159241.42	160444.78	162217.99	164110.77	165403.16	166454.84	167362.44	168392.42	169408.61	170178.67	170847.85	171171.56	171509.76	171954.38	172652.24	173232.54	173330.86	173298.21	173405.39	173991.56	174636.45	175283.1	176161.11	177201.23	178616.94	179826.87	181096.09	182434.07	184087.14	185415.26	186172.5	186316.52	186365.45	186716.02	187495.91	189118.16	191366.55	194114.36	196602.17	198894.42	201097.49	203579.64	206124.03	208843.55	211639.08	213440.43	213684.51	212980.87	212541.68	213452.36	215417.04	219085.35	223596.93	228587.77	233210.72	237030.76	239915.56	241502.4	242003.9	241650.36	241362.79	240783.73	239633.37	237685.89	235400.05	233507.9	232325.13	232368.7	233051.55	233825.81	234373.8	234268.12	233860.95	232944.51	232119.56	231375.89	231393.32	232171.94	233514.31	234296.7	234285.67	232938.84	231194.39	229216.22	227491.55	225666.69	224289.26	222889.01	221879.3	220121.42	218284.17	216193.41	214727.27	213699.26	213620.19	213871.48	214049.66	213699.99	213001.6	212612.49	211896.24	211110.53	209854.12	208698.62	208027.17	207560.34	207686.08
78218	8886.6	74903.01	74925.15	74913.31	74875.58	74528.6	74075.0	73617.03	73443.13	73435.03	73461.45	73497.61	73449.7	73269.66	73022.0	72806.93	72704.7	72701.23	72727.18	72804.48	72927.52	72993.29	73057.69	72991.79	72919.64	72753.28	72614.64	72557.56	72709.18	73001.39	73347.3	73661.2	73917.88	74107.51	74291.76	74565.29	74796.73	74920.65	74892.72	74878.71	74861.22	75029.15	75243.36	75573.75	75871.29	76277.55	76595.96	76714.14	76831.33	77333.31	78283.56	79062.74	79782.93	80234.67	80987.95	81651.13	82177.12	82734.34	83267.0	84016.54	84515.9	84732.47	84848.03	85286.23	85917.44	86590.22	86802.67	86792.72	86855.37	87095.13	87465.0	87578.17	87586.88	87517.53	87475.37	87337.59	87345.58	87573.07	88109.4	88888.07	89604.58	90258.21	90824.24	91572.65	92540.15	93321.33	93793.14	93980.9	94054.71	94267.16	94710.13	95277.3	95887.81	96294.6	96680.19	96841.78	96895.56	96580.18	96211.08	95915.64	95959.15	96154.9	96309.34	96321.82	95920.04	95395.63	94878.82	94643.87	94405.33	94045.15	93554.52	93132.36	92776.83	92502.11	92071.93	91719.76	91268.48	91078.5	90854.39	90859.88	90871.0	90893.47	90955.29	90965.33	91078.3	91160.32	91121.35	91168.49	91135.44	90944.0	90357.25	89559.06	88830.7	88241.17	87650.86	87339.72	86993.64	86720.59	86180.28	85622.52	85121.77	84768.64	84490.88	84403.79	84287.7	84310.0	84517.38	85350.51	86483.72	87768.41	88822.21	89635.19	90163.12	90348.86	90285.72	89955.7	89615.72	89684.59	89851.26	90232.81	90628.89	91287.1	91895.45	92367.02	92823.97	93341.33	94136.64	94884.16	95645.74	96463.66	97447.99	98625.77	99803.61	100947.07	101922.97	102654.37	103159.83	103396.57	103546.65	103930.36	104620.29	105642.25	106853.39	108170.2	109465.88	110692.58	111971.24	113216.65	114599.87	115927.08	117378.15	118575.12	119963.21	121444.69	123108.97	124236.44	125040.75	125599.26	126160.49	126682.93	127138.0	127709.49	128361.29	129355.55	130480.39	131853.84	133288.66	134661.58	135805.1	136541.69	137326.05	138065.88	138942.39	139572.18	140144.34	140989.37	142233.48	143697.15	144889.82	145959.22	146904.84	147979.09	149222.62	150377.45	151296.32	152029.19	152914.3	154014.1	155206.29	156112.26	156454.35	156269.91	155844.48	155753.57	156125.56	156853.79	157860.19	158996.34	160465.34	161917.59	163155.87	164256.2	165383.8	166321.44	166870.04	167070.0	167392.09	168172.93	169430.63	171322.03	173550.15	176006.59	178230.48	180361.99	182635.41	185153.17	187736.65	190325.6	193157.0	195312.82	196339.7	196402.45	196624.15	197957.52	200270.1	204358.71	209303.44	214519.94	218983.32	222443.99	225350.24	227233.16	228161.11	228036.58	227767.25	227261.61	226613.27	225463.35	223770.78	222141.7	221116.86	221166.36	221702.24	222118.23	222753.03	222972.31	222837.48	222005.4	220868.16	219929.42	219558.31	220031.16	220933.2	221277.61	221050.44	219871.15	218753.75	217448.46	216265.84	215052.44	214269.08	213476.16	212418.36	210692.25	208890.21	207166.35	205871.6	204732.51	203364.21	201923.6	200498.49	199436.63	198834.94	198690.46	198913.64	199135.06	198944.93	198452.5	197220.78	195914.08	195062.45
78260	8886.6	224291.29	224584.12	225109.61	226119.53	225616.15	224356.18	222005.47	220320.15	218822.93	217826.1	217069.76	216401.81	215924.92	215640.47	215233.8	214743.96	214565.25	214261.31	214233.07	214617.17	215210.03	215652.25	215500.32	215465.25	215462.03	215915.23	216331.48	216725.03	216965.94	217244.49	217511.06	217938.7	218549.73	219380.71	220232.75	221145.17	222028.3	222567.24	222691.89	222582.2	222593.61	223078.41	223561.07	223797.91	223553.55	223303.53	223045.16	223271.51	224879.01	227900.17	230959.59	233673.7	235924.79	238228.67	240505.17	242067.8	244222.05	245531.17	246923.36	247417.26	247990.49	248716.62	249302.91	249719.5	250011.75	250692.7	251532.52	252389.6	253225.72	254306.01	255305.42	256110.86	256468.61	256596.09	256966.66	257580.6	259107.88	261039.42	263519.54	265870.71	268156.31	270630.7	273104.69	276080.68	278580.58	280010.86	280238.2	280361.99	281961.37	284145.91	286222.02	287374.62	288041.95	288451.96	288803.39	289201.88	288832.39	287950.55	286838.08	286048.99	285545.5	284755.85	283846.86	281819.28	279554.53	277280.04	275866.78	274441.29	273037.95	271317.37	270027.69	268916.38	268233.86	267147.33	265775.87	264138.55	263121.4	262477.84	262128.49	261581.99	261502.54	261847.72	262800.07	263628.69	264404.52	264872.33	265200.59	265534.75	265557.13	264886.78	263180.17	261526.48	260647.62	260205.51	260207.63	259759.44	259328.7	258198.91	257507.85	257022.43	256975.18	257115.07	257601.67	257821.04	258187.99	258932.0	260649.38	262661.31	264502.86	265979.29	266781.63	268090.17	269453.37	271238.81	272601.85	273641.98	274896.5	276184.25	277741.01	279215.13	280688.2	282167.41	283360.79	284855.82	286630.1	288546.86	289917.83	290857.67	291925.32	293237.45	294680.04	295843.02	296922.21	297995.23	298906.67	299961.74	300987.08	302107.45	303120.53	304294.09	305794.89	307463.56	309113.82	310379.85	311399.97	312021.63	312775.05	313776.2	314941.91	316282.26	317516.3	318884.64	320234.6	321237.27	321571.35	321822.25	322312.19	323013.66	323589.82	323919.0	324254.52	324790.85	325770.73	327273.3	328847.39	330437.18	331894.49	333379.07	334188.61	334954.85	335250.7	335767.35	335902.27	336419.88	337169.42	338360.98	339248.28	339622.42	340118.49	340943.44	342226.2	343481.81	344834.58	345954.11	346795.39	347376.31	348010.65	348766.05	349474.89	350425.95	351306.02	352189.31	352717.85	353229.96	353588.23	354093.42	354725.48	355751.0	357116.86	358849.7	360894.46	362759.1	364083.77	364413.12	364228.5	364146.4	364973.09	366989.25	370305.87	374190.04	378474.17	382632.99	387143.46	392018.39	397165.33	402816.31	409326.63	416920.38	424706.64	432031.69	438098.7	443275.92	448619.86	454796.32	462754.93	471901.12	482091.36	492773.45	502772.86	510834.07	515027.55	515446.41	513370.42	511735.89	510659.06	511074.53	512358.32	513282.18	513671.93	513353.93	513977.72	515602.49	517249.84	519263.85	519933.85	520096.88	518572.78	516646.23	514576.61	513946.67	515060.01	516568.0	517800.74	518175.12	517989.41	517933.52	518714.52	520678.5	522718.36	523985.1	523802.39	523298.49	522390.82	522284.28	521936.2	521365.63	520967.72	520983.45	521550.98	521822.94	521983.38	521871.12	521002.1	519831.27	518608.73	517994.68	517537.19	517347.87	517494.79	517986.17
78023	8886.6	192115.27	192343.95	192498.32	192640.09	191638.59	190323.7	188988.99	188856.84	189269.85	189553.97	189646.26	189262.9	189135.35	188690.82	188294.37	187868.21	187748.87	187916.15	188210.74	188721.86	189173.64	189233.65	189150.34	188736.15	188686.79	188612.02	188734.19	189027.36	189297.26	189735.78	190069.42	190681.62	191417.23	192280.21	193099.86	193830.55	194298.82	194503.04	194342.05	194285.7	194619.58	195435.35	196442.12	197410.82	198098.5	198150.33	197722.8	197281.88	198266.68	200508.4	202837.64	204802.64	205974.35	207610.57	208960.96	210090.77	211559.92	212850.91	214577.02	215529.9	216428.71	216887.21	217458.02	218069.59	218962.96	219577.4	220266.29	220961.75	222145.03	223473.47	224397.58	224896.4	225218.57	225801.25	226756.0	227691.6	229056.53	230889.2	232756.19	234020.45	234957.45	236245.63	238400.53	241060.28	243171.77	244011.38	243963.61	244295.14	246311.41	248599.53	250713.58	251827.95	252504.33	252900.35	253124.12	253807.0	253756.64	253305.07	252485.39	252042.62	251727.58	251243.87	250706.05	249579.57	248221.09	246901.32	245967.07	245089.66	244370.39	243491.43	242981.51	242519.23	242230.51	241384.55	240375.84	239450.83	238917.72	238539.07	238308.2	238182.6	238282.76	238456.8	238907.13	239180.9	239368.78	239354.84	239445.68	239671.96	239663.3	238998.74	237591.85	236220.24	235540.05	235236.2	235306.57	234897.79	234320.67	233267.31	232633.4	232003.5	231518.44	231135.81	231392.92	231485.9	231537.09	231870.44	233016.09	234562.44	235938.32	236979.05	237523.14	238375.6	239275.05	240533.24	241545.68	242441.58	243526.9	244536.46	245586.13	246443.9	247410.79	248553.54	249566.37	250772.83	252241.4	253923.47	255155.49	255895.74	256576.21	257747.03	259305.49	260829.81	262132.35	263107.54	264171.38	265298.16	266584.19	267719.75	268909.74	270181.37	271914.85	273850.05	275568.48	276677.99	277389.25	278051.51	278903.65	280125.93	281636.7	283307.51	284712.39	285796.93	287025.03	288221.9	289023.67	289481.32	289870.57	290599.15	291190.73	291437.16	291351.99	291369.29	291801.77	292670.58	293682.52	294757.15	295931.17	297337.67	298448.8	299458.18	300053.88	300646.24	300811.53	300921.71	301193.68	302001.69	302877.0	303332.92	303876.28	304611.11	305759.47	306685.61	307611.52	308333.9	308969.79	309391.0	309768.13	310419.63	311010.3	311869.4	312446.04	313174.85	313626.69	314107.85	314258.04	314519.44	315017.33	316102.83	317548.47	319174.7	321118.64	323109.13	324877.37	325861.88	326127.02	326274.72	326980.32	328689.97	331669.39	335282.86	339261.76	342819.71	346521.71	350631.85	355196.43	360179.42	366176.1	372721.04	379080.68	384079.57	387937.02	391349.66	395529.78	400812.6	408175.71	416007.88	424930.53	433419.29	441162.53	447033.58	449983.16	450394.45	448805.31	447504.62	446617.08	446687.5	447523.44	447887.93	447484.61	446678.92	446580.0	447275.73	447465.73	447834.47	447343.9	446288.17	444197.47	441958.97	439800.93	438724.39	438712.07	438926.95	438877.43	438375.76	437844.82	437713.36	438240.35	439318.92	439776.02	439614.99	438672.64	437915.49	436750.09	435809.39	434862.71	434113.27	434098.2	434549.16	435624.26	436082.6	436033.2	435537.98	434669.62	434034.98	433464.0	433419.85	433230.05	433241.35	433880.42	434970.86
78237	8886.6	51951.76	51942.8	52019.74	52153.98	52080.26	51904.64	51677.4	51741.65	51823.08	51768.4	51653.61	51512.83	51394.01	51160.03	50828.81	50379.82	50024.87	49847.87	49809.25	49802.54	49736.06	49824.45	49843.47	49867.31	49853.79	49958.15	50087.01	50418.8	50759.59	51189.74	51129.56	51093.62	50916.27	51043.24	51216.64	51437.25	51466.39	51345.27	51119.36	50996.2	51064.28	51169.93	51453.57	51632.18	51904.65	52068.84	52260.29	52555.96	53097.6	53810.34	54459.5	55242.32	55937.27	56461.21	56915.37	57269.37	58017.71	58476.15	58971.74	59169.55	59462.06	59735.59	59968.68	60140.18	60193.6	60342.67	60438.19	60709.8	61030.8	61590.65	61850.12	62164.2	62127.64	62481.93	62747.49	62984.15	63001.72	63158.39	63527.02	63813.22	64208.71	64532.16	65017.38	65304.27	65562.23	65587.98	65486.46	65550.65	65889.22	66417.66	67080.82	67709.55	68300.61	68614.46	68771.93	68981.5	68981.23	68860.6	68535.63	68312.09	68199.95	67905.67	67621.02	66628.49	65708.08	64874.38	64763.42	64446.69	63851.82	63271.58	63445.65	64165.9	64893.41	65263.84	65654.7	65464.56	65204.45	64486.28	64315.81	64147.45	64229.46	64019.52	63607.43	63084.08	62967.73	63014.13	63041.79	63198.82	63107.39	62885.45	62325.62	62080.39	61782.45	61361.14	60959.82	60626.59	60412.54	60146.34	60097.54	60124.6	59431.59	58671.29	57990.42	57978.15	57960.06	57745.21	57528.98	57303.15	57469.96	57985.53	58670.23	59078.98	58804.13	58022.45	57195.39	56680.2	56805.04	56995.82	57540.24	58117.72	58790.74	59345.82	59767.08	60090.22	60176.26	60082.49	60040.29	60151.79	60438.47	60893.81	61710.18	62816.98	64026.19	64912.74	65657.08	66135.32	66127.15	65571.36	65121.27	65345.64	66362.55	67737.01	68997.8	69950.55	70577.97	71148.29	71646.25	72185.73	72811.4	73257.74	73576.24	74012.09	75110.51	76653.19	78114.65	79057.56	79667.0	80326.72	80981.58	81531.18	81922.27	82106.3	82439.77	82928.43	84087.63	85317.63	86285.69	86850.15	87132.67	87572.42	88148.85	89245.28	90207.14	91191.44	92130.72	93528.81	94960.33	96586.27	98251.1	99766.36	100679.38	101068.13	101753.11	102925.33	104453.58	105462.67	105962.78	106355.17	106222.72	105690.89	105060.1	104986.88	105544.57	106099.98	106642.37	107035.79	107615.15	108863.51	110554.07	112277.62	113930.21	115646.06	117119.94	118481.31	119341.75	119871.63	120195.36	121159.51	123063.86	125512.06	128354.42	131042.73	133566.54	135886.32	138547.62	141112.17	143472.02	145721.49	146617.43	145931.05	143792.03	142576.38	142813.51	144103.94	146383.22	149176.5	152349.88	155091.39	156986.34	158424.42	158938.76	158453.56	156859.0	155359.48	154330.98	153643.17	151738.74	149457.65	147163.79	146537.49	146612.01	147326.6	147333.16	146974.12	145491.82	143946.01	142329.99	141193.88	140327.94	139921.66	140299.55	141292.74	142261.25	142782.47	142322.55	141536.71	140135.96	138751.46	137043.96	135671.24	134828.77	133903.86	132547.23	130176.39	128106.86	126735.8	126578.77	126672.29	126630.11	125981.07	125279.26	124880.92	125387.46	126572.29	127704.58	128366.68	128525.62	128493.2	127940.33	127379.36
78232	8886.6	152722.28	152789.82	152965.71	153371.61	152935.27	152052.87	151003.27	150834.46	150872.68	150773.71	150542.28	150203.53	149786.82	149301.45	148940.58	148742.75	148718.15	148716.32	148717.61	148744.03	148768.89	148739.74	148619.41	148587.75	148469.54	148307.82	148170.2	148369.41	148773.45	149182.15	149614.36	150130.32	150704.78	151171.39	151630.7	151867.72	151975.74	151862.94	151829.6	151855.52	152126.75	152640.93	153231.15	153742.78	154149.79	154462.33	154577.6	154768.48	155635.82	157346.09	158828.26	160409.68	161360.95	162264.79	162711.36	162831.12	163413.66	163630.11	164170.04	164297.68	164390.77	164459.66	164714.76	165157.31	165791.72	166491.09	167151.29	167784.36	168402.54	169234.59	169880.14	170411.02	170642.14	170834.41	171158.74	171912.1	173213.05	174871.6	176653.6	178202.91	179583.01	180848.43	182071.86	183579.17	184933.65	185695.96	185815.07	185737.3	186527.17	187691.59	189351.04	190862.51	192372.72	193680.98	194942.28	195939.81	195811.84	194934.83	194060.23	194015.85	194346.0	194508.34	194507.67	194081.89	193501.03	192927.54	192644.26	192486.17	192206.56	191642.06	191071.2	190512.97	190096.09	189537.77	188963.27	188160.25	187282.4	186525.16	186154.63	186013.5	185945.77	186062.31	186538.33	187161.85	187891.07	188258.11	188438.5	188447.58	188337.16	187996.66	187137.96	186348.95	185611.56	185001.53	184892.6	184933.94	185039.56	184529.62	184106.06	183853.72	183832.34	183832.73	183986.33	184036.89	184094.9	184439.03	185333.94	186320.26	187064.51	187699.84	188292.07	189098.3	189687.54	190318.77	190692.97	191043.56	191928.44	193012.16	194182.76	194857.01	195657.92	196574.73	197428.23	198254.35	199462.05	200903.23	202034.52	202696.79	203610.7	204991.64	206660.91	208052.46	209438.23	210629.23	211828.45	212803.89	213716.12	214352.69	215168.5	216100.56	217673.58	219594.9	221621.28	223110.91	224329.15	225271.68	226394.29	227549.1	228792.6	229915.67	230903.93	231973.57	233514.34	234933.01	235728.39	236280.94	236990.03	238166.78	239084.49	239744.29	240349.41	241245.98	242489.8	243808.38	245122.34	246497.86	248281.1	250261.95	251793.82	252989.74	253783.59	254628.33	255366.54	256120.56	257117.32	258480.79	260028.88	261146.76	261957.32	262725.07	263781.39	264811.48	265732.61	266271.02	266476.96	266508.63	266629.3	267240.25	267967.64	268935.05	269796.11	270562.84	271062.84	271472.9	271837.78	272314.12	272736.09	273555.33	274697.01	275765.11	276762.8	277948.6	279345.09	280203.29	280461.38	280789.37	281876.45	283953.39	286892.71	290236.18	293627.07	296987.99	300453.71	304444.14	308647.26	313028.9	317772.05	322755.64	327526.06	330786.6	332654.21	334029.06	336449.18	339951.96	345439.66	351804.34	359449.1	366870.67	373579.41	378529.67	381657.57	382787.67	382675.77	382245.1	381868.08	381861.85	382216.78	382098.13	382051.25	382027.7	383455.36	385395.23	387141.29	388124.52	388158.03	387612.18	386628.29	385237.68	384183.49	384193.39	385619.14	387297.11	388204.45	388121.7	387155.74	386296.89	385990.43	386342.39	386620.81	387009.75	387034.41	387128.91	386093.05	384521.05	382727.96	381365.22	380872.93	381084.61	381721.78	382151.14	382225.58	382406.56	382514.84	382847.64	382981.06	383172.51	383166.03	383389.46	383916.42	384763.04
78210	8886.6	57012.29	57026.35	57075.72	57045.29	56829.31	56635.92	56563.78	56744.14	56903.58	57052.55	57121.61	57147.81	57098.22	56994.64	56857.98	56732.64	56638.69	56610.4	56569.99	56464.85	56133.41	55791.61	55470.12	55306.46	55169.55	55143.09	55130.06	55164.3	55204.54	55274.39	55311.48	55293.1	55377.3	55567.04	55869.46	56061.37	56146.56	56040.11	55963.45	56049.39	56410.36	56773.29	57105.58	57446.46	57822.73	58157.11	58264.46	58366.68	58607.92	59324.41	60149.29	61190.09	61961.82	62680.72	63186.01	63563.21	63959.95	64180.07	64515.55	64785.46	65165.95	65459.26	65663.53	65805.25	65908.69	66027.66	65998.89	65948.89	66020.24	66467.69	66922.61	67355.35	67410.35	67587.57	67797.69	68022.1	68281.06	68674.3	69331.04	70009.64	70720.73	71408.34	72115.49	72782.16	73297.91	73475.67	73267.33	73100.86	73305.46	73734.73	74232.99	74465.41	74516.29	74484.39	74435.14	74724.26	74924.66	75307.08	75609.6	75975.0	76147.78	76103.59	76229.28	75855.37	75374.97	74695.23	74729.24	74875.21	74624.08	73970.37	73251.73	73027.13	72892.57	72528.94	71884.74	70904.29	70563.18	70436.01	70804.34	71074.42	71009.14	70741.33	70370.51	70225.85	70229.43	69879.01	69659.15	69647.77	70045.7	70359.79	70402.64	70049.31	69447.8	68664.71	68126.24	67610.86	67298.19	66916.87	66868.92	66872.54	66901.27	66769.09	66612.44	66608.52	66712.67	66885.11	67085.13	67357.72	67799.72	68375.27	68788.34	68979.93	68573.69	68014.58	67469.55	67225.6	67416.68	67626.49	68157.33	68852.46	69570.57	70176.42	70436.82	70884.02	71025.0	71340.61	71536.63	71812.7	71966.5	72008.49	72372.45	73061.02	74222.79	75387.95	76471.18	77263.93	77608.18	77742.21	78140.58	79055.94	80369.94	81762.76	83317.83	84800.4	86310.98	87583.04	88711.76	89865.24	90541.65	90997.12	90943.29	91190.98	91596.42	92425.58	93302.13	93936.57	94511.74	95371.04	96662.35	97836.24	98553.39	99049.76	99783.32	100974.0	102612.58	104555.51	106540.81	108566.87	110059.58	111691.57	113172.24	114835.3	115852.34	116732.66	117842.05	119544.65	121705.01	123925.72	126689.56	129221.25	131316.89	132989.86	134258.35	135568.84	136375.1	137481.23	138724.61	140078.78	140421.82	139846.98	138992.12	138737.79	139305.82	140206.55	141165.01	142367.69	143746.98	145405.59	146970.7	148416.01	149985.38	151750.14	153285.3	154113.49	154035.16	153460.06	153583.15	154561.91	156936.01	159744.94	162851.65	165602.55	168185.35	171211.68	174912.77	178709.56	181983.68	184419.86	185212.85	184273.78	182768.17	182335.83	183693.87	186041.91	189517.12	193111.85	196933.77	200653.11	203569.27	205357.49	205354.65	204338.58	202570.87	201276.53	200654.07	200040.8	198448.56	195323.59	192030.1	189487.01	188603.76	188694.18	188604.73	187683.11	185939.04	184078.61	182301.76	180413.22	178616.26	177534.67	177672.36	178557.25	179314.87	179294.77	177904.65	175804.17	173325.73	171431.94	169981.61	169160.69	168419.05	167800.34	166583.29	165224.97	164109.97	163898.63	164579.14	164890.5	164465.32	163181.13	162731.98	162627.9	163257.34	163689.87	163769.89	162862.0	161498.5	160531.8	160137.3	159998.42
78229	8886.6	108899.07	108952.22	109083.96	109228.69	108772.87	108003.66	107171.31	106952.82	106942.87	106894.32	106780.62	106568.94	106315.43	106033.45	105784.39	105608.66	105561.93	105702.73	106044.86	106437.05	106779.19	107002.76	106959.41	106870.32	106691.02	106622.68	106527.98	106633.84	106976.49	107398.23	107753.39	108053.25	108321.92	108597.09	108850.06	109051.4	109105.96	109026.41	108956.91	109168.73	109636.16	110208.88	110773.06	111389.97	112071.05	112614.4	112826.33	112931.16	113519.92	114716.89	115972.47	117235.3	118305.83	119493.55	120358.19	120717.04	121199.41	121825.58	122740.67	123490.87	123759.89	123978.82	124037.82	124357.41	124790.69	125093.29	125245.24	125401.82	125974.12	126809.75	127560.34	128090.65	128413.84	128609.69	128940.78	129325.4	130094.97	131017.58	132076.7	132800.3	133438.37	134190.8	135393.62	136893.37	138176.82	138970.41	139186.8	139361.98	139801.96	140758.34	142202.69	143838.94	145089.33	146145.95	146857.7	147546.32	147504.08	147308.89	147180.67	147539.84	148067.41	148257.14	148182.85	147867.47	147582.89	147228.23	146871.38	146502.81	146185.06	145691.41	145303.0	144876.17	144562.24	144123.23	143555.1	142421.68	141219.71	140251.56	139976.16	139932.94	140086.01	140228.45	140488.67	140602.11	140743.03	140535.26	140393.66	140304.92	140239.29	139731.0	138699.33	137766.82	137307.89	137185.44	137402.09	137313.61	137089.01	136380.46	135877.22	135644.51	135625.67	135407.0	135108.81	134652.98	134341.87	134320.65	134841.77	135629.54	136253.38	136542.02	136446.58	136304.42	136163.87	136292.78	136385.74	136662.7	137432.55	138546.23	139622.05	140226.27	140694.49	141128.56	141528.44	141734.87	141925.56	142237.12	142586.98	142970.79	143647.54	144751.54	146066.12	147195.53	148236.46	149075.03	150070.08	150764.85	151184.91	151015.19	150890.07	151069.92	151731.63	152615.74	153417.31	154187.48	154892.5	155710.16	156670.91	157944.42	159354.9	160509.46	161505.97	162574.18	163940.22	165173.47	165816.56	166306.39	166802.47	167901.89	169006.48	170220.22	171255.45	172173.34	173131.26	173948.21	174832.02	175686.42	176822.25	178121.87	179386.17	180559.54	181339.48	181831.73	182097.03	182767.82	183834.59	185162.67	186420.04	187280.02	188098.77	188786.76	189719.51	190571.8	191602.28	192589.98	193551.51	194382.61	195318.07	196355.97	197067.27	197273.65	197234.65	197248.87	197462.9	197851.76	198303.32	199003.51	199722.33	200805.07	202195.47	203694.12	204823.3	205722.67	206474.65	207179.29	207449.22	207658.57	208434.76	209894.96	212442.36	215367.54	218419.81	220776.79	222839.34	225065.3	227795.74	231016.28	234607.47	238413.83	241103.06	242312.68	242428.16	242886.72	244772.89	247658.9	252037.36	256539.12	261302.67	265897.13	270376.79	274110.78	276170.98	276861.41	276755.46	276789.9	276518.78	276432.04	276155.25	275460.5	274872.84	274899.58	276411.72	278369.6	280199.4	281377.13	281165.59	280077.11	278694.87	277407.05	276660.44	276583.35	277525.5	278560.31	278788.2	278080.47	276944.63	275648.55	274560.8	272979.09	271655.73	270790.1	270405.83	269989.28	268719.46	267229.05	265507.25	264478.1	263792.61	263555.45	263010.16	261791.21	260472.38	259231.12	258642.72	258393.59	258494.53	258604.9	258340.7	257812.03	257219.09	256924.92
78217	8886.6	92179.88	92280.46	92314.28	92414.99	91943.97	91343.5	90615.08	90362.96	90201.23	90071.1	89956.11	89873.27	89734.41	89541.04	89296.4	89107.68	88989.42	88943.15	89000.93	89095.23	89160.3	89179.9	89155.45	89142.62	89103.79	89091.57	89177.67	89415.36	89725.43	90051.82	90400.61	90845.93	91299.74	91693.14	92051.32	92295.29	92407.01	92343.11	92282.37	92360.69	92674.88	93104.23	93564.92	93926.18	94235.48	94394.05	94373.14	94393.63	94858.81	95965.82	97001.63	97987.77	98553.84	99299.64	100013.98	100563.24	101272.05	101742.5	102479.2	102894.98	103189.3	103308.94	103526.49	104019.4	104638.99	105056.7	105305.49	105441.86	105624.78	105932.76	106180.51	106506.56	106641.89	106816.42	106965.94	107231.73	107745.93	108541.16	109344.62	110128.08	110978.28	112029.19	113062.25	114115.41	114975.64	115385.55	115353.07	115365.18	116047.66	117196.92	118577.39	119790.99	120907.08	121817.41	122538.72	123016.71	122879.54	122451.71	122017.04	121989.71	122159.7	122143.68	121989.91	121369.06	120655.2	120079.03	119821.73	119612.77	119200.49	118690.51	118265.28	117949.71	117683.52	117394.44	117102.85	116664.88	116203.71	115963.74	116105.33	116392.56	116640.65	116844.2	117250.07	117617.83	117941.56	117890.73	117753.94	117669.62	117491.79	117063.2	116225.38	115540.66	115111.12	114852.01	114749.97	114415.85	113874.5	112984.62	112324.68	112048.31	112143.06	112185.4	112283.49	112188.86	112141.61	112268.12	112868.45	113623.49	114289.24	114790.1	115126.19	115382.81	115298.1	115339.51	115288.53	115413.0	115827.14	116458.65	117294.23	117853.67	118474.1	119070.0	119709.92	120229.33	120650.5	121093.03	121460.56	121841.35	122559.64	123638.23	124980.8	126131.52	127183.94	128144.44	129048.03	129777.96	130192.74	130445.85	130877.81	131664.9	132718.31	133777.82	134741.31	135626.62	136581.96	137640.96	138821.14	140158.85	141241.62	142061.26	142693.59	143526.07	144592.13	145661.64	146409.89	147197.64	148045.73	149143.76	150062.8	150973.83	151979.43	153019.21	154032.34	154911.87	155975.55	156932.75	158050.3	159069.31	160113.62	160992.55	161674.17	162351.69	162850.6	163409.01	164095.09	165224.08	166491.47	167571.9	168443.02	169161.92	169938.44	170775.63	171770.59	172682.48	173433.6	174193.72	175055.84	176098.47	176787.75	177113.08	177121.51	177196.4	177521.72	178048.46	178617.31	179253.17	180000.1	181037.4	182196.12	183354.64	184554.97	185897.28	187109.48	187906.79	188303.56	188644.01	189455.95	190617.62	192487.3	194724.2	197329.9	199737.32	202085.1	204669.96	207742.17	211013.93	214395.2	217728.64	220352.93	221627.76	221890.01	222224.76	223758.47	226325.33	230479.97	235477.05	240967.22	246104.11	250512.51	254190.74	256674.67	257728.83	257674.94	257505.25	257456.74	257552.26	257388.7	256690.31	255873.22	255376.57	255900.83	256970.43	257877.1	258529.77	258438.88	257819.75	256568.51	255079.48	253939.24	253529.62	254014.11	254729.69	254916.6	254607.52	253619.27	252662.35	251587.08	250574.91	249596.95	248891.92	248278.4	247540.79	246186.35	244772.06	243511.34	242782.33	242203.17	241687.05	240957.59	239729.62	238549.65	237545.42	236912.36	236245.3	235681.94	235098.43	234283.65	233226.11	232228.96	231768.18
78242	8886.6	60616.91	60717.28	60737.05	60855.7	60750.76	60635.34	60507.91	60517.19	60629.83	60668.94	60714.04	60671.75	60544.77	60415.93	60228.57	60038.6	59817.52	59607.39	59478.1	59303.44	59067.58	58808.87	58553.0	58412.06	58295.68	58249.16	58264.74	58428.21	58665.15	58855.23	59038.19	59301.89	59591.92	59879.48	60156.81	60349.59	60493.73	60574.5	60621.83	60531.95	60520.71	60623.67	60775.39	60892.88	61034.17	61245.6	61336.79	61498.82	61850.92	62593.19	63327.74	64326.26	65227.71	66261.77	67054.76	67585.79	68091.91	68433.06	68867.59	69122.13	69237.14	69344.13	69451.43	69743.31	70023.22	70284.31	70406.73	70588.1	70849.94	71400.65	71866.4	72336.79	72592.13	72932.98	73323.33	73755.48	74211.07	74649.01	75202.63	75604.93	76057.95	76428.17	76957.99	77639.32	78309.11	78721.76	78793.14	78727.12	79026.64	79377.0	79727.75	79937.72	80273.11	80791.53	81291.66	81527.57	81074.14	80532.75	80090.91	80167.55	80255.64	80274.66	80041.22	79714.56	79493.83	79508.44	79544.75	79427.32	79031.64	78287.79	77472.89	76878.63	76813.79	77035.7	77461.1	77101.53	76667.58	75800.34	75552.16	75364.82	75270.26	75089.78	74819.14	74693.77	74733.74	74677.11	74662.88	74791.26	75003.74	75314.68	75203.62	74875.49	74291.64	73592.75	72898.46	72329.86	71953.33	71682.47	71140.23	70181.52	68861.47	67710.43	66801.08	66118.92	65526.89	64976.88	64702.94	64409.1	64429.14	64538.28	64815.56	64949.48	64724.88	64113.9	63524.87	63155.99	63438.49	63632.66	64278.55	64829.24	65612.36	66245.85	66763.49	67260.3	67530.3	67676.81	67734.97	67813.39	68109.61	68505.24	69167.5	70072.23	71262.77	72388.96	73333.97	73835.44	73852.45	73536.05	73565.35	74169.96	75255.16	76386.19	77504.54	78549.56	79628.33	80626.68	81498.44	82430.17	83577.6	84838.17	86125.18	87249.22	88514.66	89993.99	91472.05	92722.57	93370.35	93715.97	93900.62	94281.27	94661.51	95068.21	95726.6	96558.76	97873.63	99174.04	100419.29	101230.9	101802.84	102493.83	103411.95	104603.1	105510.96	106280.56	107142.79	108396.73	109689.55	111006.46	112695.6	114362.8	115536.72	116257.94	116988.33	117945.13	119151.58	120371.87	121648.25	122846.36	123586.17	123716.16	123456.68	123257.61	123412.46	123596.88	124160.12	125091.69	126290.67	127627.13	128946.97	130191.34	131460.4	132821.6	134196.08	135249.69	135801.64	135927.36	136220.13	137018.9	138649.09	140792.16	143259.85	145593.56	147989.84	150612.83	153421.47	155638.27	157099.55	158576.79	159609.51	159598.37	158520.11	157889.88	158619.95	160479.71	164089.85	168900.35	173985.11	178106.55	180958.91	183638.9	185364.27	186020.8	185285.16	184685.05	184309.19	183875.11	182628.53	180745.24	179101.53	178322.64	178484.72	178826.86	178620.55	178178.8	177290.81	176448.81	175348.85	174363.38	173517.36	173153.26	173610.02	174710.98	175778.23	176077.36	175182.78	173934.89	172671.38	171538.07	170309.86	169486.23	169107.1	168803.44	167813.69	166309.83	164817.13	163791.45	163494.29	163319.15	162927.2	161454.97	159521.79	157930.21	157468.62	157717.27	157689.23	157314.63	157081.27	156890.55	156456.49	155839.78
78239	8886.6	93081.06	93048.65	93082.97	93188.6	92828.67	92272.53	91583.87	91338.49	91150.99	90962.17	90774.89	90712.49	90554.41	90284.74	89830.33	89442.8	89220.6	89165.16	89190.68	89256.5	89336.65	89416.49	89455.33	89407.09	89277.94	89199.37	89321.29	89634.86	90016.26	90334.66	90664.78	90975.62	91212.26	91398.08	91557.08	91784.14	91926.59	91984.26	91928.41	91986.88	92289.85	92797.64	93302.44	93702.67	94032.89	94390.45	94654.43	94969.43	95538.26	96480.64	97482.03	98509.65	99246.81	99918.23	100452.78	100907.59	101572.82	102085.15	102735.8	103272.86	103717.87	104136.11	104316.38	104614.92	105045.34	105492.82	105805.34	105932.96	106204.13	106637.39	107016.29	107251.51	107344.93	107466.75	107765.56	108153.65	108724.79	109513.76	110442.0	111350.64	112060.3	112966.89	113861.59	114844.46	115372.61	115476.39	115413.0	115457.46	116051.19	116527.34	117105.59	117589.62	118236.45	118745.76	119137.95	119405.81	119198.22	118750.44	118243.87	118066.35	117967.18	117806.84	117487.57	116793.82	116004.94	115310.05	114794.57	114220.32	113565.22	112922.07	112444.13	111920.48	111404.82	110851.51	110455.41	109695.82	108971.08	108270.92	108274.99	108360.84	108639.09	108744.56	108934.38	109054.23	109172.72	109195.97	109345.65	109762.05	110077.66	109908.15	109197.2	108478.22	107850.59	107357.73	107040.33	106665.95	106241.12	105205.95	104229.64	103189.05	102766.08	102553.29	102627.11	102525.14	102246.95	102123.18	102364.98	103010.22	103675.83	104280.43	104635.07	104847.98	104751.02	104578.92	104274.38	104046.04	104206.37	104620.47	105363.86	106058.37	106824.49	107734.83	108581.91	109397.0	109835.23	110389.68	110899.47	111614.62	112574.52	113750.61	115004.86	116084.17	116967.35	117838.79	118550.13	119266.59	119637.79	120009.68	120527.41	121393.89	122599.51	123967.03	125220.53	126107.01	126693.29	127418.9	128175.53	129172.43	129999.7	130954.13	131782.0	132875.76	134118.02	135488.43	136345.19	136999.99	137434.29	138050.05	138532.23	139215.9	139979.89	140859.61	141658.94	142476.6	143512.19	144545.95	145568.6	146451.99	147268.45	148162.6	148971.66	149883.45	150615.51	151425.1	152319.1	153338.35	154318.49	155060.12	155844.01	156613.01	157513.04	158533.14	159700.36	160726.88	161500.28	162074.42	162805.37	163619.74	164348.77	164680.75	164747.37	164842.51	165267.6	166052.77	166926.63	167818.27	168733.8	169733.38	170785.13	171801.4	172782.5	173779.47	174666.58	175254.34	175675.79	176050.57	177031.92	178359.92	180362.62	182642.39	185190.96	187490.24	189743.84	192213.33	195125.08	198209.14	201471.89	204846.42	207711.23	209544.29	210634.8	211791.85	213833.1	216555.83	220633.45	225274.3	230375.23	235301.81	239753.67	243624.78	245859.46	246639.08	246030.19	245388.7	244742.64	244242.63	243529.28	242273.03	241055.81	240379.82	240629.29	241290.47	241701.58	241993.77	241713.32	240879.35	239408.2	237565.34	236113.96	235431.75	235654.12	236051.68	236069.0	235834.15	235050.25	234357.01	233358.58	232315.54	231093.23	230363.29	229837.36	229510.27	228766.71	227796.88	226561.21	225459.57	224629.29	223703.95	222694.51	221487.63	220679.45	220015.7	219632.67	219497.18	219432.52	219072.64	218280.26	217060.57	215670.51	214390.25
78238	8886.6	82472.68	82561.93	82644.67	82794.18	82540.65	82157.08	81776.59	81784.69	81907.41	82034.94	82076.89	82028.77	81832.62	81604.79	81358.64	81222.66	81112.03	81052.78	80880.32	80774.64	80589.96	80528.1	80424.47	80470.77	80489.04	80569.59	80679.4	80948.62	81302.41	81647.83	81965.94	82228.92	82533.46	82769.43	83118.57	83414.36	83559.69	83475.89	83339.97	83427.97	83795.27	84299.91	84815.06	85313.23	85747.69	86064.87	86063.62	86009.73	86337.13	87309.36	88370.4	89511.22	90455.23	91603.71	92587.35	93306.68	94118.5	94766.4	95573.12	96049.59	96439.68	96648.71	96853.98	96994.34	97153.68	97166.03	97124.01	96985.17	96849.79	97053.23	97280.04	97785.73	98194.47	98818.46	99311.03	99921.76	100650.35	101695.65	102950.96	104130.5	105033.67	105609.39	106207.29	106945.04	107401.27	107298.84	107278.53	107406.63	108262.44	109047.97	110018.24	110831.86	111740.79	112677.14	113607.9	114500.14	114850.28	114825.72	114578.4	114585.8	114671.53	114540.29	114243.08	113635.2	112971.96	112298.03	111870.7	111450.14	110932.31	110272.26	109765.55	109436.53	109310.03	109157.08	109045.26	108409.33	107754.87	107170.35	107154.59	107224.59	107541.97	107864.38	108246.21	108395.23	108430.43	108253.74	108031.3	108013.13	107939.56	107583.68	106731.56	105870.49	105230.92	104759.84	104579.06	104301.27	103972.49	103320.86	102802.89	102342.82	102144.33	102120.52	102257.14	102227.54	102125.64	102207.59	102673.58	103246.48	103747.8	104113.98	104275.52	104421.88	104473.36	104510.45	104498.68	104540.92	104922.64	105540.96	106270.12	106841.13	107303.25	107863.78	108341.0	109035.91	109694.81	110500.73	111085.93	111555.69	112381.61	113475.82	114775.61	115867.38	116760.02	117529.94	118131.82	118690.29	119152.47	119625.21	120184.07	120924.81	121954.95	123214.22	124458.48	125556.86	126423.2	127307.0	128068.48	129015.67	129928.9	130947.83	131850.45	132779.85	133708.77	134623.86	135246.21	135970.84	136738.29	137696.66	138577.34	139556.8	140515.16	141445.77	142272.92	143168.08	144193.75	145148.15	146150.24	147029.09	147860.22	148616.16	149223.4	149824.16	150327.06	151067.6	152031.37	153148.47	154160.54	154954.41	155677.3	156360.05	157211.04	158079.57	159028.53	159768.92	160410.75	160947.28	161669.73	162718.75	163484.32	163793.84	163788.94	164092.08	164744.3	165568.53	166301.46	167058.24	167753.22	168495.56	169309.58	170238.26	171289.32	172410.18	173331.79	173907.82	174094.88	174321.72	175088.54	176478.38	178561.25	181006.92	183539.64	185772.82	187845.25	190131.54	192935.4	195919.78	199006.52	202050.24	204195.08	205069.09	204944.67	205143.9	206515.75	208731.78	212718.08	217437.78	222702.91	227574.32	231967.15	235773.94	238220.25	239271.56	239126.99	238675.09	238032.35	237683.41	237186.35	236287.43	235334.34	234786.74	235247.07	236037.52	236717.2	237372.96	237375.31	236765.86	235568.06	234193.38	233485.5	233376.5	234233.54	235162.51	235602.6	235491.67	234556.78	233519.43	232448.57	231396.72	230295.0	229507.72	228905.96	228265.67	226945.63	225360.42	224061.5	223402.4	223410.3	223581.06	223673.73	223636.85	223363.58	223087.72	222786.56	222740.14	222785.75	222816.2	222888.34	222632.42	222172.78	221515.79
78212	8886.6	102240.13	102242.97	102113.04	101917.26	101218.55	100583.32	99906.36	99772.74	99813.31	100086.08	100376.27	100611.12	100864.47	100896.78	100849.4	100614.45	100794.33	101221.91	101813.43	102103.19	102097.68	101889.31	101651.97	101390.92	101204.32	101200.34	101363.0	101732.67	102184.41	102696.54	103056.87	103284.66	103246.82	103090.03	103190.07	103559.01	104047.89	104227.83	104269.56	104370.7	104404.57	104557.49	104735.95	105275.06	106025.98	106755.93	107241.1	107656.07	108589.83	110022.28	111270.5	112359.58	113191.87	114108.87	114962.64	115531.16	116344.86	116800.87	117281.19	117320.13	117342.48	117534.74	117890.37	118350.36	118949.3	119544.53	119988.83	120195.58	120421.46	121080.07	121829.23	122581.04	122921.72	123257.47	123667.97	124000.89	124514.45	125113.86	126161.83	127415.9	128605.93	129746.86	130546.87	131493.66	132152.62	132528.25	132515.58	132494.57	132983.79	133800.91	134548.92	134885.45	134597.41	134471.52	134354.76	134855.96	134908.68	134893.61	134732.25	134887.04	135183.37	135124.15	135150.86	134493.68	133876.26	133169.5	133124.39	133316.23	132906.96	132053.89	131229.99	130833.21	130401.61	129773.06	129085.35	128532.59	128256.83	128274.5	128499.16	128549.48	128207.55	127730.34	127373.22	127497.53	128064.77	128495.81	128991.45	129217.84	129335.96	129040.98	128624.15	128116.04	127443.09	126486.16	125618.57	124719.97	123971.28	123009.51	122411.85	121994.39	121941.46	121690.61	121681.72	121504.56	121670.91	121936.54	122673.76	123431.58	124270.56	125234.6	126380.94	127393.88	127687.42	127690.75	127408.38	127577.58	128288.98	129378.07	130785.96	132268.4	133610.63	134626.75	134632.9	134562.91	134264.63	134713.52	135189.88	136091.42	137345.71	138922.8	140833.2	142898.31	145436.93	147846.65	150430.69	152059.01	153429.2	154232.95	155522.13	156894.93	158846.38	161497.35	164600.25	167379.1	169765.36	171895.61	174335.41	176995.33	179294.2	181170.04	182399.6	184305.65	186637.0	189621.09	191708.31	193625.06	195662.46	198289.25	200747.63	202723.11	204544.09	206075.7	207886.53	209759.95	212181.16	215144.93	218459.88	221388.45	223030.35	224519.0	226017.94	227548.19	228043.56	228514.91	229351.05	231406.15	233583.58	235567.53	237598.81	239699.26	241889.63	243680.22	244430.79	244896.5	244784.0	245185.84	245600.61	246182.6	245655.33	243957.6	242038.97	240638.07	240188.76	240000.25	240035.18	240653.81	241813.05	243935.09	246307.93	248510.4	250716.38	252805.4	254737.69	255647.44	255622.26	255139.18	255347.54	256455.85	258871.13	261710.78	265018.36	267663.25	270271.59	273452.95	277611.2	282175.64	286442.2	289876.92	292404.74	293530.41	294035.36	294622.65	296737.17	299541.34	302716.19	304913.28	307259.39	310042.35	313194.6	315683.07	316302.23	315419.79	313887.17	313071.57	312437.59	311106.53	309720.52	307746.56	305696.1	303586.54	302523.54	302564.65	302406.9	302015.57	301100.99	300517.57	299888.27	298860.53	297959.42	297784.46	299283.89	301263.59	302412.1	301732.08	299346.87	296391.63	293866.65	292150.38	290600.0	289846.02	289532.55	290157.14	289926.03	289036.18	287391.39	285971.18	284910.99	283924.94	283147.54	282333.14	282377.84	282841.16	283725.37	284389.68	284652.95	284300.03	283070.42	282079.54	281110.94	281042.58
78259	8886.6	176344.08	176488.44	176682.36	177035.83	176334.25	175102.49	173660.48	173068.16	172924.86	173093.55	173497.42	173834.46	173726.79	173438.5	173010.11	172678.88	172483.85	172466.86	172617.19	172869.34	173065.42	173171.75	173212.91	173474.81	173817.67	174065.97	174119.04	174431.62	174915.85	175542.42	176055.51	176580.57	177021.24	177370.79	177748.79	177861.06	177767.59	177416.56	177267.79	177539.43	178150.96	178888.38	179600.52	180282.38	180901.2	181229.6	181131.56	181159.89	181956.13	183958.6	185837.78	187578.03	188562.23	189854.02	190679.89	190780.62	190933.61	191059.41	191885.86	192554.47	193291.58	193946.09	194306.96	194431.07	194607.42	194912.38	195510.57	196295.43	197198.78	198289.04	199146.78	199972.37	200429.7	200723.15	201263.48	202268.59	204058.15	206102.51	208452.73	210492.88	212074.4	213267.86	214458.27	216038.99	217238.13	217508.93	217239.86	216813.09	217427.99	218444.17	219829.71	220793.25	221177.1	221234.22	221019.86	220998.3	220220.63	219165.35	218069.37	217577.37	217283.19	216814.15	216239.62	215246.46	214013.94	212863.51	212067.4	211384.38	210789.25	210078.9	209622.77	209112.83	208590.08	207642.73	206544.49	205269.33	204309.22	203573.58	203268.3	202875.47	202758.64	202867.74	203508.85	204235.49	205020.07	205460.73	205691.76	205903.48	206151.96	205907.14	205133.01	204212.9	203653.16	203170.43	203128.05	202932.82	202776.38	202079.74	201589.87	201078.48	200826.08	200810.23	201065.31	201114.83	200976.17	201228.91	202227.32	203545.64	204604.78	205372.9	205849.45	206741.54	207706.05	208767.17	209415.2	209722.94	210423.56	211165.5	212274.49	213099.08	214076.7	214980.06	215638.12	216580.54	217959.65	219817.78	221322.3	222310.14	223396.36	224725.29	226165.69	227244.63	228061.49	228659.41	229235.54	230040.66	231111.71	232183.18	233213.3	234307.3	235855.73	237661.36	239436.98	240766.82	241933.32	243008.85	244274.61	245637.48	247011.6	248435.48	249714.56	250954.15	252281.1	253412.85	254120.0	254707.61	255456.0	256483.93	257230.26	257811.62	258288.17	258855.62	259733.71	260949.21	262359.35	263726.67	265110.21	266597.23	267773.38	268827.53	269491.31	270049.13	270298.59	270692.01	271303.24	272500.98	273663.76	274468.46	274988.16	275474.33	276189.94	276936.72	278086.6	279210.45	280072.12	280696.22	281319.36	282210.56	283022.46	283833.55	284435.18	284978.91	285277.23	285594.31	285833.17	286122.49	286509.35	287072.09	288027.43	289080.1	290419.46	291836.19	292996.71	293527.08	293676.08	294113.55	295087.03	296794.15	299431.87	302703.84	306396.79	309917.27	313458.91	317259.26	321515.6	326199.94	331526.21	337276.7	343121.39	348205.75	352360.57	356017.01	359955.08	364577.47	370978.1	378485.12	387021.9	395276.94	402849.33	408742.53	412336.87	413260.93	412610.86	411959.4	411562.11	411735.38	412768.64	413586.32	414006.36	413346.29	413534.7	414668.39	415762.51	416388.07	415635.57	414396.2	412682.7	411195.51	410160.01	410049.33	410961.32	412220.53	412788.42	412432.44	411027.86	409840.5	409214.15	409414.07	409710.68	410007.57	409537.81	408673.15	407040.55	405381.59	403595.32	402023.05	401128.22	401300.84	402224.65	403351.94	403986.01	404333.07	403709.54	402981.0	401918.93	401345.41	400900.14	400906.62	401338.75	402262.94
78261	8886.6	196940.07	197699.13	198149.56	198875.94	197669.12	196054.85	194180.7	194303.5	194080.08	193712.89	192938.65	192595.29	193273.4	194167.8	195229.72	195397.15	195266.09	194882.39	194318.24	193696.39	193644.08	193948.35	194171.36	194120.84	194759.55	195127.94	195799.98	196389.43	197330.33	198563.25	199133.74	200226.42	201009.5	201927.71	202432.8	202727.89	203460.41	204254.48	204853.31	204976.47	205127.74	205481.01	206099.37	206542.81	206767.24	206883.81	206839.49	206849.07	208165.68	211154.97	214005.84	216317.43	217468.53	218990.64	219754.18	219673.96	220008.12	220030.35	220763.13	220659.23	220968.25	221098.75	221597.22	221966.85	222753.05	223317.46	224679.44	226465.46	228877.84	232199.01	235798.8	239210.68	242012.81	244274.93	246971.19	248404.58	250041.21	251579.87	253999.4	255939.32	257426.18	258792.25	260559.24	263199.47	265564.2	266974.8	267312.81	267353.81	268257.32	269326.19	270511.28	271195.57	271887.27	272317.31	272749.59	273207.49	272862.17	272014.48	270730.5	270130.41	269666.54	269159.83	268322.58	266715.8	264841.55	262944.29	261619.86	260543.65	259483.41	258385.13	257355.06	256223.12	255352.95	254321.51	253430.41	252320.06	251336.18	250541.11	249941.71	249459.66	249649.31	250254.52	251181.56	251801.86	252191.67	252227.55	252024.52	251835.04	251564.95	250547.2	248904.44	247262.84	246713.98	246645.91	247138.07	247143.76	246887.9	246030.98	245515.31	244993.54	244828.44	244804.35	245151.97	245381.52	245527.68	245921.27	246842.29	247998.83	249140.89	249842.0	250263.1	251095.29	252175.34	253591.11	254792.35	255886.54	256939.65	257856.1	258978.62	260211.29	261698.67	263373.96	264784.26	266146.39	267543.27	269043.24	270341.7	271053.3	271851.7	272921.07	274238.87	275570.29	276900.32	278227.51	279303.63	280134.03	280887.89	281874.96	283158.88	284463.07	285545.63	286462.2	287612.03	288851.69	290215.84	291292.64	292391.88	293412.66	294401.97	295275.05	295912.29	296455.08	297048.87	297588.06	297944.39	298498.42	299176.32	299994.62	300424.59	300483.09	300251.6	300218.05	300623.18	301551.58	302578.41	303658.14	304966.35	306361.89	307240.86	307942.08	308336.44	308861.66	308906.46	308979.46	309079.18	309616.05	310065.76	310385.45	310759.12	311151.1	311777.95	312267.19	312939.69	313599.32	314102.32	314673.99	315251.84	316058.26	316510.99	317090.46	317640.8	318464.01	319055.18	319497.62	319632.89	319719.49	319914.13	320425.33	321324.44	322525.25	324081.55	325480.45	326472.09	326766.18	326807.23	326953.37	327520.74	328821.82	331090.45	333975.49	337501.74	341057.66	344903.71	348683.97	353045.59	358304.11	364797.69	371657.62	378623.95	385238.76	391578.52	397544.79	403555.98	409626.47	416261.64	423385.9	431606.62	440495.39	449244.28	456655.22	460985.14	461704.2	459797.62	457696.28	456068.12	456027.81	457440.34	458833.89	459349.04	458899.62	458564.08	458466.46	457941.27	457694.6	456404.38	454713.29	452299.68	450310.01	448322.66	447448.45	447657.48	448835.39	449702.23	449679.17	448792.91	448162.24	447949.92	448008.58	447541.95	446909.62	445700.1	444596.4	443085.82	441899.67	440403.56	439378.96	439161.4	439760.36	440837.14	441698.6	442301.75	442034.34	440718.01	439208.76	437898.39	437280.47	436550.59	435810.8	435345.89	435341.82
78015	8886.6	254444.91	254434.39	254649.73	255399.11	254911.37	254263.23	252907.25	253070.29	253429.68	253857.37	254063.2	254124.33	254462.78	255165.56	255574.68	255219.11	254311.82	253534.17	253130.05	253157.61	252894.91	253042.44	252988.6	253519.56	253916.42	254166.94	254851.0	255946.02	257402.35	258599.03	259511.86	259978.39	259865.98	259192.18	258850.36	258433.64	258542.27	258274.58	257963.87	257333.34	257137.02	257103.45	257225.45	257262.1	257009.4	256384.4	255310.27	255338.47	256790.35	260029.35	262955.24	266543.41	269318.37	272621.86	274516.67	276266.31	278706.85	281623.73	284767.4	287182.65	288816.53	289880.82	291169.65	292743.57	295190.95	297711.56	300681.26	302873.27	304456.95	306080.03	307409.39	308063.89	308429.11	309199.81	310888.31	313001.78	316016.75	319214.01	322631.44	326185.36	329671.14	333490.11	336595.91	339317.59	341075.49	341813.58	342082.5	341950.33	343324.52	344992.0	346939.81	348263.33	349858.48	351504.75	353168.47	354930.94	355479.76	355244.95	354264.19	353988.21	354336.13	355122.31	356444.34	356619.0	356367.62	355413.59	355313.45	354712.03	354219.94	352905.05	351982.17	350804.16	349757.45	347830.02	345678.22	342797.4	340621.15	338505.68	337368.77	336195.38	336070.38	336140.3	336507.48	336236.88	335989.8	334906.66	333711.47	333389.42	333685.35	333816.8	332456.45	331011.35	329959.62	329185.71	329129.57	328919.03	328801.56	328035.17	327595.48	327045.74	326476.14	326023.54	326233.56	326666.95	327265.99	328162.46	329584.12	331011.18	332621.06	333903.99	334761.37	335767.07	336982.7	338471.43	340000.01	341578.07	343500.13	344817.13	345666.09	346293.9	347363.18	349248.51	351060.67	352952.29	354788.12	356614.13	357524.67	358196.34	358870.25	360618.28	362560.08	364901.66	366656.18	368160.78	369295.54	370049.68	370886.95	371318.39	372107.5	372935.31	374412.12	376392.07	378484.15	379963.09	380986.76	381516.13	382302.18	383298.18	384147.84	385306.85	386191.2	387475.52	388502.81	389323.45	389481.39	389491.74	389356.98	389396.6	389103.69	388618.89	387808.71	387501.95	387912.48	389350.65	390939.18	392355.28	393930.72	395654.75	396895.87	397855.8	398416.26	399379.28	399698.64	399963.27	399999.39	400334.87	400672.27	400691.37	401025.31	401640.62	403073.7	404426.85	405942.64	406963.11	407811.81	408203.11	408759.83	409372.1	410350.93	412269.81	414533.11	416589.21	417138.04	417062.64	416679.48	416762.48	417407.03	418869.53	420788.83	422983.24	425656.82	428790.82	431433.73	432436.78	431873.26	431104.87	431187.36	433030.77	436605.38	441343.43	446792.23	452158.92	457742.5	463533.39	469191.93	475641.34	483821.84	493425.47	503019.59	510831.27	517707.83	523809.0	530804.49	538396.4	548271.67	559017.35	571380.1	584101.19	596517.76	606849.21	611843.49	612108.56	608918.46	606728.11	605550.46	606302.22	608296.86	609249.22	608541.77	606876.51	606104.19	605724.24	604849.6	604277.03	604101.66	603503.79	601802.16	599631.3	597173.38	596369.53	597160.23	598655.92	599195.74	598256.25	596910.55	596494.92	597071.83	598389.89	599081.05	598891.67	597537.19	596283.1	595084.64	594965.19	594080.88	593041.05	592186.08	592757.23	594355.59	595984.02	596885.4	597117.15	596087.33	594777.79	593155.53	592645.32	592334.38	593074.01	594318.45	596089.82
78252	8886.6	139438.01	139282.24	139349.01	139000.99	137739.99	135773.11	134378.85	133548.87	133337.87	134154.86	135078.27	136256.54	136086.14	135965.21	135544.44	135245.8	135447.45	136148.15	135847.36	135009.68	132959.68	132142.34	131456.89	131401.12	130452.59	130165.33	129519.9	129744.51	129470.82	130055.86	129462.65	129030.49	127891.51	127858.96	128585.77	129857.76	130243.91	129786.15	129281.74	129271.01	130124.94	130849.31	132281.26	133228.79	134250.53	134259.63	134144.76	134277.69	135475.21	137265.08	138594.61	140436.91	141951.15	143087.38	144311.01	146792.21	150665.15	153122.11	153439.51	152413.22	151519.31	151350.78	151303.94	151543.28	151617.29	151338.11	151402.51	150795.94	150478.14	150557.81	150895.56	152936.74	153930.57	156000.39	156339.43	156322.34	155554.22	155895.57	157206.16	158246.48	159064.7	159987.61	161304.71	163044.92	164647.02	165769.97	166001.85	166165.35	167137.69	168570.35	170104.76	171230.98	172106.37	172622.58	173279.56	173545.87	173342.41	171899.1	170276.68	169015.42	168727.38	169015.58	169363.1	168440.64	166618.23	164235.16	163117.08	162176.23	161458.48	160356.93	159145.7	158232.1	156847.13	155432.05	153531.54	151737.68	149899.37	148526.37	147838.48	147581.99	147451.28	147351.04	148359.98	149718.15	151078.79	151424.95	151181.4	150851.01	150076.0	149216.25	148048.29	147013.87	146210.01	144981.96	143987.59	141875.69	139846.26	137731.99	136495.51	134828.68	132825.93	130460.64	129224.02	128164.53	128261.77	128491.76	129417.79	130193.05	131249.37	132567.89	133120.62	132911.47	131964.32	130976.62	130153.14	129078.06	128297.74	127617.06	127733.63	128088.86	128856.24	129734.32	130541.21	131644.31	132487.1	133564.28	134176.21	134566.79	135127.61	136172.39	137913.99	139714.14	141507.06	143003.39	143970.75	144784.5	145279.58	146017.04	146619.55	147259.17	147941.47	148601.26	149635.21	150603.98	151466.01	152137.65	152850.11	154241.21	155862.06	157558.94	158670.15	159696.11	160294.79	160637.28	160646.15	160900.15	161264.24	161628.87	161964.22	162562.82	163342.96	164281.45	165112.69	165732.11	166128.39	166164.93	166175.27	166201.92	166402.09	166838.77	167357.1	168098.11	168848.67	169894.5	170864.03	171730.98	172176.68	172396.33	172625.71	172960.37	173465.33	173941.52	174741.96	175756.1	176998.3	178230.63	179343.33	180370.52	180991.21	181513.12	181840.69	182238.82	182546.58	182813.47	183140.42	183834.96	184806.86	186049.55	187147.42	188257.89	189150.66	189731.05	190039.33	190155.31	190235.16	190366.71	190824.32	191692.51	193057.28	194912.85	197437.64	200017.05	202369.12	204246.32	206264.2	208780.14	212037.3	215903.9	220538.16	225451.9	230211.51	234157.92	237969.1	241800.93	245969.78	249825.96	253888.3	257947.6	262049.78	265836.28	268663.07	269934.04	269659.8	268723.45	267610.8	267015.58	266697.19	266020.61	265026.31	264114.65	263742.05	263797.94	263582.19	263407.73	262695.82	261778.2	260550.08	259026.22	257762.86	256830.72	256376.76	256184.3	256071.14	255938.94	255324.06	254748.48	253966.92	253257.0	252569.72	252177.98	251936.32	251731.2	251294.25	250896.34	250422.87	250126.59	249805.96	249577.44	249454.37	249344.41	249235.77	249134.49	249079.57	249147.0	249133.61	248820.25	248065.71	247054.42	246112.93	245326.4
78148	8886.6	106411.58	106564.56	106660.89	106809.49	106485.44	106037.51	105621.24	105618.09	105649.68	105624.0	105496.02	105339.63	105046.05	104706.08	104394.29	104251.01	104352.25	104535.79	104753.61	104864.92	104799.4	104665.26	104536.76	104623.78	104713.12	104716.34	104688.18	104811.99	105161.08	105634.48	106211.15	106808.25	107558.51	108377.16	109129.22	109562.94	109716.43	109856.99	109811.76	109781.85	109744.42	109941.11	110272.75	110723.75	111186.86	111350.15	111135.41	110982.94	111347.0	112400.97	113574.63	114948.22	116183.13	117654.91	118786.17	119544.72	120466.46	121359.97	122618.26	123386.34	123984.94	124295.06	124551.47	124920.55	125361.94	125377.94	125370.11	125247.71	125244.4	125342.01	125359.39	125612.05	125583.86	125715.94	126153.39	126820.49	127849.76	128935.05	130264.32	131773.71	133648.86	135655.27	137413.71	138609.41	139139.65	138995.59	138506.3	138091.18	138345.74	138946.84	139613.38	139580.91	139040.91	138396.72	138041.72	138354.46	138441.38	138278.27	137731.12	137368.99	137329.35	137389.63	137559.51	137754.14	137870.92	137901.31	137753.15	137477.75	137187.9	136781.38	136691.43	136637.34	136679.05	136481.77	136076.36	135330.8	134534.22	134000.32	133942.48	133949.81	134119.96	134202.6	134335.2	134339.93	134547.41	134555.57	134575.11	134469.79	134454.69	134000.59	133194.17	132391.52	132033.51	131969.24	132197.14	132095.54	131617.82	130808.72	130199.22	129721.59	129340.83	128982.7	128998.92	129038.2	129092.4	129289.89	129877.22	130723.46	131481.96	132050.37	132342.69	132587.82	132738.29	133094.37	133485.12	133858.8	134472.72	135225.46	136046.68	136584.05	136910.9	137387.81	137974.37	138765.59	139620.4	140618.3	141348.33	141863.93	142460.41	143476.45	144710.03	145853.01	146708.19	147463.51	148197.16	148792.14	149195.63	149451.3	149943.48	150569.46	151402.54	152418.28	153476.25	154468.64	155247.16	156079.9	156994.02	158201.78	159413.8	160592.73	161398.02	162264.25	163157.73	164319.03	165154.11	165998.1	166845.98	167954.8	168978.45	169781.07	170398.45	171000.23	171774.89	172731.69	173800.1	174643.84	175486.96	176071.22	176664.73	177223.45	177698.98	178099.89	178349.27	178972.4	179924.27	181168.34	182225.81	182984.33	183627.63	184341.77	185263.87	186217.55	187363.79	188521.52	189547.53	190210.6	190778.95	191351.83	191972.95	192504.85	192974.57	193568.43	194279.37	195077.97	195660.48	196387.71	197290.36	198420.54	199620.98	200922.58	202286.14	203616.89	204717.58	205435.7	205699.8	206014.0	206876.25	208337.82	210419.36	212837.42	215771.36	218537.46	221435.16	224059.69	227014.74	230058.33	233673.02	237410.62	240885.63	243583.61	245693.36	247730.31	250427.87	253766.38	258326.88	263360.24	268596.34	273572.7	278062.49	282086.39	284732.78	286009.03	285802.72	285453.0	284933.99	284556.39	283974.05	282829.61	281642.25	280644.46	280862.49	281810.26	282774.86	283556.89	283604.6	282991.66	281929.38	280725.22	279887.9	279544.77	280237.16	281262.21	281935.19	282106.26	281824.59	281516.19	280797.44	279982.51	279033.55	278582.95	278216.74	277985.54	277016.79	275745.47	274120.29	272773.45	271781.54	270848.0	269770.71	268418.06	267408.66	266818.66	266553.14	266471.09	266413.11	266264.26	265795.33	265243.59	264603.36	264200.74
78220	8886.6	54436.99	54600.07	54695.84	54879.42	54642.83	54293.54	53878.48	53849.75	53917.34	53956.55	54028.11	53954.6	53807.24	53438.01	53094.77	52876.44	52860.81	52940.2	52962.2	52819.33	52686.22	52535.19	52336.35	52054.86	51811.9	51797.49	51980.03	52274.87	52358.6	52370.77	52368.13	52595.95	52913.44	53379.07	53903.2	54274.18	54480.63	54461.67	54490.16	54513.58	54762.23	54934.76	55086.04	55168.52	55269.72	55248.04	55093.55	55025.5	55348.62	55985.44	56614.27	57310.13	57925.63	58700.1	59517.42	60365.07	61110.04	61611.75	62038.71	62490.21	62827.31	63101.35	63253.04	63258.29	63127.41	62781.08	62326.07	61866.4	61837.09	62320.17	62729.61	63016.64	63051.81	63371.54	63710.59	64138.29	64538.32	65006.32	65626.64	66222.91	66876.23	67312.51	67751.99	68030.64	68215.75	67937.45	67400.79	66820.58	66760.58	67027.12	67456.15	67656.0	67643.22	67848.53	68210.09	68780.91	68966.95	69097.99	69163.88	69353.33	69811.41	70200.29	70384.19	69916.9	69217.01	68547.0	68275.28	68241.38	67855.13	67010.16	66261.69	66205.99	66647.17	66762.4	66453.16	65380.89	64757.58	64141.37	64382.59	64459.68	64688.83	64629.7	64658.29	64918.28	65318.01	65636.53	65815.44	66165.54	66338.81	66307.01	66069.54	65627.87	65038.93	64308.23	63993.67	63753.96	63310.72	62631.66	62232.04	62117.18	62191.83	62115.57	61904.15	61494.8	60959.97	60547.89	60409.12	60496.87	60827.56	61176.26	61629.83	61883.63	61736.03	61223.46	60582.85	60021.02	60104.08	60273.39	60708.64	60971.01	61318.69	61728.79	62061.24	62692.2	63022.7	63432.12	63610.77	64136.89	64770.41	65491.17	66165.23	66850.71	67758.55	68715.95	69553.05	69883.82	69807.42	69777.58	70030.54	70848.95	71844.71	72973.79	74049.4	75266.58	76430.73	77607.15	78560.13	79563.02	80193.74	80639.63	80789.49	81200.85	82042.23	83152.31	83985.1	84396.37	84876.23	85670.2	86468.16	87243.22	87964.06	88988.98	90089.0	91206.71	92377.72	93615.67	94772.09	95595.27	96046.74	96577.27	97293.83	98439.71	99451.33	100364.87	101028.45	101978.28	103096.41	104543.0	106316.17	107990.86	109269.96	110143.36	110906.19	111710.7	112452.45	113417.51	114412.03	115741.06	116654.03	117413.92	117909.15	118462.44	119277.42	120165.7	121270.74	122214.33	123073.24	124218.31	125644.95	127230.73	128806.25	130554.93	131993.18	133026.31	133429.68	133755.38	134434.88	135669.08	137572.52	139774.77	142193.19	144411.93	146423.04	148697.82	151413.91	154094.86	156335.21	158509.45	160129.13	160653.38	160342.25	160427.01	161931.27	164195.54	168051.21	172818.39	177801.93	181616.11	184295.1	186578.11	188076.26	188355.86	187452.18	186764.3	186465.48	186149.19	184757.13	182578.6	180627.02	179927.55	180108.22	180639.35	180614.51	180214.97	179107.34	177750.18	176562.43	175588.73	174737.32	174186.85	174438.35	175576.76	176581.62	177095.58	176306.17	175238.48	173634.82	172043.04	170138.48	168856.91	168024.81	167310.25	165768.9	163718.17	161800.27	160337.71	159502.8	158216.82	157011.48	155313.71	154242.57	153512.52	153593.59	153970.26	153803.44	153169.31	152626.74	152453.9	152380.47	152511.43
78255	8886.6	237800.57	238302.67	238542.66	239343.27	238929.22	238364.9	237213.49	237114.76	237339.73	236990.49	236290.15	235326.81	235400.37	235705.45	235762.39	234923.83	233349.09	231353.45	229902.68	229351.34	229385.14	229419.08	229236.91	229228.23	229643.16	230212.78	230989.96	231564.25	232235.97	232992.48	233389.18	233727.21	233945.03	234126.81	234312.79	234093.47	234162.49	234202.36	234153.9	234426.83	235350.2	236822.62	238332.06	239070.91	239404.38	239167.29	238523.86	238027.8	239105.45	241574.97	244089.92	246272.47	247653.38	249509.2	250856.97	252153.27	253909.07	255549.08	257467.5	259220.66	260895.95	262452.87	263648.0	264875.07	266392.87	267799.86	269696.27	271513.71	273925.89	276279.04	278189.0	279028.65	279664.09	280256.67	281406.04	282611.84	285098.13	287655.61	290389.05	292389.22	294843.35	297774.3	301149.8	304336.67	306199.79	306604.11	306777.64	307310.14	309340.88	311436.45	313259.85	314879.52	316288.26	317716.08	318616.13	319180.11	318898.02	317953.74	317003.06	316434.99	315939.28	314961.16	313694.9	311114.47	308142.61	305359.38	303652.46	302215.06	300918.79	299474.52	298738.2	298167.36	298084.4	297141.02	295858.33	294049.5	292608.12	291059.34	290024.52	289094.42	288894.84	288843.81	289125.57	289299.18	289423.34	289325.93	288873.73	288543.04	288082.84	287415.62	285881.81	284327.4	283401.51	282856.71	283054.38	282769.24	282373.91	281158.7	280104.58	278997.43	278144.16	277707.89	278268.36	278836.02	279671.4	280853.31	282858.52	285021.22	286997.07	288487.32	289329.05	290445.28	291611.29	293328.26	294940.69	296625.3	298577.89	300124.54	301494.69	302222.46	303114.06	304434.81	305966.78	307786.45	309206.31	310710.58	311622.29	312700.12	313971.95	315955.48	318025.81	320023.69	321777.75	323389.69	324422.05	324770.74	324830.02	324998.74	325481.49	326441.2	328002.83	329947.0	331794.91	333153.79	334093.57	334680.94	335229.19	335950.86	336837.01	337995.2	339114.49	340423.66	341880.07	343207.95	343707.97	343847.43	343927.33	344367.9	344809.59	344981.71	345005.43	344959.26	345518.19	346670.95	348239.61	349849.29	351457.99	353007.01	354146.26	355079.6	355674.35	356333.94	356512.04	356932.11	357538.2	358831.78	359824.39	360336.58	360840.04	361879.85	363224.89	364543.95	365876.52	367188.89	368316.5	369114.51	369802.12	370612.31	371165.4	372141.18	373070.22	374284.02	374902.2	375434.47	375731.3	376348.41	377166.45	378158.69	379158.89	380368.25	381951.27	383763.64	385252.52	386014.38	385987.01	385946.56	386536.49	388386.18	391727.33	395867.32	400654.05	404978.36	409410.84	414046.8	419350.93	425441.81	432693.63	440772.8	449612.51	457794.37	464931.04	470565.44	476244.63	482351.17	490503.13	499541.36	510042.95	521137.8	531831.67	540518.17	545007.66	545881.22	544242.31	543300.16	543158.06	544700.48	547772.65	550336.73	551906.53	551236.88	551207.68	551888.21	553086.26	554523.59	555209.29	555545.49	553989.95	551479.82	548528.95	547318.04	548370.25	550004.33	551361.7	551558.36	551096.26	550952.61	551634.04	552980.23	553459.43	552962.95	551155.72	549662.36	547996.93	547566.94	547161.53	546510.6	545832.29	545336.4	545758.95	546492.64	547677.47	548483.99	548167.06	547393.34	546670.05	546542.55	546453.72	546989.02	547716.36	548822.67
78248	8886.6	222505.13	222911.42	223274.33	223917.05	222903.5	221054.41	218973.14	218634.19	218928.61	219271.18	219276.86	219185.56	219200.07	218910.03	218443.03	217645.83	217112.27	217118.7	217481.72	218037.91	218222.54	218189.65	217923.17	217676.67	217653.58	217760.91	217965.47	218349.88	218693.28	218879.18	218897.92	218984.82	219358.71	219932.51	220461.77	220799.11	220775.77	220582.74	220315.36	220078.7	220593.78	221660.27	222972.03	223633.33	223779.8	223520.22	223131.0	223001.22	224159.49	226744.41	229172.75	231415.63	232663.64	234053.53	234914.21	235545.01	236805.58	237902.93	239175.6	239693.55	240199.47	240542.29	240959.61	241377.11	242037.53	242816.23	243758.38	245032.5	246406.35	247920.98	248950.93	249916.88	250626.65	251453.63	252604.62	254225.44	256552.17	258928.83	261337.14	263351.85	265257.98	267111.83	269382.03	272023.55	274116.59	274817.83	274665.27	274426.0	275586.27	277436.5	279893.57	281374.5	282450.33	283048.29	283685.62	284183.33	283376.99	282237.19	280951.3	280586.71	280397.25	280048.35	279543.1	278735.62	277776.52	276960.08	276353.45	275703.83	274895.87	273939.82	273395.05	273104.64	272968.59	272358.21	271499.95	270256.48	269400.43	268838.62	268941.48	269070.13	269544.72	269948.56	270603.52	271085.31	271586.45	271846.94	272066.98	272343.64	272490.28	271890.65	270520.08	269007.91	268394.48	268390.76	269153.95	269288.49	269036.41	267927.94	267242.81	266900.73	266848.12	266911.08	267308.12	267594.04	267767.1	268227.6	269474.84	271082.51	272476.92	273762.8	274906.59	276405.43	277700.98	279066.9	280306.21	281310.13	282591.91	283754.42	285100.87	286316.38	287344.08	288338.78	289129.92	290205.51	291406.01	292657.93	293466.05	294206.74	295203.99	296891.74	299010.94	300998.67	302806.47	304126.57	305113.04	306048.51	306972.39	307921.78	308983.4	310374.93	312449.4	314663.59	316960.2	318702.32	320240.11	321299.74	322389.25	323330.93	324055.2	324838.76	325681.16	326729.43	328025.28	329069.8	329869.01	330566.11	331521.08	332692.66	333112.27	332981.3	332462.32	332467.79	333201.9	334589.93	336154.66	337456.81	338977.26	340761.82	342338.6	343377.22	343977.62	344424.48	344989.6	345782.11	346878.6	348275.64	349220.63	349941.22	350458.18	351122.93	352105.34	353017.38	354298.73	355307.22	356310.01	357096.82	357877.58	358681.51	359330.67	360223.83	361015.12	361785.85	362154.77	362606.57	362915.57	363473.38	364077.28	365084.43	366094.84	367262.58	368823.26	370535.28	371954.86	372252.1	371765.36	371116.58	371338.7	373006.74	376083.84	379696.67	383654.02	387227.95	391144.21	395617.21	400731.59	405948.75	411570.42	418030.02	424593.75	429726.39	433441.19	436113.04	439714.95	444008.8	450628.22	458612.31	468652.8	479564.47	489862.41	497779.82	502218.43	503471.83	502578.4	501558.81	500679.06	500890.0	501942.85	502787.27	503145.87	503204.76	504936.71	507511.34	509864.35	511504.95	512247.3	512796.8	512417.35	511754.62	511066.13	511673.96	513577.16	515570.71	516781.82	517254.82	516939.0	516545.81	516612.3	517781.36	518917.02	519974.22	519762.86	519498.09	517974.71	516626.01	514546.17	512112.8	509916.6	509151.38	509772.33	511091.6	511751.16	511899.41	510978.38	509899.28	509182.12	509072.41	509398.07	510266.08	511764.21	513632.97
78225	8886.6	47018.33	47033.29	47127.93	47310.77	47312.26	47233.68	47042.42	47082.51	47173.93	47360.52	47500.89	47562.8	47517.33	47344.82	47129.87	46861.62	46700.67	46492.09	46282.71	46008.12	45814.25	45743.26	45685.44	45629.55	45548.18	45577.34	45703.33	45975.41	46299.83	46677.16	46981.68	47241.97	47477.31	47696.63	47934.36	48065.25	48031.92	47863.99	47657.07	47580.07	47575.14	47685.36	47839.16	48109.1	48364.93	48551.61	48536.46	48507.2	48705.52	49374.49	50153.38	51033.58	51701.9	52253.8	52608.32	52855.53	53374.82	53953.84	54730.32	55312.92	55686.22	55968.09	56313.93	56828.75	57250.6	57737.73	57963.04	58225.36	58356.65	58726.66	58933.34	59116.1	59214.97	59391.58	59479.7	59622.29	59913.96	60344.84	61057.89	61672.97	62426.37	62963.41	63440.03	63825.27	64167.85	64350.61	64108.02	63645.12	63556.45	63913.94	64584.05	65083.97	65452.56	65771.22	66130.02	66479.03	66458.3	66387.98	66297.32	66562.68	66684.96	66712.44	66601.77	65933.93	65441.26	64959.37	65152.36	65016.09	64165.2	62817.94	61659.8	60930.97	60669.83	60153.96	59813.19	59428.23	59784.28	60367.64	61026.21	61322.55	61046.37	60453.3	59867.5	59783.21	60097.2	60140.69	60379.35	60563.03	60982.61	61124.31	61115.63	60893.33	60575.39	60048.08	59733.42	59394.56	59293.44	59110.04	58884.14	58469.0	57734.12	57008.56	56584.85	56463.54	56416.28	56409.95	56391.84	56461.56	56520.88	56921.25	57622.38	58566.79	58940.6	58653.76	57970.45	57735.16	58134.25	58644.82	58872.29	58955.56	59030.28	59263.24	59569.89	60235.57	60761.04	61030.35	60896.67	60970.3	61173.15	61372.96	61389.37	61482.82	61691.91	62141.17	62706.06	63446.57	63816.02	63891.91	64051.87	64912.5	66402.31	68110.37	69372.35	70264.42	70944.85	71749.32	72582.5	73414.17	74090.58	74414.34	74579.79	75150.44	76367.42	77837.91	78922.74	79836.9	80483.94	81300.04	81825.39	82594.57	83189.93	83930.84	84687.1	85848.93	87559.15	89409.26	90797.6	91542.26	91478.19	91520.58	91455.07	91848.32	92142.32	92686.97	93276.52	94135.73	95246.05	96526.71	98131.75	99583.57	100714.03	101465.14	102010.03	102787.32	103511.84	104117.13	104588.4	105162.02	105341.71	105079.34	104912.61	105347.39	106183.53	106735.91	107018.21	107120.24	107373.44	108135.34	109180.81	110200.19	111492.71	112941.91	114466.16	115495.04	115862.6	115880.56	115920.47	116656.69	118129.73	119998.3	122385.75	124684.75	127110.55	129409.07	132163.92	134790.34	137241.64	139381.66	140210.81	139239.78	136921.1	135331.75	135459.33	136906.14	139395.64	142524.35	145700.9	148463.2	150315.58	151989.0	152939.86	152744.94	151041.55	149331.37	148232.37	147291.14	145194.61	142594.61	140707.42	140448.97	140939.47	141877.09	142308.39	142419.19	141561.79	140235.13	138736.81	137225.22	136212.68	135692.99	135897.76	136291.02	136666.41	136652.3	136026.0	135422.38	134702.6	134001.62	132604.21	131141.04	129776.08	129451.15	129026.4	128157.52	126666.72	125853.96	126376.29	126718.35	126444.79	124861.67	124222.08	124122.83	125382.71	125880.2	125955.93	125346.81	124852.0	124699.91	124430.6	124109.33
78256	8886.6	273857.16	273907.21	273859.02	274108.3	273319.19	272544.52	271640.3	272182.4	272976.45	273417.35	273438.93	273443.93	273602.13	273591.84	272712.75	271746.48	270723.01	269586.11	268774.89	268479.13	268607.88	268545.42	268499.55	268740.64	269279.95	269380.91	271627.78	273804.07	275594.74	275428.51	274641.31	274688.45	275029.05	276344.94	277344.95	277711.37	277259.98	276562.57	276094.59	275932.52	277162.33	278901.13	281036.65	281776.29	281619.03	280865.15	279866.23	279578.39	280837.95	283980.17	286406.72	288564.5	289802.2	292004.31	293596.43	294995.36	297459.38	300052.16	303030.82	304962.45	305868.81	306335.97	307051.61	308903.17	311414.29	313295.36	315055.26	316948.78	319444.64	322381.56	324639.61	326537.07	328227.54	329909.66	331683.32	333212.79	335509.27	338544.75	342103.28	345354.83	348159.98	350623.53	352983.46	355356.19	357232.46	358215.14	358289.98	358470.91	360024.24	361948.0	363322.35	364077.8	364511.97	365341.42	365748.97	366562.86	365592.47	363998.45	361679.95	360558.23	360142.17	359935.74	359490.14	358061.56	356430.66	355021.7	354174.02	353223.03	352296.63	350933.85	349903.5	348677.09	347919.18	346437.67	344963.39	342263.41	339923.35	337534.24	336433.35	335686.05	335293.31	335409.19	335757.65	336688.85	337390.69	338508.72	339579.73	340971.61	341653.44	341321.16	339670.15	337938.28	336058.26	334254.68	333198.65	332573.87	332107.49	330760.97	329782.25	330026.46	330955.36	332067.97	332977.31	333462.74	334102.66	335160.76	337416.68	340289.46	342959.16	345351.25	346756.2	348526.04	349438.21	350758.03	351846.79	352980.16	354519.69	355737.34	357020.97	357690.0	358492.42	359846.95	361220.82	362786.62	364113.95	365346.2	365849.51	366175.36	366840.39	368299.06	370032.73	372061.69	373782.62	375137.09	375550.94	375824.91	376349.07	377358.08	378658.47	380067.89	382016.0	383436.95	384785.67	385332.51	386066.2	386059.71	386197.95	386422.54	387340.88	388545.75	389901.96	391034.4	392372.23	393471.64	394443.51	395317.54	396018.79	396397.89	395927.92	395435.29	394892.16	394805.92	395233.04	396824.01	398835.48	400926.54	402742.17	404304.71	405121.03	405626.37	406037.0	406579.55	406651.43	406602.91	406412.54	406834.54	407573.7	408172.51	409295.53	410172.96	411805.76	412755.53	414071.13	414583.23	415138.38	415637.97	416449.37	417379.17	418135.8	419457.88	420505.25	421406.7	421509.28	421900.51	422082.22	422433.01	422669.09	423630.76	425003.47	426899.2	429468.92	431892.56	433736.91	433992.97	433588.04	433436.31	434047.91	435887.02	439234.16	443460.89	448336.41	452826.86	457625.94	462840.52	468780.39	474911.2	482162.28	490164.16	499351.34	508228.33	516032.95	522168.52	528275.76	534286.91	542217.49	550451.04	561182.01	572959.25	585439.52	595288.55	600835.63	601886.36	600097.04	598601.42	597685.23	599043.99	601550.99	604258.8	606356.58	608017.62	610556.32	613407.32	615720.69	616844.05	616493.02	615330.66	613516.35	610990.65	608367.66	607086.85	608616.75	611185.42	612900.61	612720.34	611103.73	610384.42	610837.55	612224.96	612841.29	612392.06	610640.04	608913.43	606901.73	606599.53	605499.97	603725.27	600999.71	599312.95	598751.6	598192.55	597553.78	596900.57	595739.36	594496.75	593017.49	592332.51	591955.77	592726.25	593947.8	595598.42
78204	8886.6	62210.34	62199.1	62184.77	62093.2	61741.42	61256.2	60769.61	60660.23	60746.89	60971.71	61112.45	61198.63	61102.25	60779.75	60376.76	60099.05	59863.28	59732.32	59504.03	59354.21	59104.03	58985.22	58971.27	59052.02	59139.79	59295.57	59485.69	59734.29	60045.44	60462.27	60710.59	60786.88	60780.28	60789.58	60898.28	60950.89	60914.61	60687.71	60372.31	60311.17	60475.26	60820.84	61219.8	61732.09	62237.24	62669.72	62787.82	62940.16	63238.81	64016.32	64894.8	65854.24	66477.58	66877.82	67303.63	67863.26	68778.29	69565.07	70315.71	70804.75	71156.33	71400.55	71515.01	71756.72	72108.8	72675.28	72974.36	73220.1	73387.45	73756.66	73917.98	73993.9	73979.25	74351.93	74865.82	75346.18	75859.16	76375.77	77118.79	77787.5	78735.34	79582.71	80463.02	81229.37	81726.66	81587.13	80355.36	79063.84	78129.39	78098.35	78607.6	78788.43	78717.36	78359.76	77957.56	77682.83	77467.92	77872.64	78695.35	79684.98	80771.76	81449.22	81712.46	80784.16	79777.55	78760.51	78642.02	78586.38	78211.0	77428.67	76787.34	76727.31	76930.19	76262.99	75482.61	74626.27	74864.74	75298.53	76083.98	76550.5	76290.66	75720.76	75244.93	75310.79	75510.87	75380.81	75290.39	75494.23	75763.03	76051.53	75935.05	75456.48	73883.79	71834.64	70359.65	69807.43	69918.34	69979.69	70000.4	69652.91	68790.38	68126.02	67883.42	68025.27	68402.45	68729.37	69074.35	69204.26	69656.92	70435.63	71371.67	72277.57	72955.71	73488.95	73678.85	73705.08	73852.9	74317.74	75065.33	75913.59	76444.25	76825.54	76779.83	76998.83	76930.79	77162.89	77282.65	77952.49	78360.62	78648.24	78926.64	79558.45	80627.18	81982.14	83417.89	84441.3	84553.31	84327.52	84323.05	85480.93	87034.0	88974.07	90714.89	92553.54	94480.09	96125.51	97717.73	99290.59	100847.9	102175.53	103303.06	104665.99	106298.73	108642.97	110577.99	112381.19	113369.45	114856.16	116243.39	117627.87	118484.92	119062.07	119831.59	121243.18	123607.34	125856.21	127390.23	128784.39	129608.72	131266.04	132703.74	134319.6	135029.76	135423.86	135976.1	136798.17	138220.2	140325.42	143109.69	145527.68	147310.35	148886.57	150246.94	151508.81	152698.58	153944.4	155623.82	157192.8	157647.03	156396.62	154669.87	153509.24	153881.75	154518.48	155387.36	156100.27	156804.63	157692.48	158614.03	160154.5	162744.17	165828.73	168627.44	170926.9	172201.46	172520.41	172497.73	173550.74	175824.02	178811.67	182092.38	185476.04	188598.86	192079.67	196565.05	200916.38	204507.23	206969.48	207252.87	204985.79	200971.58	198280.9	198025.69	199297.92	202225.67	205575.93	209339.36	213241.51	216229.55	218050.0	217655.92	215982.48	213102.98	210539.33	209369.0	208783.04	206899.5	203598.32	200945.12	200163.76	200157.78	200614.3	200548.68	200335.5	199048.3	197422.26	195814.21	194124.83	192983.14	192391.47	192884.7	193786.41	194832.09	195106.72	193711.6	191879.08	190257.24	189089.71	186327.53	182483.78	178367.52	175462.84	172607.07	169165.12	166065.3	164064.62	163676.66	162620.04	160874.69	158831.05	158385.74	158288.24	158159.2	157463.58	157071.18	156303.01	155580.13	155142.44	155488.93	155992.77
78073	8886.6	84846.0	84980.17	85531.45	86133.41	85953.6	84758.39	83836.12	83387.35	83510.12	83781.59	84316.37	85128.64	85608.39	85793.63	85767.48	85582.74	85729.44	85815.98	85853.3	85939.58	85634.94	86032.41	85658.03	85682.06	85054.53	85378.77	85435.42	85763.08	85717.52	86329.25	86803.42	87320.42	87299.95	86913.09	86877.02	86660.57	86358.6	85782.59	85627.94	85742.51	86161.18	86705.51	87451.54	88070.04	88626.65	89271.59	89747.8	90923.17	92687.08	94833.09	95877.76	96588.84	97312.34	98179.45	99298.54	100118.34	100958.89	100759.73	100413.01	99758.74	99255.76	98966.36	98989.82	99551.99	100194.87	100324.98	99806.63	99036.73	98843.09	99346.05	99783.26	100607.39	100980.38	101814.17	101764.76	101602.53	100984.62	100978.0	101310.48	101525.63	102099.27	102687.79	103488.86	104059.99	104478.65	104753.29	105002.04	105643.28	106663.64	108155.55	109711.06	110951.54	111525.37	111382.44	111286.17	110757.08	110614.44	110215.13	110405.08	110259.97	109962.14	109128.72	108075.85	107061.49	105929.75	105019.17	104058.24	103512.44	102754.37	101753.07	100510.31	99650.66	99394.52	99453.1	99228.06	99244.25	99997.15	101497.17	103088.44	104019.79	104287.27	104136.7	104257.37	104292.15	104558.39	104242.33	104085.12	104095.63	104149.6	104476.25	103825.16	103046.98	102165.34	101619.57	100977.09	100126.83	99519.17	99382.61	99418.89	99224.55	98338.59	97243.09	96327.34	95710.74	95235.68	94777.1	94739.3	94953.17	95795.54	97204.42	98692.37	99589.86	99677.01	99223.21	98817.81	98448.22	98369.97	98422.04	98921.32	99645.17	100742.24	102547.93	104644.69	106586.0	107220.43	107479.12	107673.36	108010.77	109294.11	111122.83	113851.06	116305.64	118918.24	121565.1	124135.62	125729.14	126259.42	126220.97	126558.87	127405.47	128467.47	129915.68	131670.95	133737.87	135610.22	137022.78	137860.78	138405.57	139096.65	140157.06	141030.23	141760.01	142639.18	143890.03	145294.99	146515.42	147969.15	149145.1	150480.49	150909.31	151412.24	151592.5	153019.84	154979.82	157536.29	159863.13	161847.72	163377.39	163744.03	163954.01	164594.06	166518.27	168091.38	169037.53	169497.89	170502.78	171983.02	173487.73	176102.74	178333.29	180233.43	180500.07	180902.28	181602.7	182509.46	182703.78	182246.31	181774.31	181372.01	180747.57	180483.48	180703.93	182038.79	183274.99	184137.67	184946.96	186155.67	188719.9	191383.46	193850.32	195551.98	197269.24	198999.04	200424.99	201519.41	201952.04	203264.53	205471.58	209231.6	213154.37	216275.8	218439.4	220457.69	222564.05	224357.41	225941.35	227687.53	230706.61	232895.27	234424.51	234889.39	236164.87	238876.95	241710.83	245292.61	248784.64	252821.36	256642.57	259558.96	262421.31	263236.03	262669.73	260263.01	258143.71	256479.82	255542.15	254850.91	253740.97	252137.77	251047.52	250578.69	250799.98	250147.21	249554.15	248937.17	248452.38	248000.06	247514.18	248484.22	250429.06	252428.43	253467.67	253182.27	252559.19	251016.83	249293.46	247219.77	245489.0	244155.36	243584.46	243871.63	244759.72	245127.17	244990.06	244264.46	243867.65	243588.64	243367.11	243586.85	244096.16	244930.86	245493.82	246205.95	247349.64	247795.36	246876.02	244652.68	242595.2	241131.89	240310.43
78202	8886.6	61064.04	61182.96	61410.85	61765.51	61840.63	61807.91	61533.62	61493.86	61223.93	61162.64	61063.25	61195.8	61216.89	61049.85	60789.13	60426.53	60111.02	59600.93	59228.58	59071.52	58874.05	58978.08	58746.3	58657.67	58205.6	58255.2	58330.77	58480.27	58513.1	58949.4	59286.24	59749.0	59900.02	60063.69	60167.18	60299.35	60380.94	60184.18	59867.39	59825.84	59837.25	59812.63	59626.69	59477.59	59581.06	59787.34	60089.15	60548.45	61200.95	61772.01	61985.23	62612.01	63371.55	64192.96	64866.81	65631.39	66634.56	66892.15	67075.33	67155.07	67569.57	67744.18	67754.18	67356.14	66826.85	66572.65	66678.46	66964.58	67056.51	67523.95	68017.6	68776.91	68889.46	69177.21	69047.35	69115.15	69221.24	69643.81	70332.46	70919.29	71524.52	71740.68	71757.34	71593.53	71564.73	71540.55	71441.85	71368.42	71574.58	71941.75	72199.53	72217.82	72331.32	72752.46	72989.1	73011.68	72701.83	73022.72	73736.58	74402.16	74646.65	74889.73	75589.36	75877.43	75338.6	74595.49	74694.14	75191.79	74267.09	72343.31	70343.51	69435.05	69186.58	68253.1	67968.5	67797.04	67969.97	66619.78	65063.83	63524.54	62601.32	61264.65	60129.32	59085.94	58139.81	57154.2	56515.24	56445.89	57160.52	58256.55	59052.91	59189.67	58727.33	58360.98	58272.02	58169.75	58307.53	58223.59	57672.47	56386.87	54952.58	54410.17	54473.83	54755.2	54699.7	53891.37	52677.67	51502.08	51038.6	51051.85	51281.5	51379.75	51162.67	50765.79	50151.62	49455.6	48978.57	48660.58	48766.08	49193.34	49790.12	50239.6	50366.28	50637.87	50860.49	51016.79	50850.3	50790.22	50713.02	50852.74	51184.1	52074.36	53080.34	54173.85	55009.09	55609.0	55910.02	56041.64	56403.09	57180.96	58164.46	59220.1	60198.5	61512.15	63299.8	65206.67	67186.87	69138.94	70856.51	72104.54	72692.6	73079.81	73496.42	74897.96	76779.89	78987.62	80666.84	82277.75	83448.45	84372.31	85186.95	86179.01	87131.98	88154.54	89501.8	91195.08	92836.69	94184.31	95012.74	95941.02	96874.17	98242.56	98919.27	99424.45	99885.62	101154.44	102993.09	105482.31	108640.44	111642.91	114136.53	115893.97	117106.67	117836.01	118307.74	119034.67	120147.9	121677.04	122801.61	123333.33	123862.83	125037.07	127134.12	128893.61	129928.71	130980.11	132082.67	133913.97	135457.28	137096.57	138686.1	140604.22	142779.99	144828.14	145954.67	146379.03	146527.06	147908.35	150413.7	154075.12	157633.74	160812.48	163711.42	166681.82	170973.67	175694.04	180701.03	184177.9	185117.91	183594.67	181154.67	179980.09	180679.22	182480.75	185768.68	189413.67	193574.86	197230.87	200251.72	202586.48	203526.04	203618.8	202418.35	201774.0	201454.65	201703.21	200411.03	197515.29	193911.64	191630.95	190886.29	191291.56	190842.55	189459.09	187189.87	185342.57	184145.53	182744.49	181647.42	180564.74	180075.88	180074.36	180267.81	180647.92	179755.69	178496.34	176272.18	174072.59	171859.69	170406.13	169443.05	168479.11	166592.73	163918.89	161448.38	159721.32	158941.43	158047.83	156922.92	155012.35	153650.15	152618.72	152413.69	152461.76	151985.45	151129.87	149480.1	149039.72	148850.17	149014.52
78231	8886.6	183871.88	184221.36	184670.39	185578.61	185285.3	184555.31	183616.0	183795.28	184208.55	184600.24	184707.01	184542.68	184204.98	183873.64	183519.92	183144.08	183051.47	182966.01	182891.49	182796.34	182795.53	182997.35	183188.04	183474.2	183479.21	183395.05	183293.37	183507.97	183907.98	184265.68	184706.54	184957.8	185366.11	185658.97	185836.68	185707.35	185417.36	185072.5	184885.21	184818.99	185142.46	185687.23	186214.48	186761.81	187027.24	187151.87	187017.67	187207.27	188264.53	190280.0	192129.36	193902.74	194809.22	195700.39	196167.11	196370.13	197132.22	197686.96	198704.11	199095.02	199463.27	199745.52	200091.17	200618.76	201265.0	201780.77	201850.47	202021.44	202598.09	203615.02	204417.37	205044.1	205671.48	206288.6	207442.46	208372.86	209549.77	210748.88	212423.71	213971.78	215025.05	216601.56	218706.09	221123.81	222863.65	223328.87	223186.41	223058.93	224568.71	226647.57	228905.97	230251.82	231440.6	232165.04	232750.53	233682.64	233513.18	232945.87	231637.1	231123.12	230917.18	230818.41	230811.82	230570.07	230089.52	229546.78	229063.66	228572.01	228065.19	227278.56	226823.23	226583.61	226510.27	226125.08	225603.59	224435.07	223267.8	222157.46	221965.04	222015.55	222288.06	222604.94	223091.05	223620.82	224166.71	224414.22	224623.25	224787.35	224672.9	223897.92	222532.48	221431.11	220919.93	220789.17	221126.61	221205.86	221087.22	220374.41	220064.26	220007.49	220209.26	220239.74	220448.62	220360.35	220038.87	219861.41	220506.16	221538.44	222545.57	223455.31	224255.19	225519.35	226626.28	227686.52	228078.31	228189.34	228802.98	229667.54	230680.82	231323.87	232167.37	233422.43	234890.97	236999.43	239142.77	241097.85	241676.43	241967.15	242862.62	244844.58	247190.61	249299.6	251196.3	252759.11	253894.69	254774.81	255569.31	256291.32	257069.26	258170.3	259719.73	261603.35	263398.84	264880.13	266032.2	266771.88	267675.78	269076.65	270881.29	272766.23	274231.81	275592.35	277140.29	278487.5	279397.39	280063.41	281020.99	282150.03	282895.21	283488.8	284082.49	285202.47	286626.47	288349.68	290042.51	291722.3	293650.2	295755.11	297305.01	298345.89	299012.49	299925.26	300676.66	301216.03	301860.2	303363.64	305006.72	306391.7	307355.08	308421.1	309820.89	311371.78	312863.61	313751.43	314311.35	314956.23	316244.79	317701.1	319065.56	319853.9	320475.41	320805.98	320976.18	321078.39	321224.49	321584.65	322037.25	322973.37	324291.45	325585.58	327019.79	328708.57	330539.72	331773.86	332117.52	332358.74	333308.78	335230.75	338067.35	341406.52	345204.69	348768.1	352365.92	356378.45	360916.93	365535.25	370944.9	376822.7	382623.58	386547.9	389006.57	390834.27	393905.56	398357.47	405294.08	413083.78	422165.18	431476.11	440456.03	447294.73	450947.3	451616.72	450709.07	449726.15	448917.5	448145.15	447670.59	447145.35	446962.86	447061.87	449061.82	452186.6	455080.74	456381.49	456189.8	455550.21	454588.94	453660.68	453095.26	453826.58	455931.08	457837.42	458540.35	457949.75	457249.59	457197.0	458161.2	459324.15	459612.69	459345.6	458524.33	457852.95	456325.9	454537.64	452517.47	450559.46	449473.06	449738.05	451010.86	451958.89	452044.53	451788.5	451223.96	450460.96	449704.81	449460.95	449902.89	450717.9	451465.26	452438.92
78101	8886.6	141550.19	142255.92	143635.89	145663.89	147024.74	147106.71	145819.57	144764.46	143925.38	143785.46	144031.27	144043.63	144197.06	143278.82	141900.47	139995.96	138556.0	137636.79	137880.86	138324.83	138755.81	138746.71	138434.97	138461.81	138000.52	138295.78	138285.38	138719.87	138662.65	139017.34	139453.28	139539.51	139477.06	138939.54	139255.94	139720.11	140466.16	141099.53	141203.8	141379.78	141340.06	142081.88	143012.98	143867.56	143977.47	143967.42	143657.48	143457.57	143776.25	145049.53	146559.12	148493.11	150667.34	152989.01	155789.32	158028.29	160376.42	161247.98	161591.16	161677.65	162040.51	162509.35	162966.56	163242.05	164338.92	165678.86	167475.93	168985.16	170888.13	173322.84	175256.61	176410.29	176271.43	176155.4	176130.74	176316.91	176245.7	175799.05	175584.63	176211.7	177391.51	178724.77	179539.72	180242.18	180788.19	181054.03	181313.54	181937.24	183134.46	184512.45	185540.25	186504.5	187837.7	189000.49	190072.88	190851.01	191783.63	192494.37	192937.84	193176.51	193731.04	194238.76	194932.17	195119.36	195124.23	194888.86	194771.1	194712.06	194582.33	194350.8	194302.63	194151.05	194107.55	193483.69	192480.29	191433.35	191251.15	191975.15	193054.85	193741.54	194150.1	194221.54	194547.52	194826.45	195218.96	195033.92	194840.08	194691.16	194733.66	194693.13	194547.68	194304.92	194107.15	193618.54	193620.24	193537.62	193424.33	192813.0	192119.99	191790.4	191541.32	191663.15	192319.39	193247.56	193877.14	194105.39	194747.38	195735.1	196937.19	197651.24	197944.52	197864.83	197312.45	197056.91	197191.07	198249.75	199559.8	200787.59	201883.23	203074.87	204202.82	205601.87	206684.86	208003.95	208401.47	208786.46	208868.25	209424.0	210477.81	212098.17	214338.0	216903.69	219581.2	221986.15	224047.01	225965.09	227631.96	228751.93	229664.92	231042.27	233022.93	235393.84	237686.95	239978.45	241905.41	243266.49	244334.01	245767.6	247364.35	248809.94	249641.21	250022.27	250567.23	251261.07	251965.43	252658.92	253670.82	254987.17	256441.67	257635.01	258764.15	259740.39	260741.32	262014.42	263344.53	264315.74	264931.76	265552.89	266193.66	267474.0	268882.05	270774.12	272298.06	273487.87	274237.37	275179.41	276380.87	277474.7	278712.15	280049.51	281228.02	282149.08	282975.1	284103.01	284992.01	285344.46	285395.76	285704.21	286241.52	287121.53	288228.15	289180.78	290207.69	291051.66	292441.92	294045.87	296036.85	298307.09	300962.99	302903.47	303400.58	303482.74	304497.63	306637.67	308201.36	308978.34	310628.38	313708.19	318481.71	323433.76	328112.75	332334.32	336165.33	340476.29	344742.78	349928.45	356246.69	363530.2	369571.82	373139.66	374367.99	375741.46	378503.41	382941.46	389665.45	396993.97	404763.79	412266.31	419001.21	425320.59	427788.39	427800.13	423712.84	420194.61	416856.03	415564.57	414166.3	412091.86	409892.19	409348.33	410340.58	412426.1	413096.66	412391.68	410093.14	407697.64	406121.69	404899.3	404340.39	404469.71	406292.29	408358.8	410116.56	410437.01	410190.15	410442.51	411259.45	412383.48	412923.64	413399.28	413818.07	413986.35	413109.2	412213.11	411810.44	411728.54	411099.99	410441.26	410768.87	411872.19	413103.87	413772.95	414380.7	415105.48	416192.42	416007.4	415338.86	414916.49	415606.55	416927.95
78257	8886.6	409641.71	411043.01	412378.06	414626.83	412721.91	408460.32	403877.02	403167.55	404000.1	405029.12	405481.37	405862.09	405880.21	406585.39	407699.92	408555.64	408595.62	408822.23	409556.15	410664.02	411992.41	412749.25	413002.67	412498.58	412918.6	413572.41	414445.24	414785.27	415352.13	415690.58	416254.42	417079.25	418546.66	420316.06	422248.56	423480.68	424404.61	424656.62	424992.72	425239.65	426151.41	427441.8	428627.6	430184.5	431327.32	432800.17	432783.34	433376.34	436409.0	442444.87	448317.79	453547.12	457379.62	462117.02	465404.33	467960.21	470353.26	473170.58	476517.73	478637.23	480530.53	482989.38	486931.72	490982.97	494357.59	496113.14	496761.21	496602.92	496961.99	498571.56	500286.13	501759.34	502707.46	503711.68	505595.38	507583.63	510941.66	515141.62	520202.34	524317.65	527138.31	529154.5	531595.19	534903.55	537521.46	537654.38	537083.96	537105.13	540367.9	543189.76	546244.58	548632.38	551348.15	553353.42	554177.14	554834.48	552874.1	550381.12	547715.25	546989.74	547113.58	547232.53	547719.11	547180.45	545906.46	544233.67	543462.92	543281.41	543156.15	542273.55	541535.88	541089.56	540984.4	540084.4	539070.02	536751.6	535022.98	533061.61	532110.75	531379.46	531020.46	531532.1	531696.47	531275.22	530228.73	529071.52	528276.88	525976.42	523369.52	519558.21	516295.43	513628.34	511556.85	509368.46	508026.64	506608.38	505478.48	503107.44	502053.77	501160.91	500815.16	500691.23	501989.71	502385.81	502160.33	502499.2	504984.99	508598.21	511906.0	514322.59	516234.38	518407.44	520660.78	522899.01	525250.73	527270.08	529688.6	531107.73	532522.1	533946.65	536339.49	537921.15	537548.47	536558.96	536463.83	536834.5	537073.55	537187.99	539207.64	542315.05	545570.86	547710.75	547913.59	547712.69	547068.23	546658.25	546506.98	546461.21	547350.63	548550.34	551294.22	554125.95	557409.9	558845.32	559824.43	558822.79	557504.1	556431.51	557095.44	559491.73	561775.56	563406.72	565007.7	565690.07	565984.95	564972.13	565040.53	564825.57	564201.97	563069.58	561701.29	561273.86	561528.06	562942.1	564597.64	566569.88	568613.16	571092.54	572506.34	573488.08	574003.08	575441.38	575782.6	575649.07	575267.26	576416.76	577923.83	579302.49	579567.82	579807.13	580601.0	583008.27	586041.98	587902.03	589416.92	590183.52	591136.73	591697.14	591888.27	592056.8	591841.66	592012.76	591781.03	591979.77	591910.55	592109.07	592439.09	594363.8	596053.03	597854.68	599251.27	601625.85	604108.98	604785.09	604206.4	603474.87	604385.26	607433.32	612576.32	619164.98	627687.0	636851.07	646381.4	655247.54	663549.66	673297.97	684639.65	697386.78	711371.67	725197.51	737837.32	746784.27	755474.03	764942.32	778036.0	790692.17	805505.11	821066.8	838614.53	852059.73	858295.44	857145.81	852699.43	850090.15	849727.02	852570.65	862558.29	873221.85	881395.81	882619.43	883954.77	887883.22	892104.82	896466.09	899117.18	900077.47	899460.27	897845.83	896395.65	896098.12	898729.68	902539.81	904650.48	903886.39	901913.88	900849.49	902543.73	906622.16	909694.97	910584.81	908653.25	908227.14	909163.98	912608.52	914966.1	914908.12	913075.3	912534.33	914967.29	920111.96	926371.3	932340.3	936006.46	938498.21	939861.45	940963.99	941688.03	943201.92	945579.91	949051.35
78002	8886.6	89476.36	89294.36	89521.76	89611.57	89314.69	88377.76	87819.65	87463.06	87478.03	88057.78	88885.09	90005.02	90334.78	90526.13	90615.46	90670.33	90873.06	90913.96	90291.35	89635.28	88307.86	87773.93	87204.94	87364.32	87291.47	87751.2	87908.01	88566.22	88995.99	90091.7	90785.66	91199.01	91712.4	91991.06	93031.49	93379.43	93375.28	92505.48	91942.08	91844.68	92339.6	93117.36	94139.71	95007.36	95544.52	95591.83	95565.78	95809.04	96657.56	97845.27	98378.6	99017.6	99479.95	99929.14	100910.82	101854.39	103209.06	103772.3	103908.86	104087.27	104014.02	104226.28	104522.23	105512.57	106874.7	107737.64	107337.9	106299.74	105255.78	105115.17	105445.91	106244.3	107033.8	108003.89	108683.34	108976.14	109129.5	109842.24	111543.71	112818.86	114399.9	115464.36	116794.55	117655.56	118243.79	118738.18	119055.79	119784.44	120643.53	121258.77	121879.82	122297.27	122942.66	122746.55	122684.29	122785.1	124044.39	124941.42	125892.89	125849.25	125865.92	125625.29	125148.96	124216.43	122546.65	120998.82	119782.76	119420.03	118854.03	117941.2	116313.72	115182.24	114276.1	113692.56	112610.5	112738.73	114366.81	117330.73	119704.11	121214.64	121828.05	122251.04	122659.89	123112.2	123712.49	123571.31	123384.04	123227.99	122408.27	121798.25	120274.05	119306.95	118500.76	118107.94	117864.36	116993.44	116267.56	115938.23	115866.72	115981.57	115969.39	116198.89	116426.18	116195.4	115843.27	115525.12	115828.96	116236.08	117170.49	118485.43	120079.51	121162.81	121228.98	120692.44	119854.6	119138.77	118801.03	118927.91	119924.3	120948.57	122009.04	123211.83	124750.24	126381.57	127010.51	127739.43	128287.61	129211.27	130666.97	132726.32	135915.25	138660.22	141535.58	144104.52	146938.31	148856.83	149822.64	150266.02	151138.42	152247.58	153448.36	155136.94	157226.5	159422.84	161023.76	162350.27	163866.96	165566.59	166783.63	167497.32	167324.92	167164.62	167639.68	169530.21	172114.99	174385.23	176881.96	179464.53	182236.51	183045.71	182744.48	181882.89	182541.53	184119.05	186049.66	187367.33	188347.82	189590.47	190719.13	192293.7	193805.42	195548.69	196438.07	196442.42	196365.3	197077.67	198462.41	199880.16	202165.07	204621.46	207086.08	208698.06	210364.01	212278.18	214093.78	215302.18	216315.83	217153.33	216790.44	214673.49	212080.98	210302.75	210449.72	211126.11	211677.55	211718.82	211881.28	213066.41	214809.56	216618.76	218512.75	220802.14	223644.53	226053.25	227882.0	229274.53	231816.41	235351.4	239971.5	244627.93	248711.95	252665.02	256406.91	260715.68	264494.25	267866.78	270946.22	274230.11	275897.88	275028.26	272487.73	271371.02	273756.77	276591.08	280451.61	284095.96	290054.81	297344.98	303617.56	308497.44	309222.27	308236.77	304372.71	302115.33	300820.39	301223.45	299951.83	296682.49	293756.65	293127.65	294060.8	294708.88	293856.43	293203.47	292394.46	291021.0	288668.45	285581.87	283506.59	282654.97	283604.09	284591.78	285307.18	285454.27	285368.16	285901.7	286281.9	286765.53	286275.09	286759.08	287566.46	289174.7	289151.46	288909.22	288058.14	287964.31	288175.86	288394.88	289227.09	290072.44	292048.18	293612.46	295393.85	298261.32	300817.64	301744.66	300036.72	298449.32	297799.25	299089.65
78203	8886.6	60552.84	60637.68	60850.89	61133.22	61304.68	61373.89	61326.82	61338.22	61152.54	61175.62	61283.55	61735.4	61912.9	61614.18	61006.16	60215.38	59778.07	59112.64	58703.12	58443.89	58180.48	57966.3	57347.91	56779.64	56095.74	56618.44	57570.33	58667.73	58859.28	59307.32	59645.54	59943.17	59735.89	59664.93	59672.53	59772.34	59693.55	59284.54	58883.77	58671.76	58871.54	58969.28	59091.95	59249.56	59683.12	59960.41	60039.62	60014.42	60254.29	60662.35	60763.62	61295.53	61767.07	62315.09	62634.32	62835.87	63548.34	63642.03	64139.46	64418.99	65221.4	65913.36	66633.36	66914.83	66841.4	66755.24	66895.74	66899.3	66375.96	66561.88	66595.84	67500.47	67432.9	67786.99	67567.46	67275.2	67135.11	67343.72	67971.66	68594.34	69207.01	69594.98	69669.49	69454.41	69291.9	68956.03	68595.76	68292.23	68223.59	68229.06	68254.76	68201.67	68081.23	68341.76	68206.93	68079.69	67468.27	67476.94	67932.52	68630.87	69146.43	69748.26	70439.95	70964.21	70462.03	69589.94	69397.29	69484.39	68673.29	66983.39	65906.34	66772.18	68299.9	69058.26	68467.91	67132.95	67006.69	66861.88	67599.35	67376.39	67072.69	66110.15	64872.81	63020.06	61076.53	59036.93	58082.99	57966.22	58796.37	59657.94	60148.5	59974.63	59357.61	58801.98	58570.44	58491.34	58315.19	58043.47	57973.54	57680.27	57524.02	57695.11	58290.13	58884.77	58861.14	57826.53	56150.21	54560.2	53957.96	54252.85	55013.5	55170.71	54443.15	53086.29	51705.52	50387.15	49424.32	48705.2	48356.62	48389.54	48745.14	49668.93	50630.66	51803.6	52259.75	52299.55	52013.05	51934.07	52094.12	52307.81	52764.69	53737.52	55179.17	56917.24	58439.53	59390.46	59763.33	59740.67	60073.79	60804.34	61578.8	62117.48	62373.91	63086.59	64374.79	66063.43	67648.69	68964.63	70115.28	71000.32	71451.32	71901.38	72446.92	73771.0	75236.95	76506.24	77445.96	78314.7	79235.31	80125.24	80452.29	81107.56	81909.06	83424.59	85385.42	87602.92	89565.63	91246.81	92825.59	94546.17	96146.12	97780.37	99167.44	100432.79	101441.23	103074.2	105551.65	108936.44	113003.4	116807.1	119792.02	121965.05	123496.73	125079.99	126738.96	128839.48	131073.5	133126.51	134238.96	134292.52	134121.94	134102.2	134382.24	134416.79	134387.09	135200.08	136325.22	138153.95	139956.97	141799.33	143845.22	145897.56	148087.03	149550.31	150141.85	150111.86	150297.98	151370.16	153493.89	156372.88	159645.9	162968.44	166332.08	170052.35	174408.89	178360.14	181723.5	183913.3	185163.46	185209.25	184847.05	185357.53	187257.0	190053.28	193455.35	196705.88	200607.27	204570.49	208296.43	211000.85	212583.92	212913.27	212266.51	211892.27	211954.1	211226.97	209394.58	205910.85	203053.43	200896.31	200527.76	200850.97	200673.47	199982.86	198848.8	197982.92	197445.99	196381.98	195339.05	194385.9	194096.94	194525.53	194914.37	195298.62	194151.08	192046.43	188873.49	185925.12	183084.67	180807.63	178414.27	176260.1	173363.31	170223.86	167120.15	165227.92	164613.56	164170.02	162977.47	160841.81	158810.71	157606.86	157525.06	158127.99	158350.0	157982.82	157215.93	156903.1	157322.89	158436.92
78226	8886.6	55721.57	55722.44	55815.13	55926.71	55808.01	55668.07	55496.77	55638.84	55926.41	56338.54	56714.85	56829.71	56773.45	56470.86	56133.68	55703.36	55504.89	55184.88	54935.84	54563.71	54406.63	54314.32	54299.43	54257.26	54240.63	54320.7	54488.5	54796.49	55136.53	55484.36	55691.66	55903.7	56198.08	56637.56	57164.64	57490.43	57584.55	57492.72	57296.12	57081.25	56813.14	56782.27	56983.73	57451.12	57749.65	57952.53	57824.83	57838.88	58071.93	58831.03	59684.52	60704.36	61553.19	62297.97	62714.09	62925.61	63408.58	63989.99	64561.2	64847.08	64965.67	65136.71	65395.62	65963.37	66537.03	67113.93	67423.6	67728.17	67994.27	68338.02	68658.33	69029.49	69616.25	70236.81	70889.14	71238.87	71651.09	72091.56	72453.42	72708.36	73200.46	73955.36	74878.01	75545.62	75901.07	76095.96	76097.7	75739.6	75610.76	75568.68	75958.67	75934.96	75761.29	75681.8	75739.38	76049.02	75886.46	75638.87	75249.42	75511.52	75714.05	75775.42	75546.9	75317.09	75797.58	76562.93	77542.91	77579.24	76431.28	74703.1	73492.02	73235.63	73588.4	73630.46	73727.58	74325.05	75602.4	76864.46	77490.06	77666.42	77348.08	76802.94	76138.96	75915.64	75970.04	75972.55	76147.01	76094.52	75912.23	75374.97	74830.58	74200.75	73473.93	72621.14	71532.34	70493.22	70021.28	70149.59	70314.62	70144.0	69423.01	68875.37	68436.6	68224.28	67831.34	67334.96	67077.58	66952.72	66922.13	67181.02	67662.35	67993.29	67462.49	66377.55	65251.33	64729.06	64974.5	65487.23	66267.16	66838.15	67379.49	67645.78	67799.21	67974.5	67901.04	67673.48	67415.71	67561.45	68103.26	68800.84	69502.71	70224.98	71109.24	71978.2	72820.1	73228.17	73021.59	72234.75	71659.36	72007.93	73377.66	75231.2	76969.39	78271.97	79173.65	79885.01	80455.43	80888.06	81363.76	81848.73	82711.31	84058.65	86058.14	88255.07	89980.14	91044.16	91469.35	91960.89	92630.73	93320.65	93621.29	93487.79	93628.5	94174.9	95425.64	96811.41	97749.9	98235.9	98317.27	98645.96	99106.7	99730.33	99958.42	99922.36	99944.18	100902.58	102358.49	103968.01	105524.62	106791.92	107510.01	107824.04	108181.97	109110.78	110080.76	110796.9	111394.43	112141.71	112556.84	112261.36	111915.82	111946.37	112745.36	113561.01	114405.92	115015.49	115546.97	116454.3	117603.33	118784.72	119830.84	121023.14	122310.7	123573.57	124319.93	124621.44	124864.79	125879.96	127650.1	129918.01	132360.2	134427.33	136619.95	138836.98	141604.97	144228.97	146357.75	148410.34	148853.05	147661.1	145180.0	143725.27	144093.24	145672.39	149338.89	154184.0	159621.09	163877.32	166848.65	169031.12	170532.12	170822.35	169805.81	168506.95	167856.06	167411.46	165660.74	162828.11	160331.14	159588.31	160235.49	161360.63	161792.79	161892.32	161304.8	160609.99	159633.23	158652.99	157471.03	156454.13	156341.08	157306.57	158612.07	159177.83	158327.37	157052.98	155506.95	154295.4	152655.05	150904.95	149242.53	148129.19	147143.22	145812.24	144646.84	143943.54	144102.21	144203.31	144049.86	143142.47	141787.04	140291.48	139321.13	138944.82	138985.94	138620.28	138134.53	137111.1	136288.94	135352.83
78152	8886.6	84846.08	85369.7	85633.09	85984.96	85818.26	85415.26	84454.58	83781.53	83345.61	83672.93	84077.99	84410.8	84542.91	83968.06	83176.26	82355.55	81969.64	81715.02	81857.78	82208.79	82633.82	82696.9	82555.73	82384.63	82173.82	82185.92	82173.49	82338.9	82334.85	82522.12	82886.04	83091.41	83146.36	82903.65	82796.66	82857.84	82830.77	82869.65	82651.96	82628.79	82747.17	83207.48	83664.62	84135.55	84443.41	84582.02	84746.39	84833.16	85544.69	86518.17	87631.65	88831.45	89830.31	90963.25	91991.04	92821.05	93415.04	93611.06	93825.09	94090.51	94432.27	94830.51	95521.4	96001.6	96870.74	97218.4	97848.11	98285.12	99399.1	100859.42	102121.19	102866.5	103484.1	104414.17	105629.98	106480.94	106574.26	106578.18	106619.87	107316.01	107908.02	108986.48	110155.68	111493.05	111745.53	111571.37	111120.87	111636.79	112648.94	113911.76	114424.22	114048.51	114624.2	115685.92	117816.99	119195.38	120763.65	121603.66	122376.04	122853.23	123591.96	124231.91	125150.66	125328.36	124864.49	123572.67	122392.22	121566.54	121256.05	121218.19	120869.91	120032.65	119531.23	119178.23	118842.73	118842.68	119377.09	120817.21	121789.81	122531.94	122607.01	122995.27	123849.47	124838.68	125488.76	125350.83	125195.6	124866.96	124667.85	124339.78	124128.18	123862.03	123520.65	122713.88	122314.76	122142.18	121883.56	121255.46	120506.17	120630.3	120704.54	121342.23	121902.08	122640.4	122470.79	122555.45	123350.21	125036.4	126594.15	127170.16	127636.65	127689.23	127569.48	127383.22	127445.41	127939.93	128467.67	129152.51	129993.25	130963.03	132191.51	133611.21	134982.22	135745.7	135560.49	135269.71	135160.96	135942.56	137031.43	138536.96	140234.6	142060.58	143984.9	145684.97	147365.46	148450.77	148981.85	149229.78	150008.19	151642.72	153550.58	155412.68	157075.76	158759.85	160460.42	161886.07	163296.23	164309.69	164919.8	165324.77	165703.09	166523.63	167378.01	168352.3	169331.01	170283.99	171382.45	172521.62	173759.7	174850.12	175708.18	176206.63	176655.3	177577.16	178853.55	180505.56	182035.56	183577.02	184440.14	185208.87	185656.6	186558.39	187099.0	187678.72	188205.0	189186.22	190392.93	191613.81	193240.89	194855.85	196564.32	198233.63	200182.93	202030.19	203719.78	204670.87	205410.05	206206.01	206542.37	206218.24	205092.95	204149.67	203763.86	204187.06	205110.29	206256.03	207492.09	209336.52	211154.55	212256.9	211911.75	211780.68	212163.17	213078.67	213281.7	213176.23	214161.08	216287.19	219790.54	223381.99	226783.49	229234.2	231167.8	233651.79	236435.64	239825.86	243510.72	247600.27	250807.48	252814.53	253763.8	255562.99	258966.39	263705.29	269890.32	275824.83	282017.77	287918.89	293141.75	297368.92	298430.66	297722.73	294610.09	291772.59	289534.73	289258.67	290846.61	291083.9	290619.63	288939.35	288329.66	288362.2	288080.0	288311.61	288116.82	288247.63	287445.83	285855.79	284399.72	283595.73	283600.19	283220.68	282196.93	280536.16	278755.0	277450.12	277049.03	277142.39	277880.18	278598.95	279591.75	280518.01	280663.55	279995.24	278777.63	277320.04	276074.61	274936.58	274697.43	274711.85	275038.91	275435.81	275962.25	276524.32	276512.7	275708.11	274397.68	272735.93	271595.28	270838.73
78208	8886.6	42705.22	42671.27	42652.86	42634.66	42439.19	42166.34	41789.03	41603.57	41498.11	41520.76	41556.8	41580.04	41481.53	41317.5	41133.58	41111.93	41173.06	41302.37	41424.1	41449.74	41373.48	41238.9	40996.54	40802.75	40543.99	40536.92	40536.02	40609.58	40817.03	41196.23	41557.63	41898.28	42146.73	42455.99	42730.78	42974.22	43141.18	43054.17	42918.11	42929.63	43085.33	43220.9	43290.26	43304.02	43452.73	43644.32	43846.4	44058.57	44389.63	45022.62	45588.92	46165.31	46341.17	46476.73	46513.69	46763.85	47155.35	47278.14	47308.56	47299.89	47476.85	47672.42	47918.56	48167.71	48533.35	48948.56	49307.74	49629.88	49818.34	50222.23	50454.07	50933.94	51151.9	51644.88	51779.63	51988.35	52191.41	52537.74	52988.31	53194.16	53340.66	53481.94	53705.31	54090.17	54196.08	54107.13	53675.29	53389.01	53235.21	53365.29	53775.36	54338.94	54683.4	54688.16	54481.18	54314.33	54231.13	54592.57	55347.31	56084.9	55924.22	55422.61	55045.64	56152.2	57587.29	59014.82	59733.73	60256.12	60342.74	59581.97	58569.15	57831.51	57689.76	57504.9	57292.6	56510.9	56386.96	56478.65	57421.68	57797.95	57686.61	56955.74	56183.43	55768.52	55672.22	55758.48	56253.39	56916.74	57615.46	57591.23	57309.13	56795.92	55890.37	54881.57	53971.26	53381.62	53092.22	52621.19	52092.56	51446.88	50767.07	50666.47	50698.75	50901.98	51092.37	51254.77	51466.96	51743.4	52286.55	53352.19	54424.79	54948.57	54702.22	54283.11	54142.83	54016.54	53916.87	53867.22	54353.47	55050.55	56014.38	57042.38	57945.1	58454.32	58387.86	58279.33	58315.66	58764.28	59272.68	59862.14	60589.37	61926.1	64002.19	66375.1	68578.85	69595.07	69764.13	69438.91	69567.78	70530.05	71694.98	73343.2	74746.64	76394.98	78110.21	79998.82	81499.79	82506.8	83779.65	86118.88	88453.23	90892.43	93117.34	96045.4	98183.86	99763.88	100837.06	102157.1	103512.24	104798.28	105642.17	106045.26	106238.52	106267.03	106519.75	107280.6	109077.99	110764.17	112745.49	115461.36	118769.72	121879.85	123833.93	125831.2	128157.27	130802.12	133516.99	135962.69	138440.7	140551.59	141805.66	142613.64	142572.26	143029.98	143456.97	144556.84	145535.36	147157.58	149103.23	150462.75	151181.81	151604.68	152433.9	152732.21	152665.99	153263.18	154813.63	157092.15	158852.55	159625.54	160155.24	161405.91	163153.37	164374.38	164710.39	164781.54	165524.78	167194.24	169418.2	171713.75	173565.63	175392.03	177444.56	180247.18	184346.93	188065.87	191349.05	193951.62	195414.17	195080.96	193327.65	192463.56	193531.27	195671.93	198653.29	201802.38	205420.37	209931.27	213643.51	216337.35	216422.44	215478.43	213977.53	213410.39	213379.26	212860.95	211265.29	208919.32	206687.17	205465.71	205197.8	206332.91	207160.68	206989.21	205514.61	203357.26	202017.65	201014.78	200734.13	200547.04	201046.0	201573.98	201593.72	200508.61	198279.35	195201.49	192060.18	189384.06	187668.16	186689.97	185817.93	185007.09	183652.1	183021.26	182557.48	182794.35	182445.41	181096.21	178261.2	175404.0	174682.65	175548.18	177385.42	179527.27	181297.27	182170.55	182265.87	182089.77	182154.57	182743.8
78215	8886.6	112558.22	112302.86	111538.35	110684.97	109588.98	109403.82	108742.28	108615.5	108459.94	109006.37	109483.66	110016.55	110558.07	110858.72	110760.88	110454.48	110636.17	111343.53	112081.52	112546.77	111985.92	111313.21	110344.63	109998.91	110040.49	110522.71	110965.72	111294.25	111764.47	112057.64	112039.31	111872.53	111682.43	111530.23	111429.45	111597.74	111950.47	112108.19	112046.03	112104.42	112092.52	112622.47	113026.2	113818.06	114443.24	115150.64	115573.69	116246.33	117586.36	119500.26	121054.46	122080.2	123015.53	123524.78	123908.37	123694.75	124350.4	124855.19	125441.93	125396.23	125093.31	124840.64	124824.27	125414.33	126572.93	128011.47	128908.63	129467.33	129823.18	130948.97	132249.63	133713.01	134665.92	135552.12	135849.47	135886.84	135525.31	135689.73	136348.79	137069.22	137899.29	138274.77	139203.15	139970.52	140892.03	141118.53	141468.68	141694.52	142683.45	143766.51	145184.51	146438.4	146966.25	146783.67	146056.59	145515.71	144928.02	144493.0	144450.26	144260.94	143619.62	142849.52	142556.44	141464.67	139726.32	137908.89	137233.75	136892.89	136265.23	135261.97	134323.99	133733.32	132999.67	132331.13	131498.06	130991.19	131354.3	132223.81	133514.17	134062.33	134189.64	133799.97	134127.31	134725.16	136736.08	138096.99	139303.83	139179.23	138429.68	137902.25	137720.01	138295.93	138072.65	137420.34	136173.2	135569.98	135251.08	134585.17	134124.9	133482.3	133187.59	132568.77	132486.55	132601.14	133228.91	134045.04	135599.65	137241.25	138768.48	140723.97	142560.24	144192.21	144633.5	145469.73	146352.14	147483.34	148226.74	149379.02	150773.54	152355.2	154114.71	156409.21	158833.24	160807.18	162348.25	164261.07	166378.82	168944.17	172151.31	175674.43	179630.47	182539.98	185742.38	187982.16	190375.84	191424.44	192844.42	194659.66	197697.74	200318.52	203245.59	205568.28	208415.05	210769.25	213549.45	216087.44	218795.03	222012.9	226152.29	231016.53	235680.55	241863.08	248385.06	254276.46	256675.63	258585.83	260633.77	263838.01	267832.35	271923.44	275564.47	277567.68	280316.25	282891.08	285747.62	289269.28	292253.06	295122.91	296789.35	299676.66	302134.01	303774.87	303135.39	302378.26	301383.06	303166.22	305464.65	307508.33	310100.88	312998.53	315920.99	318466.28	319942.73	321400.27	320264.92	318249.79	316209.29	316882.28	319373.74	322612.04	325473.61	327031.36	327991.6	328036.39	328252.3	330484.98	333189.79	336824.24	338884.25	340054.9	340298.43	341728.79	344780.85	347501.13	349505.14	351386.36	354675.6	358540.07	363211.25	366403.18	369096.84	370528.0	375846.52	383227.74	391247.29	397223.02	402898.34	408801.18	413653.77	414153.43	411584.26	407765.57	407895.4	408602.29	412697.36	417143.86	424864.54	433345.49	442300.78	450183.0	453238.24	450956.8	446385.99	443219.53	442603.85	441995.01	440741.46	440292.45	438399.63	437363.79	436023.22	438030.69	440883.6	442626.57	443665.69	444082.69	446677.26	450331.81	455651.29	460468.21	464413.66	466946.26	468452.66	468158.41	466917.74	465484.29	465250.9	465397.68	464218.28	463429.59	464211.53	467100.33	469253.46	468390.47	464998.16	461008.01	457822.33	455963.26	454389.62	454118.49	455410.48	458304.99	461187.25	464139.73	465258.86	465889.04	463926.17	462065.87	459202.79	458498.31
