zip,state,county,metro,2000-01-31,2000-02-29,2000-03-31,2000-04-30,2000-05-31,2000-06-30,2000-07-31,2000-08-31,2000-09-30,2000-10-31,2000-11-30,2000-12-31,2001-01-31,2001-02-28,2001-03-31,2001-04-30,2001-05-31,2001-06-30,2001-07-31,2001-08-31,2001-09-30,2001-10-31,2001-11-30,2001-12-31,2002-01-31,2002-02-28,2002-03-31,2002-04-30,2002-05-31,2002-06-30,2002-07-31,2002-08-31,2002-09-30,2002-10-31,2002-11-30,2002-12-31,2003-01-31,2003-02-28,2003-03-31,2003-04-30,2003-05-31,2003-06-30,2003-07-31,2003-08-31,2003-09-30,2003-10-31,2003-11-30,2003-12-31,2004-01-31,2004-02-29,2004-03-31,2004-04-30,2004-05-31,2004-06-30,2004-07-31,2004-08-31,2004-09-30,2004-10-31,2004-11-30,2004-12-31,2005-01-31,2005-02-28,2005-03-31,2005-04-30,2005-05-31,2005-06-30,2005-07-31,2005-08-31,2005-09-30,2005-10-31,2005-11-30,2005-12-31,2006-01-31,2006-02-28,2006-03-31,2006-04-30,2006-05-31,2006-06-30,2006-07-31,2006-08-31,2006-09-30,2006-10-31,2006-11-30,2006-12-31,2007-01-31,2007-02-28,2007-03-31,2007-04-30,2007-05-31,2007-06-30,2007-07-31,2007-08-31,2007-09-30,2007-10-31,2007-11-30,2007-12-31,2008-01-31,2008-02-29,2008-03-31,2008-04-30,2008-05-31,2008-06-30,2008-07-31,2008-08-31,2008-09-30,2008-10-31,2008-11-30,2008-12-31,2009-01-31,2009-02-28,2009-03-31,2009-04-30,2009-05-31,2009-06-30,2009-07-31,2009-08-31,2009-09-30,2009-10-31,2009-11-30,2009-12-31,2010-01-31,2010-02-28,2010-03-31,2010-04-30,2010-05-31,2010-06-30,2010-07-31,2010-08-31,2010-09-30,2010-10-31,2010-11-30,2010-12-31,2011-01-31,2011-02-28,2011-03-31,2011-04-30,2011-05-31,2011-06-30,2011-07-31,2011-08-31,2011-09-30,2011-10-31,2011-11-30,2011-12-31,2012-01-31,2012-02-29,2012-03-31,2012-04-30,2012-05-31,2012-06-30,2012-07-31,2012-08-31,2012-09-30,2012-10-31,2012-11-30,2012-12-31,2013-01-31,2013-02-28,2013-03-31,2013-04-30,2013-05-31,2013-06-30,2013-07-31,2013-08-31,2013-09-30,2013-10-31,2013-11-30,2013-12-31,2014-01-31,2014-02-28,2014-03-31,2014-04-30,2014-05-31,2014-06-30,2014-07-31,2014-08-31,2014-09-30,2014-10-31,2014-11-30,2014-12-31,2015-01-31,2015-02-28,2015-03-31,2015-04-30,2015-05-31,2015-06-30,2015-07-31,2015-08-31,2015-09-30,2015-10-31,2015-11-30,2015-12-31,2016-01-31,2016-02-29,2016-03-31,2016-04-30,2016-05-31,2016-06-30,2016-07-31,2016-08-31,2016-09-30,2016-10-31,2016-11-30,2016-12-31,2017-01-31,2017-02-28,2017-03-31,2017-04-30,2017-05-31,2017-06-30,2017-07-31,2017-08-31,2017-09-30,2017-10-31,2017-11-30,2017-12-31,2018-01-31,2018-02-28,2018-03-31,2018-04-30,2018-05-31,2018-06-30,2018-07-31,2018-08-31,2018-09-30,2018-10-31,2018-11-30,2018-12-31,2019-01-31,2019-02-28,2019-03-31,2019-04-30,2019-05-31,2019-06-30,2019-07-31,2019-08-31,2019-09-30,2019-10-31,2019-11-30,2019-12-31,2020-01-31,2020-02-29,2020-03-31,2020-04-30,2020-05-31,2020-06-30,2020-07-31,2020-08-31,2020-09-30,2020-10-31,2020-11-30,2020-12-31,2021-01-31,2021-02-28,2021-03-31,2021-04-30,2021-05-31,2021-06-30,2021-07-31,2021-08-31,2021-09-30,2021-10-31,2021-11-30,2021-12-31,2022-01-31,2022-02-28,2022-03-31,2022-04-30,2022-05-31,2022-06-30,2022-07-31,2022-08-31,2022-09-30,2022-10-31,2022-11-30,2022-12-31,2023-01-31,2023-02-28,2023-03-31,2023-04-30,2023-05-31,2023-06-30,2023-07-31,2023-08-31,2023-09-30,2023-10-31,2023-11-30,2023-12-31,2024-01-31,2024-02-29,2024-03-31,2024-04-30,2024-05-31,2024-06-30,2024-07-31,2024-08-31,2024-09-30,2024-10-31,2024-11-30,2024-12-31,2025-01-31,2025-02-28,2025-03-31,2025-04-30,2025-05-31,2025-06-30,2025-07-31,2025-08-31,2025-09-30,2025-10-31,2025-11-30,2025-12-31,2026-01-31,2026-02-28,2026-03-31,2026-04-30,2026-05-31,2026-06-30,2026-07-31,2026-08-31
19734,DE,New Castle County,"Philadelphia-Camden-Wilmington, PA-NJ-DE-MD",159044,158410,157739,156802,156702,157523,159078,160233,159852,159024,159077,160773,162909,164901,167222,168918,169767,170170,170934,172186,173550,174714,175570,175958,176147,176060,175347,175307,174985,175211,174687,176047,178169,180039,180854,181492,183056,184945,187197,189175,191797,194418,197916,200323,202633,204197,205513,206035,206650,207378,208412,210555,213535,217015,219661,221848,224238,226400,229230,232132,235208,238200,240999,243656,246457,248987,252264,256104,262033,269206,276152,282089,286678,290308,293147,296013,299226,301865,304276,305525,305378,304278,302353,300828,298837,297689,296871,296506,296783,298193,299553,300103,299493,298865,298204,297256,295450,293692,293265,293814,294866,294313,292442,289728,288007,286517,285079,282773,280217,277309,274464,272013,269465,266257,262857,260100,258453,257948,257814,257752,257882,258139,258914,259628,261084,262144,262702,261857,259999,257152,254184,252599,252139,251993,251069,249247,247320,245239,243766,242913,241884,240771,239788,239033,238687,237738,236165,234176,232871,233341,233214,232368,231800,233868,237145,240292,241396,241044,238932,236964,234484,232972,231407,231951,233384,236690,240727,246503,252571,257440,259272,258484,256750,255037,254231,254042,254556,254855,255744,256879,258867,261301,263647,265885,267056,268209,269293,270898,272434,272980,272824,272045,272244,273488,275460,277876,279594,281644,283850,286342,288224,289260,289867,290067,290900,292564,295194,297780,299594,301124,302172,303413,304720,305257,305048,304220,304220,305541,308230,311220,313820,315654,316974,317895,318200,318336,318260,318021,317557,317174,318068,319806,321248,321517,321119,320889,320369,319234,318143,317316,317399,318326,320304,322488,323754,324572,326160,328808,332479,336412,341186,345835,350422,355366,360378,365734,371416,377636,382669,385818,387234,388591,390182,392214,395972,400534,407104,414345,421377,427092,429526,430810,430416,430516,430527,431419,432321,433307,433888,435188,436952,439291,441214,442688,444163,445235,446575,447888,448879,449857,451518,454025,455767,456568,456548,457615,458629,460239,461084,461414,461389,461291,461463,462533,464586,467336,470616,473213,475398,476758,478675,480518,482329,483483,484811,484969,485014,485291,486716,488288
19904,DE,Kent County,"Dover, DE",,,,,,,,,,,,,,,,,,,,,,,,,,,,,,,,,,,,,,,,,,,,,,,,,,,,,,,,,,,,,,,,,,,,,,,,,,,,,,,,,,,,,,,,,,,,,,,,,,,,,,,,,,,,,,,,,,,195979,193966,192281,189005,186421,184436,183476,183073,183046,183111,183390,183848,184195,183769,182636,180744,179218,177827,176558,175293,174418,173858,173518,173161,173286,172873,171848,170162,169180,168730,167951,166933,166271,166170,166599,167039,167815,167943,167612,167030,167317,167624,167847,167314,167128,167488,168678,170172,171597,172443,173313,174483,175821,176512,176431,175925,175833,176158,177300,178452,179740,180291,180256,179602,179402,179375,179823,180183,181223,182405,183996,185387,186608,187476,188124,188703,188728,188559,188251,188218,188285,188706,189588,190753,191900,192614,193276,194015,194561,194991,195335,195673,195725,195550,195330,195280,195083,195348,195888,196752,197296,197806,198497,199527,200852,202072,203236,204062,204632,205050,205576,205879,205879,206129,207446,209658,211858,213590,214800,215723,216480,217396,217910,218317,218965,220239,221751,223163,224615,226031,226758,227267,228144,230077,232735,235875,239451,243630,247437,250796,253550,256881,260704,265101,268618,270745,271378,272237,274204,276958,281121,286026,291589,296280,300159,303156,305151,306139,306134,305554,305103,305453,306402,307840,309279,310848,312505,314766,317126,319282,321277,323060,325315,327062,328434,328914,329790,330856,331990,332595,333040,333457,334021,335248,337297,339734,341517,342320,342043,341427,340811,340505,341166,341963,342884,343359,344030,344605,345029,345310,345697,346014,346399,346963,347946,349272
19962,DE,Kent County,"Dover, DE",,,,,,,,,,,,,,,,,,,,,,,,,,,,,,,,,,,,,,,,,,,,,,,,,,,,,,,,,,,,,,,,,,,,,,,,,,,,,,,,,,,,,,,,,,,,,,,,,,,,,,,,,,,,,,,,,,,235626,233979,232904,229892,227207,224673,223442,222821,222720,222827,223116,224208,225562,226315,225530,222785,219859,217170,215504,214306,213353,212560,211801,211300,211435,211180,210478,208780,207184,205670,204779,204261,204215,204003,204167,204619,205722,206728,207006,206311,205806,205642,205633,205283,204932,205060,205724,207305,208971,210054,210344,210937,212063,212595,212488,211934,212011,212500,213938,216176,218917,220690,221362,221168,221594,222353,223404,224295,225669,227287,229158,230858,232303,233390,233657,233828,233822,234271,234768,235258,235593,236337,237518,239041,240294,241128,241677,242564,243229,243997,244434,245259,245819,246198,246143,246202,245799,245697,245941,246892,247823,248581,249716,250859,252164,253169,254515,255470,256124,256167,256226,256243,256373,257152,258957,261435,263731,265407,266433,266902,267179,267615,267851,268029,268704,269953,271534,272889,274516,275790,276527,276925,278061,280092,283035,286590,291122,296256,300977,305487,309709,314688,319770,324871,329724,333674,337243,340478,344555,348909,353507,357933,362735,367687,372295,376067,378023,378778,378035,377642,377299,377750,378128,379190,380021,381336,382576,384902,387470,389829,391828,393535,395416,396911,397754,398255,399021,400274,401329,401993,402455,403317,404461,405950,407907,409740,411193,411751,411759,412104,412607,413386,414239,414791,415230,415423,416441,417674,418737,419259,419843,420405,420953,421670,422599,423841
23223,VA,Henrico County,"Richmond, VA",94425,94670,94789,95069,94779,94231,93712,93372,93236,93213,93664,94223,94424,94376,94484,95042,95737,96393,96627,96819,97125,97650,97847,97896,98040,98662,98976,99144,99087,99348,99703,100321,100988,101791,102699,103578,104363,104958,105697,106617,107409,107970,108292,108860,109598,110506,111208,111595,112052,112358,112713,112893,113236,114308,115807,117366,118439,119189,120219,121557,122855,123831,125001,126711,129048,131299,133120,134610,136103,137891,139630,140905,141885,143052,144373,145358,146346,147531,149358,151098,152152,152732,153102,153916,154586,155809,157291,158930,160531,161673,162355,162269,162041,161921,161971,161783,161796,161792,161679,161090,159907,158874,157942,157324,156737,156509,156018,155280,153297,151220,149004,147294,145400,143744,142730,141948,141370,140673,140509,140653,141320,141332,140892,140064,139737,139463,138758,137709,136078,134378,132686,131658,130911,129704,128443,127471,127080,126113,124449,122632,121283,120509,120076,119558,118874,118254,118175,118499,118865,119232,119759,120065,120355,120371,120627,120634,120606,120488,120553,120970,121541,122366,122927,123257,123538,123872,124320,124607,124793,124843,124996,125493,126383,127211,127778,128051,128154,128388,128865,129470,129645,129475,129350,129743,130593,131659,132626,133679,134564,135525,136227,137060,137870,138783,139480,140087,140583,141087,141529,142288,143305,144551,145643,146740,147886,149296,150704,152057,152897,153722,154619,155821,157049,158204,159372,160602,161662,162855,163964,165186,166211,167156,168209,169424,171001,172556,173894,174877,175928,177273,178742,179910,180524,180847,181192,181837,182809,183921,185278,186772,188334,189708,190868,191731,192443,192905,193951,195592,198035,201107,204682,208090,211191,214200,217764,221379,225011,228401,230969,232155,232214,232396,233767,235959,239912,244697,250191,256022,262114,268938,275469,280116,283361,285673,288795,291482,292584,292408,291879,292617,294498,296157,296327,294695,292366,289424,286528,284317,283582,284472,286427,288588,290302,291310,292071,292871,293536,294139,294758,295835,297178,298117,298323,297857,297274,296810,296632,296851,297324,298015,298798,299769,300948,302184,303052,303124,302237,301230,300587,300903
23832,VA,Chesterfield County,"Richmond, VA",150091,150394,150785,150613,150435,150193,150803,151558,152177,152705,153096,153510,153884,154126,154379,154954,155561,156276,156841,157441,158041,158652,159346,160031,160757,161501,162100,163092,164145,165598,166682,167741,168666,169808,170937,171909,172616,173337,174259,175588,177020,178440,179716,180963,182211,183204,184206,185348,186505,187325,188055,187401,187588,188226,190751,193085,195717,198391,200988,203148,204937,206773,208702,211647,214587,217339,219890,223247,226959,230164,232524,234028,235259,237347,240674,244755,248501,251582,254108,255791,257437,258691,259827,260285,260854,261330,262124,263465,265077,266433,266994,267027,266695,266309,266220,266105,264930,263669,262873,262837,262131,260429,258130,255898,254123,252456,251134,249684,248499,247042,245401,243971,242135,240445,238307,236591,234769,233181,231788,231097,231020,231051,230895,230473,230485,230366,229628,227733,225478,223208,221057,219516,218226,216616,214490,212323,210699,209201,207839,206646,205274,203576,201778,200669,200142,199445,198217,196826,196086,195767,195574,195264,195085,195368,196128,197061,198107,199000,199722,200139,200899,201912,203030,203742,204019,204241,204553,205155,205833,206426,207258,207840,208497,208774,209118,209408,209666,209911,210258,210778,211279,211774,212213,212588,212982,213557,214525,215708,216897,218220,219523,220712,221839,223080,224274,225406,226517,227800,228959,229782,230552,231480,232643,233824,234928,236070,237211,238379,239278,240013,240583,241324,242175,243301,244464,245697,246719,247653,248644,249527,250318,250796,251611,252517,253772,254742,255729,256297,257096,258265,259867,261515,262707,263523,263975,264489,265286,266286,267562,268810,270130,271333,272506,273655,274681,275666,276790,278512,281342,285113,289366,293754,298043,302273,306396,310514,314839,319287,323387,326940,329593,332131,334849,338388,342760,347426,352289,357193,362067,366502,369419,370285,369669,368852,368723,368823,369122,369439,370305,371576,374042,376995,380104,382418,384328,385849,387323,388866,390432,392138,394529,397173,399497,400684,401205,401768,402310,403062,403561,403999,404500,405010,405299,405226,404848,404496,404379,404506,405050,405897,407089,408418,409455,410442,411282,411952,412264,412280,412542,413110
27253,NC,Alamance County,"Burlington, NC",,,,,,,,,,,,,,,,,,,,,,,,,,,,,,,,,,,,,,,,,,,,,,,,,,,,,,,,,,,,,,,,,,,,,,,,,,,,,,,,,,,,,,,,,,,,,,,,,,,,,,,,,,,,,,,,,,,,,,,,,,,,,,,,,,,,,,,,,,,,,,,,,,,,,,,,,,,,,,,,,,,,,,,,,,,,,,,,,,,,,,,,,,,,,,,,,,147056,147062,147083,147306,147617,147858,148187,148886,149669,150557,151105,151727,152176,152876,153702,154488,155113,155837,156591,157484,158538,159919,161001,161738,162136,162956,163738,164770,165743,167049,168083,169197,169993,170946,171417,171840,172262,173058,173913,174560,174864,175108,175210,175363,175610,176245,176867,177777,178820,180417,182000,183455,184762,186096,187861,190366,193263,196044,198066,200182,202610,205463,208072,211424,215698,220660,224631,226922,228501,230167,232570,236343,241265,247595,254096,260269,265719,269472,271345,271859,271887,272180,272607,273206,274609,276292,278419,279955,281416,282910,285242,287466,289356,290698,291315,291639,291862,293118,294990,297009,298071,298085,297470,297090,297393,297837,298955,300031,300880,300609,299626,298328,297256,296643,296674,297392,298187,298959,299570,300524,301836,302953,303492,303315,302839,302297,301517
27330,NC,Lee County,"Sanford, NC",91639,91832,91909,92142,92446,93011,93774,94522,95150,95654,96332,97146,97941,98387,98643,98869,99183,99486,99823,100204,100567,100920,101149,101346,101443,101519,101564,101657,101848,102048,102293,102519,102773,103037,103358,103732,103957,104099,104186,104395,104613,104781,104934,105203,105611,106080,106530,106989,107344,107611,107910,108295,108744,109093,109484,109901,110437,111040,111685,112368,,116296,118341,,118773,118630,118914,119478,120137,120668,121184,121656,121906,122256,122718,123372,124010,124718,125521,125706,125753,125634,125987,126300,126681,127081,127401,128143,128856,129486,129492,129519,129640,129825,129936,129480,129009,128541,128661,128831,128870,128677,128418,128167,127951,127776,127571,127416,127032,126668,126248,125967,125545,125025,124336,123687,122950,122301,121691,121212,120620,120086,119632,119481,119333,119235,118602,117826,116968,116575,116232,115871,115212,114562,113924,113518,113232,112971,113028,113159,113361,113264,113027,112748,112354,112316,112658,113691,115066,115721,115787,114947,114477,114085,113768,113523,113135,113013,113139,113612,113716,113722,113727,114610,115587,116452,117160,117800,118502,118925,118935,118673,118488,118612,118813,118934,118957,118930,118838,118810,118646,118497,118335,118292,118648,119306,120458,121536,122621,123613,124084,124393,124860,125636,126009,126362,126786,127420,127703,128065,128561,129161,129586,130136,131009,131852,132621,133252,133866,134729,135987,137278,138373,139127,140087,141247,142499,143868,145451,147117,148553,149749,150861,151939,152928,153686,154674,155456,155900,155916,156223,156681,157385,158007,158974,160313,161581,163210,164673,166312,167942,170078,172783,175285,177043,178401,179772,181083,182758,184451,186681,188755,191649,195637,200296,204227,207592,210508,212839,213494,213647,214378,216262,218047,222011,227887,235698,242863,249256,254335,258097,260278,261502,262282,262617,262850,263217,264713,267279,270297,272750,274416,275711,277083,278549,279431,280000,280052,280066,280826,283057,285849,288331,289324,289296,288507,287700,287458,287708,288970,290525,291672,291803,291196,290779,290079,289720,289556,290129,290621,291189,291621,292632,293648,294613,294446,293175,291445,290166,289778
27501,NC,Harnett County,"Fayetteville, NC",,,,,,,,,,,,,,,,,,,,,,,,,,129416,129248,129634,130126,130919,131883,132835,133535,134127,134184,134220,133880,134217,134897,135340,136063,136613,137641,138560,139559,140747,141312,141770,140943,140365,139458,139474,139681,140186,139886,139142,138600,139211,139906,140131,139447,139383,140083,141123,141782,142056,142808,144136,145660,147135,147690,148040,148753,149837,150957,151700,152742,153891,154695,154844,154771,155032,155329,155462,155605,155923,156393,156448,156579,156559,156971,157619,158333,158866,158861,158983,159095,159540,159809,159984,160175,160316,160322,160182,159944,159584,159015,158576,158477,158540,158433,157805,156889,156337,155761,155080,153995,153226,152646,152239,152323,152481,152792,152604,152717,152750,152873,152703,152639,151834,150771,149384,148966,148867,149003,148547,148141,146807,145519,144045,143466,142837,142248,141618,142245,143372,144659,144929,145003,145338,145788,145912,145740,145336,145075,144740,144319,143925,143536,143295,143391,144031,145081,146076,146625,147136,147474,148076,148742,149621,150154,150537,150870,151486,152012,152276,152366,152348,152605,153024,153672,154425,155260,156182,157104,157893,158695,159340,160064,160680,161209,161860,162501,163204,163433,163669,163856,164379,165084,166277,167781,169448,170936,172254,173247,174208,175022,176211,177295,178409,179290,180435,181713,183252,184739,186199,187187,187921,188917,190182,191608,192783,194052,195184,196025,196632,197195,197895,198490,199211,200159,201268,202244,203164,204103,205059,205821,206865,208396,210323,211915,213270,214478,215916,216922,217855,219084,221094,224116,227662,231471,235128,238639,242765,247018,251203,255478,259931,264850,268759,272267,275371,279067,282926,287899,293320,299843,306921,314611,322126,327144,329323,328594,327361,326242,325144,323635,322703,323037,324944,327302,329692,331473,332714,333651,334015,334559,334630,334986,335461,336593,337789,338486,338529,338416,338468,338842,338989,338987,338927,339127,339124,338477,337277,336015,334833,334082,333405,333124,332761,332593,332601,332779,333071,332985,332777,332192,331545,330621,329526
27529,NC,Wake County,"Raleigh-Cary, NC",157380,157524,158056,158817,159690,160094,160395,160508,160563,160850,161290,162133,162766,163253,163676,163913,164208,164210,164565,165010,165468,165756,165863,166090,166268,166256,166506,166637,166982,166916,167057,167260,167295,167365,167439,167831,168076,168102,168062,167957,167981,168012,168341,168775,169201,169512,169696,170061,170301,170565,170775,170967,171131,171111,171340,171583,171829,171879,171990,172262,172416,172652,172880,173376,173948,174658,175386,176247,177127,178060,178837,179754,180498,181322,181976,182889,183783,184626,185303,186011,186759,187658,188474,189146,189725,190156,190701,191193,191793,192447,193084,193671,193937,193949,193826,193598,193233,193054,192825,192688,192216,191927,191711,191502,190867,190106,189325,188612,187257,185944,184706,184092,183570,183160,182756,182278,182102,182268,182511,182325,182184,182165,182665,183414,184152,184451,183856,183075,182291,181797,181250,180709,180105,179445,178479,177232,175959,175064,174295,173488,172751,171965,171352,170935,170890,171115,171458,172091,172551,172748,172776,172774,172916,173057,173190,173053,172872,172909,173207,173582,174039,174646,175510,176446,177260,177831,178110,178403,178735,179289,179915,180668,181479,182274,183033,183528,183914,184056,184499,184951,185674,186440,187281,187911,188447,189049,189954,191059,192351,193657,194937,196189,197662,199147,200432,201480,202548,203747,204884,206016,207245,208587,210078,211669,213216,214495,215417,216317,217245,218332,219306,220200,220930,221774,222828,224234,225834,227479,229033,230099,231008,231894,233295,234692,235985,237054,238122,239137,240392,241922,243844,245630,247080,247983,248856,250101,251749,253612,255357,257032,258455,259732,260866,261763,262292,262889,263921,265779,268643,272037,275801,279454,283384,287696,292446,297421,303172,309904,317513,325063,332007,338565,344975,351192,357886,365081,373694,383106,392329,400094,404400,405119,402854,400037,397116,394067,390706,387953,386419,386055,386749,388106,389546,390852,391693,392226,392444,392631,393327,394727,396851,398494,399449,399276,399006,398535,398389,398048,397677,397430,397464,397309,396509,395497,394348,393115,391731,390456,389723,389052,388661,388011,387627,387303,387233,387049,386465,385398,384328,383403
27546,NC,Harnett County,"Fayetteville, NC",,,,,,,,,,,,,,,,,,,,,,,,,,,,,,,,,,,,,,,,,,,,,,,,,,,,,,,,,,,,,,,,,,,,,,,,,,,,,,,,,,,,,,,,,,,,,,,,,,,,,,,,,,,,,152272,152293,151869,150905,149552,150458,151706,152669,151640,150738,149945,149011,148513,148371,148350,147657,146948,146008,145690,146406,147789,147483,145902,143780,143677,144330,145358,145229,144801,142281,139813,137340,136933,136948,137042,136924,138179,139549,140921,140599,140025,139711,138983,137658,136212,135884,136375,136918,136627,136101,135506,135527,135672,136393,136615,136882,136677,136934,136834,136651,136425,137230,138326,140021,141390,142932,143933,144514,144635,144451,144453,144613,144866,145155,145627,146720,147909,148973,149356,149432,149741,150606,151670,152674,152830,152333,151260,151261,151796,152842,153449,154380,155291,156407,157806,159538,160558,160941,160643,160940,160976,160897,160604,160954,161843,163368,164853,166265,166618,166379,166152,166143,166236,166250,166651,167341,167727,167899,167993,168333,168891,169813,171152,172504,173473,174483,175615,176850,177623,178571,179670,180964,182124,183213,184071,185068,185690,186075,186323,187381,189710,192525,195421,198053,200555,203310,206548,209905,213621,216994,219962,221602,222322,223253,225227,227825,231855,236503,242442,248610,254931,260795,264530,266427,266872,267575,267999,267622,266412,266488,268549,272129,275117,277438,279165,280665,281881,282588,283634,284182,284648,285156,286663,288592,290261,291135,291641,291689,291530,291228,290935,291208,291653,292130,291757,291005,290441,290080,289937,289636,289930,290875,292296,293503,294444,295092,295606,295572,295085,294282,293444,292589
27569,NC,Johnston County,"Raleigh-Cary, NC",,,,,,,,,,,,,,,,,,,,,,,,,,125696,125946,125830,125844,126061,126499,127184,127611,128088,128417,128861,129304,129737,129894,130141,130633,131240,131775,131955,132204,132701,133325,133800,134069,134452,135092,135722,135918,135994,136302,136886,137729,138633,139766,140720,140311,140623,139664,139507,137462,,131309,127967,125080,123446,122808,124442,125067,125227,123099,121038,118095,118128,119534,123195,126101,128602,130601,132090,132626,132939,133412,134503,135671,136794,136528,135747,134456,133249,131487,129292,128370,128335,128993,129243,129421,129551,129969,130530,131209,131528,131302,130622,129619,128582,128167,128261,128727,127819,126077,124024,123224,123248,123697,123935,124439,124789,125137,125138,125618,126766,128013,128734,128493,127816,126878,126120,124816,123377,121365,119238,117028,115357,115857,117303,118913,118793,118100,117420,117057,117187,117780,118679,119666,120476,120960,120898,120798,120389,120219,119708,119327,118596,118099,117858,118370,119144,119988,120564,120569,120095,119266,118671,118754,119328,120258,121167,122219,123145,124016,124530,124796,124909,125503,126473,127647,128703,129733,130870,131931,133010,134085,134845,135566,136189,136923,137783,138867,140097,140957,141414,141690,142153,142689,143253,143763,144364,145140,146076,147150,148007,148685,149380,150208,150872,151344,151863,152592,153408,154229,155001,155838,156587,157781,158906,160115,160716,161045,161219,161710,162347,163031,163747,164342,164558,164610,164923,165435,166134,166659,167341,167604,168273,169040,169968,171115,172671,174571,176093,176905,177148,177375,178585,181139,184558,187878,190635,193167,195956,198835,201726,205139,209195,212493,213731,213564,213543,214863,216502,220263,225426,232316,238821,244487,249184,251720,252941,252635,252864,252658,251572,249357,247323,247941,251034,255143,258837,261163,262809,264256,265401,266613,267107,267511,268450,270151,272064,273046,272996,272373,271670,270920,270493,270288,270941,271751,272546,272550,272127,271716,271090,270369,269515,269074,269369,270105,270973,272379,274508,277255,278969,279187,278267,277568,276939
27571,NC,Wake County,"Raleigh-Cary, NC",217355,217084,216945,216800,218403,220920,223238,223355,222270,221734,222065,222815,223440,223853,224401,224865,225648,226512,226823,226693,226439,227121,228549,229717,230072,229304,228995,228862,230070,231246,232175,232125,231583,232313,233363,234489,234679,234729,234982,235408,236133,237534,238684,239359,239823,240607,241786,242431,242688,242432,241933,241526,241684,242256,243293,243881,244076,244346,245109,246221,247841,249622,251368,252531,253552,254694,255660,256735,258252,259972,261491,263083,264046,265024,265656,266865,268262,270206,272309,274615,276716,278684,280206,280870,281647,282360,283905,285387,286996,288536,290043,291459,292254,292935,293326,293516,292772,292174,289150,285672,281721,279771,278857,277927,276840,275198,273275,272141,271396,271613,270981,269777,267550,265661,264072,262934,262352,262274,262175,261843,262182,262605,263452,264199,265424,265619,264443,262698,261042,260190,259556,259431,259001,258406,256881,254863,252436,250698,249207,247991,246798,245376,244153,242719,242009,241692,242479,243389,244776,246192,247284,247919,247983,248376,248643,249101,249751,250538,251943,253491,255642,257726,259947,261939,263575,265142,266537,267781,268739,269932,271593,273119,274081,274396,274732,274991,275635,276071,277209,278189,279446,280493,282134,283773,285466,286522,287457,288204,289172,290338,292307,294136,295905,296937,297837,298627,299027,299371,299835,300521,301261,302029,303121,304253,305196,306163,307157,308417,309174,309765,310275,310928,311625,312051,312481,312930,313670,314477,315603,316424,317252,317928,319057,320051,320926,321538,322386,323488,324629,325513,326461,327604,328832,329578,330067,330277,330858,331627,332828,334150,335566,336675,337549,338327,339036,339744,340885,342875,345928,349312,353210,357155,361356,365803,370811,376662,384109,393341,404050,415097,425786,435817,445101,453833,463063,473080,485012,498223,511779,523107,529053,529731,525886,521431,516385,511621,506383,502404,500451,501019,502696,505116,506985,508207,508171,507935,507875,507582,507377,508017,510529,513341,515529,516097,516120,516043,516528,516789,516963,516798,516418,515778,514346,512800,510394,508059,505857,504673,504165,503971,503362,502433,501190,500334,499507,499078,498215,497391,496854,496729
27577,NC,Johnston County,"Raleigh-Cary, NC",,,,,,,,,,,,,,,,,,,,,,,125653,125718,125970,125991,125608,124889,124606,124824,125484,126134,126681,127147,127434,127753,127920,128071,128434,128886,129646,130291,131140,131795,132451,133042,133551,134094,134208,134297,134242,134492,135066,135760,136293,136590,137021,137716,138552,139215,139412,138512,136949,,132867,130765,129368,129290,129908,130734,131217,131975,132867,133780,134511,135071,135699,136659,137740,138315,138677,139030,139455,139621,139807,140277,141040,141877,142871,143551,143755,143620,143506,143386,143255,143112,143272,143693,144126,144479,144673,144926,144775,144269,143377,142819,142340,141753,140071,138292,136695,136180,136215,136167,135839,135303,134916,134779,134499,134040,134372,134772,135716,136006,136471,136973,137194,136833,136274,135559,134779,133577,132153,131199,130113,128979,127470,126395,125794,125387,124788,124053,123341,123040,122953,123562,124602,125870,127005,127845,128551,128668,128738,128452,128435,128077,127690,127175,127096,127492,128419,129316,130183,130662,130900,130785,130453,130170,130061,130308,130363,130618,130986,131576,132277,132654,132769,132184,131727,131650,132107,132814,133435,134174,134801,135378,135941,136409,136966,137249,137492,138016,139033,140347,141282,141884,142108,142496,143029,143575,144174,144830,145701,146687,147790,148849,149801,150799,151792,152772,153599,154579,155481,156484,157594,158780,159974,160848,161842,162568,163465,164231,165242,166168,167207,168070,168784,169317,169904,170560,171399,172260,173145,173984,174796,176184,177590,179234,180573,181804,183005,184250,185610,186875,187752,188488,189457,191203,194059,197570,201390,204912,208347,212127,216018,219933,224114,228886,233423,236843,239225,241445,244322,247670,252865,259182,266671,273886,280151,285645,288987,290447,290051,289445,288722,287620,285887,284678,284589,285801,287355,289025,290270,291356,292306,293100,293859,294162,294705,295775,297461,298786,299308,298794,298181,297560,297429,297226,296932,296978,297074,296966,296120,295136,294442,293427,292326,291053,290386,290015,290024,290276,290915,291890,292802,293200,292892,291914,290848,289706
27587,NC,Wake County,"Raleigh-Cary, NC",224705,224678,224845,225320,226654,228108,229066,229036,228600,229045,230003,231192,231890,232390,232954,233450,234319,235373,236228,236545,236594,237135,237943,238578,238786,238485,238594,238490,239258,239905,240642,240733,240483,240738,241164,241702,241928,241835,241718,241716,242357,243372,244378,244854,245046,245368,245953,246555,246990,247231,247403,247495,247994,248819,249820,250300,250772,251306,252332,253189,254044,254788,255496,256219,256895,258016,259219,260711,262278,263943,265438,267019,268267,269661,270888,272652,274319,275979,277449,278816,280152,281461,282734,283656,284664,285601,287038,288525,290250,292025,293561,294915,295629,296184,296411,296572,296181,295966,294108,291856,289012,287279,286114,285148,284090,282712,281061,279639,278562,278127,277628,276748,275361,274002,272627,271264,270347,269834,269402,268655,268236,267871,268139,268918,269953,270256,269277,267865,266091,264708,263617,262925,262185,261265,260147,258773,257334,256212,255301,254288,253574,252552,251560,250537,249973,250066,250578,251435,252543,253570,254401,254892,255347,255938,256637,257070,257542,258012,258745,259410,260417,261619,263135,264827,266467,268097,269230,270026,270576,271349,272606,273900,275087,276073,276917,277424,277939,278236,279129,279872,280851,281847,283049,284287,285287,286094,287061,288346,289988,291758,293601,295369,297181,298775,299695,300134,300304,300580,301032,301516,302264,303329,304645,306268,307753,309190,310329,311407,312016,312454,312911,313621,314166,314591,315106,315991,316943,317762,318611,319300,320113,320727,321757,322747,323938,324959,326078,327066,328137,329278,330871,332387,333608,334188,334398,334470,334641,335197,336181,337604,339291,340832,342237,343264,343993,344509,345293,347067,349900,353529,357681,362357,367293,372563,377984,384141,391492,400720,410854,421257,430864,440208,449217,457763,466756,476728,488880,502135,515042,525421,530802,531250,527638,523761,519750,516171,512088,508753,507065,507296,508769,510770,512714,514276,515070,515739,516002,515904,515553,516424,519322,522609,525229,525806,525580,524862,524753,524632,524649,524238,523798,523183,522372,521548,520148,518549,516762,515481,515102,515153,515142,514797,514369,514176,513888,513408,512607,511891,511563,511567
27591,NC,Wake County,"Raleigh-Cary, NC",153734,153990,154092,154523,155164,155943,156633,157084,157422,157853,158237,158862,159475,160214,160871,161372,161714,162015,162273,162561,162891,163348,163401,163055,162545,162300,162403,162520,162889,163205,163524,163700,163734,163705,163533,163250,163111,163037,163230,163484,164093,164738,165230,165637,165959,166100,165776,165360,165144,165213,165177,165334,165237,165346,165356,165513,165826,166050,166374,166608,166671,166815,166891,167393,168054,169062,170201,171200,172174,172865,173330,173718,174120,174938,175867,176992,177981,178643,179127,179632,180376,181258,182002,182516,182971,183298,183759,183925,184292,184670,185410,186267,186674,186900,186929,187120,187049,186924,186672,186503,186376,186287,186237,186055,185902,185499,185078,184390,183201,181988,180908,180420,179957,179431,178867,178139,177667,177569,177632,177699,177705,177669,177675,178050,178628,178992,178593,177936,177145,176518,175963,175408,174747,173702,172356,170843,169456,168476,167539,166486,165502,164386,163251,162202,161587,161290,161167,160909,160981,160997,161118,160828,160616,160502,160599,160465,160267,160427,161022,161882,162890,164083,165343,166422,167188,167742,167883,168001,168210,168825,169467,170013,170650,171335,172165,172510,172748,172705,172970,173321,173955,174844,175719,176393,176831,177317,178005,178926,180149,181480,182830,184093,185582,186980,188010,188623,189106,189809,190763,191951,193178,194506,195889,197317,198746,200072,201211,202210,203045,204099,205225,206455,207491,208517,209653,211189,212911,214826,216677,218237,219438,220220,221190,222138,223242,224223,225424,226775,228379,230007,231863,233477,234893,235772,236620,237683,238944,240403,241916,243715,245593,247454,249140,250605,251570,252292,253090,254535,256972,260069,263533,267123,270971,274979,279067,283433,288900,295299,302192,308912,315172,321344,327088,332755,339097,346370,354923,363974,372635,379797,383714,384400,382226,379322,376515,374227,372098,370429,369533,369322,369795,370716,371736,372508,373049,373550,373955,373994,374217,375110,376765,378094,378532,378007,377106,376536,376607,376907,377253,377675,378187,378187,377202,375789,374346,373163,372341,371804,371661,371300,370980,370565,370451,370549,370499,370312,369726,368909,368138,367378
27596,NC,Franklin County,"Raleigh-Cary, NC",147963,147753,147747,147873,148674,149852,151021,151541,151523,151474,152186,153368,154771,155629,156401,156902,157370,157575,157901,158228,158659,159258,159782,160167,160078,159913,160045,160333,161086,161719,162286,162397,162298,162527,162977,163489,163598,163669,163781,163872,163866,163957,164375,164939,165514,165979,166377,166741,166948,167174,167346,167661,167934,168300,168786,169363,169930,170522,171192,171958,173073,173698,175169,176975,179469,181413,183108,184391,185651,186704,188017,189071,189993,191020,191957,192873,193765,194659,195298,196039,196958,198260,199343,200358,201324,202260,203129,203727,204255,204660,204980,205446,205946,206624,207155,207638,207980,208399,208742,208778,208520,208159,207843,207527,207049,206574,205899,205300,204721,204458,204134,203567,202605,201576,200479,199353,198180,196962,195815,194716,193894,193317,192890,192522,192036,191642,191218,190799,190312,189883,189346,188658,187669,186842,186008,185185,184402,183792,183402,182966,182634,182274,181922,181407,181043,181161,181503,182028,182180,182389,182530,182944,183674,184581,185195,185569,185665,186039,186569,187378,188017,188699,189342,190273,191044,191765,191950,191979,191840,192420,193261,194563,195588,196675,197614,198285,198823,199097,199455,199879,200323,201319,202297,203640,204819,205984,206969,207673,208403,209447,210677,211980,213003,214099,214873,215985,216876,217983,218923,220043,221408,222850,224409,225986,227372,228878,230475,232426,233900,234958,235752,236931,238317,239953,241516,243276,244823,246319,247812,249238,250255,250773,251596,252879,254525,255990,257108,258062,258995,260394,262046,263525,264448,264886,265150,265404,265893,266728,268186,269783,271389,272674,273776,274468,274701,275133,276365,278775,281997,285597,289548,293614,297867,302373,306866,311660,317124,323541,330210,336696,343130,349803,356754,363514,371141,379710,389676,399870,409088,416834,421519,423281,422131,420446,418614,417445,416243,415353,414272,413290,413084,413920,414915,415524,415543,415794,415660,415429,415173,415955,417955,420254,422080,422151,421058,419535,418846,418930,419355,419738,420106,420121,419600,419005,418465,418032,417554,417161,416954,416879,416664,416449,415873,415393,415082,415123,415267,415231,415147,414620
27610,NC,Wake County,"Raleigh-Cary, NC",128695,128763,129085,129662,130445,131050,131459,131790,132146,132745,133529,134478,135285,135807,136128,136279,136304,136214,136077,135973,135874,136004,136141,136321,136307,136250,136362,136440,136682,136763,136902,137025,136806,136589,136314,136515,136850,136973,136769,136370,136187,136294,136529,136815,137007,137330,137700,138197,138495,138764,138963,139227,139401,139486,139658,139574,139385,138962,138731,138706,138823,139102,139305,139573,139879,140386,140977,141694,142471,143172,143731,144266,144715,145194,145601,146286,146953,147574,148030,148496,148996,149517,149941,150217,150547,150863,151443,152023,152709,153365,154000,154520,154661,154605,154485,154363,153981,153528,152497,151589,150569,150029,149567,149165,148636,147885,146935,146035,144981,144295,143772,143260,142631,141926,141468,140943,140710,140634,140672,140476,140530,140573,140862,141380,142077,142324,141748,140895,140094,139562,139084,138517,137762,136718,135507,133957,132300,130899,129510,128023,126792,125778,125133,124594,124031,123369,122488,121959,121717,121493,121249,120872,120642,120482,120468,120493,120617,120727,121006,121434,122344,123425,124547,125257,125712,126154,126677,127180,127713,128406,129248,130008,130817,131512,132195,132637,133081,133361,133811,134366,135188,136119,137048,137920,138625,139435,140340,141492,142757,144060,145309,146531,147881,149323,150578,151553,152331,153148,154167,155471,156793,158087,159297,160537,161651,162618,163483,164416,165368,166633,168080,169566,170740,171831,173020,174339,175716,177293,179134,180765,182224,183393,184783,186201,187744,189256,190708,191989,193277,194686,196265,197741,198983,199866,200732,201763,202982,204243,205506,206866,208493,210163,212082,213964,215494,216622,217891,219826,222523,225452,228599,231704,234837,238016,241774,245967,251137,257191,263859,270407,276579,282727,288524,293741,299154,305695,314026,322954,331724,338779,342935,343476,341299,338231,335102,332356,330061,328399,327758,328063,329264,330955,332580,334083,335001,335746,336126,336248,336352,336812,337940,339068,339584,339177,338430,337563,336762,335597,334425,333483,332707,331819,330321,328713,326970,325209,323381,321576,320370,319521,319366,319194,319266,319355,319269,318549,317251,315837,314645,313479
27616,NC,Wake County,"Raleigh-Cary, NC",156899,156981,157213,157759,158647,159516,159974,160089,159995,160027,160097,160250,160498,160764,161039,161226,161424,161634,161854,162155,162514,162857,163116,163280,163461,163357,163375,163334,163634,163815,164009,164104,164063,163979,163983,164150,164384,164293,164110,163958,164174,164508,164874,165181,165501,165715,165882,165985,166257,166581,166857,167132,167393,167760,168227,168644,169057,169161,169291,169396,169701,170100,170492,170948,171271,171823,172395,173250,174089,174811,175362,175931,176522,177214,177927,178904,179838,180722,181516,182323,183253,184204,184983,185534,186111,186689,187547,188427,189535,190595,191528,192340,192791,193145,193234,193158,192691,192203,191470,190957,190371,189950,189464,188995,188386,187629,186734,185906,184917,184203,183566,183037,182375,181710,181127,180450,179981,179822,179781,179767,179799,179846,179911,180317,180866,180987,180165,179002,177733,176877,176191,175723,175274,174586,173694,172338,170783,169587,168590,167620,166690,165773,165110,164393,163661,163168,162859,162967,163153,163401,163573,163745,163927,164175,164466,164726,165052,165465,166073,166618,167414,168295,169382,170346,171204,171942,172450,172856,173316,174080,175035,175863,176579,177095,177642,178038,178475,178725,179213,179665,180459,181260,182186,182956,183659,184340,185236,186391,187792,189186,190534,191821,193082,194317,195294,196249,197145,198213,199477,200786,202077,203304,204514,205763,207086,208462,209794,211181,212347,213449,214252,215077,215849,216753,217848,219230,220673,222184,223731,225114,226400,227506,228784,229918,231152,232209,233469,234647,236105,237573,239261,240689,241997,242836,243699,244641,245767,246969,248187,249431,250822,252125,253550,254940,256114,257053,258150,259916,262500,265559,268810,272134,275363,278760,282536,286873,292276,299100,306877,314905,322395,329851,336922,343739,350833,358779,368270,378091,387963,395872,400378,400474,397247,393283,389284,385617,382117,379059,377245,376657,377499,379022,380441,381432,381735,381643,381359,380977,380736,381093,382344,383466,384071,383684,383330,382804,382286,381335,380352,379317,378195,376938,375260,373566,371377,369078,366652,364579,363085,361964,361043,360058,359283,358879,358516,357759,356313,354574,353186,352158
27880,NC,Wilson County,"Wilson, NC",,,,,,,,,,,,,,,,,,,,,,,,,,,,,,,,,,,,,,,,,,,,,,,,,,,,,,,,,,,,,,,,,,,,,,,,,,,,,,,,,,,,,,,,,,,,,,,,,,,,,,,,,,,,,173188,173040,173145,172882,172431,171644,170911,170123,168978,167664,166517,165591,164831,164151,163945,163999,164123,164177,164046,163769,162534,161009,159358,158241,157150,156150,155452,154899,154428,153889,153562,153401,153713,153950,154131,153803,153399,153157,153268,153659,154218,154864,155572,155808,155991,156061,155869,154713,152903,151240,150347,150655,151632,152989,154244,155487,156570,157542,157983,158484,159187,160463,161866,163268,164548,165241,165345,165217,165366,165250,165105,164673,164708,164959,165187,165052,164738,164643,164711,164787,164946,165089,165152,165218,165335,165507,165469,165871,166327,166807,166873,167111,167585,168633,169958,171238,172210,173004,173906,174656,174977,174878,174849,174877,175197,175394,175896,176428,177033,177220,177679,177897,177975,177505,177244,177205,177533,177831,178354,179451,181188,182696,183578,183689,184208,184761,185502,185927,186155,186483,186809,187244,187789,188933,190247,191454,192182,193249,194587,196334,198571,201571,205131,208670,212100,215314,217982,220296,223353,227571,231195,233087,233516,234280,236253,238677,242667,247250,252842,258361,263787,268925,272362,274220,274471,274477,274451,274243,273500,273347,274931,278497,282366,285018,286417,287478,288953,290409,291684,292270,292552,292780,293124,294217,295488,296981,298175,299191,299890,300395,300461,301447,302390,303746,303665,302939,301970,301437,301465,301741,302677,303594,304110,303962,304002,304493,305420,305453,304679,303096,301744,300491
28016,NC,Gaston County,"Charlotte-Concord-Gastonia, NC-SC",,,,,,,,,,,,,,,,,,,,,,98649,98571,98541,98486,98320,98237,98198,98011,98161,98537,99087,99072,98670,98258,97818,97557,97542,97934,98412,98905,98992,98875,98657,98724,98865,98901,98909,99155,99612,99945,100072,99668,99676,99726,100628,101436,102147,102680,103093,103473,103497,103459,103507,103694,103770,103879,104055,104075,104130,104174,104430,104624,104917,105219,105568,105944,106476,106878,107107,107470,108197,109000,109468,109622,109770,109806,110001,110060,110238,110477,110751,111000,110865,110852,110755,110425,109636,109256,108854,108863,108613,108570,108079,107026,106130,105795,105612,105103,103791,102959,102652,102812,102325,101364,100257,99830,99420,98902,98443,98396,99303,99700,99252,98329,97816,98014,98113,97978,97829,97394,96730,95601,94361,93351,92894,92693,92152,91434,90011,88558,86947,85613,84343,84017,83342,82352,80253,78903,77957,77277,76709,76689,76643,76539,76362,76608,76943,77597,78123,78901,79491,79766,79888,79818,79869,79880,80005,80099,80203,80280,80812,81501,82036,82140,82087,82039,82098,82379,82898,83310,83651,83980,84753,85689,86700,87702,88963,90070,90933,91392,91971,92799,93770,94517,95113,95180,95264,95210,95901,96916,98204,99320,100265,100999,101621,102415,103605,104464,105202,105825,106781,107577,108250,109112,110134,111056,111570,112362,113528,114946,116208,117250,118496,119894,121263,122555,123779,125223,127112,129078,130463,130999,131217,131619,132326,133071,134450,136127,137821,138768,139673,140781,142353,143391,144084,144950,146580,149208,152492,155866,159129,162073,165394,168760,172057,175268,178988,182018,183843,184250,184999,186563,188458,192090,197009,203138,208575,212788,216509,219246,221072,221969,222501,222676,221678,220122,218676,218306,218729,219824,221176,222292,223307,223988,224589,224976,225284,225490,226345,227943,229884,231762,232882,233690,233805,233732,233564,233477,233805,233947,233829,233366,233246,233791,234578,235684,236681,237900,238387,238102,237396,237203,237828,238222,238121,237864,237954,238494,238798
28469,NC,Brunswick County,"Myrtle Beach-Conway-North Myrtle Beach, SC-NC",,,,,,,,,,,,,,,,,,,,,,,,,,,,,,,,,,,,,,,,,,,,,,,,,,,,,,,,,,,,,,,,,,,,,,,,,,,,,,,,,,,,,,,379976,379505,377885,375357,373121,371778,370541,368660,367918,368760,370376,371074,371229,370410,368526,364451,360619,357481,355450,352809,349538,346208,342758,339074,334930,331492,328848,325794,321917,317435,313582,310367,308245,306394,304184,301118,298823,296995,295208,292150,289464,287535,286672,285862,285416,284243,282212,279197,276143,275117,273833,272451,269957,268590,267958,267663,267226,267439,265449,261775,257273,253979,252238,250888,250345,249763,249520,249326,250027,250818,251788,252458,253526,255090,257126,259080,260444,260877,260696,260373,259911,259416,258941,259420,260467,261752,263146,264101,264726,264242,263426,262641,262452,262642,263054,263864,265160,266018,266668,266840,267757,268578,269440,269867,270168,270085,270820,271343,272051,271612,271739,272243,273082,273653,273888,274772,275825,276941,278016,279488,281154,282450,283002,283481,284192,284816,285167,284983,285320,285859,287069,288371,290348,292179,293697,294501,295217,296573,298317,300309,301490,302723,304006,306047,308114,309898,310756,311324,312381,314315,316525,318606,320447,321743,322769,324079,325809,326871,326517,325449,325455,327759,331911,337235,342972,349304,355284,361862,368366,376658,385657,395360,404510,412784,420342,427419,433710,439266,445683,453355,463470,474530,485846,496024,502487,505681,505436,505740,505396,503930,501730,500596,501212,502068,503264,505616,508764,512081,515238,517959,520296,522594,523476,524529,527223,531245,534948,535708,535290,534805,535525,537130,538197,538972,539473,540458,540893,541217,541968,543036,544141,544617,545335,546337,548312,550213,551889,552611,553262,553774,554689,555644,556499,556670
28610,NC,Catawba County,"Hickory-Lenoir-Morganton, NC",87871,88146,88169,88382,88521,89055,89712,90282,90796,91276,92174,93083,94094,94689,94909,94996,95180,95554,95814,95944,95829,95757,95722,95827,96077,96346,96669,96901,97007,97130,97085,97276,97433,97645,97694,97616,97675,97885,98001,97604,96931,96835,97522,98541,99478,99983,100432,100543,100543,100122,99754,99724,99893,99988,99979,100147,100307,100452,100575,100836,101415,102156,103318,104138,104993,105322,105496,105432,105852,106560,107523,108427,109278,109962,110519,111271,111968,112384,112555,112954,113388,113941,114260,114431,114320,114367,114848,115572,116138,116383,116344,116263,116387,116595,116845,117205,117311,117214,116751,116546,116164,115912,115449,114954,114215,113644,113322,113084,112689,112495,112333,111934,111270,110404,109454,108442,107367,106502,105708,105276,105012,104604,104184,104003,,107503,109182,109314,109073,108728,108496,108180,107793,107112,106761,106575,106521,106203,105675,105197,104726,104562,104180,103699,103491,103969,104844,105466,105859,105992,106085,105708,105460,105184,105111,104837,104492,104286,104499,105000,105736,106185,106505,106611,106743,106788,106547,106056,105711,105801,106472,107346,108118,108530,108753,108652,108487,107907,107621,107251,107238,107179,107390,107849,108508,109241,110053,110696,111014,110873,110806,111315,112260,113136,113282,113237,113166,113419,113739,114268,115161,116205,117363,118161,118886,119461,119920,120376,120677,121130,122024,122944,123856,124467,125117,125759,126288,126799,127470,128132,128753,129591,130673,132098,133580,134725,135644,136576,137694,138976,140269,141525,142506,143280,143947,144852,145736,146852,147965,149084,149733,150289,151184,152584,154025,155246,156661,159103,162475,166499,170257,173798,176949,180808,184715,188783,192232,195781,197715,197842,196363,195150,194904,195299,198568,203813,210317,216004,220457,224554,226807,228094,228364,229428,230524,231126,230463,229861,230463,232321,234621,236371,237852,239611,241494,243353,245214,246170,246325,246295,247787,250179,252738,254700,256378,256867,256234,254988,253936,254097,254518,255401,255582,255787,255906,255902,256024,255866,256174,256169,256381,256750,257823,259028,260424,261523,262170,262315,262261,262350
29053,SC,Lexington County,"Columbia, SC",61308,61066,60640,60018,58875,57754,56654,56324,56684,57026,57525,58631,60915,62718,63889,64252,64771,64995,65567,66404,67458,69007,71013,72009,72322,72679,74445,75026,75069,75059,75238,75474,75392,75730,75710,75390,75003,74838,74733,75904,77394,78773,79194,78939,78174,77021,75436,75088,74530,75192,74411,73391,72362,72622,74823,77414,79870,81833,83087,83999,84240,83995,83920,83963,84435,84814,85102,85393,85784,85918,85906,85406,85144,85043,85711,87062,88452,89571,89888,89731,89025,88819,89346,89919,90186,90189,90736,91154,91688,92235,92930,93129,93093,93064,93393,93619,93803,94063,94662,95630,96650,97411,97290,96943,96877,97217,97468,97147,96509,95778,95656,96200,96901,97282,97202,97055,96916,97025,97616,98261,99101,99497,99920,99873,99812,99506,99475,99484,99654,99461,98982,98079,97623,96882,96565,95729,95165,94018,92669,91686,91145,91354,91901,92779,93361,93860,94424,95050,96066,96940,97784,97766,97411,96651,95856,95113,94875,95061,95496,95879,96511,97811,99182,100211,100495,100461,100289,100112,99764,99891,100130,100941,101041,101105,101502,101801,101667,101075,101066,101786,102243,102367,101968,101904,102116,102560,103196,103798,104379,104772,104770,104445,104072,103639,102994,102685,103145,104530,105296,105913,106270,107225,107630,107669,107534,107592,107704,107712,107580,107936,109124,110722,111946,112064,112200,112556,112970,113496,114157,115125,115592,115271,115064,115062,115696,116069,117011,118356,119893,120488,120738,120953,121399,121493,120669,119403,118413,118238,118496,118886,119603,121076,122755,124626,125960,126796,127241,128753,131982,135599,138864,141069,143430,145168,146826,147734,149315,151358,152733,152324,150274,148747,148426,148827,151124,154420,158138,160698,162399,163968,164656,164774,164275,163993,163538,162179,159842,157751,156669,156683,156880,157776,158820,159665,160129,159766,159423,158634,158558,159425,161457,164229,166930,169589,171559,172266,170588,168543,166305,166697,167196,167939,166737,164813,163244,161501,160010,158704,158293,157788,156981,156756,157836,159420,161004,161267,160685,159019,157996,157554
29054,SC,Lexington County,"Columbia, SC",73914,72848,72013,71525,71249,70863,69129,67545,66417,66971,68496,70782,72252,73870,75455,77306,78991,80883,83199,85068,85273,84609,83625,83098,82431,82084,83014,84236,85101,84583,84558,84056,83818,83631,84643,86941,88665,89506,89441,90373,92899,96961,99928,103415,105725,107990,108530,107988,107433,106652,104140,100396,95708,93109,92298,92773,94453,95461,96263,96972,98517,100050,102798,106391,110605,113470,115051,116367,117357,118368,119329,120229,120600,121280,121951,122648,123143,123233,124416,124841,125703,126026,126909,127458,127068,126569,125902,125303,125255,126199,128194,130053,131499,132474,133233,133401,134112,135525,137383,138862,139845,140458,140816,141190,141891,142327,142118,141258,140420,139964,140456,141586,142600,143780,145450,147326,149236,150696,151940,152533,152571,152762,152413,152303,152072,152393,152166,151805,151401,151385,151607,151667,151464,151149,150724,150097,149237,148379,148153,148078,148107,148031,147845,147604,147180,147417,148384,149802,151150,151833,151676,150887,150064,149641,149276,148897,148977,149399,149751,149673,149729,150187,150638,150883,151124,151688,152261,153218,154605,156178,157405,158531,159496,160008,160168,159842,159785,159369,159547,160237,161353,162342,162926,163703,164622,165627,166281,166591,166769,166992,167645,168854,170653,172136,172866,173372,174271,175711,176953,177782,178464,179099,179876,180349,180543,180530,180337,180505,180904,181828,182914,184051,185061,185538,186172,186709,187094,187171,187890,188685,189480,189848,190717,191520,192002,192179,192676,193732,195168,196395,197851,199150,200499,201410,202012,202544,203170,204703,206976,209475,211695,213033,213842,214359,215345,216754,218659,221576,225589,229858,234016,238057,241887,245439,248107,250305,253638,258168,262887,264580,263826,262575,263004,264742,268915,274333,280911,287737,293671,298999,301368,302561,302237,302413,301857,300481,297990,296136,296299,298397,301207,303750,305455,306479,307276,308038,308559,308739,307790,307953,308607,310699,312502,314430,316114,318360,320191,322122,322821,324984,327297,329580,329865,329600,329651,329298,328776,328340,328835,329371,330454,331468,333283,334911,336552,337327,337468,337453,338189,338870
29301,SC,Spartanburg County,"Spartanburg, SC",,,,,,,,,,,,,,,,,,,,,,,,,,,,,,,,,,,,,,,103924,103851,103960,104188,104534,104853,105135,105320,105331,105104,104682,104238,103902,103477,103172,103209,103511,103773,103781,103936,104193,104362,104523,104643,104846,105171,105605,106241,107116,107814,108277,108175,108057,108276,108590,108907,108833,108863,109099,109514,109982,110512,110996,111405,111695,111829,111953,111912,111951,111977,112101,112281,112610,112896,113202,113429,113524,113397,113098,112912,112916,113075,113363,113549,113510,113116,112822,112501,112293,111779,111042,110076,109013,108087,107207,106411,106052,106130,106389,106759,107241,107858,108355,108879,109055,108966,108694,108703,108760,108659,108520,108150,107714,106843,105566,103920,102703,102093,101834,101355,100942,100817,100927,100988,100848,100788,100975,101362,101763,102056,102268,102627,102894,103276,103537,103752,103639,103392,103131,103034,103164,103309,103416,103443,103328,103214,102975,102884,102933,103157,103584,103949,104093,104185,104333,104730,105193,105614,105729,105636,105620,105926,106402,106960,107429,107876,108346,109004,109685,110153,110130,110037,109824,110067,110617,111310,111842,112183,112587,113011,113286,113668,114200,114917,115644,116375,117054,117751,118515,119568,120556,121454,122234,122947,123840,124792,126062,127274,128232,129056,129873,130688,131448,132092,132967,134043,135201,136197,136944,137462,138238,139258,140356,141155,141937,142843,143760,144647,145448,146523,147633,148798,149893,151104,152381,153558,154224,154904,155812,157071,158962,161243,163924,166160,168093,169956,172190,174451,177095,180195,183040,185043,185820,186754,188069,189753,192599,196844,202190,207501,212070,216215,219115,220461,220425,220054,219735,219171,218140,216923,216419,216886,218166,219797,221293,222869,224283,225528,226468,227013,227520,228101,228924,229790,230488,230954,231252,231509,231594,231519,231504,232065,233029,233886,234049,233883,233749,233861,234263,234788,235503,235931,236345,237036,238035,239172,239838,240066,239816,239458,239052,238726
29325,SC,Laurens County,"Greenville-Anderson, SC",121574,121769,120888,120286,119468,119640,119925,120836,121976,122727,122761,122546,122705,123203,124350,125133,125658,125525,125414,125488,125517,125562,125539,125304,125244,125058,125080,124830,124656,124687,125001,125373,125695,125989,126387,126840,127043,126885,126861,126990,127265,127110,127203,127656,128245,128202,128132,128245,128657,129036,129493,129983,130600,131006,131627,132086,132811,133457,134280,135257,136019,136831,137515,138544,139453,140346,141258,142149,142973,143589,143916,143834,143681,143785,144725,145783,146661,147192,148164,149387,149223,148260,146442,145805,145374,145757,146291,146785,146974,147084,147180,147479,147670,148191,148656,149106,149345,149196,149126,149503,150424,151310,151410,150797,149670,149096,148787,149067,148972,149091,148746,148217,147150,145776,144319,142771,141399,140041,139230,138795,138362,138024,137576,137314,136560,135831,135468,135667,135973,136297,136418,135958,135224,134104,133061,,125268,121390,120415,120041,120147,120288,120385,120274,119972,120003,120909,123130,126292,128462,129317,128174,126247,124152,122862,122861,123637,124574,126215,128108,130330,133185,135655,138761,141384,143248,144179,144076,144256,144788,144965,145831,146647,147985,149957,151102,151381,150078,148647,147783,147106,146902,146752,146456,147094,148770,151253,153542,155816,158361,160295,161296,162084,163005,163296,162930,161754,161436,160896,162190,164133,167459,169101,170201,170511,171624,172001,172030,171267,170906,171121,171952,172601,172686,172177,171628,171829,173005,175554,177985,179760,180303,181014,181310,182095,182061,183247,184638,186275,187106,188024,189149,190082,189951,189307,187995,187255,187037,188595,189828,189959,188251,185596,184176,185147,186991,189989,192144,196953,201665,206233,209075,209970,210804,211271,211425,212563,213733,217250,217955,217201,214877,215725,218008,221978,225509,228954,231722,234578,238098,240507,241758,240803,238992,235735,232483,231081,229272,229608,228932,230478,230761,229951,227281,222813,217600,212295,207607,203160,200601,201595,206191,210327,212955,213540,213639,212624,210517,206806,202494,198503,196054,193651,190916,188068,185376,182915,181225,180212,180955,181640,182492,182548,183272,183809,183614,182213,180628,178410,176794
29335,SC,Spartanburg County,"Spartanburg, SC",,,,,,,,,,,,,,,,,,,,,,,,,,,,,,,,,,,,,,,79614,79601,79730,81153,81950,82597,82415,82997,83408,83608,83838,84130,82862,81295,80996,81270,82850,83550,84196,84145,85672,88278,90618,90973,91792,93243,93579,93275,92408,92598,93486,93971,94253,93803,92827,93110,93657,94176,94336,95019,96318,97860,97848,96990,94907,93261,93368,94631,96077,96564,96037,95748,95454,94764,92785,90349,88774,88846,89210,89763,89581,88700,87299,85596,83801,81768,81207,81820,83012,82986,82011,82359,82903,84690,84511,84765,84236,84723,84971,85748,86086,86473,87222,87628,87697,87480,87734,87591,86474,84944,83659,82558,81499,80480,80170,79958,80421,80448,79924,78716,78111,78211,78546,78577,78454,78806,79300,80462,81772,83149,84676,86032,87442,88610,89934,90790,91107,91070,91062,90569,89368,87791,86408,85901,86189,87426,88955,90800,92007,92341,91915,91486,90995,90968,91093,91334,92001,92889,94152,95021,95734,96417,96611,96773,97429,98496,99905,101174,102750,104240,105303,106041,105748,104669,103672,103245,103670,103927,104703,105788,107067,108036,108680,109349,109803,110447,111023,111778,112158,112798,113194,113817,114829,116460,118741,120583,122007,122190,122046,122237,123893,125567,126901,127439,128101,129066,129737,130255,130388,130516,130891,131362,132090,132778,134035,135502,136432,136372,135690,135315,135643,136607,138246,140314,142182,144228,145678,147455,149208,151931,155463,158790,161166,162714,163541,164723,166541,168670,171283,173805,175329,174879,172357,170771,170824,171882,174290,177388,181472,185221,189058,193194,195981,196862,195320,193550,192120,190691,189610,188244,188091,188489,189251,190286,191091,192303,193409,193089,192728,192196,192408,192524,194206,197750,201958,205256,207125,208409,208288,207759,206232,205965,205438,204969,203516,201672,200483,199042,198373,197669,198140,199247,201079,203155,205273,207423,209417,210549,210851,210652,210546,210426
29388,SC,Spartanburg County,"Spartanburg, SC",,,,,,,,,,,,,,,,,,,,,,,,,,,,,,,,,,,,,,,,93093,93772,95370,97830,100462,102397,103948,104951,105176,105483,106147,107142,107944,109163,110313,110998,110698,110022,109853,110236,110876,111169,111157,111364,112016,112209,112236,112970,113998,114942,114458,113836,113402,113274,113272,113170,113345,113811,114323,114950,115743,116380,116799,116922,117146,117689,118465,119152,119186,118905,118388,118042,117581,117318,117146,117181,117951,118649,119378,119980,120924,122002,122361,122454,122193,122211,122194,122481,122072,120729,118778,116481,115249,114136,113878,113113,113295,113997,115050,115907,116234,117263,118692,119998,120767,120979,121110,121209,120709,120405,120097,119839,119205,118413,117256,116533,115773,115338,114365,113341,112260,111376,110534,109996,110181,110660,111438,112241,113221,114283,115403,116184,116680,117116,117593,117956,117852,117588,117219,117242,117496,117942,118275,118414,118670,118865,119221,119251,119079,118924,118925,118929,119109,119564,120609,121944,123164,123885,124179,124699,125437,126309,127181,128216,129385,130340,131215,132128,133208,134100,134751,134861,135054,135638,136601,137429,137918,138354,138972,139688,140657,141654,142675,143677,144711,145467,145775,145932,146452,147099,147660,148410,149351,150798,151966,153292,154271,155259,156114,157210,158119,158890,159504,160374,161580,162639,163444,164196,165121,166290,167264,167985,168304,168819,169624,170591,171459,171913,172584,173339,174360,175481,176697,178147,179673,181107,182604,184443,186996,190483,193988,197477,200321,203142,205832,208794,211672,215392,219726,223226,224695,224113,223962,224827,226684,230461,236158,243512,250959,257392,262715,265876,267221,267016,266642,266189,265267,263839,262465,262401,263428,265357,267888,270337,272734,274734,276515,277948,278713,279650,280820,282720,284687,286193,286887,287015,287328,287802,288322,288606,289322,290353,291190,290894,290123,289324,288813,288395,287988,288230,288636,289612,290897,292375,293473,293688,293177,292260,291293,290733,290329
29483,SC,Dorchester County,"Charleston-North Charleston, SC",140871,140796,140889,141040,141738,142093,142566,142663,143324,144257,145525,147042,148763,150178,151173,151622,152368,153024,153737,154301,155228,156259,157435,158551,159786,160431,160841,161083,162065,162749,163494,163698,164275,164945,165716,166505,167322,168121,168795,169055,169576,169971,170734,171403,172378,173425,174474,175489,176429,177450,178466,179289,180173,180754,181481,182023,183045,184278,185751,187204,188753,190172,191589,192648,194086,195336,196910,198320,199968,201837,203629,205409,207010,208825,211017,213128,215633,217809,220180,221876,223440,224396,225222,225965,227036,228083,228907,229438,230124,230391,230533,230058,229732,229294,228646,227734,226367,225157,223987,222580,220905,219769,217679,215605,212851,211200,209972,208836,206100,202017,198327,196402,195150,193260,191150,188754,186450,184389,183174,182721,183203,184048,184121,184099,184426,184997,184878,184509,184242,183361,181990,180127,178289,175559,173069,170209,168229,166721,166500,165885,165302,164121,163794,163236,162980,162608,162692,163327,163676,163971,164098,164496,165118,165781,166112,166368,166725,167576,168492,169568,170665,172091,173583,175366,176922,178388,179177,179923,180524,181548,182416,183250,184100,184942,185752,186501,187202,187775,188166,188631,189346,190437,191708,192931,193913,194642,195478,196654,198045,199508,200831,202191,203531,204810,205860,206917,207742,208551,209212,209945,210837,211960,212890,213780,214320,215318,216566,218341,219980,221345,222267,223291,224439,225879,227249,228837,230360,231993,233523,234647,235434,235990,236856,237908,238780,239616,240280,241022,241641,242526,243867,245346,246599,247386,247891,248542,249190,250020,250768,251707,252732,253935,255215,256169,256714,257208,258302,260031,262488,265452,268693,271748,274731,277933,281268,284841,288893,293525,297990,301624,304636,307878,311596,315835,320771,326548,333337,340142,346501,352133,356285,358641,358873,358527,357646,356353,354640,353376,352896,353168,354181,356384,358749,360971,362364,363195,363742,364207,364985,366140,367479,368653,368993,368604,367880,367470,367215,366901,366296,365886,366033,366814,367347,367375,366860,366052,365129,364142,363608,363274,363186,363103,363306,363860,364038,363863,363191,362717,362353,362006
29501,SC,Florence County,"Florence, SC",,,,,,,,,,,,,,,,,,,,,,,,,,,,,,,,,,,,,,,,,,,,,,,,,,,,,,,,,,,,,,,,,,,,,139011,139727,140208,141205,141882,142485,143037,143653,144307,145168,146097,147010,147823,148551,149328,149991,150512,150853,151022,151255,151439,151445,151242,151105,151137,151123,151140,150997,151079,151005,150861,150452,149835,149311,148868,148610,148363,148074,147709,147432,,,154096,155046,154857,154372,153707,153055,152330,151524,150133,148611,147114,146261,145632,145258,144939,144749,144529,144394,144185,143762,143223,142515,141772,140867,139986,139293,138874,138625,138524,138702,139285,140055,140789,141075,140867,140712,140978,141670,142442,143146,143785,144058,143978,143869,143596,143429,143259,143285,143451,143552,143838,143953,143893,143637,143523,143673,143662,143802,143811,144034,143954,144211,144876,145869,146578,146522,146121,145641,145633,145712,145767,145838,146081,146616,147352,148030,148656,149190,149415,149543,149557,150064,150668,151055,151177,151376,151708,151958,152062,152227,152578,153088,153588,154061,154115,153799,153225,153165,153342,153752,154096,154666,155325,155945,156663,157480,158372,159057,159540,159653,159579,159384,159494,159575,159684,159499,159526,159552,160065,161045,162539,163538,163962,164036,164338,164763,165127,165408,165910,166217,166648,166727,167151,167412,167710,167795,168241,168994,170325,171948,173726,175441,176979,178610,180163,181794,183822,186309,188903,191071,192769,194521,196452,198619,201252,204163,206923,209590,211859,214605,216835,218700,219758,220439,220744,220540,219660,218620,218189,218792,220162,221729,222624,222884,222811,223372,224500,225478,226010,226511,227243,227924,228148,228277,228347,228684,229026,229564,230193,231078,231925,232935,233675,234528,235029,235497,235952,236564,237370,238335,239549,240714,241819,243061,243839,244621,244749,245142,245153,245235
29568,SC,Horry County,"Myrtle Beach-Conway-North Myrtle Beach, SC-NC",,,,,,,,,,,,,,,,,,,,,,,,,,,,114591,115677,116021,116621,116554,116727,117283,117857,118589,118962,119627,120209,121321,122244,122625,122196,121913,121882,122418,122989,123862,125074,126339,127646,128901,130541,131957,133216,133530,134644,135868,137622,138759,139955,141222,142979,144703,146234,147210,148701,150590,153225,155872,158902,161921,164335,166862,169297,171843,174366,175728,176844,177017,178106,179434,180329,180383,180383,180530,180960,181050,181673,182225,182501,182790,182773,182325,181678,181166,181279,180752,179435,177519,175875,174841,173908,172270,170509,167915,165461,163135,161509,159823,158132,156629,154913,152702,150375,148751,147553,146278,145318,145131,145694,145984,145485,144973,144477,143726,142378,140726,138899,137740,137566,137366,136784,135647,135300,134904,134189,133291,132722,132587,132802,133026,133071,135798,139806,144336,146095,146828,147004,147216,147137,147537,148119,148685,149293,149837,150427,150912,151511,152474,153781,155156,156288,157049,157907,159171,160135,160629,160357,160423,160662,161277,161936,162819,163803,164590,165473,166403,167567,168387,168847,169225,169782,170362,171010,171787,172780,173764,174647,175719,176579,176944,176914,177096,177473,178015,178233,178588,178758,179002,179434,180235,181114,181497,181345,181036,181066,181440,182011,182788,183636,184634,185599,186600,187492,188003,188406,188889,189772,190419,191014,191446,192235,193198,194425,195539,196380,196765,196966,197426,198085,198811,199491,200227,200995,201653,202282,203116,204295,204959,205308,205157,205482,206008,206506,207175,208313,210237,212708,215615,218570,221480,223735,225937,228186,230932,234538,239333,244932,250392,255453,260500,265803,271005,276600,282349,288732,295586,302933,310159,315779,319128,320080,320041,319301,318156,316210,314611,313405,313176,313640,314720,315428,315814,315881,316272,316292,316280,315968,315818,315854,316091,316158,315772,315121,314457,313662,312591,311334,310504,310054,309553,308534,307278,305899,304428,303069,301792,301004,300062,299387,298910,298684,298475,298074,297645,297192,296701,296209,295858
29579,SC,Horry County,"Myrtle Beach-Conway-North Myrtle Beach, SC-NC",,,,,,,,,,,,,,,,,,,,,,,170323,170548,170593,169992,169256,167916,167383,167145,168007,168866,169710,170459,171436,172388,172998,173289,173138,172938,172790,172975,173498,174369,175371,176475,177522,178581,179404,180099,180563,180954,181625,182920,184775,186514,188179,189831,191570,193484,195563,197492,199314,200815,202357,204147,206818,210161,213876,217694,221527,225428,228126,231152,234130,237134,240373,243332,247123,250139,252781,255331,256565,257187,257206,257563,257747,257539,257613,257679,257226,256756,255747,254109,252451,251174,251035,250421,248697,246529,244400,243285,241841,239779,237250,233508,229040,224642,220833,217212,213742,210803,208286,205849,203691,201685,199453,197256,196206,196530,197601,198195,197622,196704,195553,194354,192583,190883,188708,186674,184997,183115,181069,178494,177020,176035,175399,174905,174556,174686,175173,175717,175509,177971,182273,187316,189117,189281,189202,189870,190675,191880,192840,193448,193894,193996,194282,194881,195906,197635,199582,201721,203473,205061,206402,207702,208707,209825,210425,211158,211892,212955,213913,214772,215765,216760,217785,218608,219665,220173,220405,220515,221426,222563,223618,224222,225138,226065,227201,228359,229533,230308,230943,231616,232412,233246,233752,234192,234521,234894,235729,236859,238147,238884,238834,238673,238943,239689,240400,241041,241632,242499,243572,245033,246476,247668,248448,249274,250138,250901,251590,252303,253196,254163,255211,256306,257128,257479,257849,258679,260071,261052,261646,262065,262741,263427,264163,265054,266331,267148,267564,267509,267840,268407,268878,269495,270522,272080,274224,276924,280199,283662,286621,289549,292621,296884,302310,308685,315622,322430,329384,336559,344009,350873,358055,365234,373381,381710,390467,398726,404820,408045,408665,408337,407433,406082,403875,401734,399692,398459,398164,398885,399294,398949,398135,397714,397255,397085,396775,396679,396873,397547,398055,397823,396869,396188,395730,395496,395016,394435,393894,393316,392445,391574,390474,389326,388178,387432,387014,386475,386009,385915,386150,386421,386424,386525,386946,387566,388241,388682
29588,SC,Horry County,"Myrtle Beach-Conway-North Myrtle Beach, SC-NC",,,,,,,,,,,,,,,,,,,,,,,132641,132615,132492,131882,131348,130692,130612,130772,131433,132226,132995,133707,134274,134729,134978,135151,135199,135157,135146,135303,135929,136825,137759,138462,139007,139563,140105,140913,141650,142656,143484,144444,145383,146368,147640,149098,150739,152285,153915,155450,157130,158768,160392,162016,163966,166407,169081,171940,174712,177405,179165,181331,183736,186336,188929,191082,193792,195970,198441,200947,202619,203424,203591,203938,204105,203900,203710,203562,202989,202361,201241,199811,198417,197582,197580,197384,196259,194865,193430,192765,191902,190415,188392,185345,182089,179004,176400,173756,170966,168381,165985,163828,162071,160647,159063,157239,156029,155787,156386,156671,156272,155733,155480,155370,154759,153840,152306,150833,149890,148830,147383,145118,143585,142412,141636,140874,140447,140372,140568,140846,140820,143284,146999,151145,152522,152653,152538,152701,153070,153680,154335,154749,155094,155123,155035,154897,155279,156274,157651,159073,160339,161644,163005,164521,165757,166728,167246,167882,168625,169461,170210,170891,171671,172465,173400,174425,175653,176448,177050,177539,178351,179125,179795,180477,181236,181996,182921,184018,185109,185631,186055,186692,187577,188488,188876,189172,189208,189461,190110,191251,192452,193219,193363,193432,193878,194860,195696,196465,196856,197466,198250,199373,200691,201810,202678,203614,204559,205408,205990,206570,207318,208322,209520,210702,211441,211757,212143,212904,214094,215151,216138,216965,217724,218296,218717,219300,220208,221124,221987,222623,223489,224387,225138,225940,227161,229061,231476,234352,237494,240640,243188,245678,248155,251445,255577,260988,266858,272516,277933,283544,289330,294613,300357,306421,313638,321129,329146,336837,342770,346060,346642,346301,345589,344761,342939,341100,339390,338768,339051,340264,341498,342303,342444,342393,342237,342290,342207,342066,342282,342866,343450,343516,343452,343783,344054,343811,342899,342016,341474,341023,340191,339148,337865,336713,336052,335844,336011,336060,336212,336233,336271,336287,336491,336635,336771,336865,337051,337270
29644,SC,Greenville County,"Greenville-Anderson, SC",122419,122747,122649,122774,122705,123150,123520,123745,124205,124676,125241,125025,124508,124301,124138,124183,124311,124614,125240,125619,126134,126772,127500,128369,129070,129629,129866,129915,129728,129491,129186,128946,128788,128944,129323,129959,130271,130522,130261,130282,130463,130941,131351,131519,131857,132242,132882,133408,133819,134189,134507,134679,134835,135076,135334,135202,135240,135799,136882,138040,138987,139579,139834,139880,140035,140148,140034,139857,139750,139942,140432,141112,141644,142274,142452,142911,143098,143441,143638,144017,144837,145830,146912,148010,149209,150195,151123,151768,152432,152849,153272,153451,153674,153898,154279,154577,154855,155058,155608,156210,156666,156343,155789,154904,154017,153059,151857,150828,150032,150146,150733,151087,150929,150626,150169,149824,149336,149188,148891,148713,148437,148304,147976,147754,147719,147731,147560,147448,147393,147262,146799,145811,144154,142353,141069,140392,140128,139906,139940,139644,139112,138686,138525,138568,138363,138320,138300,138349,138238,138157,138018,137955,137721,137580,137472,137627,137794,138178,138658,139265,139891,140874,142108,143473,144460,145373,146135,147172,148076,149124,149749,150391,150594,150770,151056,151489,152001,152349,153009,153964,155242,156439,157555,158679,159953,161194,162377,163762,165108,166537,167843,169062,170138,170659,170895,171048,171370,172164,173011,174169,175411,176817,177844,178524,179035,179779,180678,182053,183302,184399,185103,185543,186009,186540,187676,188978,190365,191536,193085,194316,195357,195875,196772,197747,198786,199301,200045,201057,202677,204024,205259,206023,206757,207429,207969,208753,209565,210641,211762,212806,214006,215019,216140,217320,218472,219657,221175,223107,225473,227995,230689,233330,235449,237490,239444,241365,243684,246524,250003,252790,254980,257287,260924,264980,269651,274533,280124,286459,292709,299041,303279,305386,305195,304790,304501,304385,304295,303923,303865,304030,304483,305345,305865,306609,307019,307156,307121,306886,306706,307285,309037,311181,312772,312961,312520,311757,311281,310730,310008,309459,309343,309092,308561,307789,307587,307077,306554,305889,306033,306654,307613,308646,309761,311060,311749,311754,311261,310710,309895,308888
29745,SC,York County,"Charlotte-Concord-Gastonia, NC-SC",,,,,,,,,,,,,,,,,,,,,,,,,,,,138486,137957,137459,137091,137630,138726,140219,141058,142089,142607,143671,144177,144396,144306,144383,144877,145570,145929,146002,145830,146326,146896,147848,148767,149292,149165,148539,148351,148460,148739,148858,148724,148833,149169,150071,150998,152036,152911,153704,154489,155282,155756,156096,156352,157001,157631,158086,158011,157828,157398,157593,158215,159491,160480,161434,161941,162345,162654,163279,164591,165559,166364,166580,167144,168122,168994,169387,169291,169186,169310,169388,168769,168436,167841,167490,166379,165037,163676,162707,162033,161696,160675,159771,159425,159108,155818,151293,147557,146918,147372,147728,148296,149162,149323,148820,148018,148281,149443,150278,150378,149952,149370,148594,147039,145368,143852,143085,142595,142043,141730,141684,141987,142207,142238,142056,141937,141828,142273,142449,142324,141624,141407,141647,141936,141701,141805,141718,141941,141921,143007,144670,146617,147918,149114,150569,152261,153450,154188,154324,154168,153957,154385,155593,156672,157291,157632,157921,158553,158816,159188,159055,159226,159507,160694,161762,162302,161947,161868,162506,163834,165050,166521,168258,170488,172659,175125,177186,178878,179754,180780,182014,183239,184571,185617,186681,187513,188517,189322,189612,189527,189688,190051,190566,191423,192253,193572,194824,196497,197840,199505,201625,204330,205945,206384,206366,207681,209792,211940,211230,209306,206795,206948,208589,211434,214747,218320,221352,223493,225034,224121,222230,220397,221215,223590,225616,227431,229558,232128,234765,237422,240545,245684,251148,257101,261494,265230,268220,271403,275141,279596,283779,287714,290687,294010,298082,303939,309831,315539,320944,326457,332406,337730,342679,345328,345713,344457,343149,342550,342022,341149,340726,341451,343394,345073,346690,347765,349050,349986,351572,353277,354904,355987,357627,360077,362201,363234,363011,362431,361612,361147,361202,361653,362039,362531,362871,362574,361503,360195,358713,357075,355574,354821,354866,355475,356161,356868,357376,357696,357751,357337,356281,354562,352627
29927,SC,Jasper County,"Hilton Head Island-Bluffton, SC",95138,97392,98229,100570,101971,103030,103325,104066,106280,109260,110769,111588,113422,116123,118224,117798,117897,118542,120034,120935,121226,121992,122645,123829,125153,125687,125347,124452,124100,123693,123236,122895,123157,123486,123955,124411,125391,126480,127551,127829,128299,129086,130032,130832,130929,130987,130308,130006,130460,131467,132858,133602,134086,135200,136887,138221,138414,138237,139501,141348,143667,145419,146686,147216,148302,150216,153110,154920,155900,156138,156747,157604,159188,161699,164767,167599,169948,171359,173024,174823,177383,179745,181696,183422,184808,185908,186295,186075,186463,187721,189341,189925,189985,190040,190958,192397,194165,195444,196284,195044,193735,191718,191544,191074,191567,191144,191912,192725,193789,193323,192652,191896,190772,188583,186281,184425,182790,180842,179336,178207,177724,176869,176261,175714,173703,171473,168649,167237,165742,164980,164695,164566,164142,163708,163523,162849,162038,160830,160693,160669,160859,160782,161103,161042,161002,160736,161277,161724,161543,161411,161705,161746,161831,162162,163381,165006,166873,169239,171454,172994,173196,173125,172777,172879,172667,173153,173554,173978,174009,174822,175467,176808,178344,179648,180091,179661,179772,180138,180315,180806,181175,182164,183146,184341,186392,188062,189815,191743,193959,196699,198815,201504,204128,205966,206430,207087,208376,210746,212180,213697,214622,215990,217155,217664,216184,214518,212861,212211,211557,211518,211501,210936,211159,212919,215722,218362,219789,220559,221100,222189,224325,226765,229961,233051,235806,236404,235741,234448,233508,232555,231491,231470,232388,233782,234152,234894,234780,235279,235815,236887,239403,241871,245475,248637,250552,251883,252818,256173,261748,267416,271326,273565,275631,279255,282941,286793,290797,295154,300510,304847,308601,312790,318780,325296,331816,338088,344891,349805,352126,353289,353965,354165,353353,353679,355451,357927,360578,363985,370544,378436,386223,391548,395504,399487,403901,409085,414627,421801,429665,438072,445881,452337,455509,455119,453545,452624,452989,453854,454625,455956,457843,459689,460023,457846,454238,449339,444476,439408,435352,432247,430003,428777,427615,427095,425805,422781,419263,415203,412258,409228
30044,GA,Gwinnett County,"Atlanta-Sandy Springs-Alpharetta, GA",141444,141746,142093,142865,143759,144738,145679,146744,147851,148995,149904,150814,151547,152266,152826,153472,154163,154877,155589,156366,157151,157893,158424,158988,159494,160118,160675,161315,161976,162592,163166,163787,164472,165144,165560,165953,166285,166659,166998,167282,167487,167582,167705,167953,168300,168701,169083,169468,169668,169808,169872,170123,170465,170832,171199,171659,172113,172464,172587,172698,172861,173178,173461,173764,174078,174440,174818,175185,175650,176176,176698,177162,177502,177893,178264,178861,179512,180277,180925,181507,181878,182191,182319,182481,182459,182485,182646,182967,183367,183648,183917,184150,184153,184099,183678,183114,181957,180915,179772,179131,178285,177419,176068,174360,172717,170859,168417,164599,160673,156775,154168,151841,150056,148217,146873,146046,145130,143764,142301,140991,139740,138339,137189,136625,136282,136106,134944,133181,130215,127155,124195,121661,119302,117452,115578,113750,111209,108547,106192,104952,104582,104246,103429,101776,100581,99413,98899,98247,97994,98387,99398,100346,101179,101662,102357,103271,104485,105907,107857,110377,113796,117290,120745,123719,126399,128848,130828,132730,134450,136182,137809,139489,141380,143002,144403,145572,146649,147659,148589,149375,150065,150775,151635,152536,153551,154548,155670,156825,158193,159729,161247,162898,164505,166237,167645,169097,170407,171484,172120,172587,173382,174758,176514,178519,180372,182097,183739,185178,186504,187607,188718,189527,190411,191577,193317,195602,197995,200245,202322,204108,205912,207328,208760,209865,210958,212122,213601,215285,217024,218671,220270,221585,222800,223785,224562,225231,225730,226604,228015,230019,231873,233478,234818,236079,236722,237155,237835,239366,241913,245640,250220,254999,259575,264304,269156,274104,279603,285843,291633,296390,300175,304980,311060,318376,326856,335724,344932,353652,361480,367790,371450,372204,371001,369144,367172,364983,362634,360626,359181,358708,359326,361059,363718,366826,369662,371573,372686,373418,374031,375401,377582,380025,381952,383081,383973,384661,384855,384332,383169,382077,380867,379645,377621,375439,373028,370905,369121,367812,367061,366642,366082,365512,364797,364230,363398,362355,361114,359865,358945,358350
30241,GA,Troup County,"LaGrange, GA-AL",75805,76058,76266,76726,77239,77727,78202,78600,79078,79580,80190,80737,81314,81601,81960,82423,83050,83630,84091,84533,84990,85388,85701,85941,86146,86421,86742,87093,87508,87826,88118,88382,88744,89134,89456,89776,90072,90457,90832,91164,91428,91520,91581,91678,91987,92385,92818,93258,93721,,97103,99078,100058,100693,101122,101466,101908,101426,100614,99425,99167,99128,99265,99437,99634,99950,100304,100635,100988,101427,101714,101995,102073,102353,102767,103560,104252,104500,104464,104608,104904,105514,105737,106175,106416,106833,106958,106645,106492,106584,106821,107070,107202,107465,107693,107981,108282,108289,108071,107491,107381,107304,107137,106605,106100,104739,103070,101314,101502,102113,102769,102354,101609,100751,99951,99131,98285,97433,96146,94693,94097,94333,95005,95030,94780,94467,94152,93823,93323,92829,92421,91749,90705,89418,88334,87385,86571,85914,85481,85131,84797,84494,84395,84378,84040,83612,83418,83898,84968,86282,87647,88494,88984,88992,89014,89122,89363,89762,90643,91862,93203,94410,95292,96037,96403,96920,97096,97427,97913,98805,99433,99945,100253,100398,100359,100192,100145,99919,100026,100293,100448,100421,100442,100978,101434,101672,101833,102352,103398,104264,104836,104938,104829,104626,104346,104719,105315,106116,106540,106936,107514,108329,109234,109554,109279,108794,108644,108575,108323,108235,108683,109622,110780,111946,113298,114972,116521,117754,118275,118983,119831,120776,121852,122822,123918,124841,125959,127284,128497,129279,129964,130128,130173,129796,129561,129394,128898,128712,128892,129604,130336,131229,132167,132992,133159,132926,133086,134264,136666,139501,142439,145332,148238,151001,153333,155204,156840,158645,159574,160140,160358,161663,163486,165686,169380,174315,179415,183237,185511,187897,190119,191739,192489,192642,192859,192827,192553,192705,193679,195597,197874,199654,201287,202863,204868,206910,208725,209922,210498,211553,213403,215688,217599,219019,219891,220504,220862,221304,221508,222391,223697,225127,225296,224176,223052,222241,222303,222443,222959,223232,223306,223314,223954,224540,224970,225105,225387,225733,225956,226340
30461,GA,Bulloch County,"Statesboro, GA",,,,,,,,,,,,,,,,,,,,,,,,,,,,,,,,,,,,,,,,,,,,,,,,,,,,,,,,,,,,,,,,,,,,,,,,,,,,,,,,,,,,,,,,,,,,,,,,,,,,,,,,,,,,172035,171503,171029,170031,168987,167876,166744,165724,164710,163724,162594,161288,159989,158803,157873,157001,156277,155697,155260,154983,154692,154250,153733,152866,152045,150891,149850,148538,147203,145957,145021,144419,143968,143571,143140,142725,142281,141595,141007,140616,140867,141621,142863,144072,144743,145107,145368,145664,145779,145761,145980,146465,147411,148461,149566,150371,151130,151760,152498,152752,153025,153195,153653,154006,154216,154594,155040,155758,156482,157328,157836,158186,158332,158262,158415,158639,159247,159606,159774,159945,160211,160732,161228,161385,161375,161377,161524,161526,161538,161769,162146,162709,163350,164108,164825,165325,165747,166082,166437,166764,167159,167417,167669,167830,168204,168658,169272,169961,170887,171789,172714,173609,174329,174867,175043,175233,175598,176284,176902,177529,178238,179308,180435,181467,182117,182582,182925,183257,183668,183929,184576,185474,186592,187540,188484,189665,190981,191716,192175,192874,194597,197149,199939,202681,204915,206794,208572,210322,212377,214936,218407,221769,224470,226620,229143,232324,235781,240693,246550,252140,256393,259372,262548,265237,267205,268199,268952,269755,270556,271035,271199,272196,274262,277501,280816,283922,286686,289403,291749,294048,295677,297214,298651,300779,303328,306089,308512,310287,311788,312866,313876,314671,315769,316957,318075,318240,317904,317540,317458,317630,317731,318166,318405,318520,318354,318212,317934,317711,317155,316195,315154,314275,313363
30605,GA,Clarke County,"Athens-Clarke County, GA",131101,131438,131773,132578,133329,134049,134656,135404,136274,137216,138284,139390,140464,141161,141739,142335,143112,143898,144629,145353,146093,146869,147519,148059,148342,148589,148834,149294,149660,150013,150602,151630,152657,153474,154049,154634,154930,155136,155340,155796,156242,156476,156839,157103,157553,157900,158393,158957,159327,159672,159952,160539,161318,162154,162703,163080,163604,164214,164812,165252,165670,165936,166409,167032,167886,168533,168862,169169,169520,169672,171241,172590,174202,174260,174565,174084,173692,173492,174265,175073,175504,175691,175702,175760,175884,175958,175844,175932,176244,176636,176774,176827,176861,177174,177319,177574,177661,177984,178199,178247,178830,179400,179803,179394,178906,178643,178267,177847,177080,176332,175473,174854,174141,173536,172019,170208,168081,166615,165181,163830,162521,162303,161945,161894,161315,161520,161689,162026,161940,161726,161234,160589,159358,157885,156719,156089,155142,153744,152260,150998,149737,147850,145146,142761,140760,139133,136913,134899,133690,133166,133042,132966,133291,133776,134469,135006,135409,135990,136965,138338,139349,139760,139690,139842,140065,140435,140568,141097,141839,143027,144089,145035,145643,145835,145860,145682,145666,145574,145861,146164,146298,146367,146581,147162,147682,147836,147898,148085,148782,149429,149949,150291,150795,151406,152111,153024,153970,154749,155094,155291,155619,155910,156072,155968,156138,156882,158174,159847,161263,162377,163276,164136,165172,166470,167638,168479,168846,169653,170949,172459,173959,174990,176259,177345,178916,180530,182513,184382,185854,187054,188450,190196,191754,192945,193757,194679,195623,197100,199073,201241,203300,205150,207106,208856,210226,211243,212320,213968,216589,219877,223558,227081,230434,233693,236797,239846,243409,247832,252503,256401,259419,262385,265905,270236,275628,281354,286315,290695,294622,298302,300395,300730,300242,299760,299758,299980,300806,301854,304150,306618,309612,312175,314787,317391,319563,321374,323014,324829,326394,327701,329466,331682,333955,335311,335919,336034,336049,336233,336664,337491,338549,339334,339337,339014,338855,339128,339424,339822,340172,340759,341775,343188,344663,346018,346947,347523,347370,346861,346445,346444
30620,GA,Barrow County,"Atlanta-Sandy Springs-Alpharetta, GA",161398,162091,162675,164144,165479,166586,167156,167923,169113,170713,172158,173415,174487,175126,175405,175382,175440,175974,176446,177077,177445,178042,178454,179063,179482,180083,180460,181014,181541,181869,182018,182178,182373,182833,182998,183172,183012,183070,183270,183672,184092,184297,184522,184857,185427,186106,186748,186916,186764,186526,186626,186816,187059,187465,188076,188873,189683,190322,190610,190678,190798,191143,191850,192558,193313,193916,194871,195896,196878,197761,198484,199367,199967,200670,201344,202114,202908,203588,204340,204980,205793,206365,206814,207024,207410,207949,208332,208421,208527,208808,209448,210038,210417,210309,209968,209831,209614,209185,208338,207557,206616,205289,203487,201478,198988,196656,193935,190019,185843,181445,176488,170474,165015,161893,159834,157693,155053,152602,150915,150381,149132,147653,147054,149064,151646,153062,152164,150881,148603,146589,143922,141974,139849,137533,135760,133495,131135,127239,123934,121539,120971,120445,119362,116425,113919,111277,109517,107918,107113,107181,107678,107736,108013,108137,109116,110048,111286,112610,114187,115940,117949,120142,122496,124662,126456,128132,129464,130740,132006,133767,135402,136810,137894,139093,140484,141756,142721,143525,144506,145623,146885,148215,149443,150415,151402,152697,154122,155527,156869,158166,159207,160017,161023,162307,163442,164555,165393,166600,167746,169027,170403,172005,173649,175251,176523,177866,178914,180075,180905,182026,183136,184406,185506,186694,188167,189859,191488,192986,194294,195478,196667,197880,199357,200697,202057,203309,204586,206038,207583,209312,210790,211888,212590,213418,214242,215009,215438,216161,217227,218931,220632,222366,223756,224949,225599,226130,227030,229014,231996,235856,240110,244525,248690,252984,257467,262493,268031,274213,280293,285752,291031,296875,303623,310506,318245,326106,334212,341744,348902,355269,359422,360964,360224,358609,356529,353971,351350,349410,349338,350519,353011,355525,357906,359780,361740,363233,364457,365331,366255,367646,369375,371313,372408,372967,373414,374066,374557,374491,374205,373637,373274,372950,372248,371904,371566,371660,371018,370608,370432,370665,370581,370289,369647,369237,368007,366804,365219,364167,363518,363177
30677,GA,Oconee County,"Athens-Clarke County, GA",209208,209504,209914,210748,211800,212941,214127,215225,216304,217425,218913,220565,222182,223168,223973,224731,225712,226590,227457,228333,229292,230329,231475,232493,233204,233626,233953,234527,235369,236385,237407,238384,239385,240432,241418,242260,242842,243280,243755,244286,244896,245444,245943,246595,247450,248444,249574,250725,251811,252590,253161,253741,254566,255541,256624,257704,258856,,,,,266493,260963,260235,260976,262038,263221,264343,265468,266429,267294,268149,269111,270053,270887,271631,272366,273068,272832,272343,271844,272230,272887,273804,274813,275938,276498,277266,277938,279063,280063,281046,281928,282239,282298,282552,283348,284289,284635,284402,283636,283098,282642,282381,281778,280183,277929,275636,274434,273756,273019,271554,269728,267448,265285,262994,260974,258388,255690,252929,251430,250793,250736,250521,250018,249248,248502,247833,246849,245526,243587,241685,239738,238289,236772,235072,233253,231672,230528,229521,228563,227435,226453,225581,224810,224245,224376,225145,226057,227031,228024,229007,229799,230025,229812,229658,230650,232646,234769,236141,237267,238303,239441,240284,240948,241805,242471,243475,244899,246818,248817,250187,251738,252671,253538,254109,255161,256076,256793,257455,258484,259554,260370,261080,262009,262825,263613,264653,266391,268467,269896,270715,271263,272138,273007,273849,274747,275382,275452,275149,274906,275154,275594,276441,277417,278701,280308,282570,285201,288336,291219,293852,295841,297110,297691,298140,298509,299412,300479,301938,303352,304237,305875,307591,309713,311378,313415,315953,318357,320842,322990,325030,326320,327572,328808,330537,332186,334282,336141,338192,340230,342560,344865,346625,347323,347345,347770,349671,353559,358420,363769,369199,374639,380465,385483,390754,396906,403350,409302,413353,417298,421787,427684,434452,442168,450257,458521,466616,473468,478449,479867,478518,475499,473210,470944,469145,468034,468353,469919,471330,473998,477008,480100,482389,484581,486971,489981,493725,497476,501273,505490,510336,513490,514805,514278,514286,514773,516272,517975,519465,521111,521727,521529,520505,519294,518181,517594,518082,519024,519251,519110,518739,519028,519592,520265,520629,520708,520914,521201,521455
31047,GA,Houston County,"Warner Robins, GA",155706,156314,156603,157250,157703,158428,159346,160259,161043,161691,162626,163523,164452,164913,165349,165712,166220,166673,166927,167122,167374,167925,168321,168679,168668,168904,169141,169642,170046,170498,170692,170990,171126,171476,171663,172079,172454,172873,173096,173447,173954,174714,175594,176311,176881,177259,177814,178392,179044,179781,180635,181436,182202,182958,183912,184827,185662,186420,187175,187986,188783,189595,190326,191173,191910,192607,193168,194019,194988,196049,196844,197718,198480,199328,200169,201092,201987,202940,203769,204707,205386,206084,206751,207499,208030,208368,208843,209642,210356,210768,210835,210830,210833,210757,210690,210658,210706,211021,211275,211422,211007,210404,209844,209480,209124,208576,207280,205846,204440,203702,203263,202678,202073,201064,200157,199351,198959,198751,198353,197496,196685,196037,195798,196029,196736,197462,198139,198584,198562,198284,197798,197611,197341,197165,196800,196210,195665,195610,195652,194996,193882,192819,192685,192827,192914,192816,192829,193000,193186,193206,193199,193298,193722,194362,195117,195620,195801,195659,195577,195498,195451,195343,195372,195631,196042,196611,196939,197324,197430,197277,196997,196795,196922,197074,197349,197752,198281,198488,198706,198791,198846,198562,198084,197734,197567,197573,197694,198190,199007,200025,201050,201946,202850,203360,203380,203302,203300,203696,203957,204258,204582,205047,205704,206510,207542,208503,209440,210249,210747,211113,211451,212096,212848,213758,214705,215825,216992,218128,219141,219862,220475,220961,221541,222023,222785,223350,224013,224696,225913,227425,228991,230148,231055,231735,232354,233030,233643,234475,235312,235977,236693,237555,238746,239569,239681,239670,240159,241525,243407,245531,247815,249898,252111,254426,256995,259759,263138,266800,270460,273811,277046,280329,283706,287314,291359,295840,300666,305473,309825,313625,316451,318371,319633,320899,321816,322172,321818,321651,322242,323557,325724,328105,330552,332758,334616,336019,337091,337812,338756,339917,341708,343435,344117,344076,343932,344762,345970,347300,348293,349341,350396,351072,350920,350618,350559,351002,351385,351859,352574,353394,354290,355141,355606,355981,356075,356433,356788,357605,358787,360093
31069,GA,Houston County,"Warner Robins, GA",107605,107932,108371,109336,110204,111056,111580,112177,112534,113043,113593,114694,115571,116070,115970,116063,116285,116493,116306,116257,116401,116768,116983,116832,116594,116275,115923,115673,115785,116424,116948,117112,116827,116811,117004,117489,117932,118456,119041,119584,120078,120094,120194,120472,121082,121626,121899,122063,122211,122451,122771,123008,123305,123791,124469,125069,125430,125672,125763,126010,126493,127261,128167,129089,129995,130733,131319,131803,132688,133719,134870,135558,135834,136056,136403,136943,137490,138123,138949,139914,140760,141476,141935,142583,143202,143874,144460,145105,145683,146211,146519,146975,146780,146255,145768,145709,145820,146392,147165,148108,148174,148023,147883,147735,147664,147248,146192,144685,143566,143145,143064,142715,142286,141830,141531,141410,141431,141638,141878,141953,141806,141471,141414,141451,141544,141320,141287,141118,140954,140827,140612,140337,139348,138356,137336,136388,135505,134742,134255,133880,133375,132656,132377,132386,133066,133544,134207,134550,135218,135698,136027,135891,135892,136085,136410,136280,135809,135101,134835,135077,135707,136325,136841,137516,138160,138847,139149,139469,139734,139860,139916,140122,140790,141594,142300,142862,143258,143297,143231,143230,143413,143634,143686,143665,143662,143674,143789,144234,144863,145596,146043,146725,147529,148128,148085,147841,147814,148046,148067,148104,148288,148770,149379,149950,150442,150644,150810,151034,151296,151627,152113,152821,153649,154530,155390,156279,157104,157940,158596,159325,160054,160857,161568,162222,163282,164161,165100,166002,167072,168044,168741,169166,169287,169382,169570,170137,170514,171117,171883,172825,173862,174818,176030,177100,177753,178151,178625,179633,181119,182943,185011,186767,188502,190204,192291,194250,196660,199088,201450,203188,204480,206027,207982,210251,213540,217522,222366,226657,230427,233557,236085,237869,239205,240640,242072,243140,243379,243649,244629,246151,247944,249501,250967,252341,253514,254734,255800,256464,256999,257432,258290,259256,260053,260582,260945,261606,262308,263117,263804,264954,266458,267626,267950,267778,267897,268412,269065,269679,270608,271566,272530,273452,274235,275221,275957,276479,276594,276634,276956,277445
31093,GA,Houston County,"Warner Robins, GA",74074,73900,73902,73837,73878,74032,74297,74682,74918,75039,75138,75247,75562,75863,76130,76258,76347,76391,76355,76332,76411,76414,76295,76099,75968,75851,75745,75771,75877,76059,76052,76000,75994,76085,76164,76019,75999,76022,76003,75782,75675,75796,76019,76112,76154,76205,76315,76628,77077,77728,78359,78987,79429,79718,79886,80141,80502,80930,81281,81452,81619,81716,82009,82355,82657,82829,83025,83361,83750,84030,84346,84668,85119,85483,85845,85987,86255,86541,86982,87394,87844,88302,88789,89224,89510,89733,90014,90386,90666,90760,90851,90908,91043,91058,90933,90802,90648,90795,91016,91405,91712,91882,91912,91711,91480,91177,90824,90398,89957,89576,88995,88378,87478,86698,85780,85164,84724,84366,83949,83341,82753,82408,82351,82361,82382,82311,82366,82255,81795,81119,80054,78924,78001,77403,76919,76097,75188,74636,74111,73876,73789,74106,74572,74711,74522,74260,74326,74616,74699,74468,74254,74088,73986,73738,73541,73114,72577,71814,71420,71389,71708,72051,72330,72578,72444,72193,71800,71791,71752,71860,71901,72424,73356,74468,75471,76114,76431,76375,76058,75737,75309,74869,74475,74388,74707,75220,75649,76012,76145,76307,76527,76970,77565,77992,78004,77795,77534,77500,77309,77158,77101,77462,78048,78630,78825,78702,78414,78265,78040,77959,78355,79232,80419,81472,82456,83295,83910,84280,84730,85377,86163,86797,87422,88022,88873,89554,90276,91030,91984,93020,94285,95297,96099,96481,96657,96651,96521,96612,97005,97646,98350,98930,99634,100715,101787,102588,102959,103646,104617,105940,107358,108600,109819,111156,112700,114239,115830,117597,118986,119906,120213,121077,122281,123876,126444,129758,133651,136433,138773,141095,143612,145476,146531,147445,148298,148985,149036,149297,150150,151628,153376,154442,155539,156631,157811,158633,159003,159435,159591,160035,160841,161939,162645,163178,163732,164395,164545,164292,163848,164183,164968,165285,164647,163581,163111,163265,163942,164822,165500,165877,166321,166876,167378,167656,167896,167984,167767,167725,168015,168716
32113,FL,Marion County,"Ocala, FL",,,,,,,,,,,,,,,,,,,,,,,,,,,,,,,,,,,,,,,,,,,,,,,,,98242,99033,99681,101111,102288,103112,103373,103646,104016,104892,105749,106998,108396,110224,112602,115500,118028,120267,122296,125253,128265,132426,137066,141800,145199,147764,150387,153800,158106,163072,168212,172719,175753,178415,179718,180582,179896,179984,180323,180525,178989,176387,173584,170600,167765,165280,163548,161569,158369,156576,156461,157939,158452,157583,155734,153769,151844,149587,146693,144104,142240,142203,142138,141503,139750,138075,136698,133745,131216,129620,129212,127682,125522,123641,122978,122490,122147,121866,121786,120977,119968,118797,118723,118454,117856,115903,112989,110076,107493,106064,104582,103410,102285,100617,99234,97894,97480,96969,96180,95431,95065,95076,94957,94790,94520,94084,93815,94081,95058,95709,95728,95563,95459,95841,96024,96772,97112,97188,96992,97196,98200,98956,99494,99893,100681,101653,102707,103773,104595,104680,104825,105185,106098,106365,106498,106710,107563,108659,110041,111564,113096,114314,115041,115894,116934,117946,118456,118827,119794,120850,121958,123141,124381,125596,126642,127732,128859,129376,129903,130397,130847,131215,131777,133114,135080,137125,138986,140388,141420,142469,143685,144705,145266,145677,146344,147359,147968,148417,148914,150131,152243,154828,157426,158861,159648,160146,161117,162356,163315,164754,166251,168028,169196,170145,170868,171591,171900,172271,173166,175543,179270,183713,188327,192491,195992,198776,201791,205361,209915,215658,221251,225586,227889,230332,233823,238184,243294,248696,254736,261279,267659,274001,278555,281276,281521,281240,280886,281452,280951,280836,280263,281531,282680,284879,286333,288111,289145,289878,290300,290449,291083,291734,293239,294817,296491,297484,297760,298147,298316,298603,298787,299586,300194,299987,298940,297974,298382,299052,299683,298934,298380,297913,297665,297836,298889,300749,302943,304770,306354,307037,307236,306637
32134,FL,Marion County,"Ocala, FL",,,,,,,,,,,,,,,,,,,,,,,,,,,,,,,,,,,,,,,,,,,,,,,,,80073,81143,80965,81582,81886,82720,82891,82463,82100,81745,81498,80993,80762,80858,82348,84796,87526,89044,90685,92967,96298,99041,101480,104058,107098,110097,112642,115159,118076,121405,125611,129379,131997,133441,134604,136180,136772,137063,136921,136970,136342,134999,133658,133186,132562,131770,129930,128617,126574,126110,126519,128054,128111,126693,125083,123196,121869,119813,117447,115005,112253,111950,112069,112457,110533,108807,106752,105006,102326,101134,100255,98664,95986,93559,91743,90545,89340,89675,90835,91837,91657,90217,89050,87821,86975,85275,83281,80684,78435,76609,75119,73955,73034,72894,72645,73010,72873,73055,72711,72334,71760,71368,70953,70654,70372,70364,70428,70582,70768,70908,70926,70802,70616,70482,70270,70219,70217,70390,70778,71336,72226,72735,72961,72989,73113,73422,73760,74326,74766,75052,75430,76034,76855,76967,76988,77045,77967,79086,80074,80750,81311,81583,81917,82380,83062,83293,83167,83108,83333,84026,84696,85955,86809,87632,88160,88906,89838,90395,90690,91006,91737,92179,92716,93154,94477,95597,96928,97915,98738,99172,99760,100806,102027,103109,104175,104921,105707,106020,106665,107240,108025,108699,109283,109917,110679,111260,111479,111913,112485,113301,113884,114327,114680,115220,116143,117542,118583,119182,119798,121315,,,,137219,140202,142253,144491,147104,150418,154472,157667,159402,159593,159974,161284,162836,165078,167702,171865,177422,183346,188513,191520,192537,192486,192573,193319,194306,194638,195352,195536,195900,195914,197107,198672,200183,200830,200964,200997,200834,201239,201889,203155,204134,204500,204534,204100,203848,202861,201647,200131,199169,198538,197828,196541,194098,191352,189086,188318,188160,187459,185927,184195,183254,183684,185173,187364,188359,188088,187087,186507,186439
32179,FL,Marion County,"Ocala, FL",,,,,,,,,,,,,,,,,,,,,,,,,,,,,,,,,,,,,,,,,,,,,,,,,90214,90436,90710,91184,92196,93111,94609,95901,97908,99442,100888,101930,103327,104910,106478,108350,110395,112573,114862,117433,120527,123970,127609,131330,134377,137305,140039,143073,146106,149225,152353,154429,155346,156082,156978,157720,157212,156293,155686,155139,153874,152250,150789,150156,149032,147421,145009,141699,138623,137721,138841,139875,138791,136535,134061,131893,130428,128266,125346,121962,119240,117283,115468,113572,111785,109359,107023,104203,101551,99421,97952,96632,95362,94004,92971,92071,90944,90185,89260,88334,87262,86129,85280,83989,82931,81474,79806,77906,76496,75998,75523,74977,74146,73527,73114,72983,72634,72314,72027,72084,72234,72320,72380,72152,72143,72303,72900,73826,74654,75117,75111,75224,75747,76501,77115,77690,78183,78502,78651,78892,79481,79842,79909,79952,80406,80959,81632,82262,83062,83689,84594,85822,86812,86928,86509,86310,87071,88148,89542,90489,91364,92121,93089,94259,95175,95928,96158,96337,96747,97254,97844,98483,99220,100214,101087,102171,102812,103177,103480,104197,105006,105877,106945,108347,110037,111512,112778,113761,115039,116558,118184,119335,120327,121301,122530,123681,124760,125582,126370,127023,128216,129846,131416,132410,133003,133904,135067,136244,136953,137387,137888,138648,139518,140188,140964,141939,142812,143538,144444,146167,148659,151555,154791,157973,160670,163079,165596,168766,172207,176266,179974,183081,185333,187686,190348,193194,197157,202379,208430,214650,220196,225709,230027,232814,233794,234134,234571,235397,235452,235604,235043,235092,234985,235667,236541,238295,240076,241760,242719,243251,243655,243946,244400,244752,244949,244690,244305,244386,244597,244835,245201,246204,247481,248002,247569,246526,245461,244368,243620,243133,243185,243220,243343,243766,244501,245300,245490,244838,243917,242790,242082,241396
32195,FL,Marion County,"Ocala, FL",,,,,,,,,,,,,,,,,,,,,,,,,,,,,,,,,,,,,,,,,,,,,,,,,137391,137781,138421,139382,140504,141275,142619,144244,147320,150402,153755,156253,159322,162463,165447,167939,170828,174412,178857,183454,188618,194288,200027,205150,208968,212805,217029,222094,226651,230599,234212,236576,237215,238052,239462,242140,243748,243519,243341,241149,238934,234996,231724,229659,228539,228005,226221,222771,218371,216713,216409,216698,214949,213080,210738,208228,205993,202897,198876,194398,190899,189033,187462,186374,184627,182228,179440,176130,172547,171344,172016,174525,176521,178097,178272,176954,175064,173946,173502,173246,173631,171765,169344,165348,162662,159903,157166,154554,152385,151301,150189,148467,145935,143969,142551,142318,141968,142251,141855,141668,141661,142038,142389,142674,142963,142950,143073,144044,145816,147423,148205,149032,150060,151092,152169,153593,155490,156842,157967,159215,161006,162373,163251,163751,164428,164901,165886,167304,169636,171197,172901,174182,176105,177501,178523,179520,181133,183099,184525,185216,185619,185968,186638,187699,189404,190523,190740,190413,190579,191016,191340,191963,192846,194027,194929,195814,196420,196612,196867,197847,199148,201037,202797,204647,206243,207280,208715,209844,211140,211983,213303,214863,216336,217506,219198,221249,223340,224857,226112,227471,229145,231064,233025,234394,235439,236046,236696,237866,239503,241411,243212,244786,244980,244817,244754,246061,247574,249371,251731,255363,260282,265898,271009,275816,280495,285750,290431,295941,302272,310181,316680,320333,321703,323854,328364,333906,341296,350059,360265,370158,378943,386327,391220,393602,393641,393092,391956,392317,391279,390891,389289,390206,391507,394134,396106,398478,401531,404436,407409,409214,410815,411800,413291,415208,417763,419394,419809,419556,419152,419072,419090,420131,421807,423429,423153,422209,420844,419536,418290,417077,417608,418871,420272,422238,424785,427835,430259,430778,430973,431232,432726,434398
32219,FL,Duval County,"Jacksonville, FL",105100,105129,105425,105982,106577,107391,107978,108935,109601,110154,110506,110634,110929,111252,111888,112569,113015,112909,113053,113274,113836,114117,114481,114813,115212,115296,115075,115215,115396,115919,115943,115887,115900,115379,114877,114569,115314,116369,117509,118328,119607,120935,122256,123076,123444,123685,124313,124614,124943,124833,125215,125600,126028,126325,126677,127244,128005,129206,130736,132581,133803,134716,135271,136434,137932,139720,141860,143860,146122,147613,148193,148615,149922,151851,153896,155809,158544,161271,163525,165257,166125,167030,167483,167847,168129,168692,170056,171117,171723,171254,170543,169626,168784,167525,166296,165073,163573,162915,161907,161340,159942,158837,158000,157163,156565,155958,155088,153679,153725,153542,153110,150043,146396,142939,141466,140984,141080,140273,139956,139674,138179,135660,132631,130804,129391,128272,125712,122833,120120,119295,118765,118056,116266,114253,112135,109898,107594,105162,102999,101158,99565,97825,96636,96326,97156,97532,97018,96212,95551,95590,95475,95212,94834,94566,94938,95579,96749,97773,98838,99951,101385,102778,104157,105541,106480,107069,107290,107734,108345,109627,111064,112979,114972,116847,118265,119093,119808,120038,120187,120497,120559,120320,120073,120662,122013,123495,125130,126698,128564,130276,131244,132307,133619,136009,138472,141381,143953,146020,147195,148317,149659,151573,153347,154814,155524,156326,157267,158659,160159,162142,164196,166277,168005,170017,171489,172197,172087,172329,173339,174715,176340,178116,180039,181769,183154,184165,184837,185077,185381,185902,186641,186920,187187,187777,188890,189790,190540,191490,192603,193705,194882,196444,198241,199549,200374,200948,201820,203168,205333,208200,211394,214283,217241,220500,224308,227915,231818,236296,240743,244674,248058,252155,257200,262357,268694,275787,284037,291822,298062,303342,307116,309746,311330,312605,313487,312166,309078,305517,303095,302091,301631,302007,301834,301808,301018,300345,300001,299995,300511,301296,302140,302540,302223,301595,300955,300580,300248,299908,299734,300010,300508,300685,300039,298817,297057,295037,292864,290776,289445,288667,288389,288837,289889,291446,292188,292201,291770,291373,291128,291007
32257,FL,Duval County,"Jacksonville, FL",110581,110814,111147,111754,112471,113178,114008,114739,115360,115874,116476,117118,117770,118392,119066,119815,120468,121136,121752,122483,123267,124126,125073,125956,126758,127538,128328,129184,130036,130935,131913,132887,133828,134562,135242,135992,136861,137745,138641,139657,140736,141791,142840,143926,145072,146258,147578,148787,149905,150820,151930,153291,154863,156574,158265,160165,162014,163593,165050,166597,168324,169872,171400,173292,175524,178140,180871,183855,186954,189979,192657,195152,197819,200571,203510,206567,210010,213190,216145,218618,220338,221364,221778,221953,221743,221221,221043,221018,221157,220798,220234,219396,218344,217004,215607,214068,212492,211449,210433,208947,206339,203433,200465,197588,194771,192383,190383,188213,186788,184903,183289,180469,178098,175965,175054,174623,174345,173429,172808,172378,171455,170605,169818,169858,169892,169911,169191,167384,165330,163842,162287,160556,158281,156909,155247,153879,151782,150057,148281,146779,145284,143616,142354,141501,141550,141854,142467,143251,143708,144076,143998,143891,144003,144871,146129,147669,148998,150329,151388,152561,154055,155678,157420,159170,160819,162322,163350,164648,165896,167386,168312,169128,169780,170041,170211,170424,171078,171689,172229,173105,173660,174097,174365,175242,176605,177931,179332,180798,182491,184188,185480,186337,186572,186571,186887,188224,190061,191816,193093,194306,195800,197472,198984,200325,201298,202481,203911,205649,207483,209343,210928,212494,213865,215635,217080,218633,219861,221157,222230,223419,224692,225921,227390,228815,230123,231114,232053,233094,233899,234693,235515,236050,236514,236767,237279,237594,237798,238235,238926,239927,241237,242730,244198,245246,245619,245973,246632,248319,250842,253658,256842,259954,263694,267883,272440,277075,282311,288557,294055,298059,300662,303842,308169,313144,320075,328563,338568,348253,356139,362416,366292,368285,368930,369097,368869,367280,364685,362491,361232,360507,360047,360173,360821,362261,363481,364570,364984,365454,366147,367430,369169,370955,372148,372404,372072,371448,370764,370145,369462,369070,368881,368516,367517,366086,364534,362557,360489,358868,358231,358058,357904,357733,357969,358894,359937,360243,359678,358831,358455,358619
32404,FL,Bay County,"Panama City, FL",104018,104449,104672,105103,105482,105773,106167,106437,106967,107462,107954,108381,108837,109232,108944,108529,108158,108525,109163,109740,110176,110440,110860,111336,111819,112251,112760,112979,113361,113590,113956,114068,114370,114862,115499,116268,116994,117598,118211,119054,120192,121443,122639,123980,125138,126154,126947,127619,128481,129472,130828,132403,134339,136777,140177,144147,147817,150396,152114,153786,156008,158601,161052,164333,167783,172257,176822,181419,185652,188980,192218,195561,198954,201744,204123,206202,208777,211102,212982,214242,215052,215298,214697,213167,211465,210604,210656,211467,211534,210987,209374,207716,206500,206207,206412,205600,204467,202945,201905,200155,199004,197520,196657,194984,193424,191662,189693,188329,186642,185637,185040,184487,182898,180073,177007,174422,172000,170981,171022,171697,171345,170271,168774,168281,167871,168033,167481,167047,166175,165195,163605,161743,159352,157251,155034,152534,148981,145215,141835,139007,137041,136053,136037,136249,135571,135078,134744,135265,135588,135474,135336,135183,135386,135684,136535,137500,138473,139377,140606,142004,143550,144788,145515,145606,145187,144786,144332,144191,144805,146110,147735,149064,150186,150995,151840,152543,153059,152609,152198,152127,152825,153803,154846,156107,157246,158199,159186,160327,161517,162120,162344,162605,162733,162812,162898,163804,164918,165993,166679,167581,168663,169283,169058,168057,167156,166630,166750,167857,169791,172030,173993,175637,177053,177728,177881,177977,178012,178070,178455,179652,181175,182764,184453,186058,187494,188684,189911,190403,189060,185279,179875,175193,172638,172559,173414,174670,175515,176769,178570,181395,185316,189728,194197,197885,200219,201789,203231,205585,208434,211441,214054,216213,218890,222102,225690,228520,231032,233493,235435,236863,237827,239258,241483,243833,247674,252582,258786,264097,268050,271329,274003,275780,276619,277247,277910,278067,277670,277958,279240,281261,282824,284097,284908,285540,285351,285142,284912,285178,286262,287973,289700,290242,289781,288418,287076,285995,285330,284678,284275,284526,285655,286632,287365,287290,287122,286294,285192,283927,283278,283113,283091,282894,283538,285097,287361,288530,288748,288113,287404,286518
32409,FL,Bay County,"Panama City, FL",97042,98191,99675,102801,106579,109931,112529,114044,115688,116844,117480,118300,119481,120361,119895,118325,117419,117413,117540,117684,117585,118303,119606,120932,122271,123360,123871,123466,122055,120784,120421,120368,120091,119974,120420,121758,123963,125877,127577,128816,131154,133423,135272,136648,138526,140329,142273,144147,145587,146644,147926,149708,151305,152968,155713,158370,160426,161444,162885,164939,168629,172758,176032,178637,182541,188538,195257,201215,205107,207213,209237,214327,221307,227315,230451,232611,235453,238948,240153,240588,240472,241091,239744,237157,234464,232551,231356,230019,228538,225315,221412,218358,218499,220585,223544,224396,224253,223235,222395,221078,219968,219343,219493,218885,216414,214282,211951,211452,209411,207675,206447,205349,203502,200384,197561,194825,192385,190843,190537,190431,189382,187472,184940,183839,183236,183978,183736,183419,182805,182523,181790,180616,178675,177434,176157,174939,172609,169908,166997,164571,162890,163078,164302,165827,166235,166672,167067,167885,168047,167581,166810,166011,166010,166297,167593,168822,170195,171609,173402,175693,177998,179592,180630,180855,181164,181104,181075,181233,182046,183659,185670,187375,188429,188341,188756,188983,189512,188735,188469,188925,190770,193092,195246,196885,197996,198853,199877,200647,201465,201309,201215,201406,202320,203485,204276,205519,206965,208650,210034,211093,212197,211916,211071,209421,208800,208526,209114,210669,213091,215359,217107,218736,220542,221753,222252,222271,222293,222356,222929,224331,226122,227921,229836,231343,232742,233611,234827,235911,236025,234502,232299,230586,230384,231533,233490,235779,237536,239196,241060,243519,247285,251373,255053,257414,258419,259268,260253,262265,265051,268221,271542,274981,278970,283334,286929,289805,293277,298173,302696,305501,306916,308913,311999,315234,320133,326611,334719,341970,347566,352271,355251,356905,356786,356868,356527,356213,355348,355618,356604,358500,359748,360838,361221,361671,361696,362589,363650,365355,367062,368901,369940,369734,368834,367632,366850,365929,364952,363928,363632,364547,366368,367765,368376,367869,367408,366874,366513,365985,365709,365722,365770,365178,365608,367410,370853,372926,373698,373161,372338,371531
32435,FL,Walton County,"Crestview-Fort Walton Beach-Destin, FL",84335,85155,84813,84098,82893,81492,79962,78175,77447,76808,76476,75876,75849,75495,75263,74781,74184,74192,74868,75894,76270,76419,77371,78203,79248,79065,78942,78728,79374,80369,80836,81211,81005,80908,80699,81217,82527,83862,85298,86246,86688,86460,86617,87589,89154,90808,91394,91622,91219,91301,91217,91390,91220,91725,91779,92618,94803,97882,100520,101455,102702,104650,106912,109114,111652,114672,118443,122238,125385,129778,134287,138685,139253,138016,137783,139894,143833,147120,149541,150798,150603,147876,143596,138707,135989,135105,136123,136891,136052,132631,129451,126692,125236,122898,121593,121891,122074,122559,121524,120590,120334,121200,121922,121194,119064,117367,115685,114783,114512,114497,114550,114457,114110,113298,111864,110257,108987,107867,106742,105853,105818,107018,107392,107742,106754,107188,106892,107303,107243,106554,105673,103469,101122,98256,95667,93932,91830,90033,88139,87002,86366,85223,84687,84480,86091,88333,90963,92794,94212,95137,95322,94620,93823,93965,94743,95916,96460,96883,97401,98739,100045,100964,100955,100273,99705,100061,100720,101639,102246,102952,103066,102647,102434,102476,103067,103185,102904,102407,102482,103240,104137,104516,104669,104895,105571,106489,107639,108558,109534,109831,109658,109302,109402,110040,110725,111722,113057,114235,114935,115097,115310,115531,115267,114399,113957,114565,116094,117859,119826,121598,123263,125072,126865,128553,129957,131841,132776,132506,131405,130338,130250,129981,130307,131066,132277,133655,134613,135324,135865,136466,137313,138413,140255,142776,145346,147662,148996,150276,151613,153825,156510,159358,161535,163192,163466,163522,164107,165874,168888,172374,176302,179709,182960,185774,188693,191289,194099,197769,200387,202142,203013,204982,208214,211384,215942,221021,226212,230620,234109,238130,240817,242025,241513,240338,239515,238380,237013,235570,234729,235253,236427,237034,236849,236274,235941,235618,235939,237360,238917,240200,241335,242520,243070,243158,242186,241038,239674,239476,239965,241469,242566,243329,242980,241803,240329,238176,236652,235042,234566,234576,235384,235835,236561,237598,239701,241139,241783,241491,240908,239826
32439,FL,Walton County,"Crestview-Fort Walton Beach-Destin, FL",118376,119606,122042,125441,127485,127405,125250,122849,120637,118088,115653,113303,113183,113649,113951,112026,110033,108134,109275,110575,112368,113320,116863,120597,124563,125504,125302,125601,126701,128275,128351,127886,127311,127579,128509,130074,131883,133705,134902,136333,138018,140548,142705,144902,145970,147587,149053,151360,152319,153589,155476,156422,157691,159045,163334,167739,172995,177900,181837,185661,190805,195875,200556,205187,210999,215588,219316,223450,229200,235800,241357,246009,247783,248888,252349,259486,268476,274624,276817,274353,270088,264868,260892,256800,253742,252516,251954,251317,248278,243577,239080,236351,233766,230914,227193,225108,222895,220492,216533,211785,210432,211508,212395,209691,205819,202049,198622,195916,193801,192675,190945,188963,185684,182202,179079,176730,174950,173741,172546,173742,176042,179866,181083,180887,178473,177209,176547,176315,175060,174323,174363,174083,171760,168428,165306,163723,162441,160326,157702,155644,155440,155103,155089,153819,153146,153290,154724,157001,158177,159388,159953,160873,161485,161992,163001,164043,165107,166087,167692,169574,171322,173175,175252,177489,179638,182016,184037,185261,186008,186875,188017,188898,189539,190083,190913,191894,192679,192805,192763,192406,192720,193007,193838,194472,195435,196365,197452,199050,200888,202116,202330,201812,202095,202630,203711,204833,205934,206918,207624,208953,210505,211962,212617,212571,212837,213668,215292,216957,218063,218668,219176,220584,222426,224294,226131,228002,230244,231639,232966,233786,235216,236462,237876,239244,240545,241943,243225,244729,246222,247393,248410,249004,249750,250878,252216,254372,256636,259725,262647,265421,268251,270573,272041,272306,272033,272586,273825,276213,279465,283626,288752,294228,300071,305523,310741,315862,322612,331322,340614,348764,355143,361190,367632,373693,380094,386639,394316,402968,411911,419738,423629,423759,421566,419091,416917,415375,414128,413539,412816,412444,411624,411644,411610,412016,412117,412244,412133,411667,411336,411469,412285,413176,413091,412176,410383,409055,408540,408617,408514,407819,407576,407458,407430,406964,406259,404547,402586,400333,398659,396937,395807,394812,394217,394288,394844,395437,395120,393823,392259,390909
32533,FL,Escambia County,"Pensacola-Ferry Pass-Brent, FL",123538,123723,124242,125356,126618,127242,126864,126247,125816,125862,125934,125768,125894,125755,125956,125868,125865,125721,125705,125893,126030,126157,126241,126622,126917,127335,127845,128596,129041,129409,129657,130157,130380,130475,130678,131382,132113,132790,133258,133877,134470,135142,135973,137006,138093,138992,139745,140127,140384,140722,141231,142100,143128,144573,146180,148020,149650,151242,152818,155200,157916,160287,161977,163772,166802,171475,176514,181127,184536,187645,190615,193627,196124,198682,201264,204235,206538,207959,208604,208972,208880,208290,207005,205498,204430,203981,203700,202713,201442,200503,199656,198374,196771,195649,194660,193705,192448,191136,189295,186958,184886,183257,182247,180507,178628,176498,174468,172697,170710,169950,169590,169374,168488,166952,165825,164698,163998,163901,164543,165522,166116,165614,164746,164106,164406,164886,164698,164544,163870,162711,160231,157261,155083,154116,154073,153596,152260,150519,149195,148964,149307,149820,150216,150509,150951,150728,149834,148453,147335,146767,146506,146205,146234,146273,146672,146977,147169,147675,148354,149249,149961,150619,151373,152310,153551,154831,156047,157247,158232,159151,159757,160383,161067,161744,162363,162668,162842,162831,163251,163935,164598,164926,165061,165687,166534,167370,168088,168634,169190,169420,169723,169992,170499,171123,171780,172809,173804,174946,175769,176724,177604,178349,178905,179690,180736,181720,182589,183461,184133,184675,185083,185654,186417,187279,188429,189490,190623,191979,193354,194415,194936,195494,196654,197535,198367,198880,199914,201036,202387,203965,205867,207848,209737,211202,212272,213137,214236,215656,217337,218911,220321,221493,222689,223941,224995,226081,227290,229289,232109,235144,238419,241177,244162,246858,249526,252310,256007,261253,266989,272094,275986,279596,283445,287484,292057,296850,302322,308435,314793,320323,323393,324291,323856,323171,322498,321964,321111,320600,320662,321388,322216,322768,323155,323886,324693,325647,326690,327689,328372,328575,328378,328563,329008,329575,329948,329843,329151,327978,326856,326450,326586,326632,326135,325194,324084,323272,323121,323442,323788,323784,323734,324004,324487,325129,325832,326287,326304,326075,325993,326139
32567,FL,Okaloosa County,"Crestview-Fort Walton Beach-Destin, FL",118963,115972,112856,109025,106012,103897,100362,97578,95790,94656,93879,93435,92782,91903,91897,91963,93143,94112,96208,97690,97809,97635,97008,96793,97333,98294,99822,100112,100312,100243,100179,100541,100884,101409,100822,100264,100677,102525,104098,104657,103593,102958,102518,102522,102717,104349,107466,110312,111002,110235,109602,110435,112203,114820,117430,120109,122760,125488,127299,128835,130954,134366,138438,142359,148076,153779,159114,161964,163766,165322,165906,167083,167761,169959,172567,174721,175043,171919,168973,167203,165148,161394,156705,152554,150174,150736,153680,157424,158600,160177,163507,167396,171654,173367,174312,175184,175395,176239,175516,175281,174293,172604,169974,166103,161294,157887,155729,155328,154626,153097,150918,146260,142383,139383,137815,136500,134475,133343,132343,132819,133036,134346,134391,135330,135441,136465,136916,137763,137764,136270,134423,132783,131702,129510,126644,124659,124126,123586,122824,121996,122074,121960,121322,120624,121084,121996,122304,122416,122681,123754,123806,122631,121034,120075,121097,122155,123639,124508,125525,126170,126751,127734,128470,128889,128803,128970,129203,129023,129525,130540,132175,133426,134234,135277,136106,136655,136731,136658,137204,138240,139480,139953,139890,140566,142002,144240,145927,147491,148639,149225,149724,149661,150194,150675,151710,153210,154850,156351,157157,157513,157900,157980,157223,155757,155385,156574,158910,161302,163094,164112,164953,166656,169114,170680,171601,171499,171472,170819,171620,172634,173685,173458,173575,174881,177322,179710,181904,182973,183109,182437,182422,182576,183330,184578,186840,189276,191022,192660,194183,196277,198044,199696,200742,201632,201947,202230,203321,205672,209674,214434,219804,224851,228966,232719,236210,239986,244235,249883,253844,255257,253881,253470,255518,258096,263294,269482,277109,284301,290420,295152,296367,295026,291879,289428,287740,286788,285151,283030,281800,282648,284300,285640,286081,286332,286918,286711,287868,289310,290529,290320,290014,290989,292046,292584,292148,291587,290541,290195,290404,292203,293860,294686,293691,291846,290036,288783,288312,288297,288817,289279,289466,289466,290356,292358,295687,298072,299071,298419,297647,296836
32570,FL,Santa Rosa County,"Pensacola-Ferry Pass-Brent, FL",92507,92681,92901,93489,94198,94826,95224,95425,95589,95719,95938,95952,95881,95749,95303,94817,94389,94390,94617,94808,95126,95367,95605,95904,96102,96141,96121,96224,96319,96410,96540,96802,96899,96989,97156,97616,97903,98235,98582,99235,100055,100813,101475,102004,102601,103326,104181,104954,105557,105923,106663,107477,108385,109257,110562,112222,114086,116006,117667,119289,120681,122451,124051,126326,129093,132632,136472,140153,143300,146084,149586,153228,155676,156972,158421,160745,162733,163760,163984,163527,163212,163018,162844,162430,161820,161541,160959,160341,159554,158616,157433,156407,155269,154074,152548,151001,148847,147203,146091,145618,144402,142728,141269,139922,139335,138196,137143,135896,135525,134826,133226,131289,130441,130444,130259,129120,127735,126813,126337,125774,124626,123973,124143,124585,124702,124017,123178,122562,122039,121431,120069,118766,118282,117872,117224,116168,115021,114295,113788,113707,113311,112195,111362,111046,111076,110918,110611,110649,110865,110955,110809,110365,109855,109488,109318,109387,109433,109426,109759,110255,111201,112078,112760,113138,113242,113950,114705,115626,116470,117498,118483,119262,119905,120459,120665,120892,120990,121284,121727,122477,123298,123908,124507,125097,125869,126747,127765,128644,129212,129548,129705,129967,130463,131119,131775,132204,132458,132548,132660,133159,134014,135278,136291,136924,137296,137910,138866,139909,140964,142078,143282,144433,145584,146749,147839,148750,149397,150080,151016,151995,152907,153758,154911,156052,157085,157926,158813,159731,160291,160837,161287,162051,162914,164003,165092,166183,167262,168574,169895,171103,172576,174300,176131,177317,178103,178906,180306,182267,184762,187484,190495,193483,196721,199927,203406,206943,211061,215665,219870,222891,224885,226653,229053,231579,235735,241052,247521,253360,258227,262584,265777,267693,268014,268179,268269,268279,267469,267157,267707,269556,271177,272640,273588,274615,275174,275586,276076,276562,276896,277360,278145,279117,279839,280031,279712,278848,277648,276548,275822,275853,276103,276147,275557,274745,273911,273145,272515,271956,271596,271264,271294,271760,272772,274116,275529,276616,277258,277582,277760,277938
32571,FL,Santa Rosa County,"Pensacola-Ferry Pass-Brent, FL",109715,109895,110270,110913,111668,112285,112760,112972,112866,112751,112785,113064,113289,113541,113095,112587,111956,111891,112001,112206,112491,112687,112831,113030,113292,113616,114105,114749,115393,116014,116548,117007,117192,117518,117918,118582,118872,119150,119566,120207,120871,121270,121731,122350,123097,124029,124958,125950,126764,127482,128548,129628,130898,132210,134080,136242,138552,140733,142549,144128,145525,147251,148899,151279,154438,158725,163593,168274,171947,175075,178568,182348,184638,185998,187698,190428,192663,193924,194288,193883,193417,192922,192342,191286,190065,189249,188434,187821,187276,186174,184672,182991,181515,180024,178272,176509,174043,172391,171011,170248,168681,166798,165197,163567,162880,161753,160827,159590,159433,158739,156920,154516,153758,154123,154283,153603,152686,152400,152235,151720,150630,150155,150780,151560,151703,151056,150415,149906,149456,148707,147420,146341,146080,145795,145000,143631,142163,140789,139631,139053,138630,137537,136632,136257,136417,136168,135590,135369,135652,136255,137053,137936,138680,139568,140274,141285,142088,143010,144267,145643,147267,148715,149993,151132,151820,152650,153342,154401,155591,157002,158374,159432,160428,161429,162494,163522,164254,164842,165343,165856,166560,167187,168011,168727,169479,170225,171150,172094,172599,172791,172730,172721,172877,173182,173558,173866,174182,174516,174731,175024,175428,176209,176984,177655,178067,178572,179574,180941,182271,183485,184458,185559,186561,187901,189402,191051,192537,193801,194983,196022,196987,197825,198839,199725,200602,201293,202084,202996,203708,204416,204966,205655,206479,207421,208314,209107,210037,211349,212936,214495,216358,218220,220058,221344,222306,223289,224628,226589,229359,232632,236528,240398,244657,248628,252559,256535,261462,267425,273342,278362,282265,285624,289153,293071,298308,304230,311052,317854,324132,329367,332402,333512,332693,331700,330856,330201,329165,328570,328310,328563,328862,329592,330397,331218,331581,331826,331921,332092,332464,333229,334329,335243,335412,334929,334067,333274,332480,331766,331111,330677,330579,330473,330015,329427,328737,327970,326955,326004,325511,325531,325904,326418,326797,327251,327643,327999,328072,328048,328080,328183
32583,FL,Santa Rosa County,"Pensacola-Ferry Pass-Brent, FL",92233,92302,92526,93087,93795,94511,94934,95253,95392,95538,95754,96039,96150,96203,95762,95475,95047,94940,95006,95081,95323,95495,95833,96113,96304,96374,96741,97399,97965,98317,98343,98478,98553,98765,98955,99254,99414,99662,100224,101130,102163,102833,103178,103447,103664,104190,104873,105828,106622,107290,108177,109079,109990,111119,112913,115096,117213,119148,120819,122298,123535,125271,127072,129556,132345,135758,139268,142836,146077,148948,152024,154877,156756,157876,159535,162164,164364,165562,165799,165301,164650,164080,163501,162950,162338,162051,161557,161010,160627,159788,158455,157026,155521,154385,152999,151714,149754,148332,147358,146776,145329,143203,141452,139747,139028,137781,136732,135430,135331,134948,133644,131731,130982,131186,131134,130259,129191,128590,128364,127735,126407,125315,125154,125465,125677,125261,124724,124221,123922,123539,122703,121858,121820,121844,121461,120264,118727,117552,116552,115951,115255,114259,113687,113684,113745,113356,112867,112987,113619,114202,114574,114322,113765,113067,112720,112998,113496,113891,114232,114787,116147,117874,119683,121091,121558,122074,122244,122926,123742,125083,126623,128056,129471,130503,131532,132476,133162,133278,133631,134462,135446,135816,135894,135877,136207,136623,137398,138118,138673,139109,139231,139328,139666,140315,141140,141777,142125,142347,142435,142997,143754,145003,145993,146825,147427,148352,149681,151056,152016,152741,153494,154640,156191,158101,159954,161519,162907,164143,165332,166062,166560,167125,168166,169425,170700,171895,173128,174234,174938,175563,176030,176566,177084,177855,178679,179643,180797,182390,184158,185756,187758,189950,192272,193704,194586,195249,196429,198507,201479,204988,208923,212749,216580,219913,223408,226923,230991,235579,239679,242997,245496,248095,251263,254471,258938,264255,270732,277048,282749,287794,290963,292359,292213,292267,292359,292445,291839,291870,292460,293968,295247,296484,297226,297613,297210,296544,296193,296034,296342,296813,297520,298002,298116,297846,297274,296444,295223,293923,292726,292250,292240,292181,291734,291042,290388,289622,288844,288093,287737,287594,287645,287941,288409,289282,290111,290870,291176,291191,291090,290999
32615,FL,Alachua County,"Gainesville, FL",114874,114881,115009,115070,115149,115172,115704,116656,117832,118681,119195,119564,119892,120355,120841,121536,122375,123423,124336,125034,125588,126339,127005,127847,128533,129177,129333,129490,129666,130384,131122,131987,132776,133451,133999,134241,134571,135200,136335,137798,139270,140750,142452,144122,145581,146740,148047,149898,151894,153800,155197,156693,159102,162345,165844,168750,170905,172891,174186,175408,176168,177338,179359,182555,185919,189500,192984,197546,201072,204657,207314,210073,213042,215842,219352,220720,222604,223904,226529,229437,232131,234387,234768,235252,234964,235190,235474,236842,237889,238079,237473,236537,235013,231288,228299,226853,226457,225503,223568,222628,221527,219623,217085,214389,211997,210457,209164,207428,204818,202376,200360,198646,196436,194483,192497,190778,189919,189488,189649,189212,189466,190135,190204,189181,186517,183909,181130,178829,176817,174851,172775,170574,168690,167423,166264,165492,164136,162616,160803,159568,158829,158411,158187,157338,156691,155856,155284,154028,152451,150830,149412,148009,147239,146992,147807,148938,150395,151762,153273,154369,155278,155621,155773,155679,155918,156346,156858,157520,158396,159733,160867,161955,163060,163841,164053,163475,163159,163093,163483,163895,164543,165217,165919,166497,167527,168679,170032,170861,171793,172661,173454,174026,174661,175459,176316,177190,178458,179648,180627,181368,182288,183446,184444,185571,186637,187810,189003,190547,192281,194037,195275,196315,197044,197765,198648,199591,200432,201167,202136,203297,204485,205190,206190,206976,208008,208554,209109,209693,210150,210524,210789,211435,212416,213765,215251,216527,217468,218128,218938,220072,221561,223153,224812,226284,227498,228488,229881,231933,234892,238121,241599,245012,248408,251719,254801,258440,262894,268040,272899,276581,279039,280851,283041,285753,290308,296214,303056,309725,315755,321343,325177,326885,326736,326161,325659,325245,324329,323695,324056,325608,327733,329638,330875,331890,332827,334069,335400,336534,337550,338631,339692,340789,341513,342119,342303,342466,342561,342944,343301,343780,344518,344833,344244,342555,340960,339527,338367,336703,335508,334826,335073,335594,336069,336284,336241,335703,334906,333456,331811,330064
32617,FL,Marion County,"Ocala, FL",,,,,,,,,,,,,,,,,,,,,,,,,,,,,,,,,,,,,,,,,,,,,,,,,122596,123582,124214,125979,127398,128547,129048,129872,131152,132887,134433,136077,137972,140369,143444,146712,149881,153463,157043,161134,164481,168952,173619,178062,180951,183323,186145,190251,195110,199470,203973,207453,210802,213530,215356,217035,217473,218294,218398,217486,215277,212849,210135,207598,204273,201837,199452,197593,194335,192766,191900,192233,190920,188954,186436,183839,180780,176900,172619,168810,166411,166076,165536,164194,161684,159454,157864,154956,152389,150960,150626,149971,148413,147182,146326,145809,145087,144703,143749,142191,140307,138302,137349,135854,134534,132007,128960,125832,123132,121745,120099,118657,116931,115108,113915,113110,112961,112673,112272,111804,111567,111444,111598,111571,111613,111709,112169,113141,114289,115000,115182,115585,116461,117372,118069,119137,120516,121613,122385,123231,124527,125215,125381,125206,125377,125834,126750,127982,129183,130014,130942,131873,132959,133655,134357,135078,136219,137504,139090,140514,141693,142791,143936,145206,146346,146820,146757,146707,147300,148443,149743,151528,153185,154871,156082,157412,158289,158720,158888,159439,160178,161096,161798,162707,164020,165485,167173,168747,170219,171421,172680,173796,174891,175621,176726,177920,178984,179650,180244,181150,182610,184525,186672,188321,189423,190146,190918,192336,193869,195697,196880,197922,198721,199634,200594,201746,202703,203873,205040,207516,210987,215518,220167,225002,229241,233092,236467,240449,245439,251851,257550,261873,264356,267415,271245,276424,283407,291567,300359,308682,316108,322685,327282,329944,330011,329323,328381,328275,327232,326482,325701,326704,327921,329971,331716,334350,337365,340419,342943,344059,345181,346373,348682,350984,353354,355045,356246,357164,358109,358913,359909,361442,363297,364528,364503,363491,362630,361737,361261,360399,359595,358796,358366,358186,358922,359759,361638,362699,362440,361306,360189,359996
32653,FL,Alachua County,"Gainesville, FL",129176,129358,129725,130130,130542,130749,131184,131686,132239,132663,132998,133249,133528,133963,134484,135162,135730,136354,136961,137562,138078,138592,139158,139700,140173,140691,141354,142094,142911,143782,144711,145675,146723,147718,148665,149495,150283,150943,151652,152598,153775,155046,156552,158209,159956,161592,163085,164775,166175,167611,168791,170548,173078,176435,179802,182624,184698,186373,187466,188348,188694,189122,190493,193374,196838,200692,204273,208726,211953,215337,217752,220288,223069,225544,228706,229863,232199,234617,238498,241860,244479,246556,247105,247546,247185,247164,247628,249058,250629,250940,250470,249579,248240,244406,240768,238536,237620,236376,233711,231985,230274,228296,225624,222389,219322,217069,215223,213422,210606,207984,205327,203256,201056,199155,197343,195560,194472,193694,193416,192563,192910,193820,194596,193828,191523,189017,186577,184559,182639,180489,178371,176499,174952,173715,172620,172175,171309,170058,168008,166268,165065,164415,164354,163772,163527,163277,163405,162978,161869,160750,159910,159298,159273,159180,159721,160170,160922,161738,162695,163579,164400,164811,164880,164488,164444,164552,164744,164892,165489,166784,168117,169507,170667,171419,171741,171636,171992,172399,172928,173382,173844,174693,175384,176084,176717,177562,178770,180058,181523,182827,183904,184690,185572,186428,187247,187850,188552,189304,190073,190985,192050,193341,194443,195617,196740,198067,199392,200905,202331,203830,204800,205629,206278,207113,208148,209301,210454,211661,212965,214340,215622,216446,217419,218152,218988,219530,220132,220958,221429,221742,221873,222512,223435,224784,226313,227833,229014,230010,231047,232558,234574,236599,238347,239485,240238,240572,241098,242259,244481,247328,250637,253899,256999,259945,262602,265586,269225,273641,278062,281701,284278,286145,288240,290831,294529,298958,303873,309053,314024,318885,322740,325051,325934,326070,325936,325473,324740,323966,324443,325924,328812,331865,334130,335458,335919,336635,337386,338234,339186,340428,341651,342579,342851,342705,342171,341743,341465,341441,341622,341687,341807,341497,340533,338846,336885,334839,333212,331601,330565,329571,329060,328990,329181,329389,329460,329477,329308,328599,327319,325757
32664,FL,Marion County,"Ocala, FL",,,,,,,,,,,,,,,,,,,,,,,,,,,,,,,,,,,,,,,,,,,,,,,,,127198,128595,131368,136484,142092,146021,148905,150775,152285,153364,154579,156427,158709,161258,164035,167361,170656,172891,173969,176686,180338,184877,189186,193628,198516,203325,208664,213091,216611,220158,224648,227287,229031,229593,230995,231469,230926,228181,225129,222220,220228,217824,215373,213010,211037,210565,211275,210830,209326,209355,211290,213389,213730,213161,211599,210255,208280,202409,194360,185952,181193,179304,178376,176827,173671,170489,167558,164178,160931,158334,156369,152613,149357,145786,143847,141529,139777,139165,140608,141679,141986,141870,142530,143404,143041,141246,137789,134113,130584,128601,126052,123946,121734,122187,123495,124898,124601,122924,120899,118375,116832,116160,116502,117185,117236,116211,115178,115431,116936,118281,119248,119983,120838,121856,123132,125078,125854,124727,123236,122895,124039,124817,125525,126285,127590,128655,129801,130943,131648,131527,131270,131333,131580,130864,130415,130913,132620,134435,136166,137732,138967,140475,142147,144591,147063,148882,149759,150095,150725,151518,152412,153615,154914,155824,156868,158122,159613,160974,162014,163558,164830,166006,166955,168040,169224,169646,169893,171042,173607,176995,179992,181936,183404,184075,185012,185481,186125,185795,185118,184173,184941,186966,189837,191862,193196,194005,194924,196185,197465,198808,200121,201353,202906,203893,204619,204431,204065,203848,204696,206787,209793,212594,215392,218441,221716,224533,227013,229921,234544,241142,247744,252856,255689,258479,261594,265172,270342,277805,287134,296224,302999,308602,312990,315406,316124,315795,316153,316058,314332,312862,311316,311290,311586,312987,313859,314424,314610,314190,313756,312878,312546,312054,313116,315290,318056,319156,319145,318939,319174,319317,318646,318325,317135,315247,311295,307487,303640,299730,296666,293601,292112,291526,292170,292678,293450,295204,298115,300911,303530,306780,309489,311781
32686,FL,Marion County,"Ocala, FL",,,,,,,,,,,,,,,,,,,,,,,,,,,,,,,,,,,,,,,,,,,,,,,,,,126954,127617,128589,130004,131565,132914,134567,135947,137370,138738,140368,142073,144512,148332,153153,157202,159708,161869,165738,170825,176747,182452,187822,191951,195044,198112,202254,208806,216498,223934,228713,230581,231740,232109,232814,232122,231712,230877,229754,226388,222413,217678,213676,210970,208872,208389,205870,203726,202804,203945,205291,204758,203037,200934,198999,196786,193116,188332,183742,179787,177349,175286,172901,170087,167546,165936,162796,159448,157350,156766,155200,152685,150149,149277,149170,149097,149147,148839,147723,146165,145233,145736,146532,146529,145148,142339,139320,136324,134651,132656,131293,129727,128209,126776,125310,124397,123122,121488,119523,118103,117408,116892,116537,116355,116190,116008,116331,117478,118674,119422,119870,120600,121720,122882,124064,124550,124621,124566,125406,127160,128716,129791,130341,131067,131726,132759,134220,135653,136721,137298,138134,138819,139271,139479,139851,140751,141846,143524,145127,146718,148048,149240,150690,152434,153946,154983,155519,156686,157502,158189,158749,159580,160284,160660,161168,161686,162235,162654,163514,164064,164500,164979,166199,167770,168797,169711,170981,172613,174256,175749,177156,178552,180009,181898,183748,185315,186256,186846,187694,188984,190856,192800,193929,194431,194825,196035,197777,198948,200092,201004,202320,203626,205634,207655,209342,209889,210587,212236,215674,220608,226046,231535,236260,240367,244027,247701,252254,258346,266240,272775,276739,278702,281654,285777,289964,295881,303928,314116,325063,334955,343594,348958,351208,350925,350119,349307,349110,347577,347486,347265,349905,352289,355761,357913,360266,362108,363851,365724,367086,368737,369656,371999,375072,378644,381295,382489,383756,384758,385651,385548,385915,386915,387429,386160,383195,381345,379653,378714,376523,375336,374567,375351,376412,379302,382334,386333,388638,389630,389082,388415,388293
32702,FL,Marion County,"Ocala, FL",72164,72281,72909,74131,75720,76766,76928,76094,75072,73650,72552,71695,71699,72277,73103,73589,73935,74236,74897,75995,77096,78192,78794,78824,78795,78394,78385,78960,79968,81404,82882,84428,85790,86693,87540,88163,88475,88504,88476,88669,88992,89254,89112,89343,89754,90588,91308,92345,93824,95164,96056,96686,98153,100216,102558,104530,106244,107563,108154,108456,108670,109046,110226,112185,114820,117910,121844,125420,129078,132331,137022,141490,146243,149618,152580,155120,157158,158335,158822,158603,158309,157900,158220,158530,157797,157276,157197,158402,159704,160599,160492,161269,161835,161685,159923,157837,156640,156188,155183,154625,152869,151394,149433,147374,144884,141771,138189,134905,131184,128028,125251,122436,119566,116916,114574,112518,110263,109485,109344,109837,110212,111200,112802,113829,113438,112387,111620,111373,111537,109904,107755,104266,102457,101149,100338,98798,97400,95978,94683,92915,91562,91770,92913,94083,93143,91623,89649,88509,87633,86990,86363,85265,84200,83500,83770,85256,87425,89490,90836,91955,92978,93951,94317,94702,94986,95684,96107,96472,97137,98139,99022,99437,100100,100996,102148,102898,103683,104197,105039,106411,108216,109511,110171,110338,110572,110979,112050,113601,115455,117251,118563,119897,120975,121839,122151,122431,122940,123316,123384,123884,125044,126474,127361,128146,129140,130575,131836,133186,134662,136177,138040,139999,141707,142085,141462,140312,139295,138862,139461,140605,142387,144386,146893,149558,151763,153191,154338,156152,158333,160307,161706,163199,165095,167274,169117,170386,171159,171587,171787,172132,172500,173770,175603,177203,178248,178324,180064,182924,186942,191083,194760,198452,201916,204965,207145,208764,210542,212951,214355,214329,213944,215067,218221,222198,227187,232746,238988,245744,252337,258731,262930,264900,264815,264435,264428,263985,261930,260091,259642,262601,265960,270185,273152,275376,276935,278503,280585,281933,283393,285081,286989,288461,289097,289390,289210,288983,288657,288110,287568,287303,287485,287661,287034,285566,283851,281745,279066,276048,273329,271810,271803,273302,275827,278942,282109,284441,285218,285927,286445,287607
32908,FL,Brevard County,"Palm Bay-Melbourne-Titusville, FL",95002,95320,95281,95454,95313,95366,95534,96015,96373,96714,96840,97025,97083,97394,97789,98511,99203,100045,100760,101362,101883,102437,103193,104149,104824,105356,105690,105952,106336,107221,108639,110327,111984,113589,115027,116266,117553,118763,119905,120812,121743,122139,122480,122968,123843,125081,126500,128397,130312,132220,134249,136323,138800,141685,145311,149255,153002,156661,159613,162930,165815,168781,171442,175745,180529,185331,189943,195656,201917,207400,211055,214527,217913,222514,226845,230162,232887,234833,235961,235159,232736,229484,226420,223713,221542,219443,217399,214825,211649,207856,203358,198409,193361,189078,185044,181026,176777,173055,169243,165279,160755,156534,152531,148590,144931,141496,138097,134347,130256,126283,123374,120996,118587,115442,112679,110366,108384,106480,105534,105025,104640,103697,102915,102727,102482,102046,100814,99619,98418,97278,96116,94751,93342,91818,90320,89093,88105,87698,87444,87310,86981,86875,86968,87171,87266,87119,86642,86052,85649,85599,85672,85797,86013,86443,87174,88549,90003,91636,93225,94990,96858,98490,100203,101843,103734,105688,107574,109391,111261,112930,114037,114879,116051,117504,118995,120173,121186,121903,122783,124225,125829,127505,128919,130374,132081,133963,136129,138128,139968,141777,143723,145982,147892,149430,150528,151981,153646,155385,156963,158545,160232,161800,163155,164540,166262,168194,170078,171749,173404,175251,177163,178862,180311,181558,182839,184389,186260,188326,190372,191804,192967,193732,194938,196095,197191,197915,198495,199223,200168,201286,202219,203036,203568,204037,204419,204855,205296,205969,207031,208374,209724,211051,212281,213537,214411,215432,216632,218405,220587,223103,226132,229345,232936,236452,240510,244744,249624,255067,260944,267013,272452,277454,282443,287682,294217,301251,309179,317465,325775,333971,339917,343428,343949,343184,341493,338784,335400,332736,331574,331638,332161,333037,333998,334901,335427,336066,336578,337130,337062,337196,337318,337632,337412,336310,334814,333551,332777,332295,331759,331278,330975,330651,329962,328721,327295,326051,324728,323047,321465,320331,319809,319590,319567,319591,319476,319282,319050,318655,318385,318059
33525,FL,Pasco County,"Tampa-St. Petersburg-Clearwater, FL",93406,93311,93069,92789,92869,93247,93992,94808,95974,96803,97366,97783,98054,98231,98544,99028,99315,99110,98750,98676,98591,98485,98427,98786,99684,100691,101609,102262,102922,103310,103917,105045,106569,108174,109631,110702,111471,111770,112423,113822,115464,117319,119016,120725,122892,124973,127144,129452,131480,133435,134653,135911,137552,139535,141331,143261,145401,148140,150659,153280,155505,157943,160369,163240,166288,169535,173477,177543,182005,186047,189633,192962,195323,197161,199355,203244,207599,211143,212529,213454,214275,215867,216309,216289,215705,215798,214992,214356,213110,212071,210209,208680,206862,204546,202792,201577,200233,198821,197109,196154,194224,191014,187359,183671,181137,179038,176849,173828,170806,168162,166226,163837,161229,159145,157408,154969,152011,149712,148940,148508,148619,148906,149399,149293,148614,147523,146159,145001,143676,142362,141340,140865,140666,139697,138488,136584,135186,133837,132998,132385,131695,131169,130202,129367,128670,128614,128545,128738,128745,128891,128441,127351,125904,124769,125185,126837,129100,131022,132626,134138,136002,137910,139640,140955,142140,143341,144505,145502,146582,147962,149275,150348,151085,151836,152672,153208,153559,153454,153782,154336,155206,156163,157486,159320,161329,163312,165071,166402,167798,169065,170558,171803,172872,173770,174522,175708,176879,178335,179587,180926,182463,184260,186042,187527,188582,189593,190229,191267,192311,193763,195308,197055,198834,200177,201429,202258,203215,204216,205804,207428,209053,210607,212314,213751,215025,215585,216072,216393,217495,219127,220974,222602,223805,225087,226355,227638,228542,229362,230356,231674,233631,235285,236921,237980,238940,240133,241939,244737,248388,252350,256381,260203,263713,267375,270946,275487,280455,286860,293236,298921,303350,307796,313028,318327,323851,329699,336448,344824,353817,362514,367814,370005,369299,367705,365563,363272,360527,358248,356771,356177,355702,355640,356307,358059,360115,361829,362828,363325,363471,363783,364320,365167,365486,365178,364603,364600,364720,364502,363664,363001,363010,362897,361961,359849,357630,355744,354392,353302,352717,352326,352028,351781,351546,351278,350847,350007,349139,348069,347157,346203
33541,FL,Pasco County,"Tampa-St. Petersburg-Clearwater, FL",110160,110033,109963,109992,110393,110795,111241,111517,112302,113101,114014,114868,115514,116197,116595,117051,117374,117698,118103,118731,119296,120000,120359,120815,121115,121448,121741,122186,122805,123560,124236,124741,125293,125632,126316,127133,128281,129258,130116,131323,132666,134168,135579,137571,139486,141425,142838,144456,145731,146888,147769,149021,150379,151653,152927,154721,157190,159804,162447,165026,167275,169410,171748,174726,177988,181775,186108,190792,195950,200489,204308,207437,209773,211715,214262,218469,223160,226450,227650,227953,228000,228851,228678,228188,226929,226527,225536,224673,223241,221952,220147,218840,217151,214608,212243,210793,209425,207949,205150,202603,199171,195575,192260,188422,185196,182304,180231,177507,174726,171914,169755,167397,165142,163321,161580,159640,157591,156200,155711,155265,154950,154632,154575,154116,153525,152793,151981,151070,149592,147444,145253,143779,143227,142346,141045,138979,137160,135369,134201,132971,132060,131277,130426,129449,128440,127807,127337,127233,127359,127646,127453,127007,126367,126028,126218,127054,128364,129976,131658,133431,135344,137002,138195,139041,140012,141279,142535,143906,145229,146774,148061,148914,149359,149804,150465,151337,152015,152568,153016,153767,154441,155079,155828,157061,158370,159709,161118,162848,164659,166291,167633,168678,169642,170726,172062,173815,175471,177018,178230,179500,180977,182586,184099,185180,186112,187316,188646,190147,191221,192357,193183,194104,194993,196016,197317,198422,199536,200424,201393,202280,203141,203952,204865,205440,206189,206630,207372,207957,208922,210040,211268,212431,213256,214128,215059,216079,216996,217816,219228,220988,223414,225150,226667,227542,228466,229465,231046,233393,236496,239968,243738,247415,250792,253919,257301,261397,266579,272842,280020,286901,293085,298660,304628,310764,317270,324000,331322,340589,350568,360759,367430,370651,370559,369300,367892,366211,363946,361707,359765,358636,357703,357554,357484,357748,358279,359161,360065,360928,361763,362769,363755,364668,365170,364678,363743,362890,362297,361544,360417,359233,358276,356985,355498,353653,351936,350130,348344,346731,345665,344959,344542,344210,344018,344006,343731,342989,342060,340964,340076,339169
33545,FL,Pasco County,"Tampa-St. Petersburg-Clearwater, FL",137193,137432,137897,138416,139451,140470,141715,142220,142503,142841,143719,145074,146159,146879,147196,147961,148690,149162,149600,150386,151308,151651,151388,151668,152229,153119,153699,154296,155207,156385,157862,159000,159874,160322,160638,160700,160892,161267,161730,162639,163567,164687,165620,167097,168743,170538,172336,174292,175992,177298,178462,180019,181958,183932,186150,188697,191759,194808,198087,201495,204812,207990,211624,216003,220768,225988,231792,238236,245056,251580,257544,263160,267582,270848,273800,278085,283051,286803,288482,288716,288702,289068,287652,285365,282282,280748,278832,277672,275399,272747,268586,264783,261090,256875,253631,251406,249291,247101,242503,237646,231067,224806,219100,214242,209962,206489,203365,200002,195755,191268,187700,184672,182054,179736,177393,174403,171457,169216,168105,166852,165912,165310,165469,165481,165336,165001,164031,162932,161256,159444,157507,156015,155133,153799,152242,150325,149026,147729,146839,145648,144833,144258,144226,144293,144551,145026,145828,146813,147975,149220,150099,150507,150557,150639,151065,152050,153489,155314,157288,159545,162180,164953,167941,170977,174024,176758,179255,181536,183826,185923,187750,188820,189745,190692,192038,193273,194549,195400,196624,197861,199644,201089,202799,204158,205459,206405,207397,208533,209657,210808,211702,212475,213247,214147,214920,216087,217265,218971,220563,222284,224158,225748,227064,227959,228937,230200,231497,232960,234326,235800,237104,238536,239910,241568,243368,245399,247329,248876,250318,251593,252964,254126,255202,256093,256915,257663,258350,259086,260264,261844,263300,264252,264396,264493,264513,264828,265288,265933,266723,267625,269074,270528,271691,272265,272666,273323,274468,276397,279430,283106,287420,291670,295641,299688,304146,309875,316853,325645,335099,344421,352871,360697,368840,376755,385132,393570,403390,415191,427849,439233,447023,450652,450805,448850,445646,441761,437188,432934,429002,425958,423791,423112,423294,424171,424740,425518,425787,426549,426743,427172,427687,428436,428360,427185,425489,424258,423121,422201,420983,419708,418872,417708,416219,413948,411527,409163,406692,404554,402795,401353,400116,398861,397649,396930,396328,395571,394313,392896,391965,391362
33598,FL,Hillsborough County,"Tampa-St. Petersburg-Clearwater, FL",124668,124322,124436,124421,124189,123980,123902,124930,125824,126953,127719,128651,129641,130667,132008,133217,135066,136906,139580,141721,143988,145601,147209,148059,149169,149325,149431,150002,151650,152507,152185,151776,152338,154184,155979,158383,161077,164199,167278,168806,169733,171030,173336,175714,177414,179318,180935,182982,183839,185275,186687,189020,191279,193652,195768,197865,199705,201471,204252,207807,210851,213548,216515,220526,224892,229445,235782,242228,249299,254702,260268,265489,270999,276446,281585,287417,292776,299197,304931,310116,312288,311270,309200,305907,303122,300750,300502,302635,304665,303551,298974,292995,288077,283035,279029,273984,268423,261559,255897,251896,248342,245010,241394,237962,234448,230813,225228,219651,214813,212150,210123,207432,203949,199714,196751,194744,193713,192782,192247,191753,191287,190800,190259,189989,190542,191374,191481,190839,189073,187357,185206,183898,183043,182379,181246,179095,176446,173879,171711,170111,169720,170264,170886,170844,169812,169288,169020,169576,170222,170933,171728,172306,172625,173059,173651,175029,176600,178095,178897,179462,180464,181950,183591,185456,187172,189519,191551,193546,195344,197254,198830,199291,199048,198559,198812,199194,199865,200220,201244,202802,205000,207107,208809,209601,209979,210354,211784,213364,214836,215948,217227,218603,219905,220997,221534,221562,221267,220997,221056,221404,221984,222576,223484,224311,225115,225831,226729,227547,227956,228670,229423,230449,231173,231768,232567,233584,234661,235537,236682,237875,238738,238977,239382,239953,240944,241712,242642,243608,244673,245721,246297,246587,246685,246877,247039,247041,246929,247255,248062,249351,251059,252539,253574,253826,253736,253691,254081,255499,257701,260234,262740,265518,268392,271764,275716,280370,285952,292198,299138,305896,312571,319196,326499,333955,342488,352545,364596,378186,391039,402166,409546,413091,413191,411177,408148,404416,400210,396527,393966,392592,391910,392050,391993,391998,391744,391791,391584,391162,390886,391128,391844,392659,392665,391388,389173,386873,384541,382086,379462,377007,375370,373950,372676,370985,369159,366932,364318,361530,359044,356823,354960,353286,352023,351070,350257,349229,347895,346528,345439,344570
33838,FL,Polk County,"Lakeland-Winter Haven, FL",74685,74790,74893,74999,75235,75557,75971,76218,76085,75742,75342,75375,75753,76128,76579,77206,77982,78479,78621,78814,79299,80080,80781,81291,81404,81592,81673,81892,82134,82691,83444,84172,84539,84653,84953,85526,85806,85748,85643,86121,86387,86115,85517,85186,85517,86291,87169,87769,88296,88867,89388,89771,90345,91566,93186,94779,96152,97157,98378,99630,101145,102366,103786,105410,107441,109923,112481,115341,117989,120786,123570,126196,128114,129609,131703,135533,139709,143490,145750,147540,148031,147980,147490,147320,147231,147126,147109,146430,145806,144820,144135,143009,142022,140531,138675,137076,136209,135947,134927,133417,131337,129017,126717,124079,121920,119890,117792,115297,112711,110590,108876,107174,105470,103182,100904,98869,97223,95361,94116,93294,93265,93102,92444,91224,89326,87370,85578,83431,81457,79442,78026,76677,74923,73316,72121,71488,71429,71491,71614,71454,71225,70916,70210,69474,69051,69205,69623,70228,70856,71266,71535,71405,71214,71376,72082,73257,74385,75521,76780,78025,79172,80088,81189,82745,84497,86012,87195,88126,89264,90375,91399,92209,92958,94148,95490,96689,97494,98309,99604,101370,102596,103282,103686,104395,104891,105596,106611,108147,109361,110552,111592,112903,114097,115186,115940,116901,118014,119656,121373,123328,124908,126723,128729,131155,133001,134325,135210,136283,137508,139163,140650,142518,144433,146698,148470,149964,151464,153360,155482,157425,159016,160342,161534,162859,164491,166484,168491,170128,171428,172368,173058,173313,173410,173755,174527,175835,177005,178353,179940,181789,183818,185576,187127,188105,188630,189269,190347,191991,194041,196336,198834,201028,203499,206415,209927,213381,216799,220858,225206,229437,233191,237166,242026,247376,254028,261414,269461,277025,283674,289756,294217,297024,297660,297317,296528,294982,293173,291552,290639,289804,289240,289501,290243,290884,290959,290975,290968,290955,291138,291471,291896,291865,291253,290158,289052,288121,287229,286111,284966,284099,283652,282913,281929,280662,279521,278347,277214,276010,274837,273580,272761,272268,271841,271375,270718,269832,268473,266942,265753,264691
33839,FL,Polk County,"Lakeland-Winter Haven, FL",86720,86986,87073,87353,87616,88307,89164,89942,90564,90988,91359,91620,91840,92115,92591,93269,93997,94464,94924,95415,96039,96733,97521,98393,98821,99291,99522,99787,99775,99810,99919,100262,100470,100854,101130,101796,102311,102788,102996,103344,103460,103608,104134,105256,106581,107615,108508,109145,109497,109596,110051,110686,111445,112102,112940,114135,115548,117221,118825,120559,122443,124597,127089,130058,133359,137176,140814,144205,146905,149821,153090,155806,156879,157162,158315,161327,164380,167268,169828,173050,175322,176113,175757,176453,178344,180803,182261,182435,182266,181760,181213,179582,177817,175881,173537,171757,171257,172028,172464,171956,170551,167941,165071,161083,157574,154463,152491,150017,146949,143609,140200,136515,133212,130051,127204,124462,121826,119080,116888,115399,114618,113966,113088,111902,110114,108241,106053,103376,101285,99446,98159,96425,94205,92067,90555,89818,89434,89077,88748,87913,86860,85527,84491,83512,83051,83414,84423,85664,86748,87399,87810,87738,87534,87277,87154,87179,87202,87447,88100,89169,90360,91400,92290,93196,94026,94784,95518,96136,96827,97516,98311,99259,100310,101377,102251,102948,103544,104517,106098,107862,108825,109111,109288,109827,110667,111953,113685,115667,117086,118303,119056,120320,121518,122888,123954,125263,126688,128231,129734,131618,133646,135374,136585,137819,138855,139379,139414,139983,140941,142420,144146,146554,148925,150950,152506,153948,155241,156249,157098,157921,159016,160602,162704,165067,167203,169094,170620,172225,173834,175236,175932,175971,176107,176684,177760,179205,180713,182516,184619,186933,189652,191968,193948,194764,195129,195579,196778,198773,201423,204404,207332,209807,212802,216218,220087,223133,226145,230221,234879,239410,242970,246448,250320,254322,259768,266589,274393,282036,288642,294836,299786,303231,304682,304921,304203,302651,300564,299204,298828,298642,298032,297676,297840,298703,299730,300967,301712,301851,302429,303584,305061,305474,304976,303515,301678,300062,298907,298253,297835,297874,298551,299328,299653,298520,296626,294383,292540,290816,289495,288556,288222,288563,289469,290266,290169,289240,288100,286880,285540,284259
33853,FL,Polk County,"Lakeland-Winter Haven, FL",66504,66644,66820,67018,67317,67595,67885,67999,68031,68072,68028,68002,68061,68200,68504,69001,69465,69634,69600,69678,70086,70552,71114,71583,72034,72520,72714,72733,72474,72461,72829,73357,73898,74260,74534,74821,74893,74944,74843,74887,75070,75478,75743,75926,75875,75900,75933,76113,76535,77057,77498,78060,78540,79411,80313,81488,82942,84278,85739,86955,88087,89142,90368,91820,93403,95214,97194,99228,101252,103500,105839,107638,109064,110271,112061,115690,120234,125260,128525,130664,130931,129931,128794,128219,128493,128882,128719,128446,127883,127165,126179,124953,124352,123202,121651,120395,120065,120176,119841,118981,117875,116137,114459,112421,110655,108756,107215,105280,103303,101008,99067,96925,95033,92614,90507,88601,87325,85962,84849,83982,83001,82109,81300,80788,79820,78289,76845,75356,74000,72623,71561,70647,69472,68091,66975,65851,64994,64046,63299,62435,61734,61100,60601,60116,60061,60517,61270,62032,62503,62424,61996,61350,60723,60526,60674,61516,62554,63522,64293,64943,65610,66243,66706,67286,67848,68464,69223,70169,71191,71836,71988,71779,71609,71663,72099,72725,73357,73844,74315,74873,75122,75159,75011,75273,75902,76940,78129,79293,80220,80979,81393,81863,82287,83086,83907,84975,85802,87004,88062,89444,90647,92120,93462,94738,95610,96348,96829,97748,98853,100497,101973,103606,104951,106424,107608,108835,109494,110259,110973,112212,113562,115213,116986,118856,120560,122147,123684,125057,125992,126669,127368,128233,128964,129936,131039,132467,133565,134769,135919,137164,138453,139866,141205,142284,142878,143528,144641,146457,148902,151503,153939,155822,157846,160317,163200,165731,168283,171760,175285,178188,180039,181993,184569,187418,192014,198298,205778,212350,217353,221477,224799,227256,228702,229716,230347,230292,229415,228691,228551,228726,228824,229179,230064,231285,231875,232042,231838,232174,233303,235055,236724,237721,238114,237918,237153,236159,235250,234631,234424,234768,235544,236049,235831,234720,233194,231304,229511,227803,226611,225559,224851,224609,225037,225610,225992,225691,224949,223925,223016,222353
33909,FL,Lee County,"Cape Coral-Fort Myers, FL",89902,89991,90027,90286,90772,91580,92377,93065,93615,94218,94884,95590,96124,96634,97132,97754,98491,99403,100498,101463,102372,103137,103943,104801,105639,106509,107286,108081,108909,109680,110373,111296,112632,114376,116101,117576,118981,120261,121616,123248,125206,127295,129054,130466,131667,132837,133753,134632,135348,136246,137298,138706,140476,142769,145355,148270,150907,153249,155719,158317,161337,164437,168559,172952,177777,182907,189017,196604,204106,211736,218546,225545,232223,238192,244436,249843,253728,254755,255541,255845,255314,252621,249810,246585,244006,240249,237168,233734,229564,224008,217921,212538,207648,202253,196065,190980,185815,181616,175150,167930,160323,153780,147914,141602,135338,129277,123943,118537,113660,109609,106128,103135,100003,97377,95051,93325,91976,90833,90390,89926,89748,89030,88689,88585,88871,89280,89523,89423,88984,88297,87481,86863,86399,86471,86581,86740,86592,86655,86786,87245,87679,88328,88893,89627,90120,90794,91413,92563,94160,96040,97820,99194,100468,101923,103576,105355,107023,108674,110302,112191,114505,117013,119214,121178,123108,125344,127220,128946,130256,131476,132539,133545,134673,135822,136914,137816,138495,139237,140332,141739,143270,144616,145794,146835,148174,149783,151706,153649,155813,158466,161269,163668,165427,167147,169130,171605,173787,175620,176903,178147,179805,181724,183462,184752,185803,186752,187714,188370,188857,189336,189831,190532,191144,192174,193431,194918,196247,197471,198615,199448,200204,200634,201338,202027,202986,203813,204562,205189,205853,206358,206542,206469,206138,205771,205477,205362,205454,205715,206313,207199,208292,209129,209758,210029,210150,210353,211011,212605,215003,217709,220861,223999,227292,230380,234136,238967,245543,253964,262981,271894,279472,286730,293402,299830,307633,316807,327615,338375,348902,358442,365083,367603,366455,363695,360860,358285,354891,351906,350475,351029,352524,353953,355190,355975,355897,355595,355514,355748,355855,355334,354303,353010,351144,348384,345436,343259,341802,340764,339745,338777,337482,335760,333277,330053,326102,321930,317802,313982,311144,309171,308001,307052,306134,305292,304308,303282,302073,300919,300095,299567
33917,FL,Lee County,"Cape Coral-Fort Myers, FL",103551,103588,103768,104155,104763,105493,106247,106917,107541,108141,108922,109561,110092,110630,111251,112001,112641,113135,113552,113866,114423,114955,115644,116298,116926,117472,118073,118977,120090,121281,122445,123775,125159,126689,127952,129044,130129,131320,132824,134294,135907,137663,139293,140688,142099,143628,145235,146716,148081,149314,150505,152132,154250,156732,159504,162538,165465,167842,170324,173025,176291,179497,183464,187710,192610,197333,202467,208468,214402,220884,226825,233260,239330,244318,249712,254248,257187,257077,256858,257025,257334,255482,253676,251152,249372,246005,242524,238371,233706,228595,223372,218715,214547,209652,204059,199023,194497,191713,188171,184467,180468,176824,173188,169078,165147,161933,159300,157153,154937,153194,151115,149314,146769,144218,141171,138105,134428,130924,129384,129381,130380,130271,129565,129014,129240,129814,130007,129568,129088,128555,127208,126095,124974,124868,124484,124008,123174,122661,122463,122504,122427,122551,122816,123008,122882,122849,122962,123792,124996,126541,128024,129110,129950,130755,131876,132976,133931,134953,136301,137793,139458,141125,142795,144223,145546,146896,147931,148598,149095,150039,151419,152694,153797,154697,155832,156813,157958,159240,160961,162552,164039,165266,166811,168446,170302,172219,174405,176718,179157,181893,184736,186771,188246,189162,190247,191288,192530,193906,195013,196222,198000,200202,201898,202309,202296,202250,202978,203587,204174,204675,205147,206106,207245,208841,210064,210792,210761,210380,210147,210016,210012,209787,210129,210773,211788,212674,213500,214200,214550,214969,215182,215557,215530,215510,215349,215564,215812,216231,216868,218079,219620,220853,221507,221606,221307,221158,221489,223082,225635,228700,231862,234668,237176,239585,242792,247413,254158,262823,271713,279430,285324,290914,296097,301425,308041,316652,327601,339714,351430,361521,368163,371421,371589,370586,369267,367395,363758,359802,356946,356905,358516,360891,362659,363516,363997,363813,363470,362535,361647,360484,359129,357347,355015,351957,348631,346059,343766,341660,339212,337172,335528,333703,331301,328274,324856,321068,317245,313534,310494,308137,306839,306428,306794,307366,307649,307274,306511,305824,305397,305218
33954,FL,Charlotte County,"Punta Gorda, FL",84012,84323,84587,85281,86073,86849,87339,87544,87648,87850,88455,89318,90056,90626,91350,92345,93419,94260,95003,95538,96144,96852,97457,97895,98173,98620,99166,99792,100349,100903,101446,102498,103482,104577,105435,106490,107507,108555,109535,110620,111702,112955,114392,115860,117251,118567,119908,121376,122887,124308,125750,127354,129250,131500,133892,136396,139216,141254,142707,143501,144850,146647,148951,152288,156253,161219,166233,171744,177013,181707,185723,189289,192433,195338,195977,196326,197332,199990,202012,202458,201843,201615,200933,199771,197560,195132,191845,187897,182601,176854,171667,168008,164776,161216,156808,152457,148441,145863,144758,144098,142506,140396,138427,136037,133218,130153,128315,127446,126481,124656,122642,120271,117916,115390,113419,111890,110707,110212,109947,109816,109988,111178,112624,113436,113597,113135,112552,111485,110631,110017,109175,107858,106115,104334,102825,102018,101679,101408,100475,99756,98965,98569,98512,99010,99363,99541,99938,101186,102828,104427,105666,106406,106948,107708,108966,110739,113039,115336,117672,119862,122173,124642,126706,128160,129277,130359,131542,132478,133311,133998,135095,136298,137741,138884,139765,140564,141296,141902,142699,143592,145026,146253,147470,148463,149725,151103,152760,154764,156986,159207,160962,162513,164079,165646,166818,167808,168956,170340,171795,173357,175198,176765,178049,178933,179895,180688,181599,182483,183209,184024,184939,186283,187672,189042,190385,191650,193092,194263,195105,195347,195788,196564,198202,199934,201665,202765,203576,204302,205293,206550,207581,208094,208148,208327,208962,210148,211441,212823,214217,215657,217189,218497,219413,219702,219517,219452,220276,222360,225472,228839,232389,235943,239303,242539,245883,250094,255471,262495,271022,279640,287430,293896,299768,305552,312747,320979,330658,341252,352266,362476,369396,372484,371582,369075,366361,364062,361218,359304,358526,358843,358950,359794,360744,361419,360889,359861,358993,357618,355806,353929,352684,352061,350832,348593,345832,342982,340613,338451,336537,334579,332706,330661,328346,325271,321590,317256,312788,308797,305907,303841,302498,301386,300574,299741,299378,299094,298859,298423,298620,299510
33993,FL,Lee County,"Cape Coral-Fort Myers, FL",91796,92108,92259,92810,93408,94199,94816,95349,95786,96491,97206,97894,98081,98305,98981,100088,101402,102637,104090,105622,107103,108296,109354,110493,111693,113053,114174,115410,116360,117601,118680,119967,121127,122459,123926,125405,127046,128501,130426,132699,135348,137717,139704,141288,142931,144581,146175,147496,148309,149240,150353,152268,154529,157102,159710,162467,165260,167958,171061,174244,177740,181240,185687,190420,195615,201187,207507,214923,221652,228694,235045,242335,249071,255068,260727,265779,269301,269894,269923,269594,268950,266766,265018,263014,261347,258200,255669,252978,249216,244026,238462,233446,229053,223416,217683,212708,208067,203739,197265,189513,181349,173523,166153,157402,149148,141834,136314,131348,126834,123394,120122,117304,114246,111752,109383,107501,105843,104919,105066,105521,106029,105566,105242,105136,105531,106046,106327,106259,105767,104935,103837,103006,102455,102596,102578,102537,102137,102087,102108,102675,103357,104334,105075,105624,106070,106858,107963,109500,111356,113400,115412,116969,118436,119882,121565,123349,125306,127212,129190,131408,134007,136732,139006,140998,142747,144661,146186,147539,148461,149313,150109,150941,152005,153159,154393,155546,156521,157366,158345,159510,160728,161657,162658,163724,165392,167297,169636,171920,174122,176626,179241,181569,183334,185014,186936,189122,191149,192994,194557,195964,197677,199411,200926,201898,202661,203445,204465,205336,206108,206675,207214,207803,208571,209679,211022,212470,213654,214724,215578,216088,216452,216491,217012,217606,218556,219368,220049,220674,221262,221759,222008,221956,221548,221022,220638,220602,220634,220775,221129,221876,222949,223812,224434,224561,224544,224619,225265,226972,229622,232810,236517,240382,244442,248315,252851,258383,265992,275409,285631,295780,304739,313508,321332,328922,337714,348029,359839,371892,383583,394270,401579,404500,403491,400645,397481,394592,391625,389794,389663,390863,392278,393435,394211,394590,393882,393053,392257,391681,390810,389653,388366,387208,385373,382484,378810,376009,373953,372581,371066,369637,367929,365809,362593,358612,353999,349764,345658,342007,339081,336892,335456,334372,333476,332485,331219,329920,328635,327474,326704,326246
34219,FL,Manatee County,"North Port-Sarasota-Bradenton, FL",146849,147373,146819,147352,147622,148615,149201,149704,151051,152152,153916,155132,156316,157222,158610,160422,162820,164770,166461,167484,168736,169727,170719,170998,171142,171285,171817,172774,173919,175383,176995,178435,179669,180569,181643,183052,184689,186611,188755,190983,193223,195561,198154,200444,202467,204202,206228,207928,209548,211071,213263,215811,218685,221261,224234,227106,229983,232759,235720,239010,242136,245420,250024,256150,262913,270150,277316,284683,291931,298150,304800,310659,316982,321049,324620,329712,336090,342099,344894,346442,345404,342365,337959,333654,329115,324150,319072,314479,309974,305689,301449,297026,291976,286792,280517,273822,266770,261018,256750,252627,248395,243501,239286,234919,230504,224711,220401,216466,214135,211244,208139,205172,200984,196652,192352,189743,188475,188670,188896,189228,189391,189974,190541,189743,188445,187032,186048,184710,182985,181272,179063,177635,176315,175227,173271,171496,170531,169952,169098,168249,167979,168338,169062,169399,170214,171654,173739,175814,177438,178725,179659,180824,181980,183276,184256,185619,187464,189814,192269,194502,197073,199854,202898,205541,207756,209952,211740,213628,215117,216703,218168,219163,220250,221607,223619,225598,227562,229342,230933,232265,233240,234148,234797,235511,236545,237846,239697,241659,243859,245935,248011,249847,251457,252486,253049,253534,254255,255404,256660,257805,258840,259652,260319,260929,261616,262572,263456,264202,264695,265218,265900,266619,267401,268235,269260,270214,271039,271830,272989,274247,275665,276976,278597,280354,282180,283976,285747,287615,289136,290518,291412,292020,292010,292116,292397,292924,293448,294205,295433,296891,298639,300196,301595,302301,302323,302381,302974,304690,307454,311094,315491,319849,324351,328937,334279,340581,348572,358253,368256,377809,386321,395150,404537,414043,424786,436423,450688,466342,482666,496840,505875,509180,507008,503393,498969,494986,490340,486677,483735,481825,480826,481195,481972,482189,482328,482524,481816,479915,477179,475108,473834,472921,471537,469158,466376,463877,461945,460071,458111,455781,453777,451221,448441,444986,441238,437194,433131,429662,426865,424605,422657,421180,420198,419595,418727,417415,415824,414499,413719,413502
34420,FL,Marion County,"Ocala, FL",,,,,,,,,,,,,,,,,,,,,,,,,,,,,,,,,,,,,,,,,,,,,,,,,90027,90311,90505,91058,91638,92236,93014,93926,95088,96209,97304,98441,99877,101694,103713,105745,107855,110078,112477,115423,119003,123333,127784,131799,135105,138045,141531,145376,149333,152799,156064,158540,159678,160364,160679,161557,161868,162044,162023,161749,160759,159173,157165,155363,153618,152014,150296,148002,145324,144042,143693,143738,142658,141087,138977,136723,134635,132308,129282,125928,123121,121068,118840,116442,114355,112417,110193,107464,104577,102731,101632,101044,100315,99135,97890,96592,95232,94349,93539,92702,91689,90821,90272,89528,88734,87760,86371,84972,83525,82680,81518,80463,79556,79146,78948,78917,78674,78635,78547,78634,78835,79219,79792,80121,80381,80489,80757,81140,81621,82298,83049,83899,84773,85510,86250,86914,87596,87759,87456,87111,87168,87420,87652,87809,88211,88676,89448,90178,90892,90856,90897,91085,91580,91734,91732,92029,92961,94153,95706,96904,97998,98772,99673,100670,101876,102894,103510,104027,104495,105078,105521,106404,107437,108538,109398,110316,111231,111952,112753,113767,115003,116282,117606,119134,120854,122560,124219,125729,127146,128664,130346,131583,132337,132758,133660,134827,136034,136812,137321,137815,138717,139908,141088,141984,142691,143373,144228,145146,145937,146681,147482,148277,149183,149987,150730,151067,151275,151689,152751,154417,156560,158882,161466,163938,166167,168389,170822,173638,176972,181436,186019,189889,192287,194722,197671,200943,205380,210882,217683,224433,230464,236161,240634,243635,245034,245814,246516,246950,246419,246023,245658,246059,246368,247163,247833,248933,249785,250782,251302,251705,251908,252330,252821,253244,253488,253542,253701,254028,254287,254155,253770,253729,253951,253734,252702,251323,250200,249231,248349,247342,246683,246013,245567,245275,245478,245862,246053,245789,245103,244116,243127,242241
34431,FL,Marion County,"Ocala, FL",70032,70813,71683,72994,73711,74137,74721,75672,76270,76701,77245,77895,78496,78662,78950,79265,79933,80527,80960,81130,81232,81569,82127,82774,83316,82806,82217,81945,82572,83196,83539,84172,84880,85656,86208,86707,87004,87102,86886,86780,86975,87700,88471,89113,89632,90188,90731,91263,91741,92316,93088,94038,95060,95967,97265,98951,101066,102963,104742,106372,108137,109761,111668,114387,117908,121477,124616,127780,131229,134834,138509,141893,144766,147383,150315,154018,157902,160980,163442,165299,166773,168620,170213,172124,172974,172820,171474,169531,167488,165750,163935,162206,159930,157844,155714,153659,151300,150158,149775,149180,147000,144314,141890,139898,138108,135821,133274,130689,128571,127083,125406,123072,120698,118806,117978,116715,115370,114219,113150,111251,109160,107405,106649,105924,104965,104107,102987,101609,99847,98208,96713,95173,93579,92216,90520,88710,86875,85461,84082,82709,81531,80411,79630,79146,79163,79113,78885,78518,78300,78200,78170,78156,78297,78415,78670,79237,80005,80646,81331,82211,83475,84664,85442,86088,86555,86975,87118,87294,87569,87854,88127,88622,89369,90283,91102,91783,92364,92879,93745,94783,95775,96118,96162,96381,97311,98664,100236,101584,102799,103781,104822,105895,106917,107677,108170,108840,109601,110400,110819,111474,112272,113544,114723,116009,117140,118033,118619,119461,120370,121388,122266,123368,124788,126251,127807,129266,130567,131935,133306,134385,135293,136021,137261,138421,139660,140774,141862,142931,144119,145397,146455,147027,147199,147403,147741,148351,149153,150301,151580,152660,153597,154440,155328,156036,156514,157209,158412,160445,163076,166044,169310,172549,175755,178651,181424,184482,188724,194421,199925,204032,206634,209254,212508,215955,220769,226828,233905,240813,246931,252651,257077,259914,260760,260773,260444,260534,259997,259748,259291,259737,260122,261481,263020,265507,267526,269135,270004,270514,271076,271645,272524,273101,273566,273703,273897,273973,273785,273376,272971,273170,273587,274052,273852,273097,272033,270881,269997,268932,268058,266978,266297,266036,266515,267231,267987,268243,268034,267201,266342,265772
34432,FL,Marion County,"Ocala, FL",,,,,,,,,,,,,,,,,,,,,,,,,,,,,,,,,,,,,,,,,,,,,,,,,132043,132591,133031,133972,134856,135825,136989,138359,140116,142002,143850,145771,147852,150198,152775,156035,159987,163899,167740,171704,176241,181283,186221,190752,194316,197904,201790,206531,210929,214450,217141,218763,219471,220138,221171,222697,222745,221839,220654,218997,216711,213821,211270,209276,206745,204277,201574,198523,194874,192535,190997,189229,185867,182377,179519,176735,174345,171837,169252,166131,163447,161505,159856,157731,155618,153681,152323,150324,148396,146902,146151,144924,143191,141285,139549,138002,136136,135040,133766,132771,131389,130130,128659,126701,124672,122790,120745,118587,116602,115429,114866,114435,113654,112683,111801,111631,111315,110981,110600,110505,110776,111069,111316,111468,111756,112066,112420,112906,113620,114262,115006,115899,117013,118067,118691,119307,119696,119758,119444,119369,119729,120222,120583,121070,121709,122433,123174,124143,125322,126027,126664,127116,127993,128427,128774,129210,130089,131138,132210,133164,134077,134619,135166,135584,136205,136539,136595,136619,136886,137197,137342,137556,138047,138953,140020,141281,142477,143465,144174,145072,146007,147152,148272,149442,150842,152042,153324,154369,155609,156861,158021,158713,159230,159564,160426,161413,162621,163479,164265,165127,166392,167766,169006,169907,170534,171038,171629,172494,173597,174717,175853,177022,178456,179777,180922,181664,182222,183050,184346,186275,188803,191718,195225,198931,202682,206068,209426,213459,218651,225072,231558,237263,241703,245834,250044,254247,259085,265010,271807,279413,287070,294503,299589,302062,302045,301575,301094,301149,300319,299764,299122,299672,300212,301526,302658,304201,305264,306182,306596,306628,306377,305804,305617,305537,305612,305305,305035,305217,305767,306064,305766,305177,305014,304697,304047,302949,302127,301601,301495,301437,301639,301584,301842,302281,303066,303760,304279,304068,303215,302208,301727,301823
34470,FL,Marion County,"Ocala, FL",,,,,,,,,,,,,,,,,,,,,,,,,,,,,,,,,,,,,,,,,,,,,,,,,89097,89187,89292,89594,90108,90976,92048,93184,94321,95407,96448,97768,99466,101541,103409,105290,107239,109025,110740,112684,115405,118667,121909,124871,127344,129942,133029,136766,140343,143338,146062,148456,149915,151070,152149,153691,154532,154446,154110,153400,152695,151483,150112,149039,148152,147720,146881,145189,142701,141074,140349,140005,138637,136870,134722,132612,130660,128967,127158,125289,123093,121351,119418,117439,115313,113345,111939,110492,109155,107451,105900,104380,103306,102373,101210,100017,98517,97740,96858,95643,93801,92232,91089,90072,88962,87797,86423,85046,83724,82884,81707,80725,79576,78468,77200,76111,75424,75209,75202,75453,75736,76037,76268,76456,76644,76789,76939,77221,77766,78524,79390,80419,81423,82415,83088,83593,83828,83856,83875,83899,84138,84247,84670,85163,85960,86558,87182,87606,88053,88264,88737,89108,89362,89158,89187,89583,90691,91967,93522,94700,95882,96954,98146,99282,100565,101691,102607,103234,104127,105144,106080,107031,107948,109204,110318,111505,112397,113020,113528,114310,115409,116480,117453,118363,119488,120527,121712,122783,123836,124854,125906,126591,127204,127716,128692,129772,131035,132054,132829,133527,134473,135618,136561,136948,137066,137267,138091,139303,140641,141824,143025,144198,145497,146594,147281,147392,147137,147182,147915,149337,151323,153626,156413,159190,161950,164565,167209,169941,173010,176905,180560,183632,185793,188350,191463,194546,198884,204602,211827,218733,224446,229708,234145,237654,239586,240552,240812,240840,240347,240165,240005,240277,240281,240580,240872,241747,242544,243451,244011,244477,244761,245303,246097,246931,247454,247628,247553,247472,247187,246892,246849,247433,248327,248461,247738,246414,245298,244082,242953,241715,240753,239895,239581,239486,239572,239457,239478,239347,238892,238146,237481,237135
34471,FL,Marion County,"Ocala, FL",,,,,,,,,,,,,,,,,,,,,,,,,,,,,,,,,,,,,,,,,,,,,,,,,131264,131632,131916,132785,133796,135134,136183,137195,138345,139715,141243,142854,144881,147112,149315,151674,154290,157095,160105,163629,167572,171926,176314,180448,184050,187480,191767,197018,202244,206503,209918,212502,213817,214759,215505,216856,217454,217272,216702,215638,214267,212381,210282,208345,206482,205357,204191,202295,199253,197442,196600,196062,194227,191847,189203,186863,184884,182949,179957,176699,173763,172166,170858,169139,166977,164570,162985,161341,159356,157397,156063,155468,154775,153602,151859,150155,148221,147114,145900,144924,143391,141592,139652,137856,136608,135266,133375,131361,129642,128721,127360,125950,124398,123076,121803,120934,120189,119765,119496,119737,120286,120912,121741,122431,123009,123346,123657,123843,124025,124195,124793,125680,127012,128528,129978,131023,131670,131846,132139,132414,132959,133434,134128,134922,136048,136783,137405,137731,138452,138838,139380,139628,139981,139898,139819,140034,140958,142340,144085,145362,146368,147177,148389,149635,150986,151886,152464,152786,153741,154953,156264,157388,158854,160466,161995,163179,164114,164917,165742,166885,167941,169057,170082,171342,172939,174511,176250,177832,179654,181647,183551,184495,184848,185022,185826,186740,187592,188402,189126,190063,191161,192388,193393,193805,193896,193786,194122,194995,196094,197315,198568,200005,201556,202858,203752,204110,204048,204292,205180,207005,209663,212740,216470,220172,223817,227264,230824,234806,239498,245406,251161,256305,260309,264484,268743,272908,278362,285181,293359,301485,308799,315696,320944,324475,325781,326231,325855,325310,324075,323480,323102,323408,323568,324222,325167,326795,328302,329578,330354,330899,331010,331075,331459,331945,332549,332769,333004,332944,333046,332839,332703,332428,332867,333054,332723,331710,330825,329749,328733,327477,326558,325462,324952,324647,324793,324918,325216,325229,325030,324933,325102,325404
34472,FL,Marion County,"Ocala, FL",,,,,,,,,,,,,,,,,,,,,,,,,,,,,,,,,,,,,,,,,,,,,,,,,88374,88679,88958,89515,90138,90908,92063,93423,94920,96249,97454,98831,100334,101988,103526,105520,107956,110710,113536,116791,120686,125072,129253,132939,135913,138862,142184,145956,149546,152473,154958,156722,157365,157564,157621,158032,157783,157066,156567,155996,155100,153634,152050,150660,149166,147948,146496,144499,141848,140364,139620,139184,137924,135991,133320,130406,127937,125147,121650,118226,115970,114623,112904,110634,108173,105645,102905,99976,97170,94392,91889,89644,88170,86918,86098,85373,84292,83231,82278,81600,80574,79650,78949,78236,77348,76176,74520,72761,71231,70650,70268,70050,69756,69560,69416,69491,69573,69606,69374,69287,69362,69695,70182,70649,71148,71621,72157,72701,73319,74039,74996,76072,77409,78528,79505,80292,81180,81926,82422,82564,82607,82700,82940,83451,84180,84990,85821,86459,87143,87513,88015,88319,88441,88112,87989,88328,89339,90618,92126,93353,94327,95198,96302,97566,98799,99740,100519,101222,102072,103060,104129,105437,106682,108124,109497,110974,112213,113366,114421,115531,116733,117950,119266,120309,121566,122755,124252,125659,127128,128688,130208,131213,131819,132291,133035,133905,134797,135536,136130,136825,138013,139470,140845,141758,142255,142604,142994,143551,144083,144727,145606,146695,147943,149048,149905,150372,150541,150983,151957,153507,155379,157514,160126,162828,165411,167587,169759,172241,175490,179661,183970,187965,191415,195072,199150,203593,209088,215338,222435,229439,235917,241762,246210,249101,250275,250703,250860,250770,249801,248929,248109,248014,247712,247596,247672,248489,249499,250352,250608,250687,250603,250618,250642,250740,250973,251130,251206,251241,251111,250828,250517,250745,251172,250906,249906,248769,248111,247443,246589,245410,244331,243103,242164,241512,241435,241603,241718,241308,240434,239271,238437,237817
34473,FL,Marion County,"Ocala, FL",,,,,,,,,,,,,,,,,,,,,,,,,,,,,,,,,,,,,,,,,,,,,,,,,107173,107947,108053,108809,109355,110296,111487,113018,114888,116669,118186,119778,121549,123671,125688,128159,131147,134620,138013,141857,146494,152033,157483,162302,165934,169218,172467,176187,179863,183244,186600,189122,190432,191248,192296,193812,194612,194644,194382,193667,192155,190268,188321,186800,185324,184542,183416,181269,177816,175773,174415,172865,169750,166362,163230,160080,157161,154230,151175,148363,145981,143952,141552,138350,135583,133184,131264,128981,125792,123267,120921,119403,117924,116498,115073,113333,111057,109306,107413,105518,103364,100660,98471,96106,94537,93138,91672,90472,89375,88765,88001,87411,86918,86085,85044,83936,83290,82687,81945,81237,80724,80552,80654,80769,81095,81604,82320,83148,83901,84832,85888,87253,88764,90214,91504,92765,93954,94928,95408,95532,95625,95796,96228,96994,98076,99237,100329,101375,102605,103485,104488,105258,105878,106085,106462,107439,109071,110664,112111,113132,114105,115099,116367,117752,118961,119666,120066,120591,121359,122154,122935,123936,125085,126473,127742,129089,130218,131371,132531,133818,134894,135887,137045,138412,140077,141586,143231,144741,146201,147549,148720,149451,150046,150450,151129,151917,152888,154029,155209,156614,158233,159821,161148,161715,161797,161695,161868,162388,163032,163879,164923,166200,167606,168885,169821,170438,170764,171058,171642,172887,174888,177288,180027,182713,185478,187982,190712,193573,197330,201951,207252,212225,216713,221051,225874,231094,237460,244557,252470,260333,267939,274977,280310,283568,284591,284609,284502,284266,283524,282543,281534,280955,280178,279922,279686,280027,280290,280529,280503,280392,280397,280284,280131,280084,280129,279942,279526,279365,279350,279110,278592,278226,278256,277943,277034,275668,274642,273893,273195,272425,271693,270876,270064,269385,269087,268914,268667,268106,267288,266273,265479,264765
34474,FL,Marion County,"Ocala, FL",,,,,,,,,,,,,,,,,,,,,,,,,,,,,,,,,,,,,,,,,,,,,,,,,143820,144085,144340,144918,145792,146963,148212,149557,150943,152612,154359,156492,158830,161289,163768,166508,169461,171974,174430,177450,181630,186461,190867,194536,197367,200478,204333,208848,213230,216908,220443,223313,225122,226484,227679,229347,230660,231323,231967,231726,230715,229112,227498,226222,224238,222500,220505,218184,214816,212838,211679,210468,208177,205024,201891,198789,196564,194404,191665,188460,185590,183610,181654,179761,177559,175304,172980,170619,168599,166741,165226,164173,163427,162336,160971,159487,157805,157030,156672,156236,154974,153372,151856,149687,147417,145660,144072,142920,141516,140718,139244,137423,135353,133541,132411,131723,131589,131407,130935,130579,130429,130841,131244,131813,132216,132474,132921,133653,134386,134993,135546,136528,137761,139084,140239,141016,141429,141625,142106,143093,144323,145437,146222,146951,148104,149446,150689,151700,152639,153167,153572,153915,154487,154646,154554,154652,155383,156457,157697,158659,159611,160318,161111,161877,162814,163488,163783,163939,164289,164994,165822,166897,167974,169167,170096,171103,172041,172931,173784,174724,175945,177318,178703,179928,181148,182362,183762,185284,186766,188104,189248,190004,190908,191715,193225,194734,196131,197176,197901,198952,200307,201850,203203,203925,204387,204602,205049,205767,206694,207777,208788,210000,211388,212737,213910,214752,215298,215883,216977,219048,221857,225018,228412,231514,234368,236954,239832,243394,248198,254577,261412,267689,273047,278054,283290,288463,294751,302049,310428,318982,327175,334749,340551,344273,345542,345779,345125,344103,342132,340552,339598,339364,339186,339200,339155,339211,338922,338586,338208,338100,337828,337496,337210,337344,337427,336992,336116,335217,334479,333776,333034,332274,331697,330776,329370,327841,326444,325048,323694,322397,321798,321190,320843,320540,320570,320546,320362,319759,318901,317909,317144,316808
34475,FL,Marion County,"Ocala, FL",,,,,,,,,,,,,,,,,,,,,,,,,,,,,,,,,,,,,,,,,,,,,,,,,75078,75400,75387,75614,76000,76678,77409,78246,79377,80901,82212,83458,84737,86201,87676,89024,90551,92119,93593,95046,96566,98154,99614,101055,102437,104191,106717,109966,113454,116062,118451,120582,122303,124269,126094,128207,129326,129748,129855,129539,129064,128264,127438,126378,124931,124069,123367,122695,121124,120662,120730,121453,120497,119289,117129,114881,112278,110120,107836,105163,101641,98982,96832,95171,93150,91540,90419,89216,87168,85306,84065,83911,83873,83365,82164,80704,79233,78384,77470,76637,75705,74764,73429,71664,70175,69054,67593,65589,63559,62437,61444,60640,59851,59444,59307,59393,59246,59322,59339,59777,60241,60731,61294,61621,61976,62189,62566,62979,63687,64438,65238,66048,66661,66879,66750,66687,66830,66525,66064,65581,65768,65918,65993,65963,66223,66265,66261,66074,66356,66308,66356,66233,66132,65778,65811,66610,68082,69413,70487,71020,71769,72478,73698,74933,76467,77599,78251,78908,79736,80710,81566,82720,83899,84995,85895,86775,87637,88032,88599,89018,89489,89836,90481,91584,93228,94962,96725,98150,99567,101056,102923,104338,105740,106739,108274,109472,110680,111499,112359,113088,114348,115955,117739,119037,120217,121471,123059,124516,125413,125807,125972,126331,126800,127293,127611,127764,127556,127308,127548,129143,131891,135324,138575,141508,144175,146973,150156,153924,158369,163506,166856,168439,168074,168879,170811,173236,176986,181826,187349,191984,196061,200882,205374,208735,210505,211924,212836,213649,213192,212903,212468,212898,213099,213488,213950,215487,217257,218936,219769,220177,220411,221080,221985,223036,223341,223161,222412,221925,221588,221550,221447,221920,222469,222589,221400,218984,216512,214631,213775,213093,212356,211222,210366,209932,210316,210836,211331,211312,210554,209395,208338,207752
34476,FL,Marion County,"Ocala, FL",,,,,,,,,,,,,,,,,,,,,,,,,,,,,,,,,,,,,,,,,,,,,,,,,141743,142185,142596,143551,144603,145936,147458,149088,150886,152778,154815,157198,159903,162750,165684,168956,172510,175536,178510,182258,186919,192121,196896,201370,204847,208304,212283,217021,221663,225407,228782,231095,232152,232744,233512,234348,234160,232973,232048,230381,227857,224804,222167,220393,218491,217079,215543,213231,209671,206979,205092,203172,200109,196486,192980,189615,186983,184241,181101,177471,174513,172041,169976,168022,166591,164950,163295,161191,159072,156682,154532,152915,151700,150652,149505,148343,146630,145450,144374,143843,142831,141966,140674,139155,137502,136181,134397,132819,131443,131021,130256,129118,127568,126385,125465,124888,124041,123241,122583,122417,122476,122764,123150,123550,123875,124129,124668,125486,126368,127109,127830,128719,129851,131056,132360,133578,134580,135224,135698,136097,136647,137308,138130,139023,139994,140741,141352,141812,142553,143052,143727,144136,144753,145023,145390,145792,146509,147281,148251,148963,149585,150064,150936,151872,152901,153546,153823,154048,154460,155200,155971,156939,157968,159128,160283,161394,162453,163338,164267,165255,166222,167150,167976,168839,169993,171277,172874,174457,176185,177698,179035,179761,180330,180739,181599,182537,183598,184401,185060,185704,186638,187753,188877,189531,189882,190059,190534,191448,192544,193619,194581,195670,197176,198539,199531,199866,200017,200440,201422,203118,205419,208133,211238,214181,216981,219466,222214,225572,230042,235751,241740,247525,252776,258062,263437,268724,274735,281752,289714,298052,306013,313445,319189,322622,323796,323967,323658,323006,321277,319802,318638,318458,318345,318723,318962,319246,319231,318985,318631,318143,317703,317345,317116,316943,316602,315961,315073,314453,313830,313190,312233,311369,310692,309627,308178,306644,305544,304411,303302,301921,301078,300133,299477,298749,298167,297486,296824,296161,295429,294589,293907,293513
34479,FL,Marion County,"Ocala, FL",,,,,,,,,,,,,,,,,,,,,,,,,,,,,,,,,,,,,,,,,,,,,,,,,86484,86720,86909,87535,88340,89293,90206,91189,92317,93422,94374,95489,96788,98472,100251,102322,104400,106314,108190,110708,113905,117770,121404,124713,127240,129834,132569,135762,138710,141326,143856,146213,147808,148868,149489,150125,150167,149624,149084,148362,147353,146176,145081,144167,142936,141982,140926,139514,137501,136453,136066,136000,134740,133206,130996,128756,126472,124580,122719,120700,118184,116244,114022,111831,109478,107613,106373,105400,104626,103268,101509,99359,97568,96091,94876,93856,92517,91838,91008,89557,87496,85812,85134,84259,83354,81961,80690,79414,78342,77409,75894,74440,73135,72320,71434,71072,70830,70723,70084,69622,69485,69592,69935,70302,70825,71402,72016,72542,73005,73435,73956,74438,75146,75986,76882,77693,78253,78501,78430,78233,78210,78291,78725,79253,80042,80647,81314,81786,82189,82306,82581,82854,83039,82862,82930,83440,84438,85562,86823,87905,88874,89803,91022,92447,93927,94988,95570,95980,96757,97778,98944,100343,101720,103222,104377,105830,107268,108749,110013,111120,112154,112965,113872,114860,116285,117640,119161,120585,122058,123422,124724,125560,126388,127129,128108,129003,129829,130476,130890,131264,131899,132690,133443,133892,134269,134859,135799,136847,137790,138657,139787,141001,142393,143478,144284,144729,145066,145727,146873,148641,150860,153351,156121,158807,161277,163568,166052,168814,171962,175867,179610,182910,185244,187926,190962,194043,198165,203589,210436,217212,223382,229089,233872,237378,239432,240703,241114,241153,240343,239733,239203,239268,239342,239716,240150,241396,242698,244119,244946,245465,245832,246412,247228,247881,248129,248030,247794,247736,247621,247396,247060,247117,247288,246946,245700,243877,242295,240914,239781,238615,237649,237044,236782,236925,237303,237821,238275,238156,237357,236053,234991,234270
34480,FL,Marion County,"Ocala, FL",,,,,,,,,,,,,,,,,,,,,,,,,,,,,,,,,,,,,,,,,,,,,,,,,131617,131900,132297,133258,134352,135749,137366,139216,141101,142905,144792,146970,149501,152270,155017,157853,160755,163362,165945,169039,172923,177469,182155,186511,190127,193427,197715,203073,208507,213066,216956,219907,221290,222032,222711,223843,224260,224064,223815,222886,221231,218712,216266,213970,211940,210359,208735,205948,202053,199231,197681,196526,194559,192164,189372,186543,183908,181533,178356,175152,172526,171024,169552,167567,165270,162809,160525,158056,155558,153368,151853,150835,149932,148887,147680,146834,145434,144553,143326,142219,140305,138077,135853,133731,131908,130219,128185,126086,124114,123065,121990,121130,119897,118612,117251,116483,115970,115744,115423,115414,115687,116307,116977,117285,117388,117509,117839,118211,118645,119120,119756,120585,121654,122804,123948,125090,126168,126775,127315,127674,128157,128348,128741,129355,130365,131157,131908,132588,133681,134444,135157,135424,135697,135456,135527,136029,137460,138991,140724,142028,143279,144395,145697,146844,147931,148639,148970,149102,149517,150133,150857,151697,152775,154141,155416,156601,157625,158484,159495,160633,161839,162929,163985,165050,166554,168090,169974,171741,173463,175039,176213,176717,176997,177318,178294,179349,180419,181388,182219,183108,183996,184908,185704,186142,186380,186511,187050,188001,189115,190267,191476,192772,194295,195591,196404,196601,196500,196852,197807,199592,202222,205250,208845,212459,216008,219414,222727,226516,230993,236639,242149,247127,251172,255520,260095,264713,270206,277003,285063,293330,300758,307722,313191,316836,318132,318406,318173,317747,316218,314925,313778,313568,313211,313326,313677,314694,315626,316259,316822,317411,318070,318460,318954,319409,319736,319740,319778,320095,320439,320419,319857,319232,318982,318601,317539,316168,315141,314558,314081,313319,312927,312535,312516,312389,312464,312572,312636,312285,311469,310455,309746,309150
34481,FL,Marion County,"Ocala, FL",,,,,,,,,,,,,,,,,,,,,,,,,,,,,,,,,,,,,,,,,,,,,,,,,127769,128149,128624,129696,131060,132565,134033,135570,137373,139383,141506,143813,146441,149114,151898,155320,159416,163920,168484,173903,179690,185653,190691,195000,198287,201695,205636,210351,214742,218217,220868,222458,222961,223360,223905,224947,225243,224780,223941,222549,220508,217973,215337,212810,209995,207468,204886,201780,197581,194858,193051,191998,189453,186512,183164,179712,176356,172812,169381,165974,163384,161515,159857,157674,155525,153271,151296,149006,146936,145426,144103,142706,141162,139671,138200,136570,134787,133695,132862,132178,130925,129496,128176,126992,125935,125035,123494,121783,119736,118292,116716,115067,113317,111605,110041,108752,108004,107245,106406,105451,104710,104043,103417,102920,102813,103116,103550,104056,104504,104939,105575,106322,107416,108321,109020,109842,110874,111782,112291,112674,113301,113943,114669,115590,116819,118061,119454,120992,122672,123866,124926,125763,126543,126725,127003,127562,128697,130010,131714,133317,134779,136091,137704,139273,140807,141982,143012,143940,145017,146136,146941,147719,148351,149220,150087,151032,151885,152577,153156,153959,154797,155902,157018,158031,159104,160102,161454,162826,164213,165456,166658,167600,168579,169586,170936,172150,173138,173738,174327,175129,176387,177762,178886,179550,179940,180524,181433,182596,183602,184585,185654,186898,187996,188957,189510,189891,189906,190223,190986,192554,194737,197225,200117,202881,205503,207797,210239,213286,217374,222857,228804,234546,239391,244172,249043,253982,259828,266808,275066,283828,292359,300439,306702,311014,313312,314847,315711,316280,316044,315786,315253,314951,314621,314892,315080,315380,315294,314952,314404,313770,313242,312602,311959,311108,309958,308346,306598,305274,304290,303504,302331,300916,299585,297973,296178,294129,292361,290540,288724,287082,285956,285110,284324,283671,283101,282642,282063,281178,279966,278735,278103,277980
34482,FL,Marion County,"Ocala, FL",,,,,,,,,,,,,,,,,,,,,,,,,,,,,,,,,,,,,,,,,,,,,,,,,137714,138122,138724,140054,141358,142545,143725,145220,147036,148875,150603,152462,154481,156802,159041,161708,164569,167408,170044,173295,177224,181840,186218,190410,193794,197291,201758,207347,212911,216980,220167,222225,223477,224514,225655,227131,227530,226929,226112,224951,223322,221271,218882,216734,214147,212300,210519,208561,206020,204503,203852,202929,200785,197834,195051,192347,189642,186079,181544,176847,173429,171902,171032,169392,167458,165453,164325,162406,159771,156784,154686,153347,152190,150827,149613,148693,147623,147027,146149,145254,143882,142422,140912,138975,137074,135083,132865,130556,128358,126826,125180,123594,121977,120556,119259,118382,117765,117556,117348,117544,117958,118390,118746,118825,119107,119259,119361,119137,118976,118864,118889,119047,119466,120033,120767,121723,122713,123642,124475,125331,126055,126475,126719,126979,127574,128383,129292,130067,130855,131304,131861,132355,132965,133133,133317,133725,134521,135410,136516,137504,138579,139710,141126,142387,143433,143930,143978,143967,144179,144563,144774,145331,146331,147861,149309,150686,151748,152576,153137,153982,154831,156085,157217,158483,159940,161418,163175,164740,166203,167611,168917,169973,170846,171583,172690,173800,174808,175453,175876,176564,177645,178937,179928,180489,180710,180886,181272,182007,182848,183794,184890,186136,187546,188647,189404,189779,189892,190322,191198,192971,195510,198356,201615,204579,207306,209863,212820,216654,221301,227129,233038,238628,243258,247860,252646,257386,263089,269722,277409,285389,293424,301379,307810,311945,313874,314927,315587,315999,315418,314888,314176,313984,313651,313869,314236,315014,315535,315653,315453,315205,314626,313586,312400,311837,311345,310611,309561,309382,309921,310653,310663,310196,309494,308404,306758,304852,303265,301806,300524,299040,297995,297128,296681,296508,296647,296761,296650,295987,295118,294148,293381,292670
34488,FL,Marion County,"Ocala, FL",,,,,,,,,,,,,,,,,,,,,,,,,,,,,,,,,,,,,,,,,,,,,,,,,90424,91133,91543,92490,93434,94303,95548,96864,98839,100424,101971,103348,105288,107150,109119,111207,113763,116175,118511,120874,123694,126994,130543,133778,136164,138833,141909,145557,148510,150728,152491,153640,154215,154902,155594,156370,156022,155466,154741,154254,153126,152150,151332,151341,150794,149910,148037,145307,142605,141792,142905,143936,143115,141094,138879,136650,135139,133067,130682,127787,125671,124527,123513,122027,120287,118563,117157,115530,113424,112277,111901,111843,110961,110078,109467,109066,107870,107078,106164,105274,103922,102203,100793,98890,97471,95766,94044,92078,90502,89750,88931,88065,86845,86087,85463,85289,84712,84408,84213,84564,84892,85246,85413,85419,85379,85699,86690,88140,89329,89721,89974,90864,92254,93747,94902,95812,96015,95216,94000,93225,93455,94170,94845,95210,95655,95939,96325,96609,97158,97464,98152,98994,99791,99729,99013,98518,98897,99722,100768,101445,102250,102876,103671,105172,107050,108467,108559,108302,108408,108708,108845,109400,110328,111446,111970,112317,112480,112489,112626,113294,114592,116089,117857,119649,121683,123311,124757,125826,126854,127885,128821,129375,129641,129711,129939,130336,131151,132024,132979,133989,135353,136917,138203,139106,140125,141340,142987,144441,145863,146785,147424,147935,148319,148924,149204,149610,149864,150277,151133,152918,156286,160625,165553,169809,173724,176466,178988,181704,185695,191180,195519,198205,198579,199545,201605,204045,207510,212013,217940,224572,230566,236681,240924,242525,242063,241253,240915,240182,238226,236469,235256,235261,235777,237406,239206,241208,242148,242250,241583,240688,240342,240618,241970,243281,244433,245147,245804,246508,246362,245954,245689,246264,246818,246436,245191,243371,241684,240075,239044,238340,237927,237331,236654,236470,237101,238463,239877,240373,239601,237872,236224,234974
34491,FL,Marion County,"Ocala, FL",,,,,,,,,,,,,,,,,,,,,,,,,,,,,,,,,,,,,,,,,,,,,,,,,127167,127677,128211,129372,130624,132026,133670,135458,137418,139266,141035,143010,145233,147689,149915,152316,154909,157404,159812,162417,165514,169047,172545,175676,178123,180680,183859,187765,191675,195033,198164,200336,201523,202238,203216,204474,204903,204334,203724,202622,200852,198443,195947,193940,192012,190515,189033,186947,184153,182891,182246,181603,179101,176394,173704,171473,169567,167742,165312,162691,160477,159199,158381,157546,156623,155337,153922,152143,150122,148252,147127,146558,146469,145990,145180,144102,142789,142040,141461,141095,140444,139627,138869,137820,136935,135850,134451,133003,131867,131471,130661,129586,128098,126822,125656,125134,124725,124367,123595,122985,122618,122809,123430,124233,124979,125486,125953,126355,126861,127318,127797,128198,128806,129740,130930,132197,133281,134048,134531,135032,135697,136371,136901,137485,138569,139969,141541,142930,144326,145416,146619,147677,148942,149804,150635,151443,152758,154076,155584,156554,157510,158348,159561,160597,161413,161758,161807,161691,161625,161665,161829,162256,163000,163789,164567,165057,165352,165463,165771,166421,167155,167953,168560,169078,169906,170845,171902,172762,173600,174691,175864,176806,177431,177733,178411,179105,180088,180827,181511,182130,182967,183926,184894,185756,186331,186521,186600,187095,187916,188910,189966,191096,192266,193275,194188,194938,195470,196044,196871,198336,200495,203077,205935,208387,210645,212792,215267,218169,221887,226598,231668,236416,240534,244856,249380,254157,259752,266381,274180,282323,290113,297064,301939,304479,304916,304719,304290,303654,302176,300661,299055,298126,297621,298107,298610,299420,299958,300342,300200,299731,299426,299293,299341,299457,299671,299610,299213,298856,298505,298123,297469,296904,296403,295502,294238,292845,291798,290829,290038,289245,288708,287983,287358,286845,286575,286333,286123,285731,284984,283900,282916,282040
35014,AL,Talladega County,"Talladega-Sylacauga, AL",,,,,,,,,,,82940,82909,82870,82666,82495,82346,82511,82797,83159,83528,83964,84522,84925,85161,85130,85133,85352,85672,86059,86407,86765,87071,87300,87665,88195,88629,88985,89186,89513,89742,90055,90219,90420,90594,90899,91168,91358,91445,91481,91493,91549,91802,92303,92893,93405,93835,94265,94760,95182,95575,95908,96398,97026,97858,98669,99490,100383,101274,102203,103222,104373,105266,105962,106490,107242,107928,108456,108752,109009,109342,109771,110136,110402,110447,110496,110620,110886,111178,111279,111234,111154,111328,111658,111879,111944,112035,112220,112289,112023,111441,110956,110645,110767,110895,111016,110781,110294,109813,109747,110159,110830,111079,110892,110324,109771,109186,108528,107894,107344,106566,105857,105270,105049,104772,104428,104251,104108,103946,103581,103316,102776,102290,101673,101307,100726,100299,100111,100299,100539,100617,100624,100450,100438,100284,100229,100196,100212,100333,100585,101034,100787,99552,98609,98188,98303,98445,98337,98388,98766,99579,100347,100487,100092,99706,99190,99279,99303,99304,99373,99970,100896,101670,102593,103107,103603,103909,104114,104102,104051,104159,104048,103624,103043,102734,102781,102858,103076,102917,103191,103977,105025,105913,106624,107405,107982,108194,108057,108077,107881,107927,108196,108845,109471,110211,110815,111212,111130,110870,110528,110356,111054,112318,114095,115562,116971,117845,118750,119069,119775,120140,120805,121003,121476,122135,122382,121776,120839,120397,120941,121910,123005,124199,125375,127172,128633,129919,130212,130777,131673,133002,133033,132609,132538,134312,136632,138556,140007,141503,143670,146503,149635,153233,156496,159663,162445,165291,168953,173178,176126,177329,176594,176359,177063,178240,180925,183101,185397,187075,188816,190399,190213,189498,187646,185146,182060,179706,178520,178414,179196,180958,182620,183954,185060,185538,186596,187460,189523,191373,192519,193384,194459,195690,196558,197068,198427,199937,200775,201162,201970,204096,206868,209513,210630,209129,206282,202983,201637,200682,200603,199638,199163,199354,200250,201402,202965,204195,204326,203671,203364,204277
35044,AL,Talladega County,"Talladega-Sylacauga, AL",,,,,,,,,,,,70446,70208,70113,70108,70295,70762,71144,71564,71723,72028,72358,72694,72860,72739,72673,72797,73261,73938,74712,75374,75750,75880,76004,76270,76572,76759,76976,77268,77695,78177,78588,78890,79018,79063,79206,79366,79523,79533,79554,79622,79927,80489,81227,82087,82666,83177,83606,84126,84543,84777,85191,85802,86595,87379,88183,89047,89729,90360,90998,91754,92414,92964,93529,94220,94995,95667,96111,96626,97062,97626,97988,98291,98413,98434,98646,99053,99602,99859,99857,99720,99711,99822,100014,100272,100452,100654,100767,101012,101141,101247,101220,101154,101020,100934,100758,100754,100575,100306,99608,98893,98264,97778,97210,96605,96083,95676,95378,95034,94472,93903,93495,93381,93137,92961,92872,93024,92987,92747,92399,91721,90963,90150,89514,88962,88566,88463,88601,88775,88862,88769,88599,88466,88549,88647,89026,89510,89962,90303,90285,90099,89450,88975,88682,88867,89379,89757,89795,89808,89976,90114,89801,88925,88063,87116,86657,86273,86345,86806,87522,87856,87752,87709,88022,88482,89036,89296,89278,89115,88889,88462,87773,87044,86764,86929,86994,87079,86633,86571,87073,87863,88574,88722,89042,89281,89997,90760,91663,92255,92890,93760,94886,95916,96688,96981,96840,96446,96004,95562,95248,95485,96010,96674,96874,97081,97300,98374,99759,101495,102316,102665,102550,102828,103179,103522,103193,102786,102517,103066,103936,104863,105792,106506,107670,108618,109720,110254,110925,111943,113185,113796,114111,114634,115962,117628,119163,120596,121979,123666,125785,127962,130125,132264,134528,136744,138691,141034,143480,145396,146531,146907,147863,149260,150830,153054,155053,157659,159638,161351,162593,162681,161829,160022,158350,157235,156789,156595,156641,157088,158118,159133,159708,160285,160593,161057,160979,161511,162435,163404,164391,165608,166829,167459,167596,167850,168010,167214,166341,166160,167544,169676,171754,172754,172412,171192,169522,168910,168637,168789,167818,167256,167563,168534,169079,169217,169340,169341,168833,168017,167712
35055,AL,Cullman County,"Cullman, AL",,,,95402,95389,95433,95542,95652,95910,96134,96662,97347,98129,98697,99174,99816,100447,100929,101125,101028,100952,100936,101232,101520,101575,101646,101706,102103,102522,102917,103206,103224,103311,103332,103802,104258,104665,104829,105008,105407,105838,106128,106272,106145,105972,105760,105897,106205,106461,106687,106931,107435,108023,108606,109076,109210,109293,109367,109771,110414,110985,111568,112155,113105,114114,115053,115928,116632,117230,117693,118325,119071,119710,120252,120823,121631,122525,123370,124116,124844,125576,126255,126792,127172,127377,127769,128232,128913,129225,129346,129256,129348,129511,129812,130078,130404,130676,130872,130963,131030,131156,131298,131297,131168,130931,130771,130691,130664,130581,130433,130187,129939,129638,129237,128729,128088,127432,126718,126040,125429,124995,124596,124310,124055,123986,123802,123627,123316,123044,122713,122241,121780,121298,120872,120704,120662,120901,121013,121115,121257,121411,121576,121584,121538,121508,121607,121893,122489,123094,123586,123557,123236,122759,122394,122041,121863,121379,120946,120499,120276,120531,121040,122014,123027,124089,124851,125259,125611,126161,126983,127708,128078,128225,128271,128955,129833,130415,130619,131164,132215,133251,133848,134079,134499,135059,135758,136516,137357,138034,138665,139011,139940,141038,142378,143222,143950,144661,145720,146444,146734,146810,147181,147760,148342,148505,148630,148371,148460,148356,148492,148490,148529,148601,148839,149491,150345,151303,152464,153898,154930,155541,155904,156655,157462,158102,158346,158551,158455,158648,158972,160000,161055,162045,162779,163399,164489,166149,168292,170386,172017,173601,174320,174862,174614,174552,174636,175303,176652,178545,180671,182712,184314,185440,186734,188433,190615,193252,196530,200477,203873,206433,208694,211389,213894,216058,218297,221128,224764,228022,231021,232653,233380,233143,232521,231696,230754,229855,228808,228487,229359,231352,233134,233982,234378,234741,234925,234612,234027,233437,233534,234337,235256,235887,235461,234868,234340,234415,235079,235762,236970,238273,239493,239872,240620,241831,243334,244213,244915,245856,246796,247833,248894,250070,251022,251926,252495,252733,252866,252945,253558
35096,AL,Talladega County,"Talladega-Sylacauga, AL",,,,,,,,,,,89616,89906,89678,89765,90245,91296,92312,92879,93273,93751,94229,94719,95139,95593,95743,95752,95914,96602,97591,98570,99326,99551,99507,99344,99577,100059,100541,100875,101318,102048,102869,103218,103346,103212,103151,103158,103520,104045,104380,104605,104984,105637,106519,107264,107958,108312,108576,108815,109327,110089,110835,111793,113143,114868,116527,117698,118720,119229,119702,120148,120993,122092,122923,123457,123878,124425,125132,125809,126457,127224,127924,128641,129386,129975,130426,130837,131553,132300,132703,132797,132973,133409,133888,134488,134951,135322,135545,135813,135487,134848,133906,133476,133115,132804,132440,132234,132182,132181,132044,131658,131159,130497,130004,129379,128851,128196,127545,126912,126305,125776,125355,125078,124959,124804,124716,124641,124622,124291,123819,123345,122803,122205,121622,121142,120829,120417,120215,119960,119747,119513,119422,119309,119136,118956,118929,119053,119408,120132,121231,122296,122836,122716,122520,122475,122663,122798,122866,123012,123536,124482,125423,125867,125481,124898,124486,124553,124811,125036,125336,125695,126168,126664,127271,127917,128737,129676,130358,130678,130617,130208,129829,129554,129778,129993,130365,130800,131521,132369,133203,134033,134615,134971,135286,135787,136293,136794,137084,137352,137647,138172,138912,139684,140166,140439,140342,140125,140036,140004,139871,140078,140616,141487,142070,142813,143886,144930,146234,147477,148934,149723,150264,150456,150951,151518,152234,152443,152522,152833,153466,154106,154495,154957,155479,156174,156929,157852,158681,159785,161210,162920,164262,165281,166248,167463,168600,169646,170874,172469,174794,177784,181007,183921,186323,188441,190391,192417,195119,198456,202271,205626,208115,209935,211964,213956,216109,217847,220137,222600,225195,227623,228699,228871,228212,227717,227159,226836,226587,226677,227279,228846,230624,232073,232478,232403,232555,232926,233231,232800,232569,233025,233731,234129,233628,232826,231858,231224,230482,229916,229607,229839,230761,231843,232557,232648,232080,231305,230199,228971,228291,228029,228852,230047,231658,233051,233622,233338,232368,231081,229871,228786
35120,AL,Saint Clair County,"Birmingham-Hoover, AL",,,,,,,,,,,,,,,,,,,,,,,,,,,,,,,,,,,,,,,,,,,,,,,,,,,,,,,,,,,,,,,,,,,,,,,,,,,,,,,,,,,,,,,,,,,,,,,,,,,,,,,,,,,,,153763,153618,153245,152559,151845,151289,150697,149856,148964,148137,147519,146900,146311,145632,144846,144073,143560,143314,143093,142779,142535,142311,141960,141395,140807,140077,139149,138190,137614,137436,137399,137424,137574,137733,137761,137579,137361,137017,136970,137306,137941,138698,139412,139877,140199,140489,141027,141346,141356,141043,141017,141334,142279,143475,144651,145679,146213,146940,147428,148122,148673,149357,150008,150453,150974,151335,151577,151721,151895,152101,152204,152208,152377,152408,152681,153068,153866,154617,155247,155658,156048,156485,156926,157350,157866,158531,159014,159394,159627,160077,160233,160412,160746,161610,162651,163610,164272,164763,165228,165594,165959,166193,166546,166910,167368,168032,168700,169321,169825,170399,171147,171668,171927,172112,172950,174200,175331,175688,175757,176150,177292,179175,180937,182264,182907,183231,183465,183835,184441,185354,186618,188287,190335,191968,193400,194293,194933,195489,196286,197494,199115,201195,204003,206737,209180,211340,213500,215834,218294,221287,224525,227479,229892,232399,235342,238479,241644,245132,248988,253559,257944,261763,263585,263852,263473,263148,263104,262680,262097,261556,261298,261407,261763,262151,262028,261468,260686,260074,259336,258263,256910,255541,255043,255083,255314,254724,253870,253220,253141,253150,253037,253111,253080,252767,251894,251117,250793,250961,251160,251399,251868,252615,253583,254616,255736,257042,257976,258740,259110,259661,260396,260874
35150,AL,Talladega County,"Talladega-Sylacauga, AL",,,,,,,,,,,,65172,65405,65679,66136,66359,66741,67212,67697,67757,67792,67919,68119,68244,68343,68616,68899,69163,69576,70083,70571,70593,70486,70466,70671,70933,71242,71681,72051,72290,72571,72899,73150,73095,72982,73015,73188,73432,73716,74107,74479,74760,75186,75704,76285,76512,76668,76839,77146,77480,77918,78596,79330,80014,80684,81419,82113,82522,82903,83360,83959,84483,85068,85613,86200,86753,87299,87801,88226,88582,88926,89196,89383,89458,89557,89797,90093,90413,90529,90575,90529,90540,90510,90438,90428,90477,90637,90700,90720,90543,90361,90162,,92115,93370,93379,93045,92563,91937,91417,90966,90959,90878,90219,89215,88400,87915,87542,86947,86210,85628,84993,84522,84180,84100,84028,83842,83344,82922,82570,81946,81310,80665,80411,80163,80048,79928,79999,79968,79880,79674,79450,79331,79344,79609,80029,80395,80748,81171,81499,81192,80271,79493,78856,78582,78421,78300,77812,77359,76954,76398,75550,74649,73898,73161,72616,72625,72808,73373,74153,75051,75484,75884,76260,76856,77434,78051,78841,79885,80682,80711,80062,79020,78277,77615,77239,77179,77002,76961,77276,77987,79102,79846,80526,80455,80197,79948,79940,79867,79982,80413,81265,81924,82203,82191,81944,81714,81574,81448,81816,82419,83310,84118,84948,85794,86350,87310,88367,89947,90833,91627,91794,92226,92522,92441,91605,90510,89894,90272,91333,92947,94562,96045,97496,98415,99109,99377,100174,101288,102594,102959,103001,103242,104553,106241,107979,109989,112205,114890,117396,119528,121225,122866,124691,126614,128373,130749,133407,135369,136455,136420,137054,138161,139077,140533,141669,143462,144878,146240,147548,147674,146751,145007,143322,142131,141118,140519,140091,140609,141825,143241,144270,145071,145534,145768,144956,144207,143583,143645,144088,144988,146003,146940,147877,149220,150092,149837,149098,149423,150980,153027,154883,155998,155867,155071,154114,154728,155839,157076,156718,156271,156202,156885,157242,157601,157616,156918,155764,154107,153264
35151,AL,Talladega County,"Talladega-Sylacauga, AL",,,,,,,,,,,,,80291,80486,80457,80258,80210,80438,80899,80944,81070,81486,82090,82695,83189,83815,84225,84330,84559,84969,85566,85755,85865,86153,86786,87516,88262,88923,89279,89221,89228,89438,89670,89670,89565,89668,89987,90482,91156,91850,92380,92551,92919,93476,94173,94336,94503,94882,95590,96309,97004,97818,98512,98991,99415,100036,100911,101620,102265,103099,104082,105142,106076,107068,108033,108578,108890,109026,109520,110095,110667,111061,111216,111238,111297,111627,112113,112606,112733,112737,112638,112749,112900,113055,113255,113391,113568,113512,113448,113136,112994,112924,113345,113659,114040,114120,114393,114534,114595,114562,114493,114556,114351,113766,112989,112636,112428,112042,111262,110367,109282,108430,107984,107909,107810,107524,107299,106841,106417,105977,105378,104747,104369,104230,104305,104219,104566,105121,105726,105975,106075,106240,106271,106091,105733,105770,105988,106253,106353,106224,105864,105002,104356,103989,104130,104387,104140,103679,103466,103710,103857,103593,103147,102818,102561,102262,102124,102126,102707,103575,104396,104854,105396,105808,106379,106804,107345,107705,108040,107955,107343,106365,105586,105419,105667,105986,106358,106387,106642,107079,107846,108808,109943,110943,111002,110625,110292,110409,110428,110557,111118,112048,112880,113355,113491,113447,113443,113715,113970,114593,115441,116461,117361,118024,118775,119227,120269,121490,123236,124352,125029,124815,124663,124745,124790,124180,123785,123991,125240,126520,128176,129802,131356,132552,133140,133617,133647,134168,134910,136057,136422,136373,136445,137454,138864,140404,141832,143400,145615,148370,150965,153163,154979,157047,158851,160713,163484,167185,170258,171990,172149,172600,173690,174895,176703,178123,180076,181923,183693,185338,185783,185841,184842,183585,181877,180571,180058,180171,181576,183826,186382,188292,189576,190062,190526,190019,190199,190215,190343,190674,192130,194093,195897,196976,198540,199354,199153,198762,199191,201192,203547,205895,206822,206119,204511,202669,202068,201969,202700,203114,203930,204648,205058,205090,205427,206107,206337,206058,205342,205567
35160,AL,Talladega County,"Talladega-Sylacauga, AL",,,,,,,,,,,80139,80130,79798,79268,78740,78556,78755,79208,79847,80523,81107,81597,81958,82188,82051,81766,81507,81514,81766,82212,82865,83417,83861,84221,84668,85064,85198,85087,84954,84939,85105,85305,85683,86022,86374,86564,86832,87037,87088,86930,86800,86867,87242,87768,88460,89062,89588,90084,90573,91048,91276,91533,91879,92575,93331,94117,94903,95674,96415,97121,97844,98519,99022,99406,99909,100530,101117,101419,101701,102031,102514,102987,103350,103661,103828,104134,104543,105046,105241,105193,105072,105242,105516,105742,105914,106100,106383,106602,106640,106473,106195,105971,105766,105690,105595,105552,105405,105335,105200,105005,104778,104435,104084,103645,103286,102917,102387,101826,101260,100704,100233,99796,99516,99254,99053,98903,98692,98426,98118,97839,97384,96820,96319,96019,95736,95421,95198,95091,95123,95144,95276,95280,95229,94914,94681,94552,94517,94562,94624,94800,94425,93347,92357,91700,91747,91666,91227,90176,89555,89303,89183,88311,87115,85660,84630,83862,83722,83650,83945,84577,85250,85528,85825,85938,86484,87011,87490,87355,87080,86752,86205,85088,83747,82847,82774,83069,83854,84126,84300,84345,84564,85045,85582,86523,87205,87828,88091,88447,88578,88833,89376,90226,90886,91344,91486,91267,90582,89867,89555,90015,91103,92505,93945,95251,96208,96756,97556,98710,100529,101725,102254,101789,101432,101426,101421,100969,100288,99908,100207,100714,101521,102368,103500,104854,105603,106111,105720,105792,106485,108291,109642,110685,111713,113776,116087,117899,119503,121013,123047,125529,128083,130844,133487,136105,138417,140227,142643,145565,147709,148641,148361,148961,150368,151707,153320,154496,155817,156858,157578,158418,158264,157713,156480,155077,153573,151719,149742,148274,148000,148939,149967,150624,151125,151593,152593,152825,152808,152409,152140,152634,154036,156071,157347,158107,159217,160253,160252,159249,158945,159727,161289,162547,162779,161602,159594,157323,155995,154885,154259,152727,151670,151082,151407,151522,151453,150781,149622,148536,148570,150152
35601,AL,Morgan County,"Decatur, AL",,,,,,,,,,,,,,,,,,,,,,,,,,,,,,,,,,,,,,,,,,,,,,,,,,,,,,,,,,,,,,,,,,,,,,,,,,,,,,,,72609,72700,72768,72739,72323,71795,71228,71000,70883,70457,70246,70174,71209,72737,75251,77005,77687,76988,76280,76054,76000,76210,76465,76904,77285,77526,77460,77331,77060,77017,76885,76996,76962,77106,77153,77208,77000,76536,75900,75316,74743,74281,73892,73724,73596,73582,73587,73662,73522,73307,72932,72597,72127,71794,71414,71483,71552,71898,72059,72357,72522,72563,72452,72337,72121,72010,71870,72533,73663,75714,78124,81490,85028,88545,91156,93380,94812,95884,96248,96717,97131,98438,100100,101868,102894,103014,102547,101686,100904,100122,99485,98853,98603,98241,98253,98422,98767,98494,97835,97284,96951,96282,95536,95311,95796,96497,96988,97329,97749,97830,97790,97613,97997,98657,99450,99586,99506,99188,99139,99115,99145,99500,100158,100921,101551,102097,102651,102936,103121,103176,103272,103332,103633,104170,104705,105064,105300,105676,106169,106733,107059,107100,107018,107290,107488,107973,108334,109180,110155,111620,113387,115464,117060,118343,119110,119789,120342,120817,121333,122012,123048,124246,125858,127749,130043,131504,132430,133142,134197,135809,137687,140102,142255,144261,146117,148110,150592,153104,155669,158136,160717,162801,164437,166019,167847,169251,169923,170286,170978,172518,174194,174530,173966,173049,172915,172561,172334,172269,172555,173433,174647,176218,177477,178341,178547,178374,177854,177523,177355,177129,176811,177067,178377,180088,181051,181519,181601,181520,181044,180592,180894,181109,181066,180259,179607,179561,179575,179663,178947,178324,178129,178826,179687,179974,179725,179002,178087,176865,175909,175016,174840
35603,AL,Morgan County,"Decatur, AL",,,,,,,,,,,,,,,,,,,,,,,,,,,,,,,,,,,,,,,,,,,,,,,,,,,,,,,,,,,,,,,,,,,,,,,,,,,,,,,,114766,115297,115391,115535,115872,117009,118409,118597,117170,114839,113663,113960,114840,114990,115012,116357,117405,117856,117192,117075,117282,117566,117835,118065,118229,118388,118354,118252,118186,117920,117654,117322,117298,117346,117338,117159,116797,116245,115462,114659,113974,113422,112828,112327,112108,112267,112339,112327,112088,111959,111640,111234,110776,110276,109644,108856,108327,108184,108248,108323,108391,108504,108494,108326,108103,107965,107770,109067,,,120072,125376,131007,136507,141395,145292,148120,150157,152036,154098,156200,158802,160984,162631,163486,164190,164997,165155,164863,164258,164027,164032,164617,165206,165662,165587,165287,164439,163328,162357,161854,161482,161235,161505,162369,163661,164712,165393,165845,165968,166336,166476,166966,167270,167689,167543,167540,167435,167717,167812,168031,168390,168730,169052,169443,170186,171029,171538,171797,171689,171561,171449,171636,171898,172439,173146,173818,174499,175065,175862,176188,176322,176365,176825,177377,178033,178405,178942,179765,181125,182937,184713,186113,187046,187676,188432,189147,189679,190164,191054,192328,193795,195445,197597,199861,201562,202959,204497,205946,207629,209576,212452,215365,218133,220840,223510,226795,229983,233528,237291,241555,245213,247864,250155,252686,254835,256400,258003,260722,263986,267225,268844,269371,268913,268523,268084,267811,267561,267049,267429,268758,271164,273266,274165,274511,274613,275059,275339,275289,275045,275213,275988,277314,278315,278730,278911,279291,279864,280523,280830,281349,281751,282085,281860,281944,282519,283119,283143,282683,282282,282101,281949,281852,281674,281908,282047,282128,281802,281450,280777,280398
35611,AL,Limestone County,"Huntsville, AL",,,,,,,,,,,,,,,,,,,,,,,,,,,,,,,,,,,,,,,,,,,,,,,,,,,,,,,,,,,,,,,,,,,,,,,,,,,,,,,,,,,,,,,,,,,,,,,,,,,,,,,,,,,,,,,,,,,,,,,,,,,,,,,,,,,,,,,,,,,,,,,,,,,,,,,,,,,,,,,,,,,,,,,,,,,,,,,,,,,,,,,,,,,,,,,,,,134205,133685,133915,134519,135565,136113,136086,136187,136298,136672,136583,136920,137152,137489,137868,138444,139235,139708,139650,139519,139446,139715,139881,140267,140955,142245,143698,145265,146424,147280,147319,147238,146714,146615,146215,146257,146942,148679,150862,152749,154435,155763,156746,157489,158338,159845,161361,162879,164318,166112,168670,171501,174610,177100,179021,181140,183660,186374,188104,189865,192365,195902,200000,204723,209920,215234,219120,221598,222734,224296,225975,228021,230107,232622,235735,238083,239961,240552,241044,240901,239912,238566,237594,238173,239213,240942,242720,244734,246236,246888,246912,246489,246097,246039,246077,246077,246750,248469,250518,251571,251456,250968,250645,250615,250950,250938,251222,251536,252033,251995,251597,251433,251186,250868,250614,250507,250546,250268,249983,250267,251328,252561,252822,252142,251172,250321,249946
35613,AL,Limestone County,"Huntsville, AL",,,,,,,,,,,,,,,,,,,,,,,,,,,,,,,,,,,,,,,,,,,,,,,,,,,,,,,,,,,,,,,,,,,,,,,,,,,,,,,,,,,,,,,,,,,,,,,,,,,,,,,,,,,,,,,,,,,,,,,,,,,,,,,,,,,,,,,,,,,,,,,,,,,,,,,,,,,,,,,,,,,,,,,,,,,,,,,,,,,,,,,,,,,,,,,,,,196419,196343,196923,197228,197395,196789,196882,197753,199085,200301,200534,200666,200579,200918,201470,201546,201694,201498,201774,201984,202584,203467,203932,204097,204284,205167,206194,206745,206953,207336,208071,209144,209908,210975,211542,212140,212728,214083,215885,217178,218232,219235,220602,222204,223937,226116,228118,230128,232040,234187,236492,238483,240506,242691,245630,249743,254284,258958,262388,265152,268150,271888,276828,282523,288989,295664,301303,305802,309408,313373,317396,321634,326478,332336,338822,343424,346367,346986,346520,344490,341417,338338,335301,333344,332224,332792,334245,336479,338699,339891,340033,340328,341267,342453,342261,341524,341019,341909,342980,343382,342361,341096,340164,339922,340225,340726,341519,342256,342679,342817,342677,342711,342763,342704,343071,343801,344888,345540,345976,346355,347139,347578,347696,347168,346804,346564,346585
35621,AL,Morgan County,"Decatur, AL",,,,,,,,,,,,,,,,,,,,,,,,,,,,,,,,,,,,,,,,,,,,,,,,,,,,,,,,,,,,,,,,,,,,,,,,,,,,,,,,,,,,,,,,,,,,,,,,,,,,,,,,,,,,,,,,,,,,,,,,,,,,,,,,,,,,,,,,73862,73634,73465,73142,72715,72100,71314,70672,70265,71738,73975,77147,79118,80894,82630,84596,86287,88008,89778,92065,93891,95450,96701,97728,98438,99101,99850,100729,101319,101726,102118,102008,101614,101522,102573,104224,105577,106565,107655,108581,109168,108813,107925,106991,106711,106607,106851,107748,109585,111442,112759,113416,113982,114291,114864,115326,116017,117336,119009,120050,120430,120382,120794,120964,121063,120936,120971,121314,122013,122936,123830,124630,125365,125924,125781,125732,126005,127003,127830,128647,129584,130479,130886,131489,131781,132106,131906,132008,132179,132204,132117,132517,133514,134158,134648,135550,136864,137846,138178,138622,139250,139564,139812,140433,141754,143698,146012,148818,151684,153897,155133,155870,157072,159102,161560,164715,168228,172037,175307,177905,180569,182806,185040,186394,187329,187343,187083,187606,188983,191025,192389,193451,194523,196269,198321,198760,198189,196102,193653,191013,189658,189760,189957,190894,192804,195474,197634,198812,199581,199887,199743,199417,198795,197827,197231,198107,200498,203297,205198,206542,207294,207287,207414,207703,209182,210265,211363,211180,210089,208676,207444,206537,204852,203520,203357,204504,205708,206515,207208,208628,209279,209864,210508,211925,213255
35622,AL,Morgan County,"Decatur, AL",,,,,90720,90763,90724,91340,92320,93343,93833,93805,93711,93702,94390,95423,96622,97662,99054,100467,101572,102011,102422,102879,103256,103617,103775,104242,104552,105114,105847,106968,108019,107912,105472,103619,103054,104786,105717,106395,106577,106127,105290,104624,104632,104807,104621,103950,102908,101802,101012,100768,100957,101618,102257,103037,103767,104665,105340,105472,104432,101601,98646,96870,97240,98542,99563,100027,98775,96741,94299,92806,90814,88601,86603,85932,86267,85350,83547,81712,82505,84864,88341,89142,88665,85512,84488,84820,85595,85700,85293,85902,86693,87257,87810,89032,90056,91135,91076,90829,90280,89836,89625,89655,89582,89706,89498,89335,88914,88850,88956,88909,88517,88120,88048,87803,87215,86435,85871,85532,85362,85385,85349,84838,84181,83623,83570,83370,83248,82925,82688,82320,82023,81727,81383,80799,80264,79840,79785,79880,79960,79985,79714,79523,79846,80873,82268,83365,84733,86708,88995,90814,92498,94423,96649,98341,99520,100124,100270,99904,99992,100881,102311,103721,104492,105100,104776,104036,103239,103421,103968,104356,104702,105542,106473,106967,106762,106319,105790,105383,105069,105274,106035,107132,108128,108646,108852,109124,109684,110896,111888,112776,113526,114670,115576,116431,116975,117756,118250,118507,118773,118953,119111,119340,119892,120648,120933,121052,120894,120758,120695,121050,121956,122995,124012,125069,126151,126908,127458,127618,127606,127572,127879,128360,129001,129274,129837,130180,130830,131809,133626,135475,136654,137230,137671,138398,138788,139383,140501,142209,144128,145937,147918,149817,151119,151408,151506,152220,154078,156080,158374,160612,163036,165454,167809,170437,172771,175100,177224,179171,180501,181608,183121,184937,186619,187623,188166,188861,190183,192464,193531,193578,191969,190090,187828,186234,185568,185410,186162,188129,191209,193903,195651,196340,197007,197422,197348,196150,194284,193108,193604,195326,197550,199296,200821,201404,201004,200452,200229,201609,203010,204324,204237,203582,203068,202592,202376,201555,200934,200348,200638,201103,201878,202741,204115,204744,204875,204505,204148,203671
35640,AL,Morgan County,"Decatur, AL",,,,,,,,,,,,,,,,,,,,,,,,,,,,,,,,,,,,,,,,,,,,,,,,,,,,,,,,,,,,,,,,,,,,,,,,,,,,,,,,96479,97212,98148,100310,101811,102546,102445,103076,103264,102688,102842,103566,104895,104275,102757,101216,100200,100318,100691,101196,101337,101257,101110,100805,100440,100261,100400,100634,100682,100325,99824,99372,99216,99141,99003,98541,97743,96799,96199,95936,95623,95270,94777,94531,94272,94264,94158,93854,93335,93206,93320,93424,93177,92846,92451,91484,90401,89494,89175,88901,88667,88651,88924,89133,89177,89022,88926,89765,91459,94317,97742,101891,105764,109755,113794,117633,120278,121676,122675,124142,125726,127701,129143,130216,131037,132041,133383,134258,134614,134492,134511,134617,135119,135555,136181,136482,136677,136598,136508,136361,136202,135837,135737,136252,137267,138571,139219,139472,139541,139743,140616,141108,141742,141813,142061,141651,141428,141225,141405,141384,141465,141836,142418,143131,143896,144927,145924,146610,147117,147291,147347,147379,147718,148289,148760,149290,149873,150589,151004,151627,151969,152312,152393,152764,153224,153960,154369,154937,155360,156658,158482,160769,162566,163507,163915,164105,164563,164832,165189,165826,167014,168390,169899,171487,173323,174801,175790,176479,177063,178243,179877,182364,184955,187578,190067,192515,195446,198092,200619,202933,205468,207735,209514,211595,214027,216529,218345,219946,222174,225026,228164,229619,230018,229242,227982,226464,225497,225412,225419,226062,227547,229863,232105,233556,234558,235332,236376,237230,237441,236907,236732,237443,239009,240458,241245,241698,241954,242004,242061,242096,243124,244066,244854,244600,244363,244527,244779,244815,244322,243870,243766,244066,244620,245064,245951,246968,247806,248019,248156,248315,248824
35670,AL,Morgan County,"Decatur, AL",,,,,,,,,,,,,,,,,,,,,,,,,,,,,,,,,,,,,,,,,,,,,,,,,,,,,,,,,,,,,,,,,,,,,,,,,,,,,,,,78977,80343,81871,84310,84566,82679,79833,78373,79159,81358,85383,88955,90659,90952,91248,92330,94062,95004,96434,96895,96834,96310,94751,93985,93487,94001,93884,93606,92490,91470,91090,91625,92268,92056,91461,90617,89764,88337,86407,84820,82859,81802,80784,81255,81894,82265,81721,81561,81468,81409,80403,79275,78847,79027,79694,80218,80884,80819,80696,80761,81522,81779,81417,80735,80560,82375,85093,88660,91106,93310,96289,100256,104578,108253,110937,113952,116374,118510,120229,122173,124640,126895,128960,130672,132396,133276,133376,132773,132654,132875,133910,135148,136848,137561,138188,138405,139084,138647,137203,135841,135815,136604,137523,138620,140089,140998,141618,141763,142535,142775,143472,143960,144876,145816,146810,147166,147553,147502,147943,147921,148336,148764,149354,149926,150858,151793,152533,152785,153174,153260,152706,151920,151453,151731,152356,153304,154425,155203,155389,155427,155074,154688,154407,154782,155234,156086,156672,157746,158662,159735,161044,162326,163383,164084,164821,165891,167055,167970,168944,170187,171891,173242,174532,176234,178871,181064,182448,183648,185454,188087,190881,193945,196816,199775,203063,206239,209940,212600,215061,216939,218856,220204,220937,222112,223545,225102,225544,225802,226546,228409,230876,231242,230365,227445,224145,220520,218087,216885,216142,216607,218716,221691,224138,225092,225335,225013,224394,223610,222172,220031,218616,218985,221797,225085,227448,228728,229144,229197,229210,228835,229582,230268,231401,231156,230445,229857,229375,228722,227314,226514,227456,229974,232480,234145,235376,237165,237931,237552,236533,235308,235072
35749,AL,Madison County,"Huntsville, AL",,,,,,,,106214,106539,106889,107516,108092,108532,108800,108928,109084,109380,109763,110002,110362,110846,111523,111925,111995,111664,111276,111054,111043,111237,111495,111774,112151,112642,113314,113814,114169,114309,114471,114655,114992,115360,115689,116011,116314,116575,116763,116881,116982,117065,117141,117231,117367,117672,118074,118577,119146,119790,120470,121039,121522,121515,,,,,,103302,102275,,103227,103584,103775,104805,106395,106737,107811,107045,107756,106699,106829,104533,101424,96607,93415,91347,90509,90756,92460,96228,99636,100780,99485,98958,100401,103706,105342,105913,105713,106400,107561,109270,110975,112649,113153,112997,112863,114027,115438,116460,116761,117032,116937,116431,115819,115992,116536,117420,117917,118011,117786,117804,118089,118590,118941,119049,118565,118084,119941,122746,125422,125897,125866,125594,125206,124479,124382,124693,125455,125951,126179,126054,125480,124596,123787,123174,122761,123749,126312,130947,136242,141866,147387,152762,157355,160650,163028,164908,166613,168096,169075,170141,170964,171583,172003,171816,172020,172025,172321,172286,172181,171620,170863,170293,169937,170065,170165,170336,170275,169893,169716,169784,170302,170684,170695,170290,169726,169312,169211,169229,169304,169199,169492,170142,171343,172082,172636,172596,172645,172325,172302,172569,173280,173797,174363,175310,176887,178236,179034,179040,179041,178907,178796,178592,178943,179788,180766,181627,182583,183759,184634,185064,185275,185898,186492,187160,187669,188672,189983,191251,192557,193761,194817,195364,195652,196315,197277,198449,199712,201477,203578,205887,208229,210416,212355,213820,215489,217307,219522,222094,225308,228845,232367,235833,239971,244715,249961,255464,261220,266857,271326,274692,277799,281342,285196,288816,293059,298277,304406,309462,313275,315343,316493,316167,314708,312965,311370,310198,309220,308857,309453,310589,312092,312853,313181,312806,312618,312460,312085,311441,311041,311726,312666,313062,312258,311230,310569,310567,311027,311368,311873,312507,313027,312957,312465,312043,311654,311295,311263,311849,312677,313315,313593,313721,314069,314141,313982,313711,313802,314067,314298
35754,AL,Morgan County,"Decatur, AL",,,,,,,,,,,,,,,,,,,,,,,,,,,,,,,,,,,,,,,,,,,,,,,,,,,,,,,,,,,,,,,,,,,,,,,,,,,,,,,,116407,115318,113819,110104,105141,101014,98545,97929,96844,96188,95449,95322,94023,94380,96319,98344,99785,99066,99053,98000,97237,96460,95323,94489,94209,94935,95967,96767,96426,95781,94978,95470,95995,95872,94332,91833,89971,89414,89018,88931,86907,85027,83034,82812,83135,83022,82594,82844,83003,83012,82419,81413,80567,79498,79211,79331,79940,80403,79813,79450,79908,80776,81945,82587,83766,84566,85365,86601,88176,90391,93625,97759,102170,106182,110132,113842,116145,117333,117684,118765,120067,122073,123611,124643,125210,125640,126217,126553,126446,126274,126420,127262,128378,129163,129634,129723,129992,129643,129016,128500,128518,128398,127925,127694,128364,129302,130483,131078,132047,132305,132932,133240,134009,134834,135694,135966,136078,136303,136959,137475,137792,137997,138132,138463,139484,141237,142648,143190,143429,143400,143164,142645,142636,143109,143758,144457,145377,146507,147329,147915,147780,147543,147301,147311,147437,147948,148259,149060,149690,151318,153506,156441,158706,159747,160147,160485,161111,161544,162090,163107,164621,166551,168454,170520,172437,173494,173051,172703,173104,174968,176827,179381,181994,185188,188494,191661,195233,198025,200741,202721,204586,205889,206697,207998,209502,210460,210285,210121,211042,212661,214834,215142,214178,211003,207636,204288,202073,201262,200751,201358,202540,204667,206604,207869,208416,208456,208134,208039,207676,207278,207530,209349,212419,215879,218385,220104,220749,220600,220609,220546,221973,223480,224990,225039,224168,223662,223294,223596,223360,223549,224503,226554,228943,230851,232341,233522,233601,233200,232615,231937,231707
35773,AL,Madison County,"Huntsville, AL",,,,,,,,40282,40384,40465,40632,40838,41024,41181,41325,41525,41679,41813,41860,42015,42129,42285,42338,42340,42268,42205,42191,42209,42315,42520,42707,42862,42952,43093,43187,43276,43332,43453,43539,43673,43787,43942,44086,44175,44168,44151,44137,44172,44212,44252,44306,44344,44445,44592,44761,44958,45156,45399,45571,45695,45415,,,,,,,42990,43719,43678,43661,44174,45448,46824,48410,50282,53009,56625,60317,63189,63929,63518,62771,63193,63027,62988,63999,65649,66873,65454,63199,61054,60834,62859,66064,67635,68451,67690,68176,67220,67880,69713,73759,78051,81144,83381,86084,89005,91469,92959,94314,96372,96910,97062,95165,93989,92855,93257,92908,92059,92088,93141,94429,94975,95393,95627,96278,98701,102082,104631,105230,105156,104844,104188,103394,103724,104525,105466,105617,105026,104275,103866,103892,103960,103570,103590,104842,107759,111926,116525,120989,124642,128446,131414,133848,135081,135905,136311,136470,136704,137725,138871,139705,139442,138642,137956,137324,137108,136841,137135,136935,136629,136377,136563,137150,137012,136646,135703,134843,134132,133768,134211,134647,135505,136228,136622,136516,135805,135420,135116,135174,135640,136320,137501,137958,138619,139019,139802,140055,139746,139587,139882,140796,142085,143296,144442,144925,145225,145405,145625,146082,146331,146715,147133,148092,149250,150359,151306,152268,152848,153276,153496,154122,154599,155321,155978,157068,158367,159520,160693,161600,162372,163024,163831,165070,166512,167933,169441,171263,173147,175160,177037,178729,180340,181778,183397,185033,186797,189016,191720,194800,197972,201207,204840,208683,212475,216535,221113,226275,230618,233996,236797,240169,243604,247103,250674,254867,259625,263745,266984,268432,268895,268181,266574,264863,263446,263046,263156,264037,265624,267394,269115,270211,271090,271542,271986,272121,271889,271305,271219,272297,273935,274867,274397,273142,272087,271566,271510,271472,271768,272395,272884,272670,271819,270881,269755,268614,267723,267608,268008,268600,268955,269483,270513,271554,271933,271788,271739,271741,271739
35811,AL,Madison County,"Huntsville, AL",,,,,,,,85621,85508,85560,85743,86350,86870,87349,87554,87838,87956,88010,88110,88513,89099,89474,89437,89111,88607,88190,87805,87648,87763,88119,88634,89219,89737,90280,90470,90601,90460,90478,90537,90788,90994,91191,91480,91752,91898,91902,91823,91792,91661,91665,91627,91726,91826,92177,92703,93371,94002,94635,95084,95514,95437,94224,,,,,,,62136,62049,62432,62367,61314,60485,60840,62191,63955,65007,65915,66704,67253,67616,68396,70225,72875,75111,77216,79294,81338,84515,87613,92553,98245,102655,104800,102757,101091,100464,101643,102211,102180,102215,103859,105884,107490,108574,109324,110122,110278,110425,110554,110734,110714,111294,111031,109714,107232,105634,105318,106138,107328,107920,108384,108490,108944,109205,109767,111723,114325,116659,117458,117535,117298,117440,117495,118055,118530,118980,119130,118909,118528,117807,117088,116546,116304,116224,117409,120020,124402,129466,134856,139910,144686,148349,150992,152759,154386,155649,156607,157184,157896,158255,158262,157996,157322,156907,156449,156802,157233,157698,157213,156579,155839,155200,154640,153905,153335,152705,152424,152537,152891,153528,154315,155330,156181,156417,155907,155123,154696,155059,155915,157229,158357,159572,159977,160655,160858,161143,160770,160486,160753,161429,162137,162760,163534,164491,164974,165328,165338,165414,165364,165172,165191,165675,166757,167901,169032,170321,171555,172196,172212,172038,172176,172334,172806,173421,174727,176373,177801,179079,180134,181250,182213,183349,184491,185595,186443,187554,189329,191403,193629,195728,197694,199614,201062,202672,204152,205818,207869,210481,213737,216915,220018,223648,227962,232645,237417,242606,248230,252946,256488,259541,263074,267061,270656,274632,279002,284008,288401,291664,293482,293931,293417,291938,290155,288464,287578,287266,287562,288434,289825,291155,291849,291814,291170,290530,290300,290181,289761,289357,290131,291484,292442,291984,290825,289552,288850,288522,287979,287495,287309,287255,286719,285963,285411,285001,284713,284787,285371,286151,286660,286990,287392,288196,288821,288804,288490,288307,288415,288881
36268,AL,Talladega County,"Talladega-Sylacauga, AL",,,,,,,,,,,84938,84754,84425,84290,84288,84547,84644,84934,85427,86088,86746,87360,87590,87737,87569,87689,87663,87791,87923,88391,89164,89992,90635,91151,91747,92203,92327,92492,92721,92987,92848,92860,92967,93177,93220,93301,93334,93413,93291,93381,93358,93505,93649,94008,94695,95183,95598,95938,96449,97111,97638,98398,99224,100296,101151,101932,102613,103427,104045,104517,104889,105470,106001,106498,107158,108065,108953,109618,110119,110793,111563,112511,113073,113553,113689,114052,114463,115168,115548,115669,115571,115853,116227,116609,116769,117018,117304,117525,116921,116040,115078,114665,114417,114212,114029,113843,113647,113570,113519,113194,112777,112317,111997,111384,110579,110094,109868,109743,109394,108913,108630,108404,108270,107870,107496,107219,107021,106600,106006,105385,104744,104035,103400,103084,102811,102501,102132,101949,101991,102072,102286,102378,102561,102576,102771,103226,103896,104737,105701,106646,106660,105458,104209,103489,103326,103003,101955,100783,100342,100616,101018,100810,100224,99515,98829,98811,99156,99372,99541,99962,100631,101182,101687,102113,102462,102874,103159,103374,103501,103429,102882,102086,101693,102011,102653,103098,103809,104256,104905,105645,106553,107362,108024,108720,109226,109622,109585,109853,110076,110841,111612,112373,112874,113530,114134,114387,114116,113798,113821,114184,114990,115858,117078,117967,118959,119514,120711,122130,124018,125219,125970,125848,125941,126419,126997,126756,126024,125194,125011,124769,124894,125194,126035,127570,128959,130170,130547,131103,132205,133932,135057,135725,136669,138737,141418,144039,146392,148603,150860,153441,155587,157838,159870,162393,164945,167211,170058,173057,175445,176633,176620,177059,178012,178725,180542,182136,184193,186034,187847,189807,189874,189170,187141,184930,182546,180530,179055,178414,179579,182612,185994,187895,188567,187797,187459,186185,186063,185933,186224,187360,190021,193262,195530,197169,199209,200887,200442,199550,199850,202648,206017,209261,211134,210775,208436,205169,203320,202439,202620,202226,201872,202316,203701,205402,206514,206912,206541,205807,204986,204935
36535,AL,Baldwin County,"Daphne-Fairhope-Foley, AL",110225,110480,110761,111350,112072,112815,113524,113830,114020,114184,114725,115480,116301,116898,117308,117571,117957,117300,116174,114581,113922,113737,114055,114804,115496,116076,116459,117201,117954,118617,119515,120178,120820,121003,121296,121247,120835,120661,120782,121261,122147,122883,123479,123594,123934,124726,125745,127012,127930,128340,128434,128460,128778,129427,130641,131674,132260,132331,132861,133832,135219,136995,138950,141213,143386,145825,148364,150660,152804,154890,157258,159472,161308,163161,165465,168004,170527,172848,175030,177275,179012,180597,181400,182161,182739,183509,184162,184558,184375,184191,183478,182916,182197,181880,181601,181192,180889,180610,180207,178276,175666,173340,171880,170880,169415,168022,166213,164189,162194,160579,158748,156651,154202,153024,152887,153444,153329,152372,150956,149019,147072,145031,143363,140744,138037,135507,134002,132245,130256,128451,127333,126586,125959,124888,123692,122495,121813,121081,120300,119669,119023,118427,117841,117368,117130,117274,117944,119458,121231,122991,124284,125431,126705,127652,128108,128580,129302,130158,130921,131865,133301,134820,136305,137585,138464,139019,139291,139882,140524,141154,141866,143047,144784,146027,146931,147190,147596,147648,147742,147897,148463,149312,150364,151778,153432,154878,156068,156957,157772,158328,158826,159642,160639,161520,161845,162306,162919,163502,163593,163477,163808,164552,165425,166368,167239,168383,169597,170682,171313,171579,171939,172493,173421,174738,176116,177235,177828,178389,179454,180867,182170,183019,183815,184370,184728,184803,184982,185597,186633,188251,189492,190209,190655,191328,192334,193569,194794,196224,197545,198910,200106,200934,202230,203318,204410,205129,206287,207782,210044,212878,216518,219877,222643,225547,228819,232860,237339,242273,247310,251510,254845,257852,261341,265397,269660,273626,277271,281158,284686,288476,291229,293510,294409,294923,295103,295106,294971,294996,295654,296718,298032,299623,300828,301694,301719,301783,302354,303319,304742,305968,307342,308322,309441,310390,311078,311397,311407,311065,310499,310074,310277,310583,310571,310463,310466,310387,309965,309474,309517,309393,309037,308353,307707,307304,306570,305942,305132,304449,304104,304078
36551,AL,Baldwin County,"Daphne-Fairhope-Foley, AL",93122,92614,92633,92533,92723,92884,93217,93821,94689,95376,96146,96748,97420,97773,98148,98622,99303,100903,102431,103731,103660,103491,103691,104127,104619,104975,105625,106136,106075,105318,104693,104862,105695,106231,106392,106480,106218,105626,104498,103916,103812,104193,104975,105203,105229,105295,105676,105938,105804,106128,106977,108042,108677,108867,109291,110161,111626,112935,114143,115350,116312,117065,117279,117971,118926,120624,122368,124318,126406,128458,130460,132241,133761,135130,136715,138629,140770,142580,144138,145496,146752,148629,150561,152317,153258,154152,155154,156077,156506,156565,156371,156461,156615,156891,157093,157288,157488,157624,157759,157105,155772,154239,153196,152496,151726,150938,150385,149770,149488,148994,148474,147792,147172,146544,145873,145114,144368,143356,142337,141339,140674,140196,139997,138736,136746,134256,132223,130390,128782,127576,126482,125321,124341,123592,122789,121950,121402,121156,120368,118703,116839,115673,115269,114945,114903,115119,115542,116318,117617,119215,120719,121967,123313,124182,124606,124795,124876,124985,125276,126217,127557,128817,129893,130937,131555,131345,130655,130184,130088,130185,130341,130893,131837,132694,133765,134568,135450,135614,135531,135733,136198,136876,137424,138300,139586,140938,142451,144012,145340,146078,146275,146710,147354,147954,148074,148398,149148,149982,150553,150748,151162,151708,152516,153507,154230,154855,155600,156565,157288,157551,158140,159005,160189,161451,162566,163455,163852,164360,165489,166876,168040,168600,169275,169812,170144,170041,170332,171155,172402,173611,174333,174398,174272,174398,174962,176276,177636,179180,180375,181592,182610,183313,184434,185502,186663,187679,189135,191063,193711,196959,200628,204061,206873,209424,211712,214529,217972,222249,226780,230571,233405,235921,238976,242292,245961,249533,253241,257171,260664,264263,266541,268478,269267,269822,269925,269730,269401,269219,269953,271687,274043,276385,277789,278477,278408,278504,278992,279754,280653,281426,282316,283175,284235,285149,285768,286064,286183,285847,285165,284918,285202,285686,285395,285075,284882,284932,284695,284274,284436,284357,284135,283263,282660,282566,282629,282803,282719,282750,283086,283589
36580,AL,Baldwin County,"Daphne-Fairhope-Foley, AL",97645,97611,97510,97407,97420,97852,98209,98544,98868,99487,100231,101014,101923,102589,103052,103098,103373,104273,105063,105332,104700,104394,104715,105367,105758,105969,106153,106172,105347,104122,103301,103798,105037,106004,106513,106655,106953,107281,107260,107188,107511,108156,108851,109209,109705,110908,112187,113264,113671,114188,115091,116317,117449,118364,119384,120094,120855,121514,122413,123510,124548,125922,126906,128067,128716,129949,131522,133649,135975,138326,140987,143937,146963,149718,151953,153591,155536,157140,159397,161279,162998,164371,165047,165430,165618,166129,167054,168166,169229,170273,169826,168909,168010,168182,168729,169038,168935,168483,167869,166755,165742,164756,164060,163168,161877,160571,159109,157460,155795,154121,152021,149725,147406,146075,145549,145289,144748,143631,142826,141872,140973,139568,138334,135154,132279,129415,128449,126897,125281,123691,122821,122369,121802,121188,120449,119673,118589,117618,116450,115202,113761,112711,112158,111695,111549,111657,112124,113576,115475,117184,118175,118434,118934,119421,119856,120523,121386,122457,123379,124197,125221,126241,126903,127787,128679,129904,130735,131267,131617,132090,133161,134731,136570,137609,138397,138734,139514,139934,140249,140637,141160,141772,142426,143882,145706,147332,148549,149996,151721,152544,152593,152568,153469,154352,154823,155237,156205,156835,157107,157153,157817,158763,159898,161021,161653,162160,162755,163373,163432,163203,163722,165149,166817,168645,169955,171038,170994,170741,171425,173124,174716,175538,176272,176897,177021,176275,175932,176353,177516,178741,179314,179158,178992,179325,180286,181724,182968,184341,185149,185781,186545,187577,189661,191311,192863,193708,194978,196595,199251,202592,206637,210483,213707,216907,220136,224123,228336,232836,236710,239266,240811,242321,245288,248631,253220,257481,262376,267092,271126,274645,276202,276951,276404,275707,275163,274653,275090,276244,278527,281261,284259,287129,288534,288723,287765,286952,286829,287267,288072,288929,290436,292009,293996,295516,296185,295765,294878,294083,293540,293461,294113,294617,294295,293656,293343,293114,292518,291936,292638,293418,293660,292781,291961,291671,291510,291401,291003,290389,290112,290357
37043,TN,Montgomery County,"Clarksville, TN-KY",148741,148942,149162,149491,149982,150408,150665,150637,150651,150940,151506,152222,152945,153432,153625,153657,153773,153981,154324,154524,154703,154867,155142,155475,155742,155927,156032,156212,156339,156225,156114,156314,157004,157793,158420,158892,159129,159391,159574,159762,159944,160281,160793,161236,161480,161725,162132,162613,162809,163000,163279,163926,164604,165394,166372,167574,168902,169973,170536,170853,171550,172537,173557,174512,175662,177103,178401,179877,181698,183710,185310,186537,187424,188353,189319,190385,191427,192309,193378,194338,195081,195448,196112,197131,198146,198943,199534,200235,201032,201688,202244,202648,203127,203647,204065,204003,203441,202704,202244,201990,201818,201663,201507,201027,200627,200065,199954,199838,199829,199958,199944,200292,200369,200596,200666,200844,200780,200801,200622,200261,199909,199833,200176,200563,200812,200894,200847,200777,200579,200213,199923,199737,199728,199661,199760,199695,200012,200397,200894,201032,200988,201087,201377,201857,201868,201864,202026,202892,203811,204668,205214,205447,205644,205587,205483,204952,204823,205075,205637,205786,205579,205500,205551,205615,205699,205921,206172,206250,206338,206751,207197,207701,208299,208957,209499,209794,210008,210105,210328,210681,211418,212078,212505,212584,212563,212741,213070,213526,214085,214756,215198,215458,215835,216386,216804,217205,217592,218265,218826,219570,220287,221136,221991,222714,223259,223633,223991,224571,225149,225663,226178,226814,227729,228701,229856,231225,232409,233236,234039,234872,236017,236978,238371,239631,240836,241693,242389,243387,244390,245502,246559,247561,248598,249518,250455,251477,252701,254273,256333,258779,261643,264156,266168,267509,268625,269914,271518,273481,276134,279324,282924,286299,289521,293082,296652,300742,305926,312591,319701,325752,330479,334821,340020,346197,352982,359629,366445,373383,379760,384927,387925,388961,388520,388360,388008,387337,385802,385167,385259,385901,386595,387703,388691,389721,390606,391320,391500,391001,390704,391243,392978,394913,396318,396677,396367,396136,396258,396783,397303,397792,398533,399074,399616,400034,400033,399421,398217,397322,397183,397292,397569,397384,397479,397378,397065,396922,397064,397887,398840,399867
37066,TN,Sumner County,"Nashville-Davidson--Murfreesboro--Franklin, TN",145923,145954,146209,146697,147439,148191,149034,149693,150161,150409,150860,151435,152041,152467,152830,153106,153348,153535,153607,153435,153334,153518,153878,154119,154019,154038,154113,154453,154889,155613,156459,157224,157485,157517,157553,157875,158203,158427,158351,158180,158001,158127,158459,159189,160193,161414,162505,163178,163525,163743,164037,164500,165003,165707,166484,167343,167991,168605,169246,170044,170689,171302,171890,172664,173441,174428,175454,176494,177532,178441,179494,180404,181195,181839,182670,183770,184630,185347,186095,187117,188316,189683,191075,192215,193100,193687,194508,195472,196798,198088,199260,200259,200861,201027,200453,199999,199715,199884,199873,199733,199444,199112,198524,197743,196724,196042,195789,195290,194586,193564,192929,192190,191602,191218,191063,191190,191263,191257,190887,190418,190056,189648,189295,188906,188547,188117,188025,188217,188027,187081,185666,184629,183786,183498,183147,183101,182942,182827,182495,181582,180765,180058,179847,179549,179287,178877,178506,178215,178017,178234,178908,179846,180496,180683,180753,180769,181157,181772,182719,183517,184426,185378,186319,187368,188281,189419,190376,191365,192098,192672,193363,194214,195493,196759,198079,199023,199661,200304,201408,203018,204807,206600,208013,209241,210494,211929,213554,215216,216843,218390,219818,221507,223279,225125,226777,228475,230174,232126,234138,236110,238136,240497,243122,245899,248221,250214,251981,253752,255334,256517,257518,258791,260302,262171,263875,265913,267730,269210,270935,272707,274679,275906,277112,278260,278977,279191,279382,280239,282102,284842,287924,290533,292372,293683,294819,296175,297521,299289,301347,303633,305674,307283,308610,309487,309810,310134,311173,312932,315925,319637,323662,327475,330871,334946,339250,344226,349996,357093,365416,373182,380080,386323,393556,401379,409858,419053,428875,439596,449161,457060,460770,461177,458643,455920,453309,451114,448667,446320,444307,443103,442730,443325,443385,443020,442316,441980,441747,441103,440453,440308,441439,442898,443758,443156,442069,441288,441116,440878,440632,440658,441316,442221,442894,443355,443318,442867,442273,441962,442249,442591,443010,443569,444282,444773,445082,445203,445232,444881,444428,444359
37076,TN,Davidson County,"Nashville-Davidson--Murfreesboro--Franklin, TN",142880,143097,143258,143865,144452,144918,145212,145385,145684,146041,146380,146726,146850,147088,147373,147710,148086,148507,148948,149400,149876,150371,150736,150948,151085,151314,151566,151862,152128,152513,152890,153216,153422,153606,153715,153779,153813,153984,154087,154186,154518,155104,155725,156083,156271,156571,156835,157035,157005,157029,157287,157853,158535,159123,159537,159786,159915,160120,160445,160725,161017,161494,162196,162898,163657,164727,166414,168145,169983,171375,172355,172843,172932,173088,173636,174485,175660,177061,178412,179554,180222,181004,181664,182244,182437,182327,182338,182658,183471,184478,185590,186503,186777,186336,185557,185031,184649,184529,184576,185167,185493,185426,184470,183511,182506,182167,181564,180704,180048,179827,179644,178800,177854,177123,176408,175850,175446,175256,175053,174828,174906,174988,175016,174968,174811,174583,173990,173411,172692,171763,170819,169856,168728,167712,166893,166642,166417,165981,165197,164062,162969,162203,161771,161551,161531,161564,161575,161505,161364,161526,162123,162965,163738,164296,164900,165483,166184,166926,167873,169010,170003,170837,171467,172253,173161,174029,174960,176049,177423,178691,179762,180455,181118,181779,182783,183801,184860,185606,186554,187617,188946,190370,191662,192656,193511,194555,196251,198279,200472,202580,204843,207127,209199,211031,212682,214424,216136,217847,219446,221041,222939,225058,227432,229774,232141,234440,237033,239621,241913,243603,245037,246570,248390,250589,252882,255262,257677,260153,262631,264489,265984,266759,267849,268943,270270,271501,272676,273670,274212,274498,274521,274402,274289,274453,274839,275671,276737,278129,279595,281192,283270,285512,287886,289614,290426,291005,291952,293982,297213,300954,304858,308277,311867,315772,319680,323647,328288,334440,341037,346456,350475,354586,359982,366670,374727,384125,394275,404501,413861,421856,427094,429047,428003,425612,422453,419295,415956,413695,412674,413106,414137,415549,416403,417294,417771,418338,418671,419014,419445,420372,421721,423056,424233,424846,425202,425287,425426,425552,425599,425685,425837,425435,424727,424392,424340,423889,422846,421808,421360,420796,420098,419295,418336,417378,416165,415109,414076,413170,412354,411827
37087,TN,Wilson County,"Nashville-Davidson--Murfreesboro--Franklin, TN",139083,138871,138605,138135,137937,137955,138210,138904,139920,140956,141551,142127,142892,143708,144496,145349,146257,147056,147988,148844,149521,149675,149693,149726,149822,150021,150318,150466,150611,150712,150889,150992,151056,151554,152211,152866,153270,153508,153609,153526,153646,153942,154484,154809,155186,155465,155924,156515,157117,157579,157889,158213,158341,158675,159338,160366,161122,161360,161450,161782,162481,163406,164311,165118,165833,166784,167779,168813,169858,171122,172714,174316,175832,177043,178224,179258,180330,181313,182736,184270,185694,186586,187295,188055,188915,189656,190434,191310,192201,192883,193174,193100,192849,192714,192262,191856,190977,190745,190397,190524,190427,190123,189196,187993,186718,185894,185093,184180,183170,182396,181893,181155,180337,179430,178612,178478,178768,179174,178674,177317,176078,175030,174835,174943,175444,175664,175584,175097,174513,173716,173119,172873,172913,172795,172160,171589,171206,171086,170792,170302,169720,169084,168638,168141,167721,167428,167574,167898,168064,168409,168899,169516,170197,170629,171179,171321,171902,172703,173667,174659,175728,177051,177896,178455,178880,179405,179858,180213,180735,181670,182572,183432,184110,185172,186375,187420,188369,189402,190952,192528,194306,196280,198128,199593,200895,202473,204359,206166,208099,210431,212920,215383,217508,219408,221193,223072,224882,226691,228303,229823,231370,233424,236039,238746,240694,241847,242656,243853,245173,246430,247679,249118,250879,252748,254869,257275,260000,262800,265728,267852,269644,270815,272457,274137,275424,276020,276108,276363,276504,276898,277613,278850,279905,280751,281584,282805,284229,285723,287219,288696,290983,293355,295687,297771,299151,300246,300608,301611,303600,306594,310200,313792,317322,321190,325733,330561,336235,343006,350314,356978,362369,367866,374471,382158,390860,400458,409982,419666,427852,435118,439446,441129,439915,437514,434494,431869,429258,427383,426160,426147,426555,427604,428436,429819,430967,431836,431951,431605,431564,432452,434554,436484,437856,438186,438423,438225,438231,437994,437856,437669,438143,439275,440244,440854,441001,440864,440649,440390,440916,441639,442538,443108,443556,443769,444149,444450,444779,444990,445405,445885
37127,TN,Rutherford County,"Nashville-Davidson--Murfreesboro--Franklin, TN",134158,134186,134425,134907,135629,136293,136887,137249,137673,138112,138570,138816,138811,138812,138841,139114,139520,140000,140277,140537,140915,141507,141874,141988,141971,142112,142244,142359,142659,143239,143862,144330,144497,144810,145169,145691,146098,146445,146666,146924,147129,147343,147279,147228,147343,147638,147896,148200,148485,148810,149091,149527,149966,150412,151061,151882,152773,153559,154280,154758,155284,155852,156546,157214,158162,159353,160806,162202,163507,164771,165794,166813,167510,168482,169273,170252,170896,171919,173093,174621,176285,177826,179097,179884,180090,180319,180501,180985,181485,182251,182942,183353,183496,183667,183501,182766,181823,181573,181965,182484,182564,182117,181636,181320,181199,180843,180335,179778,179355,178708,178267,177662,177144,176623,176250,176227,176096,176247,176202,176329,176109,176036,176014,176207,176352,176032,175486,174557,173990,173394,172801,171961,171098,170047,169120,168158,167270,166432,165774,165262,164585,163688,163564,163812,164387,164537,164713,164901,164928,164895,164868,165060,165440,166061,166645,167043,167796,168923,170432,171415,171961,172040,171972,171950,171941,172168,172367,172781,173478,174468,175591,176505,177409,178105,178723,179063,179502,180116,181068,182121,183516,185310,187404,189143,190663,192039,193852,195815,197986,200134,202374,204549,206763,208884,210941,212875,214649,216501,218316,220129,221875,223910,226319,228963,231638,234114,236539,238880,240976,242646,243839,245050,246464,248202,249980,251922,253540,254943,256124,257879,260074,262234,264004,265298,266097,266655,266972,267679,268391,269704,271103,272217,272963,273538,274781,276296,278021,279700,281411,283095,284748,286275,287677,288758,289346,290142,291427,293475,296183,299231,302714,305862,308637,311790,315654,320171,325344,331515,338826,346131,352789,359560,366921,375139,383507,391962,400324,409235,417253,423858,426678,426706,424541,421996,419304,416761,414547,412887,411720,411283,411409,412344,412730,412871,412624,412494,412112,411480,411541,412960,415401,417068,417734,417501,417459,417545,417813,418382,419188,420047,421318,422479,423552,423969,423969,423628,423320,423329,423778,424127,424334,424169,424236,424384,424613,424053,422959,421566,420806,420545
37130,TN,Rutherford County,"Nashville-Davidson--Murfreesboro--Franklin, TN",124814,124877,125074,125415,126028,126720,127330,127663,127743,127992,128456,129090,129550,129837,130027,130280,130585,130869,131013,131140,131385,131834,132202,132362,132308,132320,132406,132606,132830,133093,133394,133768,134006,134301,134562,134999,135416,135786,136073,136335,136612,137069,137469,137746,137941,138191,138632,139044,139358,139523,139640,139957,140404,140968,141517,142127,142795,143512,144163,144712,145371,146129,146878,147592,148368,149154,149998,150841,151655,152540,153172,153764,153962,154553,155171,156093,156803,157942,159087,160443,161781,163114,164208,165018,165326,165541,165686,166081,166661,167350,168160,168620,168988,169269,169279,168696,167907,167815,168250,168709,168723,168363,167943,167564,167321,166932,166367,165747,165205,164549,163932,163303,162811,162285,161843,161728,161747,161956,161948,161967,161753,161531,161470,161609,161909,161877,161639,160924,160302,159470,158711,157797,156944,155921,154988,154000,152920,151594,150493,149943,149617,149231,149218,149627,150262,150486,150644,150691,150675,150742,151016,151364,151587,151775,152050,152243,152809,153602,154703,155358,155774,156059,156321,156545,156692,156923,157250,157855,158807,159822,160604,161008,161460,161991,162588,163003,163304,163705,164404,165274,166618,168270,170184,171583,172722,173711,175226,177150,179367,181639,183688,185454,186960,188461,190006,191703,193318,194961,196540,198246,200069,202367,205035,207727,209988,211708,213382,215145,216895,218408,219629,220755,222000,223451,225076,226891,228597,230435,232173,234248,236486,238832,240902,242277,242951,243107,243253,243788,244586,245897,247550,249122,250571,251808,253256,254604,255894,257161,258382,259717,261300,263094,264669,265723,266222,266981,268192,269897,272298,275382,279074,282429,285284,288403,291758,295227,299013,304053,310562,317178,322719,328002,333869,340825,348051,355497,362533,369689,375905,381314,383793,383658,381399,378920,376671,374760,372944,371413,370422,370374,371253,372978,374276,375030,375047,375072,375023,374945,375381,376873,379278,381068,381786,381433,380917,380617,380684,381107,381296,381172,381334,381594,381741,381329,380608,379845,379146,378853,378804,378697,378706,378654,379177,379596,380120,379858,379218,378239,377512,377358
37167,TN,Rutherford County,"Nashville-Davidson--Murfreesboro--Franklin, TN",134178,134254,134499,134915,135479,135953,136423,136799,137083,137378,137623,137889,137945,138053,138118,138320,138605,139060,139428,139658,139786,140076,140269,140408,140356,140402,140452,140673,140918,141295,141567,141822,141942,142188,142459,142781,143019,143246,143436,143581,143770,143994,144184,144374,144603,144970,145296,145579,145728,145884,146070,146481,147059,147717,148396,149105,149880,150534,151172,151816,152643,153408,153941,154481,155152,155950,156691,157393,158203,159296,160271,161129,161618,162212,162791,163569,164282,165359,166485,168024,169537,170895,171872,172619,172867,173086,173136,173598,174104,174743,175244,175531,175814,176254,176388,175881,175142,175033,175492,175935,175733,175172,174618,174359,174084,173450,172577,171645,170879,169844,168815,167651,166715,165907,165314,165003,164853,165030,165113,165078,164771,164452,164301,164353,164546,164552,164442,163862,163249,162321,161432,160485,159453,158438,157429,156483,155367,154133,153118,152224,151365,150507,150431,150838,151472,151921,152468,153051,153487,153994,154601,155256,155855,156559,157209,157737,158448,159409,160627,161608,162632,163536,164281,164828,165226,165713,166105,166667,167395,168454,169529,170334,171081,171741,172466,173039,173606,174289,175221,176134,177481,179164,181139,182833,184382,185865,187430,188974,190716,192518,194289,196129,198054,200155,202171,204142,205949,207692,209336,211026,212709,214662,216982,219592,222245,224587,226724,228761,230630,232366,233819,235362,236965,238985,241265,243738,245936,247764,249585,251751,254332,256626,258784,260481,262049,263112,263886,264664,265293,266044,267038,268151,269520,270747,272282,273875,275556,277123,278562,279930,281439,282861,284013,284796,285218,285895,286994,288275,289976,292115,295067,298009,300784,304001,307870,312234,317138,323117,330287,337351,343829,350294,357468,365146,372622,380057,387329,395254,402658,409079,412423,412874,410966,408363,405741,403348,400970,398946,397379,396868,396998,398113,398881,399743,400384,400997,401220,400923,401274,402829,405460,407241,407861,407257,406735,406240,406011,406079,406236,406642,407482,408490,409073,408989,408407,407577,406642,405990,406016,406248,406565,406495,406777,407016,407098,406190,404930,403674,402967,402716
37186,TN,Sumner County,"Nashville-Davidson--Murfreesboro--Franklin, TN",86893,86750,86324,85316,84267,83504,83200,83001,83435,84155,84863,85366,86202,87383,88480,88930,89298,89752,90483,91118,91162,91187,91194,91373,91839,92261,92883,93181,93462,93455,92955,92201,91670,91384,91598,91875,92494,93059,94146,94949,95264,95480,95699,96282,96725,97538,98113,97954,97699,97453,97810,98388,99272,99714,99904,100066,100914,101685,102677,103165,103878,104325,104994,105034,105237,105803,106549,106822,106431,106021,105857,106067,106592,107668,108973,110136,110724,111306,111931,113346,114753,116313,117611,118411,119100,119115,119561,119924,120493,120075,118484,116380,114067,112565,111382,110949,110454,109792,109371,109320,109666,109761,109797,109483,108879,108335,107867,107573,107247,107136,106987,106813,106811,106890,107157,107573,108225,108586,108419,107785,107147,106460,105932,105215,104680,104237,104641,105161,105442,104754,103609,102617,102028,101964,101784,101900,101691,101629,101353,100973,100505,100037,99733,99390,99197,98890,98593,98069,97419,97066,97109,97098,97204,96929,97118,96898,96716,96370,96220,96290,96575,97255,98233,99554,100755,101700,102183,102473,102399,102589,102960,104082,105235,106418,107358,108007,108516,108923,109651,110448,111019,111780,112755,113852,114605,115393,116308,117560,118686,120078,121309,122340,123505,124906,126426,127682,128577,129457,130455,131819,133411,135059,137076,139512,141513,142866,143708,144580,145422,146272,147549,149160,151299,153773,156260,158442,160248,161500,162854,163789,165116,166164,167181,167858,168036,168168,168142,168647,169784,171817,174100,176219,178185,180196,181980,183766,185331,187501,189760,192331,195378,198067,200409,201826,202518,201589,200077,199659,201882,205350,208972,211779,213962,216005,218083,220666,224001,228161,231977,234514,236588,239230,242968,246151,249771,253874,257912,261254,262436,263468,262790,261347,258167,254784,252333,250740,250264,250814,253027,255699,258132,260277,262405,264760,267316,269216,270793,271041,270713,270238,271648,274949,278442,280617,281398,280677,279405,278414,278171,279022,279664,280558,280512,280328,280063,279593,279761,280387,281539,282333,283057,283906,284941,285777,287039,287831,287928,287412,287350,288260
37312,TN,Bradley County,"Cleveland, TN",128119,128291,128538,129148,129876,130279,130816,131483,132595,133654,134698,135556,136380,136787,137253,137275,137280,137294,137225,137366,137497,137934,138311,138468,138286,138089,138128,138588,138826,139164,139665,140749,141856,142872,143511,143777,144107,144563,145180,145421,145672,146047,146777,147583,148290,148704,149081,149461,150111,150894,151753,152589,153388,154505,155303,155999,156359,157061,157742,158443,158963,159652,160345,161106,161834,162427,163313,164417,165664,166906,167740,168787,169961,171543,173053,174361,175379,176396,177177,177867,178348,178790,179287,179907,180779,181788,182675,183470,184351,185119,185533,185298,184866,184118,183530,183061,183189,183451,183384,182907,182719,182983,183488,183358,183173,182939,182879,182506,181082,179096,177122,176395,176068,175355,174491,173857,173655,173249,172820,172661,172733,172606,172416,172318,172456,172901,173214,173490,174051,174906,176486,177731,177824,177654,176994,176751,175151,173183,171388,170457,169025,166438,164315,162437,161896,160492,159780,159010,159002,159353,159867,159930,159898,159920,160032,160145,160215,160424,160731,160989,161493,161894,162071,162081,162203,162515,162385,162352,162574,163251,163929,164417,165167,165936,166752,167242,167613,167972,168380,168707,168904,169120,169470,169948,170447,170956,171719,172613,173525,174407,175005,175740,176490,177314,177836,178305,178764,179282,179647,180108,180770,181818,182812,183750,184622,185593,186570,187342,188024,188601,189097,189703,190283,191230,192150,193259,194487,196143,197889,199120,200092,201034,202519,203759,204768,205305,205571,206058,206506,207227,208165,209280,210684,211824,212882,213669,214434,215676,217148,218853,220174,221315,222309,223480,224763,225862,227369,229468,232611,236236,240093,243386,246126,249195,252380,256136,260163,265246,270667,275285,279128,282670,286941,291673,296520,301195,305840,310815,315131,319093,321365,322299,321634,320526,319590,319003,318841,319798,321199,323296,325291,327677,329593,331587,333092,334681,335976,337354,338520,339923,341989,344264,346737,348140,348863,349217,349822,350570,350612,350743,351153,351671,351302,350409,349471,348852,348293,347942,348571,349823,351450,352678,353661,354156,354479,354629,354592,354443,354021,353565
37323,TN,Bradley County,"Cleveland, TN",102747,103036,103048,103142,103046,103135,103344,103779,104076,104267,104168,104443,105252,106120,106803,107127,107863,108553,108900,108988,109029,109378,109677,109882,109064,108034,106915,106923,107408,108275,108643,108603,108426,108535,108818,109282,109898,110537,111153,111666,112065,112081,112203,112320,112503,112367,112245,112156,112479,112770,113375,113913,114624,115186,115901,116474,117113,117662,118537,119332,119907,120276,120586,120906,121442,122185,123241,124262,125362,126339,127036,127527,128124,128920,129797,130442,130868,131044,131404,131809,132332,132664,132742,132647,132666,133380,134622,136042,137491,138507,139155,139396,139539,139648,139584,139581,139814,140118,139933,138870,137818,136907,136500,135894,135775,135835,136020,135743,134726,133212,131839,131265,130898,130290,129685,129371,129315,129061,128796,128672,128733,128604,128492,128359,128383,128667,128992,129371,129866,130490,131578,132428,132401,132211,131680,131451,130209,128808,127601,127034,125986,124089,122576,121335,121003,120021,119605,119215,119374,119952,120818,121318,121453,121325,121316,121460,121559,121847,122314,122809,123385,123747,123916,123880,124010,124619,125236,126013,126766,127840,128679,129376,130109,131082,132137,132966,133465,133858,134269,134699,134899,135104,135418,135899,136417,137063,138107,139206,140009,140583,140733,141158,141563,142186,142386,142670,143035,143776,144467,145329,146257,147577,148781,149895,150584,151072,151402,151777,152175,152344,152582,153031,153853,154807,155856,156959,158325,159850,161530,162662,163608,164158,164965,165646,166332,166694,166903,167477,168132,168880,169647,170523,171587,172592,173505,174227,174942,176174,177716,179445,180802,182023,183015,184181,185406,186582,187983,189856,192405,195399,198556,201456,204075,206716,209239,212201,215622,220153,224784,228466,231045,233145,236217,239971,244207,248425,252332,255903,258790,261836,263992,264858,264307,263452,262804,262166,261775,262448,263776,265831,267664,270028,272091,274506,276557,278821,280818,282278,283026,283805,285437,287619,290225,291958,293248,293832,294170,294398,294529,295744,297470,298821,298673,297439,296192,295300,294686,294328,294814,295881,297063,298016,298978,300082,301017,301603,301705,301786,301683,301557
37419,TN,Hamilton County,"Chattanooga, TN-GA",144695,144460,144097,143616,143175,142888,142676,142958,143675,144407,145132,145653,146006,146236,146460,145608,144001,142236,141991,142508,144414,145925,147471,148195,149021,150059,150834,152105,153294,154833,156001,156706,156815,157351,158412,159327,159769,159260,158892,159012,159565,159883,159847,160391,161512,162151,162199,161512,161367,161869,163351,165031,166304,166786,166230,165601,165342,166054,167158,169291,171223,172878,173790,174886,176665,178555,180998,182782,184667,186181,187814,188731,189296,189428,189700,189904,190423,191923,193978,197085,199617,201426,201797,202608,204460,207187,209329,210714,211815,212942,214192,215510,215613,215883,215503,214651,212599,211292,211357,211614,210760,209405,208066,206374,204427,201783,199582,197769,196542,195284,194102,193947,194129,194542,193920,193535,193299,193833,192693,191415,189853,188291,187232,185906,186244,185896,186439,186582,186630,184936,183076,181633,181518,181716,181253,180372,179727,179069,178374,176611,175856,175689,176389,176454,175727,174895,174532,174788,174846,174447,173957,174167,175143,176321,177141,177145,176233,175591,175702,177234,179101,180542,181593,182558,183744,185351,186954,188472,188863,188946,188753,189361,190291,191361,192199,192206,192074,191570,191928,191940,191088,189540,188365,188722,189911,191476,193089,194685,196208,197858,199411,201665,203888,205585,205833,205752,206141,207577,208894,210514,211509,212638,213232,214228,215464,216857,218374,220022,221875,223449,224590,225084,226141,227905,230621,232775,233333,232650,231721,230987,230658,230374,230769,231619,232401,233097,233443,234185,235260,236818,238895,240755,242267,243489,244546,245661,246115,246672,247459,248458,249504,250391,251083,251919,252348,252803,253836,255749,259167,262350,265514,267868,270992,275145,280038,284971,289620,295078,300545,305096,308171,310087,312691,315723,320676,326562,332779,339234,344452,348808,350875,351317,350588,349840,349057,347940,347187,348283,351690,355811,359536,362589,364771,366597,368017,369078,369724,369998,370745,372159,375158,378058,380538,381470,381763,381065,380725,380903,381511,381695,382432,383714,384437,383757,382344,380683,378921,377473,376770,376611,376742,377365,378608,379728,380459,379878,378536,376685,375052,374032
37421,TN,Hamilton County,"Chattanooga, TN-GA",150191,150474,150666,151115,151538,151963,152304,152561,152747,153016,153251,153513,153693,153813,154211,154637,155231,155660,156180,156861,157674,158496,159273,159968,160613,161270,161817,162452,163041,163675,164248,164775,165405,165977,166360,166677,167110,167685,168011,168178,168379,168911,169461,170095,170621,171341,171813,172257,172525,173016,173667,174391,175004,175475,176128,176915,177777,178656,179282,180010,180481,181210,181946,182810,183619,184449,185358,186399,187491,188438,189253,189960,190629,191376,191948,192759,193725,194723,195492,196158,196832,197430,197804,198005,198109,198346,198707,198924,198942,199017,199412,199835,200188,200461,200568,200056,199602,199371,199777,199857,199501,198781,198099,197274,196413,195297,194528,193911,193410,192558,191270,190147,189235,188746,188362,188238,188346,188282,188118,187655,187362,187213,187645,188116,188669,188940,189179,189199,189079,188809,188509,188176,187850,187412,187124,186836,186533,186017,185326,184849,184334,183838,183003,182344,181611,180687,179515,178482,177517,176641,175999,175777,175751,175678,175617,175425,175264,175271,175751,176434,177266,177880,178486,178913,179410,179818,180129,180362,180738,181183,181596,181790,182153,182566,183039,183240,183130,182769,182592,182541,182816,183244,183845,184597,185512,186367,187168,187777,188480,189225,189897,190780,191828,193015,193913,194879,195941,197091,197830,198586,199399,200547,201560,202739,204008,205552,207179,208732,209985,210966,211573,211999,212596,213691,214934,216076,216705,217294,217896,218588,219184,219688,220727,221906,223051,223718,224308,225174,226406,227737,229251,230711,232256,233701,234880,236114,237256,238707,240319,241913,243347,244688,245939,247089,247591,247943,248666,250406,253199,256588,260000,262911,265462,268512,272182,276436,281210,287064,293462,298839,302502,305146,308642,313104,318499,324252,330173,336843,342955,348477,351624,352627,351789,350494,348953,347345,346237,346381,347862,349805,352039,354405,356538,358508,359857,360837,361350,361780,362513,363855,366126,368048,369516,369924,370015,369940,370196,370397,370670,370556,370926,370941,370860,370688,370931,370924,370352,369239,368376,367741,367458,367428,367801,368247,368467,368166,367545,366652,365563,364706
46074,IN,Hamilton County,"Indianapolis-Carmel-Anderson, IN",,,,,,,,,,,,,,,,,,,,,,,,,,,,,,,,,,,,,,,,,,228861,229252,229314,229352,229234,229597,230026,231192,231974,233151,233812,235529,237479,239305,240160,240909,241089,240820,240084,239889,239914,239544,239247,239858,241422,242958,243682,243519,243272,242972,242821,243001,243298,243483,243507,244071,245626,246932,247834,247887,247795,247647,248048,249122,250145,250655,250737,250935,251038,251168,251052,250955,250409,249851,249537,249863,250127,249655,248667,248289,248838,249292,248494,247360,245823,244676,243351,243021,243312,243815,243592,243220,243094,243126,243122,242928,242846,242551,242522,242479,242770,243236,244200,245080,245967,246289,246192,245428,244477,243573,242531,241378,239809,238320,237333,236926,237170,237384,237862,238080,238406,238685,239025,239257,239659,240313,241416,242608,244020,244859,245861,246393,247207,247646,248165,248780,249582,250433,251358,252671,254749,256916,259048,261089,263259,265273,266632,267498,267972,268539,269389,270694,272000,273124,273953,274943,275863,276636,276895,277167,277425,278161,279283,280760,282204,283293,284472,285658,286879,287812,288621,289400,290054,290358,291014,291870,293000,294033,294894,295565,296274,297203,298470,299408,300453,301349,302750,304001,305129,305787,306198,306668,307200,307832,308603,309750,311193,313030,314759,316583,318011,319349,320262,320862,321316,321987,322852,324059,325420,326760,327819,328401,329033,329435,329981,330485,331307,332448,333917,335966,338204,340585,342702,344234,345417,346333,347959,350708,354340,358667,362872,367142,371549,376801,382642,389962,397472,404523,409855,413923,418763,424471,431179,438103,445663,454278,463567,472011,478728,481802,482017,479834,477906,476630,476578,476217,476060,476080,477602,480215,483245,485728,487209,487683,487498,486571,485393,484436,484411,485747,487560,489134,489760,489974,490868,492132,493919,495350,496944,498526,500003,500865,501107,500558,500364,501091,502675,505023,507320,509677,511543,513006,514124,514445,514118,513856,514607,516663,519144
46235,IN,Marion County,"Indianapolis-Carmel-Anderson, IN",,,,,,,,,,,,,,,,,,,,,,,,,,,,,,,,,,,,,,,,,,,81950,82221,82163,82296,82276,82400,82411,82427,82622,82920,83184,83209,83100,83093,82973,82916,82818,82966,83585,84238,85198,85681,85956,86150,86430,86832,87056,87182,87402,87471,87359,87162,87017,87103,87246,87479,87888,88460,89012,89354,89369,89350,89273,89266,89171,89117,88750,88455,88252,88270,87958,87554,87535,87839,87936,87642,87179,86914,86750,86480,85817,84841,83810,82933,82025,80699,79688,78666,78224,77824,77893,78427,79273,79973,80532,80420,80797,81143,81586,81930,82119,82478,82705,82984,82734,82032,80906,80170,79256,78603,78008,77812,77679,77203,76061,74302,72953,72391,72585,73100,73306,73379,72474,71887,71375,71711,72254,73318,74425,75255,75553,75345,74930,74512,74325,74362,74682,75288,76192,77400,78621,79618,80045,80181,80024,80164,80678,81932,83395,84984,86513,87918,89437,90738,91715,92221,92430,92597,92807,93157,93546,93933,94294,94569,94872,95412,95932,96421,96525,97019,97633,98485,99070,99554,99954,100319,100717,101332,102239,103122,103863,104502,104968,105476,105988,106828,107662,108351,108957,109603,110485,111616,112965,114218,115417,116438,117783,119170,120592,121764,122705,123682,124698,125756,126951,128056,129339,130480,131526,132225,132716,133115,133445,133926,134585,135522,136608,137762,138996,140027,141075,141964,142597,143033,143713,144877,146637,148835,151567,154323,156928,159654,162744,165799,168592,171295,174011,176571,178726,181147,183901,186935,190185,194009,197818,201304,204066,206774,208625,209627,209862,210081,210206,209941,209110,208303,207684,207778,207966,208533,209090,209933,210676,211090,211176,211252,211982,212958,214207,215405,216653,217734,218353,218454,218266,218059,218426,219338,220582,221477,221866,222085,222282,222539,222833,222800,222449,221686,221134,221229,221571,222153,222086,221522,220582,219527,218767,218192
46239,IN,Marion County,"Indianapolis-Carmel-Anderson, IN",,,,,,,,,,,,,,,,,,,,,,,,,,,,,,,,,,,,,,,,,,,129851,129823,129916,130247,130702,131214,131185,130904,130508,130651,131305,132110,132808,133249,133626,134215,134917,135525,136098,137310,138924,140670,142194,143712,144974,145558,145743,146049,146662,147366,147417,146998,146541,146848,147366,147663,147611,147647,147647,147466,147230,147054,146631,146094,145738,146001,146213,146303,146075,145631,144968,144241,144192,144412,144363,143791,143269,143319,143797,144257,144378,144314,143849,143418,142623,141438,140282,138758,138034,137631,138145,138833,139752,140371,140848,140594,140874,141444,142204,143046,143759,144533,145002,145037,144073,142417,139838,137977,136209,135531,135091,134711,134188,133532,132458,131344,130630,130842,131594,132004,131760,131062,129984,129550,129541,130250,130875,131502,132140,132883,133496,133856,133751,133485,133284,133298,133538,133882,134644,135676,136791,137789,138565,139140,139297,139363,139616,140274,141050,142006,143115,144157,145062,145701,146184,146355,146350,146213,146291,146431,146717,146997,147384,147813,148229,148875,149537,150381,150994,151768,152384,153129,153686,154392,154995,155690,156452,157396,158537,159635,160649,161606,162452,163304,164102,164866,165551,166278,167414,168781,170186,171494,172734,173703,174513,175269,176394,177610,178902,180136,181432,182636,183880,184879,185984,186875,187812,188495,189343,190053,190820,191323,191881,192471,193160,194137,195424,196917,198574,200088,201619,202767,203557,204092,204929,206480,209071,212322,216141,219920,223599,227476,231734,236233,240656,245184,249492,253163,256014,258939,262451,266287,270467,275342,280604,285862,289961,293233,294462,294154,292644,291328,290388,289516,288393,287454,286617,286288,286157,286519,286977,287371,287528,287258,286667,285989,286135,286841,288103,289160,290049,290319,290296,290057,290069,290114,290419,291190,292267,293170,293517,293821,294165,294348,294330,294248,294444,294636,294994,295553,296206,296882,297145,296942,296091,295111,294333,293969
55024,MN,Dakota County,"Minneapolis-St. Paul-Bloomington, MN-WI",165064,165538,166012,167094,168169,169365,170471,172294,174489,177031,179140,181047,182835,184299,185945,187884,189970,191996,193786,195874,198039,200706,203545,205678,206877,207526,208149,208729,209392,210423,211771,213145,214489,215961,217510,219285,221011,222781,224404,225844,227614,229211,230871,232214,234278,236071,237678,238956,240326,242074,243344,244767,246207,247770,249418,250850,252489,253957,255172,256190,257450,258873,260320,261859,263488,265232,266627,267765,268749,269663,270530,270892,270907,270819,270458,270355,270267,270948,271277,271204,270735,269948,269045,268582,268611,268400,267947,267494,267560,267272,266550,265592,264332,262808,260882,259685,258136,256588,253402,250215,247110,245183,244181,242513,240003,236657,233467,229824,226563,223771,222001,220457,219021,217850,216320,214813,213641,213099,213525,213812,213471,213457,214084,215951,217763,218608,217802,215493,211720,208199,204789,201720,199677,197593,196287,193423,189576,185773,182910,181297,180693,180842,181019,179818,177282,175059,174247,174912,176328,178376,180906,183651,186065,188350,190450,192733,195008,197186,199375,201711,204479,207198,209940,212476,214470,215991,217307,219380,221372,223109,224469,225778,227022,227731,228301,228823,229368,229804,230438,231616,233029,234783,236634,238601,240340,241353,242224,242897,243862,244782,245902,247598,249799,252115,254211,256243,257971,259170,259959,260471,260916,261388,262233,264017,266157,268454,270114,271701,273159,274404,275290,275845,276318,276724,277493,279315,281595,283800,285779,287393,288705,289107,289845,290637,291462,291759,291997,292863,294376,296439,298496,300273,301602,302485,302881,303005,302995,303385,304464,306374,309477,312713,315632,317678,318440,318485,317991,318593,320705,324070,328124,332361,336627,341143,345939,351090,356821,362344,366933,369683,370944,371706,373407,376175,380059,384836,390753,396806,401461,404039,403673,401135,397274,394640,392889,391457,389332,387720,386999,387599,388784,390744,392559,394113,394541,394120,393060,392185,391917,392491,394038,395847,397046,397060,396550,396402,396859,397971,399503,401342,402825,403436,402874,401969,401252,400886,401191,401833,402868,404007,404955,406193,407077,407763,407751,407155,406506,406136,406354,406875
55025,MN,Washington County,"Minneapolis-St. Paul-Bloomington, MN-WI",170620,171038,171459,172458,173804,175470,177185,179079,180979,183155,185010,186530,187720,188772,190312,192210,194470,196338,198233,200117,202572,204840,206757,208249,209121,209771,210519,211827,213992,215894,217526,218496,219539,220818,222580,224539,226531,228314,229734,231275,232888,234917,237125,239384,241784,243993,245961,247660,248754,250111,251592,253669,255531,257701,259485,260963,261777,262434,263059,263975,265364,267039,267960,268885,269672,271112,272490,273904,275179,276590,278183,279659,280483,280858,280609,280796,280957,281666,282045,282422,282715,282460,281561,281313,282152,283405,283681,282787,281741,280011,278274,276718,275572,274351,272623,270413,267303,263610,260840,258999,257739,255771,253418,250409,247187,244259,241288,238436,235497,233310,231647,230103,228366,226361,224436,223343,221947,220255,218084,216690,216256,216876,218066,219272,219421,218880,217666,216123,213966,211578,209510,207018,204467,201153,198696,196957,195414,193889,192395,191472,191113,190105,189269,188021,187470,187356,187817,188115,188928,190211,192493,194867,197297,199810,201890,203724,205213,206611,207824,208879,210842,213458,216445,219348,221774,223995,225298,226619,227497,228440,229166,230120,231568,233032,234220,234941,235558,236266,236890,237613,238403,239471,240382,241473,242937,244486,245940,246900,248196,249629,251181,252763,254608,256427,257632,258554,259511,260604,261633,262485,263644,265294,267232,269583,271860,274312,276183,278022,279826,281580,282591,282855,283024,283716,285025,286953,288862,291018,293217,295282,297172,298409,299652,300440,300950,301222,301407,301963,303092,305289,307762,309818,311016,312222,313395,314372,314783,315530,316873,318686,320325,322070,323783,325499,326172,326270,326274,327519,330525,334766,339795,345170,350479,355919,360974,366003,371139,376572,381428,384412,385544,386427,388139,390909,395208,400381,406333,412044,416825,420249,420769,419241,416145,414073,412555,411520,409840,408693,408726,410257,412520,414833,416560,417355,417405,416819,416241,415702,415202,415522,416883,418597,419719,420003,420488,421422,422729,424164,425520,426965,427836,427963,426858,425833,424817,424313,424914,426467,428920,430943,432779,434241,435780,437273,438363,438948,439067,439447,440025,441375
55068,MN,Dakota County,"Minneapolis-St. Paul-Bloomington, MN-WI",169457,169886,170291,171301,172433,173770,175109,177092,179308,181754,183594,185353,186969,188326,189690,191270,193017,194966,196881,199027,201141,203616,206378,208373,209610,210372,211402,212487,213591,214811,216110,217605,219106,220725,222278,223987,225610,227244,228745,230067,231747,233291,235069,236538,238691,240366,241726,242702,243914,245540,246841,248158,249824,251548,253515,254886,256478,257712,258789,259549,260747,262094,263627,265194,266860,268573,269944,271113,272188,273214,274213,274654,274735,274676,274348,274236,274134,274874,275331,275491,275180,274454,273603,273269,273452,273330,273016,272738,273004,272788,272029,270946,269687,268331,266560,265345,263737,262123,258982,255767,252677,250858,250014,248277,245445,241752,238435,234955,231842,229033,227054,225452,224388,223732,222763,221966,221393,221526,222105,222418,221683,221463,221996,223823,225696,226721,226034,223619,219683,216320,213014,210170,207963,205762,204366,201817,198253,194545,191834,190582,190712,191380,192298,191613,189621,187694,186970,187638,188996,190984,193370,195948,198252,200510,202531,204927,207411,210017,212344,214572,216791,218997,221220,223350,224901,225944,226924,228659,230703,232536,234135,235673,237098,237973,238623,239115,239389,239471,239783,240846,242624,244899,247170,249060,250511,251280,252005,252618,253283,253890,254859,256647,258934,261295,263445,265620,267400,268565,269229,269713,270362,271021,271962,273708,275850,278169,279873,281675,283369,284735,285482,285796,285979,286193,286848,288550,290692,292848,295080,296918,298481,299058,299932,300750,301409,301561,301764,302787,304536,306766,309075,311093,312682,313721,314172,314349,314394,314829,315821,317572,320590,323788,326564,328368,328987,329043,328601,329213,331275,334719,338799,342948,347088,351532,356396,361450,366919,371871,375693,377867,378920,380148,382361,385438,389563,394446,400489,406426,410907,413421,413197,411089,407951,405841,404425,403049,400678,398721,397470,397567,398276,399690,401201,402684,403519,403528,402892,402388,402295,402720,403628,404723,405323,404947,404347,404320,405103,406514,408347,410335,411829,412290,411545,410646,409736,409282,409611,410471,411541,412295,412728,413538,414076,414526,414118,413126,412014,411526,411965,412750
55301,MN,Wright County,"Minneapolis-St. Paul-Bloomington, MN-WI",150190,150784,151467,152970,154565,156207,157703,159272,160756,162040,163212,164460,165990,167352,168636,169742,171119,172522,174109,175867,177490,179074,180434,182017,183318,184416,185290,186351,187517,188635,189760,190831,192118,193324,194453,195527,196810,198138,199306,200449,201559,202695,203631,205020,206557,208334,209876,211563,212840,213873,214603,215710,216980,218495,219992,221773,223485,225153,226425,227786,229161,230825,232466,234128,235799,237300,238547,239651,240801,241895,242869,243570,244215,244921,245281,245451,245511,245747,246154,246663,247072,247184,246643,246292,246316,246416,246118,244986,243870,242828,241972,241051,239551,238245,236100,233102,229628,,219942,217145,216577,214739,211403,207718,203485,199512,195531,192270,188750,186316,182761,179226,175433,172694,171084,170484,170217,169805,169561,170028,170943,172023,173785,175993,178194,180076,180157,179117,177669,176524,175029,171726,168527,165578,162151,160495,159245,159973,158462,157192,154688,153628,152326,153153,153108,153489,152920,153167,153733,154978,157032,159580,162810,166025,169045,170973,172797,174486,176327,177661,179108,180517,182168,183530,185145,186786,188716,190533,192356,194067,195610,196624,197370,197945,198844,199713,201040,202325,203910,204947,206377,207703,209206,209949,210409,210537,211263,212065,213781,215062,216780,218130,220238,222213,223919,224839,225501,226152,227333,228658,230611,232605,234977,237091,239492,241901,244540,246633,248152,249092,250063,251076,252584,253899,255471,256735,258419,260168,262427,263826,264791,264788,265580,266439,267787,268888,270309,271738,273638,275826,278319,279937,280363,280042,280324,280994,282047,282679,283716,284556,286041,287818,289995,291660,292557,293005,293464,294557,296845,300098,304085,308416,313082,318040,323022,327832,332643,337153,341539,345278,348621,351278,353734,356196,359522,363745,368903,374286,378893,381709,381919,379604,376069,373184,371207,369526,367612,366080,365760,366480,368253,369891,370990,371524,372094,372475,372432,372049,372060,373077,374855,376928,378443,378976,378698,378053,377659,377937,378821,380203,381554,382406,382474,382357,382218,382572,382819,383374,383795,383996,383461,383181,383015,383597,383026,382477,381621,381557,381585,381780
55304,MN,Anoka County,"Minneapolis-St. Paul-Bloomington, MN-WI",172477,172750,173155,174060,175197,176452,177834,179913,182439,185109,187347,189220,190763,192112,193770,195484,197254,198531,200110,201861,204213,206668,208976,210924,212605,214302,215916,217539,219089,220706,222222,223744,225216,226959,228495,229996,231420,233118,234935,236687,238337,239753,241099,242661,244397,246275,248104,249875,251763,253686,255805,257724,259576,262282,264498,266515,,268001,268858,270185,271775,273545,274942,276388,277755,279188,280536,281548,282633,283548,284602,285759,287172,288630,289484,290376,291050,292110,292387,292534,292264,291559,290608,290450,290828,290919,290114,288776,287954,287045,286338,285607,284555,283201,280503,277368,272803,268151,263321,259747,257032,255022,253217,250255,247427,244057,241247,237996,234451,231751,228830,227927,227121,226931,226012,225948,225902,225677,224635,224422,224421,224372,224450,224604,225344,225319,224941,223442,221037,217937,215624,213643,211765,210049,209253,208698,207032,204342,201619,199623,199097,199056,198827,197907,197188,197245,198165,199389,200821,202357,204341,206511,208677,211046,212963,214544,216180,217906,220011,221791,224067,226533,229190,231950,234494,237340,239918,242247,244089,245602,247146,248200,249704,250761,251660,251602,251328,251168,251291,251537,252262,253301,254811,256056,257181,257810,258348,258921,259965,261421,262962,264611,266714,268770,270561,271698,272711,273819,274842,275903,276866,278447,280246,282426,284696,287010,289128,291354,293675,295765,296926,297213,297184,297253,297859,299000,300796,303044,305964,308314,310290,311272,312656,313817,314831,315218,315601,316300,317625,319389,321095,322733,324133,325749,326739,327309,327359,327858,329081,330850,332929,335167,337453,339170,339753,339562,339366,340417,343294,347791,352993,358523,363947,369978,375987,381833,387489,393174,398465,402250,404253,405858,408149,411187,415526,420940,427679,434157,439419,442673,442633,440043,436353,434323,433076,431949,430051,428947,429476,431325,433687,435440,436477,436296,435809,435044,434728,434207,434025,434623,436355,438001,438645,438081,437651,437776,438762,440104,441887,443911,445755,447341,447810,448078,447693,447995,449183,451414,453852,455617,456603,457343,457807,458663,458456,458345,457897,458532,459099,459781
55376,MN,Wright County,"Minneapolis-St. Paul-Bloomington, MN-WI",169856,170625,171683,173780,176049,178115,180066,182061,184039,185881,187266,188436,189538,190936,192534,193863,195106,196280,197891,199647,201468,203199,204753,206218,207714,209093,210490,211695,212974,213988,215003,216106,217407,219037,220343,221522,222292,223358,224637,226294,228028,229580,231144,232863,234979,237227,239414,241469,243098,244557,245896,247726,249704,251706,253472,255356,257428,259497,261078,262206,263157,264254,265755,267326,268883,270065,271088,272155,273367,274654,275957,277137,278220,279187,279558,279588,279775,280401,281315,282229,282906,283238,282659,282089,281775,281680,281451,280408,279306,278191,277170,275887,274084,272437,270241,267090,263330,256826,252777,250227,249877,247634,243743,240208,236682,233489,230294,227621,224499,221673,217331,212864,208737,206496,205956,206093,205638,204069,202648,202616,203602,205233,207411,210024,212335,214736,214706,213332,210831,208802,206635,202418,198868,196082,193562,191707,189318,188601,186303,184662,181719,180578,179085,179901,181234,183854,185784,187485,189263,191649,194380,197037,200179,203593,206950,209229,210834,211919,212792,213517,214819,216220,217828,219481,222172,225092,227883,230038,231988,233605,234870,235843,236619,237174,237988,239028,241056,243064,245340,246803,248115,249176,250370,251393,252277,252857,253829,254759,256622,258275,260465,262176,264024,265609,266724,267279,267367,267372,268019,268935,270865,272883,275278,277318,279088,280798,282511,284341,285705,286395,286839,286937,287833,288813,290420,291756,292827,293814,295317,296745,298002,298176,299389,300835,302855,304354,305965,307686,309541,311496,313670,315177,315741,315343,315334,315567,316488,317190,318385,319536,320865,322510,324362,326386,327785,328449,328862,329911,332389,335994,340544,345711,350781,355999,361463,367161,373301,379210,385055,389542,393087,396001,399363,402655,406524,410824,416422,422428,427611,430604,430515,427931,424328,421822,420124,418647,416986,415676,416326,418297,421889,424349,425746,425783,426035,426263,426212,425498,424567,424952,426730,429527,431237,431338,430300,429161,428781,429429,430838,432802,434734,436150,436334,435811,434662,434079,433623,434176,434750,435052,434273,433700,433369,434000,433348,433072,432443,433012,433428,434188
55379,MN,Scott County,"Minneapolis-St. Paul-Bloomington, MN-WI",168930,169696,170640,172222,173738,175108,176751,178600,180589,182485,184308,185896,187433,188999,190847,193058,194985,196864,198698,201106,203530,205674,207687,209593,211479,213159,214800,216499,218255,219939,221547,223101,224581,225859,227034,228396,229938,231490,233004,234504,236043,237514,239135,240867,242607,244057,245351,246671,248164,249561,250753,251752,252994,254489,256252,257983,259794,261563,263363,264949,266796,268621,270612,272195,273603,274775,276006,277261,278386,279401,280315,281250,282050,282732,283407,284251,284950,284926,284295,283028,282028,281101,280872,281054,281428,281071,280070,279193,278628,278154,277304,276945,276554,275804,274227,272141,269800,267746,265943,263990,261492,259192,257108,255055,252715,250562,248146,245242,241649,237492,233429,229459,226926,225406,225041,224796,224262,223643,222613,221357,219897,219080,219175,219941,220812,220582,219326,217489,216068,214705,213136,211218,209420,207611,205572,203352,201115,199364,197950,197218,196556,196204,195492,194732,193595,192724,192081,191503,191148,191288,192363,193973,196229,198612,200749,202820,205082,207424,209629,211738,213679,215906,218339,221625,224844,227608,229263,230439,231601,233201,235072,236931,238510,239673,240343,240589,240562,240260,240462,241035,241903,242895,244091,245644,247021,247976,248807,249484,250613,251931,253715,255670,257395,258698,259437,260449,261341,262307,262837,263198,263585,264080,265141,266646,268663,270944,273237,275377,276711,277404,277694,277918,278159,278414,279244,280615,282289,284128,286257,288642,290800,292324,293516,294290,294855,295126,295652,296456,297643,299331,301492,303558,305256,306451,307165,307414,307283,307459,308203,309530,311564,314129,317196,320418,322677,324112,324429,325184,326753,329493,332809,336338,339809,343733,347898,352331,357074,361742,366320,369497,371577,373365,375821,378833,382825,387679,393895,399565,404150,406687,406900,405088,401940,399463,397481,395704,393471,391903,391274,391398,391822,392809,394055,395387,396226,396274,395650,394720,394205,394224,395348,396684,397417,396956,396194,396269,396984,398386,399813,401404,402744,403537,403494,403120,402393,401954,402254,403184,404261,405058,405626,406487,407212,407976,408154,407849,407216,406900,407028,407467
55387,MN,Carver County,"Minneapolis-St. Paul-Bloomington, MN-WI",196414,197575,198412,200364,201980,203482,204737,206018,207574,208870,209984,211292,212717,214140,214896,215698,216985,218786,221070,224205,228052,232277,235388,237861,239764,241709,243286,244909,246364,247933,248998,250190,252015,253765,255703,257348,259549,261186,262313,263171,264686,266422,267970,269391,270826,272875,275069,277286,279116,280849,282340,283721,284789,285863,286902,288146,289401,290910,292594,294303,296027,297441,299100,300880,302801,304605,306125,307810,309313,311112,312500,313720,314633,315555,316295,317317,317715,317777,317100,316949,316761,316511,315881,315386,314435,314079,314152,314518,314345,314020,314010,313639,312702,311099,309482,307828,305682,302724,299904,297264,294764,291700,288550,285609,280898,275975,270011,266709,267287,270134,272083,270234,267173,264442,263171,261688,260900,259563,258544,257809,257204,256485,255960,257790,261304,264479,264559,262609,258807,255668,253263,251028,248391,244802,242533,240207,239149,238437,237411,235261,233365,232645,233450,233116,231855,230155,228997,228107,227113,226737,227593,229760,232485,235157,237384,238896,239919,241143,242575,244008,245427,247458,250149,253258,256173,258624,260254,261534,262282,263291,264123,265917,267974,270258,272073,273655,275088,276199,277046,277728,278177,278751,279248,280122,280823,281560,282434,283763,285562,287199,288696,290135,291500,292846,293940,295060,295655,296118,296751,297859,299168,300521,302023,303931,305349,306894,307876,309181,309843,310373,311287,312813,314584,316154,317704,319732,321505,323392,325119,326771,327823,328374,329871,331861,334068,335377,336029,336767,339280,343512,348127,350730,351048,350349,349330,348435,347464,347363,348167,349840,351626,353416,355092,356260,356719,356799,357205,358919,362103,366398,371070,375697,379788,383731,387917,392879,399421,406294,413452,418891,422974,425656,428208,430846,434957,440255,446972,453296,458379,461563,462041,460425,457875,456337,455134,453325,450649,448056,447445,448502,451460,453953,455872,456027,455176,453970,452970,452254,451573,451661,452785,454235,455184,455114,454774,454883,455666,457020,458375,459820,460811,461183,460276,458876,456956,455369,454379,453895,453960,454486,455692,457759,459446,460852,461417,461826,461770,462031,462923,464478
72011,AR,Saline County,"Little Rock-North Little Rock-Conway, AR",95685,96143,97101,98365,99146,98856,98173,97543,97318,97239,97477,97564,97903,98261,99156,99539,99749,99324,99611,100013,100837,101414,101763,101825,101793,102074,102798,103408,103766,103730,103808,103887,104136,104458,104795,105060,105660,106494,107542,108231,109062,110529,111934,113409,113794,113853,113454,113068,112440,111593,110928,110559,109847,108414,105798,102837,102313,104120,107002,108142,109807,111574,113219,113914,115644,118170,120493,123673,126636,130995,133844,136771,138312,139059,139324,139540,140161,141449,142779,143707,144020,144238,144621,145081,145053,146176,147966,149814,150741,150333,151192,151994,153003,152708,151367,149516,147647,146463,145977,146214,146181,145602,144266,143320,142682,142163,141758,141778,142455,142598,142319,141989,142481,142430,142157,141078,140569,139756,139817,140160,141048,142107,143128,144142,144594,145204,145397,145522,145143,144553,143919,141950,142290,143314,145928,146384,146270,146275,146642,146416,145664,144337,143755,142756,142215,141815,142707,143606,144435,145053,146155,147124,148268,149041,149549,150031,149586,149425,149115,149395,149140,148743,148190,148209,148527,149061,149204,149469,149688,150474,150942,151718,152254,152938,153686,154322,154740,154561,154460,154576,154647,154291,153777,153726,154265,154673,154893,155170,156025,156998,157434,157375,157201,157440,157538,158037,158456,159160,159717,160737,161806,162942,163789,164853,165803,166869,167781,168631,169591,170503,171573,172558,173608,175292,176996,179004,179882,180206,180199,180219,180058,179388,179111,179064,179162,178785,178780,179683,180973,181956,182240,182612,183375,184385,185114,185228,184741,184802,185546,186618,186955,186941,186951,187554,188200,189773,191704,194329,196904,199499,202307,205063,208009,210546,212446,214103,216252,219146,222125,224361,225806,227112,228935,231529,234418,238079,241648,244977,247364,248795,249429,249505,249608,249893,249328,247354,244711,242386,242237,243431,245770,247580,248249,247524,246364,245714,245793,246457,247346,248436,249340,250263,250663,250632,250307,250288,250147,249741,249207,249614,250532,251570,251436,250968,250264,249687,248990,248315,248156,248592,249748,250748,251188,251220,251083,250460,250011,249726,250177,251144
72012,AR,White County,"Searcy, AR",94620,94675,94843,95117,95422,95680,95810,96027,96217,96518,96964,97553,98383,98874,99287,99473,99809,100105,100453,100797,101169,101527,101825,102068,102222,102375,102375,102395,102515,102860,103207,103437,103605,103778,104017,104243,104416,104605,104797,105146,105501,105902,106195,106566,106924,107297,107527,107833,108138,108635,109157,109921,,108016,106487,106164,106173,106129,106097,106313,106397,106548,106838,107289,108137,108570,109037,109334,109923,110898,112067,113122,114026,114935,115716,116502,117130,118227,119670,119593,119039,117468,116824,116109,115698,115341,115215,115484,116043,116797,117118,118414,119482,121231,122360,123727,124856,125601,125971,126046,126071,126032,125995,125942,125982,126019,125979,125950,126059,126207,126276,126116,125870,125652,125350,125035,124638,124275,123971,123722,123546,123444,123419,123588,123760,123894,123836,123932,124133,124337,124257,123978,123660,123310,122969,122722,122688,122796,122953,122970,122990,122922,122882,122765,122785,122952,123323,123834,124529,125425,126371,126794,126901,126668,126338,125836,125612,125605,125629,125165,124883,124849,124926,124668,124255,123967,123636,122971,122432,122559,123201,123949,124507,124867,125293,125766,126514,127130,127632,127660,127742,127959,128447,129041,129572,130127,130581,130760,130753,130586,130338,130069,129902,130048,130234,130577,131485,133018,134652,136098,137265,138214,138571,138655,138579,138760,138912,138902,138412,137697,137060,136678,136497,136893,137390,138025,138162,138207,138518,138871,139224,138928,138532,137786,137494,137261,137450,137375,137574,138018,139002,139938,140417,140861,141065,141357,141338,141177,141305,141703,142391,143059,143561,144110,144651,145281,146298,147491,148963,150109,151301,152377,153558,154917,156217,158006,160014,162438,165003,167636,170069,172083,174069,176111,177992,179530,180488,181634,182561,184125,185801,187348,188098,188537,189260,190418,191531,193035,194837,196692,198290,199991,200828,200669,199830,199567,199844,199963,199881,199715,200032,200840,201586,201905,202008,202471,203038,203853,204902,206311,207792,208723,209084,208937,209082,209480,209929,210449,211538,212828,214151,215029,215756,216068,215639,214666,213734,213392,213545,214002
72015,AR,Saline County,"Little Rock-North Little Rock-Conway, AR",87243,87216,87287,87378,87549,87583,87592,87532,87646,87882,88370,88958,89531,89819,89904,89955,90186,90437,90788,91082,91525,91852,92145,92298,92547,92848,93159,93354,93594,93947,94440,94872,95268,95621,95907,96150,96393,96742,97109,97406,97628,98027,98517,99024,99257,99387,99554,99865,100160,100526,100612,100647,100574,100425,100472,100534,100928,100997,101164,101275,101835,102525,103394,104359,105231,105853,106157,106499,106999,107908,108688,109417,109865,110287,110803,111338,112190,113383,114482,115367,115822,116449,116995,117709,117923,118404,118926,119741,120008,120064,120495,121186,121985,122660,123446,123875,123952,123841,123928,124263,124495,124509,124041,123721,123449,123202,122772,122448,122255,122010,121749,121808,121976,121660,120908,120194,119968,120051,120378,120847,121422,122006,122521,122973,123194,123509,123610,123705,123335,122911,122301,120395,119711,119575,120986,121082,120860,120632,120437,119996,119353,118616,117928,117271,116674,116314,116458,116952,117495,117741,118015,118194,118694,119017,119107,119053,118903,119015,119127,119185,119351,119560,120003,120048,119919,119670,119743,120034,120476,121093,121574,122056,122338,122585,122794,122774,122793,122612,122735,122836,123013,122938,122842,122784,123036,123197,123491,123737,124259,124707,124993,125334,125943,126653,126961,127052,127077,127398,127806,128353,128991,129671,130205,130522,130678,130874,130943,131079,131394,131975,132696,133272,133710,134238,134932,135833,136395,136584,136757,136726,136690,136324,136459,136756,137260,137447,137747,138219,138704,139120,139357,139608,139868,140153,140208,140162,139892,140133,140750,141692,142409,142961,143341,143715,143889,144444,145327,146745,148478,150493,152675,154782,156749,158715,160703,162754,164890,167253,169415,171006,171918,172722,173630,174797,176595,179237,181932,184338,186224,187874,189187,190115,190921,191510,191635,191237,190547,189987,190125,191011,192412,193673,194213,194032,193504,193112,193073,193218,193643,194629,196231,198055,199290,199829,199881,199891,199905,200010,200483,201456,202515,202980,202781,202573,202713,202991,202998,202709,202625,202850,203823,204914,206191,207506,208839,209554,209625,209404,209421,209662
72019,AR,Saline County,"Little Rock-North Little Rock-Conway, AR",133081,133344,133613,134221,134768,135175,135419,135586,135878,136184,136887,137732,138758,139290,139699,139953,140450,140990,141609,142275,142857,143376,143577,143686,143642,143727,143827,143977,144371,144860,145582,146230,146928,147458,147825,148087,148261,148432,148612,148901,148336,147678,147056,147369,147818,148372,148881,149469,149877,150632,150989,151294,151623,152254,152717,153115,153808,154855,155875,156619,157417,158113,159210,160633,161742,162226,162502,163412,164720,165999,166785,167271,167695,168279,169256,170252,171792,173694,175700,176906,177471,177618,177522,177347,176720,176530,176706,177287,177623,177848,178458,179291,180152,180829,181890,182641,183066,182931,182618,182790,183105,183153,182760,182096,181724,181113,180417,179964,180084,180463,180756,180873,180864,180312,179427,178456,177737,177324,177431,177988,178828,179616,180296,181012,181567,182293,182714,183185,182906,182265,181202,178561,177899,178143,180472,181146,181358,181686,182198,182454,182415,182211,182048,180044,179040,178506,180443,181407,182278,182816,183600,183977,184377,184867,185277,185821,185751,185898,185805,185863,186162,186575,187006,186913,186711,186536,186400,186554,186699,187191,187223,187221,187124,187372,187753,187998,188288,188523,188878,189165,189428,189628,189913,190148,190711,191066,191578,192025,192739,193574,194000,194378,194636,195060,194904,194928,195068,195536,195787,196147,196779,197603,198250,198650,198841,199128,199592,200410,201493,202623,203702,204440,205090,205988,207301,209003,209895,209916,209473,208781,208237,207475,207607,208018,208699,208854,209136,209716,210350,210918,211275,212042,212934,213742,213934,213761,213273,213328,214050,215300,216075,216443,216582,217102,217466,218386,219736,221832,224337,227017,230009,232710,235444,238090,240512,242939,245492,248535,251455,253748,255266,256686,258382,260658,263639,267331,271160,274681,277460,279382,280188,280245,279851,279313,278345,277190,276180,275448,275423,275848,277172,278731,279852,279836,278745,277698,277278,277256,277359,278084,279851,281917,283013,282948,282424,282337,282645,283316,284087,285266,286284,286732,286440,286120,286054,286227,286295,286384,286993,288205,290102,291756,293181,294482,296056,296928,297075,296842,297111,297701
72023,AR,Lonoke County,"Little Rock-North Little Rock-Conway, AR",133970,134010,134246,134563,134892,135130,135498,135892,136160,136418,136977,137846,138847,139464,139889,139937,140285,140690,141387,141877,142311,142638,142899,143218,143491,143851,144097,144259,144675,145119,145706,145957,146192,146463,146882,147402,147850,148295,148764,149283,149916,150467,151054,151553,152059,152626,153311,154081,154768,155466,156202,156992,157717,158399,159108,159850,160310,160533,160798,161387,162416,163492,164646,165668,166692,167529,168294,167977,167695,167518,168080,168528,168700,169361,170343,171215,172098,172716,173513,173841,174148,174442,174861,175389,,168868,,159792,157229,156466,155953,156085,156350,156361,156104,155844,156018,156240,156254,156134,156010,155756,156299,156989,157925,157932,157715,157380,157326,157311,157357,157273,157088,156726,156177,155672,155247,155043,154961,154858,154841,154780,155024,155300,155613,155709,155604,155490,155310,155256,155141,154893,154423,153890,153597,153475,153418,153399,153440,153690,154027,154462,154811,154949,155024,155131,155443,155741,155854,155754,155383,155006,154745,154722,154643,154554,154553,154885,155457,155975,156244,156259,155976,155779,155674,155776,155639,155242,154725,154396,154268,154276,154531,154876,155054,155022,155030,155287,155681,155912,156055,156106,156303,156473,156727,156920,157278,157704,158134,158551,158628,158528,158386,158455,158554,158814,159046,159207,159143,159284,159636,160062,160200,160152,159957,159919,160101,160484,160803,160968,160977,160824,160707,160791,161233,161709,161993,161925,161849,161676,161591,161269,161383,161551,161909,162003,162248,162678,163439,164393,165144,165616,165867,166319,166661,166794,166541,166404,166586,167217,167896,168407,169145,169959,170675,171213,171801,172917,174397,176248,178384,180305,182003,183496,185113,186943,189168,192207,195369,198070,199517,200555,201566,203135,205593,208582,211760,214753,217236,219065,220186,220995,221870,222694,223364,223550,223498,223727,224640,225937,227517,228755,229513,229965,230593,231501,232197,232526,232856,233666,235143,236478,237387,237937,238421,239130,239624,240513,241297,242517,243525,244047,243753,243126,242583,242436,242395,242477,242882,243931,245753,247582,248926,250030,251259,252283,252606,252662,252845,253266
72065,AR,Saline County,"Little Rock-North Little Rock-Conway, AR",113281,113537,113859,114506,115003,115428,115859,116587,117314,117630,117784,117688,117900,118073,118763,119580,120232,120511,120843,121700,122950,123819,124168,124018,123728,123614,123675,123723,123727,123815,124432,124958,125477,125859,126389,126865,127050,127397,127682,128351,128455,128544,128679,129377,129997,130358,130728,130913,130897,130827,131385,132323,132705,133139,133315,134096,134043,133915,133262,133489,134573,135991,137261,138554,140505,142498,144057,145550,147478,149461,150664,151242,151367,151694,151153,150178,149390,149834,151318,153346,154745,155304,155199,154921,154889,155671,157751,160376,161194,161489,161394,162060,162109,161948,161919,162352,162488,162444,162245,163006,164043,163980,162868,161373,160748,160823,161137,161458,161709,161714,161444,160761,160366,159750,159526,158716,158453,157623,157247,156941,157354,157939,158335,158699,159454,160626,161559,162106,162284,162378,162494,160620,160301,160083,161881,161920,161655,161166,160992,160403,159973,159562,159510,158659,158039,157599,157925,157950,158226,158265,158215,157664,157645,158047,158559,159233,159129,159059,158406,158153,158192,158418,158581,158401,158394,158579,158823,159255,159650,160229,160552,161101,161668,162367,162896,163315,163840,164335,164902,165284,165341,165366,165374,165558,166064,166466,167036,167758,169127,170660,171555,171973,172259,172634,172921,173552,174599,176327,178127,179773,180812,181597,182620,183836,184689,185127,185092,185271,185263,185106,184798,184686,184936,185776,186961,188611,189603,189814,189481,188709,188185,187581,187804,188003,188368,188317,188323,188674,188909,188949,188533,188461,188731,189315,189330,189117,188497,188538,188801,189392,189672,190168,190914,191981,192729,193517,194486,195891,197643,199715,202187,204634,206878,209303,211403,213770,216208,219303,222303,224397,225236,225537,226162,227545,229767,232422,235142,237646,239616,240748,241317,241481,241662,241350,240520,238581,236021,233568,232752,233499,235144,236058,235885,234706,233440,232347,231721,231533,231386,231572,232543,234295,235877,236457,236432,236349,236376,236635,237074,238358,239652,240730,240609,240112,239806,239778,239843,239472,239628,240343,241680,242852,244203,245840,247593,248268,248024,247296,247008,247321
72106,AR,Faulkner County,"Little Rock-North Little Rock-Conway, AR",93102,93288,93226,93174,93109,93603,94210,94857,94880,94824,94767,94924,95336,95530,95878,96543,97939,99501,100733,101363,101762,101920,102344,102902,103519,103670,103644,103790,104124,104647,105089,105468,105400,105183,105168,105456,104504,102056,98604,96360,96526,97468,98855,99477,101290,103260,105050,105796,105843,105147,105016,105703,107349,109477,111397,112756,110914,107578,105770,107073,111514,114728,118463,119813,120234,118781,118054,118492,120131,122061,123964,125266,125731,126169,126871,127438,128022,128045,128586,128831,129759,129878,129800,129332,129965,131569,132886,133610,133565,133900,134955,136420,136978,136457,135470,135660,135766,136271,136364,137699,139125,140288,140503,139475,138049,136538,135804,134384,132732,131332,131036,131764,131657,130814,129388,128518,128503,129084,130013,131359,131953,132758,132635,132497,132132,132659,133074,133366,133171,132826,131938,130850,129882,129310,129356,130442,131833,133244,133633,133189,132327,132178,132665,132682,132610,132983,134032,135372,136328,137199,137583,138383,139673,141174,141711,141653,141060,140611,140213,139967,139640,139027,137877,137520,137615,138543,138727,138743,138813,139183,139427,139148,138872,139205,140095,141775,143176,144313,144786,145026,145257,145252,145268,145054,144961,144952,145113,145568,146578,148274,150088,151103,151587,151308,150814,150079,149308,149237,149294,150105,150910,151696,151936,151737,151785,151444,151114,150854,151296,151884,152630,153282,153948,154282,154514,154492,154256,153947,154399,155027,155881,155901,156442,157170,158232,158722,159035,159576,160616,162145,163282,163970,164397,165288,166276,166942,166620,166284,166069,167128,168900,171293,173670,175111,175581,175243,174827,174816,175505,176185,176676,176652,177033,177838,179167,180490,182150,184055,185886,186885,186504,186108,186237,187333,189192,191352,193484,195365,196430,197088,197380,197802,198285,198582,198519,197893,196749,195610,195618,196823,199018,201323,202389,202460,201930,201660,201774,201348,201025,201067,202413,203981,205295,206385,207829,209233,209830,210207,210744,212191,213328,214217,214054,213740,212926,212291,212038,212464,213981,216152,219052,221380,222900,223755,223780,223230,221925,221534,221927,222832
72113,AR,Pulaski County,"Little Rock-North Little Rock-Conway, AR",150763,150943,151257,151886,152408,152611,152694,152915,153476,154137,154763,155173,155427,155761,156048,156280,156380,156847,157501,158442,158993,159381,159587,159955,160486,160973,161403,161774,162139,162513,162916,163366,163972,164602,165458,166295,167144,167873,168420,169121,169763,170669,171557,172628,173723,174906,175992,176899,177549,178219,178973,179834,180759,181743,182740,183579,184361,184926,185569,186198,187035,187724,188224,188741,189569,190692,191933,193019,194060,195159,196211,197167,197740,198339,199066,200057,201024,201914,202642,203411,204166,204904,205385,205515,205298,204811,204462,204372,204554,204901,205195,205487,205558,205429,205138,204934,205039,205549,205842,205874,205426,204997,204457,204076,203825,203726,203743,203613,203359,202886,202532,202469,202775,203221,203733,203728,203445,202982,202831,202997,203611,204390,204890,205220,205549,205929,205564,204943,204287,204026,203835,203580,203053,202443,202022,201745,201269,200942,201000,201180,201184,200760,200333,199805,199959,200605,201832,202687,202920,202175,201083,200362,200458,200889,201634,201989,202451,202983,203835,204299,204512,204584,204580,204399,204244,204270,204316,204175,203801,203441,203289,203690,204289,204892,205343,205685,205859,205843,205724,205884,205977,205985,205860,205747,205534,205072,204630,204454,204433,204628,204699,204659,204434,204232,204021,204007,203921,203785,203517,203417,203440,203598,203679,203772,203600,203294,203202,203528,204164,204897,205494,206001,206337,206878,207465,208093,208350,208194,208006,207900,208144,208269,208962,209617,210323,210560,210632,210735,211051,211999,212952,213999,214648,215158,215161,215015,214985,215345,215972,216931,217908,218612,219160,219629,220081,220421,221000,221934,223316,224727,226291,227840,229424,231160,233297,235840,238785,241676,244593,247156,249489,251694,254050,256472,259027,262050,266147,270917,275264,278186,279630,280558,281349,282310,282990,283410,283464,283685,284493,285788,287453,289148,290433,291362,291705,292401,292908,293417,293481,293725,294330,294950,295269,294992,294777,294804,295128,295546,295862,296226,296574,296565,296238,295868,295983,296547,297211,297778,298461,299218,300173,301154,302133,303094,304058,304813,305162,305159,305298,305554
72143,AR,White County,"Searcy, AR",103970,104146,104394,104739,105062,105273,105484,105699,105929,106224,106715,107381,108063,108419,108641,108862,109293,109684,110119,110446,110772,111089,111400,111669,111690,111636,111575,111640,111945,112395,112969,113353,113705,114070,114509,114922,115082,115205,115258,115432,115675,115981,116352,116707,117121,117626,118127,118606,118923,119310,119765,120437,,118046,116400,116131,116249,116313,116499,116857,116918,116936,117076,117893,119199,120478,121506,122620,123604,124565,125141,125706,126122,126366,126585,126798,127071,127295,127837,128137,128568,128793,129071,129251,129446,129875,130388,131069,131729,132254,132542,132651,132814,133218,133820,134516,135111,135583,135792,135827,135775,135726,135779,135813,135982,136047,136151,136152,136150,136118,136031,135882,135637,135362,135012,134663,134256,133915,133597,133375,133208,133132,133123,133205,133357,133528,133636,133764,133745,133658,133386,133103,132746,132412,132103,131909,131815,131925,132116,132328,132520,132666,132788,132785,132857,132988,133248,133425,133411,133578,134028,134360,134510,134496,134475,134207,134152,134430,134953,134875,134536,134181,134067,133841,133510,133234,132950,132500,132179,132372,132867,133272,133593,133776,133907,133861,133923,133934,133961,133708,133664,133696,133873,133995,134315,135006,135809,136376,136618,136687,136603,136299,135950,135627,135425,135491,136100,137227,138265,139048,139645,140176,140403,140061,139551,139324,139243,139186,138904,138721,138632,138642,138818,139280,139687,140066,140161,140276,140840,141382,141927,141745,141556,141219,141126,140924,140853,140866,141158,141597,142181,142698,143072,143485,143661,143713,143592,143499,143643,143951,144339,144898,145267,145727,146035,146474,147175,148035,149251,150397,151771,152990,154269,155568,156909,158617,160558,162870,165275,167519,169418,170875,172476,174168,175898,177181,178367,179733,181251,182860,184363,185558,186141,186373,186688,187454,188554,190067,192152,194673,197036,198871,199653,199597,199216,199156,199776,200431,201070,201665,202522,203696,204870,205772,206187,206553,206912,207389,207968,208770,209940,210769,211202,211400,211810,212268,212761,213222,214193,215390,216913,218272,219463,220646,221455,221987,222146,222674,223273,224163
72404,AR,Craighead County,"Jonesboro, AR",122360,122476,122613,123016,123441,123878,124139,124435,124750,125183,125897,126903,128048,128727,129036,129190,129581,130089,130612,130984,131239,131167,131003,130692,130500,130682,131236,132105,133103,134198,134894,135148,135027,135170,135457,135714,135638,135478,135379,135766,136381,136904,137313,137478,137927,138578,139517,140500,141286,141992,142414,142636,142488,142579,142863,143371,143495,143418,142993,142707,142599,142903,143519,144257,145064,145651,146420,147123,148002,148633,149575,150467,151224,151603,152019,152544,152902,153037,153126,153367,153554,153689,153803,153955,154112,154407,154667,154852,154891,155047,155229,155523,155852,156568,157258,157968,158362,158533,158993,159448,159914,159885,159784,159689,159653,159498,159362,159210,158987,158790,158531,158435,158340,158273,157815,157538,157500,157253,157268,157268,158137,158678,159231,159613,159863,159785,159648,159599,159668,159665,159511,158311,157918,157785,158761,159015,159241,159751,160212,160738,161200,161885,162402,162746,163028,163388,163599,163482,163336,163289,163701,164175,164735,165196,165526,165954,166376,167040,167483,167359,166787,166455,166521,166858,167167,167595,167855,168100,168207,168614,168751,168671,168510,168682,169257,169734,170075,170187,170167,170110,169956,169919,169903,169975,170127,170343,170798,171434,171987,172476,172628,172941,173209,173420,173203,173221,173502,174003,174238,174555,175079,175754,176172,176284,176178,176309,176670,177173,177669,178161,178763,179079,179363,179752,180311,180988,181242,181535,181965,182460,182863,182973,183500,183920,184411,184633,184917,185119,185193,185634,186229,187092,187893,188578,188988,189271,189505,189955,190527,191350,192076,192574,193051,193555,194162,194760,195616,196736,198227,199670,201150,202291,203412,204263,205276,206773,208943,211726,214803,218012,221047,224086,227297,230523,233458,236293,238934,241987,244796,247312,248274,248427,247957,248063,248295,248674,248948,248837,249147,249771,251323,252736,253375,253272,253347,253573,253591,253439,253803,254556,255077,255462,255409,255342,255027,255084,254805,254438,254128,254205,254697,254849,254563,254399,254498,255216,255854,256664,257622,258690,259938,261309,262516,263721,264498,265184,265672,266218,266791,267119
72713,AR,Benton County,"Fayetteville-Springdale-Rogers, AR",139818,138652,137409,135800,134896,135721,135939,137033,138363,140406,142118,142907,143432,143873,144990,146414,147898,148482,149881,150779,151106,150072,149179,149062,149682,150356,151131,151584,151676,151721,151797,151525,150984,150665,151537,153002,154327,155087,155371,156008,157328,159217,161330,164147,167200,169902,171532,172430,173308,174436,176028,178111,180167,182155,184332,186817,189847,192255,194207,195656,197164,198962,200745,202848,204758,207181,209578,212008,214077,215814,217497,218874,219357,219461,219330,219960,220416,220805,220912,221091,221166,220672,219989,219201,218973,218741,218134,217172,216658,216614,216971,216773,216300,215371,214523,213603,212644,211579,210713,210227,209734,208459,206906,204395,202278,200500,199449,198251,196562,194730,192871,190977,189590,188597,187869,187114,186827,186613,186588,186408,186724,186960,186873,186568,186538,186954,186815,185958,184075,181711,179201,177629,176921,177265,178035,178557,178012,176624,175241,174366,174093,174871,175875,176768,177444,178340,179385,180230,181032,182100,183327,184732,185714,186525,187295,188139,188794,189478,190616,192038,193334,194719,196301,197975,199363,200376,201231,201800,202306,202854,203613,204422,204972,205492,205846,206384,206658,207020,207519,208396,209197,209975,210827,211386,211550,211308,211508,212301,213398,214596,215644,216467,217223,218090,219253,220711,221995,222891,223487,224409,225612,227018,228402,229862,231168,232429,233563,234861,235925,236875,237603,238232,238706,239438,240278,241337,241847,241878,241871,241907,242382,242821,243629,244602,245435,246067,246419,246900,247461,248210,248884,249494,249810,250115,250522,251119,251739,252232,252949,253990,255390,257040,258758,260305,261025,261600,262537,264464,267558,271263,275534,279490,283559,287732,292777,298158,304313,311197,318500,325695,331887,337958,343886,350233,356992,364863,373643,383097,392259,399914,404748,406171,405442,404854,404631,403973,402291,400558,400063,400559,402101,404341,406797,408846,410395,411641,412403,412594,412877,413972,416623,419333,421334,422151,423003,424956,427363,429845,432341,435132,438219,440500,442138,443334,444314,445209,446457,448124,450376,452345,454057,454940,455131,454710,453794,452769,451763,451300,451248,451369
72727,AR,Washington County,"Fayetteville-Springdale-Rogers, AR",87850,88046,87712,87220,87599,89092,91253,92559,93010,92991,93142,93590,94111,94144,94149,94302,94727,95387,96021,96311,96406,96231,96118,95860,95613,95587,96473,97749,99272,99656,99497,98838,98133,97664,97713,97979,98158,98044,98259,98748,99428,100229,101569,103176,104748,105651,106329,106565,106697,106738,107106,108041,108820,109400,109708,110277,111040,112075,113287,114658,116058,117356,118824,120198,121886,123236,124603,125527,126575,127476,128486,129488,130367,131462,132689,134206,135614,136878,137917,138680,139444,140226,140953,141621,141972,142300,142514,142880,143107,142589,141661,140529,139656,139114,138777,138578,138486,138380,138390,137240,135530,133177,131558,130738,130406,129644,128021,126334,125120,124315,123707,122594,121812,121475,122047,122654,123016,123227,123451,123360,123232,122798,122723,122471,122247,121733,120910,120132,118999,117805,116402,115713,115608,115669,115193,114456,113474,112530,111514,110561,109273,108264,107404,106993,106328,105736,104951,104196,103758,103713,104045,104181,104800,105390,106160,106436,106556,106499,106466,106728,107063,107319,107575,108123,109127,110264,111105,111304,111014,110729,110441,110735,111409,112499,113208,113624,113939,114277,114792,115520,116279,116975,117347,117695,117952,118361,118990,119852,121051,122514,123967,125477,127047,128490,129311,130074,130914,131881,132495,132933,133542,134325,135359,136432,137622,138871,140300,141798,143176,144181,144862,145337,146184,147043,148041,148936,149999,151082,152105,152868,153468,153665,153862,154001,154462,154698,154965,155283,156010,157033,158144,159226,159987,160653,161057,161529,161847,162313,162817,163334,163970,165014,166422,167792,168552,168858,169304,170363,172392,174757,177504,179991,182561,185234,188412,191724,195007,198447,202156,206026,209302,212204,215064,218219,222387,227133,232244,237780,242757,246841,248268,248135,247555,247421,247772,247874,247814,247872,248323,249425,250988,253113,255294,257398,259404,261174,262532,263100,263518,264238,265580,266928,267857,268771,269854,271260,272047,272531,273107,274355,275571,276351,276345,276247,276152,276435,277033,278270,279953,281908,283702,285405,287025,288357,289150,288997,288500,288192,288311,288564
72734,AR,Benton County,"Fayetteville-Springdale-Rogers, AR",70417,69976,69856,70132,70765,71443,71254,71207,71833,73207,74745,75596,75980,76093,76344,76751,77399,77857,78949,79767,80265,79480,78333,77380,76785,76425,76102,75991,75488,74922,74266,73835,73686,73987,75013,76291,77493,78854,79914,80507,81074,81630,82647,83584,84886,85753,86088,86197,86385,86466,86238,86333,86680,87477,88342,89277,89731,90055,90301,90616,90263,89901,90216,91358,92607,93307,94360,95863,98171,100481,102752,104631,106073,107023,107431,107909,108603,109943,110831,111483,111550,111913,112018,112089,112272,112924,113492,113304,112646,112214,111906,111686,111697,112015,112625,113193,114081,114573,115542,116571,117708,117178,115817,113484,111310,109401,108185,107353,106407,105268,104024,102873,102067,101354,100445,99599,98979,98834,98696,98820,98834,98667,97909,97375,97556,98419,98765,98932,98332,97387,95686,94267,93448,93366,93728,94260,94337,93910,93135,92349,91795,91977,92256,92537,92421,92626,92967,93576,94280,95667,97130,98487,99426,99920,100257,100547,101117,101808,102468,102994,103525,104835,106749,108779,109925,110288,110165,109992,110093,110858,111709,112608,113005,113550,114325,115578,116693,117489,118452,119599,120710,121684,122523,123113,123097,123356,124085,125166,126218,127295,128407,129310,130334,131377,132331,133081,133756,134544,135196,136494,137931,139637,141150,142638,144081,144814,145295,145661,146213,146698,147398,148050,148970,149761,150922,151807,152682,153601,155230,156591,157623,157722,157880,157978,158277,158629,159293,160623,162325,164065,165408,166402,167227,168487,169735,170981,171720,172534,173810,175282,176903,178324,179861,181458,182672,183607,185051,187317,190478,193891,197325,200591,203609,206702,210146,213735,217675,221790,225686,229222,231937,234640,237527,241174,245932,251625,257581,263462,268648,273237,276243,277545,277244,276893,276696,276319,275967,275987,277196,278882,281059,283539,285895,287592,288774,289287,289296,288575,288181,288726,289892,290736,290638,290519,290656,291366,291861,292187,293057,294777,297019,298822,299336,299110,298315,297882,297861,298355,299681,301115,302864,304549,306435,307958,308479,307840,306886,306353,306475,306968
72745,AR,Benton County,"Fayetteville-Springdale-Rogers, AR",99933,100110,99804,99508,99331,99561,99776,99981,100390,101072,101757,102442,103049,103368,103704,104202,105036,105818,106455,106750,106937,106719,106689,106679,107149,107438,107590,107522,107636,107941,108479,108973,109343,109637,109932,110230,110499,110943,111668,112561,113546,114373,115150,116015,116983,117911,118607,119370,120107,121015,121971,123508,125202,127172,129088,131338,133433,135183,136321,137122,137885,138735,140097,141568,143322,145095,146980,148811,150677,152650,154420,155897,156694,157341,157600,158168,159013,160161,161182,161849,162151,162127,162007,161919,161960,161716,160898,159651,158762,158410,158190,157599,156694,156021,155533,155158,154456,153759,153626,153800,153785,153461,153003,151984,150316,148942,147908,146864,145247,143556,141912,140301,138977,137862,136994,136287,135974,135886,135854,135642,135562,135421,135311,134926,134752,134584,134121,133301,131907,129951,127634,125970,124897,124464,124276,124182,123293,121607,119924,118719,118211,118320,118419,118505,118489,119095,119800,120868,121774,122655,123409,124225,124908,125514,126165,127197,128514,129976,131394,132732,134026,135362,136533,137582,138542,139388,140033,140540,141098,141991,142844,143732,144466,145117,145513,145848,146267,146798,147550,148240,148765,149162,149481,149815,149981,150310,150777,151454,152242,153178,154107,154975,155991,157048,158035,159038,160039,161061,162040,163310,164770,166124,167316,168436,169461,170079,170627,171421,172498,173634,174706,175639,176642,177749,179305,180642,181761,182435,183445,184112,184623,184858,185507,186304,187030,187552,188135,188884,189899,191135,192321,193374,194253,195282,196309,197276,197993,198641,199641,200852,202283,203523,204886,206112,206999,207835,208960,210897,213768,217273,221219,224815,228092,231311,235149,239337,243792,248307,252976,257267,260753,264147,267852,272263,277157,282659,288530,294866,300984,306206,309462,310548,310330,310486,311267,312364,312935,313248,314008,315112,316915,318860,320974,322725,324382,325732,327108,328339,330047,332223,334681,336825,338092,338733,339111,340143,341491,343183,345216,347928,351066,353472,354556,355016,354932,354612,353508,352793,353251,354326,355373,356060,356910,357813,358041,357360,356103,354818,353726,352903
72751,AR,Benton County,"Fayetteville-Springdale-Rogers, AR",91132,91634,92292,93557,94539,94987,95323,95693,96434,97111,98208,99357,100562,100959,100972,100721,101626,102666,103972,104627,105144,105326,105238,104966,104606,104029,103425,102624,101920,101158,100920,101203,101756,102314,102783,103640,104026,104202,104005,104295,104776,105768,106641,107253,107884,108568,109442,110046,110608,111373,112203,113576,115017,116375,117632,118986,120599,122024,123172,124387,125547,127334,129266,131658,134009,136148,137780,139242,141087,143323,145335,146792,147638,147827,147545,147166,147489,148180,149448,150380,151041,151131,150857,150591,150302,150159,149714,148647,147689,147012,146909,146948,146842,146765,146637,146573,146297,145834,145729,145788,145389,144628,143589,142661,141349,140278,139337,138226,136842,135582,134606,133748,132776,131773,130482,129199,128449,128261,128311,128189,128175,128201,127832,127294,126574,125934,125192,124258,122895,120367,117301,114358,112215,111123,110874,110749,109939,108549,107126,105873,105153,105332,105716,106270,106633,107262,107810,108465,109399,110701,112215,113901,115150,116122,116634,117270,117907,118496,119145,119980,121167,122572,123834,125018,125795,126627,127112,127792,128433,129407,130271,131284,132346,133257,133930,134621,135409,136231,137069,138047,138638,139004,139193,139506,139822,140396,141317,142346,143211,144009,145002,146126,147296,148332,149202,150448,151680,152987,153838,154933,156252,157893,159572,161449,163068,164263,165275,166299,167463,168473,169628,170772,171872,172981,174259,175542,176611,177415,178425,179326,180100,180447,180924,181430,182053,182688,183704,185090,186522,187728,188646,189372,189927,190397,190897,191615,192417,193257,194315,195414,196806,198206,199730,201069,201982,203043,204376,206415,209344,212936,216926,220347,223363,226275,229731,233629,237921,242571,247765,253126,258138,262867,267519,272400,277522,283148,289309,296208,303088,309321,313194,314476,313713,313341,313638,313955,313823,313766,314692,316135,318125,320330,322459,324138,325481,326329,326840,326760,326939,327515,328691,329553,329798,329378,328962,329305,330348,331749,333388,335426,337565,339040,339430,339549,339508,339526,339394,339380,340218,341618,343637,345645,347414,348724,349207,348916,348386,347932,347492,346911
72753,AR,Washington County,"Fayetteville-Springdale-Rogers, AR",89211,89305,89510,90127,90704,91732,92845,94094,94731,95277,96185,97549,98765,99459,99892,100008,100177,100033,99877,99616,99467,98410,97411,96635,96778,96684,96501,96762,97572,98262,99458,100237,101086,101227,101546,101789,101745,101436,100978,101200,102280,104272,106376,108513,110686,113061,115229,116591,117334,118088,119458,120692,121413,121881,122296,123192,124141,125035,125562,126168,127232,128969,130541,131961,132932,134226,135525,136790,138286,140271,142374,143894,144878,145922,147187,148722,150265,151419,152528,153383,153690,153453,153197,153625,154387,155332,156213,156885,157179,157062,156575,155324,154012,152956,152351,151713,150900,150428,150066,149051,147368,144915,142583,140740,139512,138382,136171,133646,131590,130111,129107,128215,127370,127271,127770,128876,129710,130009,130318,130293,130160,129956,129568,128975,128226,127259,126157,124475,122078,120220,119130,118933,118383,117947,117555,117068,116297,115588,115124,114932,114955,115158,115452,115725,115867,116150,116575,117389,118619,119957,121456,122261,123324,123889,124432,124571,124942,125450,126008,126535,127093,127709,128221,128814,129678,130763,131605,131939,132156,132444,132735,133033,133564,134132,134681,135057,135620,136063,136632,137257,137972,138603,138900,139254,139401,139830,140441,141467,142694,144059,145297,146523,147893,149276,150078,150548,150926,151359,151425,151560,152072,153162,154597,156088,157628,158950,160134,161075,161807,162377,162847,163268,164169,165327,166749,168032,169318,170343,171401,172337,173201,173937,174713,175676,176752,177530,178034,178414,178955,179807,180788,181828,182566,183194,183657,184294,184856,185495,186213,187106,188360,190018,191477,192552,192988,193520,194414,196057,198459,201600,205096,208402,211329,214212,217545,221082,224760,228486,232607,236763,240592,243881,247052,250344,254439,259266,264710,271010,277231,282499,284509,284474,283353,283004,282671,282227,281341,280814,281132,282500,284414,286836,289077,291116,292574,293900,294616,294721,294763,295395,297116,298761,299726,299836,299761,300174,300766,301299,301963,303036,304438,305740,306478,306800,306855,307099,307752,308704,309968,311247,312743,314374,316236,318047,319341,319750,319741,319829,320269,320551
72761,AR,Benton County,"Fayetteville-Springdale-Rogers, AR",91246,91520,91978,93044,94110,95046,95831,96525,96932,97117,97384,98007,98515,98759,98807,98645,98380,97968,97909,97504,97002,96181,95683,95331,95171,95307,95354,95648,95973,96254,96640,97350,98408,99285,99831,100353,100893,101471,102291,103100,104277,105172,105883,106456,106873,107498,107970,108688,109550,110358,111046,111488,111863,112300,113129,114239,115496,116382,116620,116355,115867,116026,117071,118892,120731,122707,124647,126501,128266,129996,132088,133884,135226,136047,136357,136710,137649,139049,140420,141138,141507,141706,141762,141703,141606,141379,141010,140128,139622,139432,139588,139622,139511,139182,138803,138248,138153,138094,138484,138677,138507,137673,136700,135590,134448,133496,132894,132248,131185,129668,127997,126534,125645,125346,125189,124812,124367,124140,124172,124397,124528,124432,123890,123303,123011,123110,122821,122289,121181,119793,117887,116526,115800,115857,115965,115770,114987,113782,112616,111598,110903,110759,110646,110415,110069,110153,110544,111098,111610,112302,113050,113683,114066,114200,114286,114498,115100,116061,117106,117904,118728,119589,120372,120924,121276,121480,121553,121786,122238,123030,123685,124444,125121,125663,126139,126698,127300,127691,128068,128686,129289,129926,130487,131095,131389,131776,132366,133293,134270,135294,136190,136989,137818,138743,139550,140517,141391,142299,142870,143652,144499,145594,146633,147851,149092,150083,150861,151594,152315,152848,153368,153866,154502,155216,156411,157679,158717,159397,160320,161068,161510,161309,161419,161724,162265,162625,163233,164193,165368,166417,167361,168019,168595,169012,169543,170213,170950,171679,172528,173558,174530,175549,176729,178044,179038,179696,180635,182148,184575,187500,190714,193452,195879,198210,201188,204378,207733,211020,214581,218292,221577,224858,228242,231896,235694,239838,244596,249778,254596,258492,261013,262192,262530,262974,263440,263712,263699,263750,264424,265115,266197,267619,269040,270125,270749,271007,271091,270618,270572,270832,271865,272534,272729,272577,272700,273335,274047,274653,275434,276546,277872,278775,278782,278466,278014,277681,277488,277592,278522,279674,281058,282254,283443,284501,284958,284897,284530,284375,284277,284397
72916,AR,Sebastian County,"Fort Smith, AR-OK",143303,143643,143657,143969,144192,144655,144910,145183,145557,146154,146988,147981,149266,150235,150995,151456,152104,152670,153142,153398,153733,154050,154286,154508,154838,155384,155858,156276,156826,157519,158233,158790,159303,159919,160442,160905,161323,161925,162558,163105,163664,164283,165626,167501,,171225,171932,171923,172143,172548,173167,173776,174488,175204,175407,175158,174746,174623,174903,175550,176382,177259,178460,179789,181035,181712,182491,183351,184496,185259,185970,186369,186700,187076,187449,188081,188630,188936,189044,189270,189931,190799,191755,192755,193686,194679,195717,196876,197648,198880,199837,200448,200211,199918,199635,199456,199249,201190,203627,206036,206434,206189,206190,206019,205838,205596,205724,206277,206899,207308,207303,207187,207227,207272,207038,206603,206025,205835,205669,205604,205519,205413,205460,205434,205658,206248,206573,206571,206006,203889,201387,198777,197742,197146,196794,196586,196570,196766,196908,197058,197222,197537,197904,198133,198377,198542,198499,198247,197763,197427,197043,196453,195622,194951,194636,194514,194499,194709,195191,195278,195352,195595,195951,196173,195967,195830,195506,195302,195348,195320,194917,194145,193774,193933,194339,194676,194823,194728,194916,195514,196634,197666,198304,198649,199044,199836,200821,202000,202989,204204,205063,205841,206599,207323,207772,207976,208083,208260,208305,208572,209060,209880,210572,211103,211468,211803,212167,212608,213216,213848,214289,214522,214946,215535,216269,216747,216900,216882,217193,217699,218388,218573,218992,219372,219952,220179,220435,220781,221491,222677,224576,226574,228140,229054,229540,229992,230521,231325,232443,233704,234452,234589,234454,234651,235155,235907,237197,238693,240886,242564,244282,245150,246136,247254,248893,251660,255188,259270,262797,265935,268403,270906,273796,277197,280614,283435,286029,289291,292836,296044,297883,298764,299181,299747,300155,300268,300558,301078,302256,303376,305233,307729,309757,310686,310462,310513,310953,311364,311567,311837,312811,313809,314521,314646,314518,314839,315070,315529,315907,316839,318576,320726,321911,321993,320701,319533,318312,317567,317252,317688,319009,320666,321813,322426,322682,323039,322523,321869,321140,321086
73012,OK,Oklahoma County,"Oklahoma City, OK",156668,156936,157236,157742,158249,158734,159338,159931,160460,160882,161358,162002,162638,163286,163766,164239,164589,164916,165223,165610,166049,166560,166960,167342,167630,168059,168531,169208,169860,170526,171230,171998,172738,173421,174070,174776,175403,175944,176610,177252,177945,178529,179163,179872,180521,181102,181546,182003,182582,183241,183905,184623,185467,186503,187514,188472,189359,190348,191225,192027,192669,193404,194241,195296,196419,197557,198674,199756,200703,201540,202154,202620,202985,203541,204373,205205,206060,206801,207463,207927,208383,208982,209757,210711,211515,211945,212017,212020,212225,212653,213205,213582,213546,213282,213151,213039,212388,211500,210575,210343,210369,210608,210388,209859,209309,209020,208661,208019,207268,206885,206917,207424,207761,207990,207919,207992,207908,207854,208085,208587,209212,209918,210576,210956,211037,210784,210298,209479,208529,207415,206183,205249,205056,205262,205477,205444,205205,204878,204691,204651,204789,204731,204651,204428,204177,203751,203264,202902,202565,202481,202696,203127,203904,204726,206018,207147,208482,209274,209783,209771,210049,210538,211004,211542,212072,212779,213271,213719,214287,214766,215226,215561,216206,217044,217754,218238,218820,219394,220317,220997,221829,222055,222357,222464,223044,223574,224213,224932,225608,225901,225580,224891,224766,225126,225930,226678,227408,227734,227911,227976,228063,227965,227592,227253,226985,227064,227088,227057,226942,227055,227153,227089,227002,227431,228182,229125,229615,229614,229551,229661,229853,229623,229722,230077,230779,231170,231523,232085,232584,233329,233681,233904,233843,234111,234528,235040,235469,236156,237069,238363,239755,240951,241852,242282,242465,242506,242803,243548,245026,247049,249576,252041,254404,256663,259104,261932,265293,269004,272699,276291,279681,283117,286619,290405,294617,299121,303808,308958,313887,318354,321103,322017,321596,321189,321414,321878,321900,322028,322550,323658,324909,325865,326279,326123,325777,325364,325296,325292,325751,326154,326770,327222,327279,326953,326332,326315,326625,327363,327970,328570,329081,328962,328533,327971,327927,327859,327661,327442,327570,327976,328254,328455,328541,328734,328909,328856,328771,328550,328567,328536
73034,OK,Oklahoma County,"Oklahoma City, OK",182761,183039,183436,184035,184646,185278,185894,186437,186732,187113,187619,188473,189419,190388,191156,191759,192282,192848,193528,194201,194671,194972,195129,195419,195781,196473,197336,198294,199021,199465,199925,200587,201368,202139,202636,203165,203694,204268,205169,206129,207181,208007,208745,209505,210112,210768,211485,212346,213162,213928,214557,215204,216086,217263,218640,219890,221206,222667,223951,225021,225778,226771,227862,229123,230318,231349,232268,233484,234582,235539,235874,236185,236712,237665,238774,239709,240506,241515,242723,243888,244809,245680,246708,247840,248669,248924,248946,248836,249200,249846,250625,251046,251245,251341,251504,251230,250472,249641,249049,249285,249765,250444,250704,250718,250795,251036,250594,249546,248070,247314,246942,247091,247119,247182,247088,247029,246666,246227,246334,246833,247720,248564,249375,249800,249914,249711,249416,248940,248329,247499,246463,245511,245347,245394,245459,245161,244723,244221,243791,243608,243771,243878,244059,244222,244291,244350,244611,245252,245957,246579,247218,247841,248509,249144,250375,252028,253998,255165,255569,256118,257443,259458,260882,262171,263100,263805,263906,263962,264374,264958,265796,266595,267618,268639,269463,270211,271105,271938,273424,274934,276580,277648,278236,278699,279216,279987,280769,281672,282618,282936,282209,280697,279758,279559,280207,281179,282201,282776,283171,283248,283184,283029,283075,283289,283456,283853,284174,284484,284426,284429,284410,284484,284882,285681,286578,287504,288129,288226,288156,288105,288352,288088,288395,288813,289811,290562,291313,292311,293300,294592,295539,296011,296005,296199,296540,297084,297459,298304,299643,301725,303991,305665,306467,306572,306439,306625,307089,308295,310286,313194,316819,320339,323320,326087,328742,332222,336360,341308,345580,349020,351372,354525,358556,363483,368570,373913,379669,385753,391183,396101,399353,401158,401692,402536,403695,404947,405133,405424,406157,407828,409613,410931,411557,411505,410872,410421,410379,410506,410861,411207,412194,412926,412884,411759,410194,409611,409964,411132,412610,414196,415731,416328,416469,416689,417448,417977,418003,417878,418329,419017,419688,420158,420399,420436,420353,420469,420781,421038,421540,422354
73044,OK,Logan County,"Oklahoma City, OK",100637,100397,100201,99994,100295,100699,101378,102250,103454,104323,104733,105098,105463,105699,105693,105785,106075,106596,107442,108435,109368,110022,110414,110569,110320,110031,109983,110310,110759,111026,111463,111979,112667,113204,113576,113869,114029,114312,114683,115354,115894,116246,116479,117101,117881,118604,119141,119613,119988,120102,120269,120512,120833,121098,121470,122046,122818,123510,123985,124246,125026,125943,126820,127250,127701,128420,129314,130336,131323,132094,132720,133142,133349,133532,133915,134521,135014,135262,135623,136280,137097,137816,138399,138901,139321,139637,140019,140472,141081,141644,142216,142658,142983,143305,143645,144071,144359,144643,144999,145437,145884,146364,146758,147051,147684,148415,149236,149562,149766,149878,150042,150168,150304,150288,150196,149967,149684,149362,149142,149068,149029,149158,149260,149464,149629,149750,149915,149931,149936,149793,149489,148615,147534,146457,145929,145678,145651,145733,145858,145949,146084,146247,146454,146685,146850,147211,148111,149531,151162,152150,153123,153671,154181,153826,153729,154189,154728,154856,155024,155728,156575,157120,157276,157259,156999,157388,158191,159192,159557,159866,160158,161006,162182,163577,164664,165261,165084,164396,164104,164306,165067,166144,167503,168776,169482,169492,169554,169292,169902,170746,171805,172388,172063,171301,170128,169654,169443,169663,169412,169139,168626,168470,168465,168704,168970,168968,168712,168564,168798,169234,169645,170218,170966,171136,170746,170041,170259,170853,171746,172200,172426,172290,172554,173359,174564,175641,176791,178157,179538,180210,179963,178898,177972,177928,178878,180319,181378,182602,184077,186010,188499,190405,192285,193512,194643,195864,197390,199796,202756,206150,209731,213130,215943,218822,221646,223934,225821,227766,230920,234859,238897,242386,245154,247414,249329,251279,253670,256591,258938,261159,261944,261805,260723,260277,259440,257710,255294,253618,252928,252803,253413,253795,253764,253692,253753,254185,254588,254743,254934,255612,257491,259673,260886,261197,260809,260179,258934,257977,257445,257614,257596,257775,257732,257855,257778,257643,257362,256877,256468,256433,256988,258104,259219,260181,260480,260554,260351,260441,260313,260396
73065,OK,McClain County,"Oklahoma City, OK",110896,110892,110862,111020,111681,112649,113812,114458,115182,115446,115803,116141,116902,117574,117912,118052,118289,118540,118934,119532,120207,120688,120873,120998,121277,121627,122069,122650,123502,124471,125343,126022,126613,127317,127916,128559,128962,129408,129833,130108,130468,130781,131257,131580,131790,131980,132361,132896,133517,133955,134366,134565,135078,135425,136009,136752,137735,138700,139184,139675,140184,140973,141534,142007,142549,143331,144290,144960,145471,145810,146088,146416,146818,147382,148021,148576,149140,149612,150290,151118,152017,152724,153297,153785,154243,154636,154974,155125,155407,155757,156371,156950,157456,157890,158168,158467,158868,159428,160192,160753,161259,161783,162562,163260,163665,163697,,161336,160277,160635,161354,161951,162227,162334,162257,161914,161596,160232,158776,157372,157056,156963,156965,157034,157281,157471,157830,158153,158473,157810,156727,155406,154717,154142,153801,153617,153666,153616,153787,154016,154367,154192,153935,153703,153972,154289,154981,155780,156994,158110,159053,159922,160622,161554,162376,163266,163939,164144,164375,164542,164938,165564,166180,167075,167588,168592,169683,170756,171243,171211,171334,171805,172766,173662,174234,174489,174760,175275,176313,177515,178581,179170,179330,179554,180125,180958,181690,181726,181758,182188,183104,183708,183932,183933,183825,183732,183644,183868,184183,184546,184667,184784,184911,185323,185695,186349,186759,187027,186780,186672,186728,187280,188059,188899,189730,190544,191510,192133,192696,193186,193638,193723,193722,193615,193856,194404,195603,196917,197841,198438,198961,199500,200049,200747,201536,202539,203683,205034,206573,207929,209060,209753,210473,211181,211514,211523,211885,213025,215096,217191,219602,222061,224623,227103,229385,231828,234902,238349,241404,243879,245652,247923,250380,253557,257212,260772,264406,268103,271720,275309,277502,278546,277956,277220,276396,275511,274468,274061,274942,276796,279014,280634,281256,281211,281208,281432,281477,280881,280440,280526,281615,282802,283329,282992,282207,281899,282026,282592,283703,284907,286181,287046,287436,287638,287385,286908,285844,284585,283691,283317,283438,283864,284166,284193,283521,282824,282298,282441,282825,283412
73089,OK,Grady County,"Oklahoma City, OK",118051,118561,118906,119611,120095,120692,121410,122077,122359,122364,122555,123112,123758,124449,125037,125742,126191,126829,127199,127766,128117,128544,128713,128839,128916,129213,129554,130006,130103,130342,130612,131267,131709,132256,132697,133114,133273,133542,134016,134803,135433,135788,135982,136374,136965,137309,137509,137680,138001,138247,138398,138690,139130,139662,140076,140580,141127,141781,142025,142095,142031,142280,142816,143551,144337,145285,146297,147268,148156,148721,148984,149196,149225,149514,149735,150515,151260,151969,152593,153301,153817,154029,154420,154533,155126,155686,156476,157100,157714,159052,160385,161434,161902,162283,162639,162934,163045,163250,163544,163824,164077,164095,164197,164196,164493,164768,163756,162101,160374,160005,160126,160331,160534,160505,160472,160231,160116,158898,157648,156349,156236,156363,156577,156566,156725,156860,157049,157018,156989,156456,155752,154986,154687,154467,154239,153959,153746,153641,153739,153935,154268,154067,153727,153347,153564,153881,154530,155255,155760,155452,154905,154677,154797,155221,155741,156370,156962,157140,157493,157660,157970,158209,158504,158991,159547,160544,161739,162757,163253,163452,163872,164514,165172,165524,165681,165865,166161,166586,167444,168483,169880,171115,172526,173564,174458,175121,175909,176470,177070,177258,177100,175992,175225,174878,175237,175569,175710,175698,175712,176115,176687,177471,178409,179307,179965,180161,179791,179392,180114,182195,183974,184855,185167,186173,187070,188854,189771,190482,190477,190985,191606,191834,192575,193356,194444,195622,197305,199133,200159,200919,201557,202414,203112,203889,204572,205477,206138,207052,208113,209198,210643,211911,213479,214408,214682,214585,215269,217297,220627,224335,228179,231676,234868,237860,240192,242518,244898,248254,251453,254459,256522,258574,261092,264241,268412,272527,276567,280342,284000,287625,289792,290807,290773,290796,290983,291607,291983,292318,293172,294771,296618,297708,298504,298838,298878,298703,298739,298718,298810,299546,301004,302512,303158,303182,302961,303121,303654,304576,305952,307519,308950,310536,312129,313861,314959,315648,316257,316986,318535,320403,322851,324994,327037,328499,329311,329115,328489,328096,328207,328224
74010,OK,Creek County,"Tulsa, OK",50106,50342,50497,50953,51402,51903,52367,52701,52927,53045,53266,53560,53976,54401,54850,55252,55670,56278,56779,57211,57495,57875,58279,58610,58885,59148,59422,59681,59925,60191,60413,60626,60858,61089,61282,61438,61765,62166,62506,62719,62834,62963,63007,63278,63642,64076,64444,64789,65257,65629,65920,66102,66320,66570,66727,66922,67172,67621,68039,68370,,70736,71676,71438,71541,71902,72246,72625,72864,73173,74386,75812,77337,78374,79104,79234,78855,79414,80337,81239,81049,81491,82012,83034,83148,83335,83494,84702,85427,85034,83680,82780,83311,84046,84536,84410,84447,84820,85102,85302,85872,86993,88231,89057,89380,89610,88219,86198,83882,83167,83224,83490,83608,83628,83533,83569,83510,83548,83510,83464,83506,83721,84040,84382,84667,84893,85075,85316,85604,85758,85763,85724,85718,85722,85764,85872,86007,86136,86436,86667,86882,86419,85941,85345,85290,85526,85918,86633,87633,88740,89941,90785,91754,92352,93027,93650,93748,92949,92007,91512,91822,92360,93004,93743,94043,94429,94646,95417,95939,96479,96451,96574,96956,97857,99138,100294,101247,101937,102748,103548,103366,102520,101659,101690,102500,103468,104857,106305,107758,109478,110871,112224,113175,114410,115188,115494,114882,114130,112988,111745,110292,109371,108921,108979,108841,109057,109324,109662,109836,109866,110283,111444,113915,116380,118317,119026,119483,119987,121617,123418,124729,124619,124254,124153,124476,124625,124832,125126,126091,128198,130608,132607,133457,134287,134861,134971,134591,134710,135920,137961,140515,141851,142240,142213,141999,142359,142342,143430,144972,147101,149333,151321,153480,155884,158412,160558,162659,164972,167158,168669,169638,171433,173731,176113,178138,179141,179313,179885,181441,184000,185009,184281,182070,179851,178082,176585,174636,172927,171492,171182,171785,172899,173868,174283,174530,175069,175931,176843,176983,177213,178161,180100,182278,184136,185782,187619,189107,190485,191516,192951,193887,194365,193862,192792,191839,191144,191179,191068,191092,190985,191478,192328,193402,194093,194474,194460,194621,195324,196643,198107
74011,OK,Tulsa County,"Tulsa, OK",139031,138407,138756,139235,140275,140887,141340,141811,142362,142839,143258,143619,144028,144598,145109,145639,146021,146586,147257,147991,148647,149048,149479,149887,150378,150956,151370,151804,152071,152354,152563,152785,153011,153143,153293,153483,153724,153976,154169,154360,154438,154565,154773,155018,155376,155739,156117,156339,156524,156665,156839,157024,157219,157460,157822,158254,158679,158775,158646,158680,158872,159201,159260,159368,159548,159919,160332,160770,161172,161593,161995,162359,162551,162775,163085,163603,164085,164577,164996,165449,165889,166340,166742,167010,167186,167353,167557,167822,168028,168372,168878,169344,169660,169718,169766,169788,169814,170145,170644,171260,171696,171698,171405,170893,170427,170109,169829,169415,169173,168925,169130,169207,169301,169510,169687,169999,170191,170506,170397,170108,169945,170416,171396,172782,173771,173986,173131,172035,170659,169473,168466,168009,167648,167034,166012,164574,162959,161905,161843,162301,162956,163168,163095,162820,162386,162238,162078,162014,162099,162149,162383,162464,162279,162345,162803,163669,164249,164423,164611,164721,165081,165262,165359,165352,165191,165327,165715,166484,167074,167499,167571,167697,167926,168319,168868,169377,169933,170641,171711,173092,174213,174975,175504,176024,176452,176638,176828,177136,177731,177670,176937,175396,174778,175128,176367,177689,178813,179764,180473,181195,182030,183065,184281,185621,186856,187879,188435,188673,188461,188073,187392,186801,186713,186608,186231,185331,185269,186029,187530,188934,190123,190884,191681,192452,193226,193703,194211,194942,194977,194608,194118,194443,195397,196485,197222,197638,198020,198935,200266,201903,203819,205447,206548,207177,207580,208392,209496,211115,213248,215867,218968,221902,224631,227000,229593,231984,234456,237175,239885,242347,244160,246433,249550,253246,257142,260770,264283,267598,270791,274276,277364,279443,280350,281192,282213,282820,282280,281421,280987,281152,281897,282860,283745,284090,283878,284119,284783,285956,286961,287909,288704,289411,289604,289532,289719,290791,292071,293463,294654,295949,296832,297018,296672,296160,295832,295610,295613,295869,296528,297715,299292,301068,302092,302317,302086,301688,301446,301247,301320,301650
74026,OK,Lincoln County,"Oklahoma City, OK",29438,29262,29606,29865,30316,30450,30863,31189,31386,31234,31131,31013,31171,31207,31252,31116,31005,30907,30902,31114,31385,31677,31796,31876,32007,32281,32521,32693,32683,32834,32922,33177,33315,33509,33482,33507,33508,33602,33640,33637,33618,33721,33817,34014,34309,34563,34750,34624,34623,34670,34891,34998,35185,35295,35552,35832,36226,36529,36734,36833,37166,37693,38287,38682,38871,39053,39211,39409,39561,39678,39703,39722,39827,40011,40267,40513,40723,40874,40944,41123,41492,41846,42168,42270,42410,42490,42646,42880,43008,43124,43137,43228,43377,43545,43634,43605,43593,43652,43616,43560,43640,44076,44483,44803,45037,45171,45246,45340,45416,45071,44411,43896,43910,44074,44259,44332,44427,44462,44540,44668,44527,43929,43169,42647,42614,42604,42737,42826,42977,42977,42569,41992,41292,41003,40832,40927,41020,41113,41161,41144,41173,41054,41008,40961,41063,41437,41775,42177,42441,42516,42591,42618,43066,43564,44330,44790,44919,44861,45186,45739,45959,46034,46384,47270,48037,48136,47701,47146,46828,46815,46697,46503,45853,45360,45279,45561,45712,45584,45738,46200,47033,47858,48855,49182,49076,48825,49458,50286,51415,52194,52999,52970,52656,51980,51629,51844,52469,53432,53697,54116,54592,55712,56063,55631,54884,54698,54941,55143,55468,56073,56608,56555,56182,55948,56047,56756,57648,58628,59447,60342,60927,60929,60890,61181,61861,62504,64051,66166,68024,69333,70306,71259,71996,72451,72617,72512,72099,72184,72727,73768,75746,77944,79855,81001,81025,80738,79698,79139,79222,80343,82163,83941,85406,86816,88158,89483,90713,92282,92873,92517,91418,91598,92953,94723,96857,98913,100897,101685,102403,103428,104768,105300,105378,105681,106234,107097,107751,108524,109207,109635,109860,109926,109541,108554,107292,106276,105447,104868,104166,104844,106221,108152,109188,110023,110875,111809,112165,111949,111454,111271,112024,113220,113805,112963,111525,110239,109726,109056,108614,107556,106565,106002,107007,109237,111359,112613,112628,111845,110230,108524
74039,OK,Creek County,"Tulsa, OK",61808,61824,61866,61899,62102,62497,63079,63589,64014,64497,65096,65635,66124,66195,66191,66036,66377,66869,67345,67627,67871,68233,68566,68729,68799,68892,69183,69637,70209,70854,71274,71618,71806,72136,72433,72717,72924,73112,73394,73623,74044,74520,75126,75461,75679,75853,76226,76575,76888,77138,77468,77895,78323,78660,79036,79281,79549,79723,80131,80664,,82942,83660,83459,83603,84036,84697,85334,85851,86314,87791,89668,91367,92266,92687,92930,92666,93063,93580,93829,93513,93836,94231,94173,93108,92972,93396,94592,95253,95415,96102,97239,99057,99833,100482,100792,101220,101307,101393,101700,102347,103140,103828,104343,104747,105269,103277,100247,96813,95739,95847,96179,96461,96562,96648,96719,96599,96499,96449,96451,96614,96933,97148,97353,97210,97025,96648,96790,97048,97296,97130,97017,97174,97458,97642,97723,97848,97988,98171,98231,98317,97362,96240,95103,94974,95123,95389,95992,97122,98543,100043,101432,103184,104875,106221,107022,107077,106430,105954,105647,105766,105591,105474,105512,105414,105838,106287,107237,107604,107813,107543,107354,107678,108748,110652,113209,115519,117562,119427,121595,123229,124092,124239,124917,125766,126840,127663,127753,127708,127562,127397,127126,126656,127280,127916,128651,128863,129125,129135,128290,126688,125444,125150,125749,126498,127467,128326,128855,128868,128531,128761,129840,132189,134121,135522,136240,136791,137358,138769,140803,142609,142744,141934,141007,140801,141030,141700,141981,142631,143941,145844,147204,147689,148413,149521,151179,152811,154796,157431,160188,163319,164625,164747,163793,162523,161646,161206,162717,165502,168801,171972,174867,177658,180342,182873,185626,188498,191626,194628,197050,199184,201798,205112,208294,210409,210815,210268,210362,211308,213041,212660,211097,208047,205799,203723,201861,199416,197068,195831,196103,197551,199094,200216,200796,201292,202206,203836,205737,206860,207733,208894,210653,212557,214369,216105,217959,218920,219770,219811,219935,219702,219565,219408,218605,217880,217219,217202,217177,217083,216840,217072,218260,220306,222505,224149,225135,225716,226462,227816,229345
74074,OK,Payne County,"Stillwater, OK",115013,115171,115380,115762,116167,116618,117158,117642,117977,118238,118627,119229,119940,120619,121179,121787,122385,122937,123339,123694,124084,124544,124936,125292,125387,125589,125852,126334,126764,127091,127386,127740,128196,128699,129131,129562,129793,130099,130409,130924,131319,131634,131766,132015,132293,132705,133116,133597,134040,134491,134886,135328,135710,136059,136366,136830,137408,138184,138786,139324,139648,140116,140571,141149,141727,142446,142685,143243,143823,144856,145473,145979,146391,146897,147420,148125,148113,147724,147375,147663,149077,150739,152777,154022,154788,155213,155670,156026,156136,156311,156634,157049,157207,157422,157530,157808,158040,158430,156514,153937,151442,151115,151513,151807,152019,151986,151967,152077,152078,150972,149569,148200,147945,148005,148202,148174,147870,147415,147094,146900,146883,146894,147097,147315,147648,147846,148029,147981,147808,147407,146831,146227,145643,145301,145176,145181,145426,145693,146008,146044,145981,145775,145673,145644,145778,145867,146015,146295,146972,147644,148469,148928,149353,149744,150776,151868,152749,152746,152835,152893,153375,153951,154523,154877,154750,154543,154473,154860,155392,155743,156034,156542,157583,158701,159918,161009,161694,161761,161939,162723,163720,164557,165249,166056,166869,167462,168164,168811,169622,170282,170973,171327,171954,172761,173973,175123,175858,176132,176010,175794,175674,176081,176286,176273,175782,175746,176176,176846,177308,177582,177715,178052,178667,179434,180277,181272,182663,184095,185044,185409,185460,185634,186256,186815,187175,187036,187286,187808,188658,189662,190773,191892,192717,193385,193689,194234,194939,195921,196979,198055,199284,200332,201197,201593,201685,201656,202480,203543,205310,206927,208901,210715,212266,213866,215367,216983,218626,220469,222429,224511,226628,228973,231383,233352,235017,236425,238183,240248,241819,243510,244541,245409,245722,245969,246333,246382,245927,245454,245596,246816,248733,250812,252320,253094,253344,253707,254355,254990,255800,256903,258207,259207,259455,259685,259683,259934,260109,261126,262666,264535,266026,266679,266465,266017,266068,266435,266995,267590,268525,269271,269963,270738,271587,272441,273280,274368,275334,276397,277130,277850
74079,OK,Lincoln County,"Oklahoma City, OK",39690,39768,39943,40109,40227,40168,40323,40421,40506,40415,40373,40457,40648,41074,41443,41887,42127,42439,42609,42783,42858,42932,42976,43110,43284,43599,43999,44408,44731,44995,45183,45442,45612,45882,46014,46406,46733,47204,47500,47877,48084,48176,48062,48042,48077,48232,48412,48518,48650,48735,48917,49063,49171,49175,49276,49520,49813,49967,50008,50215,50753,51464,52117,52579,52940,53233,53551,53771,53997,54099,54253,54386,54598,54855,55160,55418,55719,56052,56343,56583,56770,56944,57088,57236,57437,57606,57782,58051,58333,58564,58717,58839,58975,59035,59101,59024,58885,58598,,,,,55228,55695,56043,56266,56367,56310,56162,55509,54870,54296,54220,54323,54442,54547,54460,54378,54401,54420,54358,53753,53042,52521,52580,52856,53098,53266,53345,53346,52869,52234,51457,51127,50993,51263,51613,51959,52165,52271,52402,52205,51967,51668,51650,52000,52692,53450,54215,54487,54732,54551,54553,54312,54405,54239,53878,53415,53638,54344,54757,54768,54689,55178,55696,55873,55661,55302,55156,55259,55380,55702,55196,54411,53684,53741,54249,54643,55029,55527,56237,57068,57950,58740,59422,60040,60617,60827,60836,60738,60916,61067,61613,62017,62288,62180,62115,62496,62849,62942,62562,62598,62475,62237,61571,61459,61851,62365,62978,63463,63919,64605,65728,67239,68345,69223,69882,70403,70816,71373,71995,72410,72931,73367,74089,74693,76356,78571,80441,81500,82042,82273,82642,82979,83550,84043,84299,84974,85837,86788,88161,89600,91194,91968,91720,90987,90378,90621,91606,93155,95567,98172,100903,103412,106090,108521,110324,111960,112965,113377,112845,113058,114364,115749,117466,118794,120713,122225,124170,126561,128749,129600,129657,129407,129624,129555,129470,129336,130092,131238,132730,133404,133308,132996,132710,132701,132617,132664,132950,133998,135870,138010,139398,140163,140706,141827,143030,143948,144688,145465,146484,146988,146935,146412,145960,145768,146431,147309,148637,148986,149183,149257,150206,151631,153300,154475,155218,155558,155935,156379
74401,OK,Muskogee County,"Muskogee, OK",67681,67469,67435,67494,67738,68051,68374,68612,68779,68828,68982,69252,69662,69929,70111,70271,70508,70849,71131,71585,72100,72511,72798,72859,72927,72954,73043,73127,73304,73445,73628,73837,74047,74275,74456,74614,74753,74803,74997,75292,75637,75908,76033,76256,76398,76614,76775,77046,77266,77489,77612,77832,77978,78143,78261,78464,78745,79074,79362,79619,,81804,82082,,80350,80376,80662,81063,81379,81856,82320,82834,83005,82955,82945,83206,83713,84113,84452,84691,84986,85242,85632,86018,86395,86611,86849,87070,87429,87661,87930,88082,88313,88566,88860,89121,89136,89073,89093,89411,89885,90665,91361,92003,92211,92444,,88147,,84094,83712,83676,83841,84069,84234,84151,83969,83359,82730,82156,82086,82113,82222,82481,82814,82884,82855,82685,82583,82243,81969,81707,81399,80997,80592,80293,80145,80058,80111,80168,80223,80138,80126,80150,80212,80381,80234,79946,79461,79179,79321,79455,79654,79285,78879,77891,76757,75418,74318,73070,71862,71274,71255,71717,71989,72080,71668,71148,70755,70586,70089,69487,68917,68863,69457,70085,70095,69276,68378,67744,67154,66164,65334,64741,64840,65156,65926,66757,67533,68518,69787,71439,72809,73748,74569,75334,75748,75486,74364,72854,71628,71482,71871,72298,72177,71878,71523,71409,71467,71820,72033,72363,72281,72370,72202,72256,72491,72904,73428,73844,73926,73146,72468,72245,72880,73265,73881,74523,75397,76190,77012,77896,78675,79252,79322,79313,79294,79387,79627,79969,80658,81478,82696,84325,85671,86637,87167,88248,90004,92006,93701,94969,96266,98165,100529,102592,104328,105431,105441,105072,104666,106248,108333,109949,111110,112123,113964,115224,116312,117709,118722,118782,118348,118161,118539,118013,117052,116048,115544,115923,116528,117212,117391,117460,117550,117631,117959,118321,118419,118445,119126,120366,121765,123534,126059,129017,130645,131176,130652,130727,130979,131190,130441,128070,124848,121633,119587,118416,117566,116918,117011,117786,119313,121289,122986,123904,123759,123900,124706,125903
74403,OK,Muskogee County,"Muskogee, OK",65685,65798,65908,66147,66358,66599,66857,67111,67301,67409,67600,67893,68345,68690,69026,69335,69680,69985,70223,70517,70809,71092,71307,71413,71474,71556,71731,71970,72207,72425,72572,72753,72940,73202,73434,73663,73861,74093,74344,74620,74809,74991,75114,75297,75497,75721,75990,76246,76540,76799,77084,77350,77550,77697,77812,78037,78313,78673,78938,79164,79515,79960,80328,80523,80663,80969,81317,81679,81970,82251,82513,82781,82989,83254,83594,84001,84346,84549,84675,84845,85093,85403,85700,86041,86375,86687,86912,87074,87289,87566,87890,88165,88401,88630,88872,89118,89291,89381,89518,89700,89952,90222,90480,90793,90992,91096,,,,,84729,84757,84822,84933,84996,85043,85050,84578,83981,83372,83220,83244,83356,83501,83625,83672,83694,83687,83711,83608,83489,83282,83060,82822,82606,82482,82423,82436,82486,82536,82589,82418,82239,82059,82112,82101,81941,81710,81718,81867,82004,81704,81491,81344,81515,81373,81020,80368,79874,79319,78991,78808,78923,79063,79294,79724,80193,80536,80488,80317,79762,79338,78987,78962,79163,79218,79188,78905,78925,79131,79360,79209,79259,79371,79889,80155,80731,81202,81748,82188,82815,83742,84679,85513,86042,86427,86557,86534,86330,86169,85996,86140,86167,86265,85954,85601,85161,84748,84445,84350,84448,84828,85051,85383,85501,85674,85994,86463,87032,87706,88176,88208,87973,87936,88304,88548,88936,89215,89741,90237,90963,91588,92198,92814,93135,93317,93228,93515,94226,95366,96710,97768,98721,99534,100176,100734,101209,101927,102935,103952,105203,106469,107999,109672,111636,113534,115461,117367,118902,120225,121143,122671,124256,125633,127255,128927,131046,132750,134241,135931,137169,137884,138039,138178,138750,138887,138923,138774,138636,139013,139709,140674,141271,141697,142377,143329,144309,145106,145337,145437,145612,146198,146892,147631,148508,149519,150246,150959,151714,152793,153708,154235,154371,153851,153075,152317,152095,152229,152538,153024,153556,154223,154945,155849,156869,157793,158146,158099,158132,158460
74428,OK,Muskogee County,"Muskogee, OK",88737,89031,88901,89134,88820,88358,87455,87076,87350,88452,89329,90437,90726,91053,90986,91031,91518,91918,92355,92009,91664,91380,91438,91856,92523,93291,93775,94022,94531,94625,94465,94176,94344,94866,95413,95894,95825,95717,95596,96355,96819,97196,97012,96922,97218,97831,98360,98876,99361,99889,100069,100650,101408,102219,102433,102656,103362,104390,105243,105558,106281,107576,108761,108875,108825,109083,109791,110378,110758,111552,111727,112065,111799,111990,112469,112955,113974,114718,115448,115402,115212,115484,115626,115802,115687,115950,116522,116961,117385,117761,118024,118009,117880,117773,117602,117327,117271,117266,116345,115022,114131,114633,115735,117054,117856,118154,117656,117067,116918,115898,114720,113138,112710,112960,113419,114021,114407,114449,114563,114225,114214,113436,112869,112470,112426,112680,112919,113335,113125,112755,112192,111750,111035,110664,110916,111455,111925,111779,111385,110796,110300,108759,107526,106270,106057,105846,105852,105847,106282,106623,107394,107199,106830,106179,106597,107512,108361,108514,108563,108819,108828,108760,108814,109265,109633,110175,110617,110464,110078,109734,109716,109530,109314,109479,110110,110797,111128,110780,110837,111433,112608,113099,113675,114457,115666,115934,115841,115653,116698,118444,120573,122123,122975,123489,123950,124573,125525,126192,126409,125492,124480,124059,124175,124099,123978,124324,125037,125343,125326,125119,124807,124197,123887,123890,124177,124785,125119,125323,125485,126141,126696,126912,127157,127657,128874,129900,131327,131602,131468,131267,131835,132814,133233,133868,134680,135968,136570,137462,138829,141291,143847,146278,147717,148793,148790,148469,148078,148785,150885,153292,156916,160712,164759,168034,171283,174247,178270,182979,187175,189922,190908,192333,194684,197650,202671,207777,214027,219157,222139,223928,224099,223910,222506,221044,219711,218101,216286,215111,215887,217395,219471,221286,223257,225315,227217,228406,228362,227412,225908,224925,224355,225012,226284,228289,230305,232343,232904,232825,232004,233077,234087,234236,232271,229189,226910,225502,225365,225817,225973,225876,225739,226236,227074,228177,229791,231047,232051,232666,233613,233854
74434,OK,Muskogee County,"Muskogee, OK",103947,104138,104410,104865,105274,105720,106026,106289,106148,105999,105933,106133,106696,107290,107939,108373,108727,109024,109382,109778,110146,110549,110882,111204,111417,111779,112148,112472,112697,112921,113203,113452,113768,114135,114518,114856,115223,115651,116140,116532,116810,117098,117386,117808,118153,118485,118851,119251,119706,120116,120618,121093,121458,121646,121801,122143,122617,123165,123471,123701,124001,124506,124994,125418,125861,126369,126952,127432,127991,128522,129042,129422,129845,130358,130895,131335,131772,132209,132547,132985,133417,133990,134523,135167,135772,136262,136650,136930,137311,137647,137975,138146,138411,138803,139178,139407,139429,139523,139405,139259,139104,139977,141090,142278,142749,142942,,138493,135824,134564,133753,133267,133238,133249,133251,133340,133412,132973,132247,131354,131002,130674,130599,130385,130415,130432,130417,130528,130546,130587,130428,130427,130372,130387,130279,130171,130048,130078,130163,130299,130386,130053,129736,129407,129496,129568,129631,129576,129443,129146,128761,128067,127392,127000,127071,127280,127494,127586,127884,127844,127719,127370,127040,126818,126479,126845,127393,127933,127729,127029,126063,125628,125379,125554,125988,126841,127545,127809,128015,128534,128965,128984,129238,129856,130833,131449,132051,132136,132402,132854,134066,135516,136928,138141,138772,138965,139122,139273,139337,138933,138399,138118,137899,137921,137762,138056,138391,138753,138848,138836,138961,139301,139760,140095,139950,139577,139377,139348,139687,140147,140629,140540,140132,139649,139868,140267,141151,141712,142043,142168,142514,142948,143278,143780,144364,145442,146198,146994,147582,148364,149358,150169,150709,151083,151201,151710,152649,154261,156243,158124,160199,162256,164347,166615,168743,170846,173146,175721,177904,179561,180664,182250,184006,185932,188540,191787,195422,198796,201319,203778,205176,205938,205761,205560,205703,205834,205876,205641,205599,206107,206948,207920,208762,209607,210711,211608,212345,212942,213240,213563,213965,214927,215785,216524,217219,218358,219139,220072,221319,223472,225669,227079,227590,227017,226203,225421,225300,225289,225427,225707,226347,227113,228238,229844,231709,233157,233725,233567,233101,232698
74436,OK,Muskogee County,"Muskogee, OK",80975,81491,81923,82901,83517,83835,83722,83446,83176,83189,83570,84110,84536,84869,85040,85247,85338,85478,85567,85766,85900,85873,85723,85721,85674,85808,86208,86872,87122,87062,87083,87399,87762,87992,88264,88419,88445,88450,88718,89145,89589,89937,90003,90082,90027,90036,89974,89846,89734,89850,90235,90995,91594,91991,92395,92749,93233,93443,93731,93938,94877,95926,96420,96247,96022,96441,96934,97532,98255,99129,99951,100776,101252,101408,101635,102034,102793,103343,103694,103811,104036,104321,104991,105604,106159,106327,106395,106576,106757,107182,107809,108719,109409,109935,110224,110276,110145,109928,109810,109989,110430,111418,112421,113708,114279,114324,,109643,107198,106161,105651,105432,105360,105377,105332,105345,105339,104664,103950,103014,102746,102608,102506,102537,102572,102599,102298,102187,102160,102322,102319,102365,102043,101550,101061,100823,100777,100744,100707,100392,99901,99427,99372,99582,99851,99995,99968,99897,99781,99349,98950,98196,97813,97566,98009,98536,99049,99070,98953,98534,98037,97555,97384,97595,97699,97981,97957,97791,97259,97136,97015,96877,96509,96452,97094,97811,98179,97810,97433,97624,97755,97715,97644,97963,98657,99078,99581,100002,101316,103424,105649,107477,108802,110093,111330,112312,113091,113460,113365,113068,112435,112250,111807,111754,111441,111381,111605,112023,112551,112909,113341,114115,115214,116155,116662,116741,116921,116792,116967,117218,117722,117661,117493,117383,118040,118636,119959,120912,121863,122304,123133,124191,125447,126514,127424,128153,128402,128640,129150,130348,131889,133205,134209,135224,135983,136726,137550,138834,140546,141968,143639,145789,148504,151649,154492,156779,159035,161648,164365,167046,169199,171923,174713,177378,180170,182981,186078,189201,192076,194893,195854,195056,193014,191324,190390,189753,189601,189777,190339,190805,191129,191244,191481,192127,193309,194445,195608,196281,196187,196147,196275,197382,198154,199061,200137,201674,202117,202521,202334,203658,204968,206428,207000,206469,205383,204457,204290,204528,204872,205421,205924,206677,207781,209650,211219,211912,211720,211637,212134,213028
74450,OK,Muskogee County,"Muskogee, OK",86468,86933,87003,87133,87051,87038,87488,88183,89225,90325,91498,92521,93321,93944,94593,94891,94771,94453,94254,93857,93542,93359,93558,93973,94503,95293,96006,96663,97163,97722,98550,99297,99824,99712,99907,100322,100884,101237,101319,101929,102530,103141,103172,103134,102858,102812,103106,103832,104302,104423,104208,104483,104844,105273,105759,106099,106480,106852,107446,107796,108661,109565,110349,110109,109527,109497,109673,110533,111115,112089,112464,113196,113492,113980,114411,114994,115473,115641,115843,115894,116048,116161,116485,116779,117257,117975,118866,119377,119585,119800,120163,120529,120706,120701,120407,120103,119901,119793,120031,120381,121012,121707,122653,124189,125514,125874,,120471,117659,116294,115303,114974,114796,115517,115625,116393,117093,117027,116670,115753,116194,116578,116827,116992,117047,116975,116782,116727,116772,116009,115210,114611,113781,112759,112085,112798,113956,114982,114906,114250,113306,111334,109330,107429,106979,106930,106666,106637,106591,106481,106169,105446,104826,104381,104424,104819,104787,104642,104521,104453,103862,102926,102432,102675,103106,103956,104609,105067,104529,104188,103517,103511,103403,104060,104882,105787,106102,105891,105889,106740,107851,108612,109689,110913,112771,114170,115402,115647,115736,116908,119319,122217,124950,127360,129681,130817,131419,131531,131605,131211,130447,130571,131397,132664,133054,133349,133662,134011,133998,133469,133233,133585,134271,135033,134984,134681,134956,135308,135725,135448,135606,135428,135123,134885,135683,136574,137334,137066,136147,134601,133499,132649,132493,132778,133628,134892,135816,137011,138177,139588,140966,142076,143310,144556,145638,146206,147152,148821,151693,154398,157255,160133,163488,167103,170835,174286,178140,181381,183838,185267,186700,189210,192081,194530,197715,201123,205135,208613,211160,213609,213743,212902,210673,208932,207903,207216,206900,206486,206129,206611,207417,208357,208806,209514,211124,212630,213821,214432,214739,214999,215413,216323,217247,218461,220150,222567,222977,222419,221009,222126,223447,225093,224981,222761,219166,216117,215270,216000,216911,217666,218469,219599,221766,224998,228847,231728,233459,234356,235200,235473
74455,OK,Muskogee County,"Muskogee, OK",68474,69278,69510,69963,70106,70505,70799,70749,70428,70485,70845,71532,72349,72829,73366,73749,74548,74842,74590,73900,73553,73854,74444,75045,75446,75804,76169,76403,76587,76841,77138,77461,77429,77567,77681,77924,78103,78171,78395,78708,79013,79140,79028,78937,79117,79461,79962,80119,80385,80615,80986,81311,81833,82357,82610,82700,82942,83307,83645,83815,84685,85396,85815,85517,85316,85491,85640,85874,85975,86265,86556,86995,87372,87725,88117,88839,89505,90208,90378,90899,91460,92211,92907,93348,93662,93878,94117,94413,94675,94991,95262,95289,95215,95378,95809,96148,96311,96350,96240,95681,95072,94875,95342,96029,97094,97641,96976,95532,94310,93524,92601,91716,90884,90902,90750,91125,91510,91867,92417,92969,93925,94485,94421,94175,94295,94450,94867,94766,94156,92770,91273,90367,89641,89435,89378,89830,90278,90931,91232,91246,90993,90168,89594,88806,88473,88196,88154,88364,88661,89175,89678,89806,89363,89017,89006,89242,88758,88375,88134,88242,87912,87490,87356,87703,87684,87755,87545,87312,86694,86324,86516,87073,87479,88036,88969,90075,90365,89989,89564,90070,90886,91511,92015,92633,93535,93841,94091,94499,95753,97959,100352,102588,104067,105028,105809,106700,107669,108659,108821,108299,107162,106664,106305,105834,105254,105364,106123,107022,107537,107857,108111,108559,109407,110505,111676,112406,112549,112102,111956,111988,112322,112099,112219,112722,113888,114939,115961,116322,115771,114744,113927,113730,113522,113859,114545,115376,115523,115644,116809,118983,121583,123584,124957,125902,126254,126310,126379,127237,129291,131870,135261,138541,141771,144878,148393,151487,154406,156950,158923,160406,161290,162824,164971,167531,171321,174632,178306,181255,183839,185816,186232,185457,183940,182580,181801,180446,179522,179474,181228,183227,184786,185423,185884,186528,187905,189056,189899,190160,190577,191416,192441,194159,195701,198221,200764,203984,204770,204890,204245,206073,207991,209072,208194,205994,204028,202876,202993,203913,203889,203273,202510,202915,204066,205630,207547,209527,211359,213194,214411,214846
74469,OK,Muskogee County,"Muskogee, OK",70607,71176,71483,72115,72322,72549,72719,72838,72808,72795,72937,73252,73591,73723,73986,74122,74475,74567,74696,74603,74603,74725,75093,75550,76153,76756,77259,77486,77675,77919,78327,78664,78653,78523,78380,78297,78300,78225,78332,78418,78571,78699,78639,78909,79326,79954,80366,80631,81076,81390,81679,81966,82407,82930,83192,83535,84052,84711,85214,85321,85749,86102,86409,86124,85850,85909,86131,86371,86464,86579,86788,87128,87394,87606,87755,87976,88236,88385,88561,88808,89306,89650,89926,90184,90589,91125,91311,91166,90984,91057,91442,91912,92357,92770,92991,93139,93325,93573,94210,94896,95505,95771,96060,96819,97794,98547,,94466,91892,90933,90420,90396,90205,90535,90474,90871,91455,91382,91434,91244,91832,92088,91986,91623,91505,91358,91371,91144,90523,89113,87666,86532,85890,85442,85153,85354,85538,86135,86385,86181,85983,85278,84852,84206,83932,83734,83460,83201,83324,83474,83880,83855,83480,83073,82939,82993,82654,82087,81614,81056,80469,79794,79481,79449,79466,80075,80713,81305,81180,80917,80588,80403,79993,79788,79739,79750,79426,79096,78908,79132,79252,78998,78715,78289,78509,78735,79288,79458,79933,80883,82228,83610,84957,86391,87661,88614,89376,90011,90155,89928,89380,89248,88883,88688,88188,88167,88221,88439,88546,88659,88756,89158,89478,90044,90375,90867,91255,91259,91238,91618,92231,92555,92629,93071,94135,94945,95678,96263,97228,98375,99645,100581,101372,101993,102324,102364,102101,102267,103159,104642,106358,107602,108761,109915,110855,111252,111729,112344,113623,114904,116653,118591,120375,122425,124596,126878,128934,130918,132185,133328,134218,136173,138446,140192,142157,144066,146740,148928,150763,152714,154010,154604,154322,154436,155287,155714,155287,154471,153921,154219,154585,154949,154742,154741,155321,156336,157087,157430,157178,156805,156770,157516,158543,159877,161680,163918,165256,166358,167576,170107,172784,174551,174671,172763,170459,168403,167657,167518,167622,167707,167606,167524,167502,168180,169016,169893,170222,170497,170762,171300
74470,OK,Muskogee County,"Muskogee, OK",62763,63356,63645,64521,65016,65703,65851,65808,65463,65274,65414,65820,66506,66810,67361,67749,68440,68494,68199,67741,67688,68091,68711,69173,69795,70874,72089,72958,73252,73709,74124,74332,74010,73694,73515,73728,73859,73843,73639,73704,74070,74479,74321,74236,74235,74744,75444,75849,76365,76271,76251,76323,76779,77340,77738,78004,78664,79379,80015,80170,80665,81057,81448,81303,81326,81629,81952,82252,82300,82341,82366,82499,82821,83082,83359,83267,83186,83088,82980,83103,83069,83306,83558,84014,84259,84487,84530,84581,84699,85030,85383,85742,85851,86094,86311,86850,87314,87651,87943,88273,88582,88566,88540,89119,89925,90716,,88199,86211,85345,84481,84310,84042,84212,83752,83585,83678,84355,85142,86234,87372,88245,88583,89192,89881,90467,90841,91185,90899,89213,87062,85291,84240,83533,83063,83015,83379,84163,84868,85075,85074,84831,84556,83980,83328,82668,81656,80585,79686,79141,79070,78551,77747,76598,75961,75451,74650,73905,73534,73351,72888,72356,72488,72962,73287,73733,74177,74410,74054,73817,73732,73575,73164,73410,74498,75607,75928,75854,76010,77091,77920,78435,78816,79321,80078,80329,80677,80805,81565,83650,86643,89460,91459,92948,94361,95302,96109,97100,97857,98086,97298,96791,96470,96562,96419,96373,96293,96196,96174,96305,96321,96582,97003,97832,98169,98179,98345,98490,99216,100126,100965,100645,99455,98347,98168,98285,98970,99582,99991,99609,99191,98803,98917,99294,100064,100866,101179,101102,101299,101923,103409,105148,107524,109875,112133,113296,114312,115476,117421,119208,121125,123291,125868,128708,131718,134426,136940,138802,139242,139158,139137,141011,143742,146268,149260,151888,154857,157404,159159,161386,162508,162765,161835,160901,160824,160407,160278,160778,162127,163978,165314,166346,167049,168287,170102,171525,172262,172400,171904,171537,171514,172362,173252,174861,177625,181078,182741,183747,184537,187352,189330,190858,190602,188672,185648,183230,183291,184534,185483,185576,185472,185387,185591,186898,188798,190760,191866,193161,194473,195583
74801,OK,Pottawatomie County,"Shawnee, OK",50169,50262,50336,50483,50610,50791,51007,51190,51306,51379,51525,51813,52182,52478,52647,52724,52840,53019,53187,53390,53531,53703,53843,53978,54133,54237,54324,54359,54401,54472,54563,54730,54848,55021,55165,55361,55510,55632,55748,55879,56004,56127,56216,56309,56392,56526,56707,56919,57176,57391,57552,57655,57790,57963,58137,58333,58541,58798,59000,59144,59314,59568,59945,60278,60639,60975,61308,61594,61872,62163,62485,,63632,63812,,63431,63567,63783,63956,64136,64349,64571,64849,65068,65336,65532,65749,65914,66094,66268,66321,66372,66447,66749,67065,67263,67279,67269,67424,67751,68146,68849,69620,70392,70801,71038,70349,69319,68195,67890,67906,68100,68331,68531,68649,68731,68939,68302,67513,66476,66265,66252,66317,66346,66391,66439,66516,66538,66627,66048,65283,64364,64035,63795,63661,63619,63637,63673,63803,64009,64265,64019,63637,63173,63123,63325,63405,63375,63292,63281,63499,63579,63748,63634,63648,63608,63853,63908,64094,64028,64041,64148,64480,65044,65600,66134,66726,67239,67581,67717,67656,67700,67811,67810,68031,68468,69269,69742,70236,70648,70972,70844,70793,71089,71683,72216,72448,72336,72240,72246,72253,72100,72016,72093,72011,72004,71999,72416,72592,72501,72151,72352,73043,73729,73983,73856,73552,72775,72075,71691,71642,71786,71867,72440,72814,73209,73332,73402,73648,73886,74291,74413,74556,74808,75231,75630,75882,76131,75989,75852,76420,78011,79707,80770,81417,81890,82253,82695,83524,84793,86148,87809,89100,90368,90530,90300,89915,90489,91823,93231,94579,95552,96491,97746,99865,102072,104420,106875,108840,110141,110236,110851,111559,112384,113807,115652,117990,119180,119888,120943,122364,123515,123956,124038,123915,123461,122952,123096,123905,125254,126569,127254,127519,127295,127099,127108,127289,127535,127642,128198,129553,131415,132770,133360,133439,133467,133357,133421,133522,133882,134198,134680,135219,135529,135783,135677,135559,135041,135002,135003,135493,136308,137356,138498,138897,138390,137527,136892,136748,136672
74804,OK,Pottawatomie County,"Shawnee, OK",89520,89674,89892,90287,90765,91158,91564,91871,92191,92471,92846,93368,93883,94253,94436,94694,95087,95449,95804,96090,96456,96763,97082,97407,97629,97833,97979,98211,98445,98749,99059,99378,99713,100096,100443,100740,100916,101117,101359,101668,101953,102173,102375,102562,102759,103018,103374,103814,104173,104493,104722,105006,105212,105425,105609,105910,106281,106760,107157,107462,107618,107876,108209,108685,109223,109805,110405,110907,111374,111781,112147,,111743,112032,,113753,114142,114516,114783,115167,115620,116155,116645,117212,117717,118099,118252,118365,118621,119048,119277,119387,119407,119840,120318,120767,120795,120641,120548,120744,121232,122218,123449,124670,125302,125642,125117,124454,123640,123583,123643,123899,124062,124262,124366,124344,124216,123175,122110,121110,120998,121065,121220,121392,121648,121722,121786,121807,121995,121163,119904,118475,117845,117417,117013,116878,116951,117109,117367,117616,117966,117770,117485,117159,117252,117426,117607,117717,118124,118618,119208,119462,119557,119609,119893,120540,121026,121081,120840,120637,120510,120390,120492,120919,121501,122341,123364,124382,124990,125102,125054,125179,125547,125726,125830,125970,126364,126719,127405,128209,128928,129051,129028,129262,129886,130540,130889,130925,130980,131348,131591,131528,131476,131731,132052,132302,132261,132120,131821,131801,132121,132933,133747,134337,134464,134576,134864,135202,135619,136000,136330,136643,136850,137162,137384,137680,138037,138317,138559,138704,138820,138934,139057,139107,139340,139549,139923,140195,139836,139246,138872,139229,139716,140398,141264,142319,142879,143577,144548,145894,147474,149366,151490,153181,153919,153990,154116,154929,156230,157520,158918,160232,161838,163421,165425,167356,169654,172519,175372,178087,179810,181669,183271,184947,187198,189871,192887,195219,197008,198871,200500,201743,202269,202439,202625,202896,202881,202883,203286,204499,206503,208560,210105,210857,211310,212074,213154,214000,214728,215529,216664,217770,218180,218011,217735,217825,217940,218255,218742,219631,220648,221758,222423,222682,222731,222767,222708,222605,223492,225133,227050,228878,230227,231274,231051,230269,229351,228916,228769,228887
74824,OK,Lincoln County,"Oklahoma City, OK",51331,51200,51175,51370,51844,52350,53265,54570,56084,57345,58325,59379,59966,60286,60090,60548,61167,62118,62598,62954,63521,64061,64733,65314,65714,65977,65893,66239,66440,66884,67001,67503,68333,69376,70059,70139,69914,69408,69239,69497,69949,70105,69605,69484,69740,70346,71112,71547,72054,71935,71935,72134,72810,73454,73811,74258,74869,75679,76302,76911,77267,77746,78253,79147,79904,80732,81311,81860,82205,82853,83564,84348,84701,84941,85230,85774,86520,86919,86802,86541,86660,87382,88186,89135,89856,90485,90966,91662,92412,93014,93424,93716,93989,94478,95117,95890,96315,96462,95110,93362,91780,91705,91835,91889,91889,92294,92631,93012,93087,92537,91893,91455,91543,91605,91533,91582,91344,91136,91179,91349,91418,90799,90261,89789,89888,90157,90467,90649,90498,90235,89187,87999,86791,86647,86893,87954,88955,89732,89665,89335,89182,88551,87942,87360,87742,88713,89720,90044,90241,90269,90580,90240,90382,90651,91944,93080,94157,94776,95656,96554,97258,97744,98559,99628,100223,100710,100910,101379,101845,102939,104195,105382,105692,105556,105597,105827,105809,105317,105074,105524,106053,107246,108760,110654,111443,111971,112482,113519,115150,117140,118940,119519,119629,119976,121202,122566,123882,124633,125227,125603,126108,126786,126181,124461,122433,121521,121571,121604,122053,122672,123591,124705,126073,127455,128652,129805,130354,130024,129560,129992,130671,130721,130341,130071,130519,131096,132895,135139,136701,137233,137067,136784,136894,137691,139347,140946,141784,143044,145164,148049,151572,154269,156072,155878,153973,151029,149254,149125,150643,151717,153844,156683,160258,163578,166989,170674,175100,179460,182376,183718,183597,184625,186469,189178,193131,197284,202407,206025,208819,210148,210656,209000,206115,203379,202024,201834,201899,202196,203471,204658,205836,206146,206238,206179,206173,206310,206049,205457,204975,205949,207441,209273,210760,212457,214456,216564,217693,217921,217291,217842,218735,220327,221128,220947,220208,219902,220772,221779,222646,222485,221947,221640,222797,225117,227922,230550,231842,231986,230293,229365
74826,OK,Pottawatomie County,"Shawnee, OK",41123,41360,40985,40630,40140,40094,40268,40402,40334,40107,39882,39949,40043,40097,40027,40124,40030,40224,40211,40613,40851,41160,41295,41372,41374,41538,41672,41778,41928,42247,42687,43303,44065,44950,45205,45200,45002,45054,45129,45096,44923,44702,44468,44485,44779,45308,45833,46163,46395,46600,46611,46703,46981,47006,46997,47106,47893,48583,48866,48902,49237,49685,50028,50308,50673,51157,51409,51719,52022,52423,52857,54170,55395,56234,56049,56078,56387,56898,57413,57748,57759,57403,57278,57201,57495,57472,57555,57353,57370,57562,57582,57543,57584,58148,58713,58827,58847,58739,59091,59474,60440,61534,62448,63173,63612,63946,63707,63459,63612,64073,64498,64688,65046,65623,66322,66814,67048,66071,65293,64234,64122,63683,63488,63172,63139,63195,63447,63491,64165,65003,65949,66258,66499,66576,66571,66806,67361,67989,68328,68549,68812,68338,67306,65634,64564,64245,64912,65381,65733,65763,66100,66156,66204,66390,67022,67540,67957,68121,68394,68445,68523,68907,69629,70473,71506,72859,73959,73995,73664,73539,73989,74156,74082,73883,74019,74467,75126,76000,76954,78289,79455,80425,81157,81644,81955,81505,80691,79788,79719,80212,80510,80005,79437,79150,79055,78744,78318,78298,78398,78292,77986,77988,78616,79237,79108,78528,78016,77783,78022,78172,78721,79309,79777,80380,80560,81167,81567,82543,83855,85162,85714,85455,84792,84353,84091,84169,84488,84802,84139,82991,82579,84002,86273,88578,90615,92367,93188,93914,94960,97056,99310,101920,103979,105983,106430,106017,105843,106785,109101,111136,113264,114776,116450,118562,121543,124156,126988,130430,132860,134574,134308,134894,135686,137167,140478,143734,147263,148663,150175,151943,153212,153361,152492,151784,150737,149076,146844,145604,145977,147701,149329,150553,151565,152340,153079,153984,155472,156600,157341,158635,160662,163566,165534,167284,168331,169624,169667,169820,169885,171297,172791,174159,174654,173300,171446,169539,169731,170233,171781,173221,175658,178270,180637,182456,183468,183658,183791,184484,185362,186076
74832,OK,Lincoln County,"Oklahoma City, OK",47527,47416,47162,46807,46715,46638,46918,47250,47931,48483,48932,49263,49438,49170,48511,47894,47898,48672,49156,49255,49097,49219,49399,49314,49176,49010,48918,48772,48593,48558,48526,48713,48751,48957,48993,49092,49141,49206,49239,49347,49467,49724,49884,49915,49900,49858,49985,49989,50083,50023,50197,50340,50639,50803,51107,51388,51888,52100,52345,52314,52233,52072,51934,52068,52360,52852,53246,53439,53522,53691,53927,54061,54001,54015,53991,53993,54002,54219,54540,54724,54894,55056,55455,55738,55918,55961,56109,56257,56551,56734,57133,57374,57686,57925,58180,58301,58432,58528,58659,58741,58834,59123,59583,59856,60102,60053,60238,60224,60308,59544,58591,57796,57792,58060,58340,58565,58626,58463,58824,59290,59420,58524,57405,56516,56231,56182,56389,56720,57002,57158,56258,55238,53859,53372,52986,53258,53593,53953,53958,53949,53934,53513,52852,52220,52291,52799,52863,52167,51519,51583,52346,52732,52463,51880,51483,51373,51260,51208,51550,52134,52795,53694,54761,56145,57045,57524,57404,57408,57661,58197,58541,58837,58700,58337,58314,58798,59550,59866,60137,60327,60349,60388,60667,61606,62594,63630,64713,65474,67101,68826,70881,72220,73356,74869,76216,77656,78355,79081,79067,78875,78465,78804,78773,78494,77956,78374,79340,79593,79208,78103,77511,77662,78677,80266,81607,82804,83555,83687,84176,85499,87391,88556,89122,89582,90711,91888,94097,96447,98314,99065,99277,99527,100682,102205,103972,105082,105610,106305,107515,109208,112063,114414,116253,116824,116515,115667,114690,114471,115219,116401,118524,121062,123772,126042,128147,130194,132544,134980,136712,138015,138492,139875,141732,144120,146914,149240,151425,151976,152760,153837,155282,155731,155366,154968,154826,155044,155717,156383,157539,158450,159746,160756,161692,162440,162911,162971,162407,161585,161106,161877,163478,165337,166719,167746,168894,170271,171527,172756,173744,174867,175804,176794,177284,176948,176084,175834,176259,176731,177066,176681,176095,175495,176102,177751,179266,179841,179605,179550,179617,179521
74834,OK,Lincoln County,"Oklahoma City, OK",64999,64944,65015,65045,65107,65122,65103,65156,65207,65513,65874,66375,66732,66978,67120,67311,67559,67882,68262,68702,69183,69681,70049,70356,70523,70777,70842,71024,71277,71704,71914,72151,72326,72579,72722,72868,73067,73205,73369,73608,73956,74249,74367,74459,74690,74986,75254,75418,75743,76106,76510,76906,77211,77498,77671,77916,78325,78788,79256,79606,79946,80315,80746,81226,81774,82221,82658,82936,83231,83483,83864,84264,84644,84986,85310,85674,85975,86212,86281,86397,86620,87064,87602,88168,88649,88952,89235,89517,89826,90102,90418,90664,90899,91141,91458,91756,92054,92384,,,,,87303,87456,87527,87520,87704,87860,87972,86761,85377,84195,84140,84482,84761,85029,85057,85068,85264,85558,85591,84372,82810,81321,81015,80994,81241,81479,81644,81730,80529,79036,77208,76572,76330,76907,77697,78413,78643,78655,78746,78165,77528,76874,77058,77605,78362,78859,79235,79280,79467,79442,79594,79627,79924,80173,80484,80657,81225,81856,82592,83320,84065,84864,85261,85567,85841,86018,86383,86662,86900,87068,86953,86777,86652,86879,87504,88075,88924,89758,90368,90907,91359,92182,92897,93718,94612,95212,96188,97072,97664,97640,97802,98536,99537,100257,100946,101595,102022,102269,102132,102275,101821,100796,99420,98433,98100,98030,98128,98235,98414,98784,99566,100645,101793,103280,104686,105920,106953,107906,108446,108465,108430,108826,109765,110736,112376,114030,114808,114942,114828,115247,115953,116733,117631,118239,118326,118660,119186,120315,121944,123801,125516,126559,126588,126168,125834,126321,127581,129532,132285,135520,138922,142056,144828,147054,149338,151955,153941,155453,156310,158156,160531,162932,166068,169104,172710,175339,178161,180430,181900,181573,180562,179779,179492,179329,179242,179511,180951,182778,184535,185464,185668,185617,185335,185324,185617,185655,185938,186979,189052,191190,192433,193152,193695,194427,194916,195155,195729,197009,198732,200193,200714,200070,199069,198720,199838,201184,202553,203179,203805,204624,206031,207539,209036,210138,210781,211011,210773,210479
74851,OK,Pottawatomie County,"Shawnee, OK",72649,72875,73154,73702,74256,74629,74905,75004,75114,75224,75497,75912,76439,76844,77244,77575,77983,78242,78389,78522,78695,78859,78911,78862,78873,79027,79352,79773,80173,80543,80733,80963,81224,81702,82102,82502,82837,83125,83500,83831,84255,84570,84704,84741,84729,84857,85037,85343,85791,86198,86436,86667,86865,87009,87132,87416,87828,88093,88347,88612,89027,89463,89945,90420,90989,91622,92260,92686,92979,93221,93611,93431,93556,93852,94768,95537,95925,96335,96522,96885,97161,97466,97812,98282,98710,98917,98977,99138,99434,99783,99887,99997,100131,100510,100883,101136,101078,100944,100897,101232,101740,102561,103509,104582,105275,105638,104587,103439,102282,102164,102099,102114,102255,102662,103042,103335,103472,102898,102365,101698,101598,101487,101431,101502,101805,101990,102310,102486,103025,102627,101894,100778,100216,99736,99365,99221,99150,99083,99359,99926,100704,100238,99264,98055,97836,98228,98644,98916,99329,99943,100582,100911,101277,101931,102809,103723,104098,103650,103017,102806,103215,103732,104198,104745,105241,105822,106238,106890,107238,107470,107449,108013,108843,109710,110283,110692,110924,110993,111436,112133,112670,112918,112829,113441,114574,116287,117704,118326,118921,119542,120276,120325,120217,120334,120699,121038,121076,121066,120786,120599,120441,121076,121750,122232,122017,121896,121885,121636,121555,121696,122396,123080,123943,124819,125698,126670,127762,128761,129885,131102,131879,131780,131027,130350,130344,130798,131547,131879,131054,129969,129403,130057,131101,132699,134788,136970,137899,138736,139693,141823,144269,146929,149469,151540,152220,151869,151452,152289,153834,155402,157027,159036,161286,163962,166878,169552,172420,175447,177895,179988,180693,182068,183199,184823,187751,191364,195590,198401,200323,201995,203147,203849,204034,203932,203741,203189,202557,202374,202950,204582,206368,207609,208167,208714,209714,210947,211573,211592,211615,212625,214473,216545,217804,218880,219912,221428,222342,222971,223552,224791,225864,226761,226879,226622,226272,225999,226324,226568,227626,228653,229952,231191,232527,233468,233684,233321,233086,233421,233883,234613
74852,OK,Pottawatomie County,"Shawnee, OK",42707,42745,42709,42698,42784,42785,42829,42816,42891,42861,42658,42510,42436,42476,42483,42498,42484,42731,43182,43833,44353,44670,44813,44989,45166,45484,45676,45728,45766,45877,46225,46708,47339,47979,48377,48554,48649,48779,49018,49042,49038,48944,49024,49122,49321,49607,49922,50190,50409,50571,50732,50907,51226,51533,52004,52433,53043,53596,53990,54054,54252,54629,55054,55329,55698,56315,56858,57271,57705,58199,58589,58740,58653,58561,58473,58606,58838,59118,59276,59465,59822,60190,60538,60553,60748,60792,60946,61024,61252,61589,61772,61944,62288,62968,63503,63716,63710,63791,64141,64548,65298,66674,68396,70127,71041,71535,71013,70375,70399,71185,72030,72409,72621,73094,73473,73777,74060,73534,73207,72455,72244,71780,71364,71041,70813,70728,70722,70671,71442,72108,72941,72900,72764,72440,72047,71958,72106,72376,72674,73230,73775,73554,72633,71421,71025,71442,72453,73076,73287,73066,72774,72364,72226,72193,72703,73234,73637,73493,73401,73482,73845,74216,74693,75374,76057,77198,78057,78779,79408,80389,81252,81541,81415,81337,81268,81171,81100,81658,82563,84106,85354,86568,87437,88318,89117,89603,89563,89088,89380,90625,91909,92125,91675,91196,91192,91377,91699,92011,92287,92423,92214,92414,93370,94816,95854,96402,96765,96929,97463,97819,98482,98947,99549,100233,100492,100552,100646,101118,102214,103160,103664,103434,103001,102613,102379,102213,102120,102079,100967,99615,98817,99903,101662,104045,106670,109339,110585,111434,112774,114991,117023,118951,120746,122976,124153,124835,125957,128221,131441,133809,136453,139533,143517,147920,152568,156467,160392,164807,167819,170279,170486,171611,172824,175023,179727,184100,188564,191206,193207,194510,194024,193005,190992,189379,187552,185941,184112,183100,183249,184709,186193,187373,188429,189886,191279,192036,192674,192983,193388,194412,196518,199676,201807,203391,204302,205863,206097,206446,206370,208279,209429,210552,210074,208687,206437,204925,205870,207144,209016,209556,210979,212331,213895,215462,216615,217006,217036,217293,217767,217656
74855,OK,Lincoln County,"Oklahoma City, OK",68739,68474,68596,68658,68902,69228,69600,70173,70628,71186,71674,72283,72883,73484,73823,74097,74329,74734,74982,75163,75291,75629,76036,76391,76724,76990,77050,77255,77567,78094,78249,78435,78656,78910,79077,79091,79317,79472,79680,79944,80283,80635,80761,80799,80863,81055,81361,81678,82067,82369,82564,82808,83005,83194,83167,83261,83640,84212,84752,85086,85451,85953,86542,87014,87513,87994,88584,89023,89412,89682,89932,90214,90592,91110,91641,92094,92495,92811,93045,93218,93434,93831,94296,94855,95318,95751,96168,96582,97028,97490,98011,98429,98907,99232,99526,99576,99715,99900,,,,,94954,95176,95421,95651,95904,96264,96658,95856,94737,93591,93463,93812,94199,94660,94923,95318,95851,96312,96546,95658,94664,93498,93409,93434,93808,94028,94362,94415,93362,91832,90243,89622,89422,90110,91148,92165,92701,93079,93512,92837,91875,90827,90852,91496,92312,92801,93061,93113,93103,92971,92749,92799,93328,94267,95176,95695,96183,96630,96973,96990,96850,96957,97046,97536,97892,98496,98755,99082,99243,99885,100088,100663,101238,102304,103157,103597,104388,105104,105278,105379,105877,107330,108612,109733,110806,111726,113172,114694,116078,116139,116077,116369,117306,118333,118943,119215,119025,118736,118488,118767,118388,117642,116393,115739,115570,115637,116185,116901,117785,118660,119832,120854,121767,122679,123443,123477,123471,123686,124391,124653,124988,125267,125820,126050,127041,127919,128177,127757,127533,127948,128762,129813,131087,132026,132411,133134,134473,136487,139202,141827,144009,144784,143801,141845,140271,140170,141264,142876,145266,148268,151763,155595,159505,163106,166765,170355,172648,173729,173560,174509,176039,178086,181785,186226,191500,195179,198089,200460,201902,201759,200136,198239,196612,195453,194569,194241,195326,196975,198706,199312,199430,199728,200214,200500,199995,198977,198127,198880,201255,204369,206085,206883,207715,209334,210421,210575,210456,210953,211877,213047,213358,212625,211117,210164,210560,211244,212362,213304,214731,216307,217916,219928,222043,223673,224262,224289,223945,223615
74864,OK,Lincoln County,"Oklahoma City, OK",56205,55978,56214,56556,57145,57689,58305,58794,59138,59205,59406,59698,60079,60407,60604,60821,61095,61566,62077,62607,62865,63160,63444,63787,64007,64309,64516,64803,64986,65287,65636,65891,65969,65987,66130,66394,66596,66753,66917,67108,67251,67424,67531,67578,67630,67799,68191,68689,69096,69418,69646,69955,70244,70559,70969,71409,71811,72128,72378,72684,72927,73321,73718,74153,74540,74987,75543,76050,76364,76515,76632,77061,77494,78033,78393,78781,79097,79390,79616,79822,80002,80285,80561,80889,81196,81564,81900,82226,82484,82775,83062,83347,83595,83803,83989,84123,84215,84211,,,,,80031,80424,80797,81003,81036,80992,81069,80197,79115,78102,78023,78391,78846,79359,79662,79778,79980,80242,80480,80131,79682,79170,79265,79291,79424,79442,79466,79436,78757,77971,77154,76975,77029,77452,77992,78524,78786,78906,78980,78212,77230,76243,76147,76511,77275,77911,78408,78175,77792,77286,77202,77440,78006,78615,79085,79381,79931,80411,80612,80487,80732,81428,82249,82870,83176,83314,83299,83759,84141,84810,84659,84339,83716,83456,83362,83452,83948,84714,85523,86317,87127,88147,89177,89913,90343,90389,91336,92851,94599,95534,96608,97718,99170,100073,100983,101522,101581,101185,100747,100736,100337,99228,97861,96973,96595,96464,96481,96766,96980,97161,97335,97861,98459,99089,99301,99423,99686,100321,100638,100800,101035,101734,102587,102922,103798,104840,105322,105154,104995,105438,106175,107114,108477,109733,110214,110919,112145,114307,116885,119155,121052,122217,122293,121737,121040,121192,122200,123572,125964,128554,131343,133549,135635,137478,139309,141432,142806,143999,144243,145464,147142,149474,152554,155674,159066,161246,163153,164987,166936,167812,167758,167257,166952,166539,166208,166258,167031,167878,168490,168685,168899,169395,170186,171069,171807,172353,172593,173605,175158,177607,179533,181013,182195,183594,184818,185698,186429,187721,189018,190099,189882,188485,187160,186471,187160,187252,187726,187962,188922,190276,192203,194094,195581,196011,195760,195058,194206,193300
74869,OK,Lincoln County,"Oklahoma City, OK",30363,30290,30300,30366,30457,30612,30655,30623,30512,30598,30924,31335,31583,31586,31522,31612,31759,32000,32181,32555,32918,33300,33668,33959,34185,34345,34423,34572,34797,35091,35203,35203,35307,35510,35673,35728,35992,36314,36593,36835,37043,37269,37337,37395,37572,37769,38100,38426,38751,38993,39157,39327,39582,39687,39776,39719,39949,40138,40331,40599,41052,41735,42290,42724,43026,43149,43262,43249,43354,43509,43798,44168,44483,44817,45173,45479,45756,45931,46119,46166,46213,46372,46651,47067,47489,47938,48395,48750,49149,49360,49610,49659,49786,49815,49940,49882,49861,49879,49306,48355,47595,47540,47890,48231,48568,48885,49013,49302,49744,49805,49816,49668,49837,50160,50652,51102,51422,51544,51919,52157,52640,52816,53118,53209,53628,54269,55039,55607,55728,55834,55630,55428,55003,54889,54925,55431,56124,56723,56966,57018,57099,56176,54857,53588,53475,54292,55320,56337,56813,56418,55433,53912,52773,51948,51965,52466,53283,54108,55105,56280,57169,57553,57189,56882,56872,57340,57830,58181,58658,59561,60634,61910,62306,62195,61778,62024,62615,63539,64826,66455,67860,68783,68916,69314,69711,70225,70196,69978,70048,69708,69363,70010,71381,72824,73536,74483,76220,79050,81337,83473,85253,87755,88971,87766,84115,80270,77638,76106,74824,73903,74915,77267,79521,81380,82905,85010,86729,87604,88259,88778,89915,89971,90152,89825,90958,92511,95842,98970,101488,103141,104772,106490,107641,108575,109069,108908,107507,106205,105625,106047,107387,109564,112153,114092,114879,114179,113643,113341,114440,115533,117774,120049,122938,125892,129724,134070,138330,142174,143557,143561,142157,141980,143113,145536,150526,156587,162939,167410,170613,173015,173687,172045,169560,167699,166491,165006,164365,165760,169589,173673,176360,177328,177083,176483,175921,175221,173746,171462,169925,170941,173563,177332,180032,182403,183601,184370,184032,182599,181657,182331,184651,187336,188280,187310,185276,184302,184813,185770,187004,187203,187027,186613,187598,189775,192633,195294,197301,199079,199794,199928
74873,OK,Pottawatomie County,"Shawnee, OK",49803,49885,49946,50096,50273,50493,50684,50761,50802,50827,50898,51071,51339,51672,51924,52119,52296,52504,52830,53173,53491,53730,53909,54108,54258,54428,54583,54732,54862,55048,55302,55674,55952,56287,56526,56755,56847,56988,57174,57347,57466,57494,57537,57598,57761,57949,58147,58353,58520,58669,58733,58856,59030,59242,59494,59720,60018,60234,60360,60397,60467,60690,61014,61363,61691,61995,62325,62569,62843,63060,63287,,62618,62613,,63751,64017,64247,64419,64674,64950,65214,65429,65648,65854,66014,66110,66252,66463,66682,66767,66851,66971,67317,67634,67887,67865,67786,67728,67993,68454,69301,70235,71211,71875,72289,71667,70795,69877,69667,69622,69652,69783,70072,70492,70890,71180,70227,69093,67816,67495,67310,67088,66924,66868,66767,66608,66356,66369,65813,65096,64306,64073,63989,63796,63822,63929,64147,64441,64919,65435,65408,65009,64558,64495,64718,64888,65093,65426,65914,66312,66407,66378,66438,66822,67316,67754,67899,68200,68182,67932,67418,66991,66841,66854,67080,67224,67220,66947,66539,65850,65151,64818,64757,64932,64846,64647,64786,65519,66945,68468,69660,70428,71228,72434,73548,74168,74185,74376,74778,75054,74958,74933,75260,75791,76396,76886,77271,77265,76995,76661,76787,77209,77756,77945,78021,78088,78057,78242,78453,78910,79371,79901,80434,80778,80868,80941,81208,81890,82614,82985,82896,82830,83016,83488,83862,84267,84482,84032,83530,83566,84805,86205,88040,90022,92358,94187,95875,97684,99796,101597,102998,104392,106376,107586,107543,106721,106811,108024,109501,110840,111761,112874,114331,116381,118179,120160,122671,124998,127090,127986,129096,129988,130678,132106,133905,136386,138004,139197,140534,141903,142948,143563,143896,143918,143312,142624,142487,143254,144513,145921,147141,148031,148653,149061,149723,150414,150865,151046,151517,152405,153489,154386,155537,156735,157774,158042,158310,158658,159539,160370,161305,161996,162158,162216,162172,162495,162745,163727,164723,166009,167434,168922,170372,170733,170566,170374,170690,170964,170925
74875,OK,Lincoln County,"Oklahoma City, OK",63612,63308,63116,63137,63799,64617,66053,67736,69577,70552,71278,72071,72838,73058,72454,72160,72363,73528,74368,74793,75116,75371,76317,77287,78275,78649,78783,79145,79316,79477,79182,78894,78849,79438,80198,80632,80715,80565,80625,81247,81888,82189,81383,80855,80752,81127,81567,81520,81689,81200,80721,80710,81360,82341,82832,83302,83611,83553,83507,83397,83726,84188,84942,86153,87067,88147,88808,89611,89932,90320,90523,90795,90586,90506,90624,91023,91498,91694,91685,91584,91834,92516,93084,93613,93660,94041,94281,94813,95264,95830,96490,97040,97580,98208,98708,99156,99290,99347,,94927,92678,92374,92460,92886,93386,94265,94714,95092,95010,94257,93557,93048,93172,93171,93269,93619,93812,93763,93766,93936,93917,92731,91513,90574,90717,90974,91289,91663,92015,92129,90485,88461,86218,85755,85804,86784,87825,88573,88718,88653,88707,88141,87219,86288,86390,87526,88999,89660,89688,89404,89397,89468,90077,91071,92603,93523,94006,94079,94583,94921,94213,93300,92787,93210,93062,92845,92561,92792,93119,94246,95606,97017,96992,96660,96854,97802,98502,98698,98752,99136,99019,99255,99774,101073,101733,102256,103173,104437,106549,108444,109888,109806,109539,109972,111247,112342,113662,115108,116257,116692,116444,116838,116333,115243,113609,112379,111962,111860,112860,113930,115005,115654,116580,117424,118688,119799,120676,120009,119260,119093,119552,119245,118536,118102,118947,119947,121799,123457,124187,123974,123463,123031,123335,124059,125300,126085,126121,126974,128353,130399,133081,135607,137348,137004,134903,132075,130501,130683,131931,132912,134986,137728,141246,144088,147161,150002,153455,157369,159766,160989,160392,161177,162722,165643,170468,175940,181393,184628,186239,186624,185932,183986,181819,180365,179796,180131,181001,182705,184981,186846,188034,188739,189036,189667,189464,188912,187147,185139,183484,183802,185465,187806,189020,190034,191423,193570,194893,194930,194130,194044,193980,194078,192643,190063,186984,185065,185506,186827,188264,188378,187529,186833,187560,190307,194080,197743,200482,202426,203367,203747
74878,OK,Pottawatomie County,"Shawnee, OK",45599,45996,45810,45497,44965,44498,44292,44039,44000,44040,43903,43966,44086,44375,44447,44389,44221,44392,44609,45021,45272,45579,45808,46045,46346,47013,47539,47764,47923,48254,48884,49546,50289,50805,50951,50955,51185,51420,51712,51666,51619,51310,50969,50819,51263,51880,52237,52168,52288,52667,53025,53317,53515,53475,53557,53741,54383,54746,54951,54895,55254,55804,56366,56773,57234,57999,58774,59436,60151,60687,61097,61171,61355,61676,61847,62058,62078,62367,62545,62714,62825,62739,62881,62926,63166,63060,62944,62854,63097,63494,63625,63580,63659,64198,64660,64808,64727,64803,65485,66349,67602,69196,71089,72681,73132,73036,72162,71731,72296,73583,74364,74581,75085,76292,77246,77724,77762,77328,77224,76795,76297,75489,75066,74788,74988,75319,76266,76807,78371,80172,82483,83482,83278,82412,81546,81635,81984,82342,82525,83115,83832,83244,81805,79551,78669,78458,79396,80159,80157,79798,78978,78650,78124,77585,77175,77421,78186,78888,79404,79932,80158,80531,80543,81148,81509,82439,83310,84328,85290,86087,86961,87635,88358,88615,88856,88985,89165,89392,89937,91057,92369,93425,94121,94688,95292,95565,95410,95056,95539,96621,97359,97349,97080,97346,97814,98326,98468,98638,98473,98015,97236,97185,97972,99186,99932,100268,100717,100985,101629,101735,102273,103086,104272,105275,105322,105229,105246,105950,107136,108424,109140,109244,108734,108284,107812,107515,107202,107120,106351,105430,104832,105369,106661,108516,111088,113433,114686,116085,118353,121637,124292,126346,127513,129179,129416,128741,127842,128797,131858,134769,137815,140445,143292,146324,149883,153375,156966,161041,164048,166529,166912,168000,169160,171380,175684,180498,185852,189434,191863,193576,193809,193179,191434,189893,188175,185956,183072,180982,180797,182837,185603,187601,188785,189562,190551,191542,192571,193058,192831,192999,193902,196036,196972,197727,198628,201210,203028,204484,205276,207918,210414,212752,213374,212343,210855,209733,210758,212044,213895,214383,215073,215663,216898,218206,218916,218516,217615,217252,217558,218420
74881,OK,Lincoln County,"Oklahoma City, OK",61153,61145,61171,61093,61022,61017,61081,61237,61488,61973,62522,63028,63409,63684,63865,63978,64153,64548,64992,65453,65724,66115,66319,66486,66465,66674,66858,67108,67369,67629,67913,68169,68390,68710,68910,69269,69635,70007,70332,70469,70713,70777,70853,70740,70768,70834,71074,71280,71670,71970,72262,72534,72849,73276,73644,74063,74529,74952,75278,75644,76167,76737,77238,77599,77963,78258,78526,78834,79048,79298,79536,79916,80334,80802,81347,81801,82247,82480,82589,82726,83041,83555,84122,84748,85271,85577,85833,86023,86328,86701,87189,87550,87820,88132,88562,88878,89116,89331,,,,,83202,83502,83730,83852,84316,84859,85100,84168,83011,82146,82046,81898,81756,81737,81768,81886,82098,82450,82548,81701,80697,79559,79427,79425,79679,79823,79998,80063,78994,77538,75972,75436,75409,76298,77422,78290,78471,78583,78894,78632,78046,77271,77191,77682,78312,78531,78431,78233,78251,78369,78505,78814,79492,79999,80379,80339,80707,81173,81519,81637,81444,81604,81892,82520,83002,83236,83385,83772,84492,85575,86180,86800,87677,88816,89526,89438,89304,89549,90060,90876,91883,92982,93701,94360,94999,95400,96054,96787,97489,97607,97981,98921,100158,100881,101271,101592,101815,102204,102653,104051,104554,103948,102289,101134,100829,100852,101216,101687,102177,102653,103374,104086,104774,105689,106391,106620,106887,107545,108261,107727,107081,106400,106534,106444,107585,108943,109777,109648,108959,108588,108961,110436,112546,114184,114711,115228,116011,117622,120259,123063,125247,125827,124703,123185,122275,122620,124052,125693,128556,131804,135505,139132,143016,146935,150649,153843,155675,156720,157069,158415,160507,163053,167152,171349,175593,177686,179634,181466,182884,181704,179211,176939,175688,174526,173760,173756,175433,177248,178886,179473,179107,178069,176729,175719,174865,174036,173393,173895,175582,177507,178503,178816,179292,180634,181548,182000,181898,182513,183621,184979,185424,184549,183103,182222,182859,183950,185173,185745,185786,185753,186630,188756,191405,193018,193433,193244,192802,192694
75090,TX,Grayson County,"Sherman-Denison, TX",,,,,,,,,,,,,,,,,,,,,,,,,,,,,,,,,,,,,,,,,,,,,,,,,,,,,,,,,,,,,,,,,,,,,,,,,,,,,,,,,,,,,,,,,,,,,,,,,,,,,,,,,,,,,,,,,,,,,,,,,,,,,,,,,,,,,,,,,,,,,,,,,77881,78286,78620,78995,79313,79371,79581,79167,78892,78416,78498,78836,79824,80830,81806,82553,83635,84593,85357,85134,84478,83510,83259,83660,84932,86563,88001,89045,89924,90691,91427,91154,90442,89493,89485,90233,91387,92755,94274,95687,97079,98344,99752,100941,102001,102765,103556,104644,105422,105650,105497,105651,106423,107214,108431,109639,110921,111804,112888,114133,115600,116688,117510,118477,119829,121384,123286,125018,127121,129284,131739,134220,136121,137794,139814,142345,145042,147108,148942,149892,150671,150754,151447,152227,153094,153628,153999,154310,154618,154854,154923,154911,154958,155406,155935,156423,156894,157843,159339,160969,161555,161446,161569,163398,166310,169254,171472,173079,175590,179016,183529,187853,191855,195604,198674,200940,201705,202798,204887,208161,212832,218683,224918,229695,232840,235086,236908,237423,236812,235730,235466,236128,237372,238577,239679,240913,242059,242348,241522,240587,239922,239418,238227,236852,236761,238504,241384,243654,244672,244944,244124,242835,240443,238215,236525,236573,237950,239289,239694,238363,236008,233189,230145,227281,224587,222473,220939,219941,219397,219232,218614,217185,214867,211776,208964,206753
75092,TX,Grayson County,"Sherman-Denison, TX",,,,,,,,,,,,,,,,,,,,,,,,,,,,,,,,,,,,,,,,,,,,,,,,,,,,,,,,,,,,,,,,,,,,,,,,,,,,,,,,,,,,,,,,,,,,,,,,,,,,,,,,,,,,,,,,,,,,,,,,,,,,,,,,,,,,,,,,,,,,,,,,,121287,121504,122043,122678,123553,124178,124937,124726,124258,123839,124265,125008,125975,126915,128071,129162,130610,131842,132779,132554,131993,131221,131140,131520,132449,133523,134500,135157,136084,136794,137747,137691,137372,136784,137068,137821,138733,139623,140546,141520,142934,144554,146273,147411,148495,149761,151264,152900,154187,155174,155906,156758,158058,159280,160729,161889,163424,164993,166936,168792,170571,171975,173315,174657,176049,177250,178260,179334,180661,182273,184061,186069,187983,189700,191536,193351,195260,196634,198204,199195,200050,200054,200169,200386,200941,201764,202534,203188,203543,203579,203484,203586,204110,205049,206150,207108,208140,209202,210501,211308,211465,211274,211702,213190,215568,218145,220867,223535,226818,230673,235097,239184,243344,247790,252433,256271,258952,261368,264425,268253,273312,279359,285710,291841,297084,301977,305158,306109,305199,304013,303732,304101,304766,305129,305423,305689,306021,306283,306179,306434,306911,307348,307151,306382,306495,307971,310347,312269,313269,313488,313026,312209,311512,311108,311030,311359,312103,312586,312234,310871,308962,306728,304452,302238,300271,298630,297422,296586,295986,295624,294940,293790,291826,289594,287554,285946
75172,TX,Dallas County,"Dallas-Fort Worth-Arlington, TX",105269,106271,104436,102324,100372,99820,100932,101694,102590,102552,101826,101863,101334,99162,96931,95838,96705,96513,96195,94937,95088,94205,92760,89547,86128,84498,84520,84223,82808,81574,81807,83306,84891,85929,85986,85087,84596,84848,86120,87138,87606,87216,86326,84865,82515,79884,78509,78555,80094,81596,83399,84898,86192,86088,84076,83126,84075,86240,86067,84153,83679,82902,80695,75635,72058,70244,69975,69575,69211,68625,68888,69700,70605,70632,70568,70685,71557,72494,73431,72524,70585,68357,66888,66174,64758,63570,62332,62564,62785,62730,62186,61045,60154,59173,59638,59578,59773,59467,59923,60291,60668,61620,61964,61182,59329,57645,56375,55436,55212,55527,55756,55078,54081,53168,53035,53680,54830,55874,56261,55811,54499,53310,52298,51736,51011,50068,48790,47275,45933,45340,45221,45688,45729,45579,44694,44442,43959,43989,43656,43631,43614,43855,44162,44527,44854,45922,47449,49283,50619,51571,52070,52412,52701,53304,53832,54069,53978,54008,54296,54991,55587,56137,56303,56881,57462,58564,59142,59681,59663,59991,60541,61580,62497,63270,63601,63754,63989,64618,65621,66584,66946,67244,67411,68072,68753,69625,70603,71710,73280,75091,76828,78127,78980,79742,80611,81940,83452,84804,85843,86386,86682,87013,88022,89345,90681,91334,92084,93093,94421,95530,95931,95741,95374,95041,95626,96575,97975,99348,101403,104060,107005,109788,112722,115851,118431,120211,121085,121851,121434,120282,119083,118977,120690,123219,127149,131562,135927,139273,141872,144101,146363,148709,151347,153901,155032,154823,153906,154556,157093,160723,164037,166774,169209,172460,176382,180354,183396,185573,186006,185033,183970,184646,186731,188784,193176,200165,208624,215590,220212,223949,226616,228163,229345,230749,231884,231602,229221,226555,224899,224887,225651,226374,226681,227707,228649,230321,231027,231374,231701,233289,235560,237225,237295,236254,235370,234915,234881,234711,234457,234633,234544,234601,233462,231311,227917,224879,222690,221379,220646,220444,220785,221415,222800,224314,225235,224403,222337,219978,218221,217223
75407,TX,Collin County,"Dallas-Fort Worth-Arlington, TX",127212,126576,126261,125731,125287,124809,124469,124254,124285,124168,124214,124300,124085,124046,123220,122504,121513,120819,120306,120036,120496,120828,121034,120653,120623,120635,120709,120622,121106,122137,123275,124265,125013,125658,126218,126601,126569,125960,125417,125386,125740,126410,126791,127288,127180,127159,126913,126928,127311,129337,131842,134324,135231,135598,136173,136530,137058,136988,136432,136024,135425,135399,134968,134631,134199,134610,135515,136493,136807,136906,137219,137505,137552,137541,137732,138348,139740,140383,140553,139783,139820,140178,141389,141177,140049,137623,136558,137338,138128,138946,139269,140295,141320,142039,143216,143906,143565,142226,141256,141141,141221,140895,140243,138950,137631,136646,136168,135649,134969,134362,133870,132964,132017,130860,130302,129310,128611,127626,127746,128545,130015,130975,131360,131952,132462,132664,131928,130565,129173,127603,126222,125081,124272,123900,123615,122696,121718,120932,120726,120828,120883,121522,121851,121916,121738,121999,122711,123733,125058,126478,127538,128216,128790,129333,129705,129965,130567,131392,132486,133400,134829,136766,138728,140768,142083,143657,145178,147310,149777,152262,154708,156620,158289,160227,162521,164748,165939,166414,166500,166993,167718,168746,169587,170288,171453,172941,174818,177173,179728,182353,184355,186190,188306,190304,192081,193835,195621,197384,198718,200240,202084,203875,205509,207180,209256,211297,213196,215017,216501,217913,219185,220973,222954,225007,226751,228263,229567,230872,232426,233845,235093,235664,236300,237055,238091,238937,239467,240037,240933,242011,242798,242867,242511,241750,240821,240140,239892,240324,240859,241584,242535,243642,244411,244503,243731,242867,242500,243182,244926,247511,250679,253961,257336,260892,265071,270120,276336,283122,289912,296088,301851,307582,313789,320853,329884,340328,351064,361073,369607,376787,380192,380234,377543,374115,370138,365528,360622,355934,352496,349982,348777,348321,347846,346880,345346,344273,343698,342969,342429,341978,342008,341782,340796,339390,338062,337337,336596,335507,334259,332916,331632,330278,328809,326659,323690,320349,317196,314664,312636,310545,307946,304871,301713,298775,295668,292605,289389,286531,284326,282665
75459,TX,Grayson County,"Sherman-Denison, TX",,,,,,,,,,,,,,,,,,,,,,,,,,,,,,,,,,,,,,,,,,,,,,,,,,,,,,,,,,,,,,,,,,,,,,,,,,,,,,,,,,,,,,,,,,,,,,,,,,,,,,,,,,,,,,,,,,,,,,,,,,,,,,,,,,,,,,,,,,,,,,,,,121008,121185,121499,121980,122818,123579,124208,123944,123612,123433,123757,124138,124712,125327,126212,127229,128889,130653,132127,132555,132344,131964,132020,132382,133001,133726,134614,135672,137071,138261,139365,139640,139597,139425,139858,140766,141878,143184,144572,145858,147362,149055,150924,152120,152952,153817,155186,156925,158501,159482,160390,161286,163022,164632,166679,168570,170516,172119,173655,175305,176766,177994,179478,181542,183868,185927,188149,190269,192235,194046,196021,198439,200389,201967,203367,204672,206112,207501,209341,210848,212070,212550,213161,214012,215323,216605,217253,217249,216579,215751,214912,214815,215331,216493,218091,219843,222079,224455,226577,227662,227266,226557,226505,227950,230588,233370,236142,238538,241716,245666,250365,255115,259806,264514,268706,272101,274523,276791,279789,283673,289690,296687,304234,310778,316364,320883,323107,322825,321068,319621,319357,319909,321100,322372,323638,324686,325603,326132,326025,325809,325906,326006,325436,324154,323635,324751,327056,329072,330031,330157,329422,328514,327449,327147,327114,327836,328994,330304,330989,330197,328034,325155,322209,319515,317128,315375,314188,313300,312504,311924,311139,309568,306798,302968,299172,296318
76031,TX,Johnson County,"Dallas-Fort Worth-Arlington, TX",,,,,,,,,,,,,,,,,,,,,,,,,,,,,,,,,,,,,,,,,,,,,,,,,,,,,,,,,,,,,,,,,,,,,,,,,,,,,,,,,,,,,,,,,,,,,,,,,,,,,,,,,,,,,101842,101890,102670,103353,104005,103550,102884,103067,103344,103775,103438,102955,102576,102417,102600,102846,103021,103500,104007,104165,103678,103459,103175,102465,101127,99247,98228,97272,96935,96237,95445,94839,95076,95654,95833,95941,96188,96826,96605,96086,95819,96099,96737,97193,97191,96780,96499,96888,97716,98314,98601,98771,99349,100482,101744,102875,102864,102548,102117,102666,104010,105397,106542,107529,108912,110434,111845,112880,113229,113144,113046,113849,114882,116192,117198,118167,119271,120560,122091,123140,123809,124252,125006,126461,128511,130818,132533,133973,135200,137093,138936,140453,141279,142032,143163,144933,146993,148797,149754,150845,152217,154075,156058,158192,159808,160310,160324,160707,161693,162897,165019,167376,169811,172020,174310,176520,178116,179150,180395,182116,183939,185295,186365,186919,187604,188235,189294,190389,191017,191655,192485,193665,196366,199904,204430,207344,208298,207796,207999,209872,213304,217558,221221,224312,226721,229959,233286,236605,240059,243718,247487,250906,254627,258416,263181,268432,275576,282474,288897,293264,296597,299682,301834,302500,301427,300196,298936,296619,293722,291109,290054,290075,290599,291926,292744,293401,292903,292567,292257,291846,291997,292450,293879,295043,295426,295128,294100,293710,293503,293771,294078,295252,296963,298261,297627,295256,292466,289919,287885,285683,284102,283108,283484,284255,285414,286301,286427,284972,282219,279646,278098,277600
76050,TX,Johnson County,"Dallas-Fort Worth-Arlington, TX",,,,,,,,,,,,,,,,,,,,,,,,,,,,,,,,,,,,,,,,,,,,,,,,,,,,,,,,,,,,,,,,,,,,,,,,,,,,,,,,,,,,,,,,,,,,,,,,,,,,,,,,,,,,,141675,142280,143112,143345,142527,141108,141147,143199,144396,144257,143133,142895,143360,143846,144187,145302,147075,149121,150325,150452,149078,147459,145711,143609,141771,139799,139541,138453,137190,135222,133788,132734,133028,134042,134616,135577,136800,138531,138371,137408,136950,137816,139423,141153,142155,142498,143110,144622,145840,145923,145063,144807,145227,146928,148809,151076,151601,151482,151162,152097,153768,155302,156442,157613,159039,161047,163250,165544,166925,167325,167854,169570,170972,171652,171472,172269,173160,174641,176201,178307,179578,180339,180685,182015,184122,186589,188502,190296,191811,193836,195418,196809,197088,197164,197246,198145,199592,201122,202056,203299,204611,206571,207991,209775,210823,211173,211159,211703,212896,213886,216093,218885,221671,223816,225674,227494,228628,229093,229970,231474,234037,236341,238339,239099,239881,240789,242422,243846,245024,246902,250106,253409,257336,261485,266471,269630,270394,270048,270717,273312,277397,281899,285778,289438,292869,297447,301330,305305,309338,314023,319977,326302,332668,337312,342256,348921,357656,366375,373950,381435,388096,394851,398342,398938,396082,394369,393008,390889,386632,382416,381896,384703,389635,393394,395607,396202,396060,395953,396683,397652,399601,401599,404547,407044,408437,408211,407105,406573,406748,407146,407515,408624,410039,411191,410006,406860,402857,398840,395826,393414,393318,394736,397992,400911,403434,405364,407320,408175,408172,407699,407781,408239
76058,TX,Johnson County,"Dallas-Fort Worth-Arlington, TX",,,,,,,,,,,,,,,,,,,,,,,,,,,,,,,,,,,,,,,,,,,,,,,,,,,,,,,,,,,,,,,,,,,,,,,,,,,,,,,,,,,,,,,,,,,,,,,,,,,,,,,,,,,,,136223,135932,135849,135455,135272,135204,135274,135943,136257,136448,136262,136258,136608,136833,137122,136975,136767,136158,135644,134630,133688,132956,132562,131857,130228,128341,127090,126516,126355,126270,126758,127126,127739,127962,127875,127576,127577,128284,129221,130166,131094,132119,133085,133676,133332,132749,132532,133233,133956,134295,134584,135293,136640,138301,139814,141124,141035,140626,140389,141389,143078,144953,146941,149019,150850,152577,154084,155393,155658,155379,155616,156992,158697,160046,161100,162205,163456,164947,166712,168157,168759,169042,169806,171866,174556,177512,179839,181853,183482,185172,186434,187468,188109,188878,189994,191908,194234,196463,198020,199849,201808,204136,206112,208288,210242,211915,213142,214509,216211,217950,220299,222592,224669,226060,227327,228806,229948,230719,231359,232676,234231,235252,235776,235742,236026,236332,237309,238601,239599,240536,241499,243099,245462,248510,251921,254210,255074,255244,256100,258122,261387,265351,269497,272809,275549,278571,282215,286584,291346,296260,301153,305480,309892,314053,318584,323611,330033,337061,344316,351014,357035,362923,367292,369415,368755,367509,366226,364500,361482,358346,356430,356254,357023,358442,359454,360672,361179,362006,362704,362865,363360,364230,366271,367930,368585,368370,367785,367627,367689,367834,368071,368517,369180,369394,368332,365981,363552,361465,359920,358452,357735,357472,358050,358824,360019,360825,361112,360333,359022,357892,357227,357045
76108,TX,Tarrant County,"Dallas-Fort Worth-Arlington, TX",95703,95714,95611,95494,95482,95728,96036,96369,96614,96990,97321,97647,97753,97684,97270,96775,96376,96383,96602,97071,97408,97591,97667,97793,97952,98062,98337,98715,99214,99628,100006,100412,100717,101066,101361,101813,102309,102544,102745,103009,103398,103793,104076,104438,104884,105364,105700,105766,106022,106688,,110030,111675,112743,113477,114074,114741,115153,115278,115369,115764,116355,116752,117019,117132,116979,116714,116691,116830,116713,116572,116395,116381,116358,116465,116725,117217,117810,118500,119092,119455,119929,120186,120667,120775,120739,120393,120153,120146,120408,120800,121098,121444,121848,122009,122102,121259,120389,119199,118519,117815,117403,117059,116703,115980,115099,114524,114013,113691,113360,113332,113523,113858,114156,114353,114317,114175,114227,114403,114680,114554,114440,114254,114404,114601,114689,114407,113823,113187,112457,111923,111447,111216,110493,110004,109333,108857,108077,107583,107283,107238,107182,107176,107026,106754,106699,106826,107172,107558,108071,108658,109058,109369,109794,110285,110706,111096,111623,112300,113030,113902,114832,115655,116348,116972,117705,118528,119396,120359,121422,122584,123601,124357,124915,125518,126153,126921,127706,128803,130006,131414,132926,134410,135676,136774,137826,139071,140197,141366,142506,143768,145166,146566,148110,149366,150714,151839,152949,153777,154777,156022,157528,159094,160684,162266,163795,165329,166966,168563,170189,171844,173547,175398,177176,179062,180807,182624,184481,186338,187830,189201,190363,191829,193105,194287,195112,195920,196999,198343,199714,200808,201495,202037,202693,203426,204280,205100,206182,207360,208672,210132,211439,212548,213116,213230,213288,213783,215021,217017,219411,222295,225264,228410,231671,235502,239768,244848,250316,255361,259136,261998,264983,268881,273121,279049,286206,294221,301827,308549,314377,318069,319086,318191,316329,314253,311561,308202,305111,302823,301734,301462,301831,302354,302672,302625,302699,302673,302687,302698,302817,302989,302969,302752,302412,302144,301964,301741,301125,300373,299744,299328,298750,297441,295669,293681,291997,290566,289520,288843,288371,288024,287909,287792,287815,287483,287034,286134,285002,283938,283378
76134,TX,Tarrant County,"Dallas-Fort Worth-Arlington, TX",74870,74881,74893,74892,74889,74954,75078,75427,75798,76310,76745,77156,77301,77252,76938,76699,76552,76620,76697,76799,76848,76806,76688,76570,76548,76568,76748,77004,77481,78088,78651,79027,79288,79671,80131,80559,80898,81121,81292,81544,81770,82070,82361,82806,83291,83707,83927,83872,83971,84398,85560,86770,87694,88087,88243,88492,88852,89204,89455,89786,90355,90949,91197,91543,91895,92356,92576,92905,93281,93300,93224,92956,92956,93023,93146,93225,93577,94083,94719,95071,95381,95973,96497,97074,97076,96908,96580,96522,96681,96925,97095,97128,97157,97192,97042,96789,95854,94900,93820,93219,92569,92077,91780,91564,91028,90354,89876,89429,88927,88287,88041,87971,88089,87930,87804,87607,87497,87280,87149,87175,87164,87230,87323,87620,87752,87772,87514,87090,86472,85773,85270,84756,84305,83395,82708,81807,81167,80274,79485,78742,78281,78110,78129,78196,78156,78230,78335,78683,79096,79720,80468,81112,81569,82023,82296,82450,82397,82484,82775,83332,84218,85233,86150,86855,87400,88081,88753,89390,90079,90914,91888,92732,93361,93848,94287,94763,95320,95907,96682,97510,98504,99685,100876,101915,102822,103780,104993,106180,107370,108421,109396,110591,111957,113644,114987,116241,117309,118447,119523,120775,122253,123905,125498,127175,128875,130562,131999,133348,134696,136134,137636,139103,140757,142455,144432,146408,148427,150490,152335,153675,154531,155220,156218,157336,158602,159701,160769,161818,163128,164534,165735,166615,167221,168063,168919,169967,170981,172023,173090,174031,175145,176207,177240,177842,177955,178127,178959,180465,182606,184884,187747,190580,193522,196355,199704,203323,207596,211958,215538,217719,219109,220987,223945,227419,232765,239188,246460,252894,258295,262766,265798,267116,267098,266352,265406,264016,261893,259928,258360,257826,257821,258509,259402,260487,261194,261749,261571,261277,261058,261054,261143,261294,261354,261411,261498,261568,261343,260445,259560,258942,258401,257532,256142,254744,253423,252161,250923,249897,249282,248924,248964,249024,249291,249426,249668,249673,249453,248872,248138,247531
76179,TX,Tarrant County,"Dallas-Fort Worth-Arlington, TX",133294,133426,133616,134018,134392,134714,134815,135046,135178,135421,135571,135674,135595,135363,134868,134312,133879,133872,134063,134437,134665,134720,134623,134632,134768,134928,135274,135789,136482,137224,137847,138311,138553,138797,139048,139349,139608,139584,139534,139748,140232,140809,141260,141733,142097,142324,142262,141959,142054,142807,144775,146943,148774,149784,150324,151134,152322,153479,154023,154316,154902,155800,156454,156947,157130,157141,156905,157151,157426,157262,156655,156081,156156,156553,156965,157279,157756,158412,159203,159749,160152,160892,161724,162539,162440,161883,161110,160899,161078,161473,161860,162085,162745,163399,163744,163747,162485,161010,158986,157719,156579,155876,155398,154837,153829,152633,151923,151379,151048,150728,150763,150995,151389,151598,151595,151515,151313,151209,151120,151229,151224,151144,150935,150955,150977,150946,150487,149694,148858,147829,146977,145983,145544,144627,144217,143533,143136,142415,141971,141845,141988,142052,141933,141749,141467,141436,141322,141288,141239,141353,141736,141935,142009,142243,142844,143629,144365,145199,146181,147067,147912,148731,149649,150516,151316,152257,153315,154515,155570,156614,157523,158265,158806,159364,160077,160871,161666,162425,163465,164661,166156,167667,169172,170364,171538,172617,173894,175223,176707,178317,180063,181827,183461,185033,186391,187867,189164,190537,191813,193182,194715,196313,197872,199502,201084,202824,204630,206638,208503,210198,211545,212761,214060,215640,217362,219183,220884,222672,224360,225923,227416,228675,229900,230892,231808,232698,233515,234391,235190,236064,236770,237329,237783,238188,238546,238895,239362,240117,241143,242350,243532,244529,245441,246053,246180,246161,246553,247806,249913,252674,256086,259733,263409,267008,271150,276028,281878,288076,294128,299399,304271,309302,314874,320466,326840,334119,342271,350950,359114,366313,370495,371257,369664,367280,364552,361026,356575,352407,348921,346458,345024,344446,344283,344030,343509,342972,342477,341831,341291,340817,340743,340524,339977,339279,338753,338567,338369,337815,336949,336012,335426,334664,333455,331796,330156,328588,327190,326019,325266,324651,324206,323904,323472,323017,322449,321658,320458,319120,318238,317788
76502,TX,Bell County,"Killeen-Temple, TX",,,,,,,,,,,,,,,,,,,,,,,,,,,,,,,,,,,,,,,,,,,,,,,,,,,,,,,,,,,,,,,,,,,,,,,,,,,,,,,,,,,,,,,,,,,,,,,,,,,,,,,,,,168936,168189,167633,166268,165095,164167,163769,163605,163295,162555,161843,161565,161775,161921,161752,161606,161659,161849,161907,161962,161885,161980,162176,162573,162927,162898,162687,162260,161904,161606,161330,161285,160972,160808,160633,161021,161060,160580,159445,159053,159127,159261,158744,158092,157757,157741,157770,157689,157754,157905,158132,158244,158253,158245,158106,158255,158435,158511,158523,158613,158987,159156,159427,159624,160067,160320,160481,160398,160512,160768,161114,161235,161353,161805,162504,163051,163448,163589,163810,164036,164545,165198,165964,166571,167122,167574,168232,168864,169360,169548,169936,170404,171004,171413,171796,172132,172437,172809,173328,173763,174049,174208,174471,174734,175125,175529,176005,176396,177013,177812,178708,179579,180274,181314,182329,183387,184135,185012,185938,186923,187681,188748,189784,190581,191054,191483,192048,192501,192988,193480,194064,194591,195310,196011,196824,197668,198792,200039,201071,201745,202320,203455,205054,207108,209249,211712,214219,216997,219804,222999,226526,231002,236002,241644,247141,252692,257886,263182,268496,274272,280370,286955,294128,301606,308741,313663,315736,315267,313864,311955,309640,307064,304660,302574,301025,299838,299122,297906,296554,294940,293562,292174,290909,290316,290443,291005,291504,291577,291224,290452,289850,289330,288726,287798,286838,286154,285647,285067,284437,283721,283085,282315,281639,280962,280545,280399,280516,280481,280410,279924,279041,277468,275812,274525,273653
76537,TX,Williamson County,"Austin-Round Rock-Georgetown, TX",,,,,,,,,,,,,,,,,,,,,,,,,,,,,,,,,,,,,,,,,,,,,,,,,,,,,,,,,,,,,,,,,,,,,,,,,,,,,,,,,,,,,,,,,,,,,,,,,,,139161,139222,139052,138788,138003,137641,137806,138742,139180,139855,142125,145573,148825,150256,150780,150314,148936,146916,145523,144623,144145,143276,144405,146190,147972,148231,148060,148264,147221,145888,144423,143820,143096,141755,141652,141750,143012,143124,143188,142143,141171,139434,138084,137031,136373,136365,137436,138764,139188,137844,136674,135916,135739,135558,136188,136872,137774,138398,139454,141147,142739,144167,145411,146772,148105,149333,150542,151589,152249,152903,154353,156262,158502,160496,162416,163825,165251,166880,168897,170356,171744,172613,173726,175069,177036,178941,180241,180742,181147,181735,182659,183231,183472,183597,183628,183969,184167,185005,186241,187487,188826,189829,191511,192861,194251,195090,195762,196382,197589,198815,199524,199441,199245,199456,200200,201217,202221,202856,203248,203705,204508,205264,205845,205972,206662,207416,208462,208887,209256,209491,208981,207769,206062,204907,204133,203754,203693,204086,204629,205506,206537,207512,208270,209029,209693,210211,210204,210279,210681,211587,213134,215320,218145,220966,223702,226789,231336,238399,248725,260448,270930,278633,283894,289140,294574,300774,308226,317328,327407,336651,343529,348554,350169,348903,344785,339712,334039,327967,322098,316631,311897,307906,305272,304282,303410,301907,299433,297211,294599,291587,288678,286724,285558,284440,283165,281407,279567,277741,276188,274760,273770,273123,272794,272552,272433,272452,272293,271802,270680,269545,268705,267882,266950,265551,264290,263442,262390,261266,259335,257310,255664,254804
77303,TX,Montgomery County,"Houston-The Woodlands-Sugar Land, TX",100193,99996,99995,99902,99887,99465,99029,98979,99387,100085,100761,101074,101041,100742,100781,100951,101127,101341,101556,101733,101630,101289,100846,100501,100413,100379,100391,100389,100547,100961,101537,102354,102892,103338,103556,103937,104405,104900,105251,105386,105384,105352,105063,104707,104528,104593,104834,105171,106017,106856,107767,108470,109516,110539,111629,112430,113163,113884,114475,115161,115654,116219,116536,116844,117087,117507,117896,118405,118699,119039,119344,119746,119965,120233,120500,121236,121832,122510,122937,123431,124177,124727,125158,125212,125367,125777,126279,126806,127179,127595,128043,128504,128666,128798,129095,129775,130213,130972,131306,131657,131636,131506,131020,,127781,126890,126393,126065,125351,125065,124774,124856,124934,124875,124429,124116,123618,122810,121754,120948,120793,121052,121513,121666,121769,121737,122152,122298,122208,121708,121334,121014,120746,120109,119468,118431,117657,117312,117290,117328,117452,117548,117354,117230,117634,118760,120226,121773,123242,124276,125102,125547,126049,125989,126215,126383,126701,126482,126528,127218,128489,129736,130754,131819,132551,133221,133825,134562,135351,136264,137310,138274,139306,140680,142699,144733,146572,147970,149436,150770,151989,153282,154907,156946,158936,160457,161936,163617,165562,167441,168743,169800,170604,171189,171484,171824,172619,173627,174426,175162,175985,177123,178240,179306,179901,180311,180801,181643,182346,182653,182682,182818,183241,183880,184674,185426,185943,186241,186999,187813,188818,189290,189884,190357,191337,192390,193595,194772,195843,196852,197771,198753,199752,200512,201227,201959,202662,203551,204753,206104,207145,207752,208060,208172,208082,208074,208712,210113,212452,215237,218375,221479,224143,226970,229833,233285,236994,240968,245051,248724,252306,255536,258771,261906,266181,270894,276125,281377,286411,290732,293073,293787,293154,292066,290913,289587,287927,286411,285242,284971,285253,286507,287697,288473,287860,286768,285585,284291,283383,282642,282739,282857,282713,282458,282332,282308,281889,280932,280144,279726,279730,279569,278930,277787,276752,275958,275272,274400,273687,272992,272710,272722,273077,273172,272482,271317,269790,268594,267538,267140
77306,TX,Montgomery County,"Houston-The Woodlands-Sugar Land, TX",77307,77257,77501,77552,77530,76760,75771,75117,75188,75830,76504,76763,76807,76639,76651,76829,77112,77516,78276,78898,79387,79299,79235,79065,79131,79278,79608,79661,79671,79899,80499,81465,82236,82837,83030,83127,83173,83244,83260,83234,83142,83059,82792,82640,82854,83359,83675,83998,84509,85389,86128,86900,87698,88562,89475,90226,90880,91438,92103,93114,94026,94794,95147,95340,95630,95828,96035,95890,95610,95344,95145,95180,95550,96168,96744,97611,98609,100101,100970,101716,102001,102193,102041,101962,101903,102203,102328,102623,102307,102115,101815,101808,101684,101505,101825,102473,103014,103837,104429,104819,104692,104435,104309,103396,102625,102584,102211,101099,98719,97302,96336,96227,96259,95930,95747,95920,96290,96048,95323,94951,95931,96809,97741,97398,97950,98207,99331,99917,100266,99678,98768,97773,96930,95607,94916,94092,93400,93310,93645,94128,94379,94561,94565,94260,94108,94937,96349,97902,98955,99173,98976,98703,98766,99056,99445,100184,101335,102589,103568,104485,105276,106276,106724,107366,107312,107696,108209,108984,110217,111731,113858,115214,116091,116989,118560,120391,121924,123280,124924,126732,128700,130491,132344,134349,136385,137815,138974,139803,140870,141926,142339,142349,142256,142225,141953,141428,141573,142240,142643,142650,142375,142424,142900,143972,144840,145634,145970,146600,147093,147899,149030,150135,150859,150820,150768,150534,150140,149962,151637,154051,156445,157239,157574,157394,158251,159526,161326,162934,164023,164363,163891,163697,164780,166535,168091,168964,169505,170636,171900,173191,173680,174214,174627,175355,176079,176767,178592,181438,185800,189759,193276,195702,197563,199666,202408,206459,210563,214106,217067,220287,224216,228004,231102,233574,236598,239761,243244,247055,250610,253639,254543,254442,253580,252957,252045,250334,248142,246427,245540,245317,245347,245665,245286,244673,243478,242937,242066,241050,240483,240723,241623,241959,241115,239680,238052,237178,236303,235285,234508,234465,235558,236666,237266,236843,235614,234185,232775,231821,231192,230987,231353,232165,233484,234614,235143,234364,232673,230804,229090,228030
77316,TX,Montgomery County,"Houston-The Woodlands-Sugar Land, TX",159442,159412,159614,159964,160119,159641,159202,159334,159987,160455,160716,160238,159865,159205,158856,158375,158014,157729,157929,158286,158960,159083,159161,159255,159416,159318,159011,159020,159459,160529,161504,162591,163337,164359,165104,165786,166179,166815,167324,167910,168411,169074,169552,169840,169725,169214,168799,169011,170380,171999,173626,174604,175408,176011,176720,177848,179619,181579,183234,184323,184899,185188,185221,185969,186978,188494,189940,191369,192628,193638,194404,195132,196029,197026,197657,197833,198028,198316,198403,198494,198858,199623,200640,201562,202007,202176,202393,203305,204583,205979,207039,207223,206912,206316,206338,206796,207444,208923,210314,211655,212316,212239,211696,208148,204740,202473,202063,202197,201798,202200,202345,202195,201447,200939,200801,201634,200854,199299,197490,197597,198680,199744,200546,200614,200792,201034,201332,201338,199282,196514,193663,192263,191692,190972,190984,191073,191885,192674,193190,192892,192413,192446,192237,191974,192150,193308,194880,196258,197706,198917,200484,201760,203094,203582,203991,204541,205065,205831,206471,207730,209281,211157,212679,214626,216629,219086,220846,222408,223597,224820,226340,228188,230161,232173,234746,237935,241500,244531,247261,249677,252211,254723,256976,259409,261681,264090,265999,268456,271135,273871,275087,275282,275084,275547,275797,276212,276228,276312,275980,275617,275487,275539,275791,275862,275221,274377,273654,274064,274407,274834,275082,275466,276126,276907,277622,278024,277850,277732,278288,279386,280740,281388,281827,281979,282677,283639,284630,285465,285763,286308,286792,287635,288173,288516,288735,289227,289981,291025,292278,293865,295208,296395,297417,298115,298215,297713,298058,299524,302232,305430,309338,313513,317685,322060,326218,330934,336296,342084,348608,354737,360943,366540,372194,377779,383560,389707,397084,405655,414807,422597,426815,427341,425766,424268,423179,422681,421715,421186,420387,420377,421099,422563,424347,425400,426089,426267,426184,425486,425221,425418,426476,427368,427353,426546,425697,425920,426793,427451,427626,427453,427556,427503,427142,426397,425765,425066,424641,424252,424369,424552,425069,425720,425753,424609,422187,419634,417171,415402,414265,413912
77328,TX,San Jacinto County,"Houston-The Woodlands-Sugar Land, TX",101210,101016,101143,100936,100671,99502,98339,97782,98123,98768,99271,99297,99284,99115,99049,99154,99046,99298,99682,100247,100569,100368,99885,99268,98668,98550,98124,97658,97310,98101,99653,101573,103129,104521,104938,105530,106175,107056,107920,109091,110521,111194,111146,111069,112252,113323,113823,113339,113349,114108,115098,115968,116403,116973,117654,118111,118564,118932,119756,121073,121915,122711,123240,123660,123842,123359,123065,122809,122416,122399,123018,124237,125847,127113,128361,129259,130307,131644,133061,134556,135976,137129,137907,138476,139047,139751,140186,140869,141022,141136,140646,140051,139212,138806,138871,139363,139893,140834,141574,142002,142146,142287,142452,142029,141601,141188,140325,139042,137752,137158,137117,137093,137019,136445,135740,135088,134504,133949,133432,132823,132329,131443,131159,131068,131420,131581,131809,132167,132295,131932,131425,131068,130764,130118,129597,129429,129615,129856,129859,129948,130104,130453,130767,131211,131754,132365,132614,132751,132926,133286,133349,133080,132842,132953,133040,133110,133009,132905,132864,132961,133472,134445,134866,135582,135511,136250,136542,137146,138229,139849,141326,142135,142708,143656,145106,146700,148304,149672,151011,152470,153644,154792,155715,157116,158215,159132,160039,161427,163294,165436,167157,168321,168652,168827,168725,168733,169038,169723,169979,169885,169784,170157,170778,171526,172543,173802,174878,175687,176218,176519,177181,177783,178218,177871,177520,177669,178159,178463,179835,181011,182329,182295,182634,183152,184458,185241,185809,185782,185828,186196,187018,188421,189598,190920,192604,194291,195539,196750,198324,199885,200123,200131,200529,202045,204010,205742,208197,211098,215058,218388,221412,224240,226798,229458,231740,235054,239058,243449,247565,251353,254791,257789,260675,263369,266645,269248,272093,275742,280159,284655,285656,284291,280643,278471,276536,274803,273056,271772,271932,272465,273878,275294,276052,275966,274992,273516,271652,269439,267639,266464,266323,267528,268866,270477,270737,270776,270021,269931,270439,271672,272838,273616,273932,273963,273644,273416,273114,272664,272271,272005,272204,272022,271862,271714,271619,270809,269161,267442,265534,264373
77336,TX,Harris County,"Houston-The Woodlands-Sugar Land, TX",114698,114830,114714,114784,114563,114389,114099,114028,114432,114967,115836,116502,116682,116497,115834,115433,115345,115517,115771,115901,115948,115998,115714,115667,115558,115794,116217,116946,117485,117960,118540,119352,119832,120051,120213,120335,120052,119528,119163,119488,119958,120429,120611,120846,121478,122071,122855,123556,124455,125708,127370,129058,130677,131666,132705,133663,135096,136458,137455,138224,139086,139885,140498,140891,141105,140970,140647,140077,139353,138868,138992,139490,139747,139637,139475,139736,140527,141571,142663,144026,145567,146972,147872,148440,148693,148471,148186,148259,148864,149666,150271,150281,150214,150156,150393,150648,150393,150203,150295,150757,150886,150665,150284,149778,148838,147857,146484,145323,143950,143363,142892,143090,143570,144161,144752,144678,144269,143652,143729,144125,144451,144298,144296,144330,144703,144884,144719,143574,142218,140976,140596,140235,139957,139603,139157,138636,138211,137983,137839,137820,137684,137460,136448,135640,135000,134864,134289,133703,133058,133187,133583,134229,134579,134824,135170,135662,136306,137008,137678,138315,139220,140672,142408,144231,145490,146883,148203,149724,151078,152227,153169,153866,154938,156556,158687,160556,161963,163293,164862,166694,168238,169552,170863,172166,173014,173453,173537,174113,174941,176228,177500,178678,179969,181203,181876,182350,182542,182857,182930,183025,183667,184499,185749,186758,187715,188498,189523,190580,191442,192073,192641,193467,194436,195497,196294,196727,196967,197042,197707,198619,200010,201379,202749,203941,205017,206077,207253,208170,208896,209576,210854,212125,213184,213621,214056,214295,214480,214635,215277,216319,217662,219011,220217,220948,220737,220367,220734,222347,224910,227738,230748,233436,236106,239167,242549,246079,249478,252937,255503,257114,257926,259261,261912,265324,270466,275671,281506,286423,290632,294039,296139,297394,297515,297485,297071,296023,293996,291634,289861,289115,289240,290246,291199,292343,293010,293521,293413,292755,292312,292263,293003,293696,293926,293127,292455,291896,291915,291778,291723,291799,291835,291831,291154,290266,289146,288205,287191,286232,285403,284784,284524,284487,284141,283487,282339,280754,278665,276509,274947,274325
77354,TX,Montgomery County,"Houston-The Woodlands-Sugar Land, TX",149716,150212,150498,150978,151041,150967,150871,150909,150942,150722,150491,149943,149548,149017,148799,148760,148949,149152,149367,149481,149472,149242,148966,148776,148673,148523,148327,148205,148206,148461,148953,149668,150323,150872,151392,152048,152730,153405,153835,154149,154304,154655,155065,155491,155679,155687,155612,155762,156532,157650,158924,160087,161209,162520,163910,165589,167395,168940,169867,170238,170376,170448,170365,170371,170508,170755,170968,171270,171615,172079,172676,173353,173861,173984,174124,174332,174646,174802,175054,175482,176086,176745,177667,178771,179751,180543,181050,181711,182498,183630,184536,185269,185781,186481,187071,187662,188042,189003,189659,190214,190412,190391,190018,,185835,184117,183298,182818,182519,182768,183225,183614,183624,183541,183462,183699,183216,182459,181908,182094,182723,183177,183412,183480,183933,184573,185062,185163,184480,183627,182792,182512,182427,182101,181981,182028,182369,182590,182588,182627,183113,183599,183509,183343,183618,184884,186384,187982,189231,190236,191088,191924,192780,193683,194796,195968,197149,198353,199554,200903,202545,204686,206592,208374,209792,211634,212810,213642,214102,215031,216657,218445,220484,222265,224191,226267,228648,231129,233597,235963,238260,240398,242248,243867,245472,246806,248170,249696,251446,253203,254440,255190,255727,256316,256627,256530,256262,255921,255573,254920,254465,254120,254037,254119,253959,253956,253922,254567,255055,255519,255798,255930,256287,256893,257643,258399,258769,258923,259562,260614,261995,262828,263581,264016,264828,265653,266506,266986,266960,267193,267609,268294,268869,269500,270118,270907,271606,272513,273707,275312,276756,278041,279058,279531,279239,278567,278947,280526,283123,286120,289689,293471,297265,301079,304793,308870,313568,318805,324055,328607,332583,336753,341668,346903,352551,357825,364170,371046,377985,383595,386356,386653,385169,383451,381887,380295,378090,376461,375070,374741,374961,376191,377899,379340,380279,380416,380255,379850,380586,381727,383693,385112,385967,385867,385352,385167,385448,385794,385920,385614,385720,385928,385999,385832,385600,385192,384538,383887,383757,383637,383852,384100,384354,384079,383170,382089,380912,379825,378964,378164
77357,TX,Montgomery County,"Houston-The Woodlands-Sugar Land, TX",100470,100399,100489,100518,100637,100731,100993,101294,101747,101842,101886,101494,101241,101125,101230,101422,101361,101181,101169,101363,101442,101256,101524,102037,102762,102790,102810,102643,102731,103101,103777,104635,105348,106220,106656,107205,107660,108397,108892,109165,109264,108994,108506,108351,108969,109635,109652,108978,108747,109063,109599,110045,110733,111894,113350,114604,115810,116732,118119,119766,121264,122278,123108,124278,125576,126407,126637,126701,126833,127297,127890,128515,129187,129792,130208,130407,130027,130194,130626,131534,132063,132325,132155,132351,132542,133408,134081,134902,135493,136306,137193,137902,138111,138244,138672,139359,140049,140979,142041,143122,143943,144566,144402,143692,142466,142000,141079,139909,137964,136657,135476,134479,133683,132960,132964,133012,133339,133064,132635,131948,131822,131968,131998,131961,132447,133552,134342,134464,134575,135340,135691,135175,134140,133245,132736,131494,130057,129273,129359,129036,128544,127688,127296,127449,127969,128843,129475,130077,130463,130345,130220,130130,130200,130107,130084,130587,131294,132050,132514,133038,134038,135322,136356,137236,137608,138470,139397,140510,141652,142801,144248,145458,146775,147929,149418,150861,152408,154304,156610,158974,160570,161900,163291,165368,167281,168485,169596,170359,171592,172394,173205,174038,175299,176574,177873,179046,180548,181579,182158,182096,181963,181830,182151,183032,183804,184671,185650,187478,189099,189751,189773,189846,190323,190795,191263,191564,191291,190563,191030,191899,193305,194019,195032,196024,197213,198216,199217,200190,200895,201384,201833,202593,203602,204554,205219,205976,206514,207530,208654,210092,211091,211848,212235,212399,212229,212006,212824,214730,217783,220776,223682,226378,228921,232205,235394,239389,243057,246957,250496,253755,256754,259593,262793,266223,270564,274607,278766,282360,285630,288447,290000,290524,290096,289322,288190,286477,284585,283276,282276,281094,279903,279450,279451,279477,278956,278710,277780,276371,275427,275206,275595,275036,273479,271575,269816,268954,268381,268285,268709,269822,271436,272870,273397,273171,272332,271421,270173,269027,268245,267824,267755,268142,269187,270196,270213,268762,266408,263962,262086,260830
77417,TX,Fort Bend County,"Houston-The Woodlands-Sugar Land, TX",86091,85905,85721,85617,85432,84376,83011,82434,82554,83435,83728,84888,84994,85230,85889,87452,89117,89984,90804,91325,92068,92080,91806,91110,90896,90256,89162,87912,87561,87460,87201,87229,87623,88318,89005,89807,91147,92849,94489,96241,98060,100564,102467,104095,104481,104491,103525,103991,104830,106524,108532,108606,108798,107822,108233,106288,103447,101764,102583,103815,102271,99448,96527,95286,94707,94959,95517,96913,97468,98255,98287,98824,99941,101256,101801,102309,102911,104280,105046,107545,110198,112883,113340,114182,114977,116506,119634,124136,127588,128930,128763,128714,127552,124658,122767,121781,121582,119692,116265,112406,109003,106704,105023,103110,102453,102133,102842,102708,103052,103345,103544,103307,103009,103249,104537,106346,108379,110733,112982,114464,114686,114764,115224,115951,115791,115560,115172,115648,116057,117476,119227,121253,121160,120579,119509,120098,120851,121389,121527,122488,123045,121828,118428,115972,116129,117694,118689,119028,118987,119727,121013,121920,122336,121185,119932,118432,118122,118634,119329,120175,120776,121935,123231,124134,124530,123725,123179,122350,122973,124639,126908,128583,130137,131962,134330,135686,136988,137571,138107,138352,139366,141858,144756,147530,150168,152305,155137,157252,160654,162992,165276,166420,167514,167093,164847,162824,162034,163565,164792,166271,166917,167753,167833,168264,169909,173089,176476,179673,181405,182851,183664,184781,186469,187695,189178,190103,190624,190455,190963,191981,193801,195787,197918,199544,201973,204757,208635,210752,212317,212517,213014,213700,215412,217309,218584,218979,219267,220201,221200,222123,222790,224771,227796,230953,232363,232220,232068,232232,233702,235399,237725,239469,241434,244464,248132,253147,258476,263562,266066,265987,265104,265272,267431,270021,274265,278730,284732,289479,293306,295925,296555,296022,294329,293497,292880,291058,288324,286485,286803,288895,291095,293221,294714,295508,295022,293809,291731,289138,287477,287303,288212,288659,289118,289914,291424,292219,292654,291813,290856,289904,289631,289693,289477,288368,286685,284757,283489,282795,282900,282937,283652,284346,285896,287164,288001,287117,285019,282510,281113,280735
77447,TX,Harris County,"Houston-The Woodlands-Sugar Land, TX",121201,121114,121118,121029,120956,121082,121469,121856,122401,122949,123739,124088,123935,123584,122997,122618,122448,122457,122530,122450,122561,122739,122853,123056,123135,123211,123374,123669,123789,123699,123658,124114,124502,124774,124822,124982,125376,125614,125997,126147,127013,128047,129068,129518,129642,129869,130172,130541,131307,132622,134439,136173,137648,138206,138647,139487,140982,142396,143302,144243,146112,148508,150171,151705,152390,154271,155649,157249,158335,159302,160272,161378,161942,162114,161994,162082,162564,163450,164436,165306,165928,166871,168358,170036,171328,172149,172651,173511,174566,175559,176246,176881,177734,178514,178585,178288,177282,176689,176398,176737,177108,177082,177076,176708,176060,175989,175831,175740,174456,173292,172422,172205,172074,171944,171865,171490,171130,170445,170211,170162,169988,169687,169639,169786,170025,169560,169031,167708,166376,165292,165039,164938,164057,162838,161574,160682,159972,159271,159214,159239,159259,158874,158158,157702,157309,157194,156827,156200,155884,155669,156279,156777,157450,157744,158138,158701,159313,160042,160918,161887,163081,164610,166035,167504,168349,169563,170706,171782,173047,174493,176322,178064,179502,181180,183466,186213,188933,191026,193220,195251,197570,199813,202197,204468,206698,208572,209906,210930,211993,213208,214045,214380,214881,215537,216167,216794,217546,218363,218517,218645,219034,219558,220107,220614,221395,221928,222525,223130,223503,223658,223687,223998,224329,224567,224537,224455,224251,224073,224195,224910,226035,227230,227937,228494,229325,230314,231426,232378,233614,234773,235826,236556,237156,237554,237712,237904,237985,238639,239630,240869,242091,242926,243566,243607,243276,243104,243453,244632,246473,248981,251786,254703,257613,260501,263233,266016,269333,273500,278145,282687,286604,290382,294442,298827,303660,308669,314215,319986,325851,331258,334797,336002,335457,334470,333115,330916,328091,325594,323759,322334,321241,320776,320463,320276,319794,319441,319034,318497,318339,318470,319083,319678,319848,319634,319343,319324,319431,319454,319258,319156,319064,319178,318919,318401,317610,316644,315810,314876,314147,313074,312189,311519,310952,310447,309805,308803,307350,305507,303998,303050
77469,TX,Fort Bend County,"Houston-The Woodlands-Sugar Land, TX",141951,142558,142782,143428,143497,143345,143172,143302,143632,144296,144683,145270,145289,145407,145289,145670,146160,146613,146829,147192,147576,147554,147099,146687,146552,146767,147212,147898,149253,150428,151420,151694,152161,152816,153391,153983,154657,155606,156436,157127,157873,158349,158690,158917,159679,160270,160626,160678,160826,161650,162890,164428,165710,167132,168403,169657,170700,172333,174001,175450,176245,177004,177788,178393,178951,179284,179619,179643,179171,178772,178270,178494,178638,179071,179535,180277,180720,181186,181720,182918,184186,185008,185343,185691,186180,186706,187140,187552,187976,188180,188436,188646,188911,189262,189513,189744,189321,188943,188195,187719,187059,186553,186060,185435,184573,183065,181130,179209,178036,177840,178256,178835,178768,178771,179108,179813,179496,178978,178489,178418,178578,179116,180189,180828,180924,180565,179826,178952,177681,176305,174885,173905,173790,173960,173787,173095,172196,171721,171625,171481,171468,171327,171345,171023,171610,172514,173668,173989,174211,174481,174858,175157,175650,175963,176335,176573,176650,176764,177017,177771,179103,180721,182389,183953,185667,187450,189258,190750,191884,192483,193032,193594,194770,195974,197580,198997,200722,202387,204363,206288,208139,209689,211381,213275,215611,217676,219535,221196,223086,224844,226412,227874,229222,229905,229858,229978,230442,231058,231541,231962,232715,233571,234795,235769,236368,236471,236650,237006,237309,237439,237468,237564,237952,238576,239374,240255,240818,241124,241656,242360,243398,244016,244611,244965,245422,246067,246840,247622,248019,248312,248509,248720,248863,248769,248654,248598,248776,249276,249955,250822,251691,252600,253410,253953,253974,253920,254201,255137,256714,258863,261691,264681,267885,271264,275016,279120,283995,289452,295002,299907,304211,308541,313138,317782,323023,328658,335395,342690,349940,356461,360539,362113,361663,360643,359351,357469,354806,352538,350571,349860,350046,351286,352432,353235,353446,353327,352682,351685,351423,351966,353312,354357,354573,354116,353386,352998,352835,352527,352089,351695,351473,351077,350399,349540,348651,347538,346414,345441,344871,344553,344500,344420,343830,342762,341461,340385,339474,338654,338125,337586
77484,TX,Harris County,"Houston-The Woodlands-Sugar Land, TX",85555,85014,84825,84498,84876,85551,86983,88324,90047,91017,91773,91857,91527,91203,90532,90756,90986,91335,91726,94254,97477,100151,100634,100617,100987,101756,102986,103409,102713,100923,98422,96257,94425,93713,92730,91999,91829,91318,91264,90985,93554,97626,101283,103164,103388,103367,103664,103327,102462,101729,101775,103187,104034,104469,104136,103656,103131,104017,105387,107658,109296,113024,115605,119362,120898,124264,126818,129347,131046,132073,133204,134632,136167,137213,137487,137365,137645,138477,139816,141471,142756,144242,145921,148045,150213,151589,152564,153088,154061,154633,154594,154397,154369,154424,153692,153191,153088,153463,153671,153561,153724,153381,153220,152895,152825,153354,153909,154672,155002,155090,155143,154957,154970,154481,154199,153829,153827,153469,153279,153440,153869,154017,153937,153632,153529,152892,152823,152903,153362,153355,153340,153456,153428,152982,152296,151400,150569,149436,148879,148814,149363,149772,149943,150218,150899,151600,152210,152262,152580,152791,153518,154114,154814,155172,155319,155445,155684,155972,156582,157393,159048,161123,163093,164855,165760,166724,167126,167700,168475,169751,171233,172510,173768,175195,177284,179594,182082,184321,186254,187691,188918,190243,191708,193270,194728,196302,197786,199529,201136,202871,204288,205743,207423,209291,210796,212095,213117,213924,214120,214077,214084,213916,214214,214960,216320,217197,217687,218248,219181,220251,221205,222183,223562,224832,225846,226828,227594,228224,229109,230526,232352,234118,235721,237093,238566,240039,241638,242977,244294,245279,246744,247661,248824,249476,250553,251833,253079,254780,256578,258323,260056,261853,264052,265352,265635,265700,266773,269579,273698,278407,282782,286612,289915,293835,297219,300826,304943,310651,317510,323476,327429,330036,333392,337876,343772,349071,355605,362458,368698,372947,373307,371881,368846,367510,365925,363771,360483,357891,356785,356542,356909,357753,358397,358689,358560,357588,356304,353950,352934,353065,354774,356786,358395,359496,360166,360928,361797,363015,363991,364790,364955,365209,364800,363886,362443,360997,359450,357798,356786,356916,358089,359763,360608,360919,360239,359145,357556,355998,354518,353605
77515,TX,Brazoria County,"Houston-The Woodlands-Sugar Land, TX",85889,85973,85865,85889,86001,86327,86591,86735,86771,86761,86821,86947,87277,87490,87289,86836,86406,86567,86860,87288,87558,87812,88023,88226,88321,88314,88241,88339,88520,88870,89136,89564,90027,90758,91380,91780,91902,91987,92218,92465,92934,93610,94460,95231,95865,96319,96500,96646,96820,97168,97494,97962,98762,99674,100404,100808,101117,101624,102052,102489,102948,103526,104318,104955,105520,105821,106202,106623,106977,107100,107165,107407,107577,107771,108008,108648,109304,109755,109954,110077,110581,111476,112703,113883,114994,115958,116743,117367,117979,118587,119137,119519,119775,119919,120059,120148,120082,121604,123860,125907,127074,127864,128868,127951,126691,125614,125327,124901,124690,124703,124719,124419,124452,124805,124986,124470,123391,122437,121803,121862,122029,122426,122738,123058,123451,123346,123117,122603,121694,120650,119775,119762,120040,120079,119820,119250,118426,117630,116858,116015,115241,114257,113749,113415,113196,113138,112951,113292,113373,113791,114216,114892,115210,115488,115893,116600,117571,118384,119082,119750,120710,122142,123526,125141,126150,127324,128290,129500,130785,131860,132631,133172,133995,135099,136595,138192,139725,141214,142769,144364,145746,146986,148262,149694,151104,152369,153638,154983,156395,157535,158320,158860,159523,160173,160957,161973,163301,164794,166049,167538,168922,170224,171412,172234,172940,173311,174157,175550,177099,178540,179718,180890,182207,183220,184151,184869,185139,184907,185057,185797,186883,187580,188232,189154,190421,191721,192967,194225,195382,196629,197757,198478,198899,199108,199627,200189,200783,201427,202250,203072,203903,204738,205874,206751,206917,206723,206948,207985,209567,210911,211948,212720,213770,215569,217435,219531,221947,224686,226979,227991,228703,230014,232543,235493,239016,242355,245669,248072,249238,249692,249496,249652,249352,249279,248720,247854,246870,246453,247286,248310,248937,248787,248407,248426,248590,248733,248770,248226,247618,246848,246750,247199,247573,248105,248225,248109,247526,247174,247341,247913,248866,249965,250693,250854,250569,250218,250238,250211,250098,249284,248349,247772,248147,249147,250134,249910,248838,247468,246242,245615
77532,TX,Harris County,"Houston-The Woodlands-Sugar Land, TX",100846,101166,101301,101613,101560,101513,101311,101371,101553,101765,102021,102364,102541,102411,101720,101135,100954,101195,101767,102068,102303,102365,102545,102655,102742,102914,103401,104037,104610,104960,105257,105764,106357,106911,107237,107393,107454,107321,107189,107089,107104,107232,107386,107503,107524,107773,108156,108722,109332,110354,111845,113185,114522,115362,116577,117540,118898,120106,121325,122155,122659,123069,123627,124190,124682,124960,125226,125257,125191,125002,125138,125472,125988,126334,126473,126665,127126,127785,128583,129493,130545,131793,132720,133553,133805,133714,133441,133648,134168,134651,134706,134785,134894,135087,135504,135972,136033,135696,135599,135853,135947,135807,135591,135318,134760,134099,132991,131863,130595,130190,129998,130352,130910,131598,132266,132574,132713,132513,132423,132481,132561,132567,132807,133369,134014,134220,133868,132939,132134,131583,131497,131369,131073,130570,129806,129018,128408,128221,128387,128786,128993,128882,127983,127120,126722,126897,126927,126758,126629,126767,126978,127253,127568,127820,128105,128206,128529,128985,129728,130367,131001,131727,132687,133583,133991,134445,134978,135920,136767,137719,138754,139926,141228,142608,144110,145353,146317,146996,148106,149534,151188,152652,154005,155385,156501,157428,158039,158738,159394,160183,160892,161685,162584,163737,164513,165402,166268,167535,168492,169316,170235,171348,172738,174055,175201,176022,176928,177795,178575,179297,180020,180859,181479,182276,183241,184387,185376,186169,187204,188243,189355,190102,190775,191324,192086,192912,193816,194763,195768,196820,197746,198498,199199,199903,200453,200910,201237,201956,203055,204360,205385,206057,206787,207357,207471,207430,207837,208871,210320,212107,214328,216390,218462,220551,222973,225591,228628,232128,235288,237681,239360,241326,243986,246816,250382,254382,259401,264487,269166,273296,276048,277630,278076,278102,277542,275992,273896,271891,270736,270348,270671,271531,272330,273054,273123,273069,272509,271670,271000,270852,271456,271956,272089,271577,271043,270644,270662,270657,270750,270984,271503,272151,272399,272382,271975,271440,271140,270837,270643,270107,269690,269509,269497,269538,269219,268306,266900,265318,264015,263179
77845,TX,Brazos County,"College Station-Bryan, TX",,,,,,,,,,,,,,,,,,,,,,,,,,,,,,,,,,,,,,,,,,,,,,,,,,,,,,,,,,,,,,,,,,,,,,,,,,,,,,,,,,,,,,,,,,,,,,,,,,,,,,,,,,,,,190239,190317,190776,191550,192269,193049,197463,202634,207605,208751,208976,209142,209368,210015,210697,211375,212200,212681,212973,212565,211869,211101,210483,210150,209751,209378,208767,208603,208961,209512,209337,208568,207735,206877,206092,205518,205631,206290,207262,208047,209222,210474,211871,212801,213671,213621,213191,212298,212285,212114,212131,212001,212388,213050,213850,214970,216342,217299,217591,217371,217774,218615,219832,221046,222887,224686,226554,227940,229600,230481,231082,231225,232403,234305,236386,238350,240293,242352,244349,246405,248650,250351,251429,252223,253642,255047,256176,257307,258712,260679,262422,263946,265247,266214,267402,268495,270180,271705,273336,274957,276234,276797,276688,276318,276335,276488,276962,277473,278282,278867,279775,280570,281244,281461,281848,282626,283721,284501,285076,285585,285341,284536,283224,281996,280938,279945,279520,279589,279884,280103,280198,280352,280552,280756,280860,281029,280954,281110,281673,283412,285967,288675,290848,292557,294338,295789,296536,296724,298042,300723,304388,307403,309269,311071,313590,317085,321059,324959,329231,333846,338871,343234,345972,346958,346931,346839,346959,347839,348989,351029,352968,355296,357552,360059,361985,362918,362616,361643,361023,360806,361867,363407,365590,367061,367556,367436,367045,366981,367021,367216,367266,367106,367174,367419,367861,368192,368214,368095,367771,367598,367517,367653,367598,367442,367256,367437,368033,368297,368034,367121,366233,365368
78002,TX,Bexar County,"San Antonio-New Braunfels, TX",89476,89294,89522,89612,89315,88378,87820,87463,87478,88058,88885,90005,90335,90526,90615,90670,90873,90914,90291,89635,88308,87774,87205,87364,87291,87751,87908,88566,88996,90092,90786,91199,91712,91991,93031,93379,93375,92505,91942,91845,92340,93117,94140,95007,95545,95592,95566,95809,96658,97845,98379,99018,99480,99929,100911,101854,103209,103772,103909,104087,104014,104226,104522,105513,106875,107738,107338,106300,105256,105115,105446,106244,107034,108004,108683,108976,109130,109842,111544,112819,114400,115464,116795,117656,118244,118738,119056,119784,120644,121259,121880,122297,122943,122747,122684,122785,124044,124941,125893,125849,125866,125625,125149,124216,122547,120999,119783,119420,118854,117941,116314,115182,114276,113693,112611,112739,114367,117331,119704,121215,121828,122251,122660,123112,123712,123571,123384,123228,122408,121798,120274,119307,118501,118108,117864,116993,116268,115938,115867,115982,115969,116199,116426,116195,115843,115525,115829,116236,117170,118485,120080,121163,121229,120692,119855,119139,118801,118928,119924,120949,122009,123212,124750,126382,127011,127739,128288,129211,130667,132726,135915,138660,141536,144105,146938,148857,149823,150266,151138,152248,153448,155137,157227,159423,161024,162350,163867,165567,166784,167497,167325,167165,167640,169530,172115,174385,176882,179465,182237,183046,182744,181883,182542,184119,186050,187367,188348,189590,190719,192294,193805,195549,196438,196442,196365,197078,198462,199880,202165,204621,207086,208698,210364,212278,214094,215302,216316,217153,216790,214673,212081,210303,210450,211126,211678,211719,211881,213066,214810,216619,218513,220802,223645,226053,227882,229275,231816,235351,239971,244628,248712,252665,256407,260716,264494,267867,270946,274230,275898,275028,272488,271371,273757,276591,280452,284096,290055,297345,303618,308497,309222,308237,304373,302115,300820,301223,299952,296682,293757,293128,294061,294709,293856,293203,292394,291021,288668,285582,283507,282655,283604,284592,285307,285454,285368,285902,286282,286766,286275,286759,287566,289175,289151,288909,288058,287964,288176,288395,289227,290072,292048,293612,295394,298261,300818,301745,300037,298449,297799,299090
78015,TX,Bexar County,"San Antonio-New Braunfels, TX",254445,254434,254650,255399,254911,254263,252907,253070,253430,253857,254063,254124,254463,255166,255575,255219,254312,253534,253130,253158,252895,253042,252989,253520,253916,254167,254851,255946,257402,258599,259512,259978,259866,259192,258850,258434,258542,258275,257964,257333,257137,257103,257225,257262,257009,256384,255310,255338,256790,260029,262955,266543,269318,272622,274517,276266,278707,281624,284767,287183,288817,289881,291170,292744,295191,297712,300681,302873,304457,306080,307409,308064,308429,309200,310888,313002,316017,319214,322631,326185,329671,333490,336596,339318,341075,341814,342082,341950,343325,344992,346940,348263,349858,351505,353168,354931,355480,355245,354264,353988,354336,355122,356444,356619,356368,355414,355313,354712,354220,352905,351982,350804,349757,347830,345678,342797,340621,338506,337369,336195,336070,336140,336507,336237,335990,334907,333711,333389,333685,333817,332456,331011,329960,329186,329130,328919,328802,328035,327595,327046,326476,326024,326234,326667,327266,328162,329584,331011,332621,333904,334761,335767,336983,338471,340000,341578,343500,344817,345666,346294,347363,349249,351061,352952,354788,356614,357525,358196,358870,360618,362560,364902,366656,368161,369296,370050,370887,371318,372108,372935,374412,376392,378484,379963,380987,381516,382302,383298,384148,385307,386191,387476,388503,389323,389481,389492,389357,389397,389104,388619,387809,387502,387912,389351,390939,392355,393931,395655,396896,397856,398416,399379,399699,399963,399999,400335,400672,400691,401025,401641,403074,404427,405943,406963,407812,408203,408760,409372,410351,412270,414533,416589,417138,417063,416679,416762,417407,418870,420789,422983,425657,428791,431434,432437,431873,431105,431187,433031,436605,441343,446792,452159,457743,463533,469192,475641,483822,493425,503020,510831,517708,523809,530804,538396,548272,559017,571380,584101,596518,606849,611843,612109,608918,606728,605550,606302,608297,609249,608542,606877,606104,605724,604850,604277,604102,603504,601802,599631,597173,596370,597160,598656,599196,598256,596911,596495,597072,598390,599081,598892,597537,596283,595085,594965,594081,593041,592186,592757,594356,595984,596885,597117,596087,594778,593156,592645,592334,593074,594318,596090
78023,TX,Bexar County,"San Antonio-New Braunfels, TX",192115,192344,192498,192640,191639,190324,188989,188857,189270,189554,189646,189263,189135,188691,188294,187868,187749,187916,188211,188722,189174,189234,189150,188736,188687,188612,188734,189027,189297,189736,190069,190682,191417,192280,193100,193831,194299,194503,194342,194286,194620,195435,196442,197411,198099,198150,197723,197282,198267,200508,202838,204803,205974,207611,208961,210091,211560,212851,214577,215530,216429,216887,217458,218070,218963,219577,220266,220962,222145,223473,224398,224896,225219,225801,226756,227692,229057,230889,232756,234020,234957,236246,238401,241060,243172,244011,243964,244295,246311,248600,250714,251828,252504,252900,253124,253807,253757,253305,252485,252043,251728,251244,250706,249580,248221,246901,245967,245090,244370,243491,242982,242519,242231,241385,240376,239451,238918,238539,238308,238183,238283,238457,238907,239181,239369,239355,239446,239672,239663,238999,237592,236220,235540,235236,235307,234898,234321,233267,232633,232003,231518,231136,231393,231486,231537,231870,233016,234562,235938,236979,237523,238376,239275,240533,241546,242442,243527,244536,245586,246444,247411,248554,249566,250773,252241,253923,255155,255896,256576,257747,259305,260830,262132,263108,264171,265298,266584,267720,268910,270181,271915,273850,275568,276678,277389,278052,278904,280126,281637,283308,284712,285797,287025,288222,289024,289481,289871,290599,291191,291437,291352,291369,291802,292671,293683,294757,295931,297338,298449,299458,300054,300646,300812,300922,301194,302002,302877,303333,303876,304611,305759,306686,307612,308334,308970,309391,309768,310420,311010,311869,312446,313175,313627,314108,314258,314519,315017,316103,317548,319175,321119,323109,324877,325862,326127,326275,326980,328690,331669,335283,339262,342820,346522,350632,355196,360179,366176,372721,379081,384080,387937,391350,395530,400813,408176,416008,424931,433419,441163,447034,449983,450394,448805,447505,446617,446688,447523,447888,447485,446679,446580,447276,447466,447834,447344,446288,444197,441959,439801,438724,438712,438927,438877,438376,437845,437713,438240,439319,439776,439615,438673,437915,436750,435809,434863,434113,434098,434549,435624,436083,436033,435538,434670,434035,433464,433420,433230,433241,433880,434971
78073,TX,Bexar County,"San Antonio-New Braunfels, TX",84846,84980,85531,86133,85954,84758,83836,83387,83510,83782,84316,85129,85608,85794,85767,85583,85729,85816,85853,85940,85635,86032,85658,85682,85055,85379,85435,85763,85718,86329,86803,87320,87300,86913,86877,86661,86359,85783,85628,85743,86161,86706,87452,88070,88627,89272,89748,90923,92687,94833,95878,96589,97312,98179,99299,100118,100959,100760,100413,99759,99256,98966,98990,99552,100195,100325,99807,99037,98843,99346,99783,100607,100980,101814,101765,101603,100985,100978,101310,101526,102099,102688,103489,104060,104479,104753,105002,105643,106664,108156,109711,110952,111525,111382,111286,110757,110614,110215,110405,110260,109962,109129,108076,107061,105930,105019,104058,103512,102754,101753,100510,99651,99395,99453,99228,99244,99997,101497,103088,104020,104287,104137,104257,104292,104558,104242,104085,104096,104150,104476,103825,103047,102165,101620,100977,100127,99519,99383,99419,99225,98339,97243,96327,95711,95236,94777,94739,94953,95796,97204,98692,99590,99677,99223,98818,98448,98370,98422,98921,99645,100742,102548,104645,106586,107220,107479,107673,108011,109294,111123,113851,116306,118918,121565,124136,125729,126259,126221,126559,127405,128467,129916,131671,133738,135610,137023,137861,138406,139097,140157,141030,141760,142639,143890,145295,146515,147969,149145,150480,150909,151412,151593,153020,154980,157536,159863,161848,163377,163744,163954,164594,166518,168091,169038,169498,170503,171983,173488,176103,178333,180233,180500,180902,181603,182509,182704,182246,181774,181372,180748,180483,180704,182039,183275,184138,184947,186156,188720,191383,193850,195552,197269,198999,200425,201519,201952,203265,205472,209232,213154,216276,218439,220458,222564,224357,225941,227688,230707,232895,234425,234889,236165,238877,241711,245293,248785,252821,256643,259559,262421,263236,262670,260263,258144,256480,255542,254851,253741,252138,251048,250579,250800,250147,249554,248937,248452,248000,247514,248484,250429,252428,253468,253182,252559,251017,249293,247220,245489,244155,243584,243872,244760,245127,244990,244264,243868,243589,243367,243587,244096,244931,245494,246206,247350,247795,246876,244653,242595,241132,240310
78101,TX,Bexar County,"San Antonio-New Braunfels, TX",141550,142256,143636,145664,147025,147107,145820,144764,143925,143785,144031,144044,144197,143279,141900,139996,138556,137637,137881,138325,138756,138747,138435,138462,138001,138296,138285,138720,138663,139017,139453,139540,139477,138940,139256,139720,140466,141100,141204,141380,141340,142082,143013,143868,143977,143967,143657,143458,143776,145050,146559,148493,150667,152989,155789,158028,160376,161248,161591,161678,162041,162509,162967,163242,164339,165679,167476,168985,170888,173323,175257,176410,176271,176155,176131,176317,176246,175799,175585,176212,177392,178725,179540,180242,180788,181054,181314,181937,183134,184512,185540,186504,187838,189000,190073,190851,191784,192494,192938,193177,193731,194239,194932,195119,195124,194889,194771,194712,194582,194351,194303,194151,194108,193484,192480,191433,191251,191975,193055,193742,194150,194222,194548,194826,195219,195034,194840,194691,194734,194693,194548,194305,194107,193619,193620,193538,193424,192813,192120,191790,191541,191663,192319,193248,193877,194105,194747,195735,196937,197651,197945,197865,197312,197057,197191,198250,199560,200788,201883,203075,204203,205602,206685,208004,208401,208786,208868,209424,210478,212098,214338,216904,219581,221986,224047,225965,227632,228752,229665,231042,233023,235394,237687,239978,241905,243266,244334,245768,247364,248810,249641,250022,250567,251261,251965,252659,253671,254987,256442,257635,258764,259740,260741,262014,263345,264316,264932,265553,266194,267474,268882,270774,272298,273488,274237,275179,276381,277475,278712,280050,281228,282149,282975,284103,284992,285344,285396,285704,286242,287122,288228,289181,290208,291052,292442,294046,296037,298307,300963,302903,303401,303483,304498,306638,308201,308978,310628,313708,318482,323434,328113,332334,336165,340476,344743,349928,356247,363530,369572,373140,374368,375741,378503,382941,389665,396994,404764,412266,419001,425321,427788,427800,423713,420195,416856,415565,414166,412092,409892,409348,410341,412426,413097,412392,410093,407698,406122,404899,404340,404470,406292,408359,410117,410437,410190,410443,411259,412383,412924,413399,413818,413986,413109,412213,411810,411729,411100,410441,410769,411872,413104,413773,414381,415105,416192,416007,415339,414916,415607,416928
78109,TX,Bexar County,"San Antonio-New Braunfels, TX",107191,107206,107301,107462,107030,106227,105283,104935,104863,104828,104779,104730,104563,104228,103751,103374,103164,103119,103131,103142,103070,102954,102864,102861,102886,102950,103099,103436,103874,104310,104786,105245,105732,106155,106580,106934,107056,107030,106895,106953,107193,107598,107970,108269,108512,108688,108696,108745,109216,110285,111325,112423,113262,114275,115177,115859,116755,117485,118427,119058,119572,120024,120491,120987,121509,121915,122193,122379,122560,122965,123387,123843,124200,124422,124613,124768,125129,125665,126358,127063,127920,128947,129994,131031,131483,131612,131536,131738,132442,133466,134675,135642,136386,136990,137585,138080,138072,137713,137157,136944,136971,136979,136842,136152,135136,134077,133209,132481,131818,131161,130651,129966,129403,128746,128178,127502,126961,126651,126609,126510,126452,126414,126692,127005,127263,127281,127315,127526,127612,127189,126281,125327,124653,124073,123748,123251,122733,121770,120960,120176,119759,119392,119369,119132,118946,118886,119448,120349,121245,121947,122480,122861,122925,122881,122776,122712,122920,123270,123992,124773,125517,126306,127094,128068,128880,129675,130272,130967,131817,132902,133926,134806,135682,136588,137284,137771,138097,138386,138868,139521,140500,141543,142660,143709,144656,145647,146685,147951,149289,150517,151562,152610,153677,154772,155548,156420,157244,158164,158755,159342,159972,160806,161615,162474,163367,164210,164930,165521,166046,166663,167209,167924,168612,169537,170499,171688,172789,173754,174562,175245,175977,176659,177563,178419,179232,180027,180939,181985,182965,183818,184433,184931,185418,185953,186361,186832,187470,188398,189484,190638,191724,192539,193136,193427,193539,193672,194274,195313,196983,199139,201861,204478,206889,209154,211817,214918,218539,222526,226649,230373,233704,236781,240168,243926,248452,253491,258749,264072,268920,273057,275754,276723,276278,275281,274309,273576,273033,272260,271474,270539,270066,269977,269871,269716,269034,268122,267010,265792,264943,264428,264291,264198,263872,263370,262629,262049,261483,260844,260049,259372,258737,258173,257224,256146,254856,253713,252754,251927,251275,250465,249811,249271,248914,248407,247723,246784,245616,244138,242573,241325
78112,TX,Bexar County,"San Antonio-New Braunfels, TX",86707,86797,87348,88049,88165,87413,86382,85981,86267,87026,87965,88476,88977,88999,89298,89162,89082,88820,88763,88835,88674,88505,87925,87667,87193,87402,87442,87797,88101,88807,89411,90078,90813,91120,91290,90661,90058,89403,88837,88427,87994,88015,88095,88245,88131,88186,88324,88998,90107,91614,92643,93704,94830,96212,98127,99692,101469,102474,103346,103848,104045,104481,105277,105824,106357,106414,106236,105520,105157,105651,105814,105920,105883,106410,106207,105968,106076,106971,108160,108944,109683,109940,110375,111157,111883,112463,112717,113294,114096,115008,116004,116742,117502,117951,118172,117515,116780,116347,116776,117532,118695,119335,119524,118664,117664,116558,115706,115187,113980,112550,111230,111296,111647,111301,110327,109411,109932,111175,113018,113955,113998,113401,112756,112346,112498,113043,113866,114289,114001,113128,111793,111045,110736,110594,110127,109542,108820,107810,107235,106991,106677,106020,105256,104878,104936,104983,104902,104514,104240,104734,105354,106244,106239,105932,105687,105601,105975,106327,107583,108492,109258,110104,111191,112573,112529,112085,111839,112361,113783,115563,118336,120978,123062,124677,126121,127690,128563,129475,130736,132727,134547,136104,137694,139718,141647,143038,143814,144300,145116,146556,148059,149344,150779,152380,153556,154125,154744,155487,156216,156787,157047,157344,157937,159143,160742,162365,163673,164589,165056,165681,166410,167365,168202,169002,169787,170535,171264,172371,174946,177751,179937,180768,181181,182356,183794,184859,184982,184768,184108,183110,181928,181339,181578,182277,182797,183391,184150,185897,187800,189434,190436,191349,192319,193328,194246,195069,196596,198707,201870,205474,208907,212060,214601,217325,219919,223051,226537,230271,232782,233235,232356,231818,233062,235012,239236,244579,251103,256838,261275,265126,266402,265942,263373,260948,258792,256815,254708,251757,249413,248258,247907,247824,247381,247357,246917,246044,244818,243497,242671,242691,243339,243914,243987,244035,243847,243850,243548,243063,242243,241820,241981,242635,242820,242775,242158,241690,241079,240490,240033,239725,240224,241129,241943,242112,241017,238959,235874,232465,229510,227571
78130,TX,Comal County,"San Antonio-New Braunfels, TX",,,,,,,,,,,,,,,,,,,,,,,,,,,,,,,,,,,,,,,,,,,,,,,,,,,,,,,,,,,,,,,,,,,,,,,,,,,,,,,,,,,,,,,,,,,,,,,,,,,,,,,,,,,,,180898,180462,180367,180085,179876,179444,178966,178489,178247,178029,178043,177866,177784,177665,177913,178197,179168,179719,180034,179560,178804,177995,177032,175897,175040,174198,173846,173325,172838,172503,172270,172235,172088,171914,171759,171845,171854,171992,172172,172808,173523,174292,174895,175208,175295,175267,175599,176228,177103,178097,179093,180055,180649,181165,181571,182124,182781,183456,184243,185155,186033,186817,187401,188168,189250,190551,191907,192972,194061,194861,195927,196968,198265,199568,200794,201888,202997,204055,205334,206753,208340,209886,211124,212367,213495,214566,215117,215798,216492,217201,217761,218339,219285,220356,221510,222667,223636,224732,225689,226805,227550,228538,229498,230883,232157,233368,234067,234760,235277,235951,236800,237672,238368,238746,239318,239831,240292,240438,240696,241096,241564,241992,242322,242437,242610,242875,243472,244181,244875,245668,246688,247582,248482,249352,250351,251314,251746,252207,253100,254806,257232,260115,263381,266577,269927,273647,277691,281674,286396,292141,298969,305164,310426,315377,320811,326616,332701,338422,344567,351060,357874,363840,366886,366578,364382,362199,360437,358221,355614,353297,350908,348836,346919,345876,344702,343365,341635,339825,338053,336014,334018,332311,331248,330588,329922,329034,327859,326695,325745,324716,323364,321834,320508,319446,318248,316948,315539,313989,312226,310527,309367,308719,308834,309192,309587,309232,308574,307847,307143,306122,304978,304179
78148,TX,Bexar County,"San Antonio-New Braunfels, TX",106412,106565,106661,106809,106485,106038,105621,105618,105650,105624,105496,105340,105046,104706,104394,104251,104352,104536,104754,104865,104799,104665,104537,104624,104713,104716,104688,104812,105161,105634,106211,106808,107559,108377,109129,109563,109716,109857,109812,109782,109744,109941,110273,110724,111187,111350,111135,110983,111347,112401,113575,114948,116183,117655,118786,119545,120466,121360,122618,123386,123985,124295,124551,124921,125362,125378,125370,125248,125244,125342,125359,125612,125584,125716,126153,126820,127850,128935,130264,131774,133649,135655,137414,138609,139140,138996,138506,138091,138346,138947,139613,139581,139041,138397,138042,138354,138441,138278,137731,137369,137329,137390,137560,137754,137871,137901,137753,137478,137188,136781,136691,136637,136679,136482,136076,135331,134534,134000,133942,133950,134120,134203,134335,134340,134547,134556,134575,134470,134455,134001,133194,132392,132034,131969,132197,132096,131618,130809,130199,129722,129341,128983,128999,129038,129092,129290,129877,130723,131482,132050,132343,132588,132738,133094,133485,133859,134473,135225,136047,136584,136911,137388,137974,138766,139620,140618,141348,141864,142460,143476,144710,145853,146708,147464,148197,148792,149196,149451,149943,150569,151403,152418,153476,154469,155247,156080,156994,158202,159414,160593,161398,162264,163158,164319,165154,165998,166846,167955,168978,169781,170398,171000,171775,172732,173800,174644,175487,176071,176665,177223,177699,178100,178349,178972,179924,181168,182226,182984,183628,184342,185264,186218,187364,188522,189548,190211,190779,191352,191973,192505,192975,193568,194279,195078,195660,196388,197290,198421,199621,200923,202286,203617,204718,205436,205700,206014,206876,208338,210419,212837,215771,218537,221435,224060,227015,230058,233673,237411,240886,243584,245693,247730,250428,253766,258327,263360,268596,273573,278062,282086,284733,286009,285803,285453,284934,284556,283974,282830,281642,280644,280862,281810,282775,283557,283605,282992,281929,280725,279888,279545,280237,281262,281935,282106,281825,281516,280797,279983,279034,278583,278217,277986,277017,275745,274120,272773,271782,270848,269771,268418,267409,266819,266553,266471,266413,266264,265795,265244,264603,264201
78152,TX,Bexar County,"San Antonio-New Braunfels, TX",84846,85370,85633,85985,85818,85415,84455,83782,83346,83673,84078,84411,84543,83968,83176,82356,81970,81715,81858,82209,82634,82697,82556,82385,82174,82186,82173,82339,82335,82522,82886,83091,83146,82904,82797,82858,82831,82870,82652,82629,82747,83207,83665,84136,84443,84582,84746,84833,85545,86518,87632,88831,89830,90963,91991,92821,93415,93611,93825,94091,94432,94831,95521,96002,96871,97218,97848,98285,99399,100859,102121,102866,103484,104414,105630,106481,106574,106578,106620,107316,107908,108986,110156,111493,111746,111571,111121,111637,112649,113912,114424,114049,114624,115686,117817,119195,120764,121604,122376,122853,123592,124232,125151,125328,124864,123573,122392,121567,121256,121218,120870,120033,119531,119178,118843,118843,119377,120817,121790,122532,122607,122995,123849,124839,125489,125351,125196,124867,124668,124340,124128,123862,123521,122714,122315,122142,121884,121255,120506,120630,120705,121342,121902,122640,122471,122555,123350,125036,126594,127170,127637,127689,127569,127383,127445,127940,128468,129153,129993,130963,132192,133611,134982,135746,135560,135270,135161,135943,137031,138537,140235,142061,143985,145685,147365,148451,148982,149230,150008,151643,153551,155413,157076,158760,160460,161886,163296,164310,164920,165325,165703,166524,167378,168352,169331,170284,171382,172522,173760,174850,175708,176207,176655,177577,178854,180506,182036,183577,184440,185209,185657,186558,187099,187679,188205,189186,190393,191614,193241,194856,196564,198234,200183,202030,203720,204671,205410,206206,206542,206218,205093,204150,203764,204187,205110,206256,207492,209337,211155,212257,211912,211781,212163,213079,213282,213176,214161,216287,219791,223382,226783,229234,231168,233652,236436,239826,243511,247600,250807,252815,253764,255563,258966,263705,269890,275825,282018,287919,293142,297369,298431,297723,294610,291773,289535,289259,290847,291084,290620,288939,288330,288362,288080,288312,288117,288248,287446,285856,284400,283596,283600,283221,282197,280536,278755,277450,277049,277142,277880,278599,279592,280518,280664,279995,278778,277320,276075,274937,274697,274712,275039,275436,275962,276524,276513,275708,274398,272736,271595,270839
78201,TX,Bexar County,"San Antonio-New Braunfels, TX",70654,70709,70706,70668,70181,69634,69102,69018,69057,69177,69268,69304,69226,69016,68762,68612,68735,68989,69171,69168,69046,68922,68780,68607,68407,68294,68297,68454,68718,69056,69338,69533,69610,69755,70023,70336,70558,70580,70578,70540,70508,70533,70752,71166,71664,72048,72261,72409,72822,73534,74150,74854,75494,76299,76956,77501,78224,78817,79381,79641,79862,80212,80618,80959,81280,81504,81693,81761,81921,82296,82628,82978,83177,83422,83686,84031,84536,85308,86192,87085,87775,88492,89157,89802,90099,90023,89859,89816,90295,90868,91557,91977,92136,92217,92262,92699,92964,93207,93386,93781,94255,94380,94260,93265,92186,91216,90939,90943,90515,89985,89317,89016,88736,88465,88204,87936,87796,87810,87970,87952,87434,86738,86316,86447,86914,87152,87388,87516,87586,87234,86714,86152,85551,84888,84120,83512,82817,82135,81400,80805,80654,80696,81005,80916,80662,80400,80629,81135,81634,82131,82822,83572,83951,83820,83461,83294,83711,84285,85075,85876,86724,87363,87670,87877,87931,88145,88180,88271,88390,88751,89409,90495,92126,93866,95377,96340,96815,96893,97102,97714,98651,100054,101651,103288,104730,106073,107579,109394,110905,112247,112945,114007,115231,116995,118570,119872,120814,121864,123044,124364,125451,126573,128038,129889,132246,134601,137003,139078,140611,141819,142661,143321,143383,143469,143959,145435,147564,149607,151601,153052,154676,156288,157615,158524,158811,159431,160163,161175,161282,160316,158928,157800,157673,157990,158603,159709,160995,162915,164635,166204,167969,170023,172014,173128,173424,173356,173636,174531,176405,178785,181617,184176,186600,189289,192448,195689,198712,201232,202357,201560,199887,198814,199359,200968,204064,207555,211416,214752,217192,218771,219266,218853,217611,216684,216215,215262,213439,210677,208101,206471,206077,206415,206309,205427,204158,202771,201466,199885,198412,197875,198883,200773,202114,202392,200813,198728,196460,194956,193403,192514,191737,191276,189493,187206,184802,182948,181451,180284,179375,178906,178979,179272,179755,179802,179533,178123,176401,174786,173820,173461
78202,TX,Bexar County,"San Antonio-New Braunfels, TX",61064,61183,61411,61766,61841,61808,61534,61494,61224,61163,61063,61196,61217,61050,60789,60427,60111,59601,59229,59072,58874,58978,58746,58658,58206,58255,58331,58480,58513,58949,59286,59749,59900,60064,60167,60299,60381,60184,59867,59826,59837,59813,59627,59478,59581,59787,60089,60548,61201,61772,61985,62612,63372,64193,64867,65631,66635,66892,67075,67155,67570,67744,67754,67356,66827,66573,66678,66965,67057,67524,68018,68777,68889,69177,69047,69115,69221,69644,70332,70919,71525,71741,71757,71594,71565,71541,71442,71368,71575,71942,72200,72218,72331,72752,72989,73012,72702,73023,73737,74402,74647,74890,75589,75877,75339,74595,74694,75192,74267,72343,70344,69435,69187,68253,67969,67797,67970,66620,65064,63525,62601,61265,60129,59086,58140,57154,56515,56446,57161,58257,59053,59190,58727,58361,58272,58170,58308,58224,57672,56387,54953,54410,54474,54755,54700,53891,52678,51502,51039,51052,51282,51380,51163,50766,50152,49456,48979,48661,48766,49193,49790,50240,50366,50638,50860,51017,50850,50790,50713,50853,51184,52074,53080,54174,55009,55609,55910,56042,56403,57181,58164,59220,60199,61512,63300,65207,67187,69139,70857,72105,72693,73080,73496,74898,76780,78988,80667,82278,83448,84372,85187,86179,87132,88155,89502,91195,92837,94184,95013,95941,96874,98243,98919,99424,99886,101154,102993,105482,108640,111643,114137,115894,117107,117836,118308,119035,120148,121677,122802,123333,123863,125037,127134,128894,129929,130980,132083,133914,135457,137097,138686,140604,142780,144828,145955,146379,146527,147908,150414,154075,157634,160812,163711,166682,170974,175694,180701,184178,185118,183595,181155,179980,180679,182481,185769,189414,193575,197231,200252,202586,203526,203619,202418,201774,201455,201703,200411,197515,193912,191631,190886,191292,190843,189459,187190,185343,184146,182744,181647,180565,180076,180074,180268,180648,179756,178496,176272,174073,171860,170406,169443,168479,166593,163919,161448,159721,158941,158048,156923,155012,153650,152619,152414,152462,151985,151130,149480,149040,148850,149015
78203,TX,Bexar County,"San Antonio-New Braunfels, TX",60553,60638,60851,61133,61305,61374,61327,61338,61153,61176,61284,61735,61913,61614,61006,60215,59778,59113,58703,58444,58180,57966,57348,56780,56096,56618,57570,58668,58859,59307,59646,59943,59736,59665,59673,59772,59694,59285,58884,58672,58872,58969,59092,59250,59683,59960,60040,60014,60254,60662,60764,61296,61767,62315,62634,62836,63548,63642,64139,64419,65221,65913,66633,66915,66841,66755,66896,66899,66376,66562,66596,67500,67433,67787,67567,67275,67135,67344,67972,68594,69207,69595,69669,69454,69292,68956,68596,68292,68224,68229,68255,68202,68081,68342,68207,68080,67468,67477,67933,68631,69146,69748,70440,70964,70462,69590,69397,69484,68673,66983,65906,66772,68300,69058,68468,67133,67007,66862,67599,67376,67073,66110,64873,63020,61077,59037,58083,57966,58796,59658,60149,59975,59358,58802,58570,58491,58315,58043,57974,57680,57524,57695,58290,58885,58861,57827,56150,54560,53958,54253,55013,55171,54443,53086,51706,50387,49424,48705,48357,48390,48745,49669,50631,51804,52260,52300,52013,51934,52094,52308,52765,53738,55179,56917,58440,59390,59763,59741,60074,60804,61579,62117,62374,63087,64375,66063,67649,68965,70115,71000,71451,71901,72447,73771,75237,76506,77446,78315,79235,80125,80452,81108,81909,83425,85385,87603,89566,91247,92826,94546,96146,97780,99167,100433,101441,103074,105552,108936,113003,116807,119792,121965,123497,125080,126739,128839,131074,133127,134239,134293,134122,134102,134382,134417,134387,135200,136325,138154,139957,141799,143845,145898,148087,149550,150142,150112,150298,151370,153494,156373,159646,162968,166332,170052,174409,178360,181724,183913,185163,185209,184847,185358,187257,190053,193455,196706,200607,204570,208296,211001,212584,212913,212267,211892,211954,211227,209395,205911,203053,200896,200528,200851,200673,199983,198849,197983,197446,196382,195339,194386,194097,194526,194914,195299,194151,192046,188873,185925,183085,180808,178414,176260,173363,170224,167120,165228,164614,164170,162977,160842,158811,157607,157525,158128,158350,157983,157216,156903,157323,158437
78204,TX,Bexar County,"San Antonio-New Braunfels, TX",62210,62199,62185,62093,61741,61256,60770,60660,60747,60972,61112,61199,61102,60780,60377,60099,59863,59732,59504,59354,59104,58985,58971,59052,59140,59296,59486,59734,60045,60462,60711,60787,60780,60790,60898,60951,60915,60688,60372,60311,60475,60821,61220,61732,62237,62670,62788,62940,63239,64016,64895,65854,66478,66878,67304,67863,68778,69565,70316,70805,71156,71401,71515,71757,72109,72675,72974,73220,73387,73757,73918,73994,73979,74352,74866,75346,75859,76376,77119,77788,78735,79583,80463,81229,81727,81587,80355,79064,78129,78098,78608,78788,78717,78360,77958,77683,77468,77873,78695,79685,80772,81449,81712,80784,79778,78761,78642,78586,78211,77429,76787,76727,76930,76263,75483,74626,74865,75299,76084,76551,76291,75721,75245,75311,75511,75381,75290,75494,75763,76052,75935,75456,73884,71835,70360,69807,69918,69980,70000,69653,68790,68126,67883,68025,68402,68729,69074,69204,69657,70436,71372,72278,72956,73489,73679,73705,73853,74318,75065,75914,76444,76826,76780,76999,76931,77163,77283,77952,78361,78648,78927,79558,80627,81982,83418,84441,84553,84328,84323,85481,87034,88974,90715,92554,94480,96126,97718,99291,100848,102176,103303,104666,106299,108643,110578,112381,113369,114856,116243,117628,118485,119062,119832,121243,123607,125856,127390,128784,129609,131266,132704,134320,135030,135424,135976,136798,138220,140325,143110,145528,147310,148887,150247,151509,152699,153944,155624,157193,157647,156397,154670,153509,153882,154518,155387,156100,156805,157692,158614,160154,162744,165829,168627,170927,172201,172520,172498,173551,175824,178812,182092,185476,188599,192080,196565,200916,204507,206969,207253,204986,200972,198281,198026,199298,202226,205576,209339,213242,216230,218050,217656,215982,213103,210539,209369,208783,206899,203598,200945,200164,200158,200614,200549,200335,199048,197422,195814,194125,192983,192391,192885,193786,194832,195107,193712,191879,190257,189090,186328,182484,178368,175463,172607,169165,166065,164065,163677,162620,160875,158831,158386,158288,158159,157464,157071,156303,155580,155142,155489,155993
78207,TX,Bexar County,"San Antonio-New Braunfels, TX",42473,42457,42577,42710,42608,42345,42052,42135,42191,42310,42343,42375,42294,41994,41605,41179,40924,40857,40898,40897,40763,40676,40466,40418,40294,40498,40649,41090,41438,41959,41928,42005,41883,42098,42367,42602,42640,42364,42090,41979,42152,42267,42382,42358,42531,42717,43002,43304,43865,44424,44958,45686,46409,46885,47328,47879,48807,49125,49304,49396,49756,50138,50388,50518,50568,50802,51141,51424,51744,52295,52584,52776,52299,52362,52191,52227,52029,52099,52345,52492,52921,53231,53425,53592,54019,54586,54451,54398,54351,54940,55680,56494,57037,57342,57402,57329,56991,57138,57562,57995,58126,58034,57855,57538,57199,57120,57391,57354,56543,55279,54841,55556,56836,57531,57399,56269,55855,55747,56443,56555,56528,56027,55179,54075,53079,52150,51750,51824,51949,51998,51835,51743,51318,50716,50525,50788,51194,51278,51428,51710,51658,51628,51461,51510,51260,50839,50409,49794,49357,49349,49671,49976,49733,49185,48681,48381,48541,48675,48919,48928,48934,48980,49099,49238,48994,48676,48425,48621,49087,49595,50031,50382,50877,51499,52182,52386,52014,51287,51068,51596,52668,53802,54821,55622,56435,57197,57974,58723,59469,60050,60487,60962,61912,63114,64230,64930,65356,66021,66910,67686,68066,68228,68722,69566,70881,72085,72942,73160,72904,72817,72998,73687,74028,74226,74352,74832,75806,77332,79481,81399,82816,83812,84461,84870,84779,84559,84316,84756,85287,85518,85497,85831,86833,87807,88407,88789,89265,90317,91546,92692,93837,94985,96167,97357,98094,98285,98196,98880,100424,102488,104830,107040,109064,110940,113183,115432,117704,119762,120422,119181,116648,115182,115399,116730,118736,121065,123888,126370,128262,129386,129759,129081,127360,126069,125660,126012,125247,124180,123069,122997,123064,123065,122505,121428,120389,119590,119232,118768,118309,117666,117327,117711,118449,118742,117714,116360,115160,114524,114060,113722,113268,112882,112147,111173,110184,109852,110351,110716,110838,110400,110474,110516,111133,111799,112212,112044,111351,110755,109913,109488
78208,TX,Bexar County,"San Antonio-New Braunfels, TX",42705,42671,42653,42635,42439,42166,41789,41604,41498,41521,41557,41580,41482,41318,41134,41112,41173,41302,41424,41450,41373,41239,40997,40803,40544,40537,40536,40610,40817,41196,41558,41898,42147,42456,42731,42974,43141,43054,42918,42930,43085,43221,43290,43304,43453,43644,43846,44059,44390,45023,45589,46165,46341,46477,46514,46764,47155,47278,47309,47300,47477,47672,47919,48168,48533,48949,49308,49630,49818,50222,50454,50934,51152,51645,51780,51988,52191,52538,52988,53194,53341,53482,53705,54090,54196,54107,53675,53389,53235,53365,53775,54339,54683,54688,54481,54314,54231,54593,55347,56085,55924,55423,55046,56152,57587,59015,59734,60256,60343,59582,58569,57832,57690,57505,57293,56511,56387,56479,57422,57798,57687,56956,56183,55769,55672,55758,56253,56917,57615,57591,57309,56796,55890,54882,53971,53382,53092,52621,52093,51447,50767,50666,50699,50902,51092,51255,51467,51743,52287,53352,54425,54949,54702,54283,54143,54017,53917,53867,54353,55051,56014,57042,57945,58454,58388,58279,58316,58764,59273,59862,60589,61926,64002,66375,68579,69595,69764,69439,69568,70530,71695,73343,74747,76395,78110,79999,81500,82507,83780,86119,88453,90892,93117,96045,98184,99764,100837,102157,103512,104798,105642,106045,106239,106267,106520,107281,109078,110764,112745,115461,118770,121880,123834,125831,128157,130802,133517,135963,138441,140552,141806,142614,142572,143030,143457,144557,145535,147158,149103,150463,151182,151605,152434,152732,152666,153263,154814,157092,158853,159626,160155,161406,163153,164374,164710,164782,165525,167194,169418,171714,173566,175392,177445,180247,184347,188066,191349,193952,195414,195081,193328,192464,193531,195672,198653,201802,205420,209931,213644,216337,216422,215478,213978,213410,213379,212861,211265,208919,206687,205466,205198,206333,207161,206989,205515,203357,202018,201015,200734,200547,201046,201574,201594,200509,198279,195201,192060,189384,187668,186690,185818,185007,183652,183021,182557,182794,182445,181096,178261,175404,174683,175548,177385,179527,181297,182171,182266,182090,182155,182744
78209,TX,Bexar County,"San Antonio-New Braunfels, TX",215457,215960,215984,215994,214630,213561,212022,211749,211290,211461,211294,211475,212033,212885,213222,213152,213040,213443,213954,214513,214220,212914,211179,210173,210294,210580,210654,210609,211078,212099,212739,213371,213716,214381,215114,215446,215701,215651,215526,215389,215098,215660,216861,218378,219682,220577,221022,221223,222621,225506,228273,230726,232102,234056,235012,235393,235445,235681,236360,236849,237157,237740,238579,239710,240648,241605,242550,243510,244227,245566,247426,249465,251306,252793,253999,254540,255246,256770,258758,260524,262113,263851,266008,268437,270126,270541,270344,270406,271916,273576,275724,277398,279026,280304,281305,282447,282458,282264,281777,282253,283030,283696,283976,282582,280451,278636,278146,277850,276813,275102,273899,272904,271989,270438,269172,268562,268759,269597,270506,271209,271466,271722,272238,272996,273786,274355,274602,274938,275254,275115,274022,272539,270958,269516,268750,268413,268652,268079,267584,266559,265692,264803,264525,264410,264659,265413,267016,268817,270013,271346,272755,275398,277466,279136,280033,281460,284346,287790,291262,293910,296615,299004,300840,302070,303110,304106,304563,305339,306702,309013,311364,313752,316530,319345,322035,323639,324709,325470,327405,330281,334045,337686,340958,343380,345171,346161,347499,349037,351126,353172,354787,356404,358210,360162,361400,362309,363136,364097,364563,364879,365236,365860,366871,368015,369753,371792,374855,378363,381374,383661,384600,385471,386164,387324,388936,391146,393172,394319,394781,394941,395655,397069,398637,399339,399085,398859,399094,400001,400590,400979,400727,400478,400112,400174,400412,400905,401446,402838,404900,406347,408260,410523,413351,414784,414494,413646,413737,415153,418356,421900,426703,431442,436754,442450,448314,453871,458961,463312,467117,469947,472193,473595,475709,478700,484295,490247,497683,505236,512421,518022,519873,519129,515976,513739,512165,511826,512480,513014,513486,514293,516685,520163,523366,526296,528484,530359,531983,532810,533577,534538,536526,537791,538666,538647,538434,537639,537798,538805,539270,539311,538330,537551,535738,533307,530751,528333,527252,526903,527839,529054,530348,531183,531484,531970,531327,529875,527909,527334,527962,529425
78210,TX,Bexar County,"San Antonio-New Braunfels, TX",57012,57026,57076,57045,56829,56636,56564,56744,56904,57053,57122,57148,57098,56995,56858,56733,56639,56610,56570,56465,56133,55792,55470,55306,55170,55143,55130,55164,55205,55274,55311,55293,55377,55567,55869,56061,56147,56040,55963,56049,56410,56773,57106,57446,57823,58157,58264,58367,58608,59324,60149,61190,61962,62681,63186,63563,63960,64180,64516,64785,65166,65459,65664,65805,65909,66028,65999,65949,66020,66468,66923,67355,67410,67588,67798,68022,68281,68674,69331,70010,70721,71408,72115,72782,73298,73476,73267,73101,73305,73735,74233,74465,74516,74484,74435,74724,74925,75307,75610,75975,76148,76104,76229,75855,75375,74695,74729,74875,74624,73970,73252,73027,72893,72529,71885,70904,70563,70436,70804,71074,71009,70741,70371,70226,70229,69879,69659,69648,70046,70360,70403,70049,69448,68665,68126,67611,67298,66917,66869,66873,66901,66769,66612,66609,66713,66885,67085,67358,67800,68375,68788,68980,68574,68015,67470,67226,67417,67626,68157,68852,69571,70176,70437,70884,71025,71341,71537,71813,71966,72008,72372,73061,74223,75388,76471,77264,77608,77742,78141,79056,80370,81763,83318,84800,86311,87583,88712,89865,90542,90997,90943,91191,91596,92426,93302,93937,94512,95371,96662,97836,98553,99050,99783,100974,102613,104556,106541,108567,110060,111692,113172,114835,115852,116733,117842,119545,121705,123926,126690,129221,131317,132990,134258,135569,136375,137481,138725,140079,140422,139847,138992,138738,139306,140207,141165,142368,143747,145406,146971,148416,149985,151750,153285,154113,154035,153460,153583,154562,156936,159745,162852,165603,168185,171212,174913,178710,181984,184420,185213,184274,182768,182336,183694,186042,189517,193112,196934,200653,203569,205357,205355,204339,202571,201277,200654,200041,198449,195324,192030,189487,188604,188694,188605,187683,185939,184079,182302,180413,178616,177535,177672,178557,179315,179295,177905,175804,173326,171432,169982,169161,168419,167800,166583,165225,164110,163899,164579,164891,164465,163181,162732,162628,163257,163690,163770,162862,161498,160532,160137,159998
78211,TX,Bexar County,"San Antonio-New Braunfels, TX",55352,55490,55541,55588,55146,54569,54034,53927,54164,54552,54913,55083,55064,54894,54741,54559,54635,54743,55018,55238,55209,55068,54672,54366,54040,53990,53994,54187,54342,54624,54655,54666,54551,54648,54890,55124,55187,55121,55077,55108,55298,55465,55706,55859,56178,56405,56567,56656,56993,57622,58307,59112,59855,60522,61102,61601,62300,62721,63148,63358,63559,63741,64004,64285,64452,64713,64918,65237,65436,66056,66432,67158,67464,68023,68204,68592,68915,69314,69842,70399,71215,71665,71991,72094,72368,72550,72473,72222,72363,72808,73523,73944,74367,74910,75573,75972,75982,75876,75954,76270,76539,76753,76883,76582,76260,75721,75554,74886,73789,72149,70827,69908,69688,69438,69186,68343,67874,67639,67973,68353,68592,68685,68563,68378,68402,68259,68342,68335,68215,67944,67541,67152,66583,65816,65367,65025,65101,65207,65209,64771,63774,63052,62655,62740,62856,62672,62033,61054,60243,60036,60286,60718,60860,60439,59948,59643,59917,60321,60840,61380,61806,62054,62228,62550,62838,63077,63359,63884,64386,64960,65393,66114,66817,67530,68197,68710,68891,68591,68346,68742,69544,70540,71151,71789,72449,73185,73818,74450,74954,75124,74947,75110,75800,76912,77712,78290,78512,79028,79577,80075,80105,79958,80237,81085,82553,84101,85475,86573,87081,87571,88134,89181,90422,91557,92684,93943,95391,96994,98705,100353,101591,102449,103162,103926,104590,104936,105286,106116,106812,107104,106993,107170,107853,108696,109638,110439,111087,111956,112972,114187,115669,117355,118900,120208,121075,121387,121521,122183,123866,126026,128393,130598,132826,135063,137673,140243,142498,144478,144953,143937,141831,140732,141266,142697,145019,147929,151459,154697,157269,159174,160222,159922,158312,156876,156226,156235,155167,153664,151897,151254,150889,150758,149992,148990,147634,146310,145010,143666,142480,141570,141341,141716,142295,142561,141753,140583,139289,138313,136923,135444,134355,133899,133626,133010,132286,131988,132634,133453,133719,132682,131371,130331,130656,131720,132871,133068,132409,131610,130702,130271
78212,TX,Bexar County,"San Antonio-New Braunfels, TX",102240,102243,102113,101917,101219,100583,99906,99773,99813,100086,100376,100611,100864,100897,100849,100614,100794,101222,101813,102103,102098,101889,101652,101391,101204,101200,101363,101733,102184,102697,103057,103285,103247,103090,103190,103559,104048,104228,104270,104371,104405,104557,104736,105275,106026,106756,107241,107656,108590,110022,111271,112360,113192,114109,114963,115531,116345,116801,117281,117320,117342,117535,117890,118350,118949,119545,119989,120196,120421,121080,121829,122581,122922,123257,123668,124001,124514,125114,126162,127416,128606,129747,130547,131494,132153,132528,132516,132495,132984,133801,134549,134885,134597,134472,134355,134856,134909,134894,134732,134887,135183,135124,135151,134494,133876,133170,133124,133316,132907,132054,131230,130833,130402,129773,129085,128533,128257,128274,128499,128549,128208,127730,127373,127498,128065,128496,128991,129218,129336,129041,128624,128116,127443,126486,125619,124720,123971,123010,122412,121994,121941,121691,121682,121505,121671,121937,122674,123432,124271,125235,126381,127394,127687,127691,127408,127578,128289,129378,130786,132268,133611,134627,134633,134563,134265,134714,135190,136091,137346,138923,140833,142898,145437,147847,150431,152059,153429,154233,155522,156895,158846,161497,164600,167379,169765,171896,174335,176995,179294,181170,182400,184306,186637,189621,191708,193625,195662,198289,200748,202723,204544,206076,207887,209760,212181,215145,218460,221388,223030,224519,226018,227548,228044,228515,229351,231406,233584,235568,237599,239699,241890,243680,244431,244896,244784,245186,245601,246183,245655,243958,242039,240638,240189,240000,240035,240654,241813,243935,246308,248510,250716,252805,254738,255647,255622,255139,255348,256456,258871,261711,265018,267663,270272,273453,277611,282176,286442,289877,292405,293530,294035,294623,296737,299541,302716,304913,307259,310042,313195,315683,316302,315420,313887,313072,312438,311107,309721,307747,305696,303587,302524,302565,302407,302016,301101,300518,299888,298861,297959,297784,299284,301264,302412,301732,299347,296392,293867,292150,290600,289846,289533,290157,289926,289036,287391,285971,284911,283925,283148,282333,282378,282841,283725,284390,284653,284300,283070,282080,281111,281043
78213,TX,Bexar County,"San Antonio-New Braunfels, TX",90944,91078,91105,91220,90764,90107,89402,89227,89278,89290,89232,89101,88894,88650,88444,88362,88443,88580,88717,88766,88861,88964,89035,89011,88922,88820,88849,89018,89367,89718,90041,90323,90538,90795,91100,91331,91364,91210,91021,91021,91228,91634,92052,92395,92755,92998,93119,93259,93830,94965,96087,97206,98080,98976,99708,100202,100916,101596,102451,103103,103546,103758,103855,104038,104247,104428,104616,104832,104894,105036,105081,105152,105077,105143,105322,105614,106091,106839,107643,108424,109263,110146,111269,112453,113465,113796,113670,113571,114138,115057,115982,116690,117065,117382,117355,117491,117104,116652,116100,115958,116117,116204,116358,115767,115039,114303,114167,114087,113608,112838,112078,111584,111165,110729,110234,109606,109206,109258,109700,109967,109946,109766,109627,109518,109596,109620,109615,109542,109334,108848,107936,107038,106489,106147,106213,106065,105888,105373,105029,104785,104599,104245,104141,103859,103594,103358,103611,104069,104645,105197,105836,106114,106062,105854,105619,105701,106329,107293,108233,108971,109644,110263,110558,110650,110661,110889,111069,111390,111798,112417,112963,113535,114432,115451,116557,117206,117604,117527,117703,118190,119094,120460,121821,123306,124523,125844,127155,128647,129960,131198,132098,133279,134736,136560,138236,139597,140543,141346,142162,143210,144289,145323,146434,147700,149180,150766,152517,154100,155333,156346,157323,158127,158650,159241,160445,162218,164111,165403,166455,167362,168392,169409,170179,170848,171172,171510,171954,172652,173233,173331,173298,173405,173992,174636,175283,176161,177201,178617,179827,181096,182434,184087,185415,186173,186317,186365,186716,187496,189118,191367,194114,196602,198894,201097,203580,206124,208844,211639,213440,213685,212981,212542,213452,215417,219085,223597,228588,233211,237031,239916,241502,242004,241650,241363,240784,239633,237686,235400,233508,232325,232369,233052,233826,234374,234268,233861,232945,232120,231376,231393,232172,233514,234297,234286,232939,231194,229216,227492,225667,224289,222889,221879,220121,218284,216193,214727,213699,213620,213871,214050,213700,213002,212612,211896,211111,209854,208699,208027,207560,207686
78214,TX,Bexar County,"San Antonio-New Braunfels, TX",56394,56320,56226,56141,55953,55818,55624,55624,55689,55830,55934,55989,56000,55910,55718,55350,54957,54670,54536,54483,54349,54182,53995,53880,53792,53765,53771,53906,54162,54491,54724,54841,54951,55082,55289,55396,55406,55266,55131,55127,55295,55490,55671,55934,56305,56657,56868,57062,57538,58418,59317,60202,60829,61475,62010,62503,62997,63665,64483,65269,65719,66014,66246,66558,66969,67446,67758,67847,67804,67843,67823,67921,67979,68203,68369,68576,68934,69294,69858,70231,71166,71989,72781,73095,73426,73637,73668,73742,74069,74798,75736,76702,77415,77836,78091,78249,78166,78190,78464,79121,79571,79613,79161,78150,77265,76439,76234,75833,74941,73667,72348,71689,71196,70590,70228,69430,69009,68354,68550,68853,68902,68699,68395,68381,68338,68091,67981,68430,69320,70065,70222,70095,69958,69507,69280,68651,68292,67687,67289,66721,66161,65750,65497,65248,64840,64370,64031,63900,64086,64551,64970,65484,65377,65052,64473,64152,64241,64436,64869,65387,65873,66299,66657,67360,67795,68230,68463,69125,69655,70090,70486,71218,72100,72967,73590,74020,73807,73286,73114,73838,75100,76393,77552,78803,80234,81627,82901,83992,84701,85064,85310,86060,87482,89221,90664,91675,92406,93602,94907,96396,97454,98343,99082,99930,101183,102621,103666,104343,104572,105291,106172,107501,108516,109480,110421,111530,112890,114333,116335,118254,119778,120763,121277,121695,121398,121090,120964,121594,122018,122078,121861,121804,122065,122463,122865,123349,124129,125539,127027,128237,129550,131213,133060,134315,134773,134736,134989,135921,137544,139649,142103,144449,147004,149751,153356,156880,160061,162777,163470,161968,158794,156780,156769,157992,160684,164164,168457,172292,175219,177160,177528,176169,173562,171204,169769,168289,165943,162905,160845,160335,161022,161747,161476,160352,158387,156438,154735,153457,152603,152147,152693,153747,154856,154871,153770,152504,151179,150165,148428,146861,145523,145114,144604,143566,142149,141254,141169,141133,140619,139310,138538,138299,138729,138805,138506,137662,136820,136395,136672,137230
78215,TX,Bexar County,"San Antonio-New Braunfels, TX",112558,112303,111538,110685,109589,109404,108742,108616,108460,109006,109484,110017,110558,110859,110761,110454,110636,111344,112082,112547,111986,111313,110345,109999,110040,110523,110966,111294,111764,112058,112039,111873,111682,111530,111429,111598,111950,112108,112046,112104,112093,112622,113026,113818,114443,115151,115574,116246,117586,119500,121054,122080,123016,123525,123908,123695,124350,124855,125442,125396,125093,124841,124824,125414,126573,128011,128909,129467,129823,130949,132250,133713,134666,135552,135849,135887,135525,135690,136349,137069,137899,138275,139203,139971,140892,141119,141469,141695,142683,143767,145185,146438,146966,146784,146057,145516,144928,144493,144450,144261,143620,142850,142556,141465,139726,137909,137234,136893,136265,135262,134324,133733,133000,132331,131498,130991,131354,132224,133514,134062,134190,133800,134127,134725,136736,138097,139304,139179,138430,137902,137720,138296,138073,137420,136173,135570,135251,134585,134125,133482,133188,132569,132487,132601,133229,134045,135600,137241,138768,140724,142560,144192,144634,145470,146352,147483,148227,149379,150774,152355,154115,156409,158833,160807,162348,164261,166379,168944,172151,175674,179630,182540,185742,187982,190376,191424,192844,194660,197698,200319,203246,205568,208415,210769,213549,216087,218795,222013,226152,231017,235681,241863,248385,254276,256676,258586,260634,263838,267832,271923,275564,277568,280316,282891,285748,289269,292253,295123,296789,299677,302134,303775,303135,302378,301383,303166,305465,307508,310101,312999,315921,318466,319943,321400,320265,318250,316209,316882,319374,322612,325474,327031,327992,328036,328252,330485,333190,336824,338884,340055,340298,341729,344781,347501,349505,351386,354676,358540,363211,366403,369097,370528,375847,383228,391247,397223,402898,408801,413654,414153,411584,407766,407895,408602,412697,417144,424865,433345,442301,450183,453238,450957,446386,443220,442604,441995,440741,440292,438400,437364,436023,438031,440884,442627,443666,444083,446677,450332,455651,460468,464414,466946,468453,468158,466918,465484,465251,465398,464218,463430,464212,467100,469253,468390,464998,461008,457822,455963,454390,454118,455410,458305,461187,464140,465259,465889,463926,462066,459203,458498
78216,TX,Bexar County,"San Antonio-New Braunfels, TX",127374,127623,127855,128317,127790,126899,125833,125639,125668,125567,125386,125101,124797,124369,123960,123678,123708,123867,124160,124386,124564,124749,124805,124958,124969,124984,124967,125150,125576,126089,126705,127352,127945,128313,128658,128915,129156,129207,129342,129586,130021,130428,130699,130920,131185,131445,131514,131551,132187,133571,135115,136761,138145,139610,140744,141323,141888,142237,142796,143191,143403,143628,143752,144009,144015,143864,143843,144213,145020,145861,146703,147303,147754,147788,147822,147837,148437,149202,150085,150828,151784,153096,154399,155822,156762,157601,158165,158838,160131,161703,163444,164667,165366,165874,166379,166990,166926,166383,165739,165618,165820,165838,165742,165020,164208,163343,162935,162520,162027,161293,160726,160247,159813,159257,158595,157779,157080,156675,156708,156836,156979,157105,157431,157900,158339,158392,158187,158089,157958,157505,156458,155392,154407,153578,153073,152733,152389,151743,151343,151176,151278,151287,151464,151395,151182,151078,151266,151621,151918,152380,152961,153781,154354,155053,155452,155984,156744,157660,158554,159128,159858,160743,161547,162164,162746,163457,163867,164158,164743,165936,167461,168886,170250,171518,172867,173949,174671,175023,175501,176300,177657,179318,180763,181765,182588,183665,184946,186477,187750,188860,189619,190811,192547,194658,196303,197599,198755,200233,201752,203022,204018,204718,205701,206717,207984,209126,210702,212246,213467,214426,214998,215842,216376,217126,218079,219799,221825,223527,225044,226321,227603,228702,229734,230469,230797,231001,231495,232471,233105,233171,232783,232863,233427,234131,234623,235368,236402,237850,239261,240363,241475,242700,243908,244845,245214,245794,246919,248628,251173,253841,256947,259740,262689,265847,269400,272907,277041,281324,284945,286800,287382,288048,290098,293199,298098,303519,309786,315833,320951,324628,326322,326361,325400,324447,323678,322843,321795,320563,319658,319224,320054,321559,323500,325505,326824,327474,327324,326575,325859,326016,327340,328927,329505,329090,327957,326697,325593,324569,323069,321886,321232,321486,320773,319297,317066,315356,313906,312935,312025,311086,310476,309831,309427,308818,308660,308130,307255,306174,305440,305379
78217,TX,Bexar County,"San Antonio-New Braunfels, TX",92180,92280,92314,92415,91944,91343,90615,90363,90201,90071,89956,89873,89734,89541,89296,89108,88989,88943,89001,89095,89160,89180,89155,89143,89104,89092,89178,89415,89725,90052,90401,90846,91300,91693,92051,92295,92407,92343,92282,92361,92675,93104,93565,93926,94235,94394,94373,94394,94859,95966,97002,97988,98554,99300,100014,100563,101272,101743,102479,102895,103189,103309,103526,104019,104639,105057,105305,105442,105625,105933,106181,106507,106642,106816,106966,107232,107746,108541,109345,110128,110978,112029,113062,114115,114976,115386,115353,115365,116048,117197,118577,119791,120907,121817,122539,123017,122880,122452,122017,121990,122160,122144,121990,121369,120655,120079,119822,119613,119200,118691,118265,117950,117684,117394,117103,116665,116204,115964,116105,116393,116641,116844,117250,117618,117942,117891,117754,117670,117492,117063,116225,115541,115111,114852,114750,114416,113875,112985,112325,112048,112143,112185,112283,112189,112142,112268,112868,113623,114289,114790,115126,115383,115298,115340,115289,115413,115827,116459,117294,117854,118474,119070,119710,120229,120651,121093,121461,121841,122560,123638,124981,126132,127184,128144,129048,129778,130193,130446,130878,131665,132718,133778,134741,135627,136582,137641,138821,140159,141242,142061,142694,143526,144592,145662,146410,147198,148046,149144,150063,150974,151979,153019,154032,154912,155976,156933,158050,159069,160114,160993,161674,162352,162851,163409,164095,165224,166491,167572,168443,169162,169938,170776,171771,172682,173434,174194,175056,176098,176788,177113,177122,177196,177522,178048,178617,179253,180000,181037,182196,183355,184555,185897,187109,187907,188304,188644,189456,190618,192487,194724,197330,199737,202085,204670,207742,211014,214395,217729,220353,221628,221890,222225,223758,226325,230480,235477,240967,246104,250513,254191,256675,257729,257675,257505,257457,257552,257389,256690,255873,255377,255901,256970,257877,258530,258439,257820,256569,255079,253939,253530,254014,254730,254917,254608,253619,252662,251587,250575,249597,248892,248278,247541,246186,244772,243511,242782,242203,241687,240958,239730,238550,237545,236912,236245,235682,235098,234284,233226,232229,231768
78218,TX,Bexar County,"San Antonio-New Braunfels, TX",74903,74925,74913,74876,74529,74075,73617,73443,73435,73461,73498,73450,73270,73022,72807,72705,72701,72727,72804,72928,72993,73058,72992,72920,72753,72615,72558,72709,73001,73347,73661,73918,74108,74292,74565,74797,74921,74893,74879,74861,75029,75243,75574,75871,76278,76596,76714,76831,77333,78284,79063,79783,80235,80988,81651,82177,82734,83267,84017,84516,84732,84848,85286,85917,86590,86803,86793,86855,87095,87465,87578,87587,87518,87475,87338,87346,87573,88109,88888,89605,90258,90824,91573,92540,93321,93793,93981,94055,94267,94710,95277,95888,96295,96680,96842,96896,96580,96211,95916,95959,96155,96309,96322,95920,95396,94879,94644,94405,94045,93555,93132,92777,92502,92072,91720,91268,91078,90854,90860,90871,90893,90955,90965,91078,91160,91121,91168,91135,90944,90357,89559,88831,88241,87651,87340,86994,86721,86180,85623,85122,84769,84491,84404,84288,84310,84517,85351,86484,87768,88822,89635,90163,90349,90286,89956,89616,89685,89851,90233,90629,91287,91895,92367,92824,93341,94137,94884,95646,96464,97448,98626,99804,100947,101923,102654,103160,103397,103547,103930,104620,105642,106853,108170,109466,110693,111971,113217,114600,115927,117378,118575,119963,121445,123109,124236,125041,125599,126160,126683,127138,127709,128361,129356,130480,131854,133289,134662,135805,136542,137326,138066,138942,139572,140144,140989,142233,143697,144890,145959,146905,147979,149223,150377,151296,152029,152914,154014,155206,156112,156454,156270,155844,155754,156126,156854,157860,158996,160465,161918,163156,164256,165384,166321,166870,167070,167392,168173,169431,171322,173550,176007,178230,180362,182635,185153,187737,190326,193157,195313,196340,196402,196624,197958,200270,204359,209303,214520,218983,222444,225350,227233,228161,228037,227767,227262,226613,225463,223771,222142,221117,221166,221702,222118,222753,222972,222837,222005,220868,219929,219558,220031,220933,221278,221050,219871,218754,217448,216266,215052,214269,213476,212418,210692,208890,207166,205872,204733,203364,201924,200498,199437,198835,198690,198914,199135,198945,198452,197221,195914,195062
78219,TX,Bexar County,"San Antonio-New Braunfels, TX",52957,53109,53189,53347,53024,52535,51922,51683,51657,51798,51958,51999,51903,51675,51412,51233,51221,51366,51506,51641,51623,51429,51140,50854,50683,50568,50626,50825,51101,51328,51550,51838,52219,52745,53318,53824,54123,54248,54287,54289,54363,54478,54661,54891,55172,55350,55297,55179,55355,55899,56493,57080,57451,57870,58285,58741,59407,59868,60401,60762,61171,61411,61580,61690,61891,61921,61837,61648,61703,62190,62832,63463,63763,64139,64574,65117,65621,66272,66977,67696,68150,68499,68755,69011,69138,69045,68899,68980,69361,69725,70059,70308,70453,70658,70880,71296,71345,71342,71381,71612,71808,71725,71544,71232,70827,70452,70264,70200,69995,69627,69458,69479,69663,69608,69551,69065,68872,68665,68838,68999,69161,69340,69371,69391,69253,69168,69206,69252,69017,68405,67654,66974,66384,65850,65592,65193,64779,64021,63543,63243,63365,63526,63839,64065,64334,64801,65618,66828,68281,69721,70913,71442,71242,70603,69966,69555,69722,69995,70567,70992,71719,72548,73314,73838,74025,74157,74243,74382,74886,75546,76304,77024,77965,78965,79808,80175,80097,79816,79866,80267,80884,81440,81967,82674,83492,84603,85877,87120,87971,88442,88850,89605,90493,91553,92435,93433,94296,95121,95787,96636,97692,98917,100294,101884,103745,105384,106524,107184,107741,108655,109683,110953,112090,113313,114580,115961,117248,118200,119038,119862,120674,121578,122276,122948,123555,124464,125440,126412,126809,126776,126445,126287,126454,126854,127400,128202,129221,130612,132011,133306,134381,135504,136362,136986,137092,137164,137599,138693,140656,143069,145770,148042,149958,151905,154246,156622,158753,160814,162119,162272,161584,161156,161779,163381,167158,172261,177370,181341,184273,187252,189139,189724,188800,187977,187264,186523,185182,183321,181983,181664,182365,183214,183464,183666,183440,183105,182246,181455,181277,181968,183367,184812,185723,186074,185543,184665,183405,182097,180775,179907,179163,178643,177391,175916,174338,173326,172861,172279,171474,170638,169755,169466,169555,170283,170911,170921,170862,170105,169399,168664
78220,TX,Bexar County,"San Antonio-New Braunfels, TX",54437,54600,54696,54879,54643,54294,53878,53850,53917,53957,54028,53955,53807,53438,53095,52876,52861,52940,52962,52819,52686,52535,52336,52055,51812,51797,51980,52275,52359,52371,52368,52596,52913,53379,53903,54274,54481,54462,54490,54514,54762,54935,55086,55169,55270,55248,55094,55026,55349,55985,56614,57310,57926,58700,59517,60365,61110,61612,62039,62490,62827,63101,63253,63258,63127,62781,62326,61866,61837,62320,62730,63017,63052,63372,63711,64138,64538,65006,65627,66223,66876,67313,67752,68031,68216,67937,67401,66821,66761,67027,67456,67656,67643,67849,68210,68781,68967,69098,69164,69353,69811,70200,70384,69917,69217,68547,68275,68241,67855,67010,66262,66206,66647,66762,66453,65381,64758,64141,64383,64460,64689,64630,64658,64918,65318,65637,65815,66166,66339,66307,66070,65628,65039,64308,63994,63754,63311,62632,62232,62117,62192,62116,61904,61495,60960,60548,60409,60497,60828,61176,61630,61884,61736,61223,60583,60021,60104,60273,60709,60971,61319,61729,62061,62692,63023,63432,63611,64137,64770,65491,66165,66851,67759,68716,69553,69884,69807,69778,70031,70849,71845,72974,74049,75267,76431,77607,78560,79563,80194,80640,80789,81201,82042,83152,83985,84396,84876,85670,86468,87243,87964,88989,90089,91207,92378,93616,94772,95595,96047,96577,97294,98440,99451,100365,101028,101978,103096,104543,106316,107991,109270,110143,110906,111711,112452,113418,114412,115741,116654,117414,117909,118462,119277,120166,121271,122214,123073,124218,125645,127231,128806,130555,131993,133026,133430,133755,134435,135669,137573,139775,142193,144412,146423,148698,151414,154095,156335,158509,160129,160653,160342,160427,161931,164196,168051,172818,177802,181616,184295,186578,188076,188356,187452,186764,186465,186149,184757,182579,180627,179928,180108,180639,180615,180215,179107,177750,176562,175589,174737,174187,174438,175577,176582,177096,176306,175238,173635,172043,170138,168857,168025,167310,165769,163718,161800,160338,159503,158217,157011,155314,154243,153513,153594,153970,153803,153169,152627,152454,152380,152511
78221,TX,Bexar County,"San Antonio-New Braunfels, TX",72953,73072,73032,72999,72582,72176,71742,71636,71637,71740,71814,71804,71628,71323,71056,70901,70853,70806,70760,70775,70706,70516,70229,70031,69974,70027,70049,70147,70452,70872,71289,71527,71848,72274,72789,73121,73116,72863,72579,72474,72601,72873,73303,73817,74400,74874,75117,75300,75855,76903,78095,79278,80338,81486,82456,83153,83792,84230,84881,85394,85836,86171,86593,86861,86992,86779,86552,86272,86100,86401,86637,87105,87246,87492,87680,88244,88913,89629,90389,91213,92344,93249,94177,94818,95506,95987,96195,96258,96536,97199,97990,98641,98967,99324,99862,100405,100514,100407,100546,101019,101395,101396,101322,100926,100435,99731,99159,98480,97169,95501,93741,92757,92336,92014,91768,91210,91234,91242,91901,92412,92599,92214,91625,91257,91225,91028,90908,91010,91305,91462,91126,90697,90305,89688,89448,89115,88938,88575,88412,87752,87018,86304,86246,85906,85295,84492,83815,83215,82999,83397,84084,84738,84748,84466,84118,83982,84340,84946,85991,86950,88003,88799,89235,89585,89686,90086,90456,91152,91986,92779,93446,94148,94833,95643,96276,96744,96520,96097,95973,96857,98300,100040,101430,102622,103627,104681,105794,106912,107934,108627,109034,109748,110942,112634,114022,115129,115849,116951,118096,119333,120234,121187,122334,123510,124987,126674,128409,130092,131152,132270,133244,134566,135415,136080,136814,138248,140109,142075,144154,146021,147594,148695,149383,149900,150124,150262,150424,150998,151364,151301,151049,150981,151392,151857,152391,153286,154424,156010,157395,158684,160422,162357,164046,164791,164915,164785,164904,165588,167114,169352,172080,174866,177614,180487,183689,186615,188881,190951,192237,192076,190712,189719,190614,192538,196035,200245,204847,208758,211874,214593,215780,215164,212718,210666,209211,208265,206378,203720,201108,199626,199461,199871,199988,199903,199096,198026,196515,195105,193844,193282,193578,194474,195016,194964,194039,193083,191893,190687,189283,188491,188203,188325,188111,187538,186466,185359,184475,183462,182379,180504,179156,178689,179419,180278,180502,179983,178846,177686,177036,176881
78222,TX,Bexar County,"San Antonio-New Braunfels, TX",80817,80598,80516,80370,79904,79293,78523,78085,77741,77393,77186,77020,76926,76722,76485,76277,76300,76473,76811,77205,77601,78034,78395,78768,79019,79232,79399,79614,79850,80032,80235,80422,80641,80856,81034,81127,81018,80894,80762,80793,80943,81328,81709,82250,82701,83054,83051,83094,83733,84893,86131,87368,88375,89450,90297,90915,91561,92123,92787,93100,93256,93581,94062,94674,95158,95370,95371,95245,95513,96066,96434,96474,96219,96297,96425,96531,96600,96942,97592,98317,99112,99818,100767,101886,102867,103065,102719,102305,102600,103269,104159,105003,105693,106635,107413,108155,108118,108052,107989,108239,108351,108203,107902,107253,106522,105847,105523,105233,104674,103892,103398,103328,103514,103514,103268,102693,102187,101671,101431,101265,101334,101290,101122,100940,100913,100962,100956,100906,100660,100106,99246,98619,98481,98302,98364,98157,98165,97791,97891,98258,98831,98910,98818,98395,98182,98383,99304,100466,101667,102849,103806,104398,104387,104351,104328,104540,104920,105369,106080,106923,107905,108835,109505,110121,110484,111041,111697,112609,113729,114846,115978,117041,118049,118846,119420,119678,119744,119790,120130,120889,121839,123071,124297,125408,126292,127157,127966,128694,129284,129871,130302,130966,131909,133279,134266,135174,135995,136983,137841,138543,139209,140133,141330,142540,143604,144553,145538,146339,146863,147414,148030,148670,149151,149703,150700,151996,153309,154389,155451,156224,156864,157415,158223,158962,159573,160245,161254,162410,163328,163849,164237,164572,164962,165415,165951,166663,167456,168519,169782,171088,172302,173381,174084,174378,174368,174425,174947,175883,177441,179451,181808,183981,186047,188209,190738,193368,195985,198821,201809,204609,207085,209193,211675,214607,218651,223133,227698,231779,235326,238532,240649,241543,241243,241009,240696,240363,239737,238430,237071,235814,235451,235565,235601,235538,234944,234004,232817,231546,230757,230482,230646,230953,230907,230745,230058,229479,228691,227997,227374,227316,227414,227481,226870,225925,224605,223344,222152,220916,219846,218704,217875,217208,216568,215973,215011,213737,212134,210583,209322,208420
78223,TX,Bexar County,"San Antonio-New Braunfels, TX",71321,71407,71469,71551,71308,70913,70544,70518,70690,70826,70903,70851,70721,70465,70270,70100,70055,70019,70071,70089,70063,70023,69902,69778,69602,69535,69473,69544,69670,69861,69988,70112,70263,70470,70775,70988,71094,71047,70994,71074,71394,71842,72331,72815,73278,73643,73827,74170,74884,75963,76913,77797,78361,79140,79851,80616,81538,82427,83304,83928,84301,84725,85130,85624,86114,86290,86276,86038,85855,85898,85999,86041,86095,86183,86345,86520,86776,87360,88087,88987,89846,90626,91413,92458,93293,93762,93707,93672,94149,94879,95819,96327,96699,96924,97259,97512,97410,97079,96991,97271,97717,97759,97643,97279,96954,96463,96155,95786,95178,94207,93321,92858,92640,92246,91798,91182,90862,90663,90760,90877,90772,90417,90100,90094,90353,90501,90575,90701,90755,90566,89943,89273,88705,88225,87983,87562,87209,86592,86257,85815,85600,85353,85379,85218,84990,84967,85358,86040,86859,87713,88400,88744,88513,88053,87538,87237,87407,87754,88412,89053,89810,90491,90855,91162,91157,91402,91598,92019,92750,93803,95039,96281,97538,98613,99291,99572,99665,99641,99840,100501,101501,102833,104132,105587,106845,108121,109349,110560,111454,112103,112541,113324,114512,116005,117145,117912,118511,119447,120276,121063,121651,122443,123466,124531,125819,126991,128074,128846,129370,129997,130856,132117,133128,133870,134566,135666,137037,138257,139658,140904,142135,143139,144097,145029,145910,146848,147946,149166,149953,150050,149905,149800,150070,150419,151050,152051,153022,154255,155318,156487,157710,159084,160228,160779,160819,160587,160724,161278,162580,164357,166552,168710,170759,172933,175576,178512,181430,184353,186366,187141,186945,187003,188122,190131,193726,198352,203447,207786,211181,214000,215614,215821,214607,213606,212809,212163,210863,208909,206899,205694,205659,206168,206173,205935,205162,204411,203144,201784,200456,199957,200327,201254,201634,201212,199900,198543,197259,196055,194927,194217,193798,193813,193408,192838,191828,191055,190670,190319,190135,189655,189343,189193,189172,189084,188211,186817,185272,183986,183077,182506
78224,TX,Bexar County,"San Antonio-New Braunfels, TX",77497,77503,77577,77611,77230,76642,75958,75654,75490,75587,75690,75784,75624,75331,75058,75013,75207,75322,75405,75477,75684,75895,75990,76005,75971,76085,76283,76510,76816,77148,77610,78021,78416,78583,78893,79168,79394,79356,79193,79017,78962,79066,79220,79179,79106,79098,79005,78884,79219,80193,81273,82236,83007,83861,84750,85576,86762,87493,88241,88475,88787,89101,89606,90388,91218,91833,91914,91742,91221,91194,91190,91635,91706,91736,91806,92342,92737,93256,93808,94654,95741,96542,97186,97585,98023,98405,98594,98653,99442,100580,101844,102615,102708,103212,103853,104617,104518,104356,104564,105218,105601,105757,105848,106029,106040,105795,105401,104897,104037,102772,101430,100453,99903,99274,98858,98419,98761,99232,99974,100402,100306,99850,99337,99081,99260,99319,99425,99310,98988,98542,97603,96834,96271,95576,94952,94052,93252,92402,91805,91575,91562,91602,91716,91519,91351,91631,92667,93899,94863,95643,96366,96762,96620,96060,95761,95768,96380,96907,97729,98493,99591,100673,101449,101929,102058,102316,102581,102973,103472,104182,104958,106087,107282,108418,109171,109626,109807,109845,110232,111357,113053,114930,116469,117669,118490,119347,120350,121508,123110,124882,126837,128694,130634,132786,134194,135079,135322,135825,136353,136686,136793,137026,137832,138985,140384,141916,143307,144460,145138,145981,146960,148273,149091,149466,149717,150486,151632,152714,153865,154731,155662,156504,157581,158535,159356,160018,160756,161657,162129,162097,161923,162013,162399,162709,163191,163991,164991,166227,167530,168883,170424,171903,173004,173386,173241,172936,173189,174374,176645,179483,182612,185636,188490,191147,193997,196766,199450,202133,203830,203994,202884,202158,203022,205126,209279,214497,220197,224805,228407,231607,233488,233610,232130,231068,230476,229956,228504,226053,223509,221766,221394,221602,221349,220936,219942,218755,217092,215253,213807,213124,213474,214327,214810,214559,213466,212436,211718,211320,211144,211420,211761,211991,211406,210507,209319,208216,207548,206918,206616,206101,205861,206006,206363,206634,206021,204684,202658,200915,200039,200087
78225,TX,Bexar County,"San Antonio-New Braunfels, TX",47018,47033,47128,47311,47312,47234,47042,47083,47174,47361,47501,47563,47517,47345,47130,46862,46701,46492,46283,46008,45814,45743,45685,45630,45548,45577,45703,45975,46300,46677,46982,47242,47477,47697,47934,48065,48032,47864,47657,47580,47575,47685,47839,48109,48365,48552,48536,48507,48706,49374,50153,51034,51702,52254,52608,52856,53375,53954,54730,55313,55686,55968,56314,56829,57251,57738,57963,58225,58357,58727,58933,59116,59215,59392,59480,59622,59914,60345,61058,61673,62426,62963,63440,63825,64168,64351,64108,63645,63556,63914,64584,65084,65453,65771,66130,66479,66458,66388,66297,66563,66685,66712,66602,65934,65441,64959,65152,65016,64165,62818,61660,60931,60670,60154,59813,59428,59784,60368,61026,61323,61046,60453,59867,59783,60097,60141,60379,60563,60983,61124,61116,60893,60575,60048,59733,59395,59293,59110,58884,58469,57734,57009,56585,56464,56416,56410,56392,56462,56521,56921,57622,58567,58941,58654,57970,57735,58134,58645,58872,58956,59030,59263,59570,60236,60761,61030,60897,60970,61173,61373,61389,61483,61692,62141,62706,63447,63816,63892,64052,64913,66402,68110,69372,70264,70945,71749,72582,73414,74091,74414,74580,75150,76367,77838,78923,79837,80484,81300,81825,82595,83190,83931,84687,85849,87559,89409,90798,91542,91478,91521,91455,91848,92142,92687,93277,94136,95246,96527,98132,99584,100714,101465,102010,102787,103512,104117,104588,105162,105342,105079,104913,105347,106184,106736,107018,107120,107373,108135,109181,110200,111493,112942,114466,115495,115863,115881,115920,116657,118130,119998,122386,124685,127111,129409,132164,134790,137242,139382,140211,139240,136921,135332,135459,136906,139396,142524,145701,148463,150316,151989,152940,152745,151042,149331,148232,147291,145195,142595,140707,140449,140939,141877,142308,142419,141562,140235,138737,137225,136213,135693,135898,136291,136666,136652,136026,135422,134703,134002,132604,131141,129776,129451,129026,128158,126667,125854,126376,126718,126445,124862,124222,124123,125383,125880,125956,125347,124852,124700,124431,124109
78226,TX,Bexar County,"San Antonio-New Braunfels, TX",55722,55722,55815,55927,55808,55668,55497,55639,55926,56339,56715,56830,56773,56471,56134,55703,55505,55185,54936,54564,54407,54314,54299,54257,54241,54321,54489,54796,55137,55484,55692,55904,56198,56638,57165,57490,57585,57493,57296,57081,56813,56782,56984,57451,57750,57953,57825,57839,58072,58831,59685,60704,61553,62298,62714,62926,63409,63990,64561,64847,64966,65137,65396,65963,66537,67114,67424,67728,67994,68338,68658,69029,69616,70237,70889,71239,71651,72092,72453,72708,73200,73955,74878,75546,75901,76096,76098,75740,75611,75569,75959,75935,75761,75682,75739,76049,75886,75639,75249,75512,75714,75775,75547,75317,75798,76563,77543,77579,76431,74703,73492,73236,73588,73630,73728,74325,75602,76864,77490,77666,77348,76803,76139,75916,75970,75973,76147,76095,75912,75375,74831,74201,73474,72621,71532,70493,70021,70150,70315,70144,69423,68875,68437,68224,67831,67335,67078,66953,66922,67181,67662,67993,67462,66378,65251,64729,64975,65487,66267,66838,67379,67646,67799,67974,67901,67673,67416,67561,68103,68801,69503,70225,71109,71978,72820,73228,73022,72235,71659,72008,73378,75231,76969,78272,79174,79885,80455,80888,81364,81849,82711,84059,86058,88255,89980,91044,91469,91961,92631,93321,93621,93488,93628,94175,95426,96811,97750,98236,98317,98646,99107,99730,99958,99922,99944,100903,102358,103968,105525,106792,107510,107824,108182,109111,110081,110797,111394,112142,112557,112261,111916,111946,112745,113561,114406,115015,115547,116454,117603,118785,119831,121023,122311,123574,124320,124621,124865,125880,127650,129918,132360,134427,136620,138837,141605,144229,146358,148410,148853,147661,145180,143725,144093,145672,149339,154184,159621,163877,166849,169031,170532,170822,169806,168507,167856,167411,165661,162828,160331,159588,160235,161361,161793,161892,161305,160610,159633,158653,157471,156454,156341,157307,158612,159178,158327,157053,155507,154295,152655,150905,149243,148129,147143,145812,144647,143944,144102,144203,144050,143142,141787,140291,139321,138945,138986,138620,138135,137111,136289,135353
78227,TX,Bexar County,"San Antonio-New Braunfels, TX",61824,61826,61860,61934,61688,61279,60764,60522,60428,60381,60389,60415,60404,60315,60137,59959,59882,59855,59888,59928,59859,59768,59616,59541,59485,59479,59627,59906,60204,60427,60607,60833,61140,61471,61879,62163,62198,62020,61843,61803,62006,62255,62521,62631,62678,62734,62665,62764,63130,64042,65012,66164,67030,67901,68674,69370,70143,70699,71320,71702,71950,72146,72308,72500,72757,72968,73038,72955,73087,73402,73709,73861,73954,74068,74327,74642,75064,75487,76034,76598,77117,77651,78326,79134,79776,80066,80049,80082,80466,81054,81601,81920,82093,82213,82204,82216,81905,81503,81197,81152,81231,81125,80924,80259,79624,78996,78799,78487,77933,77134,76423,75918,75695,75493,75532,75181,74954,74742,75055,75364,75519,75553,75546,75534,75498,75386,75383,75497,75549,75383,74960,74402,73804,73258,73052,72948,72681,72200,71651,71352,71023,70760,70509,70295,70191,70221,70472,70836,71324,71992,72638,73041,72916,72493,71928,71554,71733,72063,72622,73004,73497,73959,74383,74896,75251,75676,75910,76146,76547,77193,78052,79003,80107,81204,82132,82763,83111,83239,83441,84064,85158,86476,87643,88462,89128,90000,91054,92382,93571,94662,95413,96185,97271,98659,99875,100722,101193,101668,102053,102604,103248,104041,105063,106252,107697,109029,110239,111233,112158,113176,114233,115209,115925,116619,117544,118926,120378,121598,122654,123457,124191,124815,125564,126250,126877,127576,128457,129597,130322,130570,130562,130666,131177,131672,132301,133190,134281,135674,136891,138062,139205,140577,141690,142371,142524,142567,143054,144074,145753,147801,150175,152573,154977,157416,159916,162121,163975,165951,167268,167466,166496,165725,166144,167677,171442,176499,181988,186288,189361,192046,193540,193852,192736,191655,190624,189527,187850,185650,183822,182962,183202,183761,183751,183381,182191,180832,179180,177857,176768,176415,176861,178031,179126,179763,179431,178696,177572,176387,175099,174263,173786,173107,171746,169712,167867,166569,166349,166578,166911,166739,166387,166128,166243,166636,166775,166581,166272,165728,164873,163920
78228,TX,Bexar County,"San Antonio-New Braunfels, TX",66686,66763,66767,66836,66568,66237,65855,65757,65709,65665,65592,65548,65436,65237,64970,64725,64547,64424,64238,64096,63964,63878,63744,63571,63449,63415,63504,63697,64025,64393,64810,65111,65375,65652,66078,66509,66785,66826,66756,66679,66775,66895,67075,67277,67572,67810,67811,67781,68043,68767,69499,70301,70883,71587,72187,72696,73289,73681,74140,74358,74667,75005,75365,75749,76151,76577,76873,77109,77398,77886,78356,78864,79177,79379,79449,79517,79761,80191,80796,81359,81903,82434,83081,83730,84136,84217,84268,84539,85234,85888,86526,86980,87331,87647,87934,88393,88494,88411,88263,88425,88729,88867,88899,88484,88013,87535,87351,87197,86825,86349,86005,85810,85698,85457,85361,85085,84899,84807,85009,85251,85287,85201,85077,85045,85112,85012,84885,84790,84624,84220,83629,83128,82725,82338,82104,81865,81415,80697,80006,79464,79111,78841,78699,78311,77803,77547,77942,78729,79453,79888,80157,80173,80101,79834,79588,79363,79560,79856,80435,81039,81933,82752,83252,83528,83674,83932,84087,84307,84901,85892,86987,87985,89088,90110,90950,91285,91298,91222,91415,92007,92874,94065,95324,96704,97878,99091,100035,101095,101999,102961,103730,104757,106050,107451,108266,108854,109436,110480,111503,112494,113399,114349,115490,116717,118137,119347,120659,121780,122791,123585,124230,125037,125603,126145,126748,127673,128824,129821,130955,132082,133252,134323,135361,136287,137098,137831,138554,139310,139620,139424,138964,138612,138887,139555,140529,141582,142520,143532,144721,146051,147575,149017,150182,150864,151024,150965,151378,152472,154483,156908,159569,162007,164232,166576,169157,171713,174066,176395,177647,177493,176242,175513,176120,177639,180911,185116,190031,194448,197903,200643,201888,201972,200874,199909,198989,198027,196461,194353,192601,191916,192304,192825,192610,191870,190535,189099,187606,186230,185048,184420,184847,185906,186718,186968,186140,185192,183961,182960,181854,181312,180705,180132,178525,176524,174554,173241,173080,172957,172631,171688,170869,170489,170650,170949,171062,170748,170462,170294,170242,170138
78229,TX,Bexar County,"San Antonio-New Braunfels, TX",108899,108952,109084,109229,108773,108004,107171,106953,106943,106894,106781,106569,106315,106033,105784,105609,105562,105703,106045,106437,106779,107003,106959,106870,106691,106623,106528,106634,106976,107398,107753,108053,108322,108597,108850,109051,109106,109026,108957,109169,109636,110209,110773,111390,112071,112614,112826,112931,113520,114717,115972,117235,118306,119494,120358,120717,121199,121826,122741,123491,123760,123979,124038,124357,124791,125093,125245,125402,125974,126810,127560,128091,128414,128610,128941,129325,130095,131018,132077,132800,133438,134191,135394,136893,138177,138970,139187,139362,139802,140758,142203,143839,145089,146146,146858,147546,147504,147309,147181,147540,148067,148257,148183,147867,147583,147228,146871,146503,146185,145691,145303,144876,144562,144123,143555,142422,141220,140252,139976,139933,140086,140228,140489,140602,140743,140535,140394,140305,140239,139731,138699,137767,137308,137185,137402,137314,137089,136380,135877,135645,135626,135407,135109,134653,134342,134321,134842,135630,136253,136542,136447,136304,136164,136293,136386,136663,137433,138546,139622,140226,140694,141129,141528,141735,141926,142237,142587,142971,143648,144752,146066,147196,148236,149075,150070,150765,151185,151015,150890,151070,151732,152616,153417,154187,154892,155710,156671,157944,159355,160509,161506,162574,163940,165173,165817,166306,166802,167902,169006,170220,171255,172173,173131,173948,174832,175686,176822,178122,179386,180560,181339,181832,182097,182768,183835,185163,186420,187280,188099,188787,189720,190572,191602,192590,193552,194383,195318,196356,197067,197274,197235,197249,197463,197852,198303,199004,199722,200805,202195,203694,204823,205723,206475,207179,207449,207659,208435,209895,212442,215368,218420,220777,222839,225065,227796,231016,234607,238414,241103,242313,242428,242887,244773,247659,252037,256539,261303,265897,270377,274111,276171,276861,276755,276790,276519,276432,276155,275461,274873,274900,276412,278370,280199,281377,281166,280077,278695,277407,276660,276583,277525,278560,278788,278080,276945,275649,274561,272979,271656,270790,270406,269989,268719,267229,265507,264478,263793,263555,263010,261791,260472,259231,258643,258394,258495,258605,258341,257812,257219,256925
78230,TX,Bexar County,"San Antonio-New Braunfels, TX",157208,157469,157670,158219,157854,157172,156211,156132,156266,156283,156042,155676,155304,154878,154370,153812,153513,153474,153682,153957,154098,154208,154140,154226,154232,154265,154335,154630,155189,155661,156159,156575,157162,157691,158199,158365,158311,158020,157737,157641,157936,158511,159111,159578,159940,160179,160119,160231,160986,162794,164523,166401,167581,168642,169300,169720,170501,170872,171345,171443,171516,171597,171726,172097,172807,173630,174316,174742,175279,176096,176843,177336,177673,178174,178899,179833,181052,182369,183785,185029,186269,187693,189488,191630,193318,193726,193542,193038,193576,194701,196344,197833,198857,199738,200353,201002,200579,199747,198733,198455,198549,198590,198524,198354,198020,197736,197337,196943,196493,195900,195479,195086,194828,194273,193647,192862,192329,192038,192109,192163,192370,192654,193263,193921,194591,195035,195255,195331,195258,194768,193793,192734,192030,191587,191569,191376,191086,190338,189805,189411,189190,189097,189275,189321,189260,189314,189923,190538,190825,190976,191062,191605,191865,192142,192261,192679,193647,194778,196159,197201,198383,199368,200257,201066,201978,202909,203586,204264,205245,206659,208184,209815,211454,212862,214087,214978,215773,216246,216981,218017,219638,221414,223136,224636,226183,227473,228519,229456,230350,231289,231958,232907,234316,235833,236820,237724,238708,240042,241134,242054,242963,243938,245048,246224,247509,248841,250273,251861,253305,254809,255884,256864,257518,258344,259291,260616,261735,262471,263152,264030,265142,266276,267469,268540,269166,269498,269863,270321,270684,271131,271633,272102,272200,272109,272057,272379,273043,274098,275444,276666,278021,279618,281203,282199,282277,282295,282775,284163,286556,289624,292944,295975,298977,302311,306155,310063,314193,318619,322790,325791,327537,329222,332124,336030,341676,347982,355181,362178,368484,373374,376321,377184,376838,376273,375926,375830,376073,375990,376088,376167,377364,379189,381199,383231,384125,384210,383305,382238,381293,381353,382617,384250,384936,384565,383534,382569,382071,381712,381319,380744,380050,379268,377902,376058,374160,372408,371403,371013,371097,370815,370329,369595,368762,368046,367611,367812,368170,368951,369911,371144
78231,TX,Bexar County,"San Antonio-New Braunfels, TX",183872,184221,184670,185579,185285,184555,183616,183795,184209,184600,184707,184543,184205,183874,183520,183144,183051,182966,182891,182796,182796,182997,183188,183474,183479,183395,183293,183508,183908,184266,184707,184958,185366,185659,185837,185707,185417,185072,184885,184819,185142,185687,186214,186762,187027,187152,187018,187207,188265,190280,192129,193903,194809,195700,196167,196370,197132,197687,198704,199095,199463,199746,200091,200619,201265,201781,201850,202021,202598,203615,204417,205044,205671,206289,207442,208373,209550,210749,212424,213972,215025,216602,218706,221124,222864,223329,223186,223059,224569,226648,228906,230252,231441,232165,232751,233683,233513,232946,231637,231123,230917,230818,230812,230570,230090,229547,229064,228572,228065,227279,226823,226584,226510,226125,225604,224435,223268,222157,221965,222016,222288,222605,223091,223621,224167,224414,224623,224787,224673,223898,222532,221431,220920,220789,221127,221206,221087,220374,220064,220007,220209,220240,220449,220360,220039,219861,220506,221538,222546,223455,224255,225519,226626,227687,228078,228189,228803,229668,230681,231324,232167,233422,234891,236999,239143,241098,241676,241967,242863,244845,247191,249300,251196,252759,253895,254775,255569,256291,257069,258170,259720,261603,263399,264880,266032,266772,267676,269077,270881,272766,274232,275592,277140,278487,279397,280063,281021,282150,282895,283489,284082,285202,286626,288350,290043,291722,293650,295755,297305,298346,299012,299925,300677,301216,301860,303364,305007,306392,307355,308421,309821,311372,312864,313751,314311,314956,316245,317701,319066,319854,320475,320806,320976,321078,321224,321585,322037,322973,324291,325586,327020,328709,330540,331774,332118,332359,333309,335231,338067,341407,345205,348768,352366,356378,360917,365535,370945,376823,382624,386548,389007,390834,393906,398357,405294,413084,422165,431476,440456,447295,450947,451617,450709,449726,448917,448145,447671,447145,446963,447062,449062,452187,455081,456381,456190,455550,454589,453661,453095,453827,455931,457837,458540,457950,457250,457197,458161,459324,459613,459346,458524,457853,456326,454538,452517,450559,449473,449738,451011,451959,452045,451789,451224,450461,449705,449461,449903,450718,451465,452439
78232,TX,Bexar County,"San Antonio-New Braunfels, TX",152722,152790,152966,153372,152935,152053,151003,150834,150873,150774,150542,150204,149787,149301,148941,148743,148718,148716,148718,148744,148769,148740,148619,148588,148470,148308,148170,148369,148773,149182,149614,150130,150705,151171,151631,151868,151976,151863,151830,151856,152127,152641,153231,153743,154150,154462,154578,154768,155636,157346,158828,160410,161361,162265,162711,162831,163414,163630,164170,164298,164391,164460,164715,165157,165792,166491,167151,167784,168403,169235,169880,170411,170642,170834,171159,171912,173213,174872,176654,178203,179583,180848,182072,183579,184934,185696,185815,185737,186527,187692,189351,190863,192373,193681,194942,195940,195812,194935,194060,194016,194346,194508,194508,194082,193501,192928,192644,192486,192207,191642,191071,190513,190096,189538,188963,188160,187282,186525,186155,186013,185946,186062,186538,187162,187891,188258,188438,188448,188337,187997,187138,186349,185612,185002,184893,184934,185040,184530,184106,183854,183832,183833,183986,184037,184095,184439,185334,186320,187065,187700,188292,189098,189688,190319,190693,191044,191928,193012,194183,194857,195658,196575,197428,198254,199462,200903,202035,202697,203611,204992,206661,208052,209438,210629,211828,212804,213716,214353,215169,216101,217674,219595,221621,223111,224329,225272,226394,227549,228793,229916,230904,231974,233514,234933,235728,236281,236990,238167,239084,239744,240349,241246,242490,243808,245122,246498,248281,250262,251794,252990,253784,254628,255367,256121,257117,258481,260029,261147,261957,262725,263781,264811,265733,266271,266477,266509,266629,267240,267968,268935,269796,270563,271063,271473,271838,272314,272736,273555,274697,275765,276763,277949,279345,280203,280461,280789,281876,283953,286893,290236,293627,296988,300454,304444,308647,313029,317772,322756,327526,330787,332654,334029,336449,339952,345440,351804,359449,366871,373579,378530,381658,382788,382676,382245,381868,381862,382217,382098,382051,382028,383455,385395,387141,388125,388158,387612,386628,385238,384183,384193,385619,387297,388204,388122,387156,386297,385990,386342,386621,387010,387034,387129,386093,384521,382728,381365,380873,381085,381722,382151,382226,382407,382515,382848,382981,383173,383166,383389,383916,384763
78233,TX,Bexar County,"San Antonio-New Braunfels, TX",87027,87128,87194,87288,86841,86213,85498,85243,85119,85080,85049,85008,84814,84535,84196,83960,83837,83810,83888,83996,84071,84073,84013,83987,83999,84052,84213,84537,84994,85472,85901,86331,86741,87090,87424,87620,87692,87569,87400,87386,87526,87824,88126,88417,88687,88914,89002,89086,89486,90454,91386,92369,93089,94013,94752,95281,95980,96558,97301,97795,98186,98470,98830,99339,99897,100219,100450,100584,100769,101075,101468,101959,102337,102678,102926,103120,103448,103963,104847,105884,106961,108036,109061,110073,110690,110784,110772,110918,111518,112299,113054,113814,114503,115182,115622,115987,115866,115632,115202,115166,115293,115362,115194,114368,113328,112372,111873,111492,110983,110331,109882,109610,109519,109411,109340,108929,108509,108301,108548,108891,109109,109424,109794,110104,110271,110032,109758,109601,109568,109339,108731,108131,107752,107403,107179,106672,106259,105531,105052,104631,104545,104513,104596,104517,104412,104513,105175,106144,107140,107900,108352,108564,108536,108448,108195,107933,108073,108593,109435,110225,111016,111898,112645,113432,114114,114854,115453,115981,116881,117949,119157,120160,121130,122159,123060,123915,124563,125121,125805,126700,127915,129217,130458,131603,132694,133765,134828,135905,136932,137837,138586,139367,140273,141205,141817,142378,143034,143950,144930,146017,147140,148258,149300,150331,151495,152523,153605,154431,155174,155824,156411,157141,157759,158450,159275,160427,161762,163045,164327,165519,166548,167444,168221,168892,169277,169640,170139,170998,171687,172060,172102,172322,172848,173545,174191,174981,175882,177009,178111,179244,180301,181361,182290,182817,182929,183014,183655,184880,186709,188932,191466,193715,195956,198421,201505,204758,208072,211521,214387,215965,216451,216992,218632,221263,225466,230434,235841,240755,245039,248607,250909,251937,251780,251639,251494,251484,251067,250160,249119,248449,248622,249467,250175,250671,250393,249373,247854,246019,244869,244543,245147,245919,246064,245676,244645,243586,242443,241261,240307,239862,239564,239072,237806,236342,234865,233880,233563,233776,234110,233905,233483,233180,233175,233244,233280,233159,232878,232164,231286,230340
78237,TX,Bexar County,"San Antonio-New Braunfels, TX",51952,51943,52020,52154,52080,51905,51677,51742,51823,51768,51654,51513,51394,51160,50829,50380,50025,49848,49809,49803,49736,49824,49843,49867,49854,49958,50087,50419,50760,51190,51130,51094,50916,51043,51217,51437,51466,51345,51119,50996,51064,51170,51454,51632,51905,52069,52260,52556,53098,53810,54459,55242,55937,56461,56915,57269,58018,58476,58972,59170,59462,59736,59969,60140,60194,60343,60438,60710,61031,61591,61850,62164,62128,62482,62747,62984,63002,63158,63527,63813,64209,64532,65017,65304,65562,65588,65486,65551,65889,66418,67081,67710,68301,68614,68772,68981,68981,68861,68536,68312,68200,67906,67621,66628,65708,64874,64763,64447,63852,63272,63446,64166,64893,65264,65655,65465,65204,64486,64316,64147,64229,64020,63607,63084,62968,63014,63042,63199,63107,62885,62326,62080,61782,61361,60960,60627,60413,60146,60098,60125,59432,58671,57990,57978,57960,57745,57529,57303,57470,57986,58670,59079,58804,58022,57195,56680,56805,56996,57540,58118,58791,59346,59767,60090,60176,60082,60040,60152,60438,60894,61710,62817,64026,64913,65657,66135,66127,65571,65121,65346,66363,67737,68998,69951,70578,71148,71646,72186,72811,73258,73576,74012,75111,76653,78115,79058,79667,80327,80982,81531,81922,82106,82440,82928,84088,85318,86286,86850,87133,87572,88149,89245,90207,91191,92131,93529,94960,96586,98251,99766,100679,101068,101753,102925,104454,105463,105963,106355,106223,105691,105060,104987,105545,106100,106642,107036,107615,108864,110554,112278,113930,115646,117120,118481,119342,119872,120195,121160,123064,125512,128354,131043,133567,135886,138548,141112,143472,145721,146617,145931,143792,142576,142814,144104,146383,149177,152350,155091,156986,158424,158939,158454,156859,155359,154331,153643,151739,149458,147164,146537,146612,147327,147333,146974,145492,143946,142330,141194,140328,139922,140300,141293,142261,142782,142323,141537,140136,138751,137044,135671,134829,133904,132547,130176,128107,126736,126579,126672,126630,125981,125279,124881,125387,126572,127705,128367,128526,128493,127940,127379
78238,TX,Bexar County,"San Antonio-New Braunfels, TX",82473,82562,82645,82794,82541,82157,81777,81785,81907,82035,82077,82029,81833,81605,81359,81223,81112,81053,80880,80775,80590,80528,80424,80471,80489,80570,80679,80949,81302,81648,81966,82229,82533,82769,83119,83414,83560,83476,83340,83428,83795,84300,84815,85313,85748,86065,86064,86010,86337,87309,88370,89511,90455,91604,92587,93307,94118,94766,95573,96050,96440,96649,96854,96994,97154,97166,97124,96985,96850,97053,97280,97786,98194,98818,99311,99922,100650,101696,102951,104130,105034,105609,106207,106945,107401,107299,107279,107407,108262,109048,110018,110832,111741,112677,113608,114500,114850,114826,114578,114586,114672,114540,114243,113635,112972,112298,111871,111450,110932,110272,109766,109437,109310,109157,109045,108409,107755,107170,107155,107225,107542,107864,108246,108395,108430,108254,108031,108013,107940,107584,106732,105870,105231,104760,104579,104301,103972,103321,102803,102343,102144,102121,102257,102228,102126,102208,102674,103246,103748,104114,104276,104422,104473,104510,104499,104541,104923,105541,106270,106841,107303,107864,108341,109036,109695,110501,111086,111556,112382,113476,114776,115867,116760,117530,118132,118690,119152,119625,120184,120925,121955,123214,124458,125557,126423,127307,128068,129016,129929,130948,131850,132780,133709,134624,135246,135971,136738,137697,138577,139557,140515,141446,142273,143168,144194,145148,146150,147029,147860,148616,149223,149824,150327,151068,152031,153148,154161,154954,155677,156360,157211,158080,159029,159769,160411,160947,161670,162719,163484,163794,163789,164092,164744,165569,166301,167058,167753,168496,169310,170238,171289,172410,173332,173908,174095,174322,175089,176478,178561,181007,183540,185773,187845,190132,192935,195920,199007,202050,204195,205069,204945,205144,206516,208732,212718,217438,222703,227574,231967,235774,238220,239272,239127,238675,238032,237683,237186,236287,235334,234787,235247,236038,236717,237373,237375,236766,235568,234193,233485,233376,234234,235163,235603,235492,234557,233519,232449,231397,230295,229508,228906,228266,226946,225360,224061,223402,223410,223581,223674,223637,223364,223088,222787,222740,222786,222816,222888,222632,222173,221516
78239,TX,Bexar County,"San Antonio-New Braunfels, TX",93081,93049,93083,93189,92829,92273,91584,91338,91151,90962,90775,90712,90554,90285,89830,89443,89221,89165,89191,89256,89337,89416,89455,89407,89278,89199,89321,89635,90016,90335,90665,90976,91212,91398,91557,91784,91927,91984,91928,91987,92290,92798,93302,93703,94033,94390,94654,94969,95538,96481,97482,98510,99247,99918,100453,100908,101573,102085,102736,103273,103718,104136,104316,104615,105045,105493,105805,105933,106204,106637,107016,107252,107345,107467,107766,108154,108725,109514,110442,111351,112060,112967,113862,114844,115373,115476,115413,115457,116051,116527,117106,117590,118236,118746,119138,119406,119198,118750,118244,118066,117967,117807,117488,116794,116005,115310,114795,114220,113565,112922,112444,111920,111405,110852,110455,109696,108971,108271,108275,108361,108639,108745,108934,109054,109173,109196,109346,109762,110078,109908,109197,108478,107851,107358,107040,106666,106241,105206,104230,103189,102766,102553,102627,102525,102247,102123,102365,103010,103676,104280,104635,104848,104751,104579,104274,104046,104206,104620,105364,106058,106824,107735,108582,109397,109835,110390,110899,111615,112575,113751,115005,116084,116967,117839,118550,119267,119638,120010,120527,121394,122600,123967,125221,126107,126693,127419,128176,129172,130000,130954,131782,132876,134118,135488,136345,137000,137434,138050,138532,139216,139980,140860,141659,142477,143512,144546,145569,146452,147268,148163,148972,149883,150616,151425,152319,153338,154318,155060,155844,156613,157513,158533,159700,160727,161500,162074,162805,163620,164349,164681,164747,164843,165268,166053,166927,167818,168734,169733,170785,171801,172783,173779,174667,175254,175676,176051,177032,178360,180363,182642,185191,187490,189744,192213,195125,198209,201472,204846,207711,209544,210635,211792,213833,216556,220633,225274,230375,235302,239754,243625,245859,246639,246030,245389,244743,244243,243529,242273,241056,240380,240629,241290,241702,241994,241713,240879,239408,237565,236114,235432,235654,236052,236069,235834,235050,234357,233359,232316,231093,230363,229837,229510,228767,227797,226561,225460,224629,223704,222695,221488,220679,220016,219633,219497,219433,219073,218280,217061,215671,214390
78240,TX,Bexar County,"San Antonio-New Braunfels, TX",111738,111899,112049,112291,111726,110773,109758,109494,109528,109576,109552,109530,109399,109224,108964,108771,108705,108795,108966,109122,109213,109311,109354,109398,109317,109235,109231,109458,109864,110340,110879,111487,112080,112548,112939,113200,113334,113336,113304,113439,113762,114213,114671,115123,115530,115849,115897,116053,116648,117848,118960,120144,121154,122296,123188,123706,124383,124932,125606,125904,125919,125979,126089,126416,126680,126732,126692,126597,126876,127333,127817,128207,128532,128910,129364,129901,130790,131921,133073,134101,134994,136023,137171,138513,139553,140009,139970,139911,140568,141651,143001,143932,144619,145346,146161,146950,146977,146576,146034,145838,145801,145666,145426,145034,144642,144333,144099,143892,143649,143297,143118,142930,142765,142338,141848,141315,140863,140576,140442,140381,140403,140492,140809,141184,141516,141561,141485,141480,141383,140918,140075,139242,138664,138110,137849,137427,137110,136384,135868,135395,135200,134983,134909,134527,134287,134192,134593,135050,135416,135693,135775,135892,135835,136010,136242,136613,137122,137772,138556,139191,139612,140100,140612,141313,141900,142529,143023,143504,144206,145186,146325,147290,148062,148817,149631,150315,150623,150643,150909,151488,152570,153807,155044,156099,156984,157915,158788,159891,160984,162074,163088,164169,165323,166372,167083,167924,168851,170198,171356,172388,173158,173738,174328,175013,176069,177194,178494,179691,180849,181809,182447,182909,183209,183759,184627,185899,187172,188032,188610,189013,189684,190307,191055,191651,192295,192855,193493,194218,194804,195181,195357,195644,196019,196549,197044,197641,198272,199084,200030,200980,201808,202684,203552,204350,204818,205234,206121,207547,209756,212305,215237,217926,220477,222964,225903,229170,232954,236959,240444,242684,244008,245358,247570,250479,254862,260107,265858,271576,276746,281089,283687,284491,284127,283524,282959,282510,281934,280989,280009,279179,279328,279986,280832,281590,281737,281080,279871,278515,277768,277669,278324,279097,279472,279262,278658,278008,277389,276618,275691,274817,274173,273515,272342,270888,269381,268493,268247,268404,268624,268699,268835,268820,268367,267934,267702,267928,268107,268361,268429,268425
78242,TX,Bexar County,"San Antonio-New Braunfels, TX",60617,60717,60737,60856,60751,60635,60508,60517,60630,60669,60714,60672,60545,60416,60229,60039,59818,59607,59478,59303,59068,58809,58553,58412,58296,58249,58265,58428,58665,58855,59038,59302,59592,59879,60157,60350,60494,60575,60622,60532,60521,60624,60775,60893,61034,61246,61337,61499,61851,62593,63328,64326,65228,66262,67055,67586,68092,68433,68868,69122,69237,69344,69451,69743,70023,70284,70407,70588,70850,71401,71866,72337,72592,72933,73323,73755,74211,74649,75203,75605,76058,76428,76958,77639,78309,78722,78793,78727,79027,79377,79728,79938,80273,80792,81292,81528,81074,80533,80091,80168,80256,80275,80041,79715,79494,79508,79545,79427,79032,78288,77473,76879,76814,77036,77461,77102,76668,75800,75552,75365,75270,75090,74819,74694,74734,74677,74663,74791,75004,75315,75204,74875,74292,73593,72898,72330,71953,71682,71140,70182,68861,67710,66801,66119,65527,64977,64703,64409,64429,64538,64816,64949,64725,64114,63525,63156,63438,63633,64279,64829,65612,66246,66763,67260,67530,67677,67735,67813,68110,68505,69168,70072,71263,72389,73334,73835,73852,73536,73565,74170,75255,76386,77505,78550,79628,80627,81498,82430,83578,84838,86125,87249,88515,89994,91472,92723,93370,93716,93901,94281,94662,95068,95727,96559,97874,99174,100419,101231,101803,102494,103412,104603,105511,106281,107143,108397,109690,111006,112696,114363,115537,116258,116988,117945,119152,120372,121648,122846,123586,123716,123457,123258,123412,123597,124160,125092,126291,127627,128947,130191,131460,132822,134196,135250,135802,135927,136220,137019,138649,140792,143260,145594,147990,150613,153421,155638,157100,158577,159610,159598,158520,157890,158620,160480,164090,168900,173985,178107,180959,183639,185364,186021,185285,184685,184309,183875,182629,180745,179102,178323,178485,178827,178621,178179,177291,176449,175349,174363,173517,173153,173610,174711,175778,176077,175183,173935,172671,171538,170310,169486,169107,168803,167814,166310,164817,163791,163494,163319,162927,161455,159522,157930,157469,157717,157689,157315,157081,156891,156456,155840
78244,TX,Bexar County,"San Antonio-New Braunfels, TX",88248,88336,88439,88654,88397,87951,87431,87362,87373,87318,87167,87048,86800,86479,85986,85597,85338,85221,85113,84981,84752,84552,84322,84149,83957,83810,83917,84216,84701,85132,85559,85976,86429,86841,87241,87514,87658,87631,87513,87499,87687,88057,88491,88825,89136,89390,89567,89748,90235,91189,92131,93097,93797,94530,95144,95631,96381,97033,97716,98130,98291,98406,98523,98785,99113,99427,99638,99789,99978,100347,100777,101113,101305,101357,101532,101698,102096,102452,103070,103541,104041,104627,105409,106406,107121,107541,107649,107882,108634,109590,110674,111501,112326,113008,113729,114301,114442,114207,113814,113586,113508,113458,113299,112750,111958,111224,110597,110050,109554,109064,108794,108392,108103,107598,107062,106023,105082,104190,103812,103476,103334,103310,103351,103341,103279,103119,102994,102980,102879,102466,101659,100839,100215,99669,99401,99046,98624,97837,97085,96557,96423,96472,96586,96421,96268,96404,97113,98247,99341,100200,100592,100863,100829,100748,100485,100364,100587,101000,101585,102147,102730,103483,104218,105117,105850,106693,107374,108059,108898,109897,110891,111752,112525,113335,114011,114624,115035,115424,116032,116956,118046,119125,120055,120887,121561,122336,123208,124365,125409,126392,127125,127978,128723,129541,130046,130737,131398,132217,132927,133690,134437,135253,136132,137171,138258,139211,140072,140806,141576,142424,143306,144212,144918,145709,146746,148034,149260,150152,150973,151775,152668,153570,154539,155319,156003,156707,157726,158897,160055,160992,161777,162285,162739,163190,163801,164495,165284,166157,167208,168347,169489,170462,171152,171512,171613,171756,172361,173429,175015,176975,179373,181741,183995,186236,188774,191533,194642,198094,201398,204165,206448,208774,211532,214784,219009,223896,228958,233694,238012,242051,245098,246462,246402,245965,245544,245178,244656,243830,242967,242253,242061,242324,242358,242343,241656,240560,239047,237469,236444,235969,235943,235973,235673,235250,234275,233201,231982,230814,229549,228577,227760,227039,225755,224294,222673,221252,220120,219324,218680,218093,217639,217425,217171,217154,217079,216893,216129,214763,213316,212282
78245,TX,Bexar County,"San Antonio-New Braunfels, TX",112650,112716,112724,112874,112376,111691,110823,110608,110593,110658,110663,110672,110486,110230,109863,109691,109684,109835,109871,109781,109566,109394,109249,109114,108993,108898,108983,109250,109582,109879,110265,110782,111426,112012,112588,113073,113343,113426,113394,113504,113876,114382,114908,115268,115488,115530,115315,115281,115831,117181,118597,120139,121354,122540,123440,123975,124811,125619,126767,127604,128122,128477,128708,128940,129225,129640,130004,130326,130593,131087,131346,131548,131513,131585,131644,131896,132533,133185,134051,134640,135272,135961,137082,138393,139283,139507,139660,140135,141115,142179,143266,144319,145293,146103,146602,147135,147245,147176,146732,146478,146335,146186,145884,145132,144118,143003,142202,141570,141030,140429,140019,139606,139148,138404,137589,136757,136203,135960,136012,136042,136223,136421,136785,137121,137426,137564,137541,137509,137239,136614,135586,134530,133642,132763,132281,131507,130692,129400,128707,128497,128596,128461,128227,127731,127269,127031,127430,128216,129115,130007,130566,130966,131133,131336,131450,131427,131664,132081,132886,133737,134628,135530,136188,136881,137401,138000,138366,138687,139493,140622,141903,142870,143648,144492,145251,145952,146393,146721,147259,148015,149186,150469,151665,152497,153168,153929,154805,155819,157016,158262,159414,160539,161595,162658,163269,163910,164510,165332,166038,166769,167506,168281,169096,169953,170909,171777,172623,173432,174239,175122,175830,176441,176941,177785,178859,180160,181312,182272,183099,183862,184709,185480,186430,187343,188289,189122,190056,191126,192207,193192,193930,194552,195154,195778,196291,196865,197546,198511,199640,200854,201947,202886,203678,204323,204686,204941,205509,206601,208375,210717,213557,216426,219152,221725,224747,228187,232131,236242,240313,244137,247633,250898,254394,258073,262562,267466,272947,278439,283579,287890,290584,291325,290531,289405,288345,287556,286915,285873,284738,283613,283071,283080,282893,282672,281677,280383,278766,277072,275972,275473,275493,275473,275122,274744,274031,273502,272803,272039,271166,270442,269750,268809,267319,265731,264253,263204,262437,261974,261571,261117,260608,260358,260248,260152,259975,259603,258933,257936,257005,256495
78247,TX,Bexar County,"San Antonio-New Braunfels, TX",109547,109719,109849,110139,109695,109005,108176,107981,107933,107893,107804,107724,107557,107359,107142,106971,106937,106929,106972,106991,107045,107147,107205,107234,107171,107104,107151,107419,107766,108112,108492,108997,109526,109953,110354,110647,110768,110697,110577,110630,110966,111522,112117,112611,113006,113316,113413,113565,114145,115427,116645,117888,118693,119503,120066,120465,121162,121748,122485,122988,123352,123668,123943,124365,124868,125296,125519,125598,125677,125957,126213,126462,126662,126863,127067,127304,127731,128450,129498,130413,131390,132304,133488,134614,135349,135561,135650,135899,136955,138184,139527,140530,141361,142228,142971,143756,143857,143557,143063,142938,143031,143086,142979,142679,142270,141867,141566,141226,140909,140498,140278,140084,139835,139447,139096,138605,138053,137620,137494,137523,137559,137697,138001,138323,138659,138810,138846,138910,138870,138520,137694,136864,136353,135958,135848,135620,135456,134986,134700,134460,134394,134301,134377,134290,134131,134138,134604,135303,135941,136444,136801,137227,137566,138142,138606,139083,139629,140303,141028,141510,141937,142341,142811,143423,144243,145131,145776,146226,146907,147944,149183,150220,151140,151971,152773,153420,153863,154227,154793,155601,156652,157713,158674,159564,160480,161513,162567,163790,165016,166163,167197,168217,169346,170413,171110,171838,172673,173888,175014,175961,176817,177554,178419,179340,180474,181595,182943,184329,185614,186708,187477,188191,188741,189465,190422,191727,193149,194257,195238,196029,196878,197481,198107,198682,199190,199719,200342,201286,202258,203168,203882,204500,205072,205734,206257,206856,207480,208296,209207,210090,211035,212085,213202,214000,214421,214752,215494,216684,218504,220806,223562,226112,228587,231093,234104,237431,241252,245473,249380,252253,254088,255804,258203,261299,265659,270929,276973,283091,288557,292934,295765,296791,296418,295907,295576,295500,295343,294938,294558,293964,294121,294923,295878,296533,296325,295262,293857,292332,291384,290985,291374,292053,292379,292070,291247,290473,289916,289475,288894,288375,287795,287098,285886,284576,283199,282056,281248,280911,280781,280610,280282,280002,279313,278815,278336,278199,277942,277592,277288,276873
78248,TX,Bexar County,"San Antonio-New Braunfels, TX",222505,222911,223274,223917,222903,221054,218973,218634,218929,219271,219277,219186,219200,218910,218443,217646,217112,217119,217482,218038,218223,218190,217923,217677,217654,217761,217965,218350,218693,218879,218898,218985,219359,219933,220462,220799,220776,220583,220315,220079,220594,221660,222972,223633,223780,223520,223131,223001,224159,226744,229173,231416,232664,234054,234914,235545,236806,237903,239176,239694,240199,240542,240960,241377,242038,242816,243758,245033,246406,247921,248951,249917,250627,251454,252605,254225,256552,258929,261337,263352,265258,267112,269382,272024,274117,274818,274665,274426,275586,277436,279894,281375,282450,283048,283686,284183,283377,282237,280951,280587,280397,280048,279543,278736,277777,276960,276353,275704,274896,273940,273395,273105,272969,272358,271500,270256,269400,268839,268941,269070,269545,269949,270604,271085,271586,271847,272067,272344,272490,271891,270520,269008,268394,268391,269154,269288,269036,267928,267243,266901,266848,266911,267308,267594,267767,268228,269475,271083,272477,273763,274907,276405,277701,279067,280306,281310,282592,283754,285101,286316,287344,288339,289130,290206,291406,292658,293466,294207,295204,296892,299011,300999,302806,304127,305113,306049,306972,307922,308983,310375,312449,314664,316960,318702,320240,321300,322389,323331,324055,324839,325681,326729,328025,329070,329869,330566,331521,332693,333112,332981,332462,332468,333202,334590,336155,337457,338977,340762,342339,343377,343978,344424,344990,345782,346879,348276,349221,349941,350458,351123,352105,353017,354299,355307,356310,357097,357878,358682,359331,360224,361015,361786,362155,362607,362916,363473,364077,365084,366095,367263,368823,370535,371955,372252,371765,371117,371339,373007,376084,379697,383654,387228,391144,395617,400732,405949,411570,418030,424594,429726,433441,436113,439715,444009,450628,458612,468653,479564,489862,497780,502218,503472,502578,501559,500679,500890,501943,502787,503146,503205,504937,507511,509864,511505,512247,512797,512417,511755,511066,511674,513577,515571,516782,517255,516939,516546,516612,517781,518917,519974,519763,519498,517975,516626,514546,512113,509917,509151,509772,511092,511751,511899,510978,509899,509182,509072,509398,510266,511764,513633
78249,TX,Bexar County,"San Antonio-New Braunfels, TX",124175,124268,124390,124594,124090,123323,122501,122372,122451,122538,122544,122469,122235,121972,121671,121410,121282,121194,121178,121134,121067,121087,121111,121194,121140,120984,120980,121264,121749,122256,122779,123395,124012,124503,124968,125295,125515,125512,125438,125505,125764,126205,126674,127155,127632,128048,128152,128203,128743,130240,131786,133190,134169,135148,135962,136412,137161,137767,138568,139009,139259,139325,139509,139975,140561,141035,141476,141898,142359,142922,143428,143805,143999,144256,144694,145230,146031,147084,148344,149472,150626,151749,153021,154388,155412,155836,155818,155828,156606,157647,158942,160037,160974,161892,162648,163502,163603,163222,162515,162205,162090,161909,161618,161191,160761,160391,160154,159917,159706,159349,159182,158970,158710,158202,157699,157083,156491,155998,155798,155724,155706,155824,156077,156428,156710,156831,156718,156566,156298,155812,154969,154152,153595,153144,153075,152884,152805,152247,151823,151451,151227,151074,151056,150912,150722,150740,151313,152158,152858,153254,153396,153540,153703,154080,154490,154870,155374,156058,156913,157566,158112,158640,159233,159870,160545,161186,161678,162152,162872,163959,165150,166259,167155,167952,168583,169051,169389,169678,170216,170945,172097,173427,174799,176030,177259,178454,179573,180634,181729,182755,183705,184616,185613,186613,187413,188345,189342,190578,191651,192568,193392,194138,195048,195976,197013,197867,198869,200012,201255,202403,203109,203621,203960,204627,205527,206787,208178,209354,210336,210949,211616,212253,213211,214158,214964,215577,216238,217100,217838,218404,218686,218922,219221,219723,220329,221087,221888,222743,223617,224517,225548,226633,227721,228500,229097,229694,230727,232165,234421,237192,240360,243223,245965,248816,251992,255419,259300,263531,267639,270895,273265,275484,278197,281468,286090,291640,298046,304278,309787,314277,317452,318837,319046,318806,318533,318370,318077,317620,316991,316446,316728,317658,318785,319782,320080,319436,318335,316918,315970,315525,316060,317039,317693,317681,316997,316322,315777,315107,313921,312667,311604,310910,309757,308366,306803,305579,304904,304807,304742,304251,303506,302972,302364,301873,301560,301706,301956,302249,302546,302800
78250,TX,Bexar County,"San Antonio-New Braunfels, TX",91588,91737,91837,92040,91643,91034,90323,90109,90021,89989,89959,89923,89747,89482,89202,89061,89041,89095,89144,89146,89117,89057,88974,88897,88798,88728,88721,88910,89230,89573,89901,90261,90672,91078,91498,91838,92015,92035,92011,92127,92380,92753,93124,93505,93821,94054,94094,94196,94697,95778,96838,97926,98737,99741,100587,101244,101976,102619,103382,103816,104093,104318,104558,104928,105211,105441,105557,105735,105968,106350,106665,107033,107300,107599,107991,108430,109101,109817,110765,111709,112758,113786,114893,116103,117035,117473,117568,117745,118636,119765,120953,121757,122462,123261,124075,124731,124715,124294,123776,123558,123433,123178,122778,122272,121740,121273,120878,120559,120219,119790,119438,119089,118774,118389,118097,117702,117279,117029,117090,117257,117407,117556,117926,118295,118667,118807,118840,118819,118594,118069,117226,116518,115981,115519,115230,114899,114695,114127,113640,113108,112817,112584,112568,112334,112158,112119,112612,113327,114003,114499,114728,114954,115231,115625,115807,115838,116006,116381,116978,117535,118143,118767,119328,119888,120380,120926,121329,121670,122249,123140,124285,125307,126129,126939,127673,128346,128785,129157,129805,130637,131793,133055,134224,135216,136072,137114,138246,139489,140639,141672,142655,143693,144713,145661,146275,147064,147832,148806,149613,150493,151484,152525,153493,154385,155390,156427,157611,158736,159772,160619,161237,161854,162380,163053,163898,164999,166207,167178,167933,168423,169014,169619,170412,171146,171907,172595,173365,174306,175214,175897,176246,176565,177015,177671,178342,179143,179986,180895,181778,182716,183739,184822,185816,186534,186927,187230,187956,189140,191129,193505,196224,198589,200869,203333,206316,209523,212954,216569,219746,221889,223118,224382,226459,229311,233605,238797,244408,249776,254460,258402,261078,262294,262245,261749,261209,260949,260436,259402,258178,257127,257034,257506,258157,258793,258853,258237,256938,255420,254457,254021,254311,254591,254584,254283,253626,253017,252426,251825,251200,250671,250324,250051,249275,248410,247279,246426,245788,245626,245427,245195,244826,244524,243953,243640,243631,243881,243676,243004,242168,241702
78251,TX,Bexar County,"San Antonio-New Braunfels, TX",114451,114643,114794,115174,114829,114121,113152,112787,112615,112484,112305,112191,111921,111561,111103,110798,110637,110567,110509,110448,110352,110258,110142,110027,109932,109855,109958,110265,110768,111363,112006,112667,113257,113756,114322,114846,115185,115222,115142,115179,115387,115715,116121,116576,116999,117314,117297,117248,117730,118964,120365,121784,122840,123940,124703,125235,125922,126605,127503,128107,128505,128806,129044,129385,129833,130310,130728,131067,131455,131906,132118,132143,132013,132048,132231,132514,132950,133534,134334,134972,135623,136326,137364,138626,139625,139993,139920,139885,140650,141703,142927,143857,144632,145441,146181,146956,146941,146484,145827,145487,145284,144984,144563,143883,143061,142334,141871,141472,141026,140346,139830,139307,138854,138272,137684,137049,136508,136197,136124,136101,136119,136216,136613,137040,137453,137495,137410,137354,137212,136785,135935,135109,134421,133749,133402,133086,132944,132442,132070,131750,131612,131451,131458,131230,131091,131037,131448,132035,132654,133090,133254,133413,133648,134121,134571,134934,135465,136083,136815,137387,137907,138512,139054,139654,140223,140870,141304,141663,142263,143202,144273,145118,145818,146460,147078,147511,147799,148019,148471,149041,149929,150949,151975,152870,153742,154734,155673,156713,157823,158960,159996,160997,162042,163067,163819,164564,165263,166132,166891,167618,168284,168874,169524,170200,171078,171961,172911,173770,174545,175252,175856,176444,176960,177568,178231,179141,180143,181063,181835,182461,183196,183918,184809,185590,186387,187099,187945,188996,190076,191028,191701,192203,192645,193147,193709,194496,195390,196349,197302,198286,199203,200109,200948,201752,202278,202700,203495,204810,206862,209326,212273,215134,217887,220494,223417,226616,230276,234234,238181,241535,244269,246763,249690,253046,257483,262657,268439,274267,279576,283927,286645,287497,287032,286204,285598,285265,284956,284082,283100,282126,281970,282148,282394,282491,282101,281245,280056,278485,277164,276143,275871,275926,275815,275610,274975,274477,273853,273212,272454,271975,271472,270840,269452,267916,266449,265496,264930,264758,264663,264517,264156,263754,263277,262910,262757,262690,262381,261805,261194,260886
78252,TX,Bexar County,"San Antonio-New Braunfels, TX",139438,139282,139349,139001,137740,135773,134379,133549,133338,134155,135078,136257,136086,135965,135544,135246,135447,136148,135847,135010,132960,132142,131457,131401,130453,130165,129520,129745,129471,130056,129463,129030,127892,127859,128586,129858,130244,129786,129282,129271,130125,130849,132281,133229,134251,134260,134145,134278,135475,137265,138595,140437,141951,143087,144311,146792,150665,153122,153440,152413,151519,151351,151304,151543,151617,151338,151403,150796,150478,150558,150896,152937,153931,156000,156339,156322,155554,155896,157206,158246,159065,159988,161305,163045,164647,165770,166002,166165,167138,168570,170105,171231,172106,172623,173280,173546,173342,171899,170277,169015,168727,169016,169363,168441,166618,164235,163117,162176,161458,160357,159146,158232,156847,155432,153532,151738,149899,148526,147838,147582,147451,147351,148360,149718,151079,151425,151181,150851,150076,149216,148048,147014,146210,144982,143988,141876,139846,137732,136496,134829,132826,130461,129224,128165,128262,128492,129418,130193,131249,132568,133121,132911,131964,130977,130153,129078,128298,127617,127734,128089,128856,129734,130541,131644,132487,133564,134176,134567,135128,136172,137914,139714,141507,143003,143971,144784,145280,146017,146620,147259,147941,148601,149635,150604,151466,152138,152850,154241,155862,157559,158670,159696,160295,160637,160646,160900,161264,161629,161964,162563,163343,164281,165113,165732,166128,166165,166175,166202,166402,166839,167357,168098,168849,169895,170864,171731,172177,172396,172626,172960,173465,173942,174742,175756,176998,178231,179343,180371,180991,181513,181841,182239,182547,182813,183140,183835,184807,186050,187147,188258,189151,189731,190039,190155,190235,190367,190824,191693,193057,194913,197438,200017,202369,204246,206264,208780,212037,215904,220538,225452,230212,234158,237969,241801,245970,249826,253888,257948,262050,265836,268663,269934,269660,268723,267611,267016,266697,266021,265026,264115,263742,263798,263582,263408,262696,261778,260550,259026,257763,256831,256377,256184,256071,255939,255324,254748,253967,253257,252570,252178,251936,251731,251294,250896,250423,250127,249806,249577,249454,249344,249236,249134,249080,249147,249134,248820,248066,247054,246113,245326
78253,TX,Bexar County,"San Antonio-New Braunfels, TX",165499,165795,166093,166535,165913,164829,163626,163446,163484,163685,163573,163440,162989,162528,162008,161564,161191,160800,160394,160056,159808,159554,159322,158943,158669,158415,158450,158775,159359,160027,160692,161192,161586,161891,162475,163225,163764,163790,163462,163231,163608,164604,165968,167208,168064,168496,168497,168508,169200,171014,172902,175067,176429,177739,178685,179629,181307,182871,184670,186063,187234,188202,188955,189592,190109,190462,190672,190935,191137,191536,191459,191095,190406,190099,190092,190613,191533,192766,193916,194803,195615,196684,198315,200515,202415,203272,203305,202988,203587,204702,206526,208036,209259,209990,210424,211032,210967,210523,209688,209200,208974,208513,207877,206777,205600,204602,204046,203626,203363,202847,202537,202160,201919,201422,200888,200405,200133,200027,200063,199874,199804,199900,200506,201148,201651,201772,201623,201409,201129,200456,199339,198201,197494,197065,197065,196802,196371,195524,195051,194728,194577,194337,194274,193913,193672,193671,194281,195178,196097,196852,197174,197513,197793,198420,198997,199381,199823,200327,201293,202284,203235,204057,204824,205806,206918,208031,208950,209599,210246,210993,212001,212892,213844,214647,215302,215683,215982,216441,217102,217802,218583,219367,220113,220682,221267,221904,222682,223549,224463,225387,226178,226887,227591,228192,228405,228643,228978,229690,230248,230505,230662,230759,231004,231275,231775,232426,233111,233873,234504,235257,235735,236229,236353,236583,236842,237626,238456,239105,239714,240336,241190,241801,242467,242967,243559,244152,244962,245818,246571,247395,248150,248886,249408,249867,250143,250309,250568,251135,251964,252984,254147,255208,255942,256138,256205,256440,257182,258373,260332,262813,265753,268576,271573,274710,278293,282485,287531,293220,299218,304913,309940,314290,318804,323535,328928,334355,340342,346581,352654,357957,361055,361607,360133,358219,356439,355179,354731,353897,352649,350839,349757,349320,348834,348409,347327,345914,343803,341253,338736,336949,336351,336391,336505,336247,335747,335459,335315,335110,334605,334101,333333,332514,331370,330394,329508,328869,328578,328485,328663,328647,328410,327887,327008,326103,325184,324436,323518,322391,321560,321151
78254,TX,Bexar County,"San Antonio-New Braunfels, TX",137916,138063,138164,138428,137839,136919,135861,135643,135666,135664,135549,135453,135331,135172,134936,134716,134661,134861,135162,135458,135560,135704,135764,135828,135755,135681,135777,136115,136675,137240,137721,138157,138647,139125,139599,139900,140106,140124,140054,140124,140401,140911,141457,142044,142527,142815,142710,142725,143339,144890,146405,147924,148973,150127,151148,151821,152810,153596,154708,155309,155692,156019,156532,157177,157860,158432,158918,159250,159664,160263,160770,161118,161264,161511,161819,162241,162896,163809,164793,165699,166663,167820,169114,170429,171254,171362,170931,170556,171013,171886,173044,174006,174763,175389,175915,176532,176432,175892,175071,174722,174571,174321,173911,173227,172582,172075,171752,171493,171224,170825,170583,170280,169999,169447,168921,168172,167488,166991,166980,167145,167488,167888,168433,168904,169258,169312,169195,169059,168813,168115,166987,165968,165413,165025,165043,164831,164631,163937,163417,163035,162783,162592,162532,162313,162175,162315,163047,164069,164978,165684,165957,166311,166571,167166,167703,168133,168676,169307,170286,171042,171730,172320,172953,173750,174735,175933,176925,177769,178689,179850,181099,182116,183102,184002,184765,185319,185713,186166,186852,187719,188851,189919,190845,191620,192379,193334,194350,195619,196821,197873,198692,199512,200440,201361,201985,202673,203397,204415,205281,206072,206817,207512,208250,208972,209853,210706,211681,212772,213834,214814,215477,216107,216468,216929,217418,218271,219075,219682,220258,220883,221688,222352,223192,223915,224621,225099,225723,226540,227348,228069,228658,229213,229781,230304,230764,231306,231984,232928,233965,234985,236014,236948,237764,238212,238536,238921,239745,240914,242772,245241,248272,251312,254298,257361,260792,264708,269328,274452,279941,285147,289825,294007,298296,302862,308135,313531,319209,324859,330356,335213,338230,338885,337846,336429,335153,334287,333790,332866,331656,330304,329835,329955,329907,329756,328873,327727,326246,324640,323373,322663,322725,322915,322774,322240,321520,320905,320344,319705,318946,318360,317727,317207,316189,315009,313675,312555,311854,311450,311280,311086,310847,310473,309735,309096,308593,308296,307607,306673,305848,305488
78255,TX,Bexar County,"San Antonio-New Braunfels, TX",237801,238303,238543,239343,238929,238365,237213,237115,237340,236990,236290,235327,235400,235705,235762,234924,233349,231353,229903,229351,229385,229419,229237,229228,229643,230213,230990,231564,232236,232992,233389,233727,233945,234127,234313,234093,234162,234202,234154,234427,235350,236823,238332,239071,239404,239167,238524,238028,239105,241575,244090,246272,247653,249509,250857,252153,253909,255549,257467,259221,260896,262453,263648,264875,266393,267800,269696,271514,273926,276279,278189,279029,279664,280257,281406,282612,285098,287656,290389,292389,294843,297774,301150,304337,306200,306604,306778,307310,309341,311436,313260,314880,316288,317716,318616,319180,318898,317954,317003,316435,315939,314961,313695,311114,308143,305359,303652,302215,300919,299475,298738,298167,298084,297141,295858,294050,292608,291059,290025,289094,288895,288844,289126,289299,289423,289326,288874,288543,288083,287416,285882,284327,283402,282857,283054,282769,282374,281159,280105,278997,278144,277708,278268,278836,279671,280853,282859,285021,286997,288487,289329,290445,291611,293328,294941,296625,298578,300125,301495,302222,303114,304435,305967,307786,309206,310711,311622,312700,313972,315955,318026,320024,321778,323390,324422,324771,324830,324999,325481,326441,328003,329947,331795,333154,334094,334681,335229,335951,336837,337995,339114,340424,341880,343208,343708,343847,343927,344368,344810,344982,345005,344959,345518,346671,348240,349849,351458,353007,354146,355080,355674,356334,356512,356932,357538,358832,359824,360337,360840,361880,363225,364544,365877,367189,368316,369115,369802,370612,371165,372141,373070,374284,374902,375434,375731,376348,377166,378159,379159,380368,381951,383764,385253,386014,385987,385947,386536,388386,391727,395867,400654,404978,409411,414047,419351,425442,432694,440773,449613,457794,464931,470565,476245,482351,490503,499541,510043,521138,531832,540518,545008,545881,544242,543300,543158,544700,547773,550337,551907,551237,551208,551888,553086,554524,555209,555545,553990,551480,548529,547318,548370,550004,551362,551558,551096,550953,551634,552980,553459,552963,551156,549662,547997,547567,547162,546511,545832,545336,545759,546493,547677,548484,548167,547393,546670,546543,546454,546989,547716,548823
78256,TX,Bexar County,"San Antonio-New Braunfels, TX",273857,273907,273859,274108,273319,272545,271640,272182,272976,273417,273439,273444,273602,273592,272713,271746,270723,269586,268775,268479,268608,268545,268500,268741,269280,269381,271628,273804,275595,275429,274641,274688,275029,276345,277345,277711,277260,276563,276095,275933,277162,278901,281037,281776,281619,280865,279866,279578,280838,283980,286407,288565,289802,292004,293596,294995,297459,300052,303031,304962,305869,306336,307052,308903,311414,313295,315055,316949,319445,322382,324640,326537,328228,329910,331683,333213,335509,338545,342103,345355,348160,350624,352983,355356,357232,358215,358290,358471,360024,361948,363322,364078,364512,365341,365749,366563,365592,363998,361680,360558,360142,359936,359490,358062,356431,355022,354174,353223,352297,350934,349903,348677,347919,346438,344963,342263,339923,337534,336433,335686,335293,335409,335758,336689,337391,338509,339580,340972,341653,341321,339670,337938,336058,334255,333199,332574,332107,330761,329782,330026,330955,332068,332977,333463,334103,335161,337417,340289,342959,345351,346756,348526,349438,350758,351847,352980,354520,355737,357021,357690,358492,359847,361221,362787,364114,365346,365850,366175,366840,368299,370033,372062,373783,375137,375551,375825,376349,377358,378658,380068,382016,383437,384786,385333,386066,386060,386198,386423,387341,388546,389902,391034,392372,393472,394444,395318,396019,396398,395928,395435,394892,394806,395233,396824,398835,400927,402742,404305,405121,405626,406037,406580,406651,406603,406413,406835,407574,408173,409296,410173,411806,412756,414071,414583,415138,415638,416449,417379,418136,419458,420505,421407,421509,421901,422082,422433,422669,423631,425003,426899,429469,431893,433737,433993,433588,433436,434048,435887,439234,443461,448336,452827,457626,462841,468780,474911,482162,490164,499351,508228,516033,522169,528276,534287,542217,550451,561182,572959,585440,595289,600836,601886,600097,598601,597685,599044,601551,604259,606357,608018,610556,613407,615721,616844,616493,615331,613516,610991,608368,607087,608617,611185,612901,612720,611104,610384,610838,612225,612841,612392,610640,608913,606902,606600,605500,603725,601000,599313,598752,598193,597554,596901,595739,594497,593017,592333,591956,592726,593948,595598
78257,TX,Bexar County,"San Antonio-New Braunfels, TX",409642,411043,412378,414627,412722,408460,403877,403168,404000,405029,405481,405862,405880,406585,407700,408556,408596,408822,409556,410664,411992,412749,413003,412499,412919,413572,414445,414785,415352,415691,416254,417079,418547,420316,422249,423481,424405,424657,424993,425240,426151,427442,428628,430184,431327,432800,432783,433376,436409,442445,448318,453547,457380,462117,465404,467960,470353,473171,476518,478637,480531,482989,486932,490983,494358,496113,496761,496603,496962,498572,500286,501759,502707,503712,505595,507584,510942,515142,520202,524318,527138,529155,531595,534904,537521,537654,537084,537105,540368,543190,546245,548632,551348,553353,554177,554834,552874,550381,547715,546990,547114,547233,547719,547180,545906,544234,543463,543281,543156,542274,541536,541090,540984,540084,539070,536752,535023,533062,532111,531379,531020,531532,531696,531275,530229,529072,528277,525976,523370,519558,516295,513628,511557,509368,508027,506608,505478,503107,502054,501161,500815,500691,501990,502386,502160,502499,504985,508598,511906,514323,516234,518407,520661,522899,525251,527270,529689,531108,532522,533947,536339,537921,537548,536559,536464,536835,537074,537188,539208,542315,545571,547711,547914,547713,547068,546658,546507,546461,547351,548550,551294,554126,557410,558845,559824,558823,557504,556432,557095,559492,561776,563407,565008,565690,565985,564972,565041,564826,564202,563070,561701,561274,561528,562942,564598,566570,568613,571093,572506,573488,574003,575441,575783,575649,575267,576417,577924,579302,579568,579807,580601,583008,586042,587902,589417,590184,591137,591697,591888,592057,591842,592013,591781,591980,591911,592109,592439,594364,596053,597855,599251,601626,604109,604785,604206,603475,604385,607433,612576,619165,627687,636851,646381,655248,663550,673298,684640,697387,711372,725198,737837,746784,755474,764942,778036,790692,805505,821067,838615,852060,858295,857146,852699,850090,849727,852571,862558,873222,881396,882619,883955,887883,892105,896466,899117,900077,899460,897846,896396,896098,898730,902540,904650,903886,901914,900849,902544,906622,909695,910585,908653,908227,909164,912609,914966,914908,913075,912534,914967,920112,926371,932340,936006,938498,939861,940964,941688,943202,945580,949051
78258,TX,Bexar County,"San Antonio-New Braunfels, TX",226294,226504,226605,226882,225695,224126,222403,222219,222431,222729,222902,223214,223433,223461,223313,223044,222968,222782,222874,222965,223159,223205,223205,223132,223093,223010,223007,223210,223682,224528,225366,226207,226781,227391,228251,229051,229667,229827,229719,229730,229783,229925,230050,230271,230795,231188,231135,231257,232361,234955,237302,239658,241264,243005,244295,244953,245961,246695,247903,248594,249142,249631,250305,250948,251871,252939,254022,255071,256194,257779,258942,259837,260412,261124,262011,263150,264873,266813,268924,270777,272696,274549,276710,279168,281056,281526,281075,280637,281471,282702,284347,285458,286068,286484,286787,287277,286577,285499,284333,283793,283381,282642,281746,280121,278276,276522,275321,274175,273056,271851,271041,270254,269791,268934,268013,266759,265828,265008,264553,264232,264445,264882,265702,266431,267165,267716,268084,268486,268644,268117,266677,265256,264387,263885,264032,264049,263985,263055,262447,262197,262273,262339,262595,262465,262335,262422,263434,264907,266321,267338,267748,268374,269042,270062,270946,271760,272783,273800,274914,275844,276818,277972,279127,280547,282153,283944,285355,286467,287581,289014,290662,292134,293577,294855,295873,296704,297486,298278,299207,300385,302118,303899,305701,307000,308240,309010,309956,311003,312272,313578,314670,315617,316883,318051,318912,319512,320257,321188,321737,321914,321946,322304,323196,324415,325808,327010,328198,329483,330499,331486,331953,332335,332576,333203,334139,335440,336416,337074,337701,338495,339496,340162,340841,341304,341743,342091,342562,343141,343627,344562,345374,346076,346017,346081,346212,346391,346501,346894,347728,348903,350477,352011,353220,353522,353441,353384,354185,356141,359303,362985,367155,371300,375690,380185,385281,390835,397514,404914,412787,419852,425784,430493,435316,440674,448046,456429,466297,476629,486798,494684,499111,499812,498405,496822,495684,495871,496925,498326,499220,499799,501085,502973,504876,506385,507128,507585,506856,505566,503875,503571,504739,506487,507670,508205,507649,507090,507086,508193,509343,510081,509592,508832,507170,505971,504437,502950,501821,501864,502626,503256,503054,502616,501651,500996,500634,501021,501621,502456,503641,505111
78259,TX,Bexar County,"San Antonio-New Braunfels, TX",176344,176488,176682,177036,176334,175102,173660,173068,172925,173094,173497,173834,173727,173438,173010,172679,172484,172467,172617,172869,173065,173172,173213,173475,173818,174066,174119,174432,174916,175542,176056,176581,177021,177371,177749,177861,177768,177417,177268,177539,178151,178888,179601,180282,180901,181230,181132,181160,181956,183959,185838,187578,188562,189854,190680,190781,190934,191059,191886,192554,193292,193946,194307,194431,194607,194912,195511,196295,197199,198289,199147,199972,200430,200723,201263,202269,204058,206103,208453,210493,212074,213268,214458,216039,217238,217509,217240,216813,217428,218444,219830,220793,221177,221234,221020,220998,220221,219165,218069,217577,217283,216814,216240,215246,214014,212864,212067,211384,210789,210079,209623,209113,208590,207643,206544,205269,204309,203574,203268,202875,202759,202868,203509,204235,205020,205461,205692,205903,206152,205907,205133,204213,203653,203170,203128,202933,202776,202080,201590,201078,200826,200810,201065,201115,200976,201229,202227,203546,204605,205373,205849,206742,207706,208767,209415,209723,210424,211165,212274,213099,214077,214980,215638,216581,217960,219818,221322,222310,223396,224725,226166,227245,228061,228659,229236,230041,231112,232183,233213,234307,235856,237661,239437,240767,241933,243009,244275,245637,247012,248435,249715,250954,252281,253413,254120,254708,255456,256484,257230,257812,258288,258856,259734,260949,262359,263727,265110,266597,267773,268828,269491,270049,270299,270692,271303,272501,273664,274468,274988,275474,276190,276937,278087,279210,280072,280696,281319,282211,283022,283834,284435,284979,285277,285594,285833,286122,286509,287072,288027,289080,290419,291836,292997,293527,293676,294114,295087,296794,299432,302704,306397,309917,313459,317259,321516,326200,331526,337277,343121,348206,352361,356017,359955,364577,370978,378485,387022,395277,402849,408743,412337,413261,412611,411959,411562,411735,412769,413586,414006,413346,413535,414668,415763,416388,415636,414396,412683,411196,410160,410049,410961,412221,412788,412432,411028,409841,409214,409414,409711,410008,409538,408673,407041,405382,403595,402023,401128,401301,402225,403352,403986,404333,403710,402981,401919,401345,400900,400907,401339,402263
78260,TX,Bexar County,"San Antonio-New Braunfels, TX",224291,224584,225110,226120,225616,224356,222005,220320,218823,217826,217070,216402,215925,215640,215234,214744,214565,214261,214233,214617,215210,215652,215500,215465,215462,215915,216331,216725,216966,217244,217511,217939,218550,219381,220233,221145,222028,222567,222692,222582,222594,223078,223561,223798,223554,223304,223045,223272,224879,227900,230960,233674,235925,238229,240505,242068,244222,245531,246923,247417,247990,248717,249303,249719,250012,250693,251533,252390,253226,254306,255305,256111,256469,256596,256967,257581,259108,261039,263520,265871,268156,270631,273105,276081,278581,280011,280238,280362,281961,284146,286222,287375,288042,288452,288803,289202,288832,287951,286838,286049,285546,284756,283847,281819,279555,277280,275867,274441,273038,271317,270028,268916,268234,267147,265776,264139,263121,262478,262128,261582,261503,261848,262800,263629,264405,264872,265201,265535,265557,264887,263180,261526,260648,260206,260208,259759,259329,258199,257508,257022,256975,257115,257602,257821,258188,258932,260649,262661,264503,265979,266782,268090,269453,271239,272602,273642,274897,276184,277741,279215,280688,282167,283361,284856,286630,288547,289918,290858,291925,293237,294680,295843,296922,297995,298907,299962,300987,302107,303121,304294,305795,307464,309114,310380,311400,312022,312775,313776,314942,316282,317516,318885,320235,321237,321571,321822,322312,323014,323590,323919,324255,324791,325771,327273,328847,330437,331894,333379,334189,334955,335251,335767,335902,336420,337169,338361,339248,339622,340118,340943,342226,343482,344835,345954,346795,347376,348011,348766,349475,350426,351306,352189,352718,353230,353588,354093,354725,355751,357117,358850,360894,362759,364084,364413,364228,364146,364973,366989,370306,374190,378474,382633,387143,392018,397165,402816,409327,416920,424707,432032,438099,443276,448620,454796,462755,471901,482091,492773,502773,510834,515028,515446,513370,511736,510659,511075,512358,513282,513672,513354,513978,515602,517250,519264,519934,520097,518573,516646,514577,513947,515060,516568,517801,518175,517989,517934,518715,520678,522718,523985,523802,523298,522391,522284,521936,521366,520968,520983,521551,521823,521983,521871,521002,519831,518609,517995,517537,517348,517495,517986
78261,TX,Bexar County,"San Antonio-New Braunfels, TX",196940,197699,198150,198876,197669,196055,194181,194303,194080,193713,192939,192595,193273,194168,195230,195397,195266,194882,194318,193696,193644,193948,194171,194121,194760,195128,195800,196389,197330,198563,199134,200226,201010,201928,202433,202728,203460,204254,204853,204976,205128,205481,206099,206543,206767,206884,206839,206849,208166,211155,214006,216317,217469,218991,219754,219674,220008,220030,220763,220659,220968,221099,221597,221967,222753,223317,224679,226465,228878,232199,235799,239211,242013,244275,246971,248405,250041,251580,253999,255939,257426,258792,260559,263199,265564,266975,267313,267354,268257,269326,270511,271196,271887,272317,272750,273207,272862,272014,270731,270130,269667,269160,268323,266716,264842,262944,261620,260544,259483,258385,257355,256223,255353,254322,253430,252320,251336,250541,249942,249460,249649,250255,251182,251802,252192,252228,252025,251835,251565,250547,248904,247263,246714,246646,247138,247144,246888,246031,245515,244994,244828,244804,245152,245382,245528,245921,246842,247999,249141,249842,250263,251095,252175,253591,254792,255887,256940,257856,258979,260211,261699,263374,264784,266146,267543,269043,270342,271053,271852,272921,274239,275570,276900,278228,279304,280134,280888,281875,283159,284463,285546,286462,287612,288852,290216,291293,292392,293413,294402,295275,295912,296455,297049,297588,297944,298498,299176,299995,300425,300483,300252,300218,300623,301552,302578,303658,304966,306362,307241,307942,308336,308862,308906,308979,309079,309616,310066,310385,310759,311151,311778,312267,312940,313599,314102,314674,315252,316058,316511,317090,317641,318464,319055,319498,319633,319719,319914,320425,321324,322525,324082,325480,326472,326766,326807,326953,327521,328822,331090,333975,337502,341058,344904,348684,353046,358304,364798,371658,378624,385239,391579,397545,403556,409626,416262,423386,431607,440495,449244,456655,460985,461704,459798,457696,456068,456028,457440,458834,459349,458900,458564,458466,457941,457695,456404,454713,452300,450310,448323,447448,447657,448835,449702,449679,448793,448162,447950,448009,447542,446910,445700,444596,443086,441900,440404,439379,439161,439760,440837,441699,442302,442034,440718,439209,437898,437280,436551,435811,435346,435342
78263,TX,Bexar County,"San Antonio-New Braunfels, TX",108669,109137,109595,110245,110251,109788,108655,108140,108092,108512,108829,108906,109038,108536,107904,107188,106952,106793,107133,107697,108022,107950,107247,106714,106155,106048,105976,106112,106229,106681,107316,107827,108075,107802,107695,107756,108005,108316,108227,108074,107924,108223,108602,108978,109027,109137,109366,109747,110645,111996,113451,115262,116782,118651,120174,121492,122779,123811,124339,124459,124420,124802,125335,125839,126842,127313,127838,128076,128893,130266,131308,132173,132328,132630,132958,133414,133603,134195,135474,137248,138659,139658,140623,141866,142793,143529,143703,144271,145496,146848,147681,147533,147852,148577,149568,150204,150674,150961,151290,151247,151641,152006,152790,152975,152699,151945,151146,150319,149481,148494,147743,146905,146538,145844,145038,144540,145046,146196,147303,147867,148204,148216,148756,149364,149953,149911,150046,150438,150958,150697,150174,149471,149239,148582,148369,148092,147714,147044,146459,146469,146403,146605,147135,147677,147646,147676,148507,150248,152121,153693,154864,155923,156157,156515,156532,157087,157691,158619,159972,161423,162780,164270,165549,166516,166418,166336,166230,166578,167299,168447,170113,171885,173861,175666,177054,178253,179012,179864,180868,182530,184197,186213,187898,189557,190386,191145,191841,192940,193983,195402,196679,198433,200347,202421,203733,204805,206167,207741,209215,210179,210864,211270,211937,213309,215104,216925,218683,220558,221786,222812,223540,224749,225494,226117,226872,228376,229989,231114,232233,233222,234319,235271,236680,238380,239661,240316,240593,241065,241577,242277,243013,243520,243748,243865,244178,244848,245689,247167,248623,250021,250512,251333,252566,253971,254859,255513,257411,260802,265571,270434,274769,278433,282081,285770,289095,292939,297574,303160,306630,307218,305359,303954,304846,307569,313607,320784,330198,339559,347722,353365,354991,355160,353028,351651,349994,349644,349235,347586,346210,345570,346850,348651,349510,349791,349092,347526,345496,343233,342154,342597,344203,345687,346078,345231,344542,344494,345451,347107,348601,350475,351025,351700,350872,350134,348849,347655,346218,344973,345281,346939,349257,350418,350559,350502,350747,349905,348418,347234,347588,348574
78264,TX,Bexar County,"San Antonio-New Braunfels, TX",74752,74700,75062,75392,75250,74488,74141,74427,75324,76012,76656,77185,77711,77893,77976,77972,78049,78121,78154,78586,78593,78578,77870,77532,77197,77450,77497,77568,77538,77734,78023,78324,78622,78774,79001,78662,77997,77243,77029,77336,77816,78689,79212,79651,79777,80188,80650,81696,83470,85600,86990,87965,88789,89564,90744,91868,93380,93836,94038,93835,93753,93948,94411,94648,94825,94379,94200,93789,93610,93822,93533,93920,93861,94501,94182,94150,94046,94663,95096,95215,95366,95676,96313,97005,97398,97612,97671,97905,98593,99809,101316,102637,103232,103423,103800,104076,104192,103683,103381,103594,103928,104128,103583,102244,100443,98887,97894,97025,95846,94877,94267,94004,94095,94071,94058,93928,94952,96715,99115,100636,100974,99999,98920,98301,98502,98791,99280,99514,99517,99197,98199,97443,97187,97282,97152,96614,95914,94964,94467,94620,94551,94158,93603,93439,93347,93325,93761,94287,95013,95861,96650,97070,97175,97323,97720,98102,98530,98992,99839,100923,102039,103425,104535,105579,105317,105051,105067,105457,106628,108170,110673,112715,114653,116589,118837,120573,121584,122120,122889,124302,126059,127924,129752,131526,133561,134834,136069,136736,137911,139328,140304,141000,141481,142508,143427,144042,144532,144953,145535,145685,145667,145266,145591,146759,148917,151305,153562,154768,155167,155542,156697,158596,160244,161442,162273,162878,163558,164500,166450,168839,170964,172555,173445,174535,175524,176883,177796,178559,178701,178715,178594,178812,179309,180016,180395,181299,182717,185137,187712,190077,191957,193672,195140,196560,197627,198512,200244,202977,207198,211151,214022,216129,218108,220853,223552,226562,229419,232414,233473,233009,231657,231180,232551,233963,237258,241313,246784,252236,256723,260738,262302,261804,259015,256621,254345,252052,248860,244848,242022,241165,241715,242223,241247,240181,238713,237664,235926,233273,230411,228624,227823,227475,226860,226575,225767,225026,223958,223340,222833,223073,223404,223830,223588,223225,222909,222959,223361,223612,223832,223648,224005,224727,225877,227161,227751,227214,225753,224140,222967,222259
78410,TX,Nueces County,"Corpus Christi, TX",,,,,,,,,,,,,,,,,,,,,,,,,,,,,,,,,,,,,,,,,,,,,,,,,,,,,,,,,,,137412,137510,137918,139492,141960,144695,146414,147437,147988,148594,149289,150174,151102,151896,152476,153063,153640,154296,155279,156563,157916,158942,160021,161015,161765,162183,162485,163098,163903,165013,165942,166394,166479,166594,166679,167176,167672,168304,168449,168384,167573,166236,164466,163209,162184,161293,160545,159471,158425,157070,156302,155290,154725,154147,154230,153887,153254,151936,150635,150051,150188,150709,150961,151100,151409,151894,152666,153544,154049,154201,153847,153446,153063,152688,152021,151146,150095,149278,149000,148774,148591,148119,147832,147735,147567,147506,147664,147646,147192,146438,145917,146144,146515,146900,146874,146843,147022,147551,148316,149125,149674,150086,150248,150506,150810,151431,151825,152075,152077,152438,152929,153566,154123,154810,155796,156982,158164,159055,159891,160498,161348,162313,163464,164627,165779,167162,168777,170456,172050,173408,174481,175481,176073,176744,177237,177848,178204,178692,179023,179306,179517,179996,180626,181349,181978,182682,183069,183368,183703,184258,184490,184424,184166,183933,183815,183749,184004,184447,185293,186047,186918,187273,187407,187249,187430,187869,188502,188942,189496,189969,190130,190332,190823,191805,192972,194210,195301,196381,197230,198136,199044,200237,201210,201872,202260,202952,203672,204504,205938,207941,210088,211085,211378,211320,212469,214700,217419,220118,221958,223653,224840,225915,226781,227711,229431,231201,233565,235755,238753,241529,244367,246727,248223,248546,248003,247638,247217,246193,244635,243033,242106,242139,243047,244423,245412,246279,246371,246300,245624,244825,244312,244358,245119,245685,246070,246284,246200,245819,245006,244304,244196,244689,245274,245422,244721,243463,242012,240835,240019,238934,237954,237425,237648,238110,238571,239107,239624,239737,239604,239770,240191,240637
78415,TX,Nueces County,"Corpus Christi, TX",,,,,,,,,,,,,,,,,,,,,,,,,,,,,,,,,,,,,,,,,,,,,,,,,,,,,,,,,,,112051,111984,112519,113104,114390,116091,117957,119866,120864,121366,121317,121314,121739,122098,122209,122134,122211,122455,122773,123074,123639,124597,125578,126395,126954,127247,127190,126891,126890,127205,127640,127911,128183,128695,129475,130547,131507,132198,132427,132528,132273,131916,131374,131013,131143,131271,131067,129946,128547,127006,125738,124558,123957,123881,124186,124647,124867,124625,123668,122575,121851,121483,121066,120628,119999,119417,118733,118249,117596,117014,116466,116306,115870,115217,114327,113730,113478,113346,113556,113534,113448,112749,112517,112488,112845,113046,113149,113418,113516,113197,112531,112166,112477,112972,113048,112536,112015,112004,112580,113362,114067,114399,114399,114324,114223,114358,114111,114016,113794,114234,115198,116613,118017,119162,120259,121377,122787,124186,125324,125823,126164,126688,127558,128847,130062,131398,132666,134052,135415,136429,136963,137292,137211,137386,137864,138884,139872,140790,141561,142177,142579,142949,144068,146041,148520,150768,152520,153740,154157,153910,153410,153211,153576,153722,153898,153569,153669,154001,154862,155390,155914,155864,155906,155766,156009,156259,156344,155879,155780,156279,156908,157545,158686,160686,162882,165075,166912,168658,169630,170493,171657,173319,174592,175332,175375,175882,176306,177142,178467,180783,183435,184635,184355,183035,183431,185054,187410,189410,189966,190244,189821,189829,189246,188654,188830,189395,190623,191551,192467,192504,192748,193145,193654,193270,192206,191218,190545,189898,189194,187971,187605,188481,190569,192173,192461,191755,190366,188761,186901,185078,183712,183051,183670,184910,186486,187911,188184,187942,186685,185537,184081,182925,181993,181612,181104,180264,178698,176613,174373,172146,170733,170305,171072,172403,173953,175734,176653,176295,174955,173967,173935,174044
78605,TX,Burnet County,,,,,,,,,,,,,,,,,,,,,,,,,,,,,,,,,,,,,,,,,,,,,,,,,,,,,,,,,,,,,,,,,,,,,,,,,,,,,,,,,,,,,,,,,,,,,,,,,,,,,,,,,,,,,,,146347,146610,146377,146508,146210,146304,146270,146471,145973,145232,144375,143919,143502,142931,142238,141940,141880,142974,143957,145091,145282,145132,144916,144509,143910,143244,142777,142779,142774,142768,142257,142510,143158,144106,144403,144553,145031,145712,146477,147628,148639,149325,148990,148707,148270,147679,146886,146102,145762,145722,146092,146579,147260,148029,149341,150491,151474,152266,153381,155491,157831,160418,162213,164376,166236,168820,171119,173529,175705,177203,178706,179941,181638,183222,184572,185526,186037,187025,188785,191194,194307,197544,200979,203539,205178,205783,206163,206869,207711,208015,207910,208054,208696,209693,210188,210883,211661,212859,214208,215164,215767,216062,216619,217543,218725,219868,221158,222115,222573,224069,226240,229324,232110,234469,236369,237351,238769,240936,243461,245542,247583,250020,252718,255725,259230,262451,265056,266584,269411,272911,276978,279846,282277,284139,285177,285178,285566,288124,292363,297577,302602,308203,313946,319507,325296,331101,337424,346175,356502,368115,376667,382646,387795,394828,403589,412984,422110,433207,445439,458880,470005,475039,474037,470209,467754,464281,459952,455182,452156,448749,446823,446139,447438,448258,447600,446342,444861,444003,442947,442058,441753,441994,442370,441959,440651,439123,438516,439293,439453,438262,436168,434790,434920,434275,432327,428216,424350,421168,419851,419896,420378,421545,422493,423837,425038,425560,424494,421347,418010,416058,415542
78621,TX,Bastrop County,"Austin-Round Rock-Georgetown, TX",115073,115240,115639,116184,116724,117182,117386,117511,117499,117845,118472,119326,120267,121083,121842,122588,123325,123857,124130,124163,124069,124050,124091,124190,124425,124899,125596,126174,126746,127213,127830,128342,128984,129434,129607,129623,129780,130125,130465,130599,130671,130584,130560,130608,130689,130785,130849,131085,131418,131803,132158,132346,132588,132761,132973,133099,133113,133178,133311,133672,134564,135300,135993,136168,136586,137053,137724,138391,139077,139680,140221,140698,141150,141609,142209,142526,142835,143057,143570,,,,135623,135670,135865,135669,135191,134944,134772,135025,135018,136209,138364,140599,141780,141663,141621,141705,141960,141843,141745,141416,141286,141003,140858,140557,140257,140031,139973,139968,139980,139910,139776,139345,138771,137859,136921,136005,135527,135242,134982,134644,134283,133958,133801,133600,133293,132792,132273,131669,131096,130518,130025,129550,129208,129082,128959,128785,128587,128419,128149,127776,127380,127279,127296,127438,127548,127927,128396,128936,129406,130047,130695,131195,131117,130772,130452,130427,130869,131683,132775,134061,134980,136075,136829,137771,138606,139830,141491,143401,145224,146744,148143,149657,151402,153130,154602,155841,157117,158463,160037,161626,163112,164459,165564,166742,167857,169530,171346,173412,175085,177192,179277,181254,182563,183865,185420,187167,188551,189521,190194,190987,192031,193480,195155,197048,198941,200753,202177,203269,204152,205327,206630,208237,209924,211727,213529,215009,216605,217746,218855,219698,220691,221448,222085,222807,223810,224889,225692,226075,226406,226709,227080,227275,227562,228115,228603,229299,229996,231121,232202,233414,234711,235625,236092,236259,237124,238949,241787,245149,248915,252584,256251,260629,266348,273940,283195,293222,302620,310436,316489,321884,327313,333456,341573,351302,362570,373286,382471,389124,391476,389985,385007,380107,375223,370965,365746,360593,355514,351928,349591,348617,347358,345500,343089,341007,338675,336218,334093,332793,332234,332025,331564,330838,329648,328894,328112,326874,325312,323923,323109,322253,320845,318824,316340,313840,311445,309517,307954,306093,304200,302427,301374,300471,299112,297278,294928,292486,290179,288275
78628,TX,Williamson County,"Austin-Round Rock-Georgetown, TX",,,,,,,,,,,,,,,,,,,,,,,,,,,,,,,,,,,,,,,,,,,,,,,,,,,,,,,,,,,,,,,,,,,,,,,,,,,,,,,,,,,,,,,,,,,,252287,251886,251534,251392,251469,252108,252950,254475,255665,256088,255745,254926,253494,251747,250281,249481,248734,247372,246329,246127,246218,245556,245047,245009,245799,246331,246181,245846,244897,244634,244977,246034,247399,248626,249594,249276,247717,245397,243123,241406,239368,237898,236405,236576,237509,238725,238666,238844,239043,239730,239710,239220,238900,239198,240243,241730,242649,243318,243935,244696,245530,246111,246472,246892,247490,248701,250394,252081,253859,255717,258149,260715,263123,264955,266074,266995,268239,270490,273132,276054,278803,281686,284152,286461,288492,290214,291310,292535,294102,296471,298714,301036,302769,304433,305871,307547,309390,311359,312968,314257,315317,317133,318773,320147,320892,321878,323102,324212,325329,326451,328111,329799,331722,333773,335699,337321,338393,338936,339201,339624,340381,341277,342012,342621,343522,344628,345883,347267,348096,348479,348436,349035,349547,349777,349540,349462,349705,349447,349293,349150,349243,349261,349392,349738,350385,351214,352625,354536,356563,358723,360838,363029,364524,365047,365358,366548,369142,373397,378799,385274,392225,399881,409066,421659,439861,462705,486175,504404,516335,522775,527882,533818,541438,552188,566163,582941,600369,614718,624146,624394,617517,605872,594935,584617,574866,566056,558340,552559,547393,545138,544621,544322,542324,538568,534810,531410,529041,526742,524970,524207,524850,524913,523724,521446,519393,518069,517475,517418,516720,515653,514378,513060,511560,509286,506441,502960,500407,498714,497444,495382,492864,490001,486975,482665,478440,474514,472227,471478,472070
78633,TX,Williamson County,"Austin-Round Rock-Georgetown, TX",,,,,,,,,,,,,,,,,,,,,,,,,,,,,,,,,,,,,,,,,,,,,,,,,,,,,,,,,,,,,,,,,,,,,,,,,,,,,,,,,,,,,,,,,,,,262999,262328,262150,262012,262312,263090,263388,263089,262023,260569,259385,257936,256190,254358,253186,252550,252083,251168,250257,248997,247850,246788,247141,247785,249087,249762,250036,249948,249645,249810,250284,250430,250758,251161,252358,252302,251351,249493,247721,246160,244499,243373,241878,240937,240644,241025,241101,241456,241734,242279,242261,241977,242137,242723,243708,244111,243820,243657,244189,244995,246097,247201,248397,249413,250392,251616,253178,254650,255926,257066,258784,260910,263677,266287,268844,270970,273220,275716,278442,281403,284268,287047,289677,292470,295353,298005,300108,302284,304518,307243,309785,312268,314118,315693,316847,318236,319861,322163,324605,326886,328200,329354,330024,330823,331229,331896,332280,332416,332256,332070,332466,333121,334247,335355,336443,337267,338138,338529,339016,339201,339589,340042,340560,341223,341844,342081,342265,342771,343496,344049,344431,345379,346323,347118,347569,347989,348357,348090,347828,347285,346839,346298,346187,346144,346043,345869,346390,347596,349004,350605,352271,353983,354928,354904,354765,355462,357414,360423,364196,368631,373294,378029,384209,393130,406348,422136,438133,450100,458215,462471,466749,471614,478052,487026,498416,511894,525140,536814,545694,548823,546364,539583,532156,524867,517915,512018,507198,503973,501260,499586,498552,497129,494962,491688,488658,485475,482805,480123,477977,476534,475695,474601,472497,470126,468523,467947,467829,467340,466211,464807,463389,461863,460191,457995,455390,452771,450900,450292,450326,450167,449797,448956,447655,445177,442028,439089,437056,436621,437146
78634,TX,Williamson County,"Austin-Round Rock-Georgetown, TX",,,,,,,,,,,,,,,,,,,,,,,,,,,,,,,,,,,,,,,,,,,,,,,,,,,,,,,,,,,,,,,,,,,,,,,,,,,,,,,,,,,,,,,,,,,,173385,173721,173935,174540,174996,175124,174882,174099,173252,172412,172010,171624,170756,169520,168507,167734,167254,166299,165754,164937,164249,163126,162844,162989,163184,163036,162543,162594,162332,162131,161830,161212,160788,160487,160905,160680,160129,159179,158344,157483,156164,154416,151994,149953,148986,148619,148329,148248,148602,149094,149221,148839,148365,148376,148670,148947,148845,148859,149443,150241,151298,152347,153371,154359,155372,156645,158196,159812,161531,163255,164936,166531,167899,169199,170371,171612,173172,175079,177000,178649,180009,181390,182758,184347,185887,187288,188268,189360,190612,192396,194282,196283,197825,199155,200369,201693,202983,204259,205359,206565,207864,209484,211185,212806,214402,215953,217552,219188,220669,222129,223437,224806,226306,227915,229435,230973,232398,233641,234726,235756,236765,237679,238578,239561,240764,241751,242730,243644,244353,244883,245133,245932,246494,246936,246963,247202,247544,247660,247678,247686,247629,247690,247798,248231,248715,249285,250195,251567,253056,254379,255348,256269,257050,257656,258383,259755,261851,264776,268410,272828,277524,282553,288666,297710,311097,328374,346882,362648,374247,381570,386996,391866,397205,405045,415529,428422,441014,451292,457875,458180,452936,443930,434686,425740,416506,408331,401171,396159,392032,390126,389841,389592,388104,385317,382704,380386,378103,375960,374404,373461,372888,371900,370571,369373,368615,368258,367687,367002,366258,365522,364610,363325,361718,359830,357638,355314,353446,352162,350647,348779,346630,344657,342872,340560,338159,335268,332803,330999,329945
78640,TX,Hays County,"Austin-Round Rock-Georgetown, TX",,,,,,,,,,,,,,,,,,,,,,,,,,,,,,,,,,,,,,,,,,,,,,,,,,,,,,,,,,,,,,,,,,,,,,,,,,,,,,,,,,,,,160943,160953,160918,161168,161742,162414,163092,163653,164336,164994,165502,166186,166630,166708,166355,166179,166268,166333,166032,165873,165947,166056,165891,165385,165361,165606,166178,166464,166480,166224,166143,166016,165981,165687,165350,165027,164303,163847,163692,163981,164138,163843,163496,163102,162728,162197,161618,160805,159657,158629,158046,157748,157501,157078,156686,156007,155338,154757,154194,153420,152430,151786,151602,151983,152605,153287,154000,154769,155461,155987,156402,156759,157270,157567,157978,158473,159251,160203,160950,161812,162599,163603,164596,165818,167330,168764,170051,171191,172774,174561,176368,177939,179387,180712,182185,183664,185453,187055,188585,189834,191209,192744,194282,195923,197439,199090,200642,202365,203967,205403,206519,207747,209102,210722,212257,213588,214703,215792,217079,218539,220069,221213,222150,222997,223745,224355,224685,225348,226127,227016,227825,228760,229716,230424,231100,231626,232327,232921,233601,233997,234117,234063,234114,234540,235504,236583,237614,237995,238236,238243,238211,238195,238318,238790,239562,240581,241707,242698,243480,243964,244075,244483,245554,247492,250122,253416,257407,261714,266051,271185,278357,289073,303159,319066,333214,343840,350624,355932,360860,366384,373949,383367,394698,405903,415410,421714,422282,418190,410550,402414,394723,387307,380847,375234,371171,368129,366851,366572,366189,364656,362273,359905,357732,355371,353253,351480,350097,348935,347049,344964,342600,340683,339079,337543,335863,333873,331703,329598,327239,324532,321583,318715,316258,314233,312708,310903,309027,307248,305734,304218,301801,299537,297383,295665,294329,293401
78666,TX,Hays County,"Austin-Round Rock-Georgetown, TX",,,,,,,,,,,,,,,,,,,,,,,,,,,,,,,,,,,,,,,,,,,,,,,,,,,,,,,,,,,,,,,,,,,,,,,,,,,,,,,,,,,,,169079,169142,169529,170077,170255,170169,169857,169868,170018,170573,171558,172527,173003,173074,172998,173439,173711,173488,172925,172493,172609,172926,172995,172557,172307,172144,172479,172589,172647,172874,173495,174499,175467,175946,176087,176111,175478,174781,174362,174790,175586,175721,175389,174823,174219,173545,172821,171945,170873,169859,169420,169413,169497,169479,169551,169419,169302,169097,168920,168217,167097,166054,165610,165779,166458,167197,167935,168314,168329,168195,168320,168941,169838,170662,171262,171858,172591,173446,173843,174028,173803,173932,174064,174839,176126,177763,179409,180736,182496,184298,186211,187608,188515,189112,189773,190878,192415,194133,195771,197314,198987,200705,202422,203938,205223,206490,207629,209335,211095,212500,213033,213580,214434,215761,217014,218613,220137,221637,222929,224370,225749,226902,228045,229093,229945,230503,231150,232109,233072,234002,234778,235759,236644,237236,237887,238421,239135,239866,240886,241783,242017,241790,241780,242522,244061,245708,247370,248309,249062,249313,249559,249842,250374,251101,252104,253447,254955,256339,257507,258643,259163,259858,261222,263821,267210,270692,274035,277111,280079,284093,289947,298480,309210,320535,330058,336595,340154,343056,346796,351923,359035,367082,376554,385793,394048,399820,400929,398575,393906,389277,384374,379146,374088,369320,365520,363015,362214,362232,361826,360863,359377,357765,356101,353845,352126,350606,349735,348861,347456,346047,344486,343046,341976,341034,340278,339340,338266,337320,335851,334144,331794,329455,327183,325730,325003,324599,324227,323704,323247,322542,321007,319107,317201,315805,314904,314679
80102,CO,Adams County,"Denver-Aurora-Lakewood, CO",150947,151258,151867,153436,155481,157612,159423,161144,162447,163637,164839,166310,168057,169753,171184,172047,172699,174171,176438,178724,180287,181252,182334,183452,184521,185380,186462,187840,189399,190606,191225,191673,191785,192114,192077,192332,192068,192039,191824,191932,192094,192560,193169,193454,193494,193342,193663,194075,194307,194318,194395,195099,196149,197309,197978,198233,198422,199046,200034,201152,202481,203356,204171,204513,204972,205456,206744,208386,210024,210978,211112,210915,210233,209861,209428,209765,210384,210785,210970,210868,210613,210215,209688,209857,210058,210201,210171,209936,210040,209717,208986,207782,207289,207714,207880,206106,203600,201488,201367,200957,200644,199881,199709,199709,199792,198970,197867,196428,194369,192039,189605,188339,187517,186184,185937,185823,186338,186140,185691,185670,185977,186517,186934,186292,185528,185331,185440,185681,184291,182590,180839,179929,179600,178944,178829,178946,178673,177464,175806,174453,173581,173184,173252,173635,173917,174500,174835,175352,176129,177522,178749,179508,180385,181303,182734,184589,187054,189702,191481,193261,195387,198031,200320,201913,202868,204175,205310,206519,207781,209851,211742,213120,214224,215861,217333,218528,220441,222871,225570,228404,232096,236601,240530,243856,246052,248238,249941,251699,253466,255445,258574,262064,266647,270814,274813,278063,280304,282563,284653,286852,288978,291428,294553,298343,302340,306824,310375,313565,315789,317562,318073,319066,320918,324480,328235,332022,335082,337883,340843,343858,347020,349753,353215,355945,358766,360656,362019,362554,363011,364250,365894,367250,368460,369891,371757,374181,376381,378717,380852,383070,384092,384391,384932,386321,387179,387074,388031,391972,399000,407205,415808,423947,431194,438213,445232,453279,461517,469594,476087,479845,482544,484889,489431,494890,504271,515378,529027,542106,552802,559579,559130,554143,545628,538660,532568,527853,524009,520943,518789,517931,518509,520939,523147,525447,526856,527894,528232,528182,528139,528996,530338,532106,533265,533219,532977,533191,534554,536131,537251,538298,539045,539461,538188,535626,532398,529799,527986,526914,526735,527477,528665,529288,529185,527942,526042,523237,520453,518255,517021,516651
80904,CO,El Paso County,"Colorado Springs, CO",156605,156975,157089,157620,158167,158845,159623,160523,161672,162656,163559,164335,165337,166337,167654,168997,170672,172341,174191,176011,177623,178918,179877,180645,181170,181469,181674,181759,181944,182211,182739,183275,183962,184718,185300,185507,185502,185780,186327,186903,187462,187864,188498,188948,189613,190037,190800,191525,192320,192894,193456,194292,195282,196548,197678,198715,199387,199992,200602,201349,202238,203162,204008,204826,205947,207055,208067,209077,210217,211139,211726,212223,212813,213121,213599,214096,214835,215479,216218,216768,217123,217312,217383,217738,218353,219288,220127,221024,222144,223163,224101,224593,224737,224194,223815,223693,223482,223294,222611,221960,220724,219514,218458,217720,217339,216919,215978,214625,212981,211933,211215,211479,211790,212300,212129,211708,211112,211154,212422,214034,215318,215531,215433,215230,214730,214162,213199,212061,210625,209420,207905,206014,204380,203254,202508,201684,200925,200364,199776,199603,199642,199553,199284,199109,199514,199867,200016,199626,199576,200157,201176,202436,203869,205607,207379,209037,210240,211173,211752,212617,213459,214590,215542,216510,217745,219103,220314,220726,220752,220811,221335,221985,222747,223117,223470,223797,224776,226273,228016,229645,231092,232557,233823,235114,236165,237657,239445,241635,243549,245429,247130,249034,250624,252074,253354,254937,257099,259375,261050,262377,263654,265316,267133,268866,270701,272804,275054,277378,279550,281502,283236,284451,285776,287324,289274,291767,295117,299650,304765,309343,312712,314907,317763,320725,323643,325418,327074,329042,330540,331682,332376,333180,333749,334149,334761,335659,337046,339345,342402,345931,349016,351958,355196,358844,361641,363058,363942,365602,368361,371954,376404,381893,388041,394947,403119,412020,421521,429736,435547,438188,438702,439985,443002,447426,453348,460491,469183,477463,484376,488413,488297,484600,479292,475036,472014,469459,466310,463607,461806,461110,460931,461634,462975,464916,466326,467095,466843,466111,465223,464726,464963,466177,466947,467215,467023,466980,467567,468185,469042,469236,468912,467654,465316,462556,460176,458720,458237,458483,459463,460509,460887,460643,459890,458854,456834,454495,452401,451465,451266,451575
83605,ID,Canyon County,"Boise City, ID",,,,,,,,,,,,,,,,,,,,,,,,,,,,,,,,,,,,,,,,,,,,,,,,,,,,,,,,,,,,,,,,,,,99202,99827,100237,101232,102114,102013,101621,101247,101976,103069,104319,106200,108468,110840,112910,114865,116834,118909,120821,122524,123820,125011,126146,127097,127664,128294,128881,129631,130009,130452,130825,131349,131502,131078,129904,128351,126602,124577,122330,120086,118053,116396,114912,113450,111698,109464,107130,105458,103649,101846,99628,98081,96495,94953,93407,91966,91194,91024,91243,90381,88734,87035,85351,83259,81089,79313,77954,76389,74744,72939,71237,70046,69868,70013,69851,69519,69301,69624,70075,70558,70792,71045,71762,72686,73875,75280,77177,79021,80809,82321,83846,85042,86445,88197,90773,93516,95972,98150,100307,102612,104649,106309,107427,108214,108871,109743,110834,111728,112515,113071,113759,114164,114784,115392,116284,117135,118186,119263,120519,121648,122858,123896,125121,126411,127807,129160,130755,132362,133950,135561,137374,139132,140457,141508,142834,144296,145818,147172,148680,150439,152285,154128,155678,157136,158515,159762,161232,162867,164832,166551,168413,170617,173475,176117,178699,181022,183477,185758,188385,191222,194342,197256,200163,202982,205735,208402,210866,213315,215438,217545,219413,221602,224012,226836,229755,233002,236501,240075,242941,245334,247880,251128,255560,261151,268451,277108,286857,297956,310862,324768,338650,351154,361434,369112,373730,376461,378202,380232,383709,388546,394579,400694,405801,409109,409029,405124,397816,389430,381138,373357,366768,361758,358194,355748,354270,354581,355957,358258,360238,363064,364976,366426,366609,367656,369589,371595,372814,372917,373178,373489,373821,373692,373982,375061,376238,376716,375895,374275,372368,370494,369037,367945,367927,368492,369889,371632,373691,374861,374877,373952,373037,372515,372580,373233
83607,ID,Canyon County,"Boise City, ID",,,,,,,,,,,,,,,,,,,,,,,,,,,,,,,,,,,,,,,,,,,,,,,,,,,,,,,,,,,,,,,,,,,139767,140871,141667,143753,145790,146257,145925,145270,146565,148452,150829,153264,156100,158952,161954,165053,168269,171326,173965,175769,177182,178003,179120,179911,180730,181306,181603,181684,181733,181931,182491,182846,182864,181938,180325,178070,175419,172450,169721,167228,164917,162474,160387,158247,155917,152543,148956,146169,143507,140599,137359,135214,133801,132547,130896,129190,128298,128188,128485,127381,125412,123060,120878,118162,115728,113458,112179,110619,109050,106961,104910,103486,103193,103432,103877,104382,104925,105806,106765,108067,109158,110226,111682,113249,114846,116664,119104,121714,124284,126682,128906,130783,132452,134532,137483,140809,143781,146216,148133,150161,151981,153510,154294,154670,155140,155896,156946,157717,158416,158878,159279,159322,159341,159489,160118,160967,162214,163601,165313,166896,168444,169834,171357,172881,174164,175381,176770,178197,179749,181680,184124,186400,188077,189420,190930,192473,193971,195449,197054,198906,200759,202704,204424,206307,208073,209786,211529,213448,215531,217513,219674,222026,225041,227975,231038,233839,236918,240086,243554,247124,250954,254514,257706,260511,263533,266611,269519,271926,273996,276041,277802,279987,282697,286111,289764,293637,298067,302716,306617,309719,312831,316901,322478,329640,338871,349953,362175,376204,392391,410087,427373,442135,453334,461102,465782,468730,470641,472580,475953,481382,488314,495874,502234,506614,506278,501503,492876,483737,474445,465554,457351,450529,445208,441666,439302,439042,439442,441031,442215,444447,445603,445998,445155,445324,446977,448798,449818,449740,449782,450195,450972,451503,451846,452414,453120,453653,453156,451681,449562,447375,445826,444987,445447,446547,448377,450647,453134,454663,454378,452949,451455,451062,451749,453309
85120,AZ,Pinal County,"Phoenix-Mesa-Chandler, AZ",107260,107627,107886,108444,108664,108921,109202,109746,110367,111128,111910,112628,113109,113456,113765,114223,114609,114898,115163,115654,116278,116936,117593,118082,118442,118775,119245,119832,120301,120681,120932,121314,121672,121988,122158,122458,122747,122929,122994,123056,123088,123159,123354,123839,124338,124842,125300,125873,126415,127004,127497,128032,128436,128912,129469,130373,131396,132834,134710,137189,139831,142126,144592,147684,152613,158647,165290,172707,179147,184469,188666,193410,197214,198238,199106,201041,205086,207469,208603,209087,209632,211012,211357,211064,210385,210304,210989,210808,209969,209008,208124,206759,203860,201611,199640,198496,196933,195158,192405,188294,182724,176343,169461,163247,157952,152191,145761,139915,134871,130865,126298,121904,117258,112907,109764,107455,105660,103362,101998,100875,100871,101139,101475,101308,99936,98126,96683,96311,97419,98402,98213,96718,95007,94032,93056,92067,90617,89401,87788,86336,85075,84452,84490,85121,85248,85217,85238,86273,88048,90129,92508,94678,97077,99296,101505,103282,104783,106286,108204,110842,114072,117490,120338,122527,124253,125954,127268,128321,129327,130617,131969,133408,134848,136431,137664,138318,138544,138686,139205,139616,140222,140785,141803,143002,144517,146084,147513,148698,149765,151004,152351,153592,155541,157786,160233,162057,163624,165229,166595,167689,168563,169464,170420,171323,172297,173346,174676,176015,177537,179291,180963,182606,183723,185027,186236,187660,189038,190465,192520,194675,197200,199613,202126,204098,205610,206865,208448,210140,212608,215355,217752,219140,219913,221066,222530,224097,225572,227132,228868,230468,231983,233446,234852,236095,237152,238364,240444,243687,248354,253356,258466,263374,268518,274045,280565,287687,296286,305649,315507,324110,331209,337269,343219,348610,354241,360691,368400,376397,384037,390853,395032,394962,390668,384530,377535,370590,362938,356666,352213,350640,350776,352370,355100,358668,362282,365141,366973,367993,369476,371218,373356,375131,376447,376919,376872,376275,375660,374932,374543,374375,373719,372190,370037,368135,366792,365688,364387,362746,361034,359717,359166,359273,359586,359871,360001,359454,358508,357158,356305,355598
85326,AZ,Maricopa County,"Phoenix-Mesa-Chandler, AZ",123884,123718,123869,124464,125248,125817,126189,127143,128610,130142,131056,131593,132242,133165,134597,135749,136846,137166,137431,137423,137567,137630,137974,138735,139884,140713,140913,140696,140769,141791,143387,145060,146486,147697,148612,148832,148667,148665,149400,150361,150966,150701,150299,150283,150938,151705,152263,152548,152798,153395,154467,155714,157180,158541,160315,162475,164704,167149,169424,172333,175633,179868,184513,189687,195299,201867,208897,215974,223935,231553,239241,244610,248097,252280,257315,263055,266794,268966,269122,268016,266082,265435,264574,263860,262737,261887,261176,260667,260137,258635,256009,252626,249259,246172,242160,237668,232845,227136,221247,214020,207625,200115,191251,181074,171422,163554,155618,147509,140930,136534,132513,128002,122678,118308,114168,110947,108412,106074,105260,105067,105289,104531,103654,103171,102685,102158,100943,99688,98031,96968,96030,95172,93773,92465,91571,90443,89413,88183,87614,87379,87320,87354,87357,87873,88442,89184,89851,91254,93519,96351,99545,102963,106650,110163,113244,115898,118308,120403,122524,125000,127892,130897,133794,136643,139229,141606,143545,145202,147244,149458,151421,152483,152992,153292,153639,154047,154415,154313,154182,154213,154413,154585,154930,155587,156563,157751,159127,160669,162202,163860,165487,167188,168896,170568,171906,173234,174637,176106,177469,178737,180348,181903,183197,184337,185541,186944,188511,190072,191708,193441,195143,196706,197956,199160,200228,201370,202856,204794,206657,208162,209599,211087,212910,214654,216516,218110,219604,220969,222396,223800,225080,226219,227156,228031,228801,229769,230929,232391,234321,236543,239062,241584,244160,246536,248177,249545,251152,253752,257454,261963,267296,273011,279047,285328,292679,300997,311049,322266,333894,344823,354681,363672,371815,379064,386289,393851,402569,411851,420785,428041,431398,429887,423735,415683,406725,397535,388294,380558,375432,372858,372201,372628,373815,375593,377395,379011,380225,380740,380850,381216,382256,383555,384461,384664,384501,384083,383400,382612,381857,381536,381328,380869,379869,378712,377730,376899,376221,375582,375301,375074,375068,375053,374980,374959,374665,373992,372663,371130,369807,368542
