zip	metro (Zillow)	population (ACS 2019-23)	land area sq mi (Census 2024)	density per sq mi
07001	New York-Newark-Jersey City, NY-NJ-PA	17143	3.733	=IF(D2>0,ROUND(C2/D2,6),"")
07002	New York-Newark-Jersey City, NY-NJ-PA	70468	5.823	=IF(D3>0,ROUND(C3/D3,6),"")
07003	New York-Newark-Jersey City, NY-NJ-PA	52921	5.319	=IF(D4>0,ROUND(C4/D4,6),"")
07004	New York-Newark-Jersey City, NY-NJ-PA	7712	10.126	=IF(D5>0,ROUND(C5/D5,6),"")
07005	New York-Newark-Jersey City, NY-NJ-PA	15240	18.309	=IF(D6>0,ROUND(C6/D6,6),"")
07006	New York-Newark-Jersey City, NY-NJ-PA	26417	9.343	=IF(D7>0,ROUND(C7/D7,6),"")
07008	New York-Newark-Jersey City, NY-NJ-PA	25220	4.397	=IF(D8>0,ROUND(C8/D8,6),"")
07009	New York-Newark-Jersey City, NY-NJ-PA	13317	4.249	=IF(D9>0,ROUND(C9/D9,6),"")
07010	New York-Newark-Jersey City, NY-NJ-PA	25580	0.956	=IF(D10>0,ROUND(C10/D10,6),"")
07011	New York-Newark-Jersey City, NY-NJ-PA	38817	3.113	=IF(D11>0,ROUND(C11/D11,6),"")
07012	New York-Newark-Jersey City, NY-NJ-PA	15153	2.193	=IF(D12>0,ROUND(C12/D12,6),"")
07013	New York-Newark-Jersey City, NY-NJ-PA	29419	4.428	=IF(D13>0,ROUND(C13/D13,6),"")
07014	New York-Newark-Jersey City, NY-NJ-PA	4867	1.435	=IF(D14>0,ROUND(C14/D14,6),"")
07016	New York-Newark-Jersey City, NY-NJ-PA	23841	4.745	=IF(D15>0,ROUND(C15/D15,6),"")
07017	New York-Newark-Jersey City, NY-NJ-PA	40809	2.262	=IF(D16>0,ROUND(C16/D16,6),"")
07018	New York-Newark-Jersey City, NY-NJ-PA	28261	1.662	=IF(D17>0,ROUND(C17/D17,6),"")
07020	New York-Newark-Jersey City, NY-NJ-PA	14544	0.971	=IF(D18>0,ROUND(C18/D18,6),"")
07021	New York-Newark-Jersey City, NY-NJ-PA	2320	1.408	=IF(D19>0,ROUND(C19/D19,6),"")
07022	New York-Newark-Jersey City, NY-NJ-PA	14920	0.844	=IF(D20>0,ROUND(C20/D20,6),"")
07023	New York-Newark-Jersey City, NY-NJ-PA	7714	1.34	=IF(D21>0,ROUND(C21/D21,6),"")
07024	New York-Newark-Jersey City, NY-NJ-PA	39785	2.513	=IF(D22>0,ROUND(C22/D22,6),"")
07026	New York-Newark-Jersey City, NY-NJ-PA	32502	2.111	=IF(D23>0,ROUND(C23/D23,6),"")
07027	New York-Newark-Jersey City, NY-NJ-PA	4688	0.65	=IF(D24>0,ROUND(C24/D24,6),"")
07028	New York-Newark-Jersey City, NY-NJ-PA	8002	1.309	=IF(D25>0,ROUND(C25/D25,6),"")
07029	New York-Newark-Jersey City, NY-NJ-PA	22128	1.314	=IF(D26>0,ROUND(C26/D26,6),"")
07030	New York-Newark-Jersey City, NY-NJ-PA	58340	1.249	=IF(D27>0,ROUND(C27/D27,6),"")
07031	New York-Newark-Jersey City, NY-NJ-PA	16368	2.484	=IF(D28>0,ROUND(C28/D28,6),"")
07032	New York-Newark-Jersey City, NY-NJ-PA	40570	8.844	=IF(D29>0,ROUND(C29/D29,6),"")
07033	New York-Newark-Jersey City, NY-NJ-PA	8339	2.147	=IF(D30>0,ROUND(C30/D30,6),"")
07034	New York-Newark-Jersey City, NY-NJ-PA	10406	1.27	=IF(D31>0,ROUND(C31/D31,6),"")
07035	New York-Newark-Jersey City, NY-NJ-PA	11085	6.658	=IF(D32>0,ROUND(C32/D32,6),"")
07036	New York-Newark-Jersey City, NY-NJ-PA	45101	10.869	=IF(D33>0,ROUND(C33/D33,6),"")
07039	New York-Newark-Jersey City, NY-NJ-PA	31128	13.772	=IF(D34>0,ROUND(C34/D34,6),"")
07040	New York-Newark-Jersey City, NY-NJ-PA	25406	3.874	=IF(D35>0,ROUND(C35/D35,6),"")
07041	New York-Newark-Jersey City, NY-NJ-PA	7610	1.342	=IF(D36>0,ROUND(C36/D36,6),"")
07042	New York-Newark-Jersey City, NY-NJ-PA	27173	3.775	=IF(D37>0,ROUND(C37/D37,6),"")
07043	New York-Newark-Jersey City, NY-NJ-PA	13502	2.548	=IF(D38>0,ROUND(C38/D38,6),"")
07044	New York-Newark-Jersey City, NY-NJ-PA	14441	2.794	=IF(D39>0,ROUND(C39/D39,6),"")
07045	New York-Newark-Jersey City, NY-NJ-PA	10206	6.562	=IF(D40>0,ROUND(C40/D40,6),"")
07046	New York-Newark-Jersey City, NY-NJ-PA	4535	2.662	=IF(D41>0,ROUND(C41/D41,6),"")
07047	New York-Newark-Jersey City, NY-NJ-PA	61202	5.131	=IF(D42>0,ROUND(C42/D42,6),"")
07050	New York-Newark-Jersey City, NY-NJ-PA	33856	2.206	=IF(D43>0,ROUND(C43/D43,6),"")
07052	New York-Newark-Jersey City, NY-NJ-PA	48323	12.017	=IF(D44>0,ROUND(C44/D44,6),"")
07054	New York-Newark-Jersey City, NY-NJ-PA	30139	13.831	=IF(D45>0,ROUND(C45/D45,6),"")
07055	New York-Newark-Jersey City, NY-NJ-PA	69651	3.129	=IF(D46>0,ROUND(C46/D46,6),"")
07057	New York-Newark-Jersey City, NY-NJ-PA	11825	0.994	=IF(D47>0,ROUND(C47/D47,6),"")
07058	New York-Newark-Jersey City, NY-NJ-PA	5933	2.956	=IF(D48>0,ROUND(C48/D48,6),"")
07059	New York-Newark-Jersey City, NY-NJ-PA	16433	19.705	=IF(D49>0,ROUND(C49/D49,6),"")
07060	New York-Newark-Jersey City, NY-NJ-PA	47560	4.999	=IF(D50>0,ROUND(C50/D50,6),"")
07062	New York-Newark-Jersey City, NY-NJ-PA	15018	1.923	=IF(D51>0,ROUND(C51/D51,6),"")
07063	New York-Newark-Jersey City, NY-NJ-PA	14533	1.785	=IF(D52>0,ROUND(C52/D52,6),"")
07064	New York-Newark-Jersey City, NY-NJ-PA	3742	1.319	=IF(D53>0,ROUND(C53/D53,6),"")
07065	New York-Newark-Jersey City, NY-NJ-PA	29748	3.896	=IF(D54>0,ROUND(C54/D54,6),"")
07066	New York-Newark-Jersey City, NY-NJ-PA	15410	4.377	=IF(D55>0,ROUND(C55/D55,6),"")
07067	New York-Newark-Jersey City, NY-NJ-PA	18294	4.029	=IF(D56>0,ROUND(C56/D56,6),"")
07068	New York-Newark-Jersey City, NY-NJ-PA	6211	3.618	=IF(D57>0,ROUND(C57/D57,6),"")
07069	New York-Newark-Jersey City, NY-NJ-PA	6545	6.331	=IF(D58>0,ROUND(C58/D58,6),"")
07070	New York-Newark-Jersey City, NY-NJ-PA	18748	2.781	=IF(D59>0,ROUND(C59/D59,6),"")
07071	New York-Newark-Jersey City, NY-NJ-PA	22343	4.584	=IF(D60>0,ROUND(C60/D60,6),"")
07072	New York-Newark-Jersey City, NY-NJ-PA	6343	3.948	=IF(D61>0,ROUND(C61/D61,6),"")
07073	New York-Newark-Jersey City, NY-NJ-PA	10154	3.711	=IF(D62>0,ROUND(C62/D62,6),"")
07074	New York-Newark-Jersey City, NY-NJ-PA	3106	1.095	=IF(D63>0,ROUND(C63/D63,6),"")
07075	New York-Newark-Jersey City, NY-NJ-PA	10094	1.114	=IF(D64>0,ROUND(C64/D64,6),"")
07076	New York-Newark-Jersey City, NY-NJ-PA	24667	8.995	=IF(D65>0,ROUND(C65/D65,6),"")
07077	New York-Newark-Jersey City, NY-NJ-PA	3196	1.542	=IF(D66>0,ROUND(C66/D66,6),"")
07078	New York-Newark-Jersey City, NY-NJ-PA	14183	7.992	=IF(D67>0,ROUND(C67/D67,6),"")
07079	New York-Newark-Jersey City, NY-NJ-PA	18369	2.851	=IF(D68>0,ROUND(C68/D68,6),"")
07080	New York-Newark-Jersey City, NY-NJ-PA	24215	8.221	=IF(D69>0,ROUND(C69/D69,6),"")
07081	New York-Newark-Jersey City, NY-NJ-PA	16984	5.177	=IF(D70>0,ROUND(C70/D70,6),"")
07082	New York-Newark-Jersey City, NY-NJ-PA	5688	6.071	=IF(D71>0,ROUND(C71/D71,6),"")
07083	New York-Newark-Jersey City, NY-NJ-PA	57036	8.726	=IF(D72>0,ROUND(C72/D72,6),"")
07086	New York-Newark-Jersey City, NY-NJ-PA	16946	0.794	=IF(D73>0,ROUND(C73/D73,6),"")
07087	New York-Newark-Jersey City, NY-NJ-PA	66375	1.305	=IF(D74>0,ROUND(C74/D74,6),"")
07088	New York-Newark-Jersey City, NY-NJ-PA	3083	0.324	=IF(D75>0,ROUND(C75/D75,6),"")
07090	New York-Newark-Jersey City, NY-NJ-PA	30760	6.738	=IF(D76>0,ROUND(C76/D76,6),"")
07092	New York-Newark-Jersey City, NY-NJ-PA	6967	3.994	=IF(D77>0,ROUND(C77/D77,6),"")
07093	New York-Newark-Jersey City, NY-NJ-PA	63321	1.186	=IF(D78>0,ROUND(C78/D78,6),"")
07094	New York-Newark-Jersey City, NY-NJ-PA	21437	5.8	=IF(D79>0,ROUND(C79/D79,6),"")
07095	New York-Newark-Jersey City, NY-NJ-PA	20086	4.608	=IF(D80>0,ROUND(C80/D80,6),"")
07102	New York-Newark-Jersey City, NY-NJ-PA	12954	1.131	=IF(D81>0,ROUND(C81/D81,6),"")
07103	New York-Newark-Jersey City, NY-NJ-PA	36733	2.152	=IF(D82>0,ROUND(C82/D82,6),"")
07104	New York-Newark-Jersey City, NY-NJ-PA	54277	2.531	=IF(D83>0,ROUND(C83/D83,6),"")
07105	New York-Newark-Jersey City, NY-NJ-PA	56657	4.639	=IF(D84>0,ROUND(C84/D84,6),"")
07106	New York-Newark-Jersey City, NY-NJ-PA	35999	1.417	=IF(D85>0,ROUND(C85/D85,6),"")
07107	New York-Newark-Jersey City, NY-NJ-PA	42132	1.649	=IF(D86>0,ROUND(C86/D86,6),"")
07108	New York-Newark-Jersey City, NY-NJ-PA	28317	1.379	=IF(D87>0,ROUND(C87/D87,6),"")
07109	New York-Newark-Jersey City, NY-NJ-PA	37785	3.302	=IF(D88>0,ROUND(C88/D88,6),"")
07110	New York-Newark-Jersey City, NY-NJ-PA	29746	3.374	=IF(D89>0,ROUND(C89/D89,6),"")
07111	New York-Newark-Jersey City, NY-NJ-PA	60334	2.914	=IF(D90>0,ROUND(C90/D90,6),"")
07112	New York-Newark-Jersey City, NY-NJ-PA	27633	1.359	=IF(D91>0,ROUND(C91/D91,6),"")
07114	New York-Newark-Jersey City, NY-NJ-PA	12658	7.894	=IF(D92>0,ROUND(C92/D92,6),"")
07201	New York-Newark-Jersey City, NY-NJ-PA	27725	6.437	=IF(D93>0,ROUND(C93/D93,6),"")
07202	New York-Newark-Jersey City, NY-NJ-PA	44638	2.313	=IF(D94>0,ROUND(C94/D94,6),"")
07203	New York-Newark-Jersey City, NY-NJ-PA	22455	2.635	=IF(D95>0,ROUND(C95/D95,6),"")
07204	New York-Newark-Jersey City, NY-NJ-PA	13965	1.225	=IF(D96>0,ROUND(C96/D96,6),"")
07205	New York-Newark-Jersey City, NY-NJ-PA	22179	2.766	=IF(D97>0,ROUND(C97/D97,6),"")
07206	New York-Newark-Jersey City, NY-NJ-PA	31120	1.777	=IF(D98>0,ROUND(C98/D98,6),"")
07208	New York-Newark-Jersey City, NY-NJ-PA	32404	1.792	=IF(D99>0,ROUND(C99/D99,6),"")
07302	New York-Newark-Jersey City, NY-NJ-PA	55448	1.433	=IF(D100>0,ROUND(C100/D100,6),"")
07304	New York-Newark-Jersey City, NY-NJ-PA	49260	2.055	=IF(D101>0,ROUND(C101/D101,6),"")
07305	New York-Newark-Jersey City, NY-NJ-PA	71643	5.7	=IF(D102>0,ROUND(C102/D102,6),"")
07306	New York-Newark-Jersey City, NY-NJ-PA	54567	2.987	=IF(D103>0,ROUND(C103/D103,6),"")
07307	New York-Newark-Jersey City, NY-NJ-PA	42242	1.905	=IF(D104>0,ROUND(C104/D104,6),"")
07401	New York-Newark-Jersey City, NY-NJ-PA	6820	3.091	=IF(D105>0,ROUND(C105/D105,6),"")
07403	New York-Newark-Jersey City, NY-NJ-PA	7644	6.1	=IF(D106>0,ROUND(C106/D106,6),"")
07405	New York-Newark-Jersey City, NY-NJ-PA	17859	19.82	=IF(D107>0,ROUND(C107/D107,6),"")
07407	New York-Newark-Jersey City, NY-NJ-PA	21287	2.643	=IF(D108>0,ROUND(C108/D108,6),"")
07410	New York-Newark-Jersey City, NY-NJ-PA	35153	5.135	=IF(D109>0,ROUND(C109/D109,6),"")
07416	New York-Newark-Jersey City, NY-NJ-PA	5746	12.162	=IF(D110>0,ROUND(C110/D110,6),"")
07417	New York-Newark-Jersey City, NY-NJ-PA	11035	9.421	=IF(D111>0,ROUND(C111/D111,6),"")
07418	New York-Newark-Jersey City, NY-NJ-PA	2523	4.611	=IF(D112>0,ROUND(C112/D112,6),"")
07419	New York-Newark-Jersey City, NY-NJ-PA	10102	17.058	=IF(D113>0,ROUND(C113/D113,6),"")
07420	New York-Newark-Jersey City, NY-NJ-PA	5235	2.405	=IF(D114>0,ROUND(C114/D114,6),"")
07421	New York-Newark-Jersey City, NY-NJ-PA	7660	22.528	=IF(D115>0,ROUND(C115/D115,6),"")
07422	New York-Newark-Jersey City, NY-NJ-PA	5216	17.538	=IF(D116>0,ROUND(C116/D116,6),"")
07423	New York-Newark-Jersey City, NY-NJ-PA	4230	1.739	=IF(D117>0,ROUND(C117/D117,6),"")
07424	New York-Newark-Jersey City, NY-NJ-PA	27475	5.719	=IF(D118>0,ROUND(C118/D118,6),"")
07430	New York-Newark-Jersey City, NY-NJ-PA	25375	25.401	=IF(D119>0,ROUND(C119/D119,6),"")
07432	New York-Newark-Jersey City, NY-NJ-PA	6996	1.561	=IF(D120>0,ROUND(C120/D120,6),"")
07435	New York-Newark-Jersey City, NY-NJ-PA	2430	12.594	=IF(D121>0,ROUND(C121/D121,6),"")
07436	New York-Newark-Jersey City, NY-NJ-PA	12676	8.503	=IF(D122>0,ROUND(C122/D122,6),"")
07438	New York-Newark-Jersey City, NY-NJ-PA	11045	30.041	=IF(D123>0,ROUND(C123/D123,6),"")
07439	New York-Newark-Jersey City, NY-NJ-PA	2231	2.204	=IF(D124>0,ROUND(C124/D124,6),"")
07440	New York-Newark-Jersey City, NY-NJ-PA	4810	1.548	=IF(D125>0,ROUND(C125/D125,6),"")
07442	New York-Newark-Jersey City, NY-NJ-PA	11010	2.884	=IF(D126>0,ROUND(C126/D126,6),"")
07444	New York-Newark-Jersey City, NY-NJ-PA	10766	5.22	=IF(D127>0,ROUND(C127/D127,6),"")
07446	New York-Newark-Jersey City, NY-NJ-PA	14722	5.499	=IF(D128>0,ROUND(C128/D128,6),"")
07450	New York-Newark-Jersey City, NY-NJ-PA	26076	5.751	=IF(D129>0,ROUND(C129/D129,6),"")
07452	New York-Newark-Jersey City, NY-NJ-PA	12082	2.703	=IF(D130>0,ROUND(C130/D130,6),"")
07456	New York-Newark-Jersey City, NY-NJ-PA	11600	25.588	=IF(D131>0,ROUND(C131/D131,6),"")
07457	New York-Newark-Jersey City, NY-NJ-PA	4084	2.026	=IF(D132>0,ROUND(C132/D132,6),"")
07458	New York-Newark-Jersey City, NY-NJ-PA	11712	10.169	=IF(D133>0,ROUND(C133/D133,6),"")
07460	New York-Newark-Jersey City, NY-NJ-PA	2990	28.579	=IF(D134>0,ROUND(C134/D134,6),"")
07461	New York-Newark-Jersey City, NY-NJ-PA	18575	82.979	=IF(D135>0,ROUND(C135/D135,6),"")
07462	New York-Newark-Jersey City, NY-NJ-PA	6892	17.006	=IF(D136>0,ROUND(C136/D136,6),"")
07463	New York-Newark-Jersey City, NY-NJ-PA	10090	2.046	=IF(D137>0,ROUND(C137/D137,6),"")
07465	New York-Newark-Jersey City, NY-NJ-PA	5969	8.361	=IF(D138>0,ROUND(C138/D138,6),"")
07470	New York-Newark-Jersey City, NY-NJ-PA	54131	23.875	=IF(D139>0,ROUND(C139/D139,6),"")
07480	New York-Newark-Jersey City, NY-NJ-PA	14440	33.055	=IF(D140>0,ROUND(C140/D140,6),"")
07481	New York-Newark-Jersey City, NY-NJ-PA	16866	6.593	=IF(D141>0,ROUND(C141/D141,6),"")
07501	New York-Newark-Jersey City, NY-NJ-PA	35321	1.8	=IF(D142>0,ROUND(C142/D142,6),"")
07502	New York-Newark-Jersey City, NY-NJ-PA	17488	0.859	=IF(D143>0,ROUND(C143/D143,6),"")
07503	New York-Newark-Jersey City, NY-NJ-PA	19567	1.546	=IF(D144>0,ROUND(C144/D144,6),"")
07504	New York-Newark-Jersey City, NY-NJ-PA	13485	0.832	=IF(D145>0,ROUND(C145/D145,6),"")
07506	New York-Newark-Jersey City, NY-NJ-PA	19472	3.318	=IF(D146>0,ROUND(C146/D146,6),"")
07508	New York-Newark-Jersey City, NY-NJ-PA	23611	5.031	=IF(D147>0,ROUND(C147/D147,6),"")
07512	New York-Newark-Jersey City, NY-NJ-PA	10919	3.96	=IF(D148>0,ROUND(C148/D148,6),"")
07513	New York-Newark-Jersey City, NY-NJ-PA	10961	0.568	=IF(D149>0,ROUND(C149/D149,6),"")
07514	New York-Newark-Jersey City, NY-NJ-PA	18912	0.928	=IF(D150>0,ROUND(C150/D150,6),"")
07522	New York-Newark-Jersey City, NY-NJ-PA	22599	0.876	=IF(D151>0,ROUND(C151/D151,6),"")
07524	New York-Newark-Jersey City, NY-NJ-PA	14676	0.758	=IF(D152>0,ROUND(C152/D152,6),"")
07601	New York-Newark-Jersey City, NY-NJ-PA	45768	4.198	=IF(D153>0,ROUND(C153/D153,6),"")
07603	New York-Newark-Jersey City, NY-NJ-PA	9110	0.755	=IF(D154>0,ROUND(C154/D154,6),"")
07604	New York-Newark-Jersey City, NY-NJ-PA	12067	1.539	=IF(D155>0,ROUND(C155/D155,6),"")
07605	New York-Newark-Jersey City, NY-NJ-PA	9333	1.507	=IF(D156>0,ROUND(C156/D156,6),"")
07606	New York-Newark-Jersey City, NY-NJ-PA	2771	0.733	=IF(D157>0,ROUND(C157/D157,6),"")
07607	New York-Newark-Jersey City, NY-NJ-PA	10042	1.287	=IF(D158>0,ROUND(C158/D158,6),"")
07620	New York-Newark-Jersey City, NY-NJ-PA	1503	6.401	=IF(D159>0,ROUND(C159/D159,6),"")
07621	New York-Newark-Jersey City, NY-NJ-PA	28269	2.906	=IF(D160>0,ROUND(C160/D160,6),"")
07624	New York-Newark-Jersey City, NY-NJ-PA	8544	3.16	=IF(D161>0,ROUND(C161/D161,6),"")
07626	New York-Newark-Jersey City, NY-NJ-PA	9101	2.065	=IF(D162>0,ROUND(C162/D162,6),"")
07627	New York-Newark-Jersey City, NY-NJ-PA	4916	2.072	=IF(D163>0,ROUND(C163/D163,6),"")
07628	New York-Newark-Jersey City, NY-NJ-PA	18072	1.949	=IF(D164>0,ROUND(C164/D164,6),"")
07630	New York-Newark-Jersey City, NY-NJ-PA	7263	2.231	=IF(D165>0,ROUND(C165/D165,6),"")
07631	New York-Newark-Jersey City, NY-NJ-PA	29342	4.946	=IF(D166>0,ROUND(C166/D166,6),"")
07632	New York-Newark-Jersey City, NY-NJ-PA	5330	2.126	=IF(D167>0,ROUND(C167/D167,6),"")
07640	New York-Newark-Jersey City, NY-NJ-PA	4883	1.846	=IF(D168>0,ROUND(C168/D168,6),"")
07641	New York-Newark-Jersey City, NY-NJ-PA	3321	1.937	=IF(D169>0,ROUND(C169/D169,6),"")
07642	New York-Newark-Jersey City, NY-NJ-PA	10086	2.902	=IF(D170>0,ROUND(C170/D170,6),"")
07643	New York-Newark-Jersey City, NY-NJ-PA	10942	1.477	=IF(D171>0,ROUND(C171/D171,6),"")
07644	New York-Newark-Jersey City, NY-NJ-PA	25946	2.272	=IF(D172>0,ROUND(C172/D172,6),"")
07645	New York-Newark-Jersey City, NY-NJ-PA	8625	4.023	=IF(D173>0,ROUND(C173/D173,6),"")
07646	New York-Newark-Jersey City, NY-NJ-PA	16882	2.283	=IF(D174>0,ROUND(C174/D174,6),"")
07647	New York-Newark-Jersey City, NY-NJ-PA	5301	2.268	=IF(D175>0,ROUND(C175/D175,6),"")
07648	New York-Newark-Jersey City, NY-NJ-PA	5668	2.785	=IF(D176>0,ROUND(C176/D176,6),"")
07649	New York-Newark-Jersey City, NY-NJ-PA	8197	2.411	=IF(D177>0,ROUND(C177/D177,6),"")
07650	New York-Newark-Jersey City, NY-NJ-PA	20192	1.239	=IF(D178>0,ROUND(C178/D178,6),"")
07652	New York-Newark-Jersey City, NY-NJ-PA	26500	10.445	=IF(D179>0,ROUND(C179/D179,6),"")
07656	New York-Newark-Jersey City, NY-NJ-PA	9218	2.607	=IF(D180>0,ROUND(C180/D180,6),"")
07657	New York-Newark-Jersey City, NY-NJ-PA	11439	2.543	=IF(D181>0,ROUND(C181/D181,6),"")
07660	New York-Newark-Jersey City, NY-NJ-PA	13167	1.705	=IF(D182>0,ROUND(C182/D182,6),"")
07661	New York-Newark-Jersey City, NY-NJ-PA	12024	1.826	=IF(D183>0,ROUND(C183/D183,6),"")
07662	New York-Newark-Jersey City, NY-NJ-PA	5820	0.991	=IF(D184>0,ROUND(C184/D184,6),"")
07663	New York-Newark-Jersey City, NY-NJ-PA	14349	2.692	=IF(D185>0,ROUND(C185/D185,6),"")
07666	New York-Newark-Jersey City, NY-NJ-PA	41499	6.041	=IF(D186>0,ROUND(C186/D186,6),"")
07670	New York-Newark-Jersey City, NY-NJ-PA	15252	4.586	=IF(D187>0,ROUND(C187/D187,6),"")
07675	New York-Newark-Jersey City, NY-NJ-PA	27050	9.644	=IF(D188>0,ROUND(C188/D188,6),"")
07676	New York-Newark-Jersey City, NY-NJ-PA	9276	2.953	=IF(D189>0,ROUND(C189/D189,6),"")
07677	New York-Newark-Jersey City, NY-NJ-PA	6097	3.376	=IF(D190>0,ROUND(C190/D190,6),"")
07701	New York-Newark-Jersey City, NY-NJ-PA	24544	9.154	=IF(D191>0,ROUND(C191/D191,6),"")
07702	New York-Newark-Jersey City, NY-NJ-PA	4162	2.161	=IF(D192>0,ROUND(C192/D192,6),"")
07704	New York-Newark-Jersey City, NY-NJ-PA	6182	1.604	=IF(D193>0,ROUND(C193/D193,6),"")
07711	New York-Newark-Jersey City, NY-NJ-PA	1820	0.647	=IF(D194>0,ROUND(C194/D194,6),"")
07712	New York-Newark-Jersey City, NY-NJ-PA	39597	12.228	=IF(D195>0,ROUND(C195/D195,6),"")
07716	New York-Newark-Jersey City, NY-NJ-PA	8528	4.407	=IF(D196>0,ROUND(C196/D196,6),"")
07717	New York-Newark-Jersey City, NY-NJ-PA	1801	0.426	=IF(D197>0,ROUND(C197/D197,6),"")
07718	New York-Newark-Jersey City, NY-NJ-PA	7057	2.07	=IF(D198>0,ROUND(C198/D198,6),"")
07719	New York-Newark-Jersey City, NY-NJ-PA	22138	12.689	=IF(D199>0,ROUND(C199/D199,6),"")
07720	New York-Newark-Jersey City, NY-NJ-PA	4147	0.608	=IF(D200>0,ROUND(C200/D200,6),"")
07721	New York-Newark-Jersey City, NY-NJ-PA	4445	0.912	=IF(D201>0,ROUND(C201/D201,6),"")
07722	New York-Newark-Jersey City, NY-NJ-PA	9977	34.543	=IF(D202>0,ROUND(C202/D202,6),"")
07723	New York-Newark-Jersey City, NY-NJ-PA	815	1.643	=IF(D203>0,ROUND(C203/D203,6),"")
07724	New York-Newark-Jersey City, NY-NJ-PA	23830	12.125	=IF(D204>0,ROUND(C204/D204,6),"")
07726	New York-Newark-Jersey City, NY-NJ-PA	44698	33.081	=IF(D205>0,ROUND(C205/D205,6),"")
07727	New York-Newark-Jersey City, NY-NJ-PA	7135	25.502	=IF(D206>0,ROUND(C206/D206,6),"")
07728	New York-Newark-Jersey City, NY-NJ-PA	56623	49.612	=IF(D207>0,ROUND(C207/D207,6),"")
07730	New York-Newark-Jersey City, NY-NJ-PA	17193	5.197	=IF(D208>0,ROUND(C208/D208,6),"")
07731	New York-Newark-Jersey City, NY-NJ-PA	39924	31.78	=IF(D209>0,ROUND(C209/D209,6),"")
07732	New York-Newark-Jersey City, NY-NJ-PA	4686	3.773	=IF(D210>0,ROUND(C210/D210,6),"")
07733	New York-Newark-Jersey City, NY-NJ-PA	17113	17.773	=IF(D211>0,ROUND(C211/D211,6),"")
07734	New York-Newark-Jersey City, NY-NJ-PA	13188	1.698	=IF(D212>0,ROUND(C212/D212,6),"")
07735	New York-Newark-Jersey City, NY-NJ-PA	19203	4.855	=IF(D213>0,ROUND(C213/D213,6),"")
07737	New York-Newark-Jersey City, NY-NJ-PA	4158	2.624	=IF(D214>0,ROUND(C214/D214,6),"")
07738	New York-Newark-Jersey City, NY-NJ-PA	6901	5.63	=IF(D215>0,ROUND(C215/D215,6),"")
07739	New York-Newark-Jersey City, NY-NJ-PA	6096	2.701	=IF(D216>0,ROUND(C216/D216,6),"")
07740	New York-Newark-Jersey City, NY-NJ-PA	32330	5.277	=IF(D217>0,ROUND(C217/D217,6),"")
07746	New York-Newark-Jersey City, NY-NJ-PA	18137	12.375	=IF(D218>0,ROUND(C218/D218,6),"")
07747	New York-Newark-Jersey City, NY-NJ-PA	32246	12.791	=IF(D219>0,ROUND(C219/D219,6),"")
07748	New York-Newark-Jersey City, NY-NJ-PA	28288	13.0	=IF(D220>0,ROUND(C220/D220,6),"")
07750	New York-Newark-Jersey City, NY-NJ-PA	3201	1.042	=IF(D221>0,ROUND(C221/D221,6),"")
07751	New York-Newark-Jersey City, NY-NJ-PA	21431	16.639	=IF(D222>0,ROUND(C222/D222,6),"")
07753	New York-Newark-Jersey City, NY-NJ-PA	37208	15.955	=IF(D223>0,ROUND(C223/D223,6),"")
07755	New York-Newark-Jersey City, NY-NJ-PA	6150	2.934	=IF(D224>0,ROUND(C224/D224,6),"")
07756	New York-Newark-Jersey City, NY-NJ-PA	3033	0.373	=IF(D225>0,ROUND(C225/D225,6),"")
07757	New York-Newark-Jersey City, NY-NJ-PA	6130	2.85	=IF(D226>0,ROUND(C226/D226,6),"")
07758	New York-Newark-Jersey City, NY-NJ-PA	4230	1.6	=IF(D227>0,ROUND(C227/D227,6),"")
07760	New York-Newark-Jersey City, NY-NJ-PA	9557	8.467	=IF(D228>0,ROUND(C228/D228,6),"")
07762	New York-Newark-Jersey City, NY-NJ-PA	8205	2.821	=IF(D229>0,ROUND(C229/D229,6),"")
07764	New York-Newark-Jersey City, NY-NJ-PA	8576	2.856	=IF(D230>0,ROUND(C230/D230,6),"")
07801	New York-Newark-Jersey City, NY-NJ-PA	26725	12.952	=IF(D231>0,ROUND(C231/D231,6),"")
07803	New York-Newark-Jersey City, NY-NJ-PA	3993	2.936	=IF(D232>0,ROUND(C232/D232,6),"")
07821	New York-Newark-Jersey City, NY-NJ-PA	9036	42.778	=IF(D233>0,ROUND(C233/D233,6),"")
07822	New York-Newark-Jersey City, NY-NJ-PA	904	7.378	=IF(D234>0,ROUND(C234/D234,6),"")
07823	Allentown-Bethlehem-Easton, PA-NJ	7542	25.075	=IF(D235>0,ROUND(C235/D235,6),"")
07825	Allentown-Bethlehem-Easton, PA-NJ	9271	84.931	=IF(D236>0,ROUND(C236/D236,6),"")
07826	New York-Newark-Jersey City, NY-NJ-PA	5575	58.249	=IF(D237>0,ROUND(C237/D237,6),"")
07827	New York-Newark-Jersey City, NY-NJ-PA	4111	53.098	=IF(D238>0,ROUND(C238/D238,6),"")
07828	New York-Newark-Jersey City, NY-NJ-PA	14723	14.167	=IF(D239>0,ROUND(C239/D239,6),"")
07830	New York-Newark-Jersey City, NY-NJ-PA	7451	26.015	=IF(D240>0,ROUND(C240/D240,6),"")
07832	Allentown-Bethlehem-Easton, PA-NJ	3459	42.054	=IF(D241>0,ROUND(C241/D241,6),"")
07834	New York-Newark-Jersey City, NY-NJ-PA	18203	11.608	=IF(D242>0,ROUND(C242/D242,6),"")
07836	New York-Newark-Jersey City, NY-NJ-PA	12104	14.472	=IF(D243>0,ROUND(C243/D243,6),"")
07838	Allentown-Bethlehem-Easton, PA-NJ	3495	25.899	=IF(D244>0,ROUND(C244/D244,6),"")
07840	Allentown-Bethlehem-Easton, PA-NJ	31995	37.331	=IF(D245>0,ROUND(C245/D245,6),"")
07843	New York-Newark-Jersey City, NY-NJ-PA	11309	3.887	=IF(D246>0,ROUND(C246/D246,6),"")
07847	New York-Newark-Jersey City, NY-NJ-PA	1769	2.423	=IF(D247>0,ROUND(C247/D247,6),"")
07848	New York-Newark-Jersey City, NY-NJ-PA	4513	22.915	=IF(D248>0,ROUND(C248/D248,6),"")
07849	New York-Newark-Jersey City, NY-NJ-PA	8475	6.74	=IF(D249>0,ROUND(C249/D249,6),"")
07850	New York-Newark-Jersey City, NY-NJ-PA	7328	2.783	=IF(D250>0,ROUND(C250/D250,6),"")
07852	New York-Newark-Jersey City, NY-NJ-PA	3893	3.614	=IF(D251>0,ROUND(C251/D251,6),"")
07853	New York-Newark-Jersey City, NY-NJ-PA	12360	32.526	=IF(D252>0,ROUND(C252/D252,6),"")
07856	New York-Newark-Jersey City, NY-NJ-PA	4280	3.433	=IF(D253>0,ROUND(C253/D253,6),"")
07857	New York-Newark-Jersey City, NY-NJ-PA	3543	1.044	=IF(D254>0,ROUND(C254/D254,6),"")
07860	New York-Newark-Jersey City, NY-NJ-PA	26521	100.175	=IF(D255>0,ROUND(C255/D255,6),"")
07863	Allentown-Bethlehem-Easton, PA-NJ	4097	19.899	=IF(D256>0,ROUND(C256/D256,6),"")
07865	New York-Newark-Jersey City, NY-NJ-PA	3284	16.539	=IF(D257>0,ROUND(C257/D257,6),"")
07866	New York-Newark-Jersey City, NY-NJ-PA	22632	23.008	=IF(D258>0,ROUND(C258/D258,6),"")
07869	New York-Newark-Jersey City, NY-NJ-PA	25919	20.065	=IF(D259>0,ROUND(C259/D259,6),"")
07871	New York-Newark-Jersey City, NY-NJ-PA	21167	38.113	=IF(D260>0,ROUND(C260/D260,6),"")
07874	New York-Newark-Jersey City, NY-NJ-PA	8498	8.461	=IF(D261>0,ROUND(C261/D261,6),"")
07876	New York-Newark-Jersey City, NY-NJ-PA	9667	5.74	=IF(D262>0,ROUND(C262/D262,6),"")
07878	New York-Newark-Jersey City, NY-NJ-PA	712	0.091	=IF(D263>0,ROUND(C263/D263,6),"")
07882	Allentown-Bethlehem-Easton, PA-NJ	14918	31.565	=IF(D264>0,ROUND(C264/D264,6),"")
07885	New York-Newark-Jersey City, NY-NJ-PA	11864	14.686	=IF(D265>0,ROUND(C265/D265,6),"")
07901	New York-Newark-Jersey City, NY-NJ-PA	24502	6.333	=IF(D266>0,ROUND(C266/D266,6),"")
07920	New York-Newark-Jersey City, NY-NJ-PA	28390	27.172	=IF(D267>0,ROUND(C267/D267,6),"")
07921	New York-Newark-Jersey City, NY-NJ-PA	7563	18.383	=IF(D268>0,ROUND(C268/D268,6),"")
07922	New York-Newark-Jersey City, NY-NJ-PA	11971	5.581	=IF(D269>0,ROUND(C269/D269,6),"")
07924	New York-Newark-Jersey City, NY-NJ-PA	7756	11.97	=IF(D270>0,ROUND(C270/D270,6),"")
07927	New York-Newark-Jersey City, NY-NJ-PA	4754	2.143	=IF(D271>0,ROUND(C271/D271,6),"")
07928	New York-Newark-Jersey City, NY-NJ-PA	19667	9.256	=IF(D272>0,ROUND(C272/D272,6),"")
07930	New York-Newark-Jersey City, NY-NJ-PA	8205	25.441	=IF(D273>0,ROUND(C273/D273,6),"")
07931	New York-Newark-Jersey City, NY-NJ-PA	3271	21.952	=IF(D274>0,ROUND(C274/D274,6),"")
07932	New York-Newark-Jersey City, NY-NJ-PA	11498	6.739	=IF(D275>0,ROUND(C275/D275,6),"")
07933	New York-Newark-Jersey City, NY-NJ-PA	2920	5.297	=IF(D276>0,ROUND(C276/D276,6),"")
07934	New York-Newark-Jersey City, NY-NJ-PA	1406	3.106	=IF(D277>0,ROUND(C277/D277,6),"")
07935	New York-Newark-Jersey City, NY-NJ-PA	597	2.609	=IF(D278>0,ROUND(C278/D278,6),"")
07936	New York-Newark-Jersey City, NY-NJ-PA	11106	7.875	=IF(D279>0,ROUND(C279/D279,6),"")
07940	New York-Newark-Jersey City, NY-NJ-PA	17675	4.913	=IF(D280>0,ROUND(C280/D280,6),"")
07945	New York-Newark-Jersey City, NY-NJ-PA	9771	19.481	=IF(D281>0,ROUND(C281/D281,6),"")
07946	New York-Newark-Jersey City, NY-NJ-PA	3098	4.076	=IF(D282>0,ROUND(C282/D282,6),"")
07950	New York-Newark-Jersey City, NY-NJ-PA	21576	9.112	=IF(D283>0,ROUND(C283/D283,6),"")
07960	New York-Newark-Jersey City, NY-NJ-PA	46178	34.616	=IF(D284>0,ROUND(C284/D284,6),"")
07974	New York-Newark-Jersey City, NY-NJ-PA	12737	3.969	=IF(D285>0,ROUND(C285/D285,6),"")
07976	New York-Newark-Jersey City, NY-NJ-PA	330	3.467	=IF(D286>0,ROUND(C286/D286,6),"")
07980	New York-Newark-Jersey City, NY-NJ-PA	2591	2.366	=IF(D287>0,ROUND(C287/D287,6),"")
07981	New York-Newark-Jersey City, NY-NJ-PA	8908	6.028	=IF(D288>0,ROUND(C288/D288,6),"")
08001	Philadelphia-Camden-Wilmington, PA-NJ-DE-MD	931	3.323	=IF(D289>0,ROUND(C289/D289,6),"")
08002	Philadelphia-Camden-Wilmington, PA-NJ-DE-MD	23574	7.209	=IF(D290>0,ROUND(C290/D290,6),"")
08003	Philadelphia-Camden-Wilmington, PA-NJ-DE-MD	31929	10.99	=IF(D291>0,ROUND(C291/D291,6),"")
08004	Philadelphia-Camden-Wilmington, PA-NJ-DE-MD	10946	25.758	=IF(D292>0,ROUND(C292/D292,6),"")
08005	New York-Newark-Jersey City, NY-NJ-PA	25936	53.531	=IF(D293>0,ROUND(C293/D293,6),"")
08006	New York-Newark-Jersey City, NY-NJ-PA	473	0.831	=IF(D294>0,ROUND(C294/D294,6),"")
08007	Philadelphia-Camden-Wilmington, PA-NJ-DE-MD	5460	1.344	=IF(D295>0,ROUND(C295/D295,6),"")
08008	New York-Newark-Jersey City, NY-NJ-PA	6938	10.809	=IF(D296>0,ROUND(C296/D296,6),"")
08009	Philadelphia-Camden-Wilmington, PA-NJ-DE-MD	14967	16.536	=IF(D297>0,ROUND(C297/D297,6),"")
08010	Philadelphia-Camden-Wilmington, PA-NJ-DE-MD	11506	3.629	=IF(D298>0,ROUND(C298/D298,6),"")
08012	Philadelphia-Camden-Wilmington, PA-NJ-DE-MD	40830	15.002	=IF(D299>0,ROUND(C299/D299,6),"")
08014	Philadelphia-Camden-Wilmington, PA-NJ-DE-MD	283	3.616	=IF(D300>0,ROUND(C300/D300,6),"")
08015	Philadelphia-Camden-Wilmington, PA-NJ-DE-MD	19143	56.237	=IF(D301>0,ROUND(C301/D301,6),"")
08016	Philadelphia-Camden-Wilmington, PA-NJ-DE-MD	34801	21.628	=IF(D302>0,ROUND(C302/D302,6),"")
08019	Philadelphia-Camden-Wilmington, PA-NJ-DE-MD	914	112.49	=IF(D303>0,ROUND(C303/D303,6),"")
08020	Philadelphia-Camden-Wilmington, PA-NJ-DE-MD	2522	4.552	=IF(D304>0,ROUND(C304/D304,6),"")
08021	Philadelphia-Camden-Wilmington, PA-NJ-DE-MD	49060	12.965	=IF(D305>0,ROUND(C305/D305,6),"")
08022	Philadelphia-Camden-Wilmington, PA-NJ-DE-MD	9349	21.251	=IF(D306>0,ROUND(C306/D306,6),"")
08023	Philadelphia-Camden-Wilmington, PA-NJ-DE-MD	289	0.845	=IF(D307>0,ROUND(C307/D307,6),"")
08026	Philadelphia-Camden-Wilmington, PA-NJ-DE-MD	2337	2.152	=IF(D308>0,ROUND(C308/D308,6),"")
08027	Philadelphia-Camden-Wilmington, PA-NJ-DE-MD	4942	7.487	=IF(D309>0,ROUND(C309/D309,6),"")
08028	Philadelphia-Camden-Wilmington, PA-NJ-DE-MD	24806	14.503	=IF(D310>0,ROUND(C310/D310,6),"")
08029	Philadelphia-Camden-Wilmington, PA-NJ-DE-MD	5417	1.075	=IF(D311>0,ROUND(C311/D311,6),"")
08030	Philadelphia-Camden-Wilmington, PA-NJ-DE-MD	13185	2.799	=IF(D312>0,ROUND(C312/D312,6),"")
08031	Philadelphia-Camden-Wilmington, PA-NJ-DE-MD	11678	2.984	=IF(D313>0,ROUND(C313/D313,6),"")
08033	Philadelphia-Camden-Wilmington, PA-NJ-DE-MD	17364	3.942	=IF(D314>0,ROUND(C314/D314,6),"")
08034	Philadelphia-Camden-Wilmington, PA-NJ-DE-MD	20138	5.908	=IF(D315>0,ROUND(C315/D315,6),"")
08035	Philadelphia-Camden-Wilmington, PA-NJ-DE-MD	7530	1.576	=IF(D316>0,ROUND(C316/D316,6),"")
08036	Philadelphia-Camden-Wilmington, PA-NJ-DE-MD	6028	6.439	=IF(D317>0,ROUND(C317/D317,6),"")
08037	Atlantic City-Hammonton, NJ	23385	122.479	=IF(D318>0,ROUND(C318/D318,6),"")
08041	Philadelphia-Camden-Wilmington, PA-NJ-DE-MD	788	11.415	=IF(D319>0,ROUND(C319/D319,6),"")
08043	Philadelphia-Camden-Wilmington, PA-NJ-DE-MD	31011	11.471	=IF(D320>0,ROUND(C320/D320,6),"")
08045	Philadelphia-Camden-Wilmington, PA-NJ-DE-MD	3124	1.395	=IF(D321>0,ROUND(C321/D321,6),"")
08046	Philadelphia-Camden-Wilmington, PA-NJ-DE-MD	31876	7.598	=IF(D322>0,ROUND(C322/D322,6),"")
08048	Philadelphia-Camden-Wilmington, PA-NJ-DE-MD	12806	12.127	=IF(D323>0,ROUND(C323/D323,6),"")
08049	Philadelphia-Camden-Wilmington, PA-NJ-DE-MD	5273	1.226	=IF(D324>0,ROUND(C324/D324,6),"")
08050	New York-Newark-Jersey City, NY-NJ-PA	27599	30.898	=IF(D325>0,ROUND(C325/D325,6),"")
08051	Philadelphia-Camden-Wilmington, PA-NJ-DE-MD	12156	3.847	=IF(D326>0,ROUND(C326/D326,6),"")
08052	Philadelphia-Camden-Wilmington, PA-NJ-DE-MD	19970	3.83	=IF(D327>0,ROUND(C327/D327,6),"")
08053	Philadelphia-Camden-Wilmington, PA-NJ-DE-MD	47612	29.156	=IF(D328>0,ROUND(C328/D328,6),"")
08054	Philadelphia-Camden-Wilmington, PA-NJ-DE-MD	45427	21.725	=IF(D329>0,ROUND(C329/D329,6),"")
08055	Philadelphia-Camden-Wilmington, PA-NJ-DE-MD	28855	39.973	=IF(D330>0,ROUND(C330/D330,6),"")
08056	Philadelphia-Camden-Wilmington, PA-NJ-DE-MD	5164	9.103	=IF(D331>0,ROUND(C331/D331,6),"")
08057	Philadelphia-Camden-Wilmington, PA-NJ-DE-MD	20990	15.301	=IF(D332>0,ROUND(C332/D332,6),"")
08059	Philadelphia-Camden-Wilmington, PA-NJ-DE-MD	5616	1.229	=IF(D333>0,ROUND(C333/D333,6),"")
08060	Philadelphia-Camden-Wilmington, PA-NJ-DE-MD	25647	21.643	=IF(D334>0,ROUND(C334/D334,6),"")
08061	Philadelphia-Camden-Wilmington, PA-NJ-DE-MD	4411	1.326	=IF(D335>0,ROUND(C335/D335,6),"")
08062	Philadelphia-Camden-Wilmington, PA-NJ-DE-MD	17969	32.18	=IF(D336>0,ROUND(C336/D336,6),"")
08063	Philadelphia-Camden-Wilmington, PA-NJ-DE-MD	3056	1.03	=IF(D337>0,ROUND(C337/D337,6),"")
08065	Philadelphia-Camden-Wilmington, PA-NJ-DE-MD	7447	1.849	=IF(D338>0,ROUND(C338/D338,6),"")
08066	Philadelphia-Camden-Wilmington, PA-NJ-DE-MD	7412	6.852	=IF(D339>0,ROUND(C339/D339,6),"")
08067	Philadelphia-Camden-Wilmington, PA-NJ-DE-MD	1704	19.053	=IF(D340>0,ROUND(C340/D340,6),"")
08068	Philadelphia-Camden-Wilmington, PA-NJ-DE-MD	6811	23.301	=IF(D341>0,ROUND(C341/D341,6),"")
08069	Philadelphia-Camden-Wilmington, PA-NJ-DE-MD	13413	15.937	=IF(D342>0,ROUND(C342/D342,6),"")
08070	Philadelphia-Camden-Wilmington, PA-NJ-DE-MD	12477	20.698	=IF(D343>0,ROUND(C343/D343,6),"")
08071	Philadelphia-Camden-Wilmington, PA-NJ-DE-MD	9407	3.315	=IF(D344>0,ROUND(C344/D344,6),"")
08075	Philadelphia-Camden-Wilmington, PA-NJ-DE-MD	30550	9.878	=IF(D345>0,ROUND(C345/D345,6),"")
08077	Philadelphia-Camden-Wilmington, PA-NJ-DE-MD	20677	8.104	=IF(D346>0,ROUND(C346/D346,6),"")
08078	Philadelphia-Camden-Wilmington, PA-NJ-DE-MD	8058	1.923	=IF(D347>0,ROUND(C347/D347,6),"")
08079	Philadelphia-Camden-Wilmington, PA-NJ-DE-MD	10696	88.683	=IF(D348>0,ROUND(C348/D348,6),"")
08080	Philadelphia-Camden-Wilmington, PA-NJ-DE-MD	39360	29.237	=IF(D349>0,ROUND(C349/D349,6),"")
08081	Philadelphia-Camden-Wilmington, PA-NJ-DE-MD	49418	25.245	=IF(D350>0,ROUND(C350/D350,6),"")
08083	Philadelphia-Camden-Wilmington, PA-NJ-DE-MD	9626	2.507	=IF(D351>0,ROUND(C351/D351,6),"")
08084	Philadelphia-Camden-Wilmington, PA-NJ-DE-MD	6965	1.57	=IF(D352>0,ROUND(C352/D352,6),"")
08085	Philadelphia-Camden-Wilmington, PA-NJ-DE-MD	21856	44.5	=IF(D353>0,ROUND(C353/D353,6),"")
08086	Philadelphia-Camden-Wilmington, PA-NJ-DE-MD	8534	7.005	=IF(D354>0,ROUND(C354/D354,6),"")
08087	New York-Newark-Jersey City, NY-NJ-PA	25211	70.061	=IF(D355>0,ROUND(C355/D355,6),"")
08088	Philadelphia-Camden-Wilmington, PA-NJ-DE-MD	24153	150.514	=IF(D356>0,ROUND(C356/D356,6),"")
08089	Philadelphia-Camden-Wilmington, PA-NJ-DE-MD	4195	16.135	=IF(D357>0,ROUND(C357/D357,6),"")
08090	Philadelphia-Camden-Wilmington, PA-NJ-DE-MD	9574	2.922	=IF(D358>0,ROUND(C358/D358,6),"")
08091	Philadelphia-Camden-Wilmington, PA-NJ-DE-MD	5909	3.33	=IF(D359>0,ROUND(C359/D359,6),"")
08092	New York-Newark-Jersey City, NY-NJ-PA	3182	22.904	=IF(D360>0,ROUND(C360/D360,6),"")
08093	Philadelphia-Camden-Wilmington, PA-NJ-DE-MD	9224	4.047	=IF(D361>0,ROUND(C361/D361,6),"")
08094	Philadelphia-Camden-Wilmington, PA-NJ-DE-MD	40542	54.771	=IF(D362>0,ROUND(C362/D362,6),"")
08096	Philadelphia-Camden-Wilmington, PA-NJ-DE-MD	35896	13.89	=IF(D363>0,ROUND(C363/D363,6),"")
08097	Philadelphia-Camden-Wilmington, PA-NJ-DE-MD	3207	1.316	=IF(D364>0,ROUND(C364/D364,6),"")
08098	Philadelphia-Camden-Wilmington, PA-NJ-DE-MD	9475	57.853	=IF(D365>0,ROUND(C365/D365,6),"")
08102	Philadelphia-Camden-Wilmington, PA-NJ-DE-MD	8090	0.995	=IF(D366>0,ROUND(C366/D366,6),"")
08103	Philadelphia-Camden-Wilmington, PA-NJ-DE-MD	13137	2.139	=IF(D367>0,ROUND(C367/D367,6),"")
08104	Philadelphia-Camden-Wilmington, PA-NJ-DE-MD	21508	2.997	=IF(D368>0,ROUND(C368/D368,6),"")
08105	Philadelphia-Camden-Wilmington, PA-NJ-DE-MD	26681	2.594	=IF(D369>0,ROUND(C369/D369,6),"")
08106	Philadelphia-Camden-Wilmington, PA-NJ-DE-MD	9678	1.627	=IF(D370>0,ROUND(C370/D370,6),"")
08107	Philadelphia-Camden-Wilmington, PA-NJ-DE-MD	13699	1.791	=IF(D371>0,ROUND(C371/D371,6),"")
08108	Philadelphia-Camden-Wilmington, PA-NJ-DE-MD	18730	2.692	=IF(D372>0,ROUND(C372/D372,6),"")
08109	Philadelphia-Camden-Wilmington, PA-NJ-DE-MD	24004	4.822	=IF(D373>0,ROUND(C373/D373,6),"")
08110	Philadelphia-Camden-Wilmington, PA-NJ-DE-MD	18955	6.469	=IF(D374>0,ROUND(C374/D374,6),"")
08201	Atlantic City-Hammonton, NJ	10067	5.774	=IF(D375>0,ROUND(C375/D375,6),"")
08203	Atlantic City-Hammonton, NJ	7702	6.573	=IF(D376>0,ROUND(C376/D376,6),"")
08205	Atlantic City-Hammonton, NJ	28236	42.089	=IF(D377>0,ROUND(C377/D377,6),"")
08215	Atlantic City-Hammonton, NJ	13921	124.079	=IF(D378>0,ROUND(C378/D378,6),"")
08221	Atlantic City-Hammonton, NJ	6954	4.701	=IF(D379>0,ROUND(C379/D379,6),"")
08225	Atlantic City-Hammonton, NJ	8427	6.052	=IF(D380>0,ROUND(C380/D380,6),"")
08232	Atlantic City-Hammonton, NJ	20200	5.866	=IF(D381>0,ROUND(C381/D381,6),"")
08234	Atlantic City-Hammonton, NJ	46856	60.675	=IF(D382>0,ROUND(C382/D382,6),"")
08241	Atlantic City-Hammonton, NJ	1047	7.462	=IF(D383>0,ROUND(C383/D383,6),"")
08244	Atlantic City-Hammonton, NJ	10611	4.923	=IF(D384>0,ROUND(C384/D384,6),"")
08310	Atlantic City-Hammonton, NJ	1236	12.233	=IF(D385>0,ROUND(C385/D385,6),"")
08312	Philadelphia-Camden-Wilmington, PA-NJ-DE-MD	8395	5.508	=IF(D386>0,ROUND(C386/D386,6),"")
08317	Atlantic City-Hammonton, NJ	1292	7.359	=IF(D387>0,ROUND(C387/D387,6),"")
08318	Philadelphia-Camden-Wilmington, PA-NJ-DE-MD	12149	80.417	=IF(D388>0,ROUND(C388/D388,6),"")
08319	Atlantic City-Hammonton, NJ	1269	15.048	=IF(D389>0,ROUND(C389/D389,6),"")
08322	Philadelphia-Camden-Wilmington, PA-NJ-DE-MD	10391	29.109	=IF(D390>0,ROUND(C390/D390,6),"")
08326	Atlantic City-Hammonton, NJ	1430	3.184	=IF(D391>0,ROUND(C391/D391,6),"")
08328	Philadelphia-Camden-Wilmington, PA-NJ-DE-MD	1554	1.904	=IF(D392>0,ROUND(C392/D392,6),"")
08330	Atlantic City-Hammonton, NJ	30009	127.381	=IF(D393>0,ROUND(C393/D393,6),"")
08340	Atlantic City-Hammonton, NJ	876	27.799	=IF(D394>0,ROUND(C394/D394,6),"")
08341	Atlantic City-Hammonton, NJ	2002	1.003	=IF(D395>0,ROUND(C395/D395,6),"")
08343	Philadelphia-Camden-Wilmington, PA-NJ-DE-MD	4438	32.255	=IF(D396>0,ROUND(C396/D396,6),"")
08344	Philadelphia-Camden-Wilmington, PA-NJ-DE-MD	5296	23.761	=IF(D397>0,ROUND(C397/D397,6),"")
08346	Atlantic City-Hammonton, NJ	444	2.439	=IF(D398>0,ROUND(C398/D398,6),"")
08350	Atlantic City-Hammonton, NJ	859	3.244	=IF(D399>0,ROUND(C399/D399,6),"")
08401	Atlantic City-Hammonton, NJ	38744	10.676	=IF(D400>0,ROUND(C400/D400,6),"")
08402	Atlantic City-Hammonton, NJ	5260	1.413	=IF(D401>0,ROUND(C401/D401,6),"")
08403	Atlantic City-Hammonton, NJ	1012	2.107	=IF(D402>0,ROUND(C402/D402,6),"")
08406	Atlantic City-Hammonton, NJ	8962	1.975	=IF(D403>0,ROUND(C403/D403,6),"")
08501	New York-Newark-Jersey City, NY-NJ-PA	6297	27.208	=IF(D404>0,ROUND(C404/D404,6),"")
08502	New York-Newark-Jersey City, NY-NJ-PA	12081	13.232	=IF(D405>0,ROUND(C405/D405,6),"")
08505	Philadelphia-Camden-Wilmington, PA-NJ-DE-MD	18913	22.488	=IF(D406>0,ROUND(C406/D406,6),"")
08510	New York-Newark-Jersey City, NY-NJ-PA	5383	17.739	=IF(D407>0,ROUND(C407/D407,6),"")
08511	Philadelphia-Camden-Wilmington, PA-NJ-DE-MD	885	2.386	=IF(D408>0,ROUND(C408/D408,6),"")
08512	New York-Newark-Jersey City, NY-NJ-PA	12511	22.805	=IF(D409>0,ROUND(C409/D409,6),"")
08514	New York-Newark-Jersey City, NY-NJ-PA	5270	27.347	=IF(D410>0,ROUND(C410/D410,6),"")
08515	Philadelphia-Camden-Wilmington, PA-NJ-DE-MD	8167	21.17	=IF(D411>0,ROUND(C411/D411,6),"")
08518	Philadelphia-Camden-Wilmington, PA-NJ-DE-MD	5830	1.919	=IF(D412>0,ROUND(C412/D412,6),"")
08520	Trenton-Princeton, NJ	29321	18.038	=IF(D413>0,ROUND(C413/D413,6),"")
08525	Trenton-Princeton, NJ	4567	22.392	=IF(D414>0,ROUND(C414/D414,6),"")
08527	New York-Newark-Jersey City, NY-NJ-PA	58366	85.423	=IF(D415>0,ROUND(C415/D415,6),"")
08530	New York-Newark-Jersey City, NY-NJ-PA	8146	27.114	=IF(D416>0,ROUND(C416/D416,6),"")
08533	New York-Newark-Jersey City, NY-NJ-PA	6892	54.921	=IF(D417>0,ROUND(C417/D417,6),"")
08534	Trenton-Princeton, NJ	13174	21.788	=IF(D418>0,ROUND(C418/D418,6),"")
08535	New York-Newark-Jersey City, NY-NJ-PA	4971	18.71	=IF(D419>0,ROUND(C419/D419,6),"")
08536	New York-Newark-Jersey City, NY-NJ-PA	20558	7.532	=IF(D420>0,ROUND(C420/D420,6),"")
08540	Trenton-Princeton, NJ	49499	51.717	=IF(D421>0,ROUND(C421/D421,6),"")
08542	Trenton-Princeton, NJ	2415	0.386	=IF(D422>0,ROUND(C422/D422,6),"")
08550	Trenton-Princeton, NJ	20876	19.134	=IF(D423>0,ROUND(C423/D423,6),"")
08551	New York-Newark-Jersey City, NY-NJ-PA	5950	26.214	=IF(D424>0,ROUND(C424/D424,6),"")
08553	New York-Newark-Jersey City, NY-NJ-PA	814	0.61	=IF(D425>0,ROUND(C425/D425,6),"")
08554	Philadelphia-Camden-Wilmington, PA-NJ-DE-MD	3661	1.192	=IF(D426>0,ROUND(C426/D426,6),"")
08555	New York-Newark-Jersey City, NY-NJ-PA	1059	1.94	=IF(D427>0,ROUND(C427/D427,6),"")
08558	New York-Newark-Jersey City, NY-NJ-PA	7236	15.589	=IF(D428>0,ROUND(C428/D428,6),"")
08559	New York-Newark-Jersey City, NY-NJ-PA	4608	39.835	=IF(D429>0,ROUND(C429/D429,6),"")
08560	Trenton-Princeton, NJ	3334	13.324	=IF(D430>0,ROUND(C430/D430,6),"")
08562	Philadelphia-Camden-Wilmington, PA-NJ-DE-MD	4301	16.716	=IF(D431>0,ROUND(C431/D431,6),"")
08609	Trenton-Princeton, NJ	13000	1.316	=IF(D432>0,ROUND(C432/D432,6),"")
08610	Trenton-Princeton, NJ	33387	7.439	=IF(D433>0,ROUND(C433/D433,6),"")
08611	Trenton-Princeton, NJ	32786	2.978	=IF(D434>0,ROUND(C434/D434,6),"")
08618	Trenton-Princeton, NJ	37162	5.92	=IF(D435>0,ROUND(C435/D435,6),"")
08619	Trenton-Princeton, NJ	23512	9.979	=IF(D436>0,ROUND(C436/D436,6),"")
08620	Trenton-Princeton, NJ	11949	9.008	=IF(D437>0,ROUND(C437/D437,6),"")
08628	Trenton-Princeton, NJ	9479	7.703	=IF(D438>0,ROUND(C438/D438,6),"")
08629	Trenton-Princeton, NJ	13015	0.791	=IF(D439>0,ROUND(C439/D439,6),"")
08638	Trenton-Princeton, NJ	23373	5.427	=IF(D440>0,ROUND(C440/D440,6),"")
08648	Trenton-Princeton, NJ	31142	16.689	=IF(D441>0,ROUND(C441/D441,6),"")
08690	Trenton-Princeton, NJ	18996	7.031	=IF(D442>0,ROUND(C442/D442,6),"")
08691	Trenton-Princeton, NJ	16924	24.232	=IF(D443>0,ROUND(C443/D443,6),"")
08701	New York-Newark-Jersey City, NY-NJ-PA	136784	24.736	=IF(D444>0,ROUND(C444/D444,6),"")
08720	New York-Newark-Jersey City, NY-NJ-PA	774	2.638	=IF(D445>0,ROUND(C445/D445,6),"")
08721	New York-Newark-Jersey City, NY-NJ-PA	22464	23.75	=IF(D446>0,ROUND(C446/D446,6),"")
08722	New York-Newark-Jersey City, NY-NJ-PA	11002	2.763	=IF(D447>0,ROUND(C447/D447,6),"")
08723	New York-Newark-Jersey City, NY-NJ-PA	32033	11.96	=IF(D448>0,ROUND(C448/D448,6),"")
08724	New York-Newark-Jersey City, NY-NJ-PA	41573	13.805	=IF(D449>0,ROUND(C449/D449,6),"")
08730	New York-Newark-Jersey City, NY-NJ-PA	4960	1.756	=IF(D450>0,ROUND(C450/D450,6),"")
08731	New York-Newark-Jersey City, NY-NJ-PA	21136	78.124	=IF(D451>0,ROUND(C451/D451,6),"")
08732	New York-Newark-Jersey City, NY-NJ-PA	1552	0.54	=IF(D452>0,ROUND(C452/D452,6),"")
08733	New York-Newark-Jersey City, NY-NJ-PA	2864	12.301	=IF(D453>0,ROUND(C453/D453,6),"")
08734	New York-Newark-Jersey City, NY-NJ-PA	8028	5.12	=IF(D454>0,ROUND(C454/D454,6),"")
08735	New York-Newark-Jersey City, NY-NJ-PA	3435	1.736	=IF(D455>0,ROUND(C455/D455,6),"")
08736	New York-Newark-Jersey City, NY-NJ-PA	13056	4.715	=IF(D456>0,ROUND(C456/D456,6),"")
08738	New York-Newark-Jersey City, NY-NJ-PA	1371	0.975	=IF(D457>0,ROUND(C457/D457,6),"")
08740	New York-Newark-Jersey City, NY-NJ-PA	1768	0.45	=IF(D458>0,ROUND(C458/D458,6),"")
08741	New York-Newark-Jersey City, NY-NJ-PA	2769	0.943	=IF(D459>0,ROUND(C459/D459,6),"")
08742	New York-Newark-Jersey City, NY-NJ-PA	25558	5.611	=IF(D460>0,ROUND(C460/D460,6),"")
08750	New York-Newark-Jersey City, NY-NJ-PA	3624	1.9	=IF(D461>0,ROUND(C461/D461,6),"")
08751	New York-Newark-Jersey City, NY-NJ-PA	3625	1.31	=IF(D462>0,ROUND(C462/D462,6),"")
08752	New York-Newark-Jersey City, NY-NJ-PA	2254	4.767	=IF(D463>0,ROUND(C463/D463,6),"")
08753	New York-Newark-Jersey City, NY-NJ-PA	64788	23.053	=IF(D464>0,ROUND(C464/D464,6),"")
08755	New York-Newark-Jersey City, NY-NJ-PA	29266	16.01	=IF(D465>0,ROUND(C465/D465,6),"")
08757	New York-Newark-Jersey City, NY-NJ-PA	35652	17.783	=IF(D466>0,ROUND(C466/D466,6),"")
08758	New York-Newark-Jersey City, NY-NJ-PA	8010	18.066	=IF(D467>0,ROUND(C467/D467,6),"")
08759	New York-Newark-Jersey City, NY-NJ-PA	34290	61.34	=IF(D468>0,ROUND(C468/D468,6),"")
08801	New York-Newark-Jersey City, NY-NJ-PA	7391	15.02	=IF(D469>0,ROUND(C469/D469,6),"")
08802	New York-Newark-Jersey City, NY-NJ-PA	4604	24.493	=IF(D470>0,ROUND(C470/D470,6),"")
08804	New York-Newark-Jersey City, NY-NJ-PA	3066	14.066	=IF(D471>0,ROUND(C471/D471,6),"")
08805	New York-Newark-Jersey City, NY-NJ-PA	14153	2.94	=IF(D472>0,ROUND(C472/D472,6),"")
08807	New York-Newark-Jersey City, NY-NJ-PA	38438	25.481	=IF(D473>0,ROUND(C473/D473,6),"")
08809	New York-Newark-Jersey City, NY-NJ-PA	6838	6.925	=IF(D474>0,ROUND(C474/D474,6),"")
08810	New York-Newark-Jersey City, NY-NJ-PA	8241	5.516	=IF(D475>0,ROUND(C475/D475,6),"")
08812	New York-Newark-Jersey City, NY-NJ-PA	14177	5.078	=IF(D476>0,ROUND(C476/D476,6),"")
08816	New York-Newark-Jersey City, NY-NJ-PA	48965	20.235	=IF(D477>0,ROUND(C477/D477,6),"")
08817	New York-Newark-Jersey City, NY-NJ-PA	47924	10.615	=IF(D478>0,ROUND(C478/D478,6),"")
08820	New York-Newark-Jersey City, NY-NJ-PA	39392	10.431	=IF(D479>0,ROUND(C479/D479,6),"")
08822	New York-Newark-Jersey City, NY-NJ-PA	32002	64.733	=IF(D480>0,ROUND(C480/D480,6),"")
08823	New York-Newark-Jersey City, NY-NJ-PA	8873	3.452	=IF(D481>0,ROUND(C481/D481,6),"")
08824	New York-Newark-Jersey City, NY-NJ-PA	13866	4.336	=IF(D482>0,ROUND(C482/D482,6),"")
08825	New York-Newark-Jersey City, NY-NJ-PA	4639	28.963	=IF(D483>0,ROUND(C483/D483,6),"")
08826	New York-Newark-Jersey City, NY-NJ-PA	5255	21.356	=IF(D484>0,ROUND(C484/D484,6),"")
08827	New York-Newark-Jersey City, NY-NJ-PA	4139	18.097	=IF(D485>0,ROUND(C485/D485,6),"")
08828	New York-Newark-Jersey City, NY-NJ-PA	2317	0.828	=IF(D486>0,ROUND(C486/D486,6),"")
08829	New York-Newark-Jersey City, NY-NJ-PA	3584	2.41	=IF(D487>0,ROUND(C487/D487,6),"")
08830	New York-Newark-Jersey City, NY-NJ-PA	19151	3.162	=IF(D488>0,ROUND(C488/D488,6),"")
08831	New York-Newark-Jersey City, NY-NJ-PA	54608	51.3	=IF(D489>0,ROUND(C489/D489,6),"")
08833	New York-Newark-Jersey City, NY-NJ-PA	8772	34.868	=IF(D490>0,ROUND(C490/D490,6),"")
08835	New York-Newark-Jersey City, NY-NJ-PA	10870	2.253	=IF(D491>0,ROUND(C491/D491,6),"")
08836	New York-Newark-Jersey City, NY-NJ-PA	4326	4.497	=IF(D492>0,ROUND(C492/D492,6),"")
08837	New York-Newark-Jersey City, NY-NJ-PA	19954	9.138	=IF(D493>0,ROUND(C493/D493,6),"")
08840	New York-Newark-Jersey City, NY-NJ-PA	17934	3.208	=IF(D494>0,ROUND(C494/D494,6),"")
08844	New York-Newark-Jersey City, NY-NJ-PA	43708	55.168	=IF(D495>0,ROUND(C495/D495,6),"")
08846	New York-Newark-Jersey City, NY-NJ-PA	14518	3.488	=IF(D496>0,ROUND(C496/D496,6),"")
08848	New York-Newark-Jersey City, NY-NJ-PA	8376	32.713	=IF(D497>0,ROUND(C497/D497,6),"")
08850	New York-Newark-Jersey City, NY-NJ-PA	8442	2.305	=IF(D498>0,ROUND(C498/D498,6),"")
08852	New York-Newark-Jersey City, NY-NJ-PA	17333	13.329	=IF(D499>0,ROUND(C499/D499,6),"")
08853	New York-Newark-Jersey City, NY-NJ-PA	5415	11.386	=IF(D500>0,ROUND(C500/D500,6),"")
08854	New York-Newark-Jersey City, NY-NJ-PA	60405	18.928	=IF(D501>0,ROUND(C501/D501,6),"")
08857	New York-Newark-Jersey City, NY-NJ-PA	40409	24.049	=IF(D502>0,ROUND(C502/D502,6),"")
08859	New York-Newark-Jersey City, NY-NJ-PA	24284	4.756	=IF(D503>0,ROUND(C503/D503,6),"")
08861	New York-Newark-Jersey City, NY-NJ-PA	58264	5.099	=IF(D504>0,ROUND(C504/D504,6),"")
08863	New York-Newark-Jersey City, NY-NJ-PA	13052	1.712	=IF(D505>0,ROUND(C505/D505,6),"")
08865	Allentown-Bethlehem-Easton, PA-NJ	31078	41.472	=IF(D506>0,ROUND(C506/D506,6),"")
08867	New York-Newark-Jersey City, NY-NJ-PA	5411	28.328	=IF(D507>0,ROUND(C507/D507,6),"")
08869	New York-Newark-Jersey City, NY-NJ-PA	8192	1.992	=IF(D508>0,ROUND(C508/D508,6),"")
08872	New York-Newark-Jersey City, NY-NJ-PA	20040	9.461	=IF(D509>0,ROUND(C509/D509,6),"")
08873	New York-Newark-Jersey City, NY-NJ-PA	55862	32.133	=IF(D510>0,ROUND(C510/D510,6),"")
08876	New York-Newark-Jersey City, NY-NJ-PA	22902	15.999	=IF(D511>0,ROUND(C511/D511,6),"")
08879	New York-Newark-Jersey City, NY-NJ-PA	23263	7.082	=IF(D512>0,ROUND(C512/D512,6),"")
08880	New York-Newark-Jersey City, NY-NJ-PA	4833	0.646	=IF(D513>0,ROUND(C513/D513,6),"")
08882	New York-Newark-Jersey City, NY-NJ-PA	16007	2.8	=IF(D514>0,ROUND(C514/D514,6),"")
08884	New York-Newark-Jersey City, NY-NJ-PA	8133	2.31	=IF(D515>0,ROUND(C515/D515,6),"")
08886	Allentown-Bethlehem-Easton, PA-NJ	6493	15.46	=IF(D516>0,ROUND(C516/D516,6),"")
08887	New York-Newark-Jersey City, NY-NJ-PA	1377	0.811	=IF(D517>0,ROUND(C517/D517,6),"")
08889	New York-Newark-Jersey City, NY-NJ-PA	10539	23.057	=IF(D518>0,ROUND(C518/D518,6),"")
08901	New York-Newark-Jersey City, NY-NJ-PA	56766	6.267	=IF(D519>0,ROUND(C519/D519,6),"")
08902	New York-Newark-Jersey City, NY-NJ-PA	43146	13.17	=IF(D520>0,ROUND(C520/D520,6),"")
08904	New York-Newark-Jersey City, NY-NJ-PA	14981	1.821	=IF(D521>0,ROUND(C521/D521,6),"")
10002	New York-Newark-Jersey City, NY-NJ-PA	75517	0.822	=IF(D522>0,ROUND(C522/D522,6),"")
10003	New York-Newark-Jersey City, NY-NJ-PA	53825	0.572	=IF(D523>0,ROUND(C523/D523,6),"")
10011	New York-Newark-Jersey City, NY-NJ-PA	49344	0.647	=IF(D524>0,ROUND(C524/D524,6),"")
10012	New York-Newark-Jersey City, NY-NJ-PA	21846	0.324	=IF(D525>0,ROUND(C525/D525,6),"")
10013	New York-Newark-Jersey City, NY-NJ-PA	28215	0.544	=IF(D526>0,ROUND(C526/D526,6),"")
10014	New York-Newark-Jersey City, NY-NJ-PA	29772	0.485	=IF(D527>0,ROUND(C527/D527,6),"")
10016	New York-Newark-Jersey City, NY-NJ-PA	54297	0.549	=IF(D528>0,ROUND(C528/D528,6),"")
10019	New York-Newark-Jersey City, NY-NJ-PA	44276	0.659	=IF(D529>0,ROUND(C529/D529,6),"")
10021	New York-Newark-Jersey City, NY-NJ-PA	39479	0.358	=IF(D530>0,ROUND(C530/D530,6),"")
10022	New York-Newark-Jersey City, NY-NJ-PA	34340	0.445	=IF(D531>0,ROUND(C531/D531,6),"")
10023	New York-Newark-Jersey City, NY-NJ-PA	67468	0.969	=IF(D532>0,ROUND(C532/D532,6),"")
10024	New York-Newark-Jersey City, NY-NJ-PA	62576	0.885	=IF(D533>0,ROUND(C533/D533,6),"")
10025	New York-Newark-Jersey City, NY-NJ-PA	93223	0.889	=IF(D534>0,ROUND(C534/D534,6),"")
10026	New York-Newark-Jersey City, NY-NJ-PA	37113	0.383	=IF(D535>0,ROUND(C535/D535,6),"")
10027	New York-Newark-Jersey City, NY-NJ-PA	65068	0.942	=IF(D536>0,ROUND(C536/D536,6),"")
10028	New York-Newark-Jersey City, NY-NJ-PA	45679	0.316	=IF(D537>0,ROUND(C537/D537,6),"")
10029	New York-Newark-Jersey City, NY-NJ-PA	74848	1.153	=IF(D538>0,ROUND(C538/D538,6),"")
10030	New York-Newark-Jersey City, NY-NJ-PA	30781	0.277	=IF(D539>0,ROUND(C539/D539,6),"")
10031	New York-Newark-Jersey City, NY-NJ-PA	60305	0.669	=IF(D540>0,ROUND(C540/D540,6),"")
10032	New York-Newark-Jersey City, NY-NJ-PA	55579	0.673	=IF(D541>0,ROUND(C541/D541,6),"")
10035	New York-Newark-Jersey City, NY-NJ-PA	39082	1.405	=IF(D542>0,ROUND(C542/D542,6),"")
10065	New York-Newark-Jersey City, NY-NJ-PA	31047	0.417	=IF(D543>0,ROUND(C543/D543,6),"")
10075	New York-Newark-Jersey City, NY-NJ-PA	23865	0.189	=IF(D544>0,ROUND(C544/D544,6),"")
10128	New York-Newark-Jersey City, NY-NJ-PA	59000	0.454	=IF(D545>0,ROUND(C545/D545,6),"")
10301	New York-Newark-Jersey City, NY-NJ-PA	39799	3.758	=IF(D546>0,ROUND(C546/D546,6),"")
10302	New York-Newark-Jersey City, NY-NJ-PA	19693	1.193	=IF(D547>0,ROUND(C547/D547,6),"")
10303	New York-Newark-Jersey City, NY-NJ-PA	25993	3.169	=IF(D548>0,ROUND(C548/D548,6),"")
10304	New York-Newark-Jersey City, NY-NJ-PA	45843	3.491	=IF(D549>0,ROUND(C549/D549,6),"")
10305	New York-Newark-Jersey City, NY-NJ-PA	41714	4.02	=IF(D550>0,ROUND(C550/D550,6),"")
10306	New York-Newark-Jersey City, NY-NJ-PA	57249	7.229	=IF(D551>0,ROUND(C551/D551,6),"")
10307	New York-Newark-Jersey City, NY-NJ-PA	14821	1.614	=IF(D552>0,ROUND(C552/D552,6),"")
10308	New York-Newark-Jersey City, NY-NJ-PA	29996	2.185	=IF(D553>0,ROUND(C553/D553,6),"")
10309	New York-Newark-Jersey City, NY-NJ-PA	34918	7.254	=IF(D554>0,ROUND(C554/D554,6),"")
10310	New York-Newark-Jersey City, NY-NJ-PA	25824	1.802	=IF(D555>0,ROUND(C555/D555,6),"")
10312	New York-Newark-Jersey City, NY-NJ-PA	63345	6.872	=IF(D556>0,ROUND(C556/D556,6),"")
10314	New York-Newark-Jersey City, NY-NJ-PA	93539	12.997	=IF(D557>0,ROUND(C557/D557,6),"")
10451	New York-Newark-Jersey City, NY-NJ-PA	48975	1.056	=IF(D558>0,ROUND(C558/D558,6),"")
10452	New York-Newark-Jersey City, NY-NJ-PA	76745	0.982	=IF(D559>0,ROUND(C559/D559,6),"")
10453	New York-Newark-Jersey City, NY-NJ-PA	78270	0.902	=IF(D560>0,ROUND(C560/D560,6),"")
10454	New York-Newark-Jersey City, NY-NJ-PA	40368	1.06	=IF(D561>0,ROUND(C561/D561,6),"")
10455	New York-Newark-Jersey City, NY-NJ-PA	42940	0.701	=IF(D562>0,ROUND(C562/D562,6),"")
10456	New York-Newark-Jersey City, NY-NJ-PA	86958	1.077	=IF(D563>0,ROUND(C563/D563,6),"")
10457	New York-Newark-Jersey City, NY-NJ-PA	79375	1.319	=IF(D564>0,ROUND(C564/D564,6),"")
10458	New York-Newark-Jersey City, NY-NJ-PA	78741	1.221	=IF(D565>0,ROUND(C565/D565,6),"")
10459	New York-Newark-Jersey City, NY-NJ-PA	49753	0.831	=IF(D566>0,ROUND(C566/D566,6),"")
10460	New York-Newark-Jersey City, NY-NJ-PA	61101	1.499	=IF(D567>0,ROUND(C567/D567,6),"")
10461	New York-Newark-Jersey City, NY-NJ-PA	50900	2.388	=IF(D568>0,ROUND(C568/D568,6),"")
10462	New York-Newark-Jersey City, NY-NJ-PA	75452	1.498	=IF(D569>0,ROUND(C569/D569,6),"")
10463	New York-Newark-Jersey City, NY-NJ-PA	69373	2.752	=IF(D570>0,ROUND(C570/D570,6),"")
10464	New York-Newark-Jersey City, NY-NJ-PA	4273	3.054	=IF(D571>0,ROUND(C571/D571,6),"")
10465	New York-Newark-Jersey City, NY-NJ-PA	46457	3.923	=IF(D572>0,ROUND(C572/D572,6),"")
10466	New York-Newark-Jersey City, NY-NJ-PA	74061	2.015	=IF(D573>0,ROUND(C573/D573,6),"")
10467	New York-Newark-Jersey City, NY-NJ-PA	96304	2.33	=IF(D574>0,ROUND(C574/D574,6),"")
10468	New York-Newark-Jersey City, NY-NJ-PA	79825	1.047	=IF(D575>0,ROUND(C575/D575,6),"")
10469	New York-Newark-Jersey City, NY-NJ-PA	69855	2.426	=IF(D576>0,ROUND(C576/D576,6),"")
10470	New York-Newark-Jersey City, NY-NJ-PA	15558	1.437	=IF(D577>0,ROUND(C577/D577,6),"")
10471	New York-Newark-Jersey City, NY-NJ-PA	23400	1.712	=IF(D578>0,ROUND(C578/D578,6),"")
10472	New York-Newark-Jersey City, NY-NJ-PA	63820	1.078	=IF(D579>0,ROUND(C579/D579,6),"")
10473	New York-Newark-Jersey City, NY-NJ-PA	59778	2.138	=IF(D580>0,ROUND(C580/D580,6),"")
10475	New York-Newark-Jersey City, NY-NJ-PA	42771	1.243	=IF(D581>0,ROUND(C581/D581,6),"")
10501	New York-Newark-Jersey City, NY-NJ-PA	1426	1.592	=IF(D582>0,ROUND(C582/D582,6),"")
10502	New York-Newark-Jersey City, NY-NJ-PA	5875	2.084	=IF(D583>0,ROUND(C583/D583,6),"")
10504	New York-Newark-Jersey City, NY-NJ-PA	7853	16.132	=IF(D584>0,ROUND(C584/D584,6),"")
10505	New York-Newark-Jersey City, NY-NJ-PA	1295	0.775	=IF(D585>0,ROUND(C585/D585,6),"")
10506	New York-Newark-Jersey City, NY-NJ-PA	6246	16.634	=IF(D586>0,ROUND(C586/D586,6),"")
10507	New York-Newark-Jersey City, NY-NJ-PA	6044	7.428	=IF(D587>0,ROUND(C587/D587,6),"")
10509	New York-Newark-Jersey City, NY-NJ-PA	20055	36.075	=IF(D588>0,ROUND(C588/D588,6),"")
10510	New York-Newark-Jersey City, NY-NJ-PA	10027	10.103	=IF(D589>0,ROUND(C589/D589,6),"")
10511	New York-Newark-Jersey City, NY-NJ-PA	2296	1.503	=IF(D590>0,ROUND(C590/D590,6),"")
10512	New York-Newark-Jersey City, NY-NJ-PA	24238	52.183	=IF(D591>0,ROUND(C591/D591,6),"")
10514	New York-Newark-Jersey City, NY-NJ-PA	12227	12.723	=IF(D592>0,ROUND(C592/D592,6),"")
10516	New York-Newark-Jersey City, NY-NJ-PA	5607	31.491	=IF(D593>0,ROUND(C593/D593,6),"")
10520	New York-Newark-Jersey City, NY-NJ-PA	12208	14.449	=IF(D594>0,ROUND(C594/D594,6),"")
10522	New York-Newark-Jersey City, NY-NJ-PA	11464	2.444	=IF(D595>0,ROUND(C595/D595,6),"")
10523	New York-Newark-Jersey City, NY-NJ-PA	9773	3.646	=IF(D596>0,ROUND(C596/D596,6),"")
10524	New York-Newark-Jersey City, NY-NJ-PA	4298	20.836	=IF(D597>0,ROUND(C597/D597,6),"")
10526	New York-Newark-Jersey City, NY-NJ-PA	2040	3.548	=IF(D598>0,ROUND(C598/D598,6),"")
10527	New York-Newark-Jersey City, NY-NJ-PA	587	2.234	=IF(D599>0,ROUND(C599/D599,6),"")
10528	New York-Newark-Jersey City, NY-NJ-PA	13822	3.779	=IF(D600>0,ROUND(C600/D600,6),"")
10530	New York-Newark-Jersey City, NY-NJ-PA	13955	3.914	=IF(D601>0,ROUND(C601/D601,6),"")
10532	New York-Newark-Jersey City, NY-NJ-PA	5253	2.34	=IF(D602>0,ROUND(C602/D602,6),"")
10533	New York-Newark-Jersey City, NY-NJ-PA	7337	3.556	=IF(D603>0,ROUND(C603/D603,6),"")
10536	New York-Newark-Jersey City, NY-NJ-PA	11010	26.617	=IF(D604>0,ROUND(C604/D604,6),"")
10537	New York-Newark-Jersey City, NY-NJ-PA	2418	1.073	=IF(D605>0,ROUND(C605/D605,6),"")
10538	New York-Newark-Jersey City, NY-NJ-PA	17709	3.514	=IF(D606>0,ROUND(C606/D606,6),"")
10541	New York-Newark-Jersey City, NY-NJ-PA	26137	24.765	=IF(D607>0,ROUND(C607/D607,6),"")
10543	New York-Newark-Jersey City, NY-NJ-PA	21022	4.283	=IF(D608>0,ROUND(C608/D608,6),"")
10546	New York-Newark-Jersey City, NY-NJ-PA	1229	1.206	=IF(D609>0,ROUND(C609/D609,6),"")
10547	New York-Newark-Jersey City, NY-NJ-PA	7361	4.898	=IF(D610>0,ROUND(C610/D610,6),"")
10548	New York-Newark-Jersey City, NY-NJ-PA	4302	2.062	=IF(D611>0,ROUND(C611/D611,6),"")
10549	New York-Newark-Jersey City, NY-NJ-PA	15858	19.093	=IF(D612>0,ROUND(C612/D612,6),"")
10550	New York-Newark-Jersey City, NY-NJ-PA	40072	1.987	=IF(D613>0,ROUND(C613/D613,6),"")
10552	New York-Newark-Jersey City, NY-NJ-PA	21499	1.65	=IF(D614>0,ROUND(C614/D614,6),"")
10553	New York-Newark-Jersey City, NY-NJ-PA	10815	0.698	=IF(D615>0,ROUND(C615/D615,6),"")
10560	New York-Newark-Jersey City, NY-NJ-PA	4914	20.904	=IF(D616>0,ROUND(C616/D616,6),"")
10562	New York-Newark-Jersey City, NY-NJ-PA	33700	13.513	=IF(D617>0,ROUND(C617/D617,6),"")
10566	New York-Newark-Jersey City, NY-NJ-PA	25484	4.342	=IF(D618>0,ROUND(C618/D618,6),"")
10567	New York-Newark-Jersey City, NY-NJ-PA	20260	22.516	=IF(D619>0,ROUND(C619/D619,6),"")
10570	New York-Newark-Jersey City, NY-NJ-PA	13391	7.12	=IF(D620>0,ROUND(C620/D620,6),"")
10573	New York-Newark-Jersey City, NY-NJ-PA	40982	5.468	=IF(D621>0,ROUND(C621/D621,6),"")
10576	New York-Newark-Jersey City, NY-NJ-PA	4904	22.404	=IF(D622>0,ROUND(C622/D622,6),"")
10577	New York-Newark-Jersey City, NY-NJ-PA	5901	6.63	=IF(D623>0,ROUND(C623/D623,6),"")
10578	New York-Newark-Jersey City, NY-NJ-PA	1851	1.76	=IF(D624>0,ROUND(C624/D624,6),"")
10579	New York-Newark-Jersey City, NY-NJ-PA	8825	34.721	=IF(D625>0,ROUND(C625/D625,6),"")
10580	New York-Newark-Jersey City, NY-NJ-PA	18073	8.353	=IF(D626>0,ROUND(C626/D626,6),"")
10583	New York-Newark-Jersey City, NY-NJ-PA	40612	12.427	=IF(D627>0,ROUND(C627/D627,6),"")
10588	New York-Newark-Jersey City, NY-NJ-PA	3081	1.626	=IF(D628>0,ROUND(C628/D628,6),"")
10589	New York-Newark-Jersey City, NY-NJ-PA	7266	6.978	=IF(D629>0,ROUND(C629/D629,6),"")
10590	New York-Newark-Jersey City, NY-NJ-PA	7314	13.323	=IF(D630>0,ROUND(C630/D630,6),"")
10591	New York-Newark-Jersey City, NY-NJ-PA	23663	9.406	=IF(D631>0,ROUND(C631/D631,6),"")
10594	New York-Newark-Jersey City, NY-NJ-PA	5512	2.579	=IF(D632>0,ROUND(C632/D632,6),"")
10595	New York-Newark-Jersey City, NY-NJ-PA	7180	5.32	=IF(D633>0,ROUND(C633/D633,6),"")
10596	New York-Newark-Jersey City, NY-NJ-PA	657	0.596	=IF(D634>0,ROUND(C634/D634,6),"")
10597	New York-Newark-Jersey City, NY-NJ-PA	652	3.28	=IF(D635>0,ROUND(C635/D635,6),"")
10598	New York-Newark-Jersey City, NY-NJ-PA	28894	25.265	=IF(D636>0,ROUND(C636/D636,6),"")
10603	New York-Newark-Jersey City, NY-NJ-PA	19201	3.369	=IF(D637>0,ROUND(C637/D637,6),"")
10604	New York-Newark-Jersey City, NY-NJ-PA	12192	6.752	=IF(D638>0,ROUND(C638/D638,6),"")
10605	New York-Newark-Jersey City, NY-NJ-PA	19371	5.371	=IF(D639>0,ROUND(C639/D639,6),"")
10606	New York-Newark-Jersey City, NY-NJ-PA	17556	1.484	=IF(D640>0,ROUND(C640/D640,6),"")
10607	New York-Newark-Jersey City, NY-NJ-PA	6222	2.141	=IF(D641>0,ROUND(C641/D641,6),"")
10701	New York-Newark-Jersey City, NY-NJ-PA	70054	4.379	=IF(D642>0,ROUND(C642/D642,6),"")
10703	New York-Newark-Jersey City, NY-NJ-PA	22135	1.572	=IF(D643>0,ROUND(C643/D643,6),"")
10704	New York-Newark-Jersey City, NY-NJ-PA	31844	2.669	=IF(D644>0,ROUND(C644/D644,6),"")
10705	New York-Newark-Jersey City, NY-NJ-PA	40390	2.215	=IF(D645>0,ROUND(C645/D645,6),"")
10706	New York-Newark-Jersey City, NY-NJ-PA	9119	2.663	=IF(D646>0,ROUND(C646/D646,6),"")
10707	New York-Newark-Jersey City, NY-NJ-PA	9755	1.27	=IF(D647>0,ROUND(C647/D647,6),"")
10708	New York-Newark-Jersey City, NY-NJ-PA	21946	2.933	=IF(D648>0,ROUND(C648/D648,6),"")
10709	New York-Newark-Jersey City, NY-NJ-PA	10274	1.555	=IF(D649>0,ROUND(C649/D649,6),"")
10710	New York-Newark-Jersey City, NY-NJ-PA	25684	4.603	=IF(D650>0,ROUND(C650/D650,6),"")
10801	New York-Newark-Jersey City, NY-NJ-PA	41984	3.425	=IF(D651>0,ROUND(C651/D651,6),"")
10803	New York-Newark-Jersey City, NY-NJ-PA	13096	2.212	=IF(D652>0,ROUND(C652/D652,6),"")
10804	New York-Newark-Jersey City, NY-NJ-PA	15228	4.278	=IF(D653>0,ROUND(C653/D653,6),"")
10805	New York-Newark-Jersey City, NY-NJ-PA	21230	1.711	=IF(D654>0,ROUND(C654/D654,6),"")
10901	New York-Newark-Jersey City, NY-NJ-PA	26224	23.545	=IF(D655>0,ROUND(C655/D655,6),"")
10913	New York-Newark-Jersey City, NY-NJ-PA	5333	4.156	=IF(D656>0,ROUND(C656/D656,6),"")
10914	Poughkeepsie-Newburgh-Middletown, NY	691	2.477	=IF(D657>0,ROUND(C657/D657,6),"")
10916	Poughkeepsie-Newburgh-Middletown, NY	4531	23.485	=IF(D658>0,ROUND(C658/D658,6),"")
10917	Poughkeepsie-Newburgh-Middletown, NY	1575	4.817	=IF(D659>0,ROUND(C659/D659,6),"")
10918	Poughkeepsie-Newburgh-Middletown, NY	11937	32.648	=IF(D660>0,ROUND(C660/D660,6),"")
10919	Poughkeepsie-Newburgh-Middletown, NY	1383	3.77	=IF(D661>0,ROUND(C661/D661,6),"")
10920	New York-Newark-Jersey City, NY-NJ-PA	8493	4.462	=IF(D662>0,ROUND(C662/D662,6),"")
10921	Poughkeepsie-Newburgh-Middletown, NY	4358	8.256	=IF(D663>0,ROUND(C663/D663,6),"")
10922	Poughkeepsie-Newburgh-Middletown, NY	1072	2.076	=IF(D664>0,ROUND(C664/D664,6),"")
10923	New York-Newark-Jersey City, NY-NJ-PA	9188	2.007	=IF(D665>0,ROUND(C665/D665,6),"")
10924	Poughkeepsie-Newburgh-Middletown, NY	13612	40.081	=IF(D666>0,ROUND(C666/D666,6),"")
10925	Poughkeepsie-Newburgh-Middletown, NY	4440	9.171	=IF(D667>0,ROUND(C667/D667,6),"")
10926	Poughkeepsie-Newburgh-Middletown, NY	3741	17.23	=IF(D668>0,ROUND(C668/D668,6),"")
10927	New York-Newark-Jersey City, NY-NJ-PA	12273	1.984	=IF(D669>0,ROUND(C669/D669,6),"")
10928	Poughkeepsie-Newburgh-Middletown, NY	5273	8.361	=IF(D670>0,ROUND(C670/D670,6),"")
10930	Poughkeepsie-Newburgh-Middletown, NY	10342	16.035	=IF(D671>0,ROUND(C671/D671,6),"")
10931	New York-Newark-Jersey City, NY-NJ-PA	1170	2.476	=IF(D672>0,ROUND(C672/D672,6),"")
10940	Poughkeepsie-Newburgh-Middletown, NY	53099	63.149	=IF(D673>0,ROUND(C673/D673,6),"")
10941	Poughkeepsie-Newburgh-Middletown, NY	14761	32.042	=IF(D674>0,ROUND(C674/D674,6),"")
10950	Poughkeepsie-Newburgh-Middletown, NY	65391	36.799	=IF(D675>0,ROUND(C675/D675,6),"")
10952	New York-Newark-Jersey City, NY-NJ-PA	47169	8.945	=IF(D676>0,ROUND(C676/D676,6),"")
10954	New York-Newark-Jersey City, NY-NJ-PA	27474	6.89	=IF(D677>0,ROUND(C677/D677,6),"")
10956	New York-Newark-Jersey City, NY-NJ-PA	31420	15.422	=IF(D678>0,ROUND(C678/D678,6),"")
10958	Poughkeepsie-Newburgh-Middletown, NY	2717	21.241	=IF(D679>0,ROUND(C679/D679,6),"")
10960	New York-Newark-Jersey City, NY-NJ-PA	15277	4.718	=IF(D680>0,ROUND(C680/D680,6),"")
10962	New York-Newark-Jersey City, NY-NJ-PA	4921	5.209	=IF(D681>0,ROUND(C681/D681,6),"")
10963	Poughkeepsie-Newburgh-Middletown, NY	3940	13.203	=IF(D682>0,ROUND(C682/D682,6),"")
10964	New York-Newark-Jersey City, NY-NJ-PA	1395	2.435	=IF(D683>0,ROUND(C683/D683,6),"")
10965	New York-Newark-Jersey City, NY-NJ-PA	15526	5.233	=IF(D684>0,ROUND(C684/D684,6),"")
10968	New York-Newark-Jersey City, NY-NJ-PA	2406	0.621	=IF(D685>0,ROUND(C685/D685,6),"")
10969	Poughkeepsie-Newburgh-Middletown, NY	1333	10.947	=IF(D686>0,ROUND(C686/D686,6),"")
10970	New York-Newark-Jersey City, NY-NJ-PA	11636	11.211	=IF(D687>0,ROUND(C687/D687,6),"")
10973	Poughkeepsie-Newburgh-Middletown, NY	2300	8.264	=IF(D688>0,ROUND(C688/D688,6),"")
10974	New York-Newark-Jersey City, NY-NJ-PA	3324	7.48	=IF(D689>0,ROUND(C689/D689,6),"")
10976	New York-Newark-Jersey City, NY-NJ-PA	2215	1.141	=IF(D690>0,ROUND(C690/D690,6),"")
10977	New York-Newark-Jersey City, NY-NJ-PA	71465	11.261	=IF(D691>0,ROUND(C691/D691,6),"")
10980	New York-Newark-Jersey City, NY-NJ-PA	13793	27.581	=IF(D692>0,ROUND(C692/D692,6),"")
10983	New York-Newark-Jersey City, NY-NJ-PA	5489	2.082	=IF(D693>0,ROUND(C693/D693,6),"")
10984	New York-Newark-Jersey City, NY-NJ-PA	2760	1.879	=IF(D694>0,ROUND(C694/D694,6),"")
10986	New York-Newark-Jersey City, NY-NJ-PA	1402	9.873	=IF(D695>0,ROUND(C695/D695,6),"")
10987	Poughkeepsie-Newburgh-Middletown, NY	4041	33.278	=IF(D696>0,ROUND(C696/D696,6),"")
10988	Poughkeepsie-Newburgh-Middletown, NY	684	0.325	=IF(D697>0,ROUND(C697/D697,6),"")
10989	New York-Newark-Jersey City, NY-NJ-PA	8410	4.836	=IF(D698>0,ROUND(C698/D698,6),"")
10990	Poughkeepsie-Newburgh-Middletown, NY	20370	61.44	=IF(D699>0,ROUND(C699/D699,6),"")
10992	Poughkeepsie-Newburgh-Middletown, NY	10412	11.304	=IF(D700>0,ROUND(C700/D700,6),"")
10993	New York-Newark-Jersey City, NY-NJ-PA	4230	1.17	=IF(D701>0,ROUND(C701/D701,6),"")
10994	New York-Newark-Jersey City, NY-NJ-PA	5925	6.183	=IF(D702>0,ROUND(C702/D702,6),"")
10998	Poughkeepsie-Newburgh-Middletown, NY	3676	21.607	=IF(D703>0,ROUND(C703/D703,6),"")
11001	New York-Newark-Jersey City, NY-NJ-PA	25714	2.205	=IF(D704>0,ROUND(C704/D704,6),"")
11003	New York-Newark-Jersey City, NY-NJ-PA	44716	4.128	=IF(D705>0,ROUND(C705/D705,6),"")
11004	New York-Newark-Jersey City, NY-NJ-PA	14296	0.951	=IF(D706>0,ROUND(C706/D706,6),"")
11010	New York-Newark-Jersey City, NY-NJ-PA	25618	2.405	=IF(D707>0,ROUND(C707/D707,6),"")
11020	New York-Newark-Jersey City, NY-NJ-PA	5986	1.93	=IF(D708>0,ROUND(C708/D708,6),"")
11021	New York-Newark-Jersey City, NY-NJ-PA	19474	2.379	=IF(D709>0,ROUND(C709/D709,6),"")
11023	New York-Newark-Jersey City, NY-NJ-PA	9824	1.67	=IF(D710>0,ROUND(C710/D710,6),"")
11024	New York-Newark-Jersey City, NY-NJ-PA	8821	3.501	=IF(D711>0,ROUND(C711/D711,6),"")
11030	New York-Newark-Jersey City, NY-NJ-PA	17703	6.569	=IF(D712>0,ROUND(C712/D712,6),"")
11040	New York-Newark-Jersey City, NY-NJ-PA	42344	4.809	=IF(D713>0,ROUND(C713/D713,6),"")
11050	New York-Newark-Jersey City, NY-NJ-PA	32657	10.134	=IF(D714>0,ROUND(C714/D714,6),"")
11096	New York-Newark-Jersey City, NY-NJ-PA	9897	1.234	=IF(D715>0,ROUND(C715/D715,6),"")
11101	New York-Newark-Jersey City, NY-NJ-PA	39007	2.587	=IF(D716>0,ROUND(C716/D716,6),"")
11102	New York-Newark-Jersey City, NY-NJ-PA	28349	0.701	=IF(D717>0,ROUND(C717/D717,6),"")
11103	New York-Newark-Jersey City, NY-NJ-PA	35357	0.692	=IF(D718>0,ROUND(C718/D718,6),"")
11104	New York-Newark-Jersey City, NY-NJ-PA	26825	0.437	=IF(D719>0,ROUND(C719/D719,6),"")
11105	New York-Newark-Jersey City, NY-NJ-PA	38507	1.634	=IF(D720>0,ROUND(C720/D720,6),"")
11106	New York-Newark-Jersey City, NY-NJ-PA	40657	0.857	=IF(D721>0,ROUND(C721/D721,6),"")
11201	New York-Newark-Jersey City, NY-NJ-PA	69251	1.354	=IF(D722>0,ROUND(C722/D722,6),"")
11203	New York-Newark-Jersey City, NY-NJ-PA	76853	2.139	=IF(D723>0,ROUND(C723/D723,6),"")
11204	New York-Newark-Jersey City, NY-NJ-PA	81368	1.595	=IF(D724>0,ROUND(C724/D724,6),"")
11205	New York-Newark-Jersey City, NY-NJ-PA	50205	1.171	=IF(D725>0,ROUND(C725/D725,6),"")
11206	New York-Newark-Jersey City, NY-NJ-PA	89231	1.401	=IF(D726>0,ROUND(C726/D726,6),"")
11207	New York-Newark-Jersey City, NY-NJ-PA	93445	2.72	=IF(D727>0,ROUND(C727/D727,6),"")
11208	New York-Newark-Jersey City, NY-NJ-PA	106901	2.676	=IF(D728>0,ROUND(C728/D728,6),"")
11209	New York-Newark-Jersey City, NY-NJ-PA	70756	2.113	=IF(D729>0,ROUND(C729/D729,6),"")
11210	New York-Newark-Jersey City, NY-NJ-PA	60398	1.649	=IF(D730>0,ROUND(C730/D730,6),"")
11211	New York-Newark-Jersey City, NY-NJ-PA	65691	1.455	=IF(D731>0,ROUND(C731/D731,6),"")
11212	New York-Newark-Jersey City, NY-NJ-PA	87946	1.545	=IF(D732>0,ROUND(C732/D732,6),"")
11213	New York-Newark-Jersey City, NY-NJ-PA	69630	1.076	=IF(D733>0,ROUND(C733/D733,6),"")
11214	New York-Newark-Jersey City, NY-NJ-PA	88994	2.024	=IF(D734>0,ROUND(C734/D734,6),"")
11215	New York-Newark-Jersey City, NY-NJ-PA	70922	2.189	=IF(D735>0,ROUND(C735/D735,6),"")
11216	New York-Newark-Jersey City, NY-NJ-PA	59913	0.962	=IF(D736>0,ROUND(C736/D736,6),"")
11217	New York-Newark-Jersey City, NY-NJ-PA	42569	0.737	=IF(D737>0,ROUND(C737/D737,6),"")
11218	New York-Newark-Jersey City, NY-NJ-PA	71313	1.362	=IF(D738>0,ROUND(C738/D738,6),"")
11219	New York-Newark-Jersey City, NY-NJ-PA	94737	1.492	=IF(D739>0,ROUND(C739/D739,6),"")
11220	New York-Newark-Jersey City, NY-NJ-PA	90792	1.728	=IF(D740>0,ROUND(C740/D740,6),"")
11221	New York-Newark-Jersey City, NY-NJ-PA	90750	1.381	=IF(D741>0,ROUND(C741/D741,6),"")
11222	New York-Newark-Jersey City, NY-NJ-PA	41418	1.523	=IF(D742>0,ROUND(C742/D742,6),"")
11223	New York-Newark-Jersey City, NY-NJ-PA	78566	2.07	=IF(D743>0,ROUND(C743/D743,6),"")
11224	New York-Newark-Jersey City, NY-NJ-PA	48469	1.551	=IF(D744>0,ROUND(C744/D744,6),"")
11225	New York-Newark-Jersey City, NY-NJ-PA	56544	0.875	=IF(D745>0,ROUND(C745/D745,6),"")
11226	New York-Newark-Jersey City, NY-NJ-PA	100022	1.303	=IF(D746>0,ROUND(C746/D746,6),"")
11228	New York-Newark-Jersey City, NY-NJ-PA	42325	1.497	=IF(D747>0,ROUND(C747/D747,6),"")
11229	New York-Newark-Jersey City, NY-NJ-PA	79802	2.007	=IF(D748>0,ROUND(C748/D748,6),"")
11230	New York-Newark-Jersey City, NY-NJ-PA	88252	1.843	=IF(D749>0,ROUND(C749/D749,6),"")
11231	New York-Newark-Jersey City, NY-NJ-PA	39704	1.425	=IF(D750>0,ROUND(C750/D750,6),"")
11232	New York-Newark-Jersey City, NY-NJ-PA	26681	1.241	=IF(D751>0,ROUND(C751/D751,6),"")
11233	New York-Newark-Jersey City, NY-NJ-PA	82711	1.349	=IF(D752>0,ROUND(C752/D752,6),"")
11234	New York-Newark-Jersey City, NY-NJ-PA	87778	7.384	=IF(D753>0,ROUND(C753/D753,6),"")
11235	New York-Newark-Jersey City, NY-NJ-PA	81958	2.457	=IF(D754>0,ROUND(C754/D754,6),"")
11236	New York-Newark-Jersey City, NY-NJ-PA	95174	3.564	=IF(D755>0,ROUND(C755/D755,6),"")
11237	New York-Newark-Jersey City, NY-NJ-PA	45233	0.996	=IF(D756>0,ROUND(C756/D756,6),"")
11238	New York-Newark-Jersey City, NY-NJ-PA	58462	1.849	=IF(D757>0,ROUND(C757/D757,6),"")
11239	New York-Newark-Jersey City, NY-NJ-PA	16047	1.717	=IF(D758>0,ROUND(C758/D758,6),"")
11249	New York-Newark-Jersey City, NY-NJ-PA	45353	0.715	=IF(D759>0,ROUND(C759/D759,6),"")
11354	New York-Newark-Jersey City, NY-NJ-PA	52325	2.152	=IF(D760>0,ROUND(C760/D760,6),"")
11355	New York-Newark-Jersey City, NY-NJ-PA	79802	1.717	=IF(D761>0,ROUND(C761/D761,6),"")
11356	New York-Newark-Jersey City, NY-NJ-PA	26956	1.581	=IF(D762>0,ROUND(C762/D762,6),"")
11357	New York-Newark-Jersey City, NY-NJ-PA	42341	2.832	=IF(D763>0,ROUND(C763/D763,6),"")
11358	New York-Newark-Jersey City, NY-NJ-PA	36496	1.957	=IF(D764>0,ROUND(C764/D764,6),"")
11360	New York-Newark-Jersey City, NY-NJ-PA	19510	1.378	=IF(D765>0,ROUND(C765/D765,6),"")
11361	New York-Newark-Jersey City, NY-NJ-PA	30402	1.714	=IF(D766>0,ROUND(C766/D766,6),"")
11362	New York-Newark-Jersey City, NY-NJ-PA	18156	2.077	=IF(D767>0,ROUND(C767/D767,6),"")
11363	New York-Newark-Jersey City, NY-NJ-PA	7515	0.865	=IF(D768>0,ROUND(C768/D768,6),"")
11364	New York-Newark-Jersey City, NY-NJ-PA	36417	2.509	=IF(D769>0,ROUND(C769/D769,6),"")
11365	New York-Newark-Jersey City, NY-NJ-PA	43258	2.488	=IF(D770>0,ROUND(C770/D770,6),"")
11366	New York-Newark-Jersey City, NY-NJ-PA	12967	1.524	=IF(D771>0,ROUND(C771/D771,6),"")
11367	New York-Newark-Jersey City, NY-NJ-PA	42210	1.911	=IF(D772>0,ROUND(C772/D772,6),"")
11368	New York-Newark-Jersey City, NY-NJ-PA	107060	2.634	=IF(D773>0,ROUND(C773/D773,6),"")
11369	New York-Newark-Jersey City, NY-NJ-PA	33354	1.084	=IF(D774>0,ROUND(C774/D774,6),"")
11370	New York-Newark-Jersey City, NY-NJ-PA	28762	1.543	=IF(D775>0,ROUND(C775/D775,6),"")
11372	New York-Newark-Jersey City, NY-NJ-PA	66995	0.739	=IF(D776>0,ROUND(C776/D776,6),"")
11373	New York-Newark-Jersey City, NY-NJ-PA	99433	1.512	=IF(D777>0,ROUND(C777/D777,6),"")
11374	New York-Newark-Jersey City, NY-NJ-PA	46128	0.944	=IF(D778>0,ROUND(C778/D778,6),"")
11375	New York-Newark-Jersey City, NY-NJ-PA	75320	2.421	=IF(D779>0,ROUND(C779/D779,6),"")
11377	New York-Newark-Jersey City, NY-NJ-PA	83545	2.532	=IF(D780>0,ROUND(C780/D780,6),"")
11378	New York-Newark-Jersey City, NY-NJ-PA	37828	2.435	=IF(D781>0,ROUND(C781/D781,6),"")
11379	New York-Newark-Jersey City, NY-NJ-PA	37378	2.216	=IF(D782>0,ROUND(C782/D782,6),"")
11385	New York-Newark-Jersey City, NY-NJ-PA	103865	3.615	=IF(D783>0,ROUND(C783/D783,6),"")
11411	New York-Newark-Jersey City, NY-NJ-PA	20501	1.179	=IF(D784>0,ROUND(C784/D784,6),"")
11412	New York-Newark-Jersey City, NY-NJ-PA	41350	1.645	=IF(D785>0,ROUND(C785/D785,6),"")
11413	New York-Newark-Jersey City, NY-NJ-PA	45072	3.016	=IF(D786>0,ROUND(C786/D786,6),"")
11414	New York-Newark-Jersey City, NY-NJ-PA	31090	2.309	=IF(D787>0,ROUND(C787/D787,6),"")
11415	New York-Newark-Jersey City, NY-NJ-PA	21379	0.56	=IF(D788>0,ROUND(C788/D788,6),"")
11416	New York-Newark-Jersey City, NY-NJ-PA	26660	0.66	=IF(D789>0,ROUND(C789/D789,6),"")
11417	New York-Newark-Jersey City, NY-NJ-PA	30091	1.113	=IF(D790>0,ROUND(C790/D790,6),"")
11418	New York-Newark-Jersey City, NY-NJ-PA	36304	1.66	=IF(D791>0,ROUND(C791/D791,6),"")
11419	New York-Newark-Jersey City, NY-NJ-PA	46938	1.127	=IF(D792>0,ROUND(C792/D792,6),"")
11420	New York-Newark-Jersey City, NY-NJ-PA	50060	2.108	=IF(D793>0,ROUND(C793/D793,6),"")
11421	New York-Newark-Jersey City, NY-NJ-PA	41937	1.285	=IF(D794>0,ROUND(C794/D794,6),"")
11422	New York-Newark-Jersey City, NY-NJ-PA	33085	2.099	=IF(D795>0,ROUND(C795/D795,6),"")
11423	New York-Newark-Jersey City, NY-NJ-PA	29105	1.407	=IF(D796>0,ROUND(C796/D796,6),"")
11426	New York-Newark-Jersey City, NY-NJ-PA	19638	1.373	=IF(D797>0,ROUND(C797/D797,6),"")
11427	New York-Newark-Jersey City, NY-NJ-PA	25124	1.569	=IF(D798>0,ROUND(C798/D798,6),"")
11428	New York-Newark-Jersey City, NY-NJ-PA	18898	0.832	=IF(D799>0,ROUND(C799/D799,6),"")
11429	New York-Newark-Jersey City, NY-NJ-PA	27933	1.321	=IF(D800>0,ROUND(C800/D800,6),"")
11432	New York-Newark-Jersey City, NY-NJ-PA	63730	2.023	=IF(D801>0,ROUND(C801/D801,6),"")
11433	New York-Newark-Jersey City, NY-NJ-PA	37777	1.531	=IF(D802>0,ROUND(C802/D802,6),"")
11434	New York-Newark-Jersey City, NY-NJ-PA	67611	3.245	=IF(D803>0,ROUND(C803/D803,6),"")
11435	New York-Newark-Jersey City, NY-NJ-PA	58424	1.511	=IF(D804>0,ROUND(C804/D804,6),"")
11436	New York-Newark-Jersey City, NY-NJ-PA	21364	0.798	=IF(D805>0,ROUND(C805/D805,6),"")
11501	New York-Newark-Jersey City, NY-NJ-PA	21590	2.035	=IF(D806>0,ROUND(C806/D806,6),"")
11507	New York-Newark-Jersey City, NY-NJ-PA	6581	1.056	=IF(D807>0,ROUND(C807/D807,6),"")
11509	New York-Newark-Jersey City, NY-NJ-PA	1747	0.841	=IF(D808>0,ROUND(C808/D808,6),"")
11510	New York-Newark-Jersey City, NY-NJ-PA	34814	4.152	=IF(D809>0,ROUND(C809/D809,6),"")
11514	New York-Newark-Jersey City, NY-NJ-PA	4421	0.905	=IF(D810>0,ROUND(C810/D810,6),"")
11516	New York-Newark-Jersey City, NY-NJ-PA	8733	0.92	=IF(D811>0,ROUND(C811/D811,6),"")
11518	New York-Newark-Jersey City, NY-NJ-PA	10390	1.396	=IF(D812>0,ROUND(C812/D812,6),"")
11520	New York-Newark-Jersey City, NY-NJ-PA	44873	5.06	=IF(D813>0,ROUND(C813/D813,6),"")
11530	New York-Newark-Jersey City, NY-NJ-PA	28041	7.235	=IF(D814>0,ROUND(C814/D814,6),"")
11542	New York-Newark-Jersey City, NY-NJ-PA	29020	6.72	=IF(D815>0,ROUND(C815/D815,6),"")
11545	New York-Newark-Jersey City, NY-NJ-PA	11963	11.454	=IF(D816>0,ROUND(C816/D816,6),"")
11547	New York-Newark-Jersey City, NY-NJ-PA	788	0.46	=IF(D817>0,ROUND(C817/D817,6),"")
11548	New York-Newark-Jersey City, NY-NJ-PA	2171	0.965	=IF(D818>0,ROUND(C818/D818,6),"")
11550	New York-Newark-Jersey City, NY-NJ-PA	60658	4.209	=IF(D819>0,ROUND(C819/D819,6),"")
11552	New York-Newark-Jersey City, NY-NJ-PA	26053	3.494	=IF(D820>0,ROUND(C820/D820,6),"")
11553	New York-Newark-Jersey City, NY-NJ-PA	28344	3.238	=IF(D821>0,ROUND(C821/D821,6),"")
11554	New York-Newark-Jersey City, NY-NJ-PA	35806	6.303	=IF(D822>0,ROUND(C822/D822,6),"")
11557	New York-Newark-Jersey City, NY-NJ-PA	8503	2.039	=IF(D823>0,ROUND(C823/D823,6),"")
11558	New York-Newark-Jersey City, NY-NJ-PA	8532	1.485	=IF(D824>0,ROUND(C824/D824,6),"")
11559	New York-Newark-Jersey City, NY-NJ-PA	9130	4.158	=IF(D825>0,ROUND(C825/D825,6),"")
11560	New York-Newark-Jersey City, NY-NJ-PA	6951	7.466	=IF(D826>0,ROUND(C826/D826,6),"")
11561	New York-Newark-Jersey City, NY-NJ-PA	38847	4.012	=IF(D827>0,ROUND(C827/D827,6),"")
11563	New York-Newark-Jersey City, NY-NJ-PA	22558	2.324	=IF(D828>0,ROUND(C828/D828,6),"")
11565	New York-Newark-Jersey City, NY-NJ-PA	8908	1.129	=IF(D829>0,ROUND(C829/D829,6),"")
11566	New York-Newark-Jersey City, NY-NJ-PA	35172	5.433	=IF(D830>0,ROUND(C830/D830,6),"")
11568	New York-Newark-Jersey City, NY-NJ-PA	4198	8.667	=IF(D831>0,ROUND(C831/D831,6),"")
11569	New York-Newark-Jersey City, NY-NJ-PA	996	0.28	=IF(D832>0,ROUND(C832/D832,6),"")
11570	New York-Newark-Jersey City, NY-NJ-PA	28162	3.588	=IF(D833>0,ROUND(C833/D833,6),"")
11572	New York-Newark-Jersey City, NY-NJ-PA	30627	4.768	=IF(D834>0,ROUND(C834/D834,6),"")
11575	New York-Newark-Jersey City, NY-NJ-PA	19430	1.779	=IF(D835>0,ROUND(C835/D835,6),"")
11576	New York-Newark-Jersey City, NY-NJ-PA	12796	4.607	=IF(D836>0,ROUND(C836/D836,6),"")
11577	New York-Newark-Jersey City, NY-NJ-PA	12771	2.952	=IF(D837>0,ROUND(C837/D837,6),"")
11579	New York-Newark-Jersey City, NY-NJ-PA	5037	1.113	=IF(D838>0,ROUND(C838/D838,6),"")
11580	New York-Newark-Jersey City, NY-NJ-PA	42644	3.888	=IF(D839>0,ROUND(C839/D839,6),"")
11581	New York-Newark-Jersey City, NY-NJ-PA	22652	2.724	=IF(D840>0,ROUND(C840/D840,6),"")
11590	New York-Newark-Jersey City, NY-NJ-PA	48243	6.704	=IF(D841>0,ROUND(C841/D841,6),"")
11596	New York-Newark-Jersey City, NY-NJ-PA	10378	1.323	=IF(D842>0,ROUND(C842/D842,6),"")
11598	New York-Newark-Jersey City, NY-NJ-PA	14316	1.936	=IF(D843>0,ROUND(C843/D843,6),"")
11691	New York-Newark-Jersey City, NY-NJ-PA	68704	2.683	=IF(D844>0,ROUND(C844/D844,6),"")
11692	New York-Newark-Jersey City, NY-NJ-PA	23247	1.016	=IF(D845>0,ROUND(C845/D845,6),"")
11693	New York-Newark-Jersey City, NY-NJ-PA	13066	0.989	=IF(D846>0,ROUND(C846/D846,6),"")
11694	New York-Newark-Jersey City, NY-NJ-PA	21430	1.747	=IF(D847>0,ROUND(C847/D847,6),"")
11701	New York-Newark-Jersey City, NY-NJ-PA	28174	4.639	=IF(D848>0,ROUND(C848/D848,6),"")
11702	New York-Newark-Jersey City, NY-NJ-PA	14002	11.519	=IF(D849>0,ROUND(C849/D849,6),"")
11703	New York-Newark-Jersey City, NY-NJ-PA	17205	3.047	=IF(D850>0,ROUND(C850/D850,6),"")
11704	New York-Newark-Jersey City, NY-NJ-PA	40285	7.89	=IF(D851>0,ROUND(C851/D851,6),"")
11705	New York-Newark-Jersey City, NY-NJ-PA	8256	3.39	=IF(D852>0,ROUND(C852/D852,6),"")
11706	New York-Newark-Jersey City, NY-NJ-PA	68648	16.931	=IF(D853>0,ROUND(C853/D853,6),"")
11709	New York-Newark-Jersey City, NY-NJ-PA	6744	1.485	=IF(D854>0,ROUND(C854/D854,6),"")
11710	New York-Newark-Jersey City, NY-NJ-PA	34459	4.864	=IF(D855>0,ROUND(C855/D855,6),"")
11713	New York-Newark-Jersey City, NY-NJ-PA	9236	5.583	=IF(D856>0,ROUND(C856/D856,6),"")
11714	New York-Newark-Jersey City, NY-NJ-PA	22475	4.225	=IF(D857>0,ROUND(C857/D857,6),"")
11715	New York-Newark-Jersey City, NY-NJ-PA	3796	1.698	=IF(D858>0,ROUND(C858/D858,6),"")
11716	New York-Newark-Jersey City, NY-NJ-PA	9750	8.64	=IF(D859>0,ROUND(C859/D859,6),"")
11718	New York-Newark-Jersey City, NY-NJ-PA	3185	0.937	=IF(D860>0,ROUND(C860/D860,6),"")
11719	New York-Newark-Jersey City, NY-NJ-PA	3300	5.339	=IF(D861>0,ROUND(C861/D861,6),"")
11720	New York-Newark-Jersey City, NY-NJ-PA	28669	8.238	=IF(D862>0,ROUND(C862/D862,6),"")
11721	New York-Newark-Jersey City, NY-NJ-PA	6620	2.509	=IF(D863>0,ROUND(C863/D863,6),"")
11722	New York-Newark-Jersey City, NY-NJ-PA	38443	6.968	=IF(D864>0,ROUND(C864/D864,6),"")
11724	New York-Newark-Jersey City, NY-NJ-PA	2956	3.861	=IF(D865>0,ROUND(C865/D865,6),"")
11725	New York-Newark-Jersey City, NY-NJ-PA	29050	9.71	=IF(D866>0,ROUND(C866/D866,6),"")
11726	New York-Newark-Jersey City, NY-NJ-PA	21940	2.532	=IF(D867>0,ROUND(C867/D867,6),"")
11727	New York-Newark-Jersey City, NY-NJ-PA	29393	9.394	=IF(D868>0,ROUND(C868/D868,6),"")
11729	New York-Newark-Jersey City, NY-NJ-PA	26647	6.197	=IF(D869>0,ROUND(C869/D869,6),"")
11730	New York-Newark-Jersey City, NY-NJ-PA	14376	4.496	=IF(D870>0,ROUND(C870/D870,6),"")
11731	New York-Newark-Jersey City, NY-NJ-PA	29891	8.321	=IF(D871>0,ROUND(C871/D871,6),"")
11732	New York-Newark-Jersey City, NY-NJ-PA	3546	2.162	=IF(D872>0,ROUND(C872/D872,6),"")
11733	New York-Newark-Jersey City, NY-NJ-PA	17403	11.74	=IF(D873>0,ROUND(C873/D873,6),"")
11735	New York-Newark-Jersey City, NY-NJ-PA	32778	10.736	=IF(D874>0,ROUND(C874/D874,6),"")
11738	New York-Newark-Jersey City, NY-NJ-PA	20246	5.005	=IF(D875>0,ROUND(C875/D875,6),"")
11739	New York-Newark-Jersey City, NY-NJ-PA	1191	3.553	=IF(D876>0,ROUND(C876/D876,6),"")
11740	New York-Newark-Jersey City, NY-NJ-PA	10699	3.663	=IF(D877>0,ROUND(C877/D877,6),"")
11741	New York-Newark-Jersey City, NY-NJ-PA	26356	7.507	=IF(D878>0,ROUND(C878/D878,6),"")
11742	New York-Newark-Jersey City, NY-NJ-PA	13194	5.149	=IF(D879>0,ROUND(C879/D879,6),"")
11743	New York-Newark-Jersey City, NY-NJ-PA	42423	25.667	=IF(D880>0,ROUND(C880/D880,6),"")
11746	New York-Newark-Jersey City, NY-NJ-PA	66883	24.115	=IF(D881>0,ROUND(C881/D881,6),"")
11747	New York-Newark-Jersey City, NY-NJ-PA	19826	12.595	=IF(D882>0,ROUND(C882/D882,6),"")
11749	New York-Newark-Jersey City, NY-NJ-PA	3581	2.187	=IF(D883>0,ROUND(C883/D883,6),"")
11751	New York-Newark-Jersey City, NY-NJ-PA	13152	3.966	=IF(D884>0,ROUND(C884/D884,6),"")
11752	New York-Newark-Jersey City, NY-NJ-PA	8990	4.039	=IF(D885>0,ROUND(C885/D885,6),"")
11753	New York-Newark-Jersey City, NY-NJ-PA	12729	3.964	=IF(D886>0,ROUND(C886/D886,6),"")
11754	New York-Newark-Jersey City, NY-NJ-PA	17660	7.363	=IF(D887>0,ROUND(C887/D887,6),"")
11755	New York-Newark-Jersey City, NY-NJ-PA	11953	3.269	=IF(D888>0,ROUND(C888/D888,6),"")
11756	New York-Newark-Jersey City, NY-NJ-PA	42553	5.529	=IF(D889>0,ROUND(C889/D889,6),"")
11757	New York-Newark-Jersey City, NY-NJ-PA	44571	6.81	=IF(D890>0,ROUND(C890/D890,6),"")
11758	New York-Newark-Jersey City, NY-NJ-PA	54741	11.991	=IF(D891>0,ROUND(C891/D891,6),"")
11762	New York-Newark-Jersey City, NY-NJ-PA	22447	3.22	=IF(D892>0,ROUND(C892/D892,6),"")
11763	New York-Newark-Jersey City, NY-NJ-PA	30235	13.756	=IF(D893>0,ROUND(C893/D893,6),"")
11764	New York-Newark-Jersey City, NY-NJ-PA	12530	9.18	=IF(D894>0,ROUND(C894/D894,6),"")
11765	New York-Newark-Jersey City, NY-NJ-PA	808	2.258	=IF(D895>0,ROUND(C895/D895,6),"")
11766	New York-Newark-Jersey City, NY-NJ-PA	11481	6.027	=IF(D896>0,ROUND(C896/D896,6),"")
11767	New York-Newark-Jersey City, NY-NJ-PA	14495	4.333	=IF(D897>0,ROUND(C897/D897,6),"")
11768	New York-Newark-Jersey City, NY-NJ-PA	21908	15.098	=IF(D898>0,ROUND(C898/D898,6),"")
11769	New York-Newark-Jersey City, NY-NJ-PA	9031	4.357	=IF(D899>0,ROUND(C899/D899,6),"")
11770	New York-Newark-Jersey City, NY-NJ-PA	124	0.604	=IF(D900>0,ROUND(C900/D900,6),"")
11771	New York-Newark-Jersey City, NY-NJ-PA	10173	10.84	=IF(D901>0,ROUND(C901/D901,6),"")
11772	New York-Newark-Jersey City, NY-NJ-PA	45006	16.132	=IF(D902>0,ROUND(C902/D902,6),"")
11776	New York-Newark-Jersey City, NY-NJ-PA	23629	7.148	=IF(D903>0,ROUND(C903/D903,6),"")
11777	New York-Newark-Jersey City, NY-NJ-PA	9347	4.392	=IF(D904>0,ROUND(C904/D904,6),"")
11778	New York-Newark-Jersey City, NY-NJ-PA	12919	6.741	=IF(D905>0,ROUND(C905/D905,6),"")
11779	New York-Newark-Jersey City, NY-NJ-PA	38273	12.47	=IF(D906>0,ROUND(C906/D906,6),"")
11780	New York-Newark-Jersey City, NY-NJ-PA	15586	11.503	=IF(D907>0,ROUND(C907/D907,6),"")
11782	New York-Newark-Jersey City, NY-NJ-PA	14537	5.554	=IF(D908>0,ROUND(C908/D908,6),"")
11783	New York-Newark-Jersey City, NY-NJ-PA	21588	3.542	=IF(D909>0,ROUND(C909/D909,6),"")
11784	New York-Newark-Jersey City, NY-NJ-PA	25986	5.479	=IF(D910>0,ROUND(C910/D910,6),"")
11786	New York-Newark-Jersey City, NY-NJ-PA	6348	4.847	=IF(D911>0,ROUND(C911/D911,6),"")
11787	New York-Newark-Jersey City, NY-NJ-PA	34656	14.899	=IF(D912>0,ROUND(C912/D912,6),"")
11788	New York-Newark-Jersey City, NY-NJ-PA	17092	8.604	=IF(D913>0,ROUND(C913/D913,6),"")
11789	New York-Newark-Jersey City, NY-NJ-PA	7447	1.692	=IF(D914>0,ROUND(C914/D914,6),"")
11790	New York-Newark-Jersey City, NY-NJ-PA	19934	7.294	=IF(D915>0,ROUND(C915/D915,6),"")
11791	New York-Newark-Jersey City, NY-NJ-PA	25194	12.513	=IF(D916>0,ROUND(C916/D916,6),"")
11792	New York-Newark-Jersey City, NY-NJ-PA	8562	9.89	=IF(D917>0,ROUND(C917/D917,6),"")
11793	New York-Newark-Jersey City, NY-NJ-PA	31497	9.857	=IF(D918>0,ROUND(C918/D918,6),"")
11795	New York-Newark-Jersey City, NY-NJ-PA	25063	5.692	=IF(D919>0,ROUND(C919/D919,6),"")
11796	New York-Newark-Jersey City, NY-NJ-PA	3715	1.248	=IF(D920>0,ROUND(C920/D920,6),"")
11797	New York-Newark-Jersey City, NY-NJ-PA	9338	5.096	=IF(D921>0,ROUND(C921/D921,6),"")
11801	New York-Newark-Jersey City, NY-NJ-PA	41792	6.675	=IF(D922>0,ROUND(C922/D922,6),"")
11803	New York-Newark-Jersey City, NY-NJ-PA	30219	6.16	=IF(D923>0,ROUND(C923/D923,6),"")
11804	New York-Newark-Jersey City, NY-NJ-PA	4613	2.821	=IF(D924>0,ROUND(C924/D924,6),"")
11901	New York-Newark-Jersey City, NY-NJ-PA	32921	56.701	=IF(D925>0,ROUND(C925/D925,6),"")
11930	New York-Newark-Jersey City, NY-NJ-PA	689	8.589	=IF(D926>0,ROUND(C926/D926,6),"")
11932	New York-Newark-Jersey City, NY-NJ-PA	696	7.241	=IF(D927>0,ROUND(C927/D927,6),"")
11933	New York-Newark-Jersey City, NY-NJ-PA	6784	25.378	=IF(D928>0,ROUND(C928/D928,6),"")
11934	New York-Newark-Jersey City, NY-NJ-PA	8222	5.537	=IF(D929>0,ROUND(C929/D929,6),"")
11935	New York-Newark-Jersey City, NY-NJ-PA	2946	10.324	=IF(D930>0,ROUND(C930/D930,6),"")
11937	New York-Newark-Jersey City, NY-NJ-PA	21806	37.099	=IF(D931>0,ROUND(C931/D931,6),"")
11939	New York-Newark-Jersey City, NY-NJ-PA	1741	2.238	=IF(D932>0,ROUND(C932/D932,6),"")
11940	New York-Newark-Jersey City, NY-NJ-PA	5508	5.011	=IF(D933>0,ROUND(C933/D933,6),"")
11941	New York-Newark-Jersey City, NY-NJ-PA	2472	4.104	=IF(D934>0,ROUND(C934/D934,6),"")
11942	New York-Newark-Jersey City, NY-NJ-PA	5871	8.487	=IF(D935>0,ROUND(C935/D935,6),"")
11944	New York-Newark-Jersey City, NY-NJ-PA	4744	4.069	=IF(D936>0,ROUND(C936/D936,6),"")
11946	New York-Newark-Jersey City, NY-NJ-PA	17303	13.501	=IF(D937>0,ROUND(C937/D937,6),"")
11948	New York-Newark-Jersey City, NY-NJ-PA	775	2.804	=IF(D938>0,ROUND(C938/D938,6),"")
11949	New York-Newark-Jersey City, NY-NJ-PA	13159	36.625	=IF(D939>0,ROUND(C939/D939,6),"")
11950	New York-Newark-Jersey City, NY-NJ-PA	16944	3.698	=IF(D940>0,ROUND(C940/D940,6),"")
11952	New York-Newark-Jersey City, NY-NJ-PA	4749	9.285	=IF(D941>0,ROUND(C941/D941,6),"")
11953	New York-Newark-Jersey City, NY-NJ-PA	13383	10.314	=IF(D942>0,ROUND(C942/D942,6),"")
11954	New York-Newark-Jersey City, NY-NJ-PA	4073	18.53	=IF(D943>0,ROUND(C943/D943,6),"")
11955	New York-Newark-Jersey City, NY-NJ-PA	2626	2.232	=IF(D944>0,ROUND(C944/D944,6),"")
11957	New York-Newark-Jersey City, NY-NJ-PA	1152	6.471	=IF(D945>0,ROUND(C945/D945,6),"")
11958	New York-Newark-Jersey City, NY-NJ-PA	864	2.929	=IF(D946>0,ROUND(C946/D946,6),"")
11959	New York-Newark-Jersey City, NY-NJ-PA	576	6.116	=IF(D947>0,ROUND(C947/D947,6),"")
11960	New York-Newark-Jersey City, NY-NJ-PA	1037	1.987	=IF(D948>0,ROUND(C948/D948,6),"")
11961	New York-Newark-Jersey City, NY-NJ-PA	12436	15.033	=IF(D949>0,ROUND(C949/D949,6),"")
11962	New York-Newark-Jersey City, NY-NJ-PA	546	5.872	=IF(D950>0,ROUND(C950/D950,6),"")
11963	New York-Newark-Jersey City, NY-NJ-PA	8114	14.534	=IF(D951>0,ROUND(C951/D951,6),"")
11964	New York-Newark-Jersey City, NY-NJ-PA	2858	9.375	=IF(D952>0,ROUND(C952/D952,6),"")
11965	New York-Newark-Jersey City, NY-NJ-PA	421	2.741	=IF(D953>0,ROUND(C953/D953,6),"")
11967	New York-Newark-Jersey City, NY-NJ-PA	27266	13.212	=IF(D954>0,ROUND(C954/D954,6),"")
11968	New York-Newark-Jersey City, NY-NJ-PA	14263	26.675	=IF(D955>0,ROUND(C955/D955,6),"")
11971	New York-Newark-Jersey City, NY-NJ-PA	6507	10.961	=IF(D956>0,ROUND(C956/D956,6),"")
11972	New York-Newark-Jersey City, NY-NJ-PA	309	0.804	=IF(D957>0,ROUND(C957/D957,6),"")
11975	New York-Newark-Jersey City, NY-NJ-PA	423	4.054	=IF(D958>0,ROUND(C958/D958,6),"")
11976	New York-Newark-Jersey City, NY-NJ-PA	2447	12.97	=IF(D959>0,ROUND(C959/D959,6),"")
11977	New York-Newark-Jersey City, NY-NJ-PA	2782	5.753	=IF(D960>0,ROUND(C960/D960,6),"")
11978	New York-Newark-Jersey City, NY-NJ-PA	4376	10.167	=IF(D961>0,ROUND(C961/D961,6),"")
11980	New York-Newark-Jersey City, NY-NJ-PA	5138	12.034	=IF(D962>0,ROUND(C962/D962,6),"")
12501	Poughkeepsie-Newburgh-Middletown, NY	2374	32.358	=IF(D963>0,ROUND(C963/D963,6),"")
12508	Poughkeepsie-Newburgh-Middletown, NY	19519	14.429	=IF(D964>0,ROUND(C964/D964,6),"")
12514	Poughkeepsie-Newburgh-Middletown, NY	3120	27.282	=IF(D965>0,ROUND(C965/D965,6),"")
12518	Poughkeepsie-Newburgh-Middletown, NY	5728	7.958	=IF(D966>0,ROUND(C966/D966,6),"")
12520	Poughkeepsie-Newburgh-Middletown, NY	3088	4.136	=IF(D967>0,ROUND(C967/D967,6),"")
12522	Poughkeepsie-Newburgh-Middletown, NY	5074	37.475	=IF(D968>0,ROUND(C968/D968,6),"")
12524	Poughkeepsie-Newburgh-Middletown, NY	15079	16.705	=IF(D969>0,ROUND(C969/D969,6),"")
12531	Poughkeepsie-Newburgh-Middletown, NY	2316	17.432	=IF(D970>0,ROUND(C970/D970,6),"")
12533	Poughkeepsie-Newburgh-Middletown, NY	26770	48.902	=IF(D971>0,ROUND(C971/D971,6),"")
12538	Poughkeepsie-Newburgh-Middletown, NY	14104	25.488	=IF(D972>0,ROUND(C972/D972,6),"")
12540	Poughkeepsie-Newburgh-Middletown, NY	9314	35.294	=IF(D973>0,ROUND(C973/D973,6),"")
12543	Poughkeepsie-Newburgh-Middletown, NY	3147	1.533	=IF(D974>0,ROUND(C974/D974,6),"")
12545	Poughkeepsie-Newburgh-Middletown, NY	4389	56.654	=IF(D975>0,ROUND(C975/D975,6),"")
12546	Poughkeepsie-Newburgh-Middletown, NY	2710	45.387	=IF(D976>0,ROUND(C976/D976,6),"")
12549	Poughkeepsie-Newburgh-Middletown, NY	10896	38.749	=IF(D977>0,ROUND(C977/D977,6),"")
12550	Poughkeepsie-Newburgh-Middletown, NY	54996	34.678	=IF(D978>0,ROUND(C978/D978,6),"")
12553	Poughkeepsie-Newburgh-Middletown, NY	27300	24.166	=IF(D979>0,ROUND(C979/D979,6),"")
12563	New York-Newark-Jersey City, NY-NJ-PA	7456	23.483	=IF(D980>0,ROUND(C980/D980,6),"")
12564	Poughkeepsie-Newburgh-Middletown, NY	7910	41.369	=IF(D981>0,ROUND(C981/D981,6),"")
12567	Poughkeepsie-Newburgh-Middletown, NY	2498	46.029	=IF(D982>0,ROUND(C982/D982,6),"")
12569	Poughkeepsie-Newburgh-Middletown, NY	9766	33.31	=IF(D983>0,ROUND(C983/D983,6),"")
12570	Poughkeepsie-Newburgh-Middletown, NY	6324	19.859	=IF(D984>0,ROUND(C984/D984,6),"")
12571	Poughkeepsie-Newburgh-Middletown, NY	10168	58.127	=IF(D985>0,ROUND(C985/D985,6),"")
12572	Poughkeepsie-Newburgh-Middletown, NY	9168	51.039	=IF(D986>0,ROUND(C986/D986,6),"")
12574	Poughkeepsie-Newburgh-Middletown, NY	422	0.512	=IF(D987>0,ROUND(C987/D987,6),"")
12575	Poughkeepsie-Newburgh-Middletown, NY	1743	16.049	=IF(D988>0,ROUND(C988/D988,6),"")
12577	Poughkeepsie-Newburgh-Middletown, NY	1613	7.722	=IF(D989>0,ROUND(C989/D989,6),"")
12578	Poughkeepsie-Newburgh-Middletown, NY	2306	14.44	=IF(D990>0,ROUND(C990/D990,6),"")
12580	Poughkeepsie-Newburgh-Middletown, NY	4169	22.179	=IF(D991>0,ROUND(C991/D991,6),"")
12581	Poughkeepsie-Newburgh-Middletown, NY	1928	38.986	=IF(D992>0,ROUND(C992/D992,6),"")
12582	Poughkeepsie-Newburgh-Middletown, NY	6157	14.154	=IF(D993>0,ROUND(C993/D993,6),"")
12585	Poughkeepsie-Newburgh-Middletown, NY	1252	4.69	=IF(D994>0,ROUND(C994/D994,6),"")
12586	Poughkeepsie-Newburgh-Middletown, NY	12874	23.754	=IF(D995>0,ROUND(C995/D995,6),"")
12590	Poughkeepsie-Newburgh-Middletown, NY	35823	34.829	=IF(D996>0,ROUND(C996/D996,6),"")
12592	Poughkeepsie-Newburgh-Middletown, NY	1280	14.852	=IF(D997>0,ROUND(C997/D997,6),"")
12594	Poughkeepsie-Newburgh-Middletown, NY	3645	23.057	=IF(D998>0,ROUND(C998/D998,6),"")
12601	Poughkeepsie-Newburgh-Middletown, NY	44696	18.264	=IF(D999>0,ROUND(C999/D999,6),"")
12603	Poughkeepsie-Newburgh-Middletown, NY	41513	31.878	=IF(D1000>0,ROUND(C1000/D1000,6),"")
12721	Poughkeepsie-Newburgh-Middletown, NY	7590	24.669	=IF(D1001>0,ROUND(C1001/D1001,6),"")
12729	Poughkeepsie-Newburgh-Middletown, NY	1307	22.093	=IF(D1002>0,ROUND(C1002/D1002,6),"")
12746	Poughkeepsie-Newburgh-Middletown, NY	598	20.533	=IF(D1003>0,ROUND(C1003/D1003,6),"")
12771	Poughkeepsie-Newburgh-Middletown, NY	14345	34.568	=IF(D1004>0,ROUND(C1004/D1004,6),"")
12780	Poughkeepsie-Newburgh-Middletown, NY	2245	24.666	=IF(D1005>0,ROUND(C1005/D1005,6),"")
12785	Poughkeepsie-Newburgh-Middletown, NY	968	13.586	=IF(D1006>0,ROUND(C1006/D1006,6),"")
17022	Lancaster, PA	32066	54.954	=IF(D1007>0,ROUND(C1007/D1007,6),"")
17087	Reading, PA	2444	12.744	=IF(D1008>0,ROUND(C1008/D1008,6),"")
17301	Gettysburg, PA	4122	11.876	=IF(D1009>0,ROUND(C1009/D1009,6),"")
17304	Gettysburg, PA	3039	24.323	=IF(D1010>0,ROUND(C1010/D1010,6),"")
17306	Gettysburg, PA	538	0.244	=IF(D1011>0,ROUND(C1011/D1011,6),"")
17307	Gettysburg, PA	5677	59.304	=IF(D1012>0,ROUND(C1012/D1012,6),"")
17316	Gettysburg, PA	8460	40.954	=IF(D1013>0,ROUND(C1013/D1013,6),"")
17320	Gettysburg, PA	8103	57.013	=IF(D1014>0,ROUND(C1014/D1014,6),"")
17325	Gettysburg, PA	29857	125.976	=IF(D1015>0,ROUND(C1015/D1015,6),"")
17340	Gettysburg, PA	11403	39.386	=IF(D1016>0,ROUND(C1016/D1016,6),"")
17344	Gettysburg, PA	3770	0.748	=IF(D1017>0,ROUND(C1017/D1017,6),"")
17350	Gettysburg, PA	13219	44.21	=IF(D1018>0,ROUND(C1018/D1018,6),"")
17353	Gettysburg, PA	2745	38.734	=IF(D1019>0,ROUND(C1019/D1019,6),"")
17372	Gettysburg, PA	3845	33.695	=IF(D1020>0,ROUND(C1020/D1020,6),"")
17501	Lancaster, PA	4823	1.537	=IF(D1021>0,ROUND(C1021/D1021,6),"")
17502	Lancaster, PA	2453	10.671	=IF(D1022>0,ROUND(C1022/D1022,6),"")
17505	Lancaster, PA	2036	7.411	=IF(D1023>0,ROUND(C1023/D1023,6),"")
17508	Lancaster, PA	1027	0.284	=IF(D1024>0,ROUND(C1024/D1024,6),"")
17509	Lancaster, PA	5028	26.095	=IF(D1025>0,ROUND(C1025/D1025,6),"")
17512	Lancaster, PA	18235	16.009	=IF(D1026>0,ROUND(C1026/D1026,6),"")
17516	Lancaster, PA	5241	20.529	=IF(D1027>0,ROUND(C1027/D1027,6),"")
17517	Lancaster, PA	15045	35.547	=IF(D1028>0,ROUND(C1028/D1028,6),"")
17518	Lancaster, PA	1371	13.813	=IF(D1029>0,ROUND(C1029/D1029,6),"")
17519	Lancaster, PA	6868	21.55	=IF(D1030>0,ROUND(C1030/D1030,6),"")
17520	Lancaster, PA	5001	1.834	=IF(D1031>0,ROUND(C1031/D1031,6),"")
17522	Lancaster, PA	33601	43.012	=IF(D1032>0,ROUND(C1032/D1032,6),"")
17527	Lancaster, PA	6479	21.024	=IF(D1033>0,ROUND(C1033/D1033,6),"")
17529	Lancaster, PA	4924	14.673	=IF(D1034>0,ROUND(C1034/D1034,6),"")
17532	Lancaster, PA	3345	21.394	=IF(D1035>0,ROUND(C1035/D1035,6),"")
17535	Lancaster, PA	2651	12.671	=IF(D1036>0,ROUND(C1036/D1036,6),"")
17536	Lancaster, PA	3680	20.919	=IF(D1037>0,ROUND(C1037/D1037,6),"")
17538	Lancaster, PA	7121	4.132	=IF(D1038>0,ROUND(C1038/D1038,6),"")
17540	Lancaster, PA	11172	20.928	=IF(D1039>0,ROUND(C1039/D1039,6),"")
17543	Lancaster, PA	45606	65.956	=IF(D1040>0,ROUND(C1040/D1040,6),"")
17545	Lancaster, PA	23257	69.779	=IF(D1041>0,ROUND(C1041/D1041,6),"")
17547	Lancaster, PA	9100	11.96	=IF(D1042>0,ROUND(C1042/D1042,6),"")
17550	Lancaster, PA	296	0.156	=IF(D1043>0,ROUND(C1043/D1043,6),"")
17551	Lancaster, PA	11884	10.611	=IF(D1044>0,ROUND(C1044/D1044,6),"")
17552	Lancaster, PA	19747	32.617	=IF(D1045>0,ROUND(C1045/D1045,6),"")
17554	Lancaster, PA	7561	3.118	=IF(D1046>0,ROUND(C1046/D1046,6),"")
17555	Lancaster, PA	6694	33.097	=IF(D1047>0,ROUND(C1047/D1047,6),"")
17557	Lancaster, PA	15229	32.039	=IF(D1048>0,ROUND(C1048/D1048,6),"")
17560	Lancaster, PA	5452	15.803	=IF(D1049>0,ROUND(C1049/D1049,6),"")
17562	Lancaster, PA	4187	17.201	=IF(D1050>0,ROUND(C1050/D1050,6),"")
17563	Lancaster, PA	3806	32.339	=IF(D1051>0,ROUND(C1051/D1051,6),"")
17565	Lancaster, PA	2335	13.264	=IF(D1052>0,ROUND(C1052/D1052,6),"")
17566	Lancaster, PA	12276	59.613	=IF(D1053>0,ROUND(C1053/D1053,6),"")
17569	Lancaster, PA	7136	16.566	=IF(D1054>0,ROUND(C1054/D1054,6),"")
17572	Lancaster, PA	3774	16.237	=IF(D1055>0,ROUND(C1055/D1055,6),"")
17578	Lancaster, PA	7716	13.975	=IF(D1056>0,ROUND(C1056/D1056,6),"")
17579	Lancaster, PA	6373	14.643	=IF(D1057>0,ROUND(C1057/D1057,6),"")
17581	Lancaster, PA	203	0.376	=IF(D1058>0,ROUND(C1058/D1058,6),"")
17582	Lancaster, PA	1711	9.161	=IF(D1059>0,ROUND(C1059/D1059,6),"")
17584	Lancaster, PA	11776	14.815	=IF(D1060>0,ROUND(C1060/D1060,6),"")
17601	Lancaster, PA	56348	33.516	=IF(D1061>0,ROUND(C1061/D1061,6),"")
17602	Lancaster, PA	51461	24.563	=IF(D1062>0,ROUND(C1062/D1062,6),"")
17603	Lancaster, PA	66788	29.988	=IF(D1063>0,ROUND(C1063/D1063,6),"")
18011	Reading, PA	5624	17.122	=IF(D1064>0,ROUND(C1064/D1064,6),"")
18013	Allentown-Bethlehem-Easton, PA-NJ	17805	63.021	=IF(D1065>0,ROUND(C1065/D1065,6),"")
18014	Allentown-Bethlehem-Easton, PA-NJ	12474	32.748	=IF(D1066>0,ROUND(C1066/D1066,6),"")
18015	Allentown-Bethlehem-Easton, PA-NJ	34259	23.19	=IF(D1067>0,ROUND(C1067/D1067,6),"")
18017	Allentown-Bethlehem-Easton, PA-NJ	40463	16.758	=IF(D1068>0,ROUND(C1068/D1068,6),"")
18018	Allentown-Bethlehem-Easton, PA-NJ	32253	5.172	=IF(D1069>0,ROUND(C1069/D1069,6),"")
18020	Allentown-Bethlehem-Easton, PA-NJ	21144	13.018	=IF(D1070>0,ROUND(C1070/D1070,6),"")
18030	Allentown-Bethlehem-Easton, PA-NJ	483	0.298	=IF(D1071>0,ROUND(C1071/D1071,6),"")
18031	Allentown-Bethlehem-Easton, PA-NJ	12031	13.926	=IF(D1072>0,ROUND(C1072/D1072,6),"")
18032	Allentown-Bethlehem-Easton, PA-NJ	9459	2.01	=IF(D1073>0,ROUND(C1073/D1073,6),"")
18034	Allentown-Bethlehem-Easton, PA-NJ	9501	11.01	=IF(D1074>0,ROUND(C1074/D1074,6),"")
18035	Allentown-Bethlehem-Easton, PA-NJ	21	0.211	=IF(D1075>0,ROUND(C1075/D1075,6),"")
18036	Allentown-Bethlehem-Easton, PA-NJ	14625	29.179	=IF(D1076>0,ROUND(C1076/D1076,6),"")
18037	Allentown-Bethlehem-Easton, PA-NJ	7459	7.61	=IF(D1077>0,ROUND(C1077/D1077,6),"")
18038	Allentown-Bethlehem-Easton, PA-NJ	3459	13.459	=IF(D1078>0,ROUND(C1078/D1078,6),"")
18040	Allentown-Bethlehem-Easton, PA-NJ	17183	17.279	=IF(D1079>0,ROUND(C1079/D1079,6),"")
18041	Philadelphia-Camden-Wilmington, PA-NJ-DE-MD	5665	12.755	=IF(D1080>0,ROUND(C1080/D1080,6),"")
18042	Allentown-Bethlehem-Easton, PA-NJ	44797	22.113	=IF(D1081>0,ROUND(C1081/D1081,6),"")
18045	Allentown-Bethlehem-Easton, PA-NJ	29896	19.262	=IF(D1082>0,ROUND(C1082/D1082,6),"")
18049	Allentown-Bethlehem-Easton, PA-NJ	18693	14.997	=IF(D1083>0,ROUND(C1083/D1083,6),"")
18051	Allentown-Bethlehem-Easton, PA-NJ	3252	7.993	=IF(D1084>0,ROUND(C1084/D1084,6),"")
18052	Allentown-Bethlehem-Easton, PA-NJ	29271	12.751	=IF(D1085>0,ROUND(C1085/D1085,6),"")
18053	Allentown-Bethlehem-Easton, PA-NJ	2400	18.274	=IF(D1086>0,ROUND(C1086/D1086,6),"")
18054	Philadelphia-Camden-Wilmington, PA-NJ-DE-MD	4714	16.946	=IF(D1087>0,ROUND(C1087/D1087,6),"")
18055	Allentown-Bethlehem-Easton, PA-NJ	11947	19.984	=IF(D1088>0,ROUND(C1088/D1088,6),"")
18056	Reading, PA	1623	1.144	=IF(D1089>0,ROUND(C1089/D1089,6),"")
18059	Allentown-Bethlehem-Easton, PA-NJ	547	1.611	=IF(D1090>0,ROUND(C1090/D1090,6),"")
18062	Allentown-Bethlehem-Easton, PA-NJ	26633	20.985	=IF(D1091>0,ROUND(C1091/D1091,6),"")
18063	Allentown-Bethlehem-Easton, PA-NJ	277	0.425	=IF(D1092>0,ROUND(C1092/D1092,6),"")
18064	Allentown-Bethlehem-Easton, PA-NJ	27073	38.501	=IF(D1093>0,ROUND(C1093/D1093,6),"")
18066	Allentown-Bethlehem-Easton, PA-NJ	5837	44.101	=IF(D1094>0,ROUND(C1094/D1094,6),"")
18067	Allentown-Bethlehem-Easton, PA-NJ	19490	25.514	=IF(D1095>0,ROUND(C1095/D1095,6),"")
18069	Allentown-Bethlehem-Easton, PA-NJ	8804	14.143	=IF(D1096>0,ROUND(C1096/D1096,6),"")
18070	Philadelphia-Camden-Wilmington, PA-NJ-DE-MD	286	3.158	=IF(D1097>0,ROUND(C1097/D1097,6),"")
18071	Allentown-Bethlehem-Easton, PA-NJ	11047	31.107	=IF(D1098>0,ROUND(C1098/D1098,6),"")
18072	Allentown-Bethlehem-Easton, PA-NJ	7053	14.879	=IF(D1099>0,ROUND(C1099/D1099,6),"")
18073	Philadelphia-Camden-Wilmington, PA-NJ-DE-MD	11534	17.989	=IF(D1100>0,ROUND(C1100/D1100,6),"")
18074	Philadelphia-Camden-Wilmington, PA-NJ-DE-MD	5394	18.087	=IF(D1101>0,ROUND(C1101/D1101,6),"")
18076	Philadelphia-Camden-Wilmington, PA-NJ-DE-MD	3013	1.225	=IF(D1102>0,ROUND(C1102/D1102,6),"")
18077	Philadelphia-Camden-Wilmington, PA-NJ-DE-MD	2195	13.422	=IF(D1103>0,ROUND(C1103/D1103,6),"")
18078	Allentown-Bethlehem-Easton, PA-NJ	7571	15.552	=IF(D1104>0,ROUND(C1104/D1104,6),"")
18079	Allentown-Bethlehem-Easton, PA-NJ	353	0.248	=IF(D1105>0,ROUND(C1105/D1105,6),"")
18080	Allentown-Bethlehem-Easton, PA-NJ	11489	30.195	=IF(D1106>0,ROUND(C1106/D1106,6),"")
18083	Allentown-Bethlehem-Easton, PA-NJ	463	0.69	=IF(D1107>0,ROUND(C1107/D1107,6),"")
18085	Allentown-Bethlehem-Easton, PA-NJ	1162	0.373	=IF(D1108>0,ROUND(C1108/D1108,6),"")
18087	Allentown-Bethlehem-Easton, PA-NJ	609	1.06	=IF(D1109>0,ROUND(C1109/D1109,6),"")
18088	Allentown-Bethlehem-Easton, PA-NJ	8162	19.05	=IF(D1110>0,ROUND(C1110/D1110,6),"")
18091	Allentown-Bethlehem-Easton, PA-NJ	6091	14.839	=IF(D1111>0,ROUND(C1111/D1111,6),"")
18092	Allentown-Bethlehem-Easton, PA-NJ	3246	15.025	=IF(D1112>0,ROUND(C1112/D1112,6),"")
18101	Allentown-Bethlehem-Easton, PA-NJ	5789	0.307	=IF(D1113>0,ROUND(C1113/D1113,6),"")
18102	Allentown-Bethlehem-Easton, PA-NJ	51315	2.982	=IF(D1114>0,ROUND(C1114/D1114,6),"")
18103	Allentown-Bethlehem-Easton, PA-NJ	47336	17.158	=IF(D1115>0,ROUND(C1115/D1115,6),"")
18104	Allentown-Bethlehem-Easton, PA-NJ	47999	22.952	=IF(D1116>0,ROUND(C1116/D1116,6),"")
18106	Allentown-Bethlehem-Easton, PA-NJ	6437	7.961	=IF(D1117>0,ROUND(C1117/D1117,6),"")
18109	Allentown-Bethlehem-Easton, PA-NJ	18117	8.248	=IF(D1118>0,ROUND(C1118/D1118,6),"")
18210	Allentown-Bethlehem-Easton, PA-NJ	7879	35.832	=IF(D1119>0,ROUND(C1119/D1119,6),"")
18216	Allentown-Bethlehem-Easton, PA-NJ	1317	7.496	=IF(D1120>0,ROUND(C1120/D1120,6),"")
18229	Allentown-Bethlehem-Easton, PA-NJ	9136	55.294	=IF(D1121>0,ROUND(C1121/D1121,6),"")
18232	Allentown-Bethlehem-Easton, PA-NJ	4144	2.072	=IF(D1122>0,ROUND(C1122/D1122,6),"")
18235	Allentown-Bethlehem-Easton, PA-NJ	19121	86.912	=IF(D1123>0,ROUND(C1123/D1123,6),"")
18240	Allentown-Bethlehem-Easton, PA-NJ	3909	24.265	=IF(D1124>0,ROUND(C1124/D1124,6),"")
18250	Allentown-Bethlehem-Easton, PA-NJ	3128	10.476	=IF(D1125>0,ROUND(C1125/D1125,6),"")
18254	Allentown-Bethlehem-Easton, PA-NJ	783	1.766	=IF(D1126>0,ROUND(C1126/D1126,6),"")
18255	Allentown-Bethlehem-Easton, PA-NJ	4310	72.298	=IF(D1127>0,ROUND(C1127/D1127,6),"")
18324	New York-Newark-Jersey City, NY-NJ-PA	9591	31.869	=IF(D1128>0,ROUND(C1128/D1128,6),"")
18328	New York-Newark-Jersey City, NY-NJ-PA	8061	112.158	=IF(D1129>0,ROUND(C1129/D1129,6),"")
18336	New York-Newark-Jersey City, NY-NJ-PA	4133	11.511	=IF(D1130>0,ROUND(C1130/D1130,6),"")
18337	New York-Newark-Jersey City, NY-NJ-PA	15517	71.752	=IF(D1131>0,ROUND(C1131/D1131,6),"")
18343	Allentown-Bethlehem-Easton, PA-NJ	3877	20.362	=IF(D1132>0,ROUND(C1132/D1132,6),"")
18371	New York-Newark-Jersey City, NY-NJ-PA	977	7.743	=IF(D1133>0,ROUND(C1133/D1133,6),"")
18405	New York-Newark-Jersey City, NY-NJ-PA	2611	34.294	=IF(D1134>0,ROUND(C1134/D1134,6),"")
18425	New York-Newark-Jersey City, NY-NJ-PA	1053	23.345	=IF(D1135>0,ROUND(C1135/D1135,6),"")
18426	New York-Newark-Jersey City, NY-NJ-PA	3426	52.122	=IF(D1136>0,ROUND(C1136/D1136,6),"")
18428	New York-Newark-Jersey City, NY-NJ-PA	12446	151.07	=IF(D1137>0,ROUND(C1137/D1137,6),"")
18435	New York-Newark-Jersey City, NY-NJ-PA	906	12.51	=IF(D1138>0,ROUND(C1138/D1138,6),"")
18445	New York-Newark-Jersey City, NY-NJ-PA	2488	32.789	=IF(D1139>0,ROUND(C1139/D1139,6),"")
18451	New York-Newark-Jersey City, NY-NJ-PA	530	4.309	=IF(D1140>0,ROUND(C1140/D1140,6),"")
18458	New York-Newark-Jersey City, NY-NJ-PA	3576	55.071	=IF(D1141>0,ROUND(C1141/D1141,6),"")
18464	New York-Newark-Jersey City, NY-NJ-PA	1455	11.584	=IF(D1142>0,ROUND(C1142/D1142,6),"")
18624	Allentown-Bethlehem-Easton, PA-NJ	460	18.407	=IF(D1143>0,ROUND(C1143/D1143,6),"")
18901	Philadelphia-Camden-Wilmington, PA-NJ-DE-MD	28477	20.971	=IF(D1144>0,ROUND(C1144/D1144,6),"")
18902	Philadelphia-Camden-Wilmington, PA-NJ-DE-MD	22648	27.076	=IF(D1145>0,ROUND(C1145/D1145,6),"")
18913	Philadelphia-Camden-Wilmington, PA-NJ-DE-MD	317	1.445	=IF(D1146>0,ROUND(C1146/D1146,6),"")
18914	Philadelphia-Camden-Wilmington, PA-NJ-DE-MD	21371	17.602	=IF(D1147>0,ROUND(C1147/D1147,6),"")
18915	Philadelphia-Camden-Wilmington, PA-NJ-DE-MD	1791	1.2	=IF(D1148>0,ROUND(C1148/D1148,6),"")
18917	Philadelphia-Camden-Wilmington, PA-NJ-DE-MD	2176	0.749	=IF(D1149>0,ROUND(C1149/D1149,6),"")
18920	Philadelphia-Camden-Wilmington, PA-NJ-DE-MD	483	3.864	=IF(D1150>0,ROUND(C1150/D1150,6),"")
18923	Philadelphia-Camden-Wilmington, PA-NJ-DE-MD	1317	1.804	=IF(D1151>0,ROUND(C1151/D1151,6),"")
18925	Philadelphia-Camden-Wilmington, PA-NJ-DE-MD	6650	9.899	=IF(D1152>0,ROUND(C1152/D1152,6),"")
18929	Philadelphia-Camden-Wilmington, PA-NJ-DE-MD	9736	7.335	=IF(D1153>0,ROUND(C1153/D1153,6),"")
18930	Philadelphia-Camden-Wilmington, PA-NJ-DE-MD	2218	18.593	=IF(D1154>0,ROUND(C1154/D1154,6),"")
18932	Philadelphia-Camden-Wilmington, PA-NJ-DE-MD	584	1.302	=IF(D1155>0,ROUND(C1155/D1155,6),"")
18933	Philadelphia-Camden-Wilmington, PA-NJ-DE-MD	135	0.625	=IF(D1156>0,ROUND(C1156/D1156,6),"")
18936	Philadelphia-Camden-Wilmington, PA-NJ-DE-MD	288	1.206	=IF(D1157>0,ROUND(C1157/D1157,6),"")
18938	Philadelphia-Camden-Wilmington, PA-NJ-DE-MD	13192	40.894	=IF(D1158>0,ROUND(C1158/D1158,6),"")
18940	Philadelphia-Camden-Wilmington, PA-NJ-DE-MD	29797	34.576	=IF(D1159>0,ROUND(C1159/D1159,6),"")
18942	Philadelphia-Camden-Wilmington, PA-NJ-DE-MD	2498	20.269	=IF(D1160>0,ROUND(C1160/D1160,6),"")
18944	Philadelphia-Camden-Wilmington, PA-NJ-DE-MD	27405	45.442	=IF(D1161>0,ROUND(C1161/D1161,6),"")
18947	Philadelphia-Camden-Wilmington, PA-NJ-DE-MD	6676	25.176	=IF(D1162>0,ROUND(C1162/D1162,6),"")
18951	Philadelphia-Camden-Wilmington, PA-NJ-DE-MD	36556	71.689	=IF(D1163>0,ROUND(C1163/D1163,6),"")
18954	Philadelphia-Camden-Wilmington, PA-NJ-DE-MD	10864	6.431	=IF(D1164>0,ROUND(C1164/D1164,6),"")
18955	Philadelphia-Camden-Wilmington, PA-NJ-DE-MD	1453	2.766	=IF(D1165>0,ROUND(C1165/D1165,6),"")
18960	Philadelphia-Camden-Wilmington, PA-NJ-DE-MD	12198	19.05	=IF(D1166>0,ROUND(C1166/D1166,6),"")
18964	Philadelphia-Camden-Wilmington, PA-NJ-DE-MD	14422	9.452	=IF(D1167>0,ROUND(C1167/D1167,6),"")
18966	Philadelphia-Camden-Wilmington, PA-NJ-DE-MD	35994	16.304	=IF(D1168>0,ROUND(C1168/D1168,6),"")
18969	Philadelphia-Camden-Wilmington, PA-NJ-DE-MD	15229	16.39	=IF(D1169>0,ROUND(C1169/D1169,6),"")
18972	Philadelphia-Camden-Wilmington, PA-NJ-DE-MD	2944	23.124	=IF(D1170>0,ROUND(C1170/D1170,6),"")
18974	Philadelphia-Camden-Wilmington, PA-NJ-DE-MD	42984	19.703	=IF(D1171>0,ROUND(C1171/D1171,6),"")
18976	Philadelphia-Camden-Wilmington, PA-NJ-DE-MD	21942	10.666	=IF(D1172>0,ROUND(C1172/D1172,6),"")
18977	Philadelphia-Camden-Wilmington, PA-NJ-DE-MD	4378	4.391	=IF(D1173>0,ROUND(C1173/D1173,6),"")
19001	Philadelphia-Camden-Wilmington, PA-NJ-DE-MD	17601	3.199	=IF(D1174>0,ROUND(C1174/D1174,6),"")
19002	Philadelphia-Camden-Wilmington, PA-NJ-DE-MD	31681	20.215	=IF(D1175>0,ROUND(C1175/D1175,6),"")
19003	Philadelphia-Camden-Wilmington, PA-NJ-DE-MD	14411	2.011	=IF(D1176>0,ROUND(C1176/D1176,6),"")
19004	Philadelphia-Camden-Wilmington, PA-NJ-DE-MD	10439	2.688	=IF(D1177>0,ROUND(C1177/D1177,6),"")
19006	Philadelphia-Camden-Wilmington, PA-NJ-DE-MD	23211	13.28	=IF(D1178>0,ROUND(C1178/D1178,6),"")
19007	Philadelphia-Camden-Wilmington, PA-NJ-DE-MD	22585	7.475	=IF(D1179>0,ROUND(C1179/D1179,6),"")
19008	Philadelphia-Camden-Wilmington, PA-NJ-DE-MD	20193	6.537	=IF(D1180>0,ROUND(C1180/D1180,6),"")
19009	Philadelphia-Camden-Wilmington, PA-NJ-DE-MD	1153	1.308	=IF(D1181>0,ROUND(C1181/D1181,6),"")
19010	Philadelphia-Camden-Wilmington, PA-NJ-DE-MD	22004	8.453	=IF(D1182>0,ROUND(C1182/D1182,6),"")
19012	Philadelphia-Camden-Wilmington, PA-NJ-DE-MD	6787	1.749	=IF(D1183>0,ROUND(C1183/D1183,6),"")
19013	Philadelphia-Camden-Wilmington, PA-NJ-DE-MD	34697	5.646	=IF(D1184>0,ROUND(C1184/D1184,6),"")
19014	Philadelphia-Camden-Wilmington, PA-NJ-DE-MD	21242	9.255	=IF(D1185>0,ROUND(C1185/D1185,6),"")
19015	Philadelphia-Camden-Wilmington, PA-NJ-DE-MD	16590	2.896	=IF(D1186>0,ROUND(C1186/D1186,6),"")
19018	Philadelphia-Camden-Wilmington, PA-NJ-DE-MD	23150	2.726	=IF(D1187>0,ROUND(C1187/D1187,6),"")
19020	Philadelphia-Camden-Wilmington, PA-NJ-DE-MD	57079	17.297	=IF(D1188>0,ROUND(C1188/D1188,6),"")
19021	Philadelphia-Camden-Wilmington, PA-NJ-DE-MD	9713	3.103	=IF(D1189>0,ROUND(C1189/D1189,6),"")
19022	Philadelphia-Camden-Wilmington, PA-NJ-DE-MD	3882	1.307	=IF(D1190>0,ROUND(C1190/D1190,6),"")
19023	Philadelphia-Camden-Wilmington, PA-NJ-DE-MD	22636	1.966	=IF(D1191>0,ROUND(C1191/D1191,6),"")
19025	Philadelphia-Camden-Wilmington, PA-NJ-DE-MD	7417	3.226	=IF(D1192>0,ROUND(C1192/D1192,6),"")
19026	Philadelphia-Camden-Wilmington, PA-NJ-DE-MD	32749	3.638	=IF(D1193>0,ROUND(C1193/D1193,6),"")
19027	Philadelphia-Camden-Wilmington, PA-NJ-DE-MD	20412	3.935	=IF(D1194>0,ROUND(C1194/D1194,6),"")
19029	Philadelphia-Camden-Wilmington, PA-NJ-DE-MD	3970	2.166	=IF(D1195>0,ROUND(C1195/D1195,6),"")
19030	Philadelphia-Camden-Wilmington, PA-NJ-DE-MD	12310	5.053	=IF(D1196>0,ROUND(C1196/D1196,6),"")
19031	Philadelphia-Camden-Wilmington, PA-NJ-DE-MD	5166	3.065	=IF(D1197>0,ROUND(C1197/D1197,6),"")
19032	Philadelphia-Camden-Wilmington, PA-NJ-DE-MD	6748	1.246	=IF(D1198>0,ROUND(C1198/D1198,6),"")
19033	Philadelphia-Camden-Wilmington, PA-NJ-DE-MD	7614	1.188	=IF(D1199>0,ROUND(C1199/D1199,6),"")
19034	Philadelphia-Camden-Wilmington, PA-NJ-DE-MD	7084	7.122	=IF(D1200>0,ROUND(C1200/D1200,6),"")
19035	Philadelphia-Camden-Wilmington, PA-NJ-DE-MD	3779	4.711	=IF(D1201>0,ROUND(C1201/D1201,6),"")
19036	Philadelphia-Camden-Wilmington, PA-NJ-DE-MD	13349	1.559	=IF(D1202>0,ROUND(C1202/D1202,6),"")
19038	Philadelphia-Camden-Wilmington, PA-NJ-DE-MD	32157	8.2	=IF(D1203>0,ROUND(C1203/D1203,6),"")
19040	Philadelphia-Camden-Wilmington, PA-NJ-DE-MD	21866	5.947	=IF(D1204>0,ROUND(C1204/D1204,6),"")
19041	Philadelphia-Camden-Wilmington, PA-NJ-DE-MD	6088	3.284	=IF(D1205>0,ROUND(C1205/D1205,6),"")
19043	Philadelphia-Camden-Wilmington, PA-NJ-DE-MD	3550	0.4	=IF(D1206>0,ROUND(C1206/D1206,6),"")
19044	Philadelphia-Camden-Wilmington, PA-NJ-DE-MD	17134	9.003	=IF(D1207>0,ROUND(C1207/D1207,6),"")
19046	Philadelphia-Camden-Wilmington, PA-NJ-DE-MD	19143	6.683	=IF(D1208>0,ROUND(C1208/D1208,6),"")
19047	Philadelphia-Camden-Wilmington, PA-NJ-DE-MD	34182	17.249	=IF(D1209>0,ROUND(C1209/D1209,6),"")
19050	Philadelphia-Camden-Wilmington, PA-NJ-DE-MD	28819	3.663	=IF(D1210>0,ROUND(C1210/D1210,6),"")
19053	Philadelphia-Camden-Wilmington, PA-NJ-DE-MD	28000	10.554	=IF(D1211>0,ROUND(C1211/D1211,6),"")
19054	Philadelphia-Camden-Wilmington, PA-NJ-DE-MD	17597	4.132	=IF(D1212>0,ROUND(C1212/D1212,6),"")
19055	Philadelphia-Camden-Wilmington, PA-NJ-DE-MD	13734	2.818	=IF(D1213>0,ROUND(C1213/D1213,6),"")
19056	Philadelphia-Camden-Wilmington, PA-NJ-DE-MD	15634	3.852	=IF(D1214>0,ROUND(C1214/D1214,6),"")
19057	Philadelphia-Camden-Wilmington, PA-NJ-DE-MD	17924	4.438	=IF(D1215>0,ROUND(C1215/D1215,6),"")
19060	Philadelphia-Camden-Wilmington, PA-NJ-DE-MD	11476	7.732	=IF(D1216>0,ROUND(C1216/D1216,6),"")
19061	Philadelphia-Camden-Wilmington, PA-NJ-DE-MD	20135	7.0	=IF(D1217>0,ROUND(C1217/D1217,6),"")
19063	Philadelphia-Camden-Wilmington, PA-NJ-DE-MD	38206	25.099	=IF(D1218>0,ROUND(C1218/D1218,6),"")
19064	Philadelphia-Camden-Wilmington, PA-NJ-DE-MD	25137	7.147	=IF(D1219>0,ROUND(C1219/D1219,6),"")
19066	Philadelphia-Camden-Wilmington, PA-NJ-DE-MD	5893	1.333	=IF(D1220>0,ROUND(C1220/D1220,6),"")
19067	Philadelphia-Camden-Wilmington, PA-NJ-DE-MD	53596	31.514	=IF(D1221>0,ROUND(C1221/D1221,6),"")
19070	Philadelphia-Camden-Wilmington, PA-NJ-DE-MD	6057	1.06	=IF(D1222>0,ROUND(C1222/D1222,6),"")
19072	Philadelphia-Camden-Wilmington, PA-NJ-DE-MD	10352	3.178	=IF(D1223>0,ROUND(C1223/D1223,6),"")
19073	Philadelphia-Camden-Wilmington, PA-NJ-DE-MD	21587	20.524	=IF(D1224>0,ROUND(C1224/D1224,6),"")
19074	Philadelphia-Camden-Wilmington, PA-NJ-DE-MD	5915	0.778	=IF(D1225>0,ROUND(C1225/D1225,6),"")
19075	Philadelphia-Camden-Wilmington, PA-NJ-DE-MD	7779	1.869	=IF(D1226>0,ROUND(C1226/D1226,6),"")
19076	Philadelphia-Camden-Wilmington, PA-NJ-DE-MD	6411	0.748	=IF(D1227>0,ROUND(C1227/D1227,6),"")
19078	Philadelphia-Camden-Wilmington, PA-NJ-DE-MD	11742	2.032	=IF(D1228>0,ROUND(C1228/D1228,6),"")
19079	Philadelphia-Camden-Wilmington, PA-NJ-DE-MD	9014	1.617	=IF(D1229>0,ROUND(C1229/D1229,6),"")
19081	Philadelphia-Camden-Wilmington, PA-NJ-DE-MD	10363	2.162	=IF(D1230>0,ROUND(C1230/D1230,6),"")
19082	Philadelphia-Camden-Wilmington, PA-NJ-DE-MD	41875	2.575	=IF(D1231>0,ROUND(C1231/D1231,6),"")
19083	Philadelphia-Camden-Wilmington, PA-NJ-DE-MD	37220	5.593	=IF(D1232>0,ROUND(C1232/D1232,6),"")
19085	Philadelphia-Camden-Wilmington, PA-NJ-DE-MD	10679	6.229	=IF(D1233>0,ROUND(C1233/D1233,6),"")
19086	Philadelphia-Camden-Wilmington, PA-NJ-DE-MD	12835	4.003	=IF(D1234>0,ROUND(C1234/D1234,6),"")
19087	Philadelphia-Camden-Wilmington, PA-NJ-DE-MD	33770	15.62	=IF(D1235>0,ROUND(C1235/D1235,6),"")
19090	Philadelphia-Camden-Wilmington, PA-NJ-DE-MD	19926	4.604	=IF(D1236>0,ROUND(C1236/D1236,6),"")
19094	Philadelphia-Camden-Wilmington, PA-NJ-DE-MD	4517	0.821	=IF(D1237>0,ROUND(C1237/D1237,6),"")
19095	Philadelphia-Camden-Wilmington, PA-NJ-DE-MD	7759	2.07	=IF(D1238>0,ROUND(C1238/D1238,6),"")
19096	Philadelphia-Camden-Wilmington, PA-NJ-DE-MD	15136	3.49	=IF(D1239>0,ROUND(C1239/D1239,6),"")
19102	Philadelphia-Camden-Wilmington, PA-NJ-DE-MD	5946	0.187	=IF(D1240>0,ROUND(C1240/D1240,6),"")
19103	Philadelphia-Camden-Wilmington, PA-NJ-DE-MD	25602	0.645	=IF(D1241>0,ROUND(C1241/D1241,6),"")
19104	Philadelphia-Camden-Wilmington, PA-NJ-DE-MD	54454	3.061	=IF(D1242>0,ROUND(C1242/D1242,6),"")
19106	Philadelphia-Camden-Wilmington, PA-NJ-DE-MD	14421	0.85	=IF(D1243>0,ROUND(C1243/D1243,6),"")
19107	Philadelphia-Camden-Wilmington, PA-NJ-DE-MD	15478	0.544	=IF(D1244>0,ROUND(C1244/D1244,6),"")
19111	Philadelphia-Camden-Wilmington, PA-NJ-DE-MD	65821	4.846	=IF(D1245>0,ROUND(C1245/D1245,6),"")
19114	Philadelphia-Camden-Wilmington, PA-NJ-DE-MD	31071	5.627	=IF(D1246>0,ROUND(C1246/D1246,6),"")
19115	Philadelphia-Camden-Wilmington, PA-NJ-DE-MD	34737	5.162	=IF(D1247>0,ROUND(C1247/D1247,6),"")
19116	Philadelphia-Camden-Wilmington, PA-NJ-DE-MD	33421	5.203	=IF(D1248>0,ROUND(C1248/D1248,6),"")
19118	Philadelphia-Camden-Wilmington, PA-NJ-DE-MD	10231	3.205	=IF(D1249>0,ROUND(C1249/D1249,6),"")
19119	Philadelphia-Camden-Wilmington, PA-NJ-DE-MD	28566	3.403	=IF(D1250>0,ROUND(C1250/D1250,6),"")
19120	Philadelphia-Camden-Wilmington, PA-NJ-DE-MD	68078	3.234	=IF(D1251>0,ROUND(C1251/D1251,6),"")
19121	Philadelphia-Camden-Wilmington, PA-NJ-DE-MD	40324	2.367	=IF(D1252>0,ROUND(C1252/D1252,6),"")
19122	Philadelphia-Camden-Wilmington, PA-NJ-DE-MD	24740	1.293	=IF(D1253>0,ROUND(C1253/D1253,6),"")
19123	Philadelphia-Camden-Wilmington, PA-NJ-DE-MD	19327	1.261	=IF(D1254>0,ROUND(C1254/D1254,6),"")
19124	Philadelphia-Camden-Wilmington, PA-NJ-DE-MD	70763	5.145	=IF(D1255>0,ROUND(C1255/D1255,6),"")
19125	Philadelphia-Camden-Wilmington, PA-NJ-DE-MD	25331	1.352	=IF(D1256>0,ROUND(C1256/D1256,6),"")
19126	Philadelphia-Camden-Wilmington, PA-NJ-DE-MD	17520	1.19	=IF(D1257>0,ROUND(C1257/D1257,6),"")
19127	Philadelphia-Camden-Wilmington, PA-NJ-DE-MD	5797	0.571	=IF(D1258>0,ROUND(C1258/D1258,6),"")
19128	Philadelphia-Camden-Wilmington, PA-NJ-DE-MD	37018	6.985	=IF(D1259>0,ROUND(C1259/D1259,6),"")
19129	Philadelphia-Camden-Wilmington, PA-NJ-DE-MD	11812	2.051	=IF(D1260>0,ROUND(C1260/D1260,6),"")
19130	Philadelphia-Camden-Wilmington, PA-NJ-DE-MD	30424	1.237	=IF(D1261>0,ROUND(C1261/D1261,6),"")
19131	Philadelphia-Camden-Wilmington, PA-NJ-DE-MD	44799	5.271	=IF(D1262>0,ROUND(C1262/D1262,6),"")
19132	Philadelphia-Camden-Wilmington, PA-NJ-DE-MD	31627	2.154	=IF(D1263>0,ROUND(C1263/D1263,6),"")
19133	Philadelphia-Camden-Wilmington, PA-NJ-DE-MD	25694	1.283	=IF(D1264>0,ROUND(C1264/D1264,6),"")
19134	Philadelphia-Camden-Wilmington, PA-NJ-DE-MD	56750	3.446	=IF(D1265>0,ROUND(C1265/D1265,6),"")
19135	Philadelphia-Camden-Wilmington, PA-NJ-DE-MD	34234	2.265	=IF(D1266>0,ROUND(C1266/D1266,6),"")
19136	Philadelphia-Camden-Wilmington, PA-NJ-DE-MD	35898	4.798	=IF(D1267>0,ROUND(C1267/D1267,6),"")
19137	Philadelphia-Camden-Wilmington, PA-NJ-DE-MD	7933	2.422	=IF(D1268>0,ROUND(C1268/D1268,6),"")
19138	Philadelphia-Camden-Wilmington, PA-NJ-DE-MD	31737	1.764	=IF(D1269>0,ROUND(C1269/D1269,6),"")
19139	Philadelphia-Camden-Wilmington, PA-NJ-DE-MD	44619	1.769	=IF(D1270>0,ROUND(C1270/D1270,6),"")
19140	Philadelphia-Camden-Wilmington, PA-NJ-DE-MD	54196	3.152	=IF(D1271>0,ROUND(C1271/D1271,6),"")
19141	Philadelphia-Camden-Wilmington, PA-NJ-DE-MD	33832	1.745	=IF(D1272>0,ROUND(C1272/D1272,6),"")
19142	Philadelphia-Camden-Wilmington, PA-NJ-DE-MD	30312	1.746	=IF(D1273>0,ROUND(C1273/D1273,6),"")
19143	Philadelphia-Camden-Wilmington, PA-NJ-DE-MD	62503	3.116	=IF(D1274>0,ROUND(C1274/D1274,6),"")
19144	Philadelphia-Camden-Wilmington, PA-NJ-DE-MD	48542	3.588	=IF(D1275>0,ROUND(C1275/D1275,6),"")
19145	Philadelphia-Camden-Wilmington, PA-NJ-DE-MD	42955	4.796	=IF(D1276>0,ROUND(C1276/D1276,6),"")
19146	Philadelphia-Camden-Wilmington, PA-NJ-DE-MD	40845	1.724	=IF(D1277>0,ROUND(C1277/D1277,6),"")
19147	Philadelphia-Camden-Wilmington, PA-NJ-DE-MD	38747	1.338	=IF(D1278>0,ROUND(C1278/D1278,6),"")
19148	Philadelphia-Camden-Wilmington, PA-NJ-DE-MD	50777	4.233	=IF(D1279>0,ROUND(C1279/D1279,6),"")
19149	Philadelphia-Camden-Wilmington, PA-NJ-DE-MD	57226	2.387	=IF(D1280>0,ROUND(C1280/D1280,6),"")
19150	Philadelphia-Camden-Wilmington, PA-NJ-DE-MD	23582	1.479	=IF(D1281>0,ROUND(C1281/D1281,6),"")
19151	Philadelphia-Camden-Wilmington, PA-NJ-DE-MD	32938	2.399	=IF(D1282>0,ROUND(C1282/D1282,6),"")
19152	Philadelphia-Camden-Wilmington, PA-NJ-DE-MD	35566	2.882	=IF(D1283>0,ROUND(C1283/D1283,6),"")
19153	Philadelphia-Camden-Wilmington, PA-NJ-DE-MD	12396	10.119	=IF(D1284>0,ROUND(C1284/D1284,6),"")
19154	Philadelphia-Camden-Wilmington, PA-NJ-DE-MD	34084	6.369	=IF(D1285>0,ROUND(C1285/D1285,6),"")
19301	Philadelphia-Camden-Wilmington, PA-NJ-DE-MD	8319	3.591	=IF(D1286>0,ROUND(C1286/D1286,6),"")
19310	Philadelphia-Camden-Wilmington, PA-NJ-DE-MD	3035	13.377	=IF(D1287>0,ROUND(C1287/D1287,6),"")
19311	Philadelphia-Camden-Wilmington, PA-NJ-DE-MD	12262	12.548	=IF(D1288>0,ROUND(C1288/D1288,6),"")
19312	Philadelphia-Camden-Wilmington, PA-NJ-DE-MD	11901	9.566	=IF(D1289>0,ROUND(C1289/D1289,6),"")
19317	Philadelphia-Camden-Wilmington, PA-NJ-DE-MD	10844	21.836	=IF(D1290>0,ROUND(C1290/D1290,6),"")
19319	Philadelphia-Camden-Wilmington, PA-NJ-DE-MD	713	0.648	=IF(D1291>0,ROUND(C1291/D1291,6),"")
19320	Philadelphia-Camden-Wilmington, PA-NJ-DE-MD	55671	81.585	=IF(D1292>0,ROUND(C1292/D1292,6),"")
19330	Philadelphia-Camden-Wilmington, PA-NJ-DE-MD	5678	33.443	=IF(D1293>0,ROUND(C1293/D1293,6),"")
19333	Philadelphia-Camden-Wilmington, PA-NJ-DE-MD	7616	3.695	=IF(D1294>0,ROUND(C1294/D1294,6),"")
19335	Philadelphia-Camden-Wilmington, PA-NJ-DE-MD	52524	43.299	=IF(D1295>0,ROUND(C1295/D1295,6),"")
19341	Philadelphia-Camden-Wilmington, PA-NJ-DE-MD	20660	13.687	=IF(D1296>0,ROUND(C1296/D1296,6),"")
19342	Philadelphia-Camden-Wilmington, PA-NJ-DE-MD	20654	19.771	=IF(D1297>0,ROUND(C1297/D1297,6),"")
19343	Philadelphia-Camden-Wilmington, PA-NJ-DE-MD	8595	27.578	=IF(D1298>0,ROUND(C1298/D1298,6),"")
19344	Philadelphia-Camden-Wilmington, PA-NJ-DE-MD	12910	33.123	=IF(D1299>0,ROUND(C1299/D1299,6),"")
19348	Philadelphia-Camden-Wilmington, PA-NJ-DE-MD	23435	36.827	=IF(D1300>0,ROUND(C1300/D1300,6),"")
19350	Philadelphia-Camden-Wilmington, PA-NJ-DE-MD	10401	27.984	=IF(D1301>0,ROUND(C1301/D1301,6),"")
19352	Philadelphia-Camden-Wilmington, PA-NJ-DE-MD	11689	17.56	=IF(D1302>0,ROUND(C1302/D1302,6),"")
19355	Philadelphia-Camden-Wilmington, PA-NJ-DE-MD	28650	38.296	=IF(D1303>0,ROUND(C1303/D1303,6),"")
19362	Philadelphia-Camden-Wilmington, PA-NJ-DE-MD	6181	29.451	=IF(D1304>0,ROUND(C1304/D1304,6),"")
19363	Philadelphia-Camden-Wilmington, PA-NJ-DE-MD	17929	50.578	=IF(D1305>0,ROUND(C1305/D1305,6),"")
19365	Philadelphia-Camden-Wilmington, PA-NJ-DE-MD	7477	16.488	=IF(D1306>0,ROUND(C1306/D1306,6),"")
19372	Philadelphia-Camden-Wilmington, PA-NJ-DE-MD	2294	0.935	=IF(D1307>0,ROUND(C1307/D1307,6),"")
19373	Philadelphia-Camden-Wilmington, PA-NJ-DE-MD	2288	3.216	=IF(D1308>0,ROUND(C1308/D1308,6),"")
19374	Philadelphia-Camden-Wilmington, PA-NJ-DE-MD	732	1.554	=IF(D1309>0,ROUND(C1309/D1309,6),"")
19380	Philadelphia-Camden-Wilmington, PA-NJ-DE-MD	50093	30.467	=IF(D1310>0,ROUND(C1310/D1310,6),"")
19382	Philadelphia-Camden-Wilmington, PA-NJ-DE-MD	53035	46.132	=IF(D1311>0,ROUND(C1311/D1311,6),"")
19390	Philadelphia-Camden-Wilmington, PA-NJ-DE-MD	12049	29.305	=IF(D1312>0,ROUND(C1312/D1312,6),"")
19401	Philadelphia-Camden-Wilmington, PA-NJ-DE-MD	43099	6.151	=IF(D1313>0,ROUND(C1313/D1313,6),"")
19403	Philadelphia-Camden-Wilmington, PA-NJ-DE-MD	43967	22.368	=IF(D1314>0,ROUND(C1314/D1314,6),"")
19405	Philadelphia-Camden-Wilmington, PA-NJ-DE-MD	5167	1.03	=IF(D1315>0,ROUND(C1315/D1315,6),"")
19406	Philadelphia-Camden-Wilmington, PA-NJ-DE-MD	29388	13.444	=IF(D1316>0,ROUND(C1316/D1316,6),"")
19422	Philadelphia-Camden-Wilmington, PA-NJ-DE-MD	20068	12.265	=IF(D1317>0,ROUND(C1317/D1317,6),"")
19425	Philadelphia-Camden-Wilmington, PA-NJ-DE-MD	17071	26.799	=IF(D1318>0,ROUND(C1318/D1318,6),"")
19426	Philadelphia-Camden-Wilmington, PA-NJ-DE-MD	43284	34.033	=IF(D1319>0,ROUND(C1319/D1319,6),"")
19428	Philadelphia-Camden-Wilmington, PA-NJ-DE-MD	20225	7.305	=IF(D1320>0,ROUND(C1320/D1320,6),"")
19435	Philadelphia-Camden-Wilmington, PA-NJ-DE-MD	82	1.19	=IF(D1321>0,ROUND(C1321/D1321,6),"")
19437	Philadelphia-Camden-Wilmington, PA-NJ-DE-MD	625	1.155	=IF(D1322>0,ROUND(C1322/D1322,6),"")
19438	Philadelphia-Camden-Wilmington, PA-NJ-DE-MD	25184	22.208	=IF(D1323>0,ROUND(C1323/D1323,6),"")
19440	Philadelphia-Camden-Wilmington, PA-NJ-DE-MD	19650	11.338	=IF(D1324>0,ROUND(C1324/D1324,6),"")
19444	Philadelphia-Camden-Wilmington, PA-NJ-DE-MD	11070	4.83	=IF(D1325>0,ROUND(C1325/D1325,6),"")
19446	Philadelphia-Camden-Wilmington, PA-NJ-DE-MD	61608	22.559	=IF(D1326>0,ROUND(C1326/D1326,6),"")
19453	Philadelphia-Camden-Wilmington, PA-NJ-DE-MD	1421	0.716	=IF(D1327>0,ROUND(C1327/D1327,6),"")
19454	Philadelphia-Camden-Wilmington, PA-NJ-DE-MD	28141	12.347	=IF(D1328>0,ROUND(C1328/D1328,6),"")
19456	Philadelphia-Camden-Wilmington, PA-NJ-DE-MD	192	0.188	=IF(D1329>0,ROUND(C1329/D1329,6),"")
19460	Philadelphia-Camden-Wilmington, PA-NJ-DE-MD	43927	34.529	=IF(D1330>0,ROUND(C1330/D1330,6),"")
19462	Philadelphia-Camden-Wilmington, PA-NJ-DE-MD	16215	8.301	=IF(D1331>0,ROUND(C1331/D1331,6),"")
19464	Philadelphia-Camden-Wilmington, PA-NJ-DE-MD	48084	25.638	=IF(D1332>0,ROUND(C1332/D1332,6),"")
19465	Philadelphia-Camden-Wilmington, PA-NJ-DE-MD	18309	35.54	=IF(D1333>0,ROUND(C1333/D1333,6),"")
19468	Philadelphia-Camden-Wilmington, PA-NJ-DE-MD	28050	16.921	=IF(D1334>0,ROUND(C1334/D1334,6),"")
19473	Philadelphia-Camden-Wilmington, PA-NJ-DE-MD	17731	24.315	=IF(D1335>0,ROUND(C1335/D1335,6),"")
19474	Philadelphia-Camden-Wilmington, PA-NJ-DE-MD	286	0.147	=IF(D1336>0,ROUND(C1336/D1336,6),"")
19475	Philadelphia-Camden-Wilmington, PA-NJ-DE-MD	12382	16.451	=IF(D1337>0,ROUND(C1337/D1337,6),"")
19492	Philadelphia-Camden-Wilmington, PA-NJ-DE-MD	766	1.663	=IF(D1338>0,ROUND(C1338/D1338,6),"")
19501	Lancaster, PA	950	0.977	=IF(D1339>0,ROUND(C1339/D1339,6),"")
19503	Reading, PA	1114	1.611	=IF(D1340>0,ROUND(C1340/D1340,6),"")
19504	Reading, PA	5327	23.154	=IF(D1341>0,ROUND(C1341/D1341,6),"")
19505	Reading, PA	3038	7.889	=IF(D1342>0,ROUND(C1342/D1342,6),"")
19506	Reading, PA	7042	63.335	=IF(D1343>0,ROUND(C1343/D1343,6),"")
19507	Reading, PA	3744	40.607	=IF(D1344>0,ROUND(C1344/D1344,6),"")
19508	Reading, PA	15066	40.67	=IF(D1345>0,ROUND(C1345/D1345,6),"")
19510	Reading, PA	8134	5.149	=IF(D1346>0,ROUND(C1346/D1346,6),"")
19512	Reading, PA	15420	43.273	=IF(D1347>0,ROUND(C1347/D1347,6),"")
19518	Reading, PA	16793	35.804	=IF(D1348>0,ROUND(C1348/D1348,6),"")
19520	Philadelphia-Camden-Wilmington, PA-NJ-DE-MD	6324	37.537	=IF(D1349>0,ROUND(C1349/D1349,6),"")
19522	Reading, PA	13926	46.578	=IF(D1350>0,ROUND(C1350/D1350,6),"")
19525	Philadelphia-Camden-Wilmington, PA-NJ-DE-MD	17859	17.096	=IF(D1351>0,ROUND(C1351/D1351,6),"")
19526	Reading, PA	11412	57.481	=IF(D1352>0,ROUND(C1352/D1352,6),"")
19529	Reading, PA	3228	53.505	=IF(D1353>0,ROUND(C1353/D1353,6),"")
19530	Reading, PA	14896	54.605	=IF(D1354>0,ROUND(C1354/D1354,6),"")
19533	Reading, PA	8823	17.26	=IF(D1355>0,ROUND(C1355/D1355,6),"")
19534	Reading, PA	1983	25.049	=IF(D1356>0,ROUND(C1356/D1356,6),"")
19539	Reading, PA	4112	21.631	=IF(D1357>0,ROUND(C1357/D1357,6),"")
19540	Reading, PA	11705	35.207	=IF(D1358>0,ROUND(C1358/D1358,6),"")
19541	Reading, PA	4371	21.685	=IF(D1359>0,ROUND(C1359/D1359,6),"")
19543	Reading, PA	6172	21.423	=IF(D1360>0,ROUND(C1360/D1360,6),"")
19547	Reading, PA	4558	28.537	=IF(D1361>0,ROUND(C1361/D1361,6),"")
19551	Reading, PA	4578	25.333	=IF(D1362>0,ROUND(C1362/D1362,6),"")
19555	Reading, PA	3415	14.93	=IF(D1363>0,ROUND(C1363/D1363,6),"")
19560	Reading, PA	9544	9.334	=IF(D1364>0,ROUND(C1364/D1364,6),"")
19562	Reading, PA	2965	1.141	=IF(D1365>0,ROUND(C1365/D1365,6),"")
19565	Reading, PA	8744	18.01	=IF(D1366>0,ROUND(C1366/D1366,6),"")
19567	Reading, PA	5882	22.684	=IF(D1367>0,ROUND(C1367/D1367,6),"")
19601	Reading, PA	36493	3.753	=IF(D1368>0,ROUND(C1368/D1368,6),"")
19602	Reading, PA	18001	2.041	=IF(D1369>0,ROUND(C1369/D1369,6),"")
19604	Reading, PA	29408	2.494	=IF(D1370>0,ROUND(C1370/D1370,6),"")
19605	Reading, PA	20916	17.596	=IF(D1371>0,ROUND(C1371/D1371,6),"")
19606	Reading, PA	36097	26.651	=IF(D1372>0,ROUND(C1372/D1372,6),"")
19607	Reading, PA	24332	11.219	=IF(D1373>0,ROUND(C1373/D1373,6),"")
19608	Reading, PA	23986	26.301	=IF(D1374>0,ROUND(C1374/D1374,6),"")
19609	Reading, PA	10003	2.296	=IF(D1375>0,ROUND(C1375/D1375,6),"")
19610	Reading, PA	16231	7.087	=IF(D1376>0,ROUND(C1376/D1376,6),"")
19611	Reading, PA	11170	2.034	=IF(D1377>0,ROUND(C1377/D1377,6),"")
19701	Philadelphia-Camden-Wilmington, PA-NJ-DE-MD	44801	26.573	=IF(D1378>0,ROUND(C1378/D1378,6),"")
19702	Philadelphia-Camden-Wilmington, PA-NJ-DE-MD	56049	28.09	=IF(D1379>0,ROUND(C1379/D1379,6),"")
19703	Philadelphia-Camden-Wilmington, PA-NJ-DE-MD	15936	3.971	=IF(D1380>0,ROUND(C1380/D1380,6),"")
19706	Philadelphia-Camden-Wilmington, PA-NJ-DE-MD	2059	2.531	=IF(D1381>0,ROUND(C1381/D1381,6),"")
19707	Philadelphia-Camden-Wilmington, PA-NJ-DE-MD	17366	13.182	=IF(D1382>0,ROUND(C1382/D1382,6),"")
19709	Philadelphia-Camden-Wilmington, PA-NJ-DE-MD	50542	77.648	=IF(D1383>0,ROUND(C1383/D1383,6),"")
19711	Philadelphia-Camden-Wilmington, PA-NJ-DE-MD	49113	27.407	=IF(D1384>0,ROUND(C1384/D1384,6),"")
19713	Philadelphia-Camden-Wilmington, PA-NJ-DE-MD	30549	13.002	=IF(D1385>0,ROUND(C1385/D1385,6),"")
19720	Philadelphia-Camden-Wilmington, PA-NJ-DE-MD	60593	38.303	=IF(D1386>0,ROUND(C1386/D1386,6),"")
19730	Philadelphia-Camden-Wilmington, PA-NJ-DE-MD	506	0.675	=IF(D1387>0,ROUND(C1387/D1387,6),"")
19731	Philadelphia-Camden-Wilmington, PA-NJ-DE-MD	630	2.527	=IF(D1388>0,ROUND(C1388/D1388,6),"")
19733	Philadelphia-Camden-Wilmington, PA-NJ-DE-MD	182	0.11	=IF(D1389>0,ROUND(C1389/D1389,6),"")
19734	Philadelphia-Camden-Wilmington, PA-NJ-DE-MD	14151	79.858	=IF(D1390>0,ROUND(C1390/D1390,6),"")
19801	Philadelphia-Camden-Wilmington, PA-NJ-DE-MD	16170	4.397	=IF(D1391>0,ROUND(C1391/D1391,6),"")
19802	Philadelphia-Camden-Wilmington, PA-NJ-DE-MD	25670	3.484	=IF(D1392>0,ROUND(C1392/D1392,6),"")
19803	Philadelphia-Camden-Wilmington, PA-NJ-DE-MD	21971	12.659	=IF(D1393>0,ROUND(C1393/D1393,6),"")
19804	Philadelphia-Camden-Wilmington, PA-NJ-DE-MD	18231	7.176	=IF(D1394>0,ROUND(C1394/D1394,6),"")
19805	Philadelphia-Camden-Wilmington, PA-NJ-DE-MD	40315	5.518	=IF(D1395>0,ROUND(C1395/D1395,6),"")
19806	Philadelphia-Camden-Wilmington, PA-NJ-DE-MD	9934	1.705	=IF(D1396>0,ROUND(C1396/D1396,6),"")
19807	Philadelphia-Camden-Wilmington, PA-NJ-DE-MD	7763	18.166	=IF(D1397>0,ROUND(C1397/D1397,6),"")
19808	Philadelphia-Camden-Wilmington, PA-NJ-DE-MD	38334	13.751	=IF(D1398>0,ROUND(C1398/D1398,6),"")
19809	Philadelphia-Camden-Wilmington, PA-NJ-DE-MD	15129	6.756	=IF(D1399>0,ROUND(C1399/D1399,6),"")
19810	Philadelphia-Camden-Wilmington, PA-NJ-DE-MD	25859	7.897	=IF(D1400>0,ROUND(C1400/D1400,6),"")
19901	Dover, DE	39149	75.8	=IF(D1401>0,ROUND(C1401/D1401,6),"")
19904	Dover, DE	38125	43.187	=IF(D1402>0,ROUND(C1402/D1402,6),"")
19930	Salisbury, MD-DE	2873	5.848	=IF(D1403>0,ROUND(C1403/D1403,6),"")
19931	Salisbury, MD-DE	431	1.194	=IF(D1404>0,ROUND(C1404/D1404,6),"")
19933	Salisbury, MD-DE	11409	67.257	=IF(D1405>0,ROUND(C1405/D1405,6),"")
19934	Dover, DE	13579	46.588	=IF(D1406>0,ROUND(C1406/D1406,6),"")
19938	Dover, DE	9867	48.208	=IF(D1407>0,ROUND(C1407/D1407,6),"")
19939	Salisbury, MD-DE	7833	25.971	=IF(D1408>0,ROUND(C1408/D1408,6),"")
19940	Salisbury, MD-DE	7108	41.31	=IF(D1409>0,ROUND(C1409/D1409,6),"")
19941	Salisbury, MD-DE	3120	30.291	=IF(D1410>0,ROUND(C1410/D1410,6),"")
19943	Dover, DE	13167	62.435	=IF(D1411>0,ROUND(C1411/D1411,6),"")
19944	Salisbury, MD-DE	652	1.242	=IF(D1412>0,ROUND(C1412/D1412,6),"")
19945	Salisbury, MD-DE	8917	62.32	=IF(D1413>0,ROUND(C1413/D1413,6),"")
19946	Dover, DE	5508	23.071	=IF(D1414>0,ROUND(C1414/D1414,6),"")
19947	Salisbury, MD-DE	19343	119.218	=IF(D1415>0,ROUND(C1415/D1415,6),"")
19950	Salisbury, MD-DE	7822	72.392	=IF(D1416>0,ROUND(C1416/D1416,6),"")
19951	Salisbury, MD-DE	1957	8.932	=IF(D1417>0,ROUND(C1417/D1417,6),"")
19952	Dover, DE	10730	90.958	=IF(D1418>0,ROUND(C1418/D1418,6),"")
19953	Dover, DE	4614	29.895	=IF(D1419>0,ROUND(C1419/D1419,6),"")
19954	Dover, DE	1728	9.769	=IF(D1420>0,ROUND(C1420/D1420,6),"")
19956	Salisbury, MD-DE	16274	100.4	=IF(D1421>0,ROUND(C1421/D1421,6),"")
19958	Salisbury, MD-DE	29599	47.273	=IF(D1422>0,ROUND(C1422/D1422,6),"")
19960	Salisbury, MD-DE	7083	30.288	=IF(D1423>0,ROUND(C1423/D1423,6),"")
19962	Dover, DE	12618	14.612	=IF(D1424>0,ROUND(C1424/D1424,6),"")
19963	Salisbury, MD-DE	22544	105.121	=IF(D1425>0,ROUND(C1425/D1425,6),"")
19964	Dover, DE	1570	8.117	=IF(D1426>0,ROUND(C1426/D1426,6),"")
19966	Salisbury, MD-DE	34892	89.077	=IF(D1427>0,ROUND(C1427/D1427,6),"")
19967	Salisbury, MD-DE	2093	1.623	=IF(D1428>0,ROUND(C1428/D1428,6),"")
19968	Salisbury, MD-DE	14791	63.899	=IF(D1429>0,ROUND(C1429/D1429,6),"")
19970	Salisbury, MD-DE	8265	9.33	=IF(D1430>0,ROUND(C1430/D1430,6),"")
19971	Salisbury, MD-DE	15528	17.961	=IF(D1431>0,ROUND(C1431/D1431,6),"")
19973	Salisbury, MD-DE	25786	83.99	=IF(D1432>0,ROUND(C1432/D1432,6),"")
19975	Salisbury, MD-DE	10356	25.536	=IF(D1433>0,ROUND(C1433/D1433,6),"")
19977	Dover, DE	27164	83.106	=IF(D1434>0,ROUND(C1434/D1434,6),"")
19979	Dover, DE	503	3.283	=IF(D1435>0,ROUND(C1435/D1435,6),"")
20001	Washington-Arlington-Alexandria, DC-VA-MD-WV	44022	2.047	=IF(D1436>0,ROUND(C1436/D1436,6),"")
20002	Washington-Arlington-Alexandria, DC-VA-MD-WV	70580	5.137	=IF(D1437>0,ROUND(C1437/D1437,6),"")
20003	Washington-Arlington-Alexandria, DC-VA-MD-WV	36194	2.273	=IF(D1438>0,ROUND(C1438/D1438,6),"")
20005	Washington-Arlington-Alexandria, DC-VA-MD-WV	12960	0.433	=IF(D1439>0,ROUND(C1439/D1439,6),"")
20007	Washington-Arlington-Alexandria, DC-VA-MD-WV	23696	3.09	=IF(D1440>0,ROUND(C1440/D1440,6),"")
20008	Washington-Arlington-Alexandria, DC-VA-MD-WV	28743	3.089	=IF(D1441>0,ROUND(C1441/D1441,6),"")
20009	Washington-Arlington-Alexandria, DC-VA-MD-WV	49997	1.318	=IF(D1442>0,ROUND(C1442/D1442,6),"")
20010	Washington-Arlington-Alexandria, DC-VA-MD-WV	31591	0.995	=IF(D1443>0,ROUND(C1443/D1443,6),"")
20011	Washington-Arlington-Alexandria, DC-VA-MD-WV	66951	5.363	=IF(D1444>0,ROUND(C1444/D1444,6),"")
20012	Washington-Arlington-Alexandria, DC-VA-MD-WV	17662	2.063	=IF(D1445>0,ROUND(C1445/D1445,6),"")
20015	Washington-Arlington-Alexandria, DC-VA-MD-WV	15413	3.476	=IF(D1446>0,ROUND(C1446/D1446,6),"")
20016	Washington-Arlington-Alexandria, DC-VA-MD-WV	31668	4.431	=IF(D1447>0,ROUND(C1447/D1447,6),"")
20017	Washington-Arlington-Alexandria, DC-VA-MD-WV	21013	2.222	=IF(D1448>0,ROUND(C1448/D1448,6),"")
20018	Washington-Arlington-Alexandria, DC-VA-MD-WV	19956	3.018	=IF(D1449>0,ROUND(C1449/D1449,6),"")
20019	Washington-Arlington-Alexandria, DC-VA-MD-WV	64365	6.136	=IF(D1450>0,ROUND(C1450/D1450,6),"")
20020	Washington-Arlington-Alexandria, DC-VA-MD-WV	53885	4.599	=IF(D1451>0,ROUND(C1451/D1451,6),"")
20024	Washington-Arlington-Alexandria, DC-VA-MD-WV	16197	2.194	=IF(D1452>0,ROUND(C1452/D1452,6),"")
20032	Washington-Arlington-Alexandria, DC-VA-MD-WV	38828	5.248	=IF(D1453>0,ROUND(C1453/D1453,6),"")
20036	Washington-Arlington-Alexandria, DC-VA-MD-WV	4635	0.325	=IF(D1454>0,ROUND(C1454/D1454,6),"")
20037	Washington-Arlington-Alexandria, DC-VA-MD-WV	12441	0.732	=IF(D1455>0,ROUND(C1455/D1455,6),"")
20105	Washington-Arlington-Alexandria, DC-VA-MD-WV	35539	35.665	=IF(D1456>0,ROUND(C1456/D1456,6),"")
20106	Washington-Arlington-Alexandria, DC-VA-MD-WV	4100	53.438	=IF(D1457>0,ROUND(C1457/D1457,6),"")
20109	Washington-Arlington-Alexandria, DC-VA-MD-WV	44161	23.827	=IF(D1458>0,ROUND(C1458/D1458,6),"")
20110	Washington-Arlington-Alexandria, DC-VA-MD-WV	49452	12.836	=IF(D1459>0,ROUND(C1459/D1459,6),"")
20111	Washington-Arlington-Alexandria, DC-VA-MD-WV	38153	16.405	=IF(D1460>0,ROUND(C1460/D1460,6),"")
20112	Washington-Arlington-Alexandria, DC-VA-MD-WV	29617	33.887	=IF(D1461>0,ROUND(C1461/D1461,6),"")
20115	Washington-Arlington-Alexandria, DC-VA-MD-WV	8110	98.626	=IF(D1462>0,ROUND(C1462/D1462,6),"")
20117	Washington-Arlington-Alexandria, DC-VA-MD-WV	3248	48.607	=IF(D1463>0,ROUND(C1463/D1463,6),"")
20119	Washington-Arlington-Alexandria, DC-VA-MD-WV	3543	64.907	=IF(D1464>0,ROUND(C1464/D1464,6),"")
20120	Washington-Arlington-Alexandria, DC-VA-MD-WV	42917	17.98	=IF(D1465>0,ROUND(C1465/D1465,6),"")
20121	Washington-Arlington-Alexandria, DC-VA-MD-WV	27507	8.66	=IF(D1466>0,ROUND(C1466/D1466,6),"")
20124	Washington-Arlington-Alexandria, DC-VA-MD-WV	14557	21.69	=IF(D1467>0,ROUND(C1467/D1467,6),"")
20129	Washington-Arlington-Alexandria, DC-VA-MD-WV	469	4.283	=IF(D1468>0,ROUND(C1468/D1468,6),"")
20130	Washington-Arlington-Alexandria, DC-VA-MD-WV	217	11.053	=IF(D1469>0,ROUND(C1469/D1469,6),"")
20132	Washington-Arlington-Alexandria, DC-VA-MD-WV	19241	84.564	=IF(D1470>0,ROUND(C1470/D1470,6),"")
20135	Washington-Arlington-Alexandria, DC-VA-MD-WV	3376	38.631	=IF(D1471>0,ROUND(C1471/D1471,6),"")
20136	Washington-Arlington-Alexandria, DC-VA-MD-WV	31204	13.835	=IF(D1472>0,ROUND(C1472/D1472,6),"")
20137	Washington-Arlington-Alexandria, DC-VA-MD-WV	1734	18.49	=IF(D1473>0,ROUND(C1473/D1473,6),"")
20141	Washington-Arlington-Alexandria, DC-VA-MD-WV	8323	26.012	=IF(D1474>0,ROUND(C1474/D1474,6),"")
20143	Washington-Arlington-Alexandria, DC-VA-MD-WV	744	6.378	=IF(D1475>0,ROUND(C1475/D1475,6),"")
20144	Washington-Arlington-Alexandria, DC-VA-MD-WV	1322	44.605	=IF(D1476>0,ROUND(C1476/D1476,6),"")
20147	Washington-Arlington-Alexandria, DC-VA-MD-WV	67007	19.844	=IF(D1477>0,ROUND(C1477/D1477,6),"")
20148	Washington-Arlington-Alexandria, DC-VA-MD-WV	63615	19.392	=IF(D1478>0,ROUND(C1478/D1478,6),"")
20151	Washington-Arlington-Alexandria, DC-VA-MD-WV	22502	15.858	=IF(D1479>0,ROUND(C1479/D1479,6),"")
20152	Washington-Arlington-Alexandria, DC-VA-MD-WV	36453	13.324	=IF(D1480>0,ROUND(C1480/D1480,6),"")
20155	Washington-Arlington-Alexandria, DC-VA-MD-WV	37516	25.475	=IF(D1481>0,ROUND(C1481/D1481,6),"")
20158	Washington-Arlington-Alexandria, DC-VA-MD-WV	5137	13.25	=IF(D1482>0,ROUND(C1482/D1482,6),"")
20164	Washington-Arlington-Alexandria, DC-VA-MD-WV	42694	7.607	=IF(D1483>0,ROUND(C1483/D1483,6),"")
20165	Washington-Arlington-Alexandria, DC-VA-MD-WV	34210	9.848	=IF(D1484>0,ROUND(C1484/D1484,6),"")
20166	Washington-Arlington-Alexandria, DC-VA-MD-WV	13854	27.188	=IF(D1485>0,ROUND(C1485/D1485,6),"")
20169	Washington-Arlington-Alexandria, DC-VA-MD-WV	28696	37.424	=IF(D1486>0,ROUND(C1486/D1486,6),"")
20170	Washington-Arlington-Alexandria, DC-VA-MD-WV	43372	8.755	=IF(D1487>0,ROUND(C1487/D1487,6),"")
20171	Washington-Arlington-Alexandria, DC-VA-MD-WV	50796	11.617	=IF(D1488>0,ROUND(C1488/D1488,6),"")
20175	Washington-Arlington-Alexandria, DC-VA-MD-WV	35038	59.01	=IF(D1489>0,ROUND(C1489/D1489,6),"")
20176	Washington-Arlington-Alexandria, DC-VA-MD-WV	50002	54.901	=IF(D1490>0,ROUND(C1490/D1490,6),"")
20180	Washington-Arlington-Alexandria, DC-VA-MD-WV	7791	43.036	=IF(D1491>0,ROUND(C1491/D1491,6),"")
20181	Washington-Arlington-Alexandria, DC-VA-MD-WV	10128	77.902	=IF(D1492>0,ROUND(C1492/D1492,6),"")
20184	Washington-Arlington-Alexandria, DC-VA-MD-WV	504	36.07	=IF(D1493>0,ROUND(C1493/D1493,6),"")
20186	Washington-Arlington-Alexandria, DC-VA-MD-WV	15433	58.684	=IF(D1494>0,ROUND(C1494/D1494,6),"")
20187	Washington-Arlington-Alexandria, DC-VA-MD-WV	19428	51.067	=IF(D1495>0,ROUND(C1495/D1495,6),"")
20190	Washington-Arlington-Alexandria, DC-VA-MD-WV	22092	4.363	=IF(D1496>0,ROUND(C1496/D1496,6),"")
20191	Washington-Arlington-Alexandria, DC-VA-MD-WV	30077	7.756	=IF(D1497>0,ROUND(C1497/D1497,6),"")
20194	Washington-Arlington-Alexandria, DC-VA-MD-WV	12334	3.118	=IF(D1498>0,ROUND(C1498/D1498,6),"")
20197	Washington-Arlington-Alexandria, DC-VA-MD-WV	2212	14.686	=IF(D1499>0,ROUND(C1499/D1499,6),"")
20198	Washington-Arlington-Alexandria, DC-VA-MD-WV	2178	69.564	=IF(D1500>0,ROUND(C1500/D1500,6),"")
20601	Washington-Arlington-Alexandria, DC-VA-MD-WV	27340	47.826	=IF(D1501>0,ROUND(C1501/D1501,6),"")
20602	Washington-Arlington-Alexandria, DC-VA-MD-WV	29425	14.47	=IF(D1502>0,ROUND(C1502/D1502,6),"")
20603	Washington-Arlington-Alexandria, DC-VA-MD-WV	32649	16.197	=IF(D1503>0,ROUND(C1503/D1503,6),"")
20607	Washington-Arlington-Alexandria, DC-VA-MD-WV	12506	19.638	=IF(D1504>0,ROUND(C1504/D1504,6),"")
20608	Washington-Arlington-Alexandria, DC-VA-MD-WV	629	17.668	=IF(D1505>0,ROUND(C1505/D1505,6),"")
20611	Washington-Arlington-Alexandria, DC-VA-MD-WV	1128	8.311	=IF(D1506>0,ROUND(C1506/D1506,6),"")
20612	Washington-Arlington-Alexandria, DC-VA-MD-WV	68	0.233	=IF(D1507>0,ROUND(C1507/D1507,6),"")
20613	Washington-Arlington-Alexandria, DC-VA-MD-WV	15923	72.413	=IF(D1508>0,ROUND(C1508/D1508,6),"")
20615	Washington-Arlington-Alexandria, DC-VA-MD-WV	422	0.727	=IF(D1509>0,ROUND(C1509/D1509,6),"")
20616	Washington-Arlington-Alexandria, DC-VA-MD-WV	7435	9.69	=IF(D1510>0,ROUND(C1510/D1510,6),"")
20617	Washington-Arlington-Alexandria, DC-VA-MD-WV	368	6.005	=IF(D1511>0,ROUND(C1511/D1511,6),"")
20622	Washington-Arlington-Alexandria, DC-VA-MD-WV	5259	36.528	=IF(D1512>0,ROUND(C1512/D1512,6),"")
20623	Washington-Arlington-Alexandria, DC-VA-MD-WV	2846	1.919	=IF(D1513>0,ROUND(C1513/D1513,6),"")
20625	Washington-Arlington-Alexandria, DC-VA-MD-WV	1135	0.489	=IF(D1514>0,ROUND(C1514/D1514,6),"")
20629	Washington-Arlington-Alexandria, DC-VA-MD-WV	1067	0.839	=IF(D1515>0,ROUND(C1515/D1515,6),"")
20632	Washington-Arlington-Alexandria, DC-VA-MD-WV	687	6.571	=IF(D1516>0,ROUND(C1516/D1516,6),"")
20637	Washington-Arlington-Alexandria, DC-VA-MD-WV	6337	32.721	=IF(D1517>0,ROUND(C1517/D1517,6),"")
20639	Washington-Arlington-Alexandria, DC-VA-MD-WV	14969	41.595	=IF(D1518>0,ROUND(C1518/D1518,6),"")
20640	Washington-Arlington-Alexandria, DC-VA-MD-WV	10254	41.723	=IF(D1519>0,ROUND(C1519/D1519,6),"")
20645	Washington-Arlington-Alexandria, DC-VA-MD-WV	717	1.377	=IF(D1520>0,ROUND(C1520/D1520,6),"")
20646	Washington-Arlington-Alexandria, DC-VA-MD-WV	21601	79.772	=IF(D1521>0,ROUND(C1521/D1521,6),"")
20657	Washington-Arlington-Alexandria, DC-VA-MD-WV	20519	29.863	=IF(D1522>0,ROUND(C1522/D1522,6),"")
20658	Washington-Arlington-Alexandria, DC-VA-MD-WV	862	4.365	=IF(D1523>0,ROUND(C1523/D1523,6),"")
20662	Washington-Arlington-Alexandria, DC-VA-MD-WV	2326	56.414	=IF(D1524>0,ROUND(C1524/D1524,6),"")
20664	Washington-Arlington-Alexandria, DC-VA-MD-WV	3121	40.871	=IF(D1525>0,ROUND(C1525/D1525,6),"")
20675	Washington-Arlington-Alexandria, DC-VA-MD-WV	1836	7.126	=IF(D1526>0,ROUND(C1526/D1526,6),"")
20676	Washington-Arlington-Alexandria, DC-VA-MD-WV	3412	14.425	=IF(D1527>0,ROUND(C1527/D1527,6),"")
20677	Washington-Arlington-Alexandria, DC-VA-MD-WV	2113	15.649	=IF(D1528>0,ROUND(C1528/D1528,6),"")
20678	Washington-Arlington-Alexandria, DC-VA-MD-WV	12686	44.873	=IF(D1529>0,ROUND(C1529/D1529,6),"")
20685	Washington-Arlington-Alexandria, DC-VA-MD-WV	6481	22.903	=IF(D1530>0,ROUND(C1530/D1530,6),"")
20688	Washington-Arlington-Alexandria, DC-VA-MD-WV	1113	1.152	=IF(D1531>0,ROUND(C1531/D1531,6),"")
20689	Washington-Arlington-Alexandria, DC-VA-MD-WV	2046	7.709	=IF(D1532>0,ROUND(C1532/D1532,6),"")
20693	Washington-Arlington-Alexandria, DC-VA-MD-WV	1238	20.178	=IF(D1533>0,ROUND(C1533/D1533,6),"")
20695	Washington-Arlington-Alexandria, DC-VA-MD-WV	12725	14.387	=IF(D1534>0,ROUND(C1534/D1534,6),"")
20705	Washington-Arlington-Alexandria, DC-VA-MD-WV	28119	14.451	=IF(D1535>0,ROUND(C1535/D1535,6),"")
20706	Washington-Arlington-Alexandria, DC-VA-MD-WV	43225	10.05	=IF(D1536>0,ROUND(C1536/D1536,6),"")
20707	Washington-Arlington-Alexandria, DC-VA-MD-WV	36549	12.644	=IF(D1537>0,ROUND(C1537/D1537,6),"")
20708	Washington-Arlington-Alexandria, DC-VA-MD-WV	26599	12.106	=IF(D1538>0,ROUND(C1538/D1538,6),"")
20710	Washington-Arlington-Alexandria, DC-VA-MD-WV	9764	1.117	=IF(D1539>0,ROUND(C1539/D1539,6),"")
20711	Baltimore-Columbia-Towson, MD	7629	33.813	=IF(D1540>0,ROUND(C1540/D1540,6),"")
20712	Washington-Arlington-Alexandria, DC-VA-MD-WV	9179	0.73	=IF(D1541>0,ROUND(C1541/D1541,6),"")
20714	Washington-Arlington-Alexandria, DC-VA-MD-WV	4995	1.423	=IF(D1542>0,ROUND(C1542/D1542,6),"")
20715	Washington-Arlington-Alexandria, DC-VA-MD-WV	26519	14.053	=IF(D1543>0,ROUND(C1543/D1543,6),"")
20716	Washington-Arlington-Alexandria, DC-VA-MD-WV	22739	11.493	=IF(D1544>0,ROUND(C1544/D1544,6),"")
20720	Washington-Arlington-Alexandria, DC-VA-MD-WV	26243	14.737	=IF(D1545>0,ROUND(C1545/D1545,6),"")
20721	Washington-Arlington-Alexandria, DC-VA-MD-WV	30342	16.833	=IF(D1546>0,ROUND(C1546/D1546,6),"")
20722	Washington-Arlington-Alexandria, DC-VA-MD-WV	6362	1.471	=IF(D1547>0,ROUND(C1547/D1547,6),"")
20723	Baltimore-Columbia-Towson, MD	36319	13.019	=IF(D1548>0,ROUND(C1548/D1548,6),"")
20724	Baltimore-Columbia-Towson, MD	18669	18.827	=IF(D1549>0,ROUND(C1549/D1549,6),"")
20732	Washington-Arlington-Alexandria, DC-VA-MD-WV	10940	11.15	=IF(D1550>0,ROUND(C1550/D1550,6),"")
20733	Baltimore-Columbia-Towson, MD	2780	3.6	=IF(D1551>0,ROUND(C1551/D1551,6),"")
20735	Washington-Arlington-Alexandria, DC-VA-MD-WV	37926	25.926	=IF(D1552>0,ROUND(C1552/D1552,6),"")
20736	Washington-Arlington-Alexandria, DC-VA-MD-WV	9775	24.736	=IF(D1553>0,ROUND(C1553/D1553,6),"")
20737	Washington-Arlington-Alexandria, DC-VA-MD-WV	24987	3.165	=IF(D1554>0,ROUND(C1554/D1554,6),"")
20740	Washington-Arlington-Alexandria, DC-VA-MD-WV	36564	8.784	=IF(D1555>0,ROUND(C1555/D1555,6),"")
20743	Washington-Arlington-Alexandria, DC-VA-MD-WV	39439	9.639	=IF(D1556>0,ROUND(C1556/D1556,6),"")
20744	Washington-Arlington-Alexandria, DC-VA-MD-WV	56236	26.092	=IF(D1557>0,ROUND(C1557/D1557,6),"")
20745	Washington-Arlington-Alexandria, DC-VA-MD-WV	29518	6.507	=IF(D1558>0,ROUND(C1558/D1558,6),"")
20746	Washington-Arlington-Alexandria, DC-VA-MD-WV	27494	7.566	=IF(D1559>0,ROUND(C1559/D1559,6),"")
20747	Washington-Arlington-Alexandria, DC-VA-MD-WV	37924	7.901	=IF(D1560>0,ROUND(C1560/D1560,6),"")
20748	Washington-Arlington-Alexandria, DC-VA-MD-WV	40094	9.301	=IF(D1561>0,ROUND(C1561/D1561,6),"")
20751	Baltimore-Columbia-Towson, MD	2552	5.187	=IF(D1562>0,ROUND(C1562/D1562,6),"")
20754	Washington-Arlington-Alexandria, DC-VA-MD-WV	7512	16.03	=IF(D1563>0,ROUND(C1563/D1563,6),"")
20758	Baltimore-Columbia-Towson, MD	570	4.857	=IF(D1564>0,ROUND(C1564/D1564,6),"")
20759	Baltimore-Columbia-Towson, MD	6758	6.284	=IF(D1565>0,ROUND(C1565/D1565,6),"")
20763	Baltimore-Columbia-Towson, MD	2320	1.066	=IF(D1566>0,ROUND(C1566/D1566,6),"")
20764	Baltimore-Columbia-Towson, MD	3011	3.974	=IF(D1567>0,ROUND(C1567/D1567,6),"")
20765	Baltimore-Columbia-Towson, MD	631	0.471	=IF(D1568>0,ROUND(C1568/D1568,6),"")
20769	Washington-Arlington-Alexandria, DC-VA-MD-WV	7061	6.494	=IF(D1569>0,ROUND(C1569/D1569,6),"")
20770	Washington-Arlington-Alexandria, DC-VA-MD-WV	28181	7.308	=IF(D1570>0,ROUND(C1570/D1570,6),"")
20772	Washington-Arlington-Alexandria, DC-VA-MD-WV	52768	72.468	=IF(D1571>0,ROUND(C1571/D1571,6),"")
20774	Washington-Arlington-Alexandria, DC-VA-MD-WV	52221	34.877	=IF(D1572>0,ROUND(C1572/D1572,6),"")
20776	Baltimore-Columbia-Towson, MD	3354	21.615	=IF(D1573>0,ROUND(C1573/D1573,6),"")
20777	Baltimore-Columbia-Towson, MD	3046	7.543	=IF(D1574>0,ROUND(C1574/D1574,6),"")
20778	Baltimore-Columbia-Towson, MD	2243	7.641	=IF(D1575>0,ROUND(C1575/D1575,6),"")
20779	Baltimore-Columbia-Towson, MD	1010	6.822	=IF(D1576>0,ROUND(C1576/D1576,6),"")
20781	Washington-Arlington-Alexandria, DC-VA-MD-WV	13274	2.459	=IF(D1577>0,ROUND(C1577/D1577,6),"")
20782	Washington-Arlington-Alexandria, DC-VA-MD-WV	34646	4.252	=IF(D1578>0,ROUND(C1578/D1578,6),"")
20783	Washington-Arlington-Alexandria, DC-VA-MD-WV	50893	5.839	=IF(D1579>0,ROUND(C1579/D1579,6),"")
20784	Washington-Arlington-Alexandria, DC-VA-MD-WV	32271	4.14	=IF(D1580>0,ROUND(C1580/D1580,6),"")
20785	Washington-Arlington-Alexandria, DC-VA-MD-WV	40946	10.12	=IF(D1581>0,ROUND(C1581/D1581,6),"")
20794	Baltimore-Columbia-Towson, MD	16182	9.644	=IF(D1582>0,ROUND(C1582/D1582,6),"")
20812	Washington-Arlington-Alexandria, DC-VA-MD-WV	314	0.177	=IF(D1583>0,ROUND(C1583/D1583,6),"")
20814	Washington-Arlington-Alexandria, DC-VA-MD-WV	30822	4.459	=IF(D1584>0,ROUND(C1584/D1584,6),"")
20815	Washington-Arlington-Alexandria, DC-VA-MD-WV	31269	5.384	=IF(D1585>0,ROUND(C1585/D1585,6),"")
20816	Washington-Arlington-Alexandria, DC-VA-MD-WV	18081	3.564	=IF(D1586>0,ROUND(C1586/D1586,6),"")
20817	Washington-Arlington-Alexandria, DC-VA-MD-WV	37738	14.038	=IF(D1587>0,ROUND(C1587/D1587,6),"")
20818	Washington-Arlington-Alexandria, DC-VA-MD-WV	1602	0.928	=IF(D1588>0,ROUND(C1588/D1588,6),"")
20832	Washington-Arlington-Alexandria, DC-VA-MD-WV	25766	9.61	=IF(D1589>0,ROUND(C1589/D1589,6),"")
20833	Washington-Arlington-Alexandria, DC-VA-MD-WV	7868	19.107	=IF(D1590>0,ROUND(C1590/D1590,6),"")
20837	Washington-Arlington-Alexandria, DC-VA-MD-WV	6605	40.284	=IF(D1591>0,ROUND(C1591/D1591,6),"")
20838	Washington-Arlington-Alexandria, DC-VA-MD-WV	409	0.935	=IF(D1592>0,ROUND(C1592/D1592,6),"")
20839	Washington-Arlington-Alexandria, DC-VA-MD-WV	116	3.053	=IF(D1593>0,ROUND(C1593/D1593,6),"")
20841	Washington-Arlington-Alexandria, DC-VA-MD-WV	9706	27.15	=IF(D1594>0,ROUND(C1594/D1594,6),"")
20842	Washington-Arlington-Alexandria, DC-VA-MD-WV	2093	55.651	=IF(D1595>0,ROUND(C1595/D1595,6),"")
20850	Washington-Arlington-Alexandria, DC-VA-MD-WV	50365	14.118	=IF(D1596>0,ROUND(C1596/D1596,6),"")
20851	Washington-Arlington-Alexandria, DC-VA-MD-WV	14660	2.536	=IF(D1597>0,ROUND(C1597/D1597,6),"")
20852	Washington-Arlington-Alexandria, DC-VA-MD-WV	47857	8.074	=IF(D1598>0,ROUND(C1598/D1598,6),"")
20853	Washington-Arlington-Alexandria, DC-VA-MD-WV	31438	9.03	=IF(D1599>0,ROUND(C1599/D1599,6),"")
20854	Washington-Arlington-Alexandria, DC-VA-MD-WV	49694	33.847	=IF(D1600>0,ROUND(C1600/D1600,6),"")
20855	Washington-Arlington-Alexandria, DC-VA-MD-WV	16557	13.074	=IF(D1601>0,ROUND(C1601/D1601,6),"")
20860	Washington-Arlington-Alexandria, DC-VA-MD-WV	2062	3.608	=IF(D1602>0,ROUND(C1602/D1602,6),"")
20861	Washington-Arlington-Alexandria, DC-VA-MD-WV	3020	5.176	=IF(D1603>0,ROUND(C1603/D1603,6),"")
20862	Washington-Arlington-Alexandria, DC-VA-MD-WV	393	1.577	=IF(D1604>0,ROUND(C1604/D1604,6),"")
20866	Washington-Arlington-Alexandria, DC-VA-MD-WV	16499	7.027	=IF(D1605>0,ROUND(C1605/D1605,6),"")
20868	Washington-Arlington-Alexandria, DC-VA-MD-WV	384	1.626	=IF(D1606>0,ROUND(C1606/D1606,6),"")
20871	Washington-Arlington-Alexandria, DC-VA-MD-WV	28329	22.878	=IF(D1607>0,ROUND(C1607/D1607,6),"")
20872	Washington-Arlington-Alexandria, DC-VA-MD-WV	13138	19.889	=IF(D1608>0,ROUND(C1608/D1608,6),"")
20874	Washington-Arlington-Alexandria, DC-VA-MD-WV	62233	22.675	=IF(D1609>0,ROUND(C1609/D1609,6),"")
20876	Washington-Arlington-Alexandria, DC-VA-MD-WV	26511	10.852	=IF(D1610>0,ROUND(C1610/D1610,6),"")
20877	Washington-Arlington-Alexandria, DC-VA-MD-WV	39068	5.634	=IF(D1611>0,ROUND(C1611/D1611,6),"")
20878	Washington-Arlington-Alexandria, DC-VA-MD-WV	65236	20.449	=IF(D1612>0,ROUND(C1612/D1612,6),"")
20879	Washington-Arlington-Alexandria, DC-VA-MD-WV	26120	8.618	=IF(D1613>0,ROUND(C1613/D1613,6),"")
20880	Washington-Arlington-Alexandria, DC-VA-MD-WV	590	0.334	=IF(D1614>0,ROUND(C1614/D1614,6),"")
20882	Washington-Arlington-Alexandria, DC-VA-MD-WV	13661	37.754	=IF(D1615>0,ROUND(C1615/D1615,6),"")
20886	Washington-Arlington-Alexandria, DC-VA-MD-WV	34419	4.102	=IF(D1616>0,ROUND(C1616/D1616,6),"")
20895	Washington-Arlington-Alexandria, DC-VA-MD-WV	19042	4.074	=IF(D1617>0,ROUND(C1617/D1617,6),"")
20896	Washington-Arlington-Alexandria, DC-VA-MD-WV	890	0.342	=IF(D1618>0,ROUND(C1618/D1618,6),"")
20901	Washington-Arlington-Alexandria, DC-VA-MD-WV	37338	5.348	=IF(D1619>0,ROUND(C1619/D1619,6),"")
20902	Washington-Arlington-Alexandria, DC-VA-MD-WV	53170	7.564	=IF(D1620>0,ROUND(C1620/D1620,6),"")
20903	Washington-Arlington-Alexandria, DC-VA-MD-WV	25540	3.41	=IF(D1621>0,ROUND(C1621/D1621,6),"")
20904	Washington-Arlington-Alexandria, DC-VA-MD-WV	57244	13.729	=IF(D1622>0,ROUND(C1622/D1622,6),"")
20905	Washington-Arlington-Alexandria, DC-VA-MD-WV	18268	11.786	=IF(D1623>0,ROUND(C1623/D1623,6),"")
20906	Washington-Arlington-Alexandria, DC-VA-MD-WV	71216	12.734	=IF(D1624>0,ROUND(C1624/D1624,6),"")
20910	Washington-Arlington-Alexandria, DC-VA-MD-WV	45096	4.596	=IF(D1625>0,ROUND(C1625/D1625,6),"")
20912	Washington-Arlington-Alexandria, DC-VA-MD-WV	25428	2.679	=IF(D1626>0,ROUND(C1626/D1626,6),"")
21001	Baltimore-Columbia-Towson, MD	26121	29.96	=IF(D1627>0,ROUND(C1627/D1627,6),"")
21009	Baltimore-Columbia-Towson, MD	33444	11.402	=IF(D1628>0,ROUND(C1628/D1628,6),"")
21012	Baltimore-Columbia-Towson, MD	22306	9.779	=IF(D1629>0,ROUND(C1629/D1629,6),"")
21013	Baltimore-Columbia-Towson, MD	5985	15.001	=IF(D1630>0,ROUND(C1630/D1630,6),"")
21014	Baltimore-Columbia-Towson, MD	37976	13.916	=IF(D1631>0,ROUND(C1631/D1631,6),"")
21015	Baltimore-Columbia-Towson, MD	30451	31.249	=IF(D1632>0,ROUND(C1632/D1632,6),"")
21017	Baltimore-Columbia-Towson, MD	6404	2.677	=IF(D1633>0,ROUND(C1633/D1633,6),"")
21028	Baltimore-Columbia-Towson, MD	2872	12.863	=IF(D1634>0,ROUND(C1634/D1634,6),"")
21029	Baltimore-Columbia-Towson, MD	13783	16.917	=IF(D1635>0,ROUND(C1635/D1635,6),"")
21030	Baltimore-Columbia-Towson, MD	25312	24.05	=IF(D1636>0,ROUND(C1636/D1636,6),"")
21032	Baltimore-Columbia-Towson, MD	8553	17.289	=IF(D1637>0,ROUND(C1637/D1637,6),"")
21034	Baltimore-Columbia-Towson, MD	2802	26.667	=IF(D1638>0,ROUND(C1638/D1638,6),"")
21035	Baltimore-Columbia-Towson, MD	7787	31.054	=IF(D1639>0,ROUND(C1639/D1639,6),"")
21036	Baltimore-Columbia-Towson, MD	2162	6.253	=IF(D1640>0,ROUND(C1640/D1640,6),"")
21037	Baltimore-Columbia-Towson, MD	20851	16.8	=IF(D1641>0,ROUND(C1641/D1641,6),"")
21040	Baltimore-Columbia-Towson, MD	25290	9.814	=IF(D1642>0,ROUND(C1642/D1642,6),"")
21042	Baltimore-Columbia-Towson, MD	43021	37.001	=IF(D1643>0,ROUND(C1643/D1643,6),"")
21043	Baltimore-Columbia-Towson, MD	47134	17.097	=IF(D1644>0,ROUND(C1644/D1644,6),"")
21044	Baltimore-Columbia-Towson, MD	44775	11.887	=IF(D1645>0,ROUND(C1645/D1645,6),"")
21045	Baltimore-Columbia-Towson, MD	40866	9.698	=IF(D1646>0,ROUND(C1646/D1646,6),"")
21046	Baltimore-Columbia-Towson, MD	15433	7.81	=IF(D1647>0,ROUND(C1647/D1647,6),"")
21047	Baltimore-Columbia-Towson, MD	13540	22.545	=IF(D1648>0,ROUND(C1648/D1648,6),"")
21048	Baltimore-Columbia-Towson, MD	10002	27.258	=IF(D1649>0,ROUND(C1649/D1649,6),"")
21050	Baltimore-Columbia-Towson, MD	17848	28.997	=IF(D1650>0,ROUND(C1650/D1650,6),"")
21051	Baltimore-Columbia-Towson, MD	132	0.398	=IF(D1651>0,ROUND(C1651/D1651,6),"")
21052	Baltimore-Columbia-Towson, MD	246	0.402	=IF(D1652>0,ROUND(C1652/D1652,6),"")
21053	Baltimore-Columbia-Towson, MD	3018	21.697	=IF(D1653>0,ROUND(C1653/D1653,6),"")
21054	Baltimore-Columbia-Towson, MD	15412	15.914	=IF(D1654>0,ROUND(C1654/D1654,6),"")
21056	Baltimore-Columbia-Towson, MD	264	1.376	=IF(D1655>0,ROUND(C1655/D1655,6),"")
21057	Baltimore-Columbia-Towson, MD	4463	15.892	=IF(D1656>0,ROUND(C1656/D1656,6),"")
21060	Baltimore-Columbia-Towson, MD	39225	12.978	=IF(D1657>0,ROUND(C1657/D1657,6),"")
21061	Baltimore-Columbia-Towson, MD	56453	12.191	=IF(D1658>0,ROUND(C1658/D1658,6),"")
21071	Baltimore-Columbia-Towson, MD	355	1.501	=IF(D1659>0,ROUND(C1659/D1659,6),"")
21074	Baltimore-Columbia-Towson, MD	15070	37.69	=IF(D1660>0,ROUND(C1660/D1660,6),"")
21075	Baltimore-Columbia-Towson, MD	37146	13.931	=IF(D1661>0,ROUND(C1661/D1661,6),"")
21076	Baltimore-Columbia-Towson, MD	23642	13.143	=IF(D1662>0,ROUND(C1662/D1662,6),"")
21077	Baltimore-Columbia-Towson, MD	137	0.439	=IF(D1663>0,ROUND(C1663/D1663,6),"")
21078	Baltimore-Columbia-Towson, MD	20002	30.101	=IF(D1664>0,ROUND(C1664/D1664,6),"")
21082	Baltimore-Columbia-Towson, MD	525	6.013	=IF(D1665>0,ROUND(C1665/D1665,6),"")
21084	Baltimore-Columbia-Towson, MD	7488	23.76	=IF(D1666>0,ROUND(C1666/D1666,6),"")
21085	Baltimore-Columbia-Towson, MD	16511	18.972	=IF(D1667>0,ROUND(C1667/D1667,6),"")
21087	Baltimore-Columbia-Towson, MD	5742	14.634	=IF(D1668>0,ROUND(C1668/D1668,6),"")
21090	Baltimore-Columbia-Towson, MD	10033	6.641	=IF(D1669>0,ROUND(C1669/D1669,6),"")
21093	Baltimore-Columbia-Towson, MD	38895	20.229	=IF(D1670>0,ROUND(C1670/D1670,6),"")
21102	Baltimore-Columbia-Towson, MD	12176	40.638	=IF(D1671>0,ROUND(C1671/D1671,6),"")
21104	Baltimore-Columbia-Towson, MD	5786	17.052	=IF(D1672>0,ROUND(C1672/D1672,6),"")
21108	Baltimore-Columbia-Towson, MD	17894	12.914	=IF(D1673>0,ROUND(C1673/D1673,6),"")
21111	Baltimore-Columbia-Towson, MD	4690	35.347	=IF(D1674>0,ROUND(C1674/D1674,6),"")
21113	Baltimore-Columbia-Towson, MD	38053	14.951	=IF(D1675>0,ROUND(C1675/D1675,6),"")
21114	Baltimore-Columbia-Towson, MD	25724	5.779	=IF(D1676>0,ROUND(C1676/D1676,6),"")
21117	Baltimore-Columbia-Towson, MD	61337	29.717	=IF(D1677>0,ROUND(C1677/D1677,6),"")
21120	Baltimore-Columbia-Towson, MD	7286	41.996	=IF(D1678>0,ROUND(C1678/D1678,6),"")
21122	Baltimore-Columbia-Towson, MD	61589	31.375	=IF(D1679>0,ROUND(C1679/D1679,6),"")
21128	Baltimore-Columbia-Towson, MD	14954	6.807	=IF(D1680>0,ROUND(C1680/D1680,6),"")
21131	Baltimore-Columbia-Towson, MD	7050	21.033	=IF(D1681>0,ROUND(C1681/D1681,6),"")
21132	Baltimore-Columbia-Towson, MD	2904	22.361	=IF(D1682>0,ROUND(C1682/D1682,6),"")
21133	Baltimore-Columbia-Towson, MD	31847	8.961	=IF(D1683>0,ROUND(C1683/D1683,6),"")
21136	Baltimore-Columbia-Towson, MD	33778	56.198	=IF(D1684>0,ROUND(C1684/D1684,6),"")
21140	Baltimore-Columbia-Towson, MD	4231	1.417	=IF(D1685>0,ROUND(C1685/D1685,6),"")
21144	Baltimore-Columbia-Towson, MD	37372	16.508	=IF(D1686>0,ROUND(C1686/D1686,6),"")
21146	Baltimore-Columbia-Towson, MD	28489	10.138	=IF(D1687>0,ROUND(C1687/D1687,6),"")
21152	Baltimore-Columbia-Towson, MD	6402	24.199	=IF(D1688>0,ROUND(C1688/D1688,6),"")
21153	Baltimore-Columbia-Towson, MD	519	2.868	=IF(D1689>0,ROUND(C1689/D1689,6),"")
21154	Baltimore-Columbia-Towson, MD	7187	39.344	=IF(D1690>0,ROUND(C1690/D1690,6),"")
21155	Baltimore-Columbia-Towson, MD	3124	22.125	=IF(D1691>0,ROUND(C1691/D1691,6),"")
21156	Baltimore-Columbia-Towson, MD	297	1.05	=IF(D1692>0,ROUND(C1692/D1692,6),"")
21157	Baltimore-Columbia-Towson, MD	40191	77.69	=IF(D1693>0,ROUND(C1693/D1693,6),"")
21158	Baltimore-Columbia-Towson, MD	22404	73.321	=IF(D1694>0,ROUND(C1694/D1694,6),"")
21160	Baltimore-Columbia-Towson, MD	2543	15.511	=IF(D1695>0,ROUND(C1695/D1695,6),"")
21161	Baltimore-Columbia-Towson, MD	5288	48.521	=IF(D1696>0,ROUND(C1696/D1696,6),"")
21162	Baltimore-Columbia-Towson, MD	4511	7.128	=IF(D1697>0,ROUND(C1697/D1697,6),"")
21163	Baltimore-Columbia-Towson, MD	7031	13.638	=IF(D1698>0,ROUND(C1698/D1698,6),"")
21201	Baltimore-Columbia-Towson, MD	17819	1.27	=IF(D1699>0,ROUND(C1699/D1699,6),"")
21202	Baltimore-Columbia-Towson, MD	21506	1.616	=IF(D1700>0,ROUND(C1700/D1700,6),"")
21204	Baltimore-Columbia-Towson, MD	19605	6.262	=IF(D1701>0,ROUND(C1701/D1701,6),"")
21205	Baltimore-Columbia-Towson, MD	13665	2.051	=IF(D1702>0,ROUND(C1702/D1702,6),"")
21206	Baltimore-Columbia-Towson, MD	49901	7.253	=IF(D1703>0,ROUND(C1703/D1703,6),"")
21207	Baltimore-Columbia-Towson, MD	49599	10.345	=IF(D1704>0,ROUND(C1704/D1704,6),"")
21208	Baltimore-Columbia-Towson, MD	38108	12.557	=IF(D1705>0,ROUND(C1705/D1705,6),"")
21209	Baltimore-Columbia-Towson, MD	30766	6.458	=IF(D1706>0,ROUND(C1706/D1706,6),"")
21210	Baltimore-Columbia-Towson, MD	14612	3.447	=IF(D1707>0,ROUND(C1707/D1707,6),"")
21211	Baltimore-Columbia-Towson, MD	15481	2.867	=IF(D1708>0,ROUND(C1708/D1708,6),"")
21212	Baltimore-Columbia-Towson, MD	33425	4.586	=IF(D1709>0,ROUND(C1709/D1709,6),"")
21213	Baltimore-Columbia-Towson, MD	27881	3.432	=IF(D1710>0,ROUND(C1710/D1710,6),"")
21214	Baltimore-Columbia-Towson, MD	21295	2.794	=IF(D1711>0,ROUND(C1711/D1711,6),"")
21215	Baltimore-Columbia-Towson, MD	52078	6.812	=IF(D1712>0,ROUND(C1712/D1712,6),"")
21216	Baltimore-Columbia-Towson, MD	27296	3.302	=IF(D1713>0,ROUND(C1713/D1713,6),"")
21217	Baltimore-Columbia-Towson, MD	31125	2.12	=IF(D1714>0,ROUND(C1714/D1714,6),"")
21218	Baltimore-Columbia-Towson, MD	44903	4.329	=IF(D1715>0,ROUND(C1715/D1715,6),"")
21219	Baltimore-Columbia-Towson, MD	9873	12.126	=IF(D1716>0,ROUND(C1716/D1716,6),"")
21220	Baltimore-Columbia-Towson, MD	42936	21.178	=IF(D1717>0,ROUND(C1717/D1717,6),"")
21221	Baltimore-Columbia-Towson, MD	43536	15.032	=IF(D1718>0,ROUND(C1718/D1718,6),"")
21222	Baltimore-Columbia-Towson, MD	58935	11.503	=IF(D1719>0,ROUND(C1719/D1719,6),"")
21223	Baltimore-Columbia-Towson, MD	19793	2.626	=IF(D1720>0,ROUND(C1720/D1720,6),"")
21224	Baltimore-Columbia-Towson, MD	46949	9.326	=IF(D1721>0,ROUND(C1721/D1721,6),"")
21225	Baltimore-Columbia-Towson, MD	34469	6.461	=IF(D1722>0,ROUND(C1722/D1722,6),"")
21226	Baltimore-Columbia-Towson, MD	6593	9.777	=IF(D1723>0,ROUND(C1723/D1723,6),"")
21227	Baltimore-Columbia-Towson, MD	35695	11.333	=IF(D1724>0,ROUND(C1724/D1724,6),"")
21228	Baltimore-Columbia-Towson, MD	49417	15.577	=IF(D1725>0,ROUND(C1725/D1725,6),"")
21229	Baltimore-Columbia-Towson, MD	44687	5.936	=IF(D1726>0,ROUND(C1726/D1726,6),"")
21230	Baltimore-Columbia-Towson, MD	33509	6.318	=IF(D1727>0,ROUND(C1727/D1727,6),"")
21231	Baltimore-Columbia-Towson, MD	14556	0.867	=IF(D1728>0,ROUND(C1728/D1728,6),"")
21234	Baltimore-Columbia-Towson, MD	65010	13.354	=IF(D1729>0,ROUND(C1729/D1729,6),"")
21236	Baltimore-Columbia-Towson, MD	39653	8.919	=IF(D1730>0,ROUND(C1730/D1730,6),"")
21237	Baltimore-Columbia-Towson, MD	30851	11.253	=IF(D1731>0,ROUND(C1731/D1731,6),"")
21239	Baltimore-Columbia-Towson, MD	28635	2.931	=IF(D1732>0,ROUND(C1732/D1732,6),"")
21244	Baltimore-Columbia-Towson, MD	39545	14.136	=IF(D1733>0,ROUND(C1733/D1733,6),"")
21286	Baltimore-Columbia-Towson, MD	21782	8.594	=IF(D1734>0,ROUND(C1734/D1734,6),"")
21401	Baltimore-Columbia-Towson, MD	39118	19.931	=IF(D1735>0,ROUND(C1735/D1735,6),"")
21403	Baltimore-Columbia-Towson, MD	32757	9.268	=IF(D1736>0,ROUND(C1736/D1736,6),"")
21405	Baltimore-Columbia-Towson, MD	426	1.023	=IF(D1737>0,ROUND(C1737/D1737,6),"")
21409	Baltimore-Columbia-Towson, MD	20175	14.003	=IF(D1738>0,ROUND(C1738/D1738,6),"")
21601	Easton, MD	24095	107.07	=IF(D1739>0,ROUND(C1739/D1739,6),"")
21607	Baltimore-Columbia-Towson, MD	538	14.902	=IF(D1740>0,ROUND(C1740/D1740,6),"")
21612	Easton, MD	446	5.541	=IF(D1741>0,ROUND(C1741/D1741,6),"")
21613	Cambridge, MD	18167	153.667	=IF(D1742>0,ROUND(C1742/D1742,6),"")
21617	Baltimore-Columbia-Towson, MD	10614	108.479	=IF(D1743>0,ROUND(C1743/D1743,6),"")
21619	Baltimore-Columbia-Towson, MD	5905	9.287	=IF(D1744>0,ROUND(C1744/D1744,6),"")
21620	Baltimore-Columbia-Towson, MD	13533	118.697	=IF(D1745>0,ROUND(C1745/D1745,6),"")
21622	Cambridge, MD	335	64.369	=IF(D1746>0,ROUND(C1746/D1746,6),"")
21623	Baltimore-Columbia-Towson, MD	2482	36.267	=IF(D1747>0,ROUND(C1747/D1747,6),"")
21624	Easton, MD	165	2.324	=IF(D1748>0,ROUND(C1748/D1748,6),"")
21625	Easton, MD	1837	41.112	=IF(D1749>0,ROUND(C1749/D1749,6),"")
21628	Baltimore-Columbia-Towson, MD	299	0.939	=IF(D1750>0,ROUND(C1750/D1750,6),"")
21631	Cambridge, MD	2580	24.145	=IF(D1751>0,ROUND(C1751/D1751,6),"")
21632	Cambridge, MD	6227	77.823	=IF(D1752>0,ROUND(C1752/D1752,6),"")
21634	Cambridge, MD	394	4.519	=IF(D1753>0,ROUND(C1753/D1753,6),"")
21638	Baltimore-Columbia-Towson, MD	5068	9.897	=IF(D1754>0,ROUND(C1754/D1754,6),"")
21640	Baltimore-Columbia-Towson, MD	1251	25.662	=IF(D1755>0,ROUND(C1755/D1755,6),"")
21643	Cambridge, MD	5176	46.179	=IF(D1756>0,ROUND(C1756/D1756,6),"")
21647	Easton, MD	412	3.359	=IF(D1757>0,ROUND(C1757/D1757,6),"")
21648	Cambridge, MD	104	9.377	=IF(D1758>0,ROUND(C1758/D1758,6),"")
21649	Baltimore-Columbia-Towson, MD	1938	21.023	=IF(D1759>0,ROUND(C1759/D1759,6),"")
21651	Baltimore-Columbia-Towson, MD	2448	40.573	=IF(D1760>0,ROUND(C1760/D1760,6),"")
21652	Easton, MD	170	0.523	=IF(D1761>0,ROUND(C1761/D1761,6),"")
21654	Easton, MD	1195	11.1	=IF(D1762>0,ROUND(C1762/D1762,6),"")
21657	Baltimore-Columbia-Towson, MD	1533	30.426	=IF(D1763>0,ROUND(C1763/D1763,6),"")
21658	Baltimore-Columbia-Towson, MD	3802	38.972	=IF(D1764>0,ROUND(C1764/D1764,6),"")
21659	Cambridge, MD	1480	43.772	=IF(D1765>0,ROUND(C1765/D1765,6),"")
21662	Easton, MD	612	8.369	=IF(D1766>0,ROUND(C1766/D1766,6),"")
21663	Easton, MD	3745	12.192	=IF(D1767>0,ROUND(C1767/D1767,6),"")
21664	Cambridge, MD	598	0.291	=IF(D1768>0,ROUND(C1768/D1768,6),"")
21665	Easton, MD	169	5.269	=IF(D1769>0,ROUND(C1769/D1769,6),"")
21666	Baltimore-Columbia-Towson, MD	14205	21.847	=IF(D1770>0,ROUND(C1770/D1770,6),"")
21668	Baltimore-Columbia-Towson, MD	1973	45.292	=IF(D1771>0,ROUND(C1771/D1771,6),"")
21669	Cambridge, MD	102	14.776	=IF(D1772>0,ROUND(C1772/D1772,6),"")
21671	Easton, MD	836	2.113	=IF(D1773>0,ROUND(C1773/D1773,6),"")
21672	Cambridge, MD	161	9.764	=IF(D1774>0,ROUND(C1774/D1774,6),"")
21673	Easton, MD	2839	51.8	=IF(D1775>0,ROUND(C1775/D1775,6),"")
21676	Easton, MD	300	3.992	=IF(D1776>0,ROUND(C1776/D1776,6),"")
21677	Cambridge, MD	534	13.097	=IF(D1777>0,ROUND(C1777/D1777,6),"")
21679	Easton, MD	332	7.811	=IF(D1778>0,ROUND(C1778/D1778,6),"")
21701	Washington-Arlington-Alexandria, DC-VA-MD-WV	41340	39.702	=IF(D1779>0,ROUND(C1779/D1779,6),"")
21702	Washington-Arlington-Alexandria, DC-VA-MD-WV	47437	41.72	=IF(D1780>0,ROUND(C1780/D1780,6),"")
21703	Washington-Arlington-Alexandria, DC-VA-MD-WV	41766	32.03	=IF(D1781>0,ROUND(C1781/D1781,6),"")
21704	Washington-Arlington-Alexandria, DC-VA-MD-WV	19623	26.633	=IF(D1782>0,ROUND(C1782/D1782,6),"")
21710	Washington-Arlington-Alexandria, DC-VA-MD-WV	4901	29.38	=IF(D1783>0,ROUND(C1783/D1783,6),"")
21711	Hagerstown-Martinsburg, MD-WV	789	24.564	=IF(D1784>0,ROUND(C1784/D1784,6),"")
21713	Hagerstown-Martinsburg, MD-WV	10146	39.563	=IF(D1785>0,ROUND(C1785/D1785,6),"")
21716	Washington-Arlington-Alexandria, DC-VA-MD-WV	6757	2.731	=IF(D1786>0,ROUND(C1786/D1786,6),"")
21719	Hagerstown-Martinsburg, MD-WV	1162	4.137	=IF(D1787>0,ROUND(C1787/D1787,6),"")
21722	Hagerstown-Martinsburg, MD-WV	6918	56.924	=IF(D1788>0,ROUND(C1788/D1788,6),"")
21723	Baltimore-Columbia-Towson, MD	587	3.606	=IF(D1789>0,ROUND(C1789/D1789,6),"")
21727	Washington-Arlington-Alexandria, DC-VA-MD-WV	6079	31.348	=IF(D1790>0,ROUND(C1790/D1790,6),"")
21733	Hagerstown-Martinsburg, MD-WV	1240	5.84	=IF(D1791>0,ROUND(C1791/D1791,6),"")
21734	Hagerstown-Martinsburg, MD-WV	826	0.483	=IF(D1792>0,ROUND(C1792/D1792,6),"")
21737	Baltimore-Columbia-Towson, MD	2384	5.122	=IF(D1793>0,ROUND(C1793/D1793,6),"")
21738	Baltimore-Columbia-Towson, MD	3668	6.98	=IF(D1794>0,ROUND(C1794/D1794,6),"")
21740	Hagerstown-Martinsburg, MD-WV	63140	70.88	=IF(D1795>0,ROUND(C1795/D1795,6),"")
21742	Hagerstown-Martinsburg, MD-WV	35114	46.499	=IF(D1796>0,ROUND(C1796/D1796,6),"")
21750	Hagerstown-Martinsburg, MD-WV	3585	61.637	=IF(D1797>0,ROUND(C1797/D1797,6),"")
21754	Washington-Arlington-Alexandria, DC-VA-MD-WV	7439	21.832	=IF(D1798>0,ROUND(C1798/D1798,6),"")
21755	Washington-Arlington-Alexandria, DC-VA-MD-WV	5740	34.321	=IF(D1799>0,ROUND(C1799/D1799,6),"")
21756	Hagerstown-Martinsburg, MD-WV	3172	23.289	=IF(D1800>0,ROUND(C1800/D1800,6),"")
21757	Washington-Arlington-Alexandria, DC-VA-MD-WV	2810	35.173	=IF(D1801>0,ROUND(C1801/D1801,6),"")
21758	Washington-Arlington-Alexandria, DC-VA-MD-WV	4238	32.018	=IF(D1802>0,ROUND(C1802/D1802,6),"")
21767	Hagerstown-Martinsburg, MD-WV	914	0.344	=IF(D1803>0,ROUND(C1803/D1803,6),"")
21769	Washington-Arlington-Alexandria, DC-VA-MD-WV	12695	40.129	=IF(D1804>0,ROUND(C1804/D1804,6),"")
21770	Washington-Arlington-Alexandria, DC-VA-MD-WV	7815	11.45	=IF(D1805>0,ROUND(C1805/D1805,6),"")
21771	Baltimore-Columbia-Towson, MD	32827	89.52	=IF(D1806>0,ROUND(C1806/D1806,6),"")
21773	Washington-Arlington-Alexandria, DC-VA-MD-WV	5619	36.29	=IF(D1807>0,ROUND(C1807/D1807,6),"")
21774	Washington-Arlington-Alexandria, DC-VA-MD-WV	16515	14.16	=IF(D1808>0,ROUND(C1808/D1808,6),"")
21776	Baltimore-Columbia-Towson, MD	5905	35.45	=IF(D1809>0,ROUND(C1809/D1809,6),"")
21777	Washington-Arlington-Alexandria, DC-VA-MD-WV	2333	1.098	=IF(D1810>0,ROUND(C1810/D1810,6),"")
21778	Washington-Arlington-Alexandria, DC-VA-MD-WV	840	18.241	=IF(D1811>0,ROUND(C1811/D1811,6),"")
21779	Hagerstown-Martinsburg, MD-WV	1449	9.731	=IF(D1812>0,ROUND(C1812/D1812,6),"")
21780	Washington-Arlington-Alexandria, DC-VA-MD-WV	1814	22.063	=IF(D1813>0,ROUND(C1813/D1813,6),"")
21782	Hagerstown-Martinsburg, MD-WV	4056	29.308	=IF(D1814>0,ROUND(C1814/D1814,6),"")
21783	Hagerstown-Martinsburg, MD-WV	9881	47.599	=IF(D1815>0,ROUND(C1815/D1815,6),"")
21784	Baltimore-Columbia-Towson, MD	37813	56.131	=IF(D1816>0,ROUND(C1816/D1816,6),"")
21787	Baltimore-Columbia-Towson, MD	11549	61.077	=IF(D1817>0,ROUND(C1817/D1817,6),"")
21788	Washington-Arlington-Alexandria, DC-VA-MD-WV	11919	65.446	=IF(D1818>0,ROUND(C1818/D1818,6),"")
21791	Washington-Arlington-Alexandria, DC-VA-MD-WV	4734	46.04	=IF(D1819>0,ROUND(C1819/D1819,6),"")
21793	Washington-Arlington-Alexandria, DC-VA-MD-WV	10914	21.359	=IF(D1820>0,ROUND(C1820/D1820,6),"")
21794	Baltimore-Columbia-Towson, MD	2326	8.159	=IF(D1821>0,ROUND(C1821/D1821,6),"")
21795	Hagerstown-Martinsburg, MD-WV	9942	32.138	=IF(D1822>0,ROUND(C1822/D1822,6),"")
21797	Baltimore-Columbia-Towson, MD	8772	43.685	=IF(D1823>0,ROUND(C1823/D1823,6),"")
21798	Washington-Arlington-Alexandria, DC-VA-MD-WV	2765	16.298	=IF(D1824>0,ROUND(C1824/D1824,6),"")
21801	Salisbury, MD-DE	30063	40.127	=IF(D1825>0,ROUND(C1825/D1825,6),"")
21804	Salisbury, MD-DE	39461	68.558	=IF(D1826>0,ROUND(C1826/D1826,6),"")
21811	Salisbury, MD-DE	24263	101.5	=IF(D1827>0,ROUND(C1827/D1827,6),"")
21813	Salisbury, MD-DE	2936	27.429	=IF(D1828>0,ROUND(C1828/D1828,6),"")
21814	Salisbury, MD-DE	205	3.564	=IF(D1829>0,ROUND(C1829/D1829,6),"")
21817	Salisbury, MD-DE	4102	14.463	=IF(D1830>0,ROUND(C1830/D1830,6),"")
21821	Salisbury, MD-DE	736	14.735	=IF(D1831>0,ROUND(C1831/D1831,6),"")
21822	Salisbury, MD-DE	2603	38.281	=IF(D1832>0,ROUND(C1832/D1832,6),"")
21824	Salisbury, MD-DE	234	2.282	=IF(D1833>0,ROUND(C1833/D1833,6),"")
21826	Salisbury, MD-DE	5656	4.057	=IF(D1834>0,ROUND(C1834/D1834,6),"")
21829	Salisbury, MD-DE	259	16.757	=IF(D1835>0,ROUND(C1835/D1835,6),"")
21830	Salisbury, MD-DE	5001	32.885	=IF(D1836>0,ROUND(C1836/D1836,6),"")
21837	Salisbury, MD-DE	2975	43.859	=IF(D1837>0,ROUND(C1837/D1837,6),"")
21838	Salisbury, MD-DE	1975	54.854	=IF(D1838>0,ROUND(C1838/D1838,6),"")
21840	Salisbury, MD-DE	573	5.27	=IF(D1839>0,ROUND(C1839/D1839,6),"")
21841	Salisbury, MD-DE	942	28.215	=IF(D1840>0,ROUND(C1840/D1840,6),"")
21842	Salisbury, MD-DE	11121	9.055	=IF(D1841>0,ROUND(C1841/D1841,6),"")
21849	Salisbury, MD-DE	3845	36.857	=IF(D1842>0,ROUND(C1842/D1842,6),"")
21850	Salisbury, MD-DE	3733	28.083	=IF(D1843>0,ROUND(C1843/D1843,6),"")
21851	Salisbury, MD-DE	7252	103.628	=IF(D1844>0,ROUND(C1844/D1844,6),"")
21853	Salisbury, MD-DE	11161	114.784	=IF(D1845>0,ROUND(C1845/D1845,6),"")
21856	Salisbury, MD-DE	816	33.478	=IF(D1846>0,ROUND(C1846/D1846,6),"")
21861	Salisbury, MD-DE	806	2.604	=IF(D1847>0,ROUND(C1847/D1847,6),"")
21863	Salisbury, MD-DE	5202	122.535	=IF(D1848>0,ROUND(C1848/D1848,6),"")
21864	Salisbury, MD-DE	667	22.705	=IF(D1849>0,ROUND(C1849/D1849,6),"")
21865	Salisbury, MD-DE	310	18.378	=IF(D1850>0,ROUND(C1850/D1850,6),"")
21869	Cambridge, MD	889	86.937	=IF(D1851>0,ROUND(C1851/D1851,6),"")
21871	Salisbury, MD-DE	1635	67.12	=IF(D1852>0,ROUND(C1852/D1852,6),"")
21872	Salisbury, MD-DE	675	16.376	=IF(D1853>0,ROUND(C1853/D1853,6),"")
21874	Salisbury, MD-DE	1847	28.269	=IF(D1854>0,ROUND(C1854/D1854,6),"")
21875	Salisbury, MD-DE	7455	24.364	=IF(D1855>0,ROUND(C1855/D1855,6),"")
21901	Philadelphia-Camden-Wilmington, PA-NJ-DE-MD	19585	48.546	=IF(D1856>0,ROUND(C1856/D1856,6),"")
21903	Philadelphia-Camden-Wilmington, PA-NJ-DE-MD	5679	12.721	=IF(D1857>0,ROUND(C1857/D1857,6),"")
21904	Philadelphia-Camden-Wilmington, PA-NJ-DE-MD	6401	23.6	=IF(D1858>0,ROUND(C1858/D1858,6),"")
21911	Philadelphia-Camden-Wilmington, PA-NJ-DE-MD	10402	37.441	=IF(D1859>0,ROUND(C1859/D1859,6),"")
21912	Philadelphia-Camden-Wilmington, PA-NJ-DE-MD	1430	33.871	=IF(D1860>0,ROUND(C1860/D1860,6),"")
21913	Philadelphia-Camden-Wilmington, PA-NJ-DE-MD	863	1.209	=IF(D1861>0,ROUND(C1861/D1861,6),"")
21914	Philadelphia-Camden-Wilmington, PA-NJ-DE-MD	786	0.731	=IF(D1862>0,ROUND(C1862/D1862,6),"")
21915	Philadelphia-Camden-Wilmington, PA-NJ-DE-MD	2471	22.759	=IF(D1863>0,ROUND(C1863/D1863,6),"")
21917	Philadelphia-Camden-Wilmington, PA-NJ-DE-MD	1786	7.822	=IF(D1864>0,ROUND(C1864/D1864,6),"")
21918	Philadelphia-Camden-Wilmington, PA-NJ-DE-MD	4125	17.565	=IF(D1865>0,ROUND(C1865/D1865,6),"")
21919	Philadelphia-Camden-Wilmington, PA-NJ-DE-MD	3644	42.791	=IF(D1866>0,ROUND(C1866/D1866,6),"")
21920	Philadelphia-Camden-Wilmington, PA-NJ-DE-MD	1153	0.989	=IF(D1867>0,ROUND(C1867/D1867,6),"")
21921	Philadelphia-Camden-Wilmington, PA-NJ-DE-MD	45698	94.733	=IF(D1868>0,ROUND(C1868/D1868,6),"")
22003	Washington-Arlington-Alexandria, DC-VA-MD-WV	58154	12.634	=IF(D1869>0,ROUND(C1869/D1869,6),"")
22015	Washington-Arlington-Alexandria, DC-VA-MD-WV	44730	8.487	=IF(D1870>0,ROUND(C1870/D1870,6),"")
22025	Washington-Arlington-Alexandria, DC-VA-MD-WV	18934	9.632	=IF(D1871>0,ROUND(C1871/D1871,6),"")
22026	Washington-Arlington-Alexandria, DC-VA-MD-WV	21025	8.392	=IF(D1872>0,ROUND(C1872/D1872,6),"")
22027	Washington-Arlington-Alexandria, DC-VA-MD-WV	1781	0.637	=IF(D1873>0,ROUND(C1873/D1873,6),"")
22030	Washington-Arlington-Alexandria, DC-VA-MD-WV	60855	19.445	=IF(D1874>0,ROUND(C1874/D1874,6),"")
22031	Washington-Arlington-Alexandria, DC-VA-MD-WV	36586	7.127	=IF(D1875>0,ROUND(C1875/D1875,6),"")
22032	Washington-Arlington-Alexandria, DC-VA-MD-WV	29172	7.225	=IF(D1876>0,ROUND(C1876/D1876,6),"")
22033	Washington-Arlington-Alexandria, DC-VA-MD-WV	38676	7.821	=IF(D1877>0,ROUND(C1877/D1877,6),"")
22039	Washington-Arlington-Alexandria, DC-VA-MD-WV	19034	23.616	=IF(D1878>0,ROUND(C1878/D1878,6),"")
22041	Washington-Arlington-Alexandria, DC-VA-MD-WV	29764	2.775	=IF(D1879>0,ROUND(C1879/D1879,6),"")
22042	Washington-Arlington-Alexandria, DC-VA-MD-WV	34631	6.421	=IF(D1880>0,ROUND(C1880/D1880,6),"")
22043	Washington-Arlington-Alexandria, DC-VA-MD-WV	25658	4.673	=IF(D1881>0,ROUND(C1881/D1881,6),"")
22044	Washington-Arlington-Alexandria, DC-VA-MD-WV	14001	2.142	=IF(D1882>0,ROUND(C1882/D1882,6),"")
22046	Washington-Arlington-Alexandria, DC-VA-MD-WV	18117	2.724	=IF(D1883>0,ROUND(C1883/D1883,6),"")
22060	Washington-Arlington-Alexandria, DC-VA-MD-WV	10261	13.133	=IF(D1884>0,ROUND(C1884/D1884,6),"")
22066	Washington-Arlington-Alexandria, DC-VA-MD-WV	16884	25.583	=IF(D1885>0,ROUND(C1885/D1885,6),"")
22079	Washington-Arlington-Alexandria, DC-VA-MD-WV	36523	28.423	=IF(D1886>0,ROUND(C1886/D1886,6),"")
22101	Washington-Arlington-Alexandria, DC-VA-MD-WV	31306	13.103	=IF(D1887>0,ROUND(C1887/D1887,6),"")
22102	Washington-Arlington-Alexandria, DC-VA-MD-WV	28577	12.307	=IF(D1888>0,ROUND(C1888/D1888,6),"")
22124	Washington-Arlington-Alexandria, DC-VA-MD-WV	18915	10.327	=IF(D1889>0,ROUND(C1889/D1889,6),"")
22125	Washington-Arlington-Alexandria, DC-VA-MD-WV	839	0.152	=IF(D1890>0,ROUND(C1890/D1890,6),"")
22134	Washington-Arlington-Alexandria, DC-VA-MD-WV	7785	47.138	=IF(D1891>0,ROUND(C1891/D1891,6),"")
22150	Washington-Arlington-Alexandria, DC-VA-MD-WV	27770	7.623	=IF(D1892>0,ROUND(C1892/D1892,6),"")
22151	Washington-Arlington-Alexandria, DC-VA-MD-WV	17376	5.087	=IF(D1893>0,ROUND(C1893/D1893,6),"")
22152	Washington-Arlington-Alexandria, DC-VA-MD-WV	29066	6.029	=IF(D1894>0,ROUND(C1894/D1894,6),"")
22153	Washington-Arlington-Alexandria, DC-VA-MD-WV	32656	8.859	=IF(D1895>0,ROUND(C1895/D1895,6),"")
22172	Washington-Arlington-Alexandria, DC-VA-MD-WV	12046	20.599	=IF(D1896>0,ROUND(C1896/D1896,6),"")
22180	Washington-Arlington-Alexandria, DC-VA-MD-WV	26506	5.892	=IF(D1897>0,ROUND(C1897/D1897,6),"")
22181	Washington-Arlington-Alexandria, DC-VA-MD-WV	15529	5.582	=IF(D1898>0,ROUND(C1898/D1898,6),"")
22182	Washington-Arlington-Alexandria, DC-VA-MD-WV	27592	12.493	=IF(D1899>0,ROUND(C1899/D1899,6),"")
22191	Washington-Arlington-Alexandria, DC-VA-MD-WV	73755	15.427	=IF(D1900>0,ROUND(C1900/D1900,6),"")
22192	Washington-Arlington-Alexandria, DC-VA-MD-WV	59034	19.203	=IF(D1901>0,ROUND(C1901/D1901,6),"")
22193	Washington-Arlington-Alexandria, DC-VA-MD-WV	83798	18.282	=IF(D1902>0,ROUND(C1902/D1902,6),"")
22201	Washington-Arlington-Alexandria, DC-VA-MD-WV	38419	2.295	=IF(D1903>0,ROUND(C1903/D1903,6),"")
22202	Washington-Arlington-Alexandria, DC-VA-MD-WV	27352	3.922	=IF(D1904>0,ROUND(C1904/D1904,6),"")
22203	Washington-Arlington-Alexandria, DC-VA-MD-WV	25921	1.57	=IF(D1905>0,ROUND(C1905/D1905,6),"")
22204	Washington-Arlington-Alexandria, DC-VA-MD-WV	51971	4.119	=IF(D1906>0,ROUND(C1906/D1906,6),"")
22205	Washington-Arlington-Alexandria, DC-VA-MD-WV	17566	2.728	=IF(D1907>0,ROUND(C1907/D1907,6),"")
22206	Washington-Arlington-Alexandria, DC-VA-MD-WV	20678	2.061	=IF(D1908>0,ROUND(C1908/D1908,6),"")
22207	Washington-Arlington-Alexandria, DC-VA-MD-WV	35186	6.453	=IF(D1909>0,ROUND(C1909/D1909,6),"")
22209	Washington-Arlington-Alexandria, DC-VA-MD-WV	13725	0.749	=IF(D1910>0,ROUND(C1910/D1910,6),"")
22213	Washington-Arlington-Alexandria, DC-VA-MD-WV	4063	0.592	=IF(D1911>0,ROUND(C1911/D1911,6),"")
22301	Washington-Arlington-Alexandria, DC-VA-MD-WV	13830	1.388	=IF(D1912>0,ROUND(C1912/D1912,6),"")
22302	Washington-Arlington-Alexandria, DC-VA-MD-WV	18277	2.267	=IF(D1913>0,ROUND(C1913/D1913,6),"")
22303	Washington-Arlington-Alexandria, DC-VA-MD-WV	16566	1.922	=IF(D1914>0,ROUND(C1914/D1914,6),"")
22304	Washington-Arlington-Alexandria, DC-VA-MD-WV	48577	4.846	=IF(D1915>0,ROUND(C1915/D1915,6),"")
22305	Washington-Arlington-Alexandria, DC-VA-MD-WV	17721	1.332	=IF(D1916>0,ROUND(C1916/D1916,6),"")
22306	Washington-Arlington-Alexandria, DC-VA-MD-WV	31471	6.786	=IF(D1917>0,ROUND(C1917/D1917,6),"")
22307	Washington-Arlington-Alexandria, DC-VA-MD-WV	10205	3.114	=IF(D1918>0,ROUND(C1918/D1918,6),"")
22308	Washington-Arlington-Alexandria, DC-VA-MD-WV	13660	4.435	=IF(D1919>0,ROUND(C1919/D1919,6),"")
22309	Washington-Arlington-Alexandria, DC-VA-MD-WV	34948	7.527	=IF(D1920>0,ROUND(C1920/D1920,6),"")
22310	Washington-Arlington-Alexandria, DC-VA-MD-WV	29120	6.743	=IF(D1921>0,ROUND(C1921/D1921,6),"")
22311	Washington-Arlington-Alexandria, DC-VA-MD-WV	19340	1.548	=IF(D1922>0,ROUND(C1922/D1922,6),"")
22312	Washington-Arlington-Alexandria, DC-VA-MD-WV	26366	5.126	=IF(D1923>0,ROUND(C1923/D1923,6),"")
22314	Washington-Arlington-Alexandria, DC-VA-MD-WV	35696	3.702	=IF(D1924>0,ROUND(C1924/D1924,6),"")
22315	Washington-Arlington-Alexandria, DC-VA-MD-WV	28725	5.507	=IF(D1925>0,ROUND(C1925/D1925,6),"")
22401	Washington-Arlington-Alexandria, DC-VA-MD-WV	28201	10.365	=IF(D1926>0,ROUND(C1926/D1926,6),"")
22405	Washington-Arlington-Alexandria, DC-VA-MD-WV	36093	53.314	=IF(D1927>0,ROUND(C1927/D1927,6),"")
22406	Washington-Arlington-Alexandria, DC-VA-MD-WV	26248	72.003	=IF(D1928>0,ROUND(C1928/D1928,6),"")
22407	Washington-Arlington-Alexandria, DC-VA-MD-WV	64273	61.009	=IF(D1929>0,ROUND(C1929/D1929,6),"")
22408	Washington-Arlington-Alexandria, DC-VA-MD-WV	31050	47.336	=IF(D1930>0,ROUND(C1930/D1930,6),"")
22437	Richmond, VA	631	37.252	=IF(D1931>0,ROUND(C1931/D1931,6),"")
22508	Washington-Arlington-Alexandria, DC-VA-MD-WV	15608	57.548	=IF(D1932>0,ROUND(C1932/D1932,6),"")
22534	Washington-Arlington-Alexandria, DC-VA-MD-WV	3337	33.158	=IF(D1933>0,ROUND(C1933/D1933,6),"")
22551	Washington-Arlington-Alexandria, DC-VA-MD-WV	23366	168.158	=IF(D1934>0,ROUND(C1934/D1934,6),"")
22553	Washington-Arlington-Alexandria, DC-VA-MD-WV	16960	43.569	=IF(D1935>0,ROUND(C1935/D1935,6),"")
22554	Washington-Arlington-Alexandria, DC-VA-MD-WV	64605	64.113	=IF(D1936>0,ROUND(C1936/D1936,6),"")
22556	Washington-Arlington-Alexandria, DC-VA-MD-WV	31783	46.351	=IF(D1937>0,ROUND(C1937/D1937,6),"")
22560	Richmond, VA	6523	99.112	=IF(D1938>0,ROUND(C1938/D1938,6),"")
22601	Winchester, VA-WV	29385	9.775	=IF(D1939>0,ROUND(C1939/D1939,6),"")
22602	Winchester, VA-WV	32176	113.461	=IF(D1940>0,ROUND(C1940/D1940,6),"")
22603	Winchester, VA-WV	17748	98.557	=IF(D1941>0,ROUND(C1941/D1941,6),"")
22610	Washington-Arlington-Alexandria, DC-VA-MD-WV	1870	52.307	=IF(D1942>0,ROUND(C1942/D1942,6),"")
22611	Washington-Arlington-Alexandria, DC-VA-MD-WV	9292	82.819	=IF(D1943>0,ROUND(C1943/D1943,6),"")
22620	Washington-Arlington-Alexandria, DC-VA-MD-WV	2649	45.714	=IF(D1944>0,ROUND(C1944/D1944,6),"")
22623	Washington-Arlington-Alexandria, DC-VA-MD-WV	859	1.199	=IF(D1945>0,ROUND(C1945/D1945,6),"")
22624	Winchester, VA-WV	3193	20.526	=IF(D1946>0,ROUND(C1946/D1946,6),"")
22625	Winchester, VA-WV	3126	42.218	=IF(D1947>0,ROUND(C1947/D1947,6),"")
22627	Washington-Arlington-Alexandria, DC-VA-MD-WV	902	32.043	=IF(D1948>0,ROUND(C1948/D1948,6),"")
22630	Washington-Arlington-Alexandria, DC-VA-MD-WV	35211	121.916	=IF(D1949>0,ROUND(C1949/D1949,6),"")
22637	Winchester, VA-WV	2049	42.153	=IF(D1950>0,ROUND(C1950/D1950,6),"")
22639	Washington-Arlington-Alexandria, DC-VA-MD-WV	619	32.688	=IF(D1951>0,ROUND(C1951/D1951,6),"")
22640	Washington-Arlington-Alexandria, DC-VA-MD-WV	499	24.013	=IF(D1952>0,ROUND(C1952/D1952,6),"")
22642	Washington-Arlington-Alexandria, DC-VA-MD-WV	4130	28.366	=IF(D1953>0,ROUND(C1953/D1953,6),"")
22643	Washington-Arlington-Alexandria, DC-VA-MD-WV	133	21.219	=IF(D1954>0,ROUND(C1954/D1954,6),"")
22645	Winchester, VA-WV	4344	36.372	=IF(D1955>0,ROUND(C1955/D1955,6),"")
22654	Winchester, VA-WV	993	41.499	=IF(D1956>0,ROUND(C1956/D1956,6),"")
22655	Winchester, VA-WV	22393	35.439	=IF(D1957>0,ROUND(C1957/D1957,6),"")
22656	Winchester, VA-WV	5162	8.786	=IF(D1958>0,ROUND(C1958/D1958,6),"")
22657	Washington-Arlington-Alexandria, DC-VA-MD-WV	12047	57.731	=IF(D1959>0,ROUND(C1959/D1959,6),"")
22663	Washington-Arlington-Alexandria, DC-VA-MD-WV	1458	21.533	=IF(D1960>0,ROUND(C1960/D1960,6),"")
22701	Washington-Arlington-Alexandria, DC-VA-MD-WV	37575	172.237	=IF(D1961>0,ROUND(C1961/D1961,6),"")
22709	Washington-Arlington-Alexandria, DC-VA-MD-WV	1119	11.714	=IF(D1962>0,ROUND(C1962/D1962,6),"")
22712	Washington-Arlington-Alexandria, DC-VA-MD-WV	9745	36.284	=IF(D1963>0,ROUND(C1963/D1963,6),"")
22713	Washington-Arlington-Alexandria, DC-VA-MD-WV	1932	22.278	=IF(D1964>0,ROUND(C1964/D1964,6),"")
22714	Washington-Arlington-Alexandria, DC-VA-MD-WV	785	20.934	=IF(D1965>0,ROUND(C1965/D1965,6),"")
22715	Washington-Arlington-Alexandria, DC-VA-MD-WV	1627	7.22	=IF(D1966>0,ROUND(C1966/D1966,6),"")
22716	Washington-Arlington-Alexandria, DC-VA-MD-WV	1066	25.345	=IF(D1967>0,ROUND(C1967/D1967,6),"")
22718	Washington-Arlington-Alexandria, DC-VA-MD-WV	646	25.002	=IF(D1968>0,ROUND(C1968/D1968,6),"")
22719	Washington-Arlington-Alexandria, DC-VA-MD-WV	307	19.075	=IF(D1969>0,ROUND(C1969/D1969,6),"")
22720	Washington-Arlington-Alexandria, DC-VA-MD-WV	1531	13.842	=IF(D1970>0,ROUND(C1970/D1970,6),"")
22722	Washington-Arlington-Alexandria, DC-VA-MD-WV	399	2.617	=IF(D1971>0,ROUND(C1971/D1971,6),"")
22724	Washington-Arlington-Alexandria, DC-VA-MD-WV	2416	16.454	=IF(D1972>0,ROUND(C1972/D1972,6),"")
22726	Washington-Arlington-Alexandria, DC-VA-MD-WV	606	16.934	=IF(D1973>0,ROUND(C1973/D1973,6),"")
22727	Washington-Arlington-Alexandria, DC-VA-MD-WV	5785	106.306	=IF(D1974>0,ROUND(C1974/D1974,6),"")
22728	Washington-Arlington-Alexandria, DC-VA-MD-WV	3214	48.447	=IF(D1975>0,ROUND(C1975/D1975,6),"")
22731	Washington-Arlington-Alexandria, DC-VA-MD-WV	354	1.898	=IF(D1976>0,ROUND(C1976/D1976,6),"")
22732	Washington-Arlington-Alexandria, DC-VA-MD-WV	237	4.002	=IF(D1977>0,ROUND(C1977/D1977,6),"")
22733	Washington-Arlington-Alexandria, DC-VA-MD-WV	1828	44.646	=IF(D1978>0,ROUND(C1978/D1978,6),"")
22734	Washington-Arlington-Alexandria, DC-VA-MD-WV	3872	35.788	=IF(D1979>0,ROUND(C1979/D1979,6),"")
22735	Washington-Arlington-Alexandria, DC-VA-MD-WV	1851	31.882	=IF(D1980>0,ROUND(C1980/D1980,6),"")
22736	Washington-Arlington-Alexandria, DC-VA-MD-WV	948	24.249	=IF(D1981>0,ROUND(C1981/D1981,6),"")
22737	Washington-Arlington-Alexandria, DC-VA-MD-WV	3062	41.449	=IF(D1982>0,ROUND(C1982/D1982,6),"")
22738	Washington-Arlington-Alexandria, DC-VA-MD-WV	848	24.188	=IF(D1983>0,ROUND(C1983/D1983,6),"")
22740	Washington-Arlington-Alexandria, DC-VA-MD-WV	873	73.549	=IF(D1984>0,ROUND(C1984/D1984,6),"")
22742	Washington-Arlington-Alexandria, DC-VA-MD-WV	1514	19.963	=IF(D1985>0,ROUND(C1985/D1985,6),"")
22743	Washington-Arlington-Alexandria, DC-VA-MD-WV	189	57.902	=IF(D1986>0,ROUND(C1986/D1986,6),"")
22747	Washington-Arlington-Alexandria, DC-VA-MD-WV	1384	40.956	=IF(D1987>0,ROUND(C1987/D1987,6),"")
22749	Washington-Arlington-Alexandria, DC-VA-MD-WV	176	28.94	=IF(D1988>0,ROUND(C1988/D1988,6),"")
22851	Washington-Arlington-Alexandria, DC-VA-MD-WV	5894	54.987	=IF(D1989>0,ROUND(C1989/D1989,6),"")
22901	Charlottesville, VA	36922	52.168	=IF(D1990>0,ROUND(C1990/D1990,6),"")
22902	Charlottesville, VA	24396	64.323	=IF(D1991>0,ROUND(C1991/D1991,6),"")
22903	Charlottesville, VA	39925	69.003	=IF(D1992>0,ROUND(C1992/D1992,6),"")
22911	Charlottesville, VA	18985	51.393	=IF(D1993>0,ROUND(C1993/D1993,6),"")
22920	Charlottesville, VA	3744	77.469	=IF(D1994>0,ROUND(C1994/D1994,6),"")
22922	Charlottesville, VA	2255	46.473	=IF(D1995>0,ROUND(C1995/D1995,6),"")
22923	Charlottesville, VA	6727	47.395	=IF(D1996>0,ROUND(C1996/D1996,6),"")
22931	Charlottesville, VA	219	13.988	=IF(D1997>0,ROUND(C1997/D1997,6),"")
22932	Charlottesville, VA	9182	101.525	=IF(D1998>0,ROUND(C1998/D1998,6),"")
22935	Charlottesville, VA	962	22.248	=IF(D1999>0,ROUND(C1999/D1999,6),"")
22936	Charlottesville, VA	6478	37.356	=IF(D2000>0,ROUND(C2000/D2000,6),"")
22937	Charlottesville, VA	1556	50.043	=IF(D2001>0,ROUND(C2001/D2001,6),"")
22938	Charlottesville, VA	899	36.277	=IF(D2002>0,ROUND(C2002/D2002,6),"")
22940	Charlottesville, VA	935	35.004	=IF(D2003>0,ROUND(C2003/D2003,6),"")
22942	Charlottesville, VA	10115	117.69	=IF(D2004>0,ROUND(C2004/D2004,6),"")
22943	Charlottesville, VA	627	11.502	=IF(D2005>0,ROUND(C2005/D2005,6),"")
22947	Charlottesville, VA	5201	48.306	=IF(D2006>0,ROUND(C2006/D2006,6),"")
22949	Charlottesville, VA	1260	40.348	=IF(D2007>0,ROUND(C2007/D2007,6),"")
22958	Charlottesville, VA	2188	28.745	=IF(D2008>0,ROUND(C2008/D2008,6),"")
22959	Charlottesville, VA	1802	46.431	=IF(D2009>0,ROUND(C2009/D2009,6),"")
22960	Washington-Arlington-Alexandria, DC-VA-MD-WV	10877	121.864	=IF(D2010>0,ROUND(C2010/D2010,6),"")
22963	Charlottesville, VA	16786	124.663	=IF(D2011>0,ROUND(C2011/D2011,6),"")
22964	Charlottesville, VA	206	3.601	=IF(D2012>0,ROUND(C2012/D2012,6),"")
22967	Charlottesville, VA	2647	96.956	=IF(D2013>0,ROUND(C2013/D2013,6),"")
22968	Charlottesville, VA	10603	37.083	=IF(D2014>0,ROUND(C2014/D2014,6),"")
22969	Charlottesville, VA	1675	45.207	=IF(D2015>0,ROUND(C2015/D2015,6),"")
22971	Charlottesville, VA	2349	55.952	=IF(D2016>0,ROUND(C2016/D2016,6),"")
22972	Washington-Arlington-Alexandria, DC-VA-MD-WV	324	16.461	=IF(D2017>0,ROUND(C2017/D2017,6),"")
22973	Charlottesville, VA	5980	103.403	=IF(D2018>0,ROUND(C2018/D2018,6),"")
22974	Charlottesville, VA	5123	36.061	=IF(D2019>0,ROUND(C2019/D2019,6),"")
22976	Charlottesville, VA	136	19.284	=IF(D2020>0,ROUND(C2020/D2020,6),"")
23002	Richmond, VA	10657	256.115	=IF(D2021>0,ROUND(C2021/D2021,6),"")
23005	Richmond, VA	19454	69.282	=IF(D2022>0,ROUND(C2022/D2022,6),"")
23009	Richmond, VA	8203	81.171	=IF(D2023>0,ROUND(C2023/D2023,6),"")
23011	Richmond, VA	1596	20.777	=IF(D2024>0,ROUND(C2024/D2024,6),"")
23015	Richmond, VA	4384	87.197	=IF(D2025>0,ROUND(C2025/D2025,6),"")
23022	Charlottesville, VA	1130	25.867	=IF(D2026>0,ROUND(C2026/D2026,6),"")
23024	Washington-Arlington-Alexandria, DC-VA-MD-WV	10770	107.793	=IF(D2027>0,ROUND(C2027/D2027,6),"")
23030	Richmond, VA	4385	149.29	=IF(D2028>0,ROUND(C2028/D2028,6),"")
23035	Virginia Beach-Norfolk-Newport News, VA-NC	1549	10.854	=IF(D2029>0,ROUND(C2029/D2029,6),"")
23038	Richmond, VA	1487	75.109	=IF(D2030>0,ROUND(C2030/D2030,6),"")
23039	Richmond, VA	1101	15.337	=IF(D2031>0,ROUND(C2031/D2031,6),"")
23047	Richmond, VA	1457	43.073	=IF(D2032>0,ROUND(C2032/D2032,6),"")
23050	Virginia Beach-Norfolk-Newport News, VA-NC	422	7.73	=IF(D2033>0,ROUND(C2033/D2033,6),"")
23055	Charlottesville, VA	950	13.968	=IF(D2034>0,ROUND(C2034/D2034,6),"")
23056	Virginia Beach-Norfolk-Newport News, VA-NC	192	6.87	=IF(D2035>0,ROUND(C2035/D2035,6),"")
23059	Richmond, VA	41172	45.831	=IF(D2036>0,ROUND(C2036/D2036,6),"")
23060	Richmond, VA	36111	15.227	=IF(D2037>0,ROUND(C2037/D2037,6),"")
23061	Virginia Beach-Norfolk-Newport News, VA-NC	23219	158.042	=IF(D2038>0,ROUND(C2038/D2038,6),"")
23062	Virginia Beach-Norfolk-Newport News, VA-NC	1862	1.545	=IF(D2039>0,ROUND(C2039/D2039,6),"")
23063	Richmond, VA	5728	102.537	=IF(D2040>0,ROUND(C2040/D2040,6),"")
23065	Richmond, VA	1579	16.991	=IF(D2041>0,ROUND(C2041/D2041,6),"")
23069	Richmond, VA	3389	69.136	=IF(D2042>0,ROUND(C2042/D2042,6),"")
23072	Virginia Beach-Norfolk-Newport News, VA-NC	13069	35.597	=IF(D2043>0,ROUND(C2043/D2043,6),"")
23075	Richmond, VA	8235	4.608	=IF(D2044>0,ROUND(C2044/D2044,6),"")
23076	Virginia Beach-Norfolk-Newport News, VA-NC	537	2.89	=IF(D2045>0,ROUND(C2045/D2045,6),"")
23083	Richmond, VA	2384	62.069	=IF(D2046>0,ROUND(C2046/D2046,6),"")
23084	Charlottesville, VA	1282	39.039	=IF(D2047>0,ROUND(C2047/D2047,6),"")
23086	Richmond, VA	3560	82.695	=IF(D2048>0,ROUND(C2048/D2048,6),"")
23089	Richmond, VA	4807	60.501	=IF(D2049>0,ROUND(C2049/D2049,6),"")
23102	Richmond, VA	3323	27.441	=IF(D2050>0,ROUND(C2050/D2050,6),"")
23103	Richmond, VA	6657	38.42	=IF(D2051>0,ROUND(C2051/D2051,6),"")
23106	Richmond, VA	877	23.759	=IF(D2052>0,ROUND(C2052/D2052,6),"")
23109	Virginia Beach-Norfolk-Newport News, VA-NC	2525	20.29	=IF(D2053>0,ROUND(C2053/D2053,6),"")
23111	Richmond, VA	37699	77.157	=IF(D2054>0,ROUND(C2054/D2054,6),"")
23112	Richmond, VA	56364	32.059	=IF(D2055>0,ROUND(C2055/D2055,6),"")
23113	Richmond, VA	26558	36.466	=IF(D2056>0,ROUND(C2056/D2056,6),"")
23114	Richmond, VA	21572	12.137	=IF(D2057>0,ROUND(C2057/D2057,6),"")
23116	Richmond, VA	34058	54.977	=IF(D2058>0,ROUND(C2058/D2058,6),"")
23120	Richmond, VA	17240	63.174	=IF(D2059>0,ROUND(C2059/D2059,6),"")
23124	Richmond, VA	4913	53.322	=IF(D2060>0,ROUND(C2060/D2060,6),"")
23128	Virginia Beach-Norfolk-Newport News, VA-NC	353	8.552	=IF(D2061>0,ROUND(C2061/D2061,6),"")
23129	Richmond, VA	394	4.007	=IF(D2062>0,ROUND(C2062/D2062,6),"")
23138	Virginia Beach-Norfolk-Newport News, VA-NC	1066	11.327	=IF(D2063>0,ROUND(C2063/D2063,6),"")
23139	Richmond, VA	27085	240.497	=IF(D2064>0,ROUND(C2064/D2064,6),"")
23140	Richmond, VA	7533	72.278	=IF(D2065>0,ROUND(C2065/D2065,6),"")
23141	Richmond, VA	7795	35.173	=IF(D2066>0,ROUND(C2066/D2066,6),"")
23146	Richmond, VA	3300	32.268	=IF(D2067>0,ROUND(C2067/D2067,6),"")
23148	Richmond, VA	1472	58.289	=IF(D2068>0,ROUND(C2068/D2068,6),"")
23149	Virginia Beach-Norfolk-Newport News, VA-NC	2535	52.491	=IF(D2069>0,ROUND(C2069/D2069,6),"")
23150	Richmond, VA	12152	29.488	=IF(D2070>0,ROUND(C2070/D2070,6),"")
23153	Richmond, VA	1303	13.277	=IF(D2071>0,ROUND(C2071/D2071,6),"")
23156	Richmond, VA	1249	42.068	=IF(D2072>0,ROUND(C2072/D2072,6),"")
23168	Virginia Beach-Norfolk-Newport News, VA-NC	8783	29.788	=IF(D2073>0,ROUND(C2073/D2073,6),"")
23177	Richmond, VA	611	20.707	=IF(D2074>0,ROUND(C2074/D2074,6),"")
23181	Richmond, VA	5386	65.278	=IF(D2075>0,ROUND(C2075/D2075,6),"")
23185	Virginia Beach-Norfolk-Newport News, VA-NC	54411	57.24	=IF(D2076>0,ROUND(C2076/D2076,6),"")
23188	Virginia Beach-Norfolk-Newport News, VA-NC	45342	97.259	=IF(D2077>0,ROUND(C2077/D2077,6),"")
23192	Richmond, VA	6445	67.953	=IF(D2078>0,ROUND(C2078/D2078,6),"")
23219	Richmond, VA	3856	1.327	=IF(D2079>0,ROUND(C2079/D2079,6),"")
23220	Richmond, VA	34524	4.836	=IF(D2080>0,ROUND(C2080/D2080,6),"")
23221	Richmond, VA	14180	3.302	=IF(D2081>0,ROUND(C2081/D2081,6),"")
23222	Richmond, VA	26809	8.163	=IF(D2082>0,ROUND(C2082/D2082,6),"")
23223	Richmond, VA	56569	16.671	=IF(D2083>0,ROUND(C2083/D2083,6),"")
23224	Richmond, VA	39010	11.561	=IF(D2084>0,ROUND(C2084/D2084,6),"")
23225	Richmond, VA	42223	13.949	=IF(D2085>0,ROUND(C2085/D2085,6),"")
23226	Richmond, VA	15764	5.628	=IF(D2086>0,ROUND(C2086/D2086,6),"")
23227	Richmond, VA	25574	11.478	=IF(D2087>0,ROUND(C2087/D2087,6),"")
23228	Richmond, VA	36435	11.101	=IF(D2088>0,ROUND(C2088/D2088,6),"")
23229	Richmond, VA	35883	14.008	=IF(D2089>0,ROUND(C2089/D2089,6),"")
23230	Richmond, VA	8304	4.258	=IF(D2090>0,ROUND(C2090/D2090,6),"")
23231	Richmond, VA	37949	88.194	=IF(D2091>0,ROUND(C2091/D2091,6),"")
23233	Richmond, VA	31775	12.888	=IF(D2092>0,ROUND(C2092/D2092,6),"")
23234	Richmond, VA	46284	19.108	=IF(D2093>0,ROUND(C2093/D2093,6),"")
23235	Richmond, VA	33207	17.8	=IF(D2094>0,ROUND(C2094/D2094,6),"")
23236	Richmond, VA	27118	14.535	=IF(D2095>0,ROUND(C2095/D2095,6),"")
23237	Richmond, VA	28262	21.582	=IF(D2096>0,ROUND(C2096/D2096,6),"")
23238	Richmond, VA	25893	21.187	=IF(D2097>0,ROUND(C2097/D2097,6),"")
23294	Richmond, VA	19377	4.243	=IF(D2098>0,ROUND(C2098/D2098,6),"")
23314	Virginia Beach-Norfolk-Newport News, VA-NC	9795	19.461	=IF(D2099>0,ROUND(C2099/D2099,6),"")
23315	Virginia Beach-Norfolk-Newport News, VA-NC	1599	30.017	=IF(D2100>0,ROUND(C2100/D2100,6),"")
23320	Virginia Beach-Norfolk-Newport News, VA-NC	59626	31.741	=IF(D2101>0,ROUND(C2101/D2101,6),"")
23321	Virginia Beach-Norfolk-Newport News, VA-NC	39469	26.657	=IF(D2102>0,ROUND(C2102/D2102,6),"")
23322	Virginia Beach-Norfolk-Newport News, VA-NC	66079	187.774	=IF(D2103>0,ROUND(C2103/D2103,6),"")
23323	Virginia Beach-Norfolk-Newport News, VA-NC	43383	81.918	=IF(D2104>0,ROUND(C2104/D2104,6),"")
23324	Virginia Beach-Norfolk-Newport News, VA-NC	23684	6.653	=IF(D2105>0,ROUND(C2105/D2105,6),"")
23325	Virginia Beach-Norfolk-Newport News, VA-NC	19236	3.77	=IF(D2106>0,ROUND(C2106/D2106,6),"")
23430	Virginia Beach-Norfolk-Newport News, VA-NC	19057	104.115	=IF(D2107>0,ROUND(C2107/D2107,6),"")
23432	Virginia Beach-Norfolk-Newport News, VA-NC	1405	13.578	=IF(D2108>0,ROUND(C2108/D2108,6),"")
23433	Virginia Beach-Norfolk-Newport News, VA-NC	1424	1.715	=IF(D2109>0,ROUND(C2109/D2109,6),"")
23434	Virginia Beach-Norfolk-Newport News, VA-NC	52556	206.781	=IF(D2110>0,ROUND(C2110/D2110,6),"")
23435	Virginia Beach-Norfolk-Newport News, VA-NC	33401	35.678	=IF(D2111>0,ROUND(C2111/D2111,6),"")
23436	Virginia Beach-Norfolk-Newport News, VA-NC	873	1.557	=IF(D2112>0,ROUND(C2112/D2112,6),"")
23437	Virginia Beach-Norfolk-Newport News, VA-NC	5088	100.119	=IF(D2113>0,ROUND(C2113/D2113,6),"")
23438	Virginia Beach-Norfolk-Newport News, VA-NC	1620	39.706	=IF(D2114>0,ROUND(C2114/D2114,6),"")
23451	Virginia Beach-Norfolk-Newport News, VA-NC	44641	19.766	=IF(D2115>0,ROUND(C2115/D2115,6),"")
23452	Virginia Beach-Norfolk-Newport News, VA-NC	57995	15.125	=IF(D2116>0,ROUND(C2116/D2116,6),"")
23453	Virginia Beach-Norfolk-Newport News, VA-NC	34545	9.125	=IF(D2117>0,ROUND(C2117/D2117,6),"")
23454	Virginia Beach-Norfolk-Newport News, VA-NC	57773	22.498	=IF(D2118>0,ROUND(C2118/D2118,6),"")
23455	Virginia Beach-Norfolk-Newport News, VA-NC	50501	15.173	=IF(D2119>0,ROUND(C2119/D2119,6),"")
23456	Virginia Beach-Norfolk-Newport News, VA-NC	60744	50.131	=IF(D2120>0,ROUND(C2120/D2120,6),"")
23457	Virginia Beach-Norfolk-Newport News, VA-NC	4927	67.893	=IF(D2121>0,ROUND(C2121/D2121,6),"")
23462	Virginia Beach-Norfolk-Newport News, VA-NC	67066	11.029	=IF(D2122>0,ROUND(C2122/D2122,6),"")
23464	Virginia Beach-Norfolk-Newport News, VA-NC	75290	16.669	=IF(D2123>0,ROUND(C2123/D2123,6),"")
23487	Virginia Beach-Norfolk-Newport News, VA-NC	6238	95.377	=IF(D2124>0,ROUND(C2124/D2124,6),"")
23502	Virginia Beach-Norfolk-Newport News, VA-NC	19836	9.906	=IF(D2125>0,ROUND(C2125/D2125,6),"")
23503	Virginia Beach-Norfolk-Newport News, VA-NC	30559	5.046	=IF(D2126>0,ROUND(C2126/D2126,6),"")
23504	Virginia Beach-Norfolk-Newport News, VA-NC	24052	4.09	=IF(D2127>0,ROUND(C2127/D2127,6),"")
23505	Virginia Beach-Norfolk-Newport News, VA-NC	28983	6.57	=IF(D2128>0,ROUND(C2128/D2128,6),"")
23507	Virginia Beach-Norfolk-Newport News, VA-NC	6515	0.908	=IF(D2129>0,ROUND(C2129/D2129,6),"")
23508	Virginia Beach-Norfolk-Newport News, VA-NC	20119	3.34	=IF(D2130>0,ROUND(C2130/D2130,6),"")
23509	Virginia Beach-Norfolk-Newport News, VA-NC	12912	2.544	=IF(D2131>0,ROUND(C2131/D2131,6),"")
23510	Virginia Beach-Norfolk-Newport News, VA-NC	9240	1.149	=IF(D2132>0,ROUND(C2132/D2132,6),"")
23513	Virginia Beach-Norfolk-Newport News, VA-NC	29962	5.071	=IF(D2133>0,ROUND(C2133/D2133,6),"")
23517	Virginia Beach-Norfolk-Newport News, VA-NC	4550	0.826	=IF(D2134>0,ROUND(C2134/D2134,6),"")
23518	Virginia Beach-Norfolk-Newport News, VA-NC	28957	6.132	=IF(D2135>0,ROUND(C2135/D2135,6),"")
23523	Virginia Beach-Norfolk-Newport News, VA-NC	7698	2.091	=IF(D2136>0,ROUND(C2136/D2136,6),"")
23601	Virginia Beach-Norfolk-Newport News, VA-NC	26557	7.436	=IF(D2137>0,ROUND(C2137/D2137,6),"")
23602	Virginia Beach-Norfolk-Newport News, VA-NC	42699	13.149	=IF(D2138>0,ROUND(C2138/D2138,6),"")
23603	Virginia Beach-Norfolk-Newport News, VA-NC	3428	6.953	=IF(D2139>0,ROUND(C2139/D2139,6),"")
23605	Virginia Beach-Norfolk-Newport News, VA-NC	13334	3.666	=IF(D2140>0,ROUND(C2140/D2140,6),"")
23606	Virginia Beach-Norfolk-Newport News, VA-NC	29899	9.662	=IF(D2141>0,ROUND(C2141/D2141,6),"")
23607	Virginia Beach-Norfolk-Newport News, VA-NC	23028	6.003	=IF(D2142>0,ROUND(C2142/D2142,6),"")
23608	Virginia Beach-Norfolk-Newport News, VA-NC	43841	10.749	=IF(D2143>0,ROUND(C2143/D2143,6),"")
23661	Virginia Beach-Norfolk-Newport News, VA-NC	14141	4.728	=IF(D2144>0,ROUND(C2144/D2144,6),"")
23662	Virginia Beach-Norfolk-Newport News, VA-NC	12556	15.357	=IF(D2145>0,ROUND(C2145/D2145,6),"")
23663	Virginia Beach-Norfolk-Newport News, VA-NC	14599	2.811	=IF(D2146>0,ROUND(C2146/D2146,6),"")
23664	Virginia Beach-Norfolk-Newport News, VA-NC	10175	5.378	=IF(D2147>0,ROUND(C2147/D2147,6),"")
23666	Virginia Beach-Norfolk-Newport News, VA-NC	53226	19.388	=IF(D2148>0,ROUND(C2148/D2148,6),"")
23669	Virginia Beach-Norfolk-Newport News, VA-NC	39730	12.089	=IF(D2149>0,ROUND(C2149/D2149,6),"")
23690	Virginia Beach-Norfolk-Newport News, VA-NC	4948	11.469	=IF(D2150>0,ROUND(C2150/D2150,6),"")
23692	Virginia Beach-Norfolk-Newport News, VA-NC	19208	19.422	=IF(D2151>0,ROUND(C2151/D2151,6),"")
23693	Virginia Beach-Norfolk-Newport News, VA-NC	23208	13.662	=IF(D2152>0,ROUND(C2152/D2152,6),"")
23696	Virginia Beach-Norfolk-Newport News, VA-NC	3987	5.601	=IF(D2153>0,ROUND(C2153/D2153,6),"")
23701	Virginia Beach-Norfolk-Newport News, VA-NC	24430	7.721	=IF(D2154>0,ROUND(C2154/D2154,6),"")
23702	Virginia Beach-Norfolk-Newport News, VA-NC	12087	2.398	=IF(D2155>0,ROUND(C2155/D2155,6),"")
23703	Virginia Beach-Norfolk-Newport News, VA-NC	26364	13.936	=IF(D2156>0,ROUND(C2156/D2156,6),"")
23704	Virginia Beach-Norfolk-Newport News, VA-NC	19235	4.52	=IF(D2157>0,ROUND(C2157/D2157,6),"")
23707	Virginia Beach-Norfolk-Newport News, VA-NC	14311	3.899	=IF(D2158>0,ROUND(C2158/D2158,6),"")
23803	Richmond, VA	41794	72.184	=IF(D2159>0,ROUND(C2159/D2159,6),"")
23805	Richmond, VA	21385	71.496	=IF(D2160>0,ROUND(C2160/D2160,6),"")
23827	Virginia Beach-Norfolk-Newport News, VA-NC	1086	41.861	=IF(D2161>0,ROUND(C2161/D2161,6),"")
23828	Virginia Beach-Norfolk-Newport News, VA-NC	571	41.096	=IF(D2162>0,ROUND(C2162/D2162,6),"")
23829	Virginia Beach-Norfolk-Newport News, VA-NC	2557	80.561	=IF(D2163>0,ROUND(C2163/D2163,6),"")
23830	Richmond, VA	1471	50.34	=IF(D2164>0,ROUND(C2164/D2164,6),"")
23831	Richmond, VA	37819	23.648	=IF(D2165>0,ROUND(C2165/D2165,6),"")
23832	Richmond, VA	42410	41.531	=IF(D2166>0,ROUND(C2166/D2166,6),"")
23833	Richmond, VA	2284	58.338	=IF(D2167>0,ROUND(C2167/D2167,6),"")
23834	Richmond, VA	26752	23.774	=IF(D2168>0,ROUND(C2168/D2168,6),"")
23836	Richmond, VA	13891	26.58	=IF(D2169>0,ROUND(C2169/D2169,6),"")
23837	Virginia Beach-Norfolk-Newport News, VA-NC	4414	110.422	=IF(D2170>0,ROUND(C2170/D2170,6),"")
23838	Richmond, VA	17213	98.774	=IF(D2171>0,ROUND(C2171/D2171,6),"")
23840	Richmond, VA	1593	52.304	=IF(D2172>0,ROUND(C2172/D2172,6),"")
23841	Richmond, VA	2938	75.59	=IF(D2173>0,ROUND(C2173/D2173,6),"")
23842	Richmond, VA	7510	139.591	=IF(D2174>0,ROUND(C2174/D2174,6),"")
23844	Virginia Beach-Norfolk-Newport News, VA-NC	614	43.323	=IF(D2175>0,ROUND(C2175/D2175,6),"")
23850	Richmond, VA	984	45.857	=IF(D2176>0,ROUND(C2176/D2176,6),"")
23851	Virginia Beach-Norfolk-Newport News, VA-NC	13481	108.7	=IF(D2177>0,ROUND(C2177/D2177,6),"")
23860	Richmond, VA	31432	45.23	=IF(D2178>0,ROUND(C2178/D2178,6),"")
23866	Virginia Beach-Norfolk-Newport News, VA-NC	1837	83.636	=IF(D2179>0,ROUND(C2179/D2179,6),"")
23867	Richmond, VA	4924	97.244	=IF(D2180>0,ROUND(C2180/D2180,6),"")
23872	Richmond, VA	2511	99.626	=IF(D2181>0,ROUND(C2181/D2181,6),"")
23874	Virginia Beach-Norfolk-Newport News, VA-NC	714	46.678	=IF(D2182>0,ROUND(C2182/D2182,6),"")
23875	Richmond, VA	12896	35.597	=IF(D2183>0,ROUND(C2183/D2183,6),"")
23878	Virginia Beach-Norfolk-Newport News, VA-NC	1205	36.622	=IF(D2184>0,ROUND(C2184/D2184,6),"")
23881	Richmond, VA	2330	108.501	=IF(D2185>0,ROUND(C2185/D2185,6),"")
23882	Richmond, VA	1967	146.959	=IF(D2186>0,ROUND(C2186/D2186,6),"")
23885	Richmond, VA	2859	34.173	=IF(D2187>0,ROUND(C2187/D2187,6),"")
23888	Richmond, VA	2563	86.651	=IF(D2188>0,ROUND(C2188/D2188,6),"")
23890	Richmond, VA	4600	196.614	=IF(D2189>0,ROUND(C2189/D2189,6),"")
23894	Richmond, VA	403	28.011	=IF(D2190>0,ROUND(C2190/D2190,6),"")
23897	Richmond, VA	1019	62.384	=IF(D2191>0,ROUND(C2191/D2191,6),"")
23898	Virginia Beach-Norfolk-Newport News, VA-NC	2146	50.243	=IF(D2192>0,ROUND(C2192/D2192,6),"")
23966	Richmond, VA	1877	59.488	=IF(D2193>0,ROUND(C2193/D2193,6),"")
24464	Charlottesville, VA	238	27.191	=IF(D2194>0,ROUND(C2194/D2194,6),"")
24553	Charlottesville, VA	1553	136.21	=IF(D2195>0,ROUND(C2195/D2195,6),"")
24562	Charlottesville, VA	619	22.845	=IF(D2196>0,ROUND(C2196/D2196,6),"")
24590	Charlottesville, VA	7940	161.947	=IF(D2197>0,ROUND(C2197/D2197,6),"")
24599	Charlottesville, VA	725	48.53	=IF(D2198>0,ROUND(C2198/D2198,6),"")
25401	Hagerstown-Martinsburg, MD-WV	15661	5.848	=IF(D2199>0,ROUND(C2199/D2199,6),"")
25403	Hagerstown-Martinsburg, MD-WV	15865	40.429	=IF(D2200>0,ROUND(C2200/D2200,6),"")
25404	Hagerstown-Martinsburg, MD-WV	22809	37.919	=IF(D2201>0,ROUND(C2201/D2201,6),"")
25405	Hagerstown-Martinsburg, MD-WV	14993	21.676	=IF(D2202>0,ROUND(C2202/D2202,6),"")
25411	Hagerstown-Martinsburg, MD-WV	11929	139.659	=IF(D2203>0,ROUND(C2203/D2203,6),"")
25413	Hagerstown-Martinsburg, MD-WV	8964	22.866	=IF(D2204>0,ROUND(C2204/D2204,6),"")
25414	Washington-Arlington-Alexandria, DC-VA-MD-WV	20273	56.574	=IF(D2205>0,ROUND(C2205/D2205,6),"")
25419	Hagerstown-Martinsburg, MD-WV	12850	17.486	=IF(D2206>0,ROUND(C2206/D2206,6),"")
25420	Hagerstown-Martinsburg, MD-WV	5086	29.801	=IF(D2207>0,ROUND(C2207/D2207,6),"")
25422	Hagerstown-Martinsburg, MD-WV	1720	66.145	=IF(D2208>0,ROUND(C2208/D2208,6),"")
25425	Washington-Arlington-Alexandria, DC-VA-MD-WV	13404	43.882	=IF(D2209>0,ROUND(C2209/D2209,6),"")
25427	Hagerstown-Martinsburg, MD-WV	16410	130.872	=IF(D2210>0,ROUND(C2210/D2210,6),"")
25428	Hagerstown-Martinsburg, MD-WV	13690	21.962	=IF(D2211>0,ROUND(C2211/D2211,6),"")
25430	Washington-Arlington-Alexandria, DC-VA-MD-WV	8215	45.953	=IF(D2212>0,ROUND(C2212/D2212,6),"")
25431	Winchester, VA-WV	313	8.67	=IF(D2213>0,ROUND(C2213/D2213,6),"")
25434	Winchester, VA-WV	3087	74.581	=IF(D2214>0,ROUND(C2214/D2214,6),"")
25437	Winchester, VA-WV	180	18.983	=IF(D2215>0,ROUND(C2215/D2215,6),"")
25438	Washington-Arlington-Alexandria, DC-VA-MD-WV	7356	9.78	=IF(D2216>0,ROUND(C2216/D2216,6),"")
25442	Washington-Arlington-Alexandria, DC-VA-MD-WV	2918	14.564	=IF(D2217>0,ROUND(C2217/D2217,6),"")
25443	Washington-Arlington-Alexandria, DC-VA-MD-WV	7298	30.681	=IF(D2218>0,ROUND(C2218/D2218,6),"")
25444	Winchester, VA-WV	477	15.276	=IF(D2219>0,ROUND(C2219/D2219,6),"")
25446	Washington-Arlington-Alexandria, DC-VA-MD-WV	1477	14.773	=IF(D2220>0,ROUND(C2220/D2220,6),"")
26704	Winchester, VA-WV	5403	93.776	=IF(D2221>0,ROUND(C2221/D2221,6),"")
26711	Winchester, VA-WV	2352	50.691	=IF(D2222>0,ROUND(C2222/D2222,6),"")
26714	Winchester, VA-WV	506	20.871	=IF(D2223>0,ROUND(C2223/D2223,6),"")
26722	Winchester, VA-WV	387	18.84	=IF(D2224>0,ROUND(C2224/D2224,6),"")
26755	Winchester, VA-WV	826	32.63	=IF(D2225>0,ROUND(C2225/D2225,6),"")
26757	Winchester, VA-WV	7020	146.159	=IF(D2226>0,ROUND(C2226/D2226,6),"")
26761	Winchester, VA-WV	513	11.015	=IF(D2227>0,ROUND(C2227/D2227,6),"")
26763	Winchester, VA-WV	1564	48.832	=IF(D2228>0,ROUND(C2228/D2228,6),"")
26808	Winchester, VA-WV	999	26.669	=IF(D2229>0,ROUND(C2229/D2229,6),"")
26817	Winchester, VA-WV	586	20.545	=IF(D2230>0,ROUND(C2230/D2230,6),"")
26845	Winchester, VA-WV	967	29.319	=IF(D2231>0,ROUND(C2231/D2231,6),"")
26851	Winchester, VA-WV	1612	102.014	=IF(D2232>0,ROUND(C2232/D2232,6),"")
26852	Winchester, VA-WV	922	46.938	=IF(D2233>0,ROUND(C2233/D2233,6),"")
26865	Winchester, VA-WV	233	34.527	=IF(D2234>0,ROUND(C2234/D2234,6),"")
27006	Winston-Salem, NC	16254	62.771	=IF(D2235>0,ROUND(C2235/D2235,6),"")
27009	Winston-Salem, NC	3493	16.505	=IF(D2236>0,ROUND(C2236/D2236,6),"")
27011	Winston-Salem, NC	5109	51.446	=IF(D2237>0,ROUND(C2237/D2237,6),"")
27012	Winston-Salem, NC	29708	42.004	=IF(D2238>0,ROUND(C2238/D2238,6),"")
27013	Charlotte-Concord-Gastonia, NC-SC	6975	75.361	=IF(D2239>0,ROUND(C2239/D2239,6),"")
27014	Winston-Salem, NC	921	0.623	=IF(D2240>0,ROUND(C2240/D2240,6),"")
27016	Winston-Salem, NC	1858	44.658	=IF(D2241>0,ROUND(C2241/D2241,6),"")
27018	Winston-Salem, NC	7838	82.271	=IF(D2242>0,ROUND(C2242/D2242,6),"")
27019	Winston-Salem, NC	2946	35.736	=IF(D2243>0,ROUND(C2243/D2243,6),"")
27020	Winston-Salem, NC	5854	76.128	=IF(D2244>0,ROUND(C2244/D2244,6),"")
27021	Winston-Salem, NC	17029	53.74	=IF(D2245>0,ROUND(C2245/D2245,6),"")
27022	Winston-Salem, NC	1187	33.043	=IF(D2246>0,ROUND(C2246/D2246,6),"")
27023	Winston-Salem, NC	13998	27.76	=IF(D2247>0,ROUND(C2247/D2247,6),"")
27025	Greensboro-High Point, NC	12333	97.738	=IF(D2248>0,ROUND(C2248/D2248,6),"")
27027	Greensboro-High Point, NC	3950	21.152	=IF(D2249>0,ROUND(C2249/D2249,6),"")
27028	Winston-Salem, NC	26026	192.796	=IF(D2250>0,ROUND(C2250/D2250,6),"")
27040	Winston-Salem, NC	12574	26.39	=IF(D2251>0,ROUND(C2251/D2251,6),"")
27045	Winston-Salem, NC	10086	23.363	=IF(D2252>0,ROUND(C2252/D2252,6),"")
27046	Winston-Salem, NC	2285	43.164	=IF(D2253>0,ROUND(C2253/D2253,6),"")
27048	Greensboro-High Point, NC	8409	83.295	=IF(D2254>0,ROUND(C2254/D2254,6),"")
27050	Winston-Salem, NC	3701	25.016	=IF(D2255>0,ROUND(C2255/D2255,6),"")
27051	Winston-Salem, NC	7674	18.314	=IF(D2256>0,ROUND(C2256/D2256,6),"")
27052	Winston-Salem, NC	10599	98.962	=IF(D2257>0,ROUND(C2257/D2257,6),"")
27053	Winston-Salem, NC	3187	69.562	=IF(D2258>0,ROUND(C2258/D2258,6),"")
27054	Charlotte-Concord-Gastonia, NC-SC	2372	28.848	=IF(D2259>0,ROUND(C2259/D2259,6),"")
27055	Winston-Salem, NC	14436	111.246	=IF(D2260>0,ROUND(C2260/D2260,6),"")
27101	Winston-Salem, NC	21881	12.479	=IF(D2261>0,ROUND(C2261/D2261,6),"")
27103	Winston-Salem, NC	33978	18.617	=IF(D2262>0,ROUND(C2262/D2262,6),"")
27104	Winston-Salem, NC	31184	12.385	=IF(D2263>0,ROUND(C2263/D2263,6),"")
27105	Winston-Salem, NC	41257	33.727	=IF(D2264>0,ROUND(C2264/D2264,6),"")
27106	Winston-Salem, NC	49296	28.47	=IF(D2265>0,ROUND(C2265/D2265,6),"")
27107	Winston-Salem, NC	51305	66.184	=IF(D2266>0,ROUND(C2266/D2266,6),"")
27127	Winston-Salem, NC	41450	29.361	=IF(D2267>0,ROUND(C2267/D2267,6),"")
27203	Greensboro-High Point, NC	22641	22.489	=IF(D2268>0,ROUND(C2268/D2268,6),"")
27205	Greensboro-High Point, NC	36212	223.698	=IF(D2269>0,ROUND(C2269/D2269,6),"")
27207	Durham-Chapel Hill, NC	4129	86.518	=IF(D2270>0,ROUND(C2270/D2270,6),"")
27208	Durham-Chapel Hill, NC	1615	40.898	=IF(D2271>0,ROUND(C2271/D2271,6),"")
27214	Greensboro-High Point, NC	14929	51.287	=IF(D2272>0,ROUND(C2272/D2272,6),"")
27215	Burlington, NC	45967	63.085	=IF(D2273>0,ROUND(C2273/D2273,6),"")
27217	Burlington, NC	40561	123.208	=IF(D2274>0,ROUND(C2274/D2274,6),"")
27231	Durham-Chapel Hill, NC	2174	35.07	=IF(D2275>0,ROUND(C2275/D2275,6),"")
27233	Greensboro-High Point, NC	3414	24.397	=IF(D2276>0,ROUND(C2276/D2276,6),"")
27235	Greensboro-High Point, NC	4963	13.307	=IF(D2277>0,ROUND(C2277/D2277,6),"")
27239	Winston-Salem, NC	8409	155.546	=IF(D2278>0,ROUND(C2278/D2278,6),"")
27243	Durham-Chapel Hill, NC	5506	40.277	=IF(D2279>0,ROUND(C2279/D2279,6),"")
27244	Burlington, NC	16652	53.782	=IF(D2280>0,ROUND(C2280/D2280,6),"")
27248	Greensboro-High Point, NC	3975	34.382	=IF(D2281>0,ROUND(C2281/D2281,6),"")
27249	Greensboro-High Point, NC	13081	59.819	=IF(D2282>0,ROUND(C2282/D2282,6),"")
27252	Durham-Chapel Hill, NC	1066	37.053	=IF(D2283>0,ROUND(C2283/D2283,6),"")
27253	Burlington, NC	32688	81.908	=IF(D2284>0,ROUND(C2284/D2284,6),"")
27258	Burlington, NC	7162	18.769	=IF(D2285>0,ROUND(C2285/D2285,6),"")
27260	Greensboro-High Point, NC	25941	12.378	=IF(D2286>0,ROUND(C2286/D2286,6),"")
27262	Greensboro-High Point, NC	26137	13.189	=IF(D2287>0,ROUND(C2287/D2287,6),"")
27263	Greensboro-High Point, NC	21294	39.032	=IF(D2288>0,ROUND(C2288/D2288,6),"")
27265	Greensboro-High Point, NC	50123	41.497	=IF(D2289>0,ROUND(C2289/D2289,6),"")
27278	Durham-Chapel Hill, NC	28546	103.69	=IF(D2290>0,ROUND(C2290/D2290,6),"")
27282	Greensboro-High Point, NC	14729	14.719	=IF(D2291>0,ROUND(C2291/D2291,6),"")
27283	Greensboro-High Point, NC	3262	25.768	=IF(D2292>0,ROUND(C2292/D2292,6),"")
27284	Winston-Salem, NC	57119	78.801	=IF(D2293>0,ROUND(C2293/D2293,6),"")
27288	Greensboro-High Point, NC	22768	71.424	=IF(D2294>0,ROUND(C2294/D2294,6),"")
27291	Durham-Chapel Hill, NC	1654	50.481	=IF(D2295>0,ROUND(C2295/D2295,6),"")
27292	Winston-Salem, NC	40369	143.971	=IF(D2296>0,ROUND(C2296/D2296,6),"")
27295	Winston-Salem, NC	38521	127.643	=IF(D2297>0,ROUND(C2297/D2297,6),"")
27298	Greensboro-High Point, NC	10507	94.807	=IF(D2298>0,ROUND(C2298/D2298,6),"")
27299	Winston-Salem, NC	5144	27.487	=IF(D2299>0,ROUND(C2299/D2299,6),"")
27301	Greensboro-High Point, NC	10897	33.297	=IF(D2300>0,ROUND(C2300/D2300,6),"")
27302	Burlington, NC	34222	114.704	=IF(D2301>0,ROUND(C2301/D2301,6),"")
27310	Greensboro-High Point, NC	8573	17.931	=IF(D2302>0,ROUND(C2302/D2302,6),"")
27311	Greensboro-High Point, NC	3656	49.102	=IF(D2303>0,ROUND(C2303/D2303,6),"")
27312	Durham-Chapel Hill, NC	22443	170.925	=IF(D2304>0,ROUND(C2304/D2304,6),"")
27313	Greensboro-High Point, NC	8009	27.946	=IF(D2305>0,ROUND(C2305/D2305,6),"")
27316	Greensboro-High Point, NC	7229	67.715	=IF(D2306>0,ROUND(C2306/D2306,6),"")
27317	Greensboro-High Point, NC	17769	54.146	=IF(D2307>0,ROUND(C2307/D2307,6),"")
27320	Greensboro-High Point, NC	38610	244.883	=IF(D2308>0,ROUND(C2308/D2308,6),"")
27326	Greensboro-High Point, NC	3387	65.021	=IF(D2309>0,ROUND(C2309/D2309,6),"")
27330	Sanford, NC	41473	210.699	=IF(D2310>0,ROUND(C2310/D2310,6),"")
27332	Sanford, NC	34378	107.109	=IF(D2311>0,ROUND(C2311/D2311,6),"")
27341	Greensboro-High Point, NC	4201	95.675	=IF(D2312>0,ROUND(C2312/D2312,6),"")
27343	Durham-Chapel Hill, NC	1606	46.681	=IF(D2313>0,ROUND(C2313/D2313,6),"")
27344	Durham-Chapel Hill, NC	18804	166.274	=IF(D2314>0,ROUND(C2314/D2314,6),"")
27349	Burlington, NC	6225	63.718	=IF(D2315>0,ROUND(C2315/D2315,6),"")
27350	Greensboro-High Point, NC	6110	36.413	=IF(D2316>0,ROUND(C2316/D2316,6),"")
27355	Greensboro-High Point, NC	2043	34.568	=IF(D2317>0,ROUND(C2317/D2317,6),"")
27357	Greensboro-High Point, NC	9785	42.673	=IF(D2318>0,ROUND(C2318/D2318,6),"")
27358	Greensboro-High Point, NC	15283	52.75	=IF(D2319>0,ROUND(C2319/D2319,6),"")
27360	Winston-Salem, NC	48520	88.455	=IF(D2320>0,ROUND(C2320/D2320,6),"")
27370	Greensboro-High Point, NC	15223	59.759	=IF(D2321>0,ROUND(C2321/D2321,6),"")
27377	Greensboro-High Point, NC	10388	25.743	=IF(D2322>0,ROUND(C2322/D2322,6),"")
27401	Greensboro-High Point, NC	21788	5.794	=IF(D2323>0,ROUND(C2323/D2323,6),"")
27403	Greensboro-High Point, NC	20675	5.762	=IF(D2324>0,ROUND(C2324/D2324,6),"")
27405	Greensboro-High Point, NC	52525	31.388	=IF(D2325>0,ROUND(C2325/D2325,6),"")
27406	Greensboro-High Point, NC	63661	69.369	=IF(D2326>0,ROUND(C2326/D2326,6),"")
27407	Greensboro-High Point, NC	52583	29.448	=IF(D2327>0,ROUND(C2327/D2327,6),"")
27408	Greensboro-High Point, NC	16229	7.688	=IF(D2328>0,ROUND(C2328/D2328,6),"")
27409	Greensboro-High Point, NC	16927	19.911	=IF(D2329>0,ROUND(C2329/D2329,6),"")
27410	Greensboro-High Point, NC	54317	31.87	=IF(D2330>0,ROUND(C2330/D2330,6),"")
27455	Greensboro-High Point, NC	29392	28.726	=IF(D2331>0,ROUND(C2331/D2331,6),"")
27501	Fayetteville, NC	23237	62.85	=IF(D2332>0,ROUND(C2332/D2332,6),"")
27502	Raleigh-Cary, NC	47436	28.331	=IF(D2333>0,ROUND(C2333/D2333,6),"")
27503	Durham-Chapel Hill, NC	5092	38.143	=IF(D2334>0,ROUND(C2334/D2334,6),"")
27504	Raleigh-Cary, NC	15999	89.818	=IF(D2335>0,ROUND(C2335/D2335,6),"")
27505	Fayetteville, NC	7985	53.803	=IF(D2336>0,ROUND(C2336/D2336,6),"")
27508	Raleigh-Cary, NC	2448	10.583	=IF(D2337>0,ROUND(C2337/D2337,6),"")
27509	Durham-Chapel Hill, NC	7838	14.675	=IF(D2338>0,ROUND(C2338/D2338,6),"")
27510	Durham-Chapel Hill, NC	13739	3.198	=IF(D2339>0,ROUND(C2339/D2339,6),"")
27511	Raleigh-Cary, NC	33279	11.732	=IF(D2340>0,ROUND(C2340/D2340,6),"")
27513	Raleigh-Cary, NC	47444	16.4	=IF(D2341>0,ROUND(C2341/D2341,6),"")
27514	Durham-Chapel Hill, NC	32612	19.611	=IF(D2342>0,ROUND(C2342/D2342,6),"")
27516	Durham-Chapel Hill, NC	46372	93.47	=IF(D2343>0,ROUND(C2343/D2343,6),"")
27517	Durham-Chapel Hill, NC	28676	46.012	=IF(D2344>0,ROUND(C2344/D2344,6),"")
27518	Raleigh-Cary, NC	18995	9.899	=IF(D2345>0,ROUND(C2345/D2345,6),"")
27519	Raleigh-Cary, NC	67976	22.292	=IF(D2346>0,ROUND(C2346/D2346,6),"")
27520	Raleigh-Cary, NC	48662	70.782	=IF(D2347>0,ROUND(C2347/D2347,6),"")
27521	Fayetteville, NC	6607	26.009	=IF(D2348>0,ROUND(C2348/D2348,6),"")
27522	Durham-Chapel Hill, NC	13654	72.329	=IF(D2349>0,ROUND(C2349/D2349,6),"")
27523	Raleigh-Cary, NC	18330	38.536	=IF(D2350>0,ROUND(C2350/D2350,6),"")
27524	Raleigh-Cary, NC	14420	134.436	=IF(D2351>0,ROUND(C2351/D2351,6),"")
27525	Raleigh-Cary, NC	16485	93.808	=IF(D2352>0,ROUND(C2352/D2352,6),"")
27526	Raleigh-Cary, NC	59306	98.108	=IF(D2353>0,ROUND(C2353/D2353,6),"")
27527	Raleigh-Cary, NC	35968	44.082	=IF(D2354>0,ROUND(C2354/D2354,6),"")
27529	Raleigh-Cary, NC	55201	57.704	=IF(D2355>0,ROUND(C2355/D2355,6),"")
27539	Raleigh-Cary, NC	25944	31.002	=IF(D2356>0,ROUND(C2356/D2356,6),"")
27540	Raleigh-Cary, NC	45993	47.991	=IF(D2357>0,ROUND(C2357/D2357,6),"")
27541	Durham-Chapel Hill, NC	3862	69.398	=IF(D2358>0,ROUND(C2358/D2358,6),"")
27542	Raleigh-Cary, NC	9441	90.1	=IF(D2359>0,ROUND(C2359/D2359,6),"")
27545	Raleigh-Cary, NC	33750	31.647	=IF(D2360>0,ROUND(C2360/D2360,6),"")
27546	Fayetteville, NC	20802	122.512	=IF(D2361>0,ROUND(C2361/D2361,6),"")
27549	Raleigh-Cary, NC	25826	231.656	=IF(D2362>0,ROUND(C2362/D2362,6),"")
27559	Durham-Chapel Hill, NC	2607	50.625	=IF(D2363>0,ROUND(C2363/D2363,6),"")
27560	Raleigh-Cary, NC	39442	27.398	=IF(D2364>0,ROUND(C2364/D2364,6),"")
27562	Raleigh-Cary, NC	5044	54.246	=IF(D2365>0,ROUND(C2365/D2365,6),"")
27565	Durham-Chapel Hill, NC	23658	318.981	=IF(D2366>0,ROUND(C2366/D2366,6),"")
27569	Raleigh-Cary, NC	8396	80.015	=IF(D2367>0,ROUND(C2367/D2367,6),"")
27571	Raleigh-Cary, NC	8908	4.861	=IF(D2368>0,ROUND(C2368/D2368,6),"")
27572	Durham-Chapel Hill, NC	6524	106.345	=IF(D2369>0,ROUND(C2369/D2369,6),"")
27573	Durham-Chapel Hill, NC	11954	17.308	=IF(D2370>0,ROUND(C2370/D2370,6),"")
27574	Durham-Chapel Hill, NC	14163	191.64	=IF(D2371>0,ROUND(C2371/D2371,6),"")
27576	Raleigh-Cary, NC	20104	81.316	=IF(D2372>0,ROUND(C2372/D2372,6),"")
27577	Raleigh-Cary, NC	26946	103.716	=IF(D2373>0,ROUND(C2373/D2373,6),"")
27581	Durham-Chapel Hill, NC	3941	36.192	=IF(D2374>0,ROUND(C2374/D2374,6),"")
27583	Durham-Chapel Hill, NC	6633	49.191	=IF(D2375>0,ROUND(C2375/D2375,6),"")
27587	Raleigh-Cary, NC	81902	105.125	=IF(D2376>0,ROUND(C2376/D2376,6),"")
27591	Raleigh-Cary, NC	26745	66.637	=IF(D2377>0,ROUND(C2377/D2377,6),"")
27592	Raleigh-Cary, NC	20239	39.232	=IF(D2378>0,ROUND(C2378/D2378,6),"")
27596	Raleigh-Cary, NC	19574	52.818	=IF(D2379>0,ROUND(C2379/D2379,6),"")
27597	Raleigh-Cary, NC	29003	118.472	=IF(D2380>0,ROUND(C2380/D2380,6),"")
27601	Raleigh-Cary, NC	9702	1.818	=IF(D2381>0,ROUND(C2381/D2381,6),"")
27603	Raleigh-Cary, NC	53835	51.412	=IF(D2382>0,ROUND(C2382/D2382,6),"")
27604	Raleigh-Cary, NC	44094	19.127	=IF(D2383>0,ROUND(C2383/D2383,6),"")
27605	Raleigh-Cary, NC	6121	1.024	=IF(D2384>0,ROUND(C2384/D2384,6),"")
27606	Raleigh-Cary, NC	45728	24.465	=IF(D2385>0,ROUND(C2385/D2385,6),"")
27607	Raleigh-Cary, NC	26062	17.37	=IF(D2386>0,ROUND(C2386/D2386,6),"")
27608	Raleigh-Cary, NC	12522	3.45	=IF(D2387>0,ROUND(C2387/D2387,6),"")
27609	Raleigh-Cary, NC	35548	10.941	=IF(D2388>0,ROUND(C2388/D2388,6),"")
27610	Raleigh-Cary, NC	80173	45.138	=IF(D2389>0,ROUND(C2389/D2389,6),"")
27612	Raleigh-Cary, NC	40475	16.606	=IF(D2390>0,ROUND(C2390/D2390,6),"")
27613	Raleigh-Cary, NC	44357	25.499	=IF(D2391>0,ROUND(C2391/D2391,6),"")
27614	Raleigh-Cary, NC	33021	27.734	=IF(D2392>0,ROUND(C2392/D2392,6),"")
27615	Raleigh-Cary, NC	45722	18.897	=IF(D2393>0,ROUND(C2393/D2393,6),"")
27616	Raleigh-Cary, NC	61161	22.519	=IF(D2394>0,ROUND(C2394/D2394,6),"")
27617	Raleigh-Cary, NC	20012	8.273	=IF(D2395>0,ROUND(C2395/D2395,6),"")
27701	Durham-Chapel Hill, NC	24881	5.249	=IF(D2396>0,ROUND(C2396/D2396,6),"")
27703	Durham-Chapel Hill, NC	62994	49.068	=IF(D2397>0,ROUND(C2397/D2397,6),"")
27704	Durham-Chapel Hill, NC	41346	41.92	=IF(D2398>0,ROUND(C2398/D2398,6),"")
27705	Durham-Chapel Hill, NC	48412	42.066	=IF(D2399>0,ROUND(C2399/D2399,6),"")
27707	Durham-Chapel Hill, NC	50865	20.704	=IF(D2400>0,ROUND(C2400/D2400,6),"")
27712	Durham-Chapel Hill, NC	23541	33.373	=IF(D2401>0,ROUND(C2401/D2401,6),"")
27713	Durham-Chapel Hill, NC	58409	35.36	=IF(D2402>0,ROUND(C2402/D2402,6),"")
27813	Wilson, NC	714	1.1	=IF(D2403>0,ROUND(C2403/D2403,6),"")
27816	Raleigh-Cary, NC	2964	65.02	=IF(D2404>0,ROUND(C2404/D2404,6),"")
27822	Wilson, NC	7745	87.627	=IF(D2405>0,ROUND(C2405/D2405,6),"")
27828	Greenville, NC	8155	79.31	=IF(D2406>0,ROUND(C2406/D2406,6),"")
27829	Greenville, NC	1525	46.238	=IF(D2407>0,ROUND(C2407/D2407,6),"")
27834	Greenville, NC	55073	174.286	=IF(D2408>0,ROUND(C2408/D2408,6),"")
27837	Greenville, NC	6537	58.899	=IF(D2409>0,ROUND(C2409/D2409,6),"")
27851	Wilson, NC	5366	44.321	=IF(D2410>0,ROUND(C2410/D2410,6),"")
27858	Greenville, NC	56258	61.396	=IF(D2411>0,ROUND(C2411/D2411,6),"")
27871	Greenville, NC	3559	95.848	=IF(D2412>0,ROUND(C2412/D2412,6),"")
27880	Wilson, NC	3976	25.545	=IF(D2413>0,ROUND(C2413/D2413,6),"")
27884	Greenville, NC	1608	35.786	=IF(D2414>0,ROUND(C2414/D2414,6),"")
27888	Greenville, NC	1904	56.657	=IF(D2415>0,ROUND(C2415/D2415,6),"")
27893	Wilson, NC	38626	108.989	=IF(D2416>0,ROUND(C2416/D2416,6),"")
27896	Wilson, NC	18808	35.159	=IF(D2417>0,ROUND(C2417/D2417,6),"")
27916	Virginia Beach-Norfolk-Newport News, VA-NC	1210	8.5	=IF(D2418>0,ROUND(C2418/D2418,6),"")
27917	Virginia Beach-Norfolk-Newport News, VA-NC	759	19.741	=IF(D2419>0,ROUND(C2419/D2419,6),"")
27921	Virginia Beach-Norfolk-Newport News, VA-NC	4903	63.842	=IF(D2420>0,ROUND(C2420/D2420,6),"")
27923	Virginia Beach-Norfolk-Newport News, VA-NC	479	5.169	=IF(D2421>0,ROUND(C2421/D2421,6),"")
27926	Virginia Beach-Norfolk-Newport News, VA-NC	1881	36.193	=IF(D2422>0,ROUND(C2422/D2422,6),"")
27927	Virginia Beach-Norfolk-Newport News, VA-NC	1129	26.587	=IF(D2423>0,ROUND(C2423/D2423,6),"")
27929	Virginia Beach-Norfolk-Newport News, VA-NC	3331	15.488	=IF(D2424>0,ROUND(C2424/D2424,6),"")
27935	Virginia Beach-Norfolk-Newport News, VA-NC	1386	61.001	=IF(D2425>0,ROUND(C2425/D2425,6),"")
27937	Virginia Beach-Norfolk-Newport News, VA-NC	3122	80.912	=IF(D2426>0,ROUND(C2426/D2426,6),"")
27938	Virginia Beach-Norfolk-Newport News, VA-NC	1863	51.082	=IF(D2427>0,ROUND(C2427/D2427,6),"")
27939	Virginia Beach-Norfolk-Newport News, VA-NC	2422	7.638	=IF(D2428>0,ROUND(C2428/D2428,6),"")
27941	Virginia Beach-Norfolk-Newport News, VA-NC	448	2.542	=IF(D2429>0,ROUND(C2429/D2429,6),"")
27946	Virginia Beach-Norfolk-Newport News, VA-NC	1027	43.751	=IF(D2430>0,ROUND(C2430/D2430,6),"")
27947	Virginia Beach-Norfolk-Newport News, VA-NC	990	10.328	=IF(D2431>0,ROUND(C2431/D2431,6),"")
27950	Virginia Beach-Norfolk-Newport News, VA-NC	1786	29.718	=IF(D2432>0,ROUND(C2432/D2432,6),"")
27956	Virginia Beach-Norfolk-Newport News, VA-NC	201	2.753	=IF(D2433>0,ROUND(C2433/D2433,6),"")
27958	Virginia Beach-Norfolk-Newport News, VA-NC	13625	79.831	=IF(D2434>0,ROUND(C2434/D2434,6),"")
27964	Virginia Beach-Norfolk-Newport News, VA-NC	510	1.635	=IF(D2435>0,ROUND(C2435/D2435,6),"")
27965	Virginia Beach-Norfolk-Newport News, VA-NC	433	18.051	=IF(D2436>0,ROUND(C2436/D2436,6),"")
27966	Virginia Beach-Norfolk-Newport News, VA-NC	1516	10.694	=IF(D2437>0,ROUND(C2437/D2437,6),"")
27973	Virginia Beach-Norfolk-Newport News, VA-NC	1422	37.115	=IF(D2438>0,ROUND(C2438/D2438,6),"")
27974	Virginia Beach-Norfolk-Newport News, VA-NC	906	45.349	=IF(D2439>0,ROUND(C2439/D2439,6),"")
27976	Virginia Beach-Norfolk-Newport News, VA-NC	4237	117.24	=IF(D2440>0,ROUND(C2440/D2440,6),"")
27979	Virginia Beach-Norfolk-Newport News, VA-NC	1060	70.719	=IF(D2441>0,ROUND(C2441/D2441,6),"")
28006	Charlotte-Concord-Gastonia, NC-SC	1311	4.604	=IF(D2442>0,ROUND(C2442/D2442,6),"")
28012	Charlotte-Concord-Gastonia, NC-SC	26519	27.251	=IF(D2443>0,ROUND(C2443/D2443,6),"")
28016	Charlotte-Concord-Gastonia, NC-SC	12882	42.969	=IF(D2444>0,ROUND(C2444/D2444,6),"")
28017	Shelby, NC	465	0.172	=IF(D2445>0,ROUND(C2445/D2445,6),"")
28020	Shelby, NC	2344	46.275	=IF(D2446>0,ROUND(C2446/D2446,6),"")
28021	Charlotte-Concord-Gastonia, NC-SC	13668	58.814	=IF(D2447>0,ROUND(C2447/D2447,6),"")
28023	Charlotte-Concord-Gastonia, NC-SC	15255	46.54	=IF(D2448>0,ROUND(C2448/D2448,6),"")
28025	Charlotte-Concord-Gastonia, NC-SC	57510	108.376	=IF(D2449>0,ROUND(C2449/D2449,6),"")
28027	Charlotte-Concord-Gastonia, NC-SC	79429	68.999	=IF(D2450>0,ROUND(C2450/D2450,6),"")
28031	Charlotte-Concord-Gastonia, NC-SC	31021	13.979	=IF(D2451>0,ROUND(C2451/D2451,6),"")
28032	Charlotte-Concord-Gastonia, NC-SC	3222	2.074	=IF(D2452>0,ROUND(C2452/D2452,6),"")
28033	Charlotte-Concord-Gastonia, NC-SC	3100	16.145	=IF(D2453>0,ROUND(C2453/D2453,6),"")
28034	Charlotte-Concord-Gastonia, NC-SC	19470	45.65	=IF(D2454>0,ROUND(C2454/D2454,6),"")
28036	Charlotte-Concord-Gastonia, NC-SC	21824	23.428	=IF(D2455>0,ROUND(C2455/D2455,6),"")
28037	Charlotte-Concord-Gastonia, NC-SC	27128	44.724	=IF(D2456>0,ROUND(C2456/D2456,6),"")
28042	Shelby, NC	306	0.504	=IF(D2457>0,ROUND(C2457/D2457,6),"")
28052	Charlotte-Concord-Gastonia, NC-SC	36896	41.407	=IF(D2458>0,ROUND(C2458/D2458,6),"")
28054	Charlotte-Concord-Gastonia, NC-SC	39493	19.334	=IF(D2459>0,ROUND(C2459/D2459,6),"")
28056	Charlotte-Concord-Gastonia, NC-SC	35963	48.27	=IF(D2460>0,ROUND(C2460/D2460,6),"")
28071	Charlotte-Concord-Gastonia, NC-SC	3056	48.843	=IF(D2461>0,ROUND(C2461/D2461,6),"")
28073	Shelby, NC	6246	25.722	=IF(D2462>0,ROUND(C2462/D2462,6),"")
28075	Charlotte-Concord-Gastonia, NC-SC	21562	21.101	=IF(D2463>0,ROUND(C2463/D2463,6),"")
28078	Charlotte-Concord-Gastonia, NC-SC	69907	63.726	=IF(D2464>0,ROUND(C2464/D2464,6),"")
28079	Charlotte-Concord-Gastonia, NC-SC	40820	46.605	=IF(D2465>0,ROUND(C2465/D2465,6),"")
28080	Charlotte-Concord-Gastonia, NC-SC	8075	40.274	=IF(D2466>0,ROUND(C2466/D2466,6),"")
28081	Charlotte-Concord-Gastonia, NC-SC	29071	30.273	=IF(D2467>0,ROUND(C2467/D2467,6),"")
28083	Charlotte-Concord-Gastonia, NC-SC	28474	19.998	=IF(D2468>0,ROUND(C2468/D2468,6),"")
28086	Shelby, NC	28921	90.538	=IF(D2469>0,ROUND(C2469/D2469,6),"")
28088	Charlotte-Concord-Gastonia, NC-SC	2819	2.838	=IF(D2470>0,ROUND(C2470/D2470,6),"")
28090	Shelby, NC	7422	93.734	=IF(D2471>0,ROUND(C2471/D2471,6),"")
28091	Charlotte-Concord-Gastonia, NC-SC	1990	93.609	=IF(D2472>0,ROUND(C2472/D2472,6),"")
28092	Charlotte-Concord-Gastonia, NC-SC	40224	119.924	=IF(D2473>0,ROUND(C2473/D2473,6),"")
28098	Charlotte-Concord-Gastonia, NC-SC	3746	3.641	=IF(D2474>0,ROUND(C2474/D2474,6),"")
28101	Charlotte-Concord-Gastonia, NC-SC	1027	0.51	=IF(D2475>0,ROUND(C2475/D2475,6),"")
28103	Charlotte-Concord-Gastonia, NC-SC	11058	153.16	=IF(D2476>0,ROUND(C2476/D2476,6),"")
28104	Charlotte-Concord-Gastonia, NC-SC	36232	29.604	=IF(D2477>0,ROUND(C2477/D2477,6),"")
28105	Charlotte-Concord-Gastonia, NC-SC	45922	23.234	=IF(D2478>0,ROUND(C2478/D2478,6),"")
28107	Charlotte-Concord-Gastonia, NC-SC	9638	48.864	=IF(D2479>0,ROUND(C2479/D2479,6),"")
28110	Charlotte-Concord-Gastonia, NC-SC	55807	127.372	=IF(D2480>0,ROUND(C2480/D2480,6),"")
28112	Charlotte-Concord-Gastonia, NC-SC	27651	132.129	=IF(D2481>0,ROUND(C2481/D2481,6),"")
28115	Charlotte-Concord-Gastonia, NC-SC	42862	74.618	=IF(D2482>0,ROUND(C2482/D2482,6),"")
28117	Charlotte-Concord-Gastonia, NC-SC	48170	39.089	=IF(D2483>0,ROUND(C2483/D2483,6),"")
28119	Charlotte-Concord-Gastonia, NC-SC	2454	66.931	=IF(D2484>0,ROUND(C2484/D2484,6),"")
28120	Charlotte-Concord-Gastonia, NC-SC	24363	31.373	=IF(D2485>0,ROUND(C2485/D2485,6),"")
28124	Charlotte-Concord-Gastonia, NC-SC	6169	58.095	=IF(D2486>0,ROUND(C2486/D2486,6),"")
28125	Charlotte-Concord-Gastonia, NC-SC	2769	38.383	=IF(D2487>0,ROUND(C2487/D2487,6),"")
28133	Charlotte-Concord-Gastonia, NC-SC	2027	81.691	=IF(D2488>0,ROUND(C2488/D2488,6),"")
28134	Charlotte-Concord-Gastonia, NC-SC	13121	8.34	=IF(D2489>0,ROUND(C2489/D2489,6),"")
28135	Charlotte-Concord-Gastonia, NC-SC	5087	100.948	=IF(D2490>0,ROUND(C2490/D2490,6),"")
28136	Shelby, NC	92	0.078	=IF(D2491>0,ROUND(C2491/D2491,6),"")
28138	Charlotte-Concord-Gastonia, NC-SC	9795	44.95	=IF(D2492>0,ROUND(C2492/D2492,6),"")
28144	Charlotte-Concord-Gastonia, NC-SC	27238	30.072	=IF(D2493>0,ROUND(C2493/D2493,6),"")
28146	Charlotte-Concord-Gastonia, NC-SC	31757	97.115	=IF(D2494>0,ROUND(C2494/D2494,6),"")
28147	Charlotte-Concord-Gastonia, NC-SC	25189	77.602	=IF(D2495>0,ROUND(C2495/D2495,6),"")
28150	Shelby, NC	26447	109.485	=IF(D2496>0,ROUND(C2496/D2496,6),"")
28152	Shelby, NC	27031	79.503	=IF(D2497>0,ROUND(C2497/D2497,6),"")
28159	Charlotte-Concord-Gastonia, NC-SC	3181	2.235	=IF(D2498>0,ROUND(C2498/D2498,6),"")
28164	Charlotte-Concord-Gastonia, NC-SC	15991	41.01	=IF(D2499>0,ROUND(C2499/D2499,6),"")
28166	Charlotte-Concord-Gastonia, NC-SC	11009	28.995	=IF(D2500>0,ROUND(C2500/D2500,6),"")
28168	Hickory-Lenoir-Morganton, NC	10436	87.029	=IF(D2501>0,ROUND(C2501/D2501,6),"")
28170	Charlotte-Concord-Gastonia, NC-SC	9595	177.93	=IF(D2502>0,ROUND(C2502/D2502,6),"")
28173	Charlotte-Concord-Gastonia, NC-SC	63503	106.33	=IF(D2503>0,ROUND(C2503/D2503,6),"")
28174	Charlotte-Concord-Gastonia, NC-SC	9439	36.402	=IF(D2504>0,ROUND(C2504/D2504,6),"")
28202	Charlotte-Concord-Gastonia, NC-SC	16855	1.804	=IF(D2505>0,ROUND(C2505/D2505,6),"")
28203	Charlotte-Concord-Gastonia, NC-SC	18324	3.132	=IF(D2506>0,ROUND(C2506/D2506,6),"")
28204	Charlotte-Concord-Gastonia, NC-SC	9744	1.763	=IF(D2507>0,ROUND(C2507/D2507,6),"")
28205	Charlotte-Concord-Gastonia, NC-SC	51297	11.828	=IF(D2508>0,ROUND(C2508/D2508,6),"")
28206	Charlotte-Concord-Gastonia, NC-SC	14726	6.978	=IF(D2509>0,ROUND(C2509/D2509,6),"")
28207	Charlotte-Concord-Gastonia, NC-SC	9709	2.43	=IF(D2510>0,ROUND(C2510/D2510,6),"")
28208	Charlotte-Concord-Gastonia, NC-SC	38948	20.236	=IF(D2511>0,ROUND(C2511/D2511,6),"")
28209	Charlotte-Concord-Gastonia, NC-SC	23945	5.491	=IF(D2512>0,ROUND(C2512/D2512,6),"")
28210	Charlotte-Concord-Gastonia, NC-SC	47537	12.403	=IF(D2513>0,ROUND(C2513/D2513,6),"")
28211	Charlotte-Concord-Gastonia, NC-SC	32637	10.952	=IF(D2514>0,ROUND(C2514/D2514,6),"")
28212	Charlotte-Concord-Gastonia, NC-SC	42628	9.185	=IF(D2515>0,ROUND(C2515/D2515,6),"")
28213	Charlotte-Concord-Gastonia, NC-SC	45676	14.224	=IF(D2516>0,ROUND(C2516/D2516,6),"")
28214	Charlotte-Concord-Gastonia, NC-SC	42197	33.905	=IF(D2517>0,ROUND(C2517/D2517,6),"")
28215	Charlotte-Concord-Gastonia, NC-SC	65789	28.85	=IF(D2518>0,ROUND(C2518/D2518,6),"")
28216	Charlotte-Concord-Gastonia, NC-SC	54052	30.02	=IF(D2519>0,ROUND(C2519/D2519,6),"")
28217	Charlotte-Concord-Gastonia, NC-SC	31909	14.933	=IF(D2520>0,ROUND(C2520/D2520,6),"")
28226	Charlotte-Concord-Gastonia, NC-SC	38985	14.727	=IF(D2521>0,ROUND(C2521/D2521,6),"")
28227	Charlotte-Concord-Gastonia, NC-SC	60162	40.158	=IF(D2522>0,ROUND(C2522/D2522,6),"")
28262	Charlotte-Concord-Gastonia, NC-SC	45884	21.006	=IF(D2523>0,ROUND(C2523/D2523,6),"")
28269	Charlotte-Concord-Gastonia, NC-SC	80396	30.571	=IF(D2524>0,ROUND(C2524/D2524,6),"")
28270	Charlotte-Concord-Gastonia, NC-SC	32913	12.425	=IF(D2525>0,ROUND(C2525/D2525,6),"")
28273	Charlotte-Concord-Gastonia, NC-SC	49141	22.518	=IF(D2526>0,ROUND(C2526/D2526,6),"")
28277	Charlotte-Concord-Gastonia, NC-SC	72375	24.149	=IF(D2527>0,ROUND(C2527/D2527,6),"")
28278	Charlotte-Concord-Gastonia, NC-SC	36438	28.808	=IF(D2528>0,ROUND(C2528/D2528,6),"")
28301	Fayetteville, NC	16221	12.403	=IF(D2529>0,ROUND(C2529/D2529,6),"")
28303	Fayetteville, NC	30220	15.399	=IF(D2530>0,ROUND(C2530/D2530,6),"")
28304	Fayetteville, NC	36634	17.394	=IF(D2531>0,ROUND(C2531/D2531,6),"")
28305	Fayetteville, NC	5993	2.601	=IF(D2532>0,ROUND(C2532/D2532,6),"")
28306	Fayetteville, NC	44098	69.746	=IF(D2533>0,ROUND(C2533/D2533,6),"")
28311	Fayetteville, NC	35927	36.535	=IF(D2534>0,ROUND(C2534/D2534,6),"")
28312	Fayetteville, NC	19889	164.124	=IF(D2535>0,ROUND(C2535/D2535,6),"")
28314	Fayetteville, NC	56200	19.383	=IF(D2536>0,ROUND(C2536/D2536,6),"")
28318	Fayetteville, NC	4303	80.641	=IF(D2537>0,ROUND(C2537/D2537,6),"")
28323	Fayetteville, NC	4864	37.156	=IF(D2538>0,ROUND(C2538/D2538,6),"")
28326	Fayetteville, NC	25981	117.711	=IF(D2539>0,ROUND(C2539/D2539,6),"")
28334	Fayetteville, NC	22393	160.252	=IF(D2540>0,ROUND(C2540/D2540,6),"")
28339	Fayetteville, NC	6842	35.577	=IF(D2541>0,ROUND(C2541/D2541,6),"")
28344	Fayetteville, NC	4265	36.718	=IF(D2542>0,ROUND(C2542/D2542,6),"")
28348	Fayetteville, NC	38921	42.213	=IF(D2543>0,ROUND(C2543/D2543,6),"")
28356	Fayetteville, NC	5747	55.276	=IF(D2544>0,ROUND(C2544/D2544,6),"")
28366	Raleigh-Cary, NC	4221	85.966	=IF(D2545>0,ROUND(C2545/D2545,6),"")
28376	Fayetteville, NC	43980	278.688	=IF(D2546>0,ROUND(C2546/D2546,6),"")
28382	Fayetteville, NC	6659	112.679	=IF(D2547>0,ROUND(C2547/D2547,6),"")
28390	Fayetteville, NC	24158	60.194	=IF(D2548>0,ROUND(C2548/D2548,6),"")
28391	Fayetteville, NC	5956	39.342	=IF(D2549>0,ROUND(C2549/D2549,6),"")
28395	Fayetteville, NC	2524	50.372	=IF(D2550>0,ROUND(C2550/D2550,6),"")
28420	Myrtle Beach-Conway-North Myrtle Beach, SC-NC	2697	171.09	=IF(D2551>0,ROUND(C2551/D2551,6),"")
28422	Myrtle Beach-Conway-North Myrtle Beach, SC-NC	8590	132.72	=IF(D2552>0,ROUND(C2552/D2552,6),"")
28436	Myrtle Beach-Conway-North Myrtle Beach, SC-NC	2145	43.591	=IF(D2553>0,ROUND(C2553/D2553,6),"")
28451	Myrtle Beach-Conway-North Myrtle Beach, SC-NC	44262	172.2	=IF(D2554>0,ROUND(C2554/D2554,6),"")
28461	Myrtle Beach-Conway-North Myrtle Beach, SC-NC	23186	75.893	=IF(D2555>0,ROUND(C2555/D2555,6),"")
28462	Myrtle Beach-Conway-North Myrtle Beach, SC-NC	12336	72.399	=IF(D2556>0,ROUND(C2556/D2556,6),"")
28465	Myrtle Beach-Conway-North Myrtle Beach, SC-NC	8689	10.91	=IF(D2557>0,ROUND(C2557/D2557,6),"")
28467	Myrtle Beach-Conway-North Myrtle Beach, SC-NC	12923	17.37	=IF(D2558>0,ROUND(C2558/D2558,6),"")
28468	Myrtle Beach-Conway-North Myrtle Beach, SC-NC	4844	19.11	=IF(D2559>0,ROUND(C2559/D2559,6),"")
28469	Myrtle Beach-Conway-North Myrtle Beach, SC-NC	9364	25.742	=IF(D2560>0,ROUND(C2560/D2560,6),"")
28470	Myrtle Beach-Conway-North Myrtle Beach, SC-NC	10964	44.678	=IF(D2561>0,ROUND(C2561/D2561,6),"")
28479	Myrtle Beach-Conway-North Myrtle Beach, SC-NC	6971	92.675	=IF(D2562>0,ROUND(C2562/D2562,6),"")
28513	Greenville, NC	9754	88.938	=IF(D2563>0,ROUND(C2563/D2563,6),"")
28530	Greenville, NC	7055	73.954	=IF(D2564>0,ROUND(C2564/D2564,6),"")
28590	Greenville, NC	26994	41.218	=IF(D2565>0,ROUND(C2565/D2565,6),"")
28601	Hickory-Lenoir-Morganton, NC	52839	47.063	=IF(D2566>0,ROUND(C2566/D2566,6),"")
28602	Hickory-Lenoir-Morganton, NC	29273	70.661	=IF(D2567>0,ROUND(C2567/D2567,6),"")
28609	Hickory-Lenoir-Morganton, NC	6617	45.665	=IF(D2568>0,ROUND(C2568/D2568,6),"")
28610	Hickory-Lenoir-Morganton, NC	10920	39.91	=IF(D2569>0,ROUND(C2569/D2569,6),"")
28611	Hickory-Lenoir-Morganton, NC	270	72.296	=IF(D2570>0,ROUND(C2570/D2570,6),"")
28612	Hickory-Lenoir-Morganton, NC	11182	80.008	=IF(D2571>0,ROUND(C2571/D2571,6),"")
28613	Hickory-Lenoir-Morganton, NC	23486	42.358	=IF(D2572>0,ROUND(C2572/D2572,6),"")
28625	Charlotte-Concord-Gastonia, NC-SC	38213	199.381	=IF(D2573>0,ROUND(C2573/D2573,6),"")
28630	Hickory-Lenoir-Morganton, NC	20400	60.979	=IF(D2574>0,ROUND(C2574/D2574,6),"")
28634	Charlotte-Concord-Gastonia, NC-SC	5056	62.172	=IF(D2575>0,ROUND(C2575/D2575,6),"")
28636	Hickory-Lenoir-Morganton, NC	5129	57.775	=IF(D2576>0,ROUND(C2576/D2576,6),"")
28638	Hickory-Lenoir-Morganton, NC	11629	19.97	=IF(D2577>0,ROUND(C2577/D2577,6),"")
28642	Winston-Salem, NC	5591	32.265	=IF(D2578>0,ROUND(C2578/D2578,6),"")
28645	Hickory-Lenoir-Morganton, NC	46237	329.099	=IF(D2579>0,ROUND(C2579/D2579,6),"")
28650	Hickory-Lenoir-Morganton, NC	13082	48.629	=IF(D2580>0,ROUND(C2580/D2580,6),"")
28655	Hickory-Lenoir-Morganton, NC	56201	324.99	=IF(D2581>0,ROUND(C2581/D2581,6),"")
28657	Hickory-Lenoir-Morganton, NC	8098	160.001	=IF(D2582>0,ROUND(C2582/D2582,6),"")
28658	Hickory-Lenoir-Morganton, NC	25681	71.303	=IF(D2583>0,ROUND(C2583/D2583,6),"")
28660	Charlotte-Concord-Gastonia, NC-SC	2813	31.976	=IF(D2584>0,ROUND(C2584/D2584,6),"")
28673	Hickory-Lenoir-Morganton, NC	6339	23.706	=IF(D2585>0,ROUND(C2585/D2585,6),"")
28677	Charlotte-Concord-Gastonia, NC-SC	37628	82.984	=IF(D2586>0,ROUND(C2586/D2586,6),"")
28678	Hickory-Lenoir-Morganton, NC	4701	43.001	=IF(D2587>0,ROUND(C2587/D2587,6),"")
28681	Hickory-Lenoir-Morganton, NC	26117	167.635	=IF(D2588>0,ROUND(C2588/D2588,6),"")
28682	Hickory-Lenoir-Morganton, NC	1429	3.826	=IF(D2589>0,ROUND(C2589/D2589,6),"")
28689	Charlotte-Concord-Gastonia, NC-SC	2525	45.343	=IF(D2590>0,ROUND(C2590/D2590,6),"")
28690	Hickory-Lenoir-Morganton, NC	9294	21.544	=IF(D2591>0,ROUND(C2591/D2591,6),"")
28701	Asheville, NC	5515	18.138	=IF(D2592>0,ROUND(C2592/D2592,6),"")
28704	Asheville, NC	23516	30.131	=IF(D2593>0,ROUND(C2593/D2593,6),"")
28709	Asheville, NC	2269	51.54	=IF(D2594>0,ROUND(C2594/D2594,6),"")
28711	Asheville, NC	12579	103.901	=IF(D2595>0,ROUND(C2595/D2595,6),"")
28715	Asheville, NC	28770	78.05	=IF(D2596>0,ROUND(C2596/D2596,6),"")
28716	Asheville, NC	16216	158.671	=IF(D2597>0,ROUND(C2597/D2597,6),"")
28721	Asheville, NC	10561	93.998	=IF(D2598>0,ROUND(C2598/D2598,6),"")
28726	Asheville, NC	4373	2.47	=IF(D2599>0,ROUND(C2599/D2599,6),"")
28729	Asheville, NC	3386	4.152	=IF(D2600>0,ROUND(C2600/D2600,6),"")
28730	Asheville, NC	7213	45.331	=IF(D2601>0,ROUND(C2601/D2601,6),"")
28731	Asheville, NC	9075	33.115	=IF(D2602>0,ROUND(C2602/D2602,6),"")
28732	Asheville, NC	18490	41.336	=IF(D2603>0,ROUND(C2603/D2603,6),"")
28739	Asheville, NC	20656	61.025	=IF(D2604>0,ROUND(C2604/D2604,6),"")
28742	Asheville, NC	3026	46.372	=IF(D2605>0,ROUND(C2605/D2605,6),"")
28743	Asheville, NC	2374	123.037	=IF(D2606>0,ROUND(C2606/D2606,6),"")
28745	Asheville, NC	555	0.598	=IF(D2607>0,ROUND(C2607/D2607,6),"")
28748	Asheville, NC	12922	92.095	=IF(D2608>0,ROUND(C2608/D2608,6),"")
28751	Asheville, NC	4370	45.704	=IF(D2609>0,ROUND(C2609/D2609,6),"")
28753	Asheville, NC	9778	257.59	=IF(D2610>0,ROUND(C2610/D2610,6),"")
28754	Asheville, NC	9897	87.349	=IF(D2611>0,ROUND(C2611/D2611,6),"")
28759	Asheville, NC	7564	24.497	=IF(D2612>0,ROUND(C2612/D2612,6),"")
28773	Asheville, NC	3198	48.304	=IF(D2613>0,ROUND(C2613/D2613,6),"")
28778	Asheville, NC	11933	32.483	=IF(D2614>0,ROUND(C2614/D2614,6),"")
28785	Asheville, NC	8619	168.359	=IF(D2615>0,ROUND(C2615/D2615,6),"")
28786	Asheville, NC	22153	72.975	=IF(D2616>0,ROUND(C2616/D2616,6),"")
28787	Asheville, NC	22685	79.526	=IF(D2617>0,ROUND(C2617/D2617,6),"")
28790	Asheville, NC	3328	47.638	=IF(D2618>0,ROUND(C2618/D2618,6),"")
28791	Asheville, NC	15361	16.734	=IF(D2619>0,ROUND(C2619/D2619,6),"")
28792	Asheville, NC	36071	102.917	=IF(D2620>0,ROUND(C2620/D2620,6),"")
28801	Asheville, NC	13580	5.108	=IF(D2621>0,ROUND(C2621/D2621,6),"")
28803	Asheville, NC	34750	38.366	=IF(D2622>0,ROUND(C2622/D2622,6),"")
28804	Asheville, NC	25141	28.659	=IF(D2623>0,ROUND(C2623/D2623,6),"")
28805	Asheville, NC	20246	26.491	=IF(D2624>0,ROUND(C2624/D2624,6),"")
28806	Asheville, NC	45644	38.144	=IF(D2625>0,ROUND(C2625/D2625,6),"")
29006	Columbia, SC	8987	138.024	=IF(D2626>0,ROUND(C2626/D2626,6),"")
29009	Columbia, SC	2396	112.117	=IF(D2627>0,ROUND(C2627/D2627,6),"")
29014	Columbia, SC	1229	162.163	=IF(D2628>0,ROUND(C2628/D2628,6),"")
29015	Columbia, SC	1326	117.54	=IF(D2629>0,ROUND(C2629/D2629,6),"")
29016	Columbia, SC	29193	86.969	=IF(D2630>0,ROUND(C2630/D2630,6),"")
29020	Columbia, SC	22868	232.68	=IF(D2631>0,ROUND(C2631/D2631,6),"")
29030	Columbia, SC	1764	94.931	=IF(D2632>0,ROUND(C2632/D2632,6),"")
29031	Charlotte-Concord-Gastonia, NC-SC	1747	129.183	=IF(D2633>0,ROUND(C2633/D2633,6),"")
29032	Columbia, SC	4817	78.947	=IF(D2634>0,ROUND(C2634/D2634,6),"")
29033	Columbia, SC	12971	10.017	=IF(D2635>0,ROUND(C2635/D2635,6),"")
29036	Columbia, SC	26720	55.137	=IF(D2636>0,ROUND(C2636/D2636,6),"")
29044	Columbia, SC	4299	137.092	=IF(D2637>0,ROUND(C2637/D2637,6),"")
29045	Columbia, SC	28896	67.916	=IF(D2638>0,ROUND(C2638/D2638,6),"")
29052	Columbia, SC	2057	59.799	=IF(D2639>0,ROUND(C2639/D2639,6),"")
29053	Columbia, SC	20818	80.401	=IF(D2640>0,ROUND(C2640/D2640,6),"")
29054	Columbia, SC	10137	57.314	=IF(D2641>0,ROUND(C2641/D2641,6),"")
29055	Charlotte-Concord-Gastonia, NC-SC	3858	34.626	=IF(D2642>0,ROUND(C2642/D2642,6),"")
29058	Charlotte-Concord-Gastonia, NC-SC	5790	144.782	=IF(D2643>0,ROUND(C2643/D2643,6),"")
29061	Columbia, SC	12875	88.309	=IF(D2644>0,ROUND(C2644/D2644,6),"")
29063	Columbia, SC	38475	40.08	=IF(D2645>0,ROUND(C2645/D2645,6),"")
29065	Columbia, SC	574	25.769	=IF(D2646>0,ROUND(C2646/D2646,6),"")
29067	Charlotte-Concord-Gastonia, NC-SC	11498	190.112	=IF(D2647>0,ROUND(C2647/D2647,6),"")
29069	Florence, SC	5029	78.497	=IF(D2648>0,ROUND(C2648/D2648,6),"")
29070	Columbia, SC	15528	164.11	=IF(D2649>0,ROUND(C2649/D2649,6),"")
29072	Columbia, SC	68389	68.035	=IF(D2650>0,ROUND(C2650/D2650,6),"")
29073	Columbia, SC	51471	81.842	=IF(D2651>0,ROUND(C2651/D2651,6),"")
29074	Columbia, SC	200	21.181	=IF(D2652>0,ROUND(C2652/D2652,6),"")
29075	Columbia, SC	2746	41.348	=IF(D2653>0,ROUND(C2653/D2653,6),"")
29078	Columbia, SC	16370	125.699	=IF(D2654>0,ROUND(C2654/D2654,6),"")
29101	Florence, SC	2724	122.222	=IF(D2655>0,ROUND(C2655/D2655,6),"")
29114	Florence, SC	1815	34.556	=IF(D2656>0,ROUND(C2656/D2656,6),"")
29123	Columbia, SC	8024	68.116	=IF(D2657>0,ROUND(C2657/D2657,6),"")
29130	Columbia, SC	6427	150.867	=IF(D2658>0,ROUND(C2658/D2658,6),"")
29135	Columbia, SC	7940	193.638	=IF(D2659>0,ROUND(C2659/D2659,6),"")
29138	Columbia, SC	9641	220.969	=IF(D2660>0,ROUND(C2660/D2660,6),"")
29160	Columbia, SC	7196	118.062	=IF(D2661>0,ROUND(C2661/D2661,6),"")
29161	Florence, SC	10114	135.191	=IF(D2662>0,ROUND(C2662/D2662,6),"")
29169	Columbia, SC	21342	11.62	=IF(D2663>0,ROUND(C2663/D2663,6),"")
29170	Columbia, SC	21460	24.457	=IF(D2664>0,ROUND(C2664/D2664,6),"")
29172	Columbia, SC	9354	23.878	=IF(D2665>0,ROUND(C2665/D2665,6),"")
29175	Columbia, SC	247	8.148	=IF(D2666>0,ROUND(C2666/D2666,6),"")
29180	Columbia, SC	11862	307.847	=IF(D2667>0,ROUND(C2667/D2667,6),"")
29201	Columbia, SC	22955	11.53	=IF(D2668>0,ROUND(C2668/D2668,6),"")
29203	Columbia, SC	40811	62.256	=IF(D2669>0,ROUND(C2669/D2669,6),"")
29204	Columbia, SC	18067	6.365	=IF(D2670>0,ROUND(C2670/D2670,6),"")
29205	Columbia, SC	22757	6.456	=IF(D2671>0,ROUND(C2671/D2671,6),"")
29206	Columbia, SC	20054	8.637	=IF(D2672>0,ROUND(C2672/D2672,6),"")
29209	Columbia, SC	37314	52.819	=IF(D2673>0,ROUND(C2673/D2673,6),"")
29210	Columbia, SC	40504	16.765	=IF(D2674>0,ROUND(C2674/D2674,6),"")
29212	Columbia, SC	27701	21.405	=IF(D2675>0,ROUND(C2675/D2675,6),"")
29223	Columbia, SC	52835	25.339	=IF(D2676>0,ROUND(C2676/D2676,6),"")
29229	Columbia, SC	50652	18.262	=IF(D2677>0,ROUND(C2677/D2677,6),"")
29301	Spartanburg, SC	35694	27.537	=IF(D2678>0,ROUND(C2678/D2678,6),"")
29302	Spartanburg, SC	19031	50.727	=IF(D2679>0,ROUND(C2679/D2679,6),"")
29303	Spartanburg, SC	28009	32.435	=IF(D2680>0,ROUND(C2680/D2680,6),"")
29306	Spartanburg, SC	17270	19.517	=IF(D2681>0,ROUND(C2681/D2681,6),"")
29307	Spartanburg, SC	18497	44.746	=IF(D2682>0,ROUND(C2682/D2682,6),"")
29316	Spartanburg, SC	31874	21.821	=IF(D2683>0,ROUND(C2683/D2683,6),"")
29320	Spartanburg, SC	526	0.618	=IF(D2684>0,ROUND(C2684/D2684,6),"")
29322	Spartanburg, SC	10573	57.875	=IF(D2685>0,ROUND(C2685/D2685,6),"")
29323	Spartanburg, SC	15087	70.985	=IF(D2686>0,ROUND(C2686/D2686,6),"")
29325	Greenville-Anderson, SC	14164	157.309	=IF(D2687>0,ROUND(C2687/D2687,6),"")
29332	Greenville-Anderson, SC	3261	46.615	=IF(D2688>0,ROUND(C2688/D2688,6),"")
29333	Spartanburg, SC	227	0.405	=IF(D2689>0,ROUND(C2689/D2689,6),"")
29334	Spartanburg, SC	18260	22.971	=IF(D2690>0,ROUND(C2690/D2690,6),"")
29335	Spartanburg, SC	5751	95.644	=IF(D2691>0,ROUND(C2691/D2691,6),"")
29349	Spartanburg, SC	37314	76.895	=IF(D2692>0,ROUND(C2692/D2692,6),"")
29351	Greenville-Anderson, SC	1375	4.74	=IF(D2693>0,ROUND(C2693/D2693,6),"")
29355	Greenville-Anderson, SC	757	80.361	=IF(D2694>0,ROUND(C2694/D2694,6),"")
29356	Greenville-Anderson, SC	8782	82.093	=IF(D2695>0,ROUND(C2695/D2695,6),"")
29360	Greenville-Anderson, SC	22066	150.329	=IF(D2696>0,ROUND(C2696/D2696,6),"")
29365	Spartanburg, SC	14566	17.496	=IF(D2697>0,ROUND(C2697/D2697,6),"")
29369	Spartanburg, SC	15782	28.097	=IF(D2698>0,ROUND(C2698/D2698,6),"")
29370	Greenville-Anderson, SC	480	46.031	=IF(D2699>0,ROUND(C2699/D2699,6),"")
29372	Spartanburg, SC	3440	42.575	=IF(D2700>0,ROUND(C2700/D2700,6),"")
29374	Spartanburg, SC	2774	48.739	=IF(D2701>0,ROUND(C2701/D2701,6),"")
29376	Spartanburg, SC	8722	38.565	=IF(D2702>0,ROUND(C2702/D2702,6),"")
29377	Spartanburg, SC	422	1.424	=IF(D2703>0,ROUND(C2703/D2703,6),"")
29384	Greenville-Anderson, SC	3440	42.819	=IF(D2704>0,ROUND(C2704/D2704,6),"")
29385	Spartanburg, SC	7809	18.802	=IF(D2705>0,ROUND(C2705/D2705,6),"")
29388	Spartanburg, SC	16020	97.214	=IF(D2706>0,ROUND(C2706/D2706,6),"")
29401	Charleston-North Charleston, SC	9210	1.535	=IF(D2707>0,ROUND(C2707/D2707,6),"")
29403	Charleston-North Charleston, SC	22319	5.398	=IF(D2708>0,ROUND(C2708/D2708,6),"")
29405	Charleston-North Charleston, SC	26717	14.642	=IF(D2709>0,ROUND(C2709/D2709,6),"")
29406	Charleston-North Charleston, SC	32482	15.321	=IF(D2710>0,ROUND(C2710/D2710,6),"")
29407	Charleston-North Charleston, SC	36640	15.368	=IF(D2711>0,ROUND(C2711/D2711,6),"")
29410	Charleston-North Charleston, SC	20984	10.435	=IF(D2712>0,ROUND(C2712/D2712,6),"")
29412	Charleston-North Charleston, SC	40495	39.201	=IF(D2713>0,ROUND(C2713/D2713,6),"")
29414	Charleston-North Charleston, SC	43717	48.988	=IF(D2714>0,ROUND(C2714/D2714,6),"")
29418	Charleston-North Charleston, SC	25589	13.229	=IF(D2715>0,ROUND(C2715/D2715,6),"")
29420	Charleston-North Charleston, SC	23311	10.017	=IF(D2716>0,ROUND(C2716/D2716,6),"")
29426	Charleston-North Charleston, SC	1640	78.68	=IF(D2717>0,ROUND(C2717/D2717,6),"")
29429	Charleston-North Charleston, SC	4366	85.653	=IF(D2718>0,ROUND(C2718/D2718,6),"")
29431	Charleston-North Charleston, SC	7376	84.723	=IF(D2719>0,ROUND(C2719/D2719,6),"")
29434	Charleston-North Charleston, SC	529	53.514	=IF(D2720>0,ROUND(C2720/D2720,6),"")
29436	Charleston-North Charleston, SC	4257	85.608	=IF(D2721>0,ROUND(C2721/D2721,6),"")
29437	Charleston-North Charleston, SC	2287	84.061	=IF(D2722>0,ROUND(C2722/D2722,6),"")
29438	Charleston-North Charleston, SC	2659	75.068	=IF(D2723>0,ROUND(C2723/D2723,6),"")
29439	Charleston-North Charleston, SC	869	2.908	=IF(D2724>0,ROUND(C2724/D2724,6),"")
29445	Charleston-North Charleston, SC	59011	57.436	=IF(D2725>0,ROUND(C2725/D2725,6),"")
29448	Charleston-North Charleston, SC	2224	59.445	=IF(D2726>0,ROUND(C2726/D2726,6),"")
29449	Charleston-North Charleston, SC	7761	75.46	=IF(D2727>0,ROUND(C2727/D2727,6),"")
29450	Charleston-North Charleston, SC	3124	162.892	=IF(D2728>0,ROUND(C2728/D2728,6),"")
29451	Charleston-North Charleston, SC	4382	9.117	=IF(D2729>0,ROUND(C2729/D2729,6),"")
29453	Charleston-North Charleston, SC	1282	118.93	=IF(D2730>0,ROUND(C2730/D2730,6),"")
29455	Charleston-North Charleston, SC	26308	100.242	=IF(D2731>0,ROUND(C2731/D2731,6),"")
29456	Charleston-North Charleston, SC	39280	18.067	=IF(D2732>0,ROUND(C2732/D2732,6),"")
29458	Charleston-North Charleston, SC	2354	112.503	=IF(D2733>0,ROUND(C2733/D2733,6),"")
29461	Charleston-North Charleston, SC	42535	164.218	=IF(D2734>0,ROUND(C2734/D2734,6),"")
29464	Charleston-North Charleston, SC	51758	30.116	=IF(D2735>0,ROUND(C2735/D2735,6),"")
29466	Charleston-North Charleston, SC	44387	29.179	=IF(D2736>0,ROUND(C2736/D2736,6),"")
29468	Charleston-North Charleston, SC	2319	73.784	=IF(D2737>0,ROUND(C2737/D2737,6),"")
29469	Charleston-North Charleston, SC	517	19.681	=IF(D2738>0,ROUND(C2738/D2738,6),"")
29470	Charleston-North Charleston, SC	5869	72.478	=IF(D2739>0,ROUND(C2739/D2739,6),"")
29471	Charleston-North Charleston, SC	1332	42.792	=IF(D2740>0,ROUND(C2740/D2740,6),"")
29472	Charleston-North Charleston, SC	11531	189.739	=IF(D2741>0,ROUND(C2741/D2741,6),"")
29477	Charleston-North Charleston, SC	6949	110.289	=IF(D2742>0,ROUND(C2742/D2742,6),"")
29479	Charleston-North Charleston, SC	6287	90.843	=IF(D2743>0,ROUND(C2743/D2743,6),"")
29482	Charleston-North Charleston, SC	2127	2.498	=IF(D2744>0,ROUND(C2744/D2744,6),"")
29483	Charleston-North Charleston, SC	56979	53.343	=IF(D2745>0,ROUND(C2745/D2745,6),"")
29485	Charleston-North Charleston, SC	58670	48.541	=IF(D2746>0,ROUND(C2746/D2746,6),"")
29486	Charleston-North Charleston, SC	48964	62.309	=IF(D2747>0,ROUND(C2747/D2747,6),"")
29487	Charleston-North Charleston, SC	2702	41.897	=IF(D2748>0,ROUND(C2748/D2748,6),"")
29492	Charleston-North Charleston, SC	19753	52.776	=IF(D2749>0,ROUND(C2749/D2749,6),"")
29501	Florence, SC	47259	52.405	=IF(D2750>0,ROUND(C2750/D2750,6),"")
29505	Florence, SC	23953	50.859	=IF(D2751>0,ROUND(C2751/D2751,6),"")
29506	Florence, SC	20323	120.753	=IF(D2752>0,ROUND(C2752/D2752,6),"")
29511	Myrtle Beach-Conway-North Myrtle Beach, SC-NC	6723	57.065	=IF(D2753>0,ROUND(C2753/D2753,6),"")
29526	Myrtle Beach-Conway-North Myrtle Beach, SC-NC	51176	174.997	=IF(D2754>0,ROUND(C2754/D2754,6),"")
29527	Myrtle Beach-Conway-North Myrtle Beach, SC-NC	29054	155.088	=IF(D2755>0,ROUND(C2755/D2755,6),"")
29530	Florence, SC	2769	40.546	=IF(D2756>0,ROUND(C2756/D2756,6),"")
29532	Florence, SC	20272	114.83	=IF(D2757>0,ROUND(C2757/D2757,6),"")
29540	Florence, SC	3596	107.851	=IF(D2758>0,ROUND(C2758/D2758,6),"")
29541	Florence, SC	10213	79.778	=IF(D2759>0,ROUND(C2759/D2759,6),"")
29544	Myrtle Beach-Conway-North Myrtle Beach, SC-NC	7616	120.539	=IF(D2760>0,ROUND(C2760/D2760,6),"")
29545	Myrtle Beach-Conway-North Myrtle Beach, SC-NC	2066	36.566	=IF(D2761>0,ROUND(C2761/D2761,6),"")
29550	Florence, SC	30198	208.229	=IF(D2762>0,ROUND(C2762/D2762,6),"")
29555	Florence, SC	5804	95.038	=IF(D2763>0,ROUND(C2763/D2763,6),"")
29560	Florence, SC	12284	164.889	=IF(D2764>0,ROUND(C2764/D2764,6),"")
29566	Myrtle Beach-Conway-North Myrtle Beach, SC-NC	21194	32.395	=IF(D2765>0,ROUND(C2765/D2765,6),"")
29568	Myrtle Beach-Conway-North Myrtle Beach, SC-NC	16373	89.547	=IF(D2766>0,ROUND(C2766/D2766,6),"")
29569	Myrtle Beach-Conway-North Myrtle Beach, SC-NC	16913	170.267	=IF(D2767>0,ROUND(C2767/D2767,6),"")
29572	Myrtle Beach-Conway-North Myrtle Beach, SC-NC	11506	8.859	=IF(D2768>0,ROUND(C2768/D2768,6),"")
29575	Myrtle Beach-Conway-North Myrtle Beach, SC-NC	19455	10.212	=IF(D2769>0,ROUND(C2769/D2769,6),"")
29576	Myrtle Beach-Conway-North Myrtle Beach, SC-NC	32975	30.474	=IF(D2770>0,ROUND(C2770/D2770,6),"")
29577	Myrtle Beach-Conway-North Myrtle Beach, SC-NC	35022	22.719	=IF(D2771>0,ROUND(C2771/D2771,6),"")
29579	Myrtle Beach-Conway-North Myrtle Beach, SC-NC	53699	52.974	=IF(D2772>0,ROUND(C2772/D2772,6),"")
29581	Myrtle Beach-Conway-North Myrtle Beach, SC-NC	4604	164.676	=IF(D2773>0,ROUND(C2773/D2773,6),"")
29582	Myrtle Beach-Conway-North Myrtle Beach, SC-NC	20113	21.91	=IF(D2774>0,ROUND(C2774/D2774,6),"")
29583	Florence, SC	5318	103.943	=IF(D2775>0,ROUND(C2775/D2775,6),"")
29588	Myrtle Beach-Conway-North Myrtle Beach, SC-NC	53114	41.964	=IF(D2776>0,ROUND(C2776/D2776,6),"")
29591	Florence, SC	4292	70.506	=IF(D2777>0,ROUND(C2777/D2777,6),"")
29593	Florence, SC	1756	76.228	=IF(D2778>0,ROUND(C2778/D2778,6),"")
29601	Greenville-Anderson, SC	13452	4.247	=IF(D2779>0,ROUND(C2779/D2779,6),"")
29605	Greenville-Anderson, SC	40161	24.83	=IF(D2780>0,ROUND(C2780/D2780,6),"")
29607	Greenville-Anderson, SC	43325	29.011	=IF(D2781>0,ROUND(C2781/D2781,6),"")
29609	Greenville-Anderson, SC	31080	24.299	=IF(D2782>0,ROUND(C2782/D2782,6),"")
29611	Greenville-Anderson, SC	33387	23.948	=IF(D2783>0,ROUND(C2783/D2783,6),"")
29615	Greenville-Anderson, SC	38709	19.226	=IF(D2784>0,ROUND(C2784/D2784,6),"")
29617	Greenville-Anderson, SC	26801	22.402	=IF(D2785>0,ROUND(C2785/D2785,6),"")
29621	Greenville-Anderson, SC	44458	87.121	=IF(D2786>0,ROUND(C2786/D2786,6),"")
29624	Greenville-Anderson, SC	14490	28.18	=IF(D2787>0,ROUND(C2787/D2787,6),"")
29625	Greenville-Anderson, SC	27475	46.934	=IF(D2788>0,ROUND(C2788/D2788,6),"")
29626	Greenville-Anderson, SC	13678	51.77	=IF(D2789>0,ROUND(C2789/D2789,6),"")
29627	Greenville-Anderson, SC	16518	118.723	=IF(D2790>0,ROUND(C2790/D2790,6),"")
29630	Greenville-Anderson, SC	15497	61.551	=IF(D2791>0,ROUND(C2791/D2791,6),"")
29631	Greenville-Anderson, SC	16363	8.712	=IF(D2792>0,ROUND(C2792/D2792,6),"")
29635	Greenville-Anderson, SC	1528	53.176	=IF(D2793>0,ROUND(C2793/D2793,6),"")
29638	Greenwood, SC	3669	58.186	=IF(D2794>0,ROUND(C2794/D2794,6),"")
29640	Greenville-Anderson, SC	32997	85.666	=IF(D2795>0,ROUND(C2795/D2795,6),"")
29642	Greenville-Anderson, SC	35721	50.766	=IF(D2796>0,ROUND(C2796/D2796,6),"")
29644	Greenville-Anderson, SC	22400	81.98	=IF(D2797>0,ROUND(C2797/D2797,6),"")
29645	Greenville-Anderson, SC	11212	106.565	=IF(D2798>0,ROUND(C2798/D2798,6),"")
29646	Greenwood, SC	28413	101.383	=IF(D2799>0,ROUND(C2799/D2799,6),"")
29649	Greenwood, SC	25762	53.606	=IF(D2800>0,ROUND(C2800/D2800,6),"")
29650	Greenville-Anderson, SC	41272	17.972	=IF(D2801>0,ROUND(C2801/D2801,6),"")
29651	Spartanburg, SC	54320	89.606	=IF(D2802>0,ROUND(C2802/D2802,6),"")
29653	Greenwood, SC	3894	70.902	=IF(D2803>0,ROUND(C2803/D2803,6),"")
29654	Greenville-Anderson, SC	9998	119.127	=IF(D2804>0,ROUND(C2804/D2804,6),"")
29655	Greenville-Anderson, SC	8078	140.558	=IF(D2805>0,ROUND(C2805/D2805,6),"")
29657	Greenville-Anderson, SC	16072	63.35	=IF(D2806>0,ROUND(C2806/D2806,6),"")
29661	Greenville-Anderson, SC	5987	81.09	=IF(D2807>0,ROUND(C2807/D2807,6),"")
29662	Greenville-Anderson, SC	15115	5.511	=IF(D2808>0,ROUND(C2808/D2808,6),"")
29666	Greenwood, SC	6751	122.335	=IF(D2809>0,ROUND(C2809/D2809,6),"")
29667	Greenville-Anderson, SC	235	0.524	=IF(D2810>0,ROUND(C2810/D2810,6),"")
29669	Greenville-Anderson, SC	14712	61.661	=IF(D2811>0,ROUND(C2811/D2811,6),"")
29670	Greenville-Anderson, SC	11310	56.069	=IF(D2812>0,ROUND(C2812/D2812,6),"")
29671	Greenville-Anderson, SC	19210	132.299	=IF(D2813>0,ROUND(C2813/D2813,6),"")
29673	Greenville-Anderson, SC	30812	70.552	=IF(D2814>0,ROUND(C2814/D2814,6),"")
29680	Greenville-Anderson, SC	35264	29.061	=IF(D2815>0,ROUND(C2815/D2815,6),"")
29681	Greenville-Anderson, SC	67657	43.689	=IF(D2816>0,ROUND(C2816/D2816,6),"")
29682	Greenville-Anderson, SC	3923	25.803	=IF(D2817>0,ROUND(C2817/D2817,6),"")
29683	Greenville-Anderson, SC	337	0.147	=IF(D2818>0,ROUND(C2818/D2818,6),"")
29684	Greenville-Anderson, SC	5431	58.855	=IF(D2819>0,ROUND(C2819/D2819,6),"")
29685	Greenville-Anderson, SC	2046	88.479	=IF(D2820>0,ROUND(C2820/D2820,6),"")
29687	Greenville-Anderson, SC	43577	48.233	=IF(D2821>0,ROUND(C2821/D2821,6),"")
29689	Greenville-Anderson, SC	4147	34.553	=IF(D2822>0,ROUND(C2822/D2822,6),"")
29690	Greenville-Anderson, SC	25747	105.19	=IF(D2823>0,ROUND(C2823/D2823,6),"")
29692	Greenville-Anderson, SC	5471	48.55	=IF(D2824>0,ROUND(C2824/D2824,6),"")
29697	Greenville-Anderson, SC	14426	39.236	=IF(D2825>0,ROUND(C2825/D2825,6),"")
29704	Charlotte-Concord-Gastonia, NC-SC	3286	26.278	=IF(D2826>0,ROUND(C2826/D2826,6),"")
29706	Charlotte-Concord-Gastonia, NC-SC	19181	268.408	=IF(D2827>0,ROUND(C2827/D2827,6),"")
29707	Charlotte-Concord-Gastonia, NC-SC	35224	28.441	=IF(D2828>0,ROUND(C2828/D2828,6),"")
29708	Charlotte-Concord-Gastonia, NC-SC	42931	18.962	=IF(D2829>0,ROUND(C2829/D2829,6),"")
29710	Charlotte-Concord-Gastonia, NC-SC	39988	114.084	=IF(D2830>0,ROUND(C2830/D2830,6),"")
29712	Charlotte-Concord-Gastonia, NC-SC	2136	28.806	=IF(D2831>0,ROUND(C2831/D2831,6),"")
29714	Charlotte-Concord-Gastonia, NC-SC	3247	32.555	=IF(D2832>0,ROUND(C2832/D2832,6),"")
29715	Charlotte-Concord-Gastonia, NC-SC	43855	34.896	=IF(D2833>0,ROUND(C2833/D2833,6),"")
29717	Charlotte-Concord-Gastonia, NC-SC	1585	37.361	=IF(D2834>0,ROUND(C2834/D2834,6),"")
29720	Charlotte-Concord-Gastonia, NC-SC	51603	284.966	=IF(D2835>0,ROUND(C2835/D2835,6),"")
29726	Charlotte-Concord-Gastonia, NC-SC	2086	40.262	=IF(D2836>0,ROUND(C2836/D2836,6),"")
29729	Charlotte-Concord-Gastonia, NC-SC	2313	69.612	=IF(D2837>0,ROUND(C2837/D2837,6),"")
29730	Charlotte-Concord-Gastonia, NC-SC	57500	119.308	=IF(D2838>0,ROUND(C2838/D2838,6),"")
29732	Charlotte-Concord-Gastonia, NC-SC	57551	52.806	=IF(D2839>0,ROUND(C2839/D2839,6),"")
29742	Charlotte-Concord-Gastonia, NC-SC	2358	80.699	=IF(D2840>0,ROUND(C2840/D2840,6),"")
29743	Charlotte-Concord-Gastonia, NC-SC	1880	37.18	=IF(D2841>0,ROUND(C2841/D2841,6),"")
29745	Charlotte-Concord-Gastonia, NC-SC	34738	135.789	=IF(D2842>0,ROUND(C2842/D2842,6),"")
29819	Greenwood, SC	983	82.509	=IF(D2843>0,ROUND(C2843/D2843,6),"")
29848	Greenwood, SC	987	91.938	=IF(D2844>0,ROUND(C2844/D2844,6),"")
29902	Hilton Head Island-Bluffton, SC	16916	18.14	=IF(D2845>0,ROUND(C2845/D2845,6),"")
29906	Hilton Head Island-Bluffton, SC	26562	44.965	=IF(D2846>0,ROUND(C2846/D2846,6),"")
29907	Hilton Head Island-Bluffton, SC	14848	42.257	=IF(D2847>0,ROUND(C2847/D2847,6),"")
29909	Hilton Head Island-Bluffton, SC	23929	55.658	=IF(D2848>0,ROUND(C2848/D2848,6),"")
29910	Hilton Head Island-Bluffton, SC	50173	104.427	=IF(D2849>0,ROUND(C2849/D2849,6),"")
29915	Hilton Head Island-Bluffton, SC	636	10.77	=IF(D2850>0,ROUND(C2850/D2850,6),"")
29916	Hilton Head Island-Bluffton, SC	1595	63.467	=IF(D2851>0,ROUND(C2851/D2851,6),"")
29920	Hilton Head Island-Bluffton, SC	9918	97.615	=IF(D2852>0,ROUND(C2852/D2852,6),"")
29922	Hilton Head Island-Bluffton, SC	907	145.218	=IF(D2853>0,ROUND(C2853/D2853,6),"")
29926	Hilton Head Island-Bluffton, SC	25174	28.701	=IF(D2854>0,ROUND(C2854/D2854,6),"")
29927	Hilton Head Island-Bluffton, SC	10517	200.381	=IF(D2855>0,ROUND(C2855/D2855,6),"")
29928	Hilton Head Island-Bluffton, SC	15178	20.704	=IF(D2856>0,ROUND(C2856/D2856,6),"")
29935	Hilton Head Island-Bluffton, SC	4030	2.333	=IF(D2857>0,ROUND(C2857/D2857,6),"")
29936	Hilton Head Island-Bluffton, SC	14493	231.756	=IF(D2858>0,ROUND(C2858/D2858,6),"")
29940	Hilton Head Island-Bluffton, SC	3594	73.985	=IF(D2859>0,ROUND(C2859/D2859,6),"")
29941	Hilton Head Island-Bluffton, SC	246	15.079	=IF(D2860>0,ROUND(C2860/D2860,6),"")
29944	Hilton Head Island-Bluffton, SC	4242	135.834	=IF(D2861>0,ROUND(C2861/D2861,6),"")
29945	Hilton Head Island-Bluffton, SC	3652	206.125	=IF(D2862>0,ROUND(C2862/D2862,6),"")
30002	Atlanta-Sandy Springs-Alpharetta, GA	5507	1.698	=IF(D2863>0,ROUND(C2863/D2863,6),"")
30004	Atlanta-Sandy Springs-Alpharetta, GA	67850	57.988	=IF(D2864>0,ROUND(C2864/D2864,6),"")
30005	Atlanta-Sandy Springs-Alpharetta, GA	41471	15.791	=IF(D2865>0,ROUND(C2865/D2865,6),"")
30008	Atlanta-Sandy Springs-Alpharetta, GA	35598	9.542	=IF(D2866>0,ROUND(C2866/D2866,6),"")
30009	Atlanta-Sandy Springs-Alpharetta, GA	21592	9.107	=IF(D2867>0,ROUND(C2867/D2867,6),"")
30011	Atlanta-Sandy Springs-Alpharetta, GA	20859	26.86	=IF(D2868>0,ROUND(C2868/D2868,6),"")
30012	Atlanta-Sandy Springs-Alpharetta, GA	33034	42.441	=IF(D2869>0,ROUND(C2869/D2869,6),"")
30013	Atlanta-Sandy Springs-Alpharetta, GA	28220	28.355	=IF(D2870>0,ROUND(C2870/D2870,6),"")
30014	Atlanta-Sandy Springs-Alpharetta, GA	40208	120.659	=IF(D2871>0,ROUND(C2871/D2871,6),"")
30016	Atlanta-Sandy Springs-Alpharetta, GA	61123	90.824	=IF(D2872>0,ROUND(C2872/D2872,6),"")
30017	Atlanta-Sandy Springs-Alpharetta, GA	24213	11.548	=IF(D2873>0,ROUND(C2873/D2873,6),"")
30019	Atlanta-Sandy Springs-Alpharetta, GA	47887	46.877	=IF(D2874>0,ROUND(C2874/D2874,6),"")
30021	Atlanta-Sandy Springs-Alpharetta, GA	26386	3.576	=IF(D2875>0,ROUND(C2875/D2875,6),"")
30022	Atlanta-Sandy Springs-Alpharetta, GA	64919	23.671	=IF(D2876>0,ROUND(C2876/D2876,6),"")
30024	Atlanta-Sandy Springs-Alpharetta, GA	85106	41.655	=IF(D2877>0,ROUND(C2877/D2877,6),"")
30025	Atlanta-Sandy Springs-Alpharetta, GA	11343	70.269	=IF(D2878>0,ROUND(C2878/D2878,6),"")
30028	Atlanta-Sandy Springs-Alpharetta, GA	36631	49.963	=IF(D2879>0,ROUND(C2879/D2879,6),"")
30030	Atlanta-Sandy Springs-Alpharetta, GA	31712	6.736	=IF(D2880>0,ROUND(C2880/D2880,6),"")
30032	Atlanta-Sandy Springs-Alpharetta, GA	42812	13.649	=IF(D2881>0,ROUND(C2881/D2881,6),"")
30033	Atlanta-Sandy Springs-Alpharetta, GA	31530	8.832	=IF(D2882>0,ROUND(C2882/D2882,6),"")
30034	Atlanta-Sandy Springs-Alpharetta, GA	41823	16.791	=IF(D2883>0,ROUND(C2883/D2883,6),"")
30035	Atlanta-Sandy Springs-Alpharetta, GA	22073	8.526	=IF(D2884>0,ROUND(C2884/D2884,6),"")
30038	Atlanta-Sandy Springs-Alpharetta, GA	42744	28.802	=IF(D2885>0,ROUND(C2885/D2885,6),"")
30039	Atlanta-Sandy Springs-Alpharetta, GA	51742	25.275	=IF(D2886>0,ROUND(C2886/D2886,6),"")
30040	Atlanta-Sandy Springs-Alpharetta, GA	79580	57.675	=IF(D2887>0,ROUND(C2887/D2887,6),"")
30041	Atlanta-Sandy Springs-Alpharetta, GA	75160	59.704	=IF(D2888>0,ROUND(C2888/D2888,6),"")
30043	Atlanta-Sandy Springs-Alpharetta, GA	89046	33.074	=IF(D2889>0,ROUND(C2889/D2889,6),"")
30044	Atlanta-Sandy Springs-Alpharetta, GA	100471	24.832	=IF(D2890>0,ROUND(C2890/D2890,6),"")
30045	Atlanta-Sandy Springs-Alpharetta, GA	46733	21.251	=IF(D2891>0,ROUND(C2891/D2891,6),"")
30046	Atlanta-Sandy Springs-Alpharetta, GA	39524	15.829	=IF(D2892>0,ROUND(C2892/D2892,6),"")
30047	Atlanta-Sandy Springs-Alpharetta, GA	70592	27.369	=IF(D2893>0,ROUND(C2893/D2893,6),"")
30052	Atlanta-Sandy Springs-Alpharetta, GA	79020	88.927	=IF(D2894>0,ROUND(C2894/D2894,6),"")
30054	Atlanta-Sandy Springs-Alpharetta, GA	10851	40.931	=IF(D2895>0,ROUND(C2895/D2895,6),"")
30055	Atlanta-Sandy Springs-Alpharetta, GA	3964	53.102	=IF(D2896>0,ROUND(C2896/D2896,6),"")
30056	Atlanta-Sandy Springs-Alpharetta, GA	2379	43.771	=IF(D2897>0,ROUND(C2897/D2897,6),"")
30058	Atlanta-Sandy Springs-Alpharetta, GA	63421	30.533	=IF(D2898>0,ROUND(C2898/D2898,6),"")
30060	Atlanta-Sandy Springs-Alpharetta, GA	39313	15.507	=IF(D2899>0,ROUND(C2899/D2899,6),"")
30062	Atlanta-Sandy Springs-Alpharetta, GA	63105	25.872	=IF(D2900>0,ROUND(C2900/D2900,6),"")
30064	Atlanta-Sandy Springs-Alpharetta, GA	51321	30.719	=IF(D2901>0,ROUND(C2901/D2901,6),"")
30066	Atlanta-Sandy Springs-Alpharetta, GA	60961	27.16	=IF(D2902>0,ROUND(C2902/D2902,6),"")
30067	Atlanta-Sandy Springs-Alpharetta, GA	46436	14.37	=IF(D2903>0,ROUND(C2903/D2903,6),"")
30068	Atlanta-Sandy Springs-Alpharetta, GA	33040	14.4	=IF(D2904>0,ROUND(C2904/D2904,6),"")
30071	Atlanta-Sandy Springs-Alpharetta, GA	26140	12.097	=IF(D2905>0,ROUND(C2905/D2905,6),"")
30072	Atlanta-Sandy Springs-Alpharetta, GA	853	0.128	=IF(D2906>0,ROUND(C2906/D2906,6),"")
30075	Atlanta-Sandy Springs-Alpharetta, GA	55274	29.758	=IF(D2907>0,ROUND(C2907/D2907,6),"")
30076	Atlanta-Sandy Springs-Alpharetta, GA	47397	16.036	=IF(D2908>0,ROUND(C2908/D2908,6),"")
30078	Atlanta-Sandy Springs-Alpharetta, GA	41041	17.308	=IF(D2909>0,ROUND(C2909/D2909,6),"")
30079	Atlanta-Sandy Springs-Alpharetta, GA	4850	1.172	=IF(D2910>0,ROUND(C2910/D2910,6),"")
30080	Atlanta-Sandy Springs-Alpharetta, GA	53334	12.612	=IF(D2911>0,ROUND(C2911/D2911,6),"")
30082	Atlanta-Sandy Springs-Alpharetta, GA	26786	10.527	=IF(D2912>0,ROUND(C2912/D2912,6),"")
30083	Atlanta-Sandy Springs-Alpharetta, GA	62941	17.859	=IF(D2913>0,ROUND(C2913/D2913,6),"")
30084	Atlanta-Sandy Springs-Alpharetta, GA	38715	14.88	=IF(D2914>0,ROUND(C2914/D2914,6),"")
30087	Atlanta-Sandy Springs-Alpharetta, GA	37570	22.623	=IF(D2915>0,ROUND(C2915/D2915,6),"")
30088	Atlanta-Sandy Springs-Alpharetta, GA	29279	7.842	=IF(D2916>0,ROUND(C2916/D2916,6),"")
30092	Atlanta-Sandy Springs-Alpharetta, GA	36660	11.171	=IF(D2917>0,ROUND(C2917/D2917,6),"")
30093	Atlanta-Sandy Springs-Alpharetta, GA	49015	12.003	=IF(D2918>0,ROUND(C2918/D2918,6),"")
30094	Atlanta-Sandy Springs-Alpharetta, GA	34017	39.291	=IF(D2919>0,ROUND(C2919/D2919,6),"")
30096	Atlanta-Sandy Springs-Alpharetta, GA	71141	22.739	=IF(D2920>0,ROUND(C2920/D2920,6),"")
30097	Atlanta-Sandy Springs-Alpharetta, GA	45543	23.533	=IF(D2921>0,ROUND(C2921/D2921,6),"")
30101	Atlanta-Sandy Springs-Alpharetta, GA	62871	40.957	=IF(D2922>0,ROUND(C2922/D2922,6),"")
30102	Atlanta-Sandy Springs-Alpharetta, GA	44593	31.436	=IF(D2923>0,ROUND(C2923/D2923,6),"")
30103	Atlanta-Sandy Springs-Alpharetta, GA	14415	103.912	=IF(D2924>0,ROUND(C2924/D2924,6),"")
30104	Cedartown, GA	5192	33.989	=IF(D2925>0,ROUND(C2925/D2925,6),"")
30105	Rome, GA	2345	54.418	=IF(D2926>0,ROUND(C2926/D2926,6),"")
30106	Atlanta-Sandy Springs-Alpharetta, GA	22909	12.607	=IF(D2927>0,ROUND(C2927/D2927,6),"")
30107	Atlanta-Sandy Springs-Alpharetta, GA	18035	108.123	=IF(D2928>0,ROUND(C2928/D2928,6),"")
30108	Atlanta-Sandy Springs-Alpharetta, GA	7031	89.372	=IF(D2929>0,ROUND(C2929/D2929,6),"")
30110	Atlanta-Sandy Springs-Alpharetta, GA	14088	72.039	=IF(D2930>0,ROUND(C2930/D2930,6),"")
30113	Atlanta-Sandy Springs-Alpharetta, GA	5939	102.036	=IF(D2931>0,ROUND(C2931/D2931,6),"")
30114	Atlanta-Sandy Springs-Alpharetta, GA	60340	95.189	=IF(D2932>0,ROUND(C2932/D2932,6),"")
30115	Atlanta-Sandy Springs-Alpharetta, GA	53299	73.169	=IF(D2933>0,ROUND(C2933/D2933,6),"")
30116	Atlanta-Sandy Springs-Alpharetta, GA	22658	104.943	=IF(D2934>0,ROUND(C2934/D2934,6),"")
30117	Atlanta-Sandy Springs-Alpharetta, GA	38896	108.099	=IF(D2935>0,ROUND(C2935/D2935,6),"")
30120	Atlanta-Sandy Springs-Alpharetta, GA	43301	92.977	=IF(D2936>0,ROUND(C2936/D2936,6),"")
30121	Atlanta-Sandy Springs-Alpharetta, GA	25747	57.699	=IF(D2937>0,ROUND(C2937/D2937,6),"")
30122	Atlanta-Sandy Springs-Alpharetta, GA	27081	24.732	=IF(D2938>0,ROUND(C2938/D2938,6),"")
30124	Rome, GA	2944	60.01	=IF(D2939>0,ROUND(C2939/D2939,6),"")
30125	Cedartown, GA	24071	182.249	=IF(D2940>0,ROUND(C2940/D2940,6),"")
30126	Atlanta-Sandy Springs-Alpharetta, GA	43047	20.489	=IF(D2941>0,ROUND(C2941/D2941,6),"")
30127	Atlanta-Sandy Springs-Alpharetta, GA	72126	51.297	=IF(D2942>0,ROUND(C2942/D2942,6),"")
30132	Atlanta-Sandy Springs-Alpharetta, GA	50803	102.445	=IF(D2943>0,ROUND(C2943/D2943,6),"")
30134	Atlanta-Sandy Springs-Alpharetta, GA	46587	52.094	=IF(D2944>0,ROUND(C2944/D2944,6),"")
30135	Atlanta-Sandy Springs-Alpharetta, GA	66689	83.546	=IF(D2945>0,ROUND(C2945/D2945,6),"")
30137	Atlanta-Sandy Springs-Alpharetta, GA	1807	3.191	=IF(D2946>0,ROUND(C2946/D2946,6),"")
30141	Atlanta-Sandy Springs-Alpharetta, GA	25881	27.623	=IF(D2947>0,ROUND(C2947/D2947,6),"")
30143	Atlanta-Sandy Springs-Alpharetta, GA	26738	145.295	=IF(D2948>0,ROUND(C2948/D2948,6),"")
30144	Atlanta-Sandy Springs-Alpharetta, GA	58389	22.131	=IF(D2949>0,ROUND(C2949/D2949,6),"")
30145	Atlanta-Sandy Springs-Alpharetta, GA	9065	74.42	=IF(D2950>0,ROUND(C2950/D2950,6),"")
30147	Rome, GA	4855	18.866	=IF(D2951>0,ROUND(C2951/D2951,6),"")
30148	Atlanta-Sandy Springs-Alpharetta, GA	909	9.859	=IF(D2952>0,ROUND(C2952/D2952,6),"")
30152	Atlanta-Sandy Springs-Alpharetta, GA	44432	22.324	=IF(D2953>0,ROUND(C2953/D2953,6),"")
30153	Cedartown, GA	18006	123.253	=IF(D2954>0,ROUND(C2954/D2954,6),"")
30157	Atlanta-Sandy Springs-Alpharetta, GA	52193	85.099	=IF(D2955>0,ROUND(C2955/D2955,6),"")
30161	Rome, GA	34461	143.25	=IF(D2956>0,ROUND(C2956/D2956,6),"")
30165	Rome, GA	41998	166.976	=IF(D2957>0,ROUND(C2957/D2957,6),"")
30168	Atlanta-Sandy Springs-Alpharetta, GA	24768	12.376	=IF(D2958>0,ROUND(C2958/D2958,6),"")
30170	Atlanta-Sandy Springs-Alpharetta, GA	3309	45.389	=IF(D2959>0,ROUND(C2959/D2959,6),"")
30171	Atlanta-Sandy Springs-Alpharetta, GA	2937	41.128	=IF(D2960>0,ROUND(C2960/D2960,6),"")
30173	Rome, GA	6915	34.898	=IF(D2961>0,ROUND(C2961/D2961,6),"")
30175	Atlanta-Sandy Springs-Alpharetta, GA	6086	87.189	=IF(D2962>0,ROUND(C2962/D2962,6),"")
30176	Atlanta-Sandy Springs-Alpharetta, GA	7341	83.132	=IF(D2963>0,ROUND(C2963/D2963,6),"")
30177	Atlanta-Sandy Springs-Alpharetta, GA	710	3.628	=IF(D2964>0,ROUND(C2964/D2964,6),"")
30178	Atlanta-Sandy Springs-Alpharetta, GA	4202	59.063	=IF(D2965>0,ROUND(C2965/D2965,6),"")
30179	Atlanta-Sandy Springs-Alpharetta, GA	18951	73.342	=IF(D2966>0,ROUND(C2966/D2966,6),"")
30180	Atlanta-Sandy Springs-Alpharetta, GA	41434	77.397	=IF(D2967>0,ROUND(C2967/D2967,6),"")
30182	Atlanta-Sandy Springs-Alpharetta, GA	3566	35.112	=IF(D2968>0,ROUND(C2968/D2968,6),"")
30183	Atlanta-Sandy Springs-Alpharetta, GA	6320	62.921	=IF(D2969>0,ROUND(C2969/D2969,6),"")
30184	Atlanta-Sandy Springs-Alpharetta, GA	7294	76.18	=IF(D2970>0,ROUND(C2970/D2970,6),"")
30185	Atlanta-Sandy Springs-Alpharetta, GA	4152	62.328	=IF(D2971>0,ROUND(C2971/D2971,6),"")
30187	Atlanta-Sandy Springs-Alpharetta, GA	8130	31.468	=IF(D2972>0,ROUND(C2972/D2972,6),"")
30188	Atlanta-Sandy Springs-Alpharetta, GA	65980	43.648	=IF(D2973>0,ROUND(C2973/D2973,6),"")
30189	Atlanta-Sandy Springs-Alpharetta, GA	41586	19.225	=IF(D2974>0,ROUND(C2974/D2974,6),"")
30204	Atlanta-Sandy Springs-Alpharetta, GA	13425	125.303	=IF(D2975>0,ROUND(C2975/D2975,6),"")
30205	Atlanta-Sandy Springs-Alpharetta, GA	3214	36.743	=IF(D2976>0,ROUND(C2976/D2976,6),"")
30206	Atlanta-Sandy Springs-Alpharetta, GA	3292	49.381	=IF(D2977>0,ROUND(C2977/D2977,6),"")
30213	Atlanta-Sandy Springs-Alpharetta, GA	48541	62.077	=IF(D2978>0,ROUND(C2978/D2978,6),"")
30214	Atlanta-Sandy Springs-Alpharetta, GA	32003	52.753	=IF(D2979>0,ROUND(C2979/D2979,6),"")
30215	Atlanta-Sandy Springs-Alpharetta, GA	39233	70.87	=IF(D2980>0,ROUND(C2980/D2980,6),"")
30216	Atlanta-Sandy Springs-Alpharetta, GA	3022	39.496	=IF(D2981>0,ROUND(C2981/D2981,6),"")
30217	Atlanta-Sandy Springs-Alpharetta, GA	9702	253.872	=IF(D2982>0,ROUND(C2982/D2982,6),"")
30218	Atlanta-Sandy Springs-Alpharetta, GA	1721	65.77	=IF(D2983>0,ROUND(C2983/D2983,6),"")
30220	Atlanta-Sandy Springs-Alpharetta, GA	5198	50.937	=IF(D2984>0,ROUND(C2984/D2984,6),"")
30222	Atlanta-Sandy Springs-Alpharetta, GA	4219	150.674	=IF(D2985>0,ROUND(C2985/D2985,6),"")
30223	Atlanta-Sandy Springs-Alpharetta, GA	37136	107.975	=IF(D2986>0,ROUND(C2986/D2986,6),"")
30224	Atlanta-Sandy Springs-Alpharetta, GA	29472	67.665	=IF(D2987>0,ROUND(C2987/D2987,6),"")
30228	Atlanta-Sandy Springs-Alpharetta, GA	51485	73.138	=IF(D2988>0,ROUND(C2988/D2988,6),"")
30230	LaGrange, GA-AL	9022	139.659	=IF(D2989>0,ROUND(C2989/D2989,6),"")
30233	Atlanta-Sandy Springs-Alpharetta, GA	25404	147.901	=IF(D2990>0,ROUND(C2990/D2990,6),"")
30234	Atlanta-Sandy Springs-Alpharetta, GA	1920	10.205	=IF(D2991>0,ROUND(C2991/D2991,6),"")
30236	Atlanta-Sandy Springs-Alpharetta, GA	51784	32.392	=IF(D2992>0,ROUND(C2992/D2992,6),"")
30238	Atlanta-Sandy Springs-Alpharetta, GA	43050	17.297	=IF(D2993>0,ROUND(C2993/D2993,6),"")
30240	LaGrange, GA-AL	31670	139.585	=IF(D2994>0,ROUND(C2994/D2994,6),"")
30241	LaGrange, GA-AL	24890	112.415	=IF(D2995>0,ROUND(C2995/D2995,6),"")
30248	Atlanta-Sandy Springs-Alpharetta, GA	33837	70.686	=IF(D2996>0,ROUND(C2996/D2996,6),"")
30251	Atlanta-Sandy Springs-Alpharetta, GA	2262	36.369	=IF(D2997>0,ROUND(C2997/D2997,6),"")
30252	Atlanta-Sandy Springs-Alpharetta, GA	48902	94.079	=IF(D2998>0,ROUND(C2998/D2998,6),"")
30253	Atlanta-Sandy Springs-Alpharetta, GA	64108	46.87	=IF(D2999>0,ROUND(C2999/D2999,6),"")
30256	Atlanta-Sandy Springs-Alpharetta, GA	3007	35.636	=IF(D3000>0,ROUND(C3000/D3000,6),"")
30257	Atlanta-Sandy Springs-Alpharetta, GA	3800	42.087	=IF(D3001>0,ROUND(C3001/D3001,6),"")
30258	Atlanta-Sandy Springs-Alpharetta, GA	2451	54.05	=IF(D3002>0,ROUND(C3002/D3002,6),"")
30259	Atlanta-Sandy Springs-Alpharetta, GA	3988	34.275	=IF(D3003>0,ROUND(C3003/D3003,6),"")
30260	Atlanta-Sandy Springs-Alpharetta, GA	27784	10.924	=IF(D3004>0,ROUND(C3004/D3004,6),"")
30263	Atlanta-Sandy Springs-Alpharetta, GA	60906	198.079	=IF(D3005>0,ROUND(C3005/D3005,6),"")
30265	Atlanta-Sandy Springs-Alpharetta, GA	38247	44.005	=IF(D3006>0,ROUND(C3006/D3006,6),"")
30268	Atlanta-Sandy Springs-Alpharetta, GA	10714	69.291	=IF(D3007>0,ROUND(C3007/D3007,6),"")
30269	Atlanta-Sandy Springs-Alpharetta, GA	39990	26.168	=IF(D3008>0,ROUND(C3008/D3008,6),"")
30273	Atlanta-Sandy Springs-Alpharetta, GA	19111	7.143	=IF(D3009>0,ROUND(C3009/D3009,6),"")
30274	Atlanta-Sandy Springs-Alpharetta, GA	33929	10.224	=IF(D3010>0,ROUND(C3010/D3010,6),"")
30276	Atlanta-Sandy Springs-Alpharetta, GA	19316	96.074	=IF(D3011>0,ROUND(C3011/D3011,6),"")
30277	Atlanta-Sandy Springs-Alpharetta, GA	22558	45.577	=IF(D3012>0,ROUND(C3012/D3012,6),"")
30281	Atlanta-Sandy Springs-Alpharetta, GA	70838	69.27	=IF(D3013>0,ROUND(C3013/D3013,6),"")
30288	Atlanta-Sandy Springs-Alpharetta, GA	7352	6.936	=IF(D3014>0,ROUND(C3014/D3014,6),"")
30290	Atlanta-Sandy Springs-Alpharetta, GA	9083	17.89	=IF(D3015>0,ROUND(C3015/D3015,6),"")
30291	Atlanta-Sandy Springs-Alpharetta, GA	25013	10.788	=IF(D3016>0,ROUND(C3016/D3016,6),"")
30292	Atlanta-Sandy Springs-Alpharetta, GA	6092	58.001	=IF(D3017>0,ROUND(C3017/D3017,6),"")
30293	Atlanta-Sandy Springs-Alpharetta, GA	2178	75.685	=IF(D3018>0,ROUND(C3018/D3018,6),"")
30294	Atlanta-Sandy Springs-Alpharetta, GA	43076	32.763	=IF(D3019>0,ROUND(C3019/D3019,6),"")
30295	Atlanta-Sandy Springs-Alpharetta, GA	5424	47.472	=IF(D3020>0,ROUND(C3020/D3020,6),"")
30296	Atlanta-Sandy Springs-Alpharetta, GA	27774	10.441	=IF(D3021>0,ROUND(C3021/D3021,6),"")
30297	Atlanta-Sandy Springs-Alpharetta, GA	28892	10.955	=IF(D3022>0,ROUND(C3022/D3022,6),"")
30305	Atlanta-Sandy Springs-Alpharetta, GA	27420	6.496	=IF(D3023>0,ROUND(C3023/D3023,6),"")
30306	Atlanta-Sandy Springs-Alpharetta, GA	24274	4.564	=IF(D3024>0,ROUND(C3024/D3024,6),"")
30307	Atlanta-Sandy Springs-Alpharetta, GA	21680	4.547	=IF(D3025>0,ROUND(C3025/D3025,6),"")
30308	Atlanta-Sandy Springs-Alpharetta, GA	23329	1.598	=IF(D3026>0,ROUND(C3026/D3026,6),"")
30309	Atlanta-Sandy Springs-Alpharetta, GA	30413	3.309	=IF(D3027>0,ROUND(C3027/D3027,6),"")
30310	Atlanta-Sandy Springs-Alpharetta, GA	25334	8.591	=IF(D3028>0,ROUND(C3028/D3028,6),"")
30311	Atlanta-Sandy Springs-Alpharetta, GA	34036	12.456	=IF(D3029>0,ROUND(C3029/D3029,6),"")
30312	Atlanta-Sandy Springs-Alpharetta, GA	27147	3.311	=IF(D3030>0,ROUND(C3030/D3030,6),"")
30313	Atlanta-Sandy Springs-Alpharetta, GA	10845	1.175	=IF(D3031>0,ROUND(C3031/D3031,6),"")
30314	Atlanta-Sandy Springs-Alpharetta, GA	23594	4.562	=IF(D3032>0,ROUND(C3032/D3032,6),"")
30315	Atlanta-Sandy Springs-Alpharetta, GA	35221	11.471	=IF(D3033>0,ROUND(C3033/D3033,6),"")
30316	Atlanta-Sandy Springs-Alpharetta, GA	35040	13.044	=IF(D3034>0,ROUND(C3034/D3034,6),"")
30317	Atlanta-Sandy Springs-Alpharetta, GA	14798	3.538	=IF(D3035>0,ROUND(C3035/D3035,6),"")
30318	Atlanta-Sandy Springs-Alpharetta, GA	58651	20.328	=IF(D3036>0,ROUND(C3036/D3036,6),"")
30319	Atlanta-Sandy Springs-Alpharetta, GA	45382	10.307	=IF(D3037>0,ROUND(C3037/D3037,6),"")
30324	Atlanta-Sandy Springs-Alpharetta, GA	28602	5.28	=IF(D3038>0,ROUND(C3038/D3038,6),"")
30326	Atlanta-Sandy Springs-Alpharetta, GA	8497	0.754	=IF(D3039>0,ROUND(C3039/D3039,6),"")
30327	Atlanta-Sandy Springs-Alpharetta, GA	23307	17.47	=IF(D3040>0,ROUND(C3040/D3040,6),"")
30328	Atlanta-Sandy Springs-Alpharetta, GA	38821	12.766	=IF(D3041>0,ROUND(C3041/D3041,6),"")
30329	Atlanta-Sandy Springs-Alpharetta, GA	27022	5.482	=IF(D3042>0,ROUND(C3042/D3042,6),"")
30331	Atlanta-Sandy Springs-Alpharetta, GA	63418	37.692	=IF(D3043>0,ROUND(C3043/D3043,6),"")
30336	Atlanta-Sandy Springs-Alpharetta, GA	536	10.16	=IF(D3044>0,ROUND(C3044/D3044,6),"")
30337	Atlanta-Sandy Springs-Alpharetta, GA	11171	12.235	=IF(D3045>0,ROUND(C3045/D3045,6),"")
30338	Atlanta-Sandy Springs-Alpharetta, GA	39042	9.836	=IF(D3046>0,ROUND(C3046/D3046,6),"")
30339	Atlanta-Sandy Springs-Alpharetta, GA	34872	9.869	=IF(D3047>0,ROUND(C3047/D3047,6),"")
30340	Atlanta-Sandy Springs-Alpharetta, GA	30646	8.248	=IF(D3048>0,ROUND(C3048/D3048,6),"")
30341	Atlanta-Sandy Springs-Alpharetta, GA	34812	9.997	=IF(D3049>0,ROUND(C3049/D3049,6),"")
30342	Atlanta-Sandy Springs-Alpharetta, GA	33774	8.974	=IF(D3050>0,ROUND(C3050/D3050,6),"")
30344	Atlanta-Sandy Springs-Alpharetta, GA	35486	12.147	=IF(D3051>0,ROUND(C3051/D3051,6),"")
30345	Atlanta-Sandy Springs-Alpharetta, GA	24576	7.074	=IF(D3052>0,ROUND(C3052/D3052,6),"")
30346	Atlanta-Sandy Springs-Alpharetta, GA	4935	1.006	=IF(D3053>0,ROUND(C3053/D3053,6),"")
30349	Atlanta-Sandy Springs-Alpharetta, GA	78597	45.883	=IF(D3054>0,ROUND(C3054/D3054,6),"")
30350	Atlanta-Sandy Springs-Alpharetta, GA	35809	12.608	=IF(D3055>0,ROUND(C3055/D3055,6),"")
30354	Atlanta-Sandy Springs-Alpharetta, GA	15487	10.692	=IF(D3056>0,ROUND(C3056/D3056,6),"")
30360	Atlanta-Sandy Springs-Alpharetta, GA	16428	6.112	=IF(D3057>0,ROUND(C3057/D3057,6),"")
30363	Atlanta-Sandy Springs-Alpharetta, GA	3762	0.247	=IF(D3058>0,ROUND(C3058/D3058,6),"")
30415	Statesboro, GA	5865	159.168	=IF(D3059>0,ROUND(C3059/D3059,6),"")
30425	Statesboro, GA	1428	78.499	=IF(D3060>0,ROUND(C3060/D3060,6),"")
30446	Savannah, GA	1981	54.788	=IF(D3061>0,ROUND(C3061/D3061,6),"")
30450	Statesboro, GA	2337	56.295	=IF(D3062>0,ROUND(C3062/D3062,6),"")
30452	Statesboro, GA	1466	57.546	=IF(D3063>0,ROUND(C3063/D3063,6),"")
30458	Statesboro, GA	48191	142.286	=IF(D3064>0,ROUND(C3064/D3064,6),"")
30461	Statesboro, GA	17512	163.004	=IF(D3065>0,ROUND(C3065/D3065,6),"")
30501	Gainesville, GA	31305	21.861	=IF(D3066>0,ROUND(C3066/D3066,6),"")
30504	Gainesville, GA	29104	18.147	=IF(D3067>0,ROUND(C3067/D3067,6),"")
30506	Gainesville, GA	44964	100.494	=IF(D3068>0,ROUND(C3068/D3068,6),"")
30507	Gainesville, GA	31374	70.776	=IF(D3069>0,ROUND(C3069/D3069,6),"")
30517	Atlanta-Sandy Springs-Alpharetta, GA	18545	27.659	=IF(D3070>0,ROUND(C3070/D3070,6),"")
30518	Atlanta-Sandy Springs-Alpharetta, GA	56309	40.033	=IF(D3071>0,ROUND(C3071/D3071,6),"")
30519	Atlanta-Sandy Springs-Alpharetta, GA	57648	33.792	=IF(D3072>0,ROUND(C3072/D3072,6),"")
30527	Gainesville, GA	3975	25.411	=IF(D3073>0,ROUND(C3073/D3073,6),"")
30530	Athens-Clarke County, GA	7360	79.176	=IF(D3074>0,ROUND(C3074/D3074,6),"")
30534	Atlanta-Sandy Springs-Alpharetta, GA	33191	212.931	=IF(D3075>0,ROUND(C3075/D3075,6),"")
30542	Gainesville, GA	38300	42.443	=IF(D3076>0,ROUND(C3076/D3076,6),"")
30543	Gainesville, GA	5685	38.298	=IF(D3077>0,ROUND(C3077/D3077,6),"")
30548	Atlanta-Sandy Springs-Alpharetta, GA	24602	40.441	=IF(D3078>0,ROUND(C3078/D3078,6),"")
30554	Gainesville, GA	9167	71.508	=IF(D3079>0,ROUND(C3079/D3079,6),"")
30564	Gainesville, GA	4815	31.869	=IF(D3080>0,ROUND(C3080/D3080,6),"")
30566	Gainesville, GA	9168	8.045	=IF(D3081>0,ROUND(C3081/D3081,6),"")
30575	Gainesville, GA	1816	11.087	=IF(D3082>0,ROUND(C3082/D3082,6),"")
30601	Athens-Clarke County, GA	24288	23.374	=IF(D3083>0,ROUND(C3083/D3083,6),"")
30605	Athens-Clarke County, GA	41788	38.207	=IF(D3084>0,ROUND(C3084/D3084,6),"")
30606	Athens-Clarke County, GA	48156	30.702	=IF(D3085>0,ROUND(C3085/D3085,6),"")
30607	Athens-Clarke County, GA	11220	37.17	=IF(D3086>0,ROUND(C3086/D3086,6),"")
30619	Athens-Clarke County, GA	1585	26.236	=IF(D3087>0,ROUND(C3087/D3087,6),"")
30620	Atlanta-Sandy Springs-Alpharetta, GA	16564	22.202	=IF(D3088>0,ROUND(C3088/D3088,6),"")
30621	Athens-Clarke County, GA	6316	45.352	=IF(D3089>0,ROUND(C3089/D3089,6),"")
30622	Athens-Clarke County, GA	11154	36.996	=IF(D3090>0,ROUND(C3090/D3090,6),"")
30624	Athens-Clarke County, GA	4039	45.673	=IF(D3091>0,ROUND(C3091/D3091,6),"")
30625	Atlanta-Sandy Springs-Alpharetta, GA	2576	47.44	=IF(D3092>0,ROUND(C3092/D3092,6),"")
30627	Athens-Clarke County, GA	2304	117.985	=IF(D3093>0,ROUND(C3093/D3093,6),"")
30628	Athens-Clarke County, GA	7261	48.583	=IF(D3094>0,ROUND(C3094/D3094,6),"")
30629	Athens-Clarke County, GA	5008	74.423	=IF(D3095>0,ROUND(C3095/D3095,6),"")
30630	Athens-Clarke County, GA	2592	43.913	=IF(D3096>0,ROUND(C3096/D3096,6),"")
30633	Athens-Clarke County, GA	8706	99.318	=IF(D3097>0,ROUND(C3097/D3097,6),"")
30641	Atlanta-Sandy Springs-Alpharetta, GA	1568	33.118	=IF(D3098>0,ROUND(C3098/D3098,6),"")
30646	Athens-Clarke County, GA	8161	36.399	=IF(D3099>0,ROUND(C3099/D3099,6),"")
30648	Athens-Clarke County, GA	3351	92.079	=IF(D3100>0,ROUND(C3100/D3100,6),"")
30650	Atlanta-Sandy Springs-Alpharetta, GA	13398	229.938	=IF(D3101>0,ROUND(C3101/D3101,6),"")
30655	Atlanta-Sandy Springs-Alpharetta, GA	28349	83.015	=IF(D3102>0,ROUND(C3102/D3102,6),"")
30656	Atlanta-Sandy Springs-Alpharetta, GA	17798	71.539	=IF(D3103>0,ROUND(C3103/D3103,6),"")
30660	Athens-Clarke County, GA	1023	99.971	=IF(D3104>0,ROUND(C3104/D3104,6),"")
30662	Athens-Clarke County, GA	8088	83.305	=IF(D3105>0,ROUND(C3105/D3105,6),"")
30663	Atlanta-Sandy Springs-Alpharetta, GA	3507	50.309	=IF(D3106>0,ROUND(C3106/D3106,6),"")
30666	Atlanta-Sandy Springs-Alpharetta, GA	10579	35.618	=IF(D3107>0,ROUND(C3107/D3107,6),"")
30667	Athens-Clarke County, GA	863	68.98	=IF(D3108>0,ROUND(C3108/D3108,6),"")
30669	Athens-Clarke County, GA	3071	146.777	=IF(D3109>0,ROUND(C3109/D3109,6),"")
30677	Athens-Clarke County, GA	21471	122.239	=IF(D3110>0,ROUND(C3110/D3110,6),"")
30678	Milledgeville, GA	1555	71.895	=IF(D3111>0,ROUND(C3111/D3111,6),"")
30680	Atlanta-Sandy Springs-Alpharetta, GA	47433	94.963	=IF(D3112>0,ROUND(C3112/D3112,6),"")
30683	Athens-Clarke County, GA	7826	38.76	=IF(D3113>0,ROUND(C3113/D3113,6),"")
30707	Chattanooga, TN-GA	16847	120.943	=IF(D3114>0,ROUND(C3114/D3114,6),"")
30725	Chattanooga, TN-GA	5188	16.452	=IF(D3115>0,ROUND(C3115/D3115,6),"")
30728	Chattanooga, TN-GA	19023	173.443	=IF(D3116>0,ROUND(C3116/D3116,6),"")
30731	Chattanooga, TN-GA	2450	83.349	=IF(D3117>0,ROUND(C3117/D3117,6),"")
30736	Chattanooga, TN-GA	44134	124.643	=IF(D3118>0,ROUND(C3118/D3118,6),"")
30738	Chattanooga, TN-GA	3110	88.836	=IF(D3119>0,ROUND(C3119/D3119,6),"")
30739	Chattanooga, TN-GA	6854	25.555	=IF(D3120>0,ROUND(C3120/D3120,6),"")
30741	Chattanooga, TN-GA	29236	24.868	=IF(D3121>0,ROUND(C3121/D3121,6),"")
30742	Chattanooga, TN-GA	7749	7.252	=IF(D3122>0,ROUND(C3122/D3122,6),"")
30750	Chattanooga, TN-GA	4500	11.117	=IF(D3123>0,ROUND(C3123/D3123,6),"")
30752	Chattanooga, TN-GA	9529	75.703	=IF(D3124>0,ROUND(C3124/D3124,6),"")
30755	Chattanooga, TN-GA	10768	36.835	=IF(D3125>0,ROUND(C3125/D3125,6),"")
30757	Chattanooga, TN-GA	1505	20.427	=IF(D3126>0,ROUND(C3126/D3126,6),"")
30820	Milledgeville, GA	866	92.802	=IF(D3127>0,ROUND(C3127/D3127,6),"")
31005	Warner Robins, GA	20697	23.106	=IF(D3128>0,ROUND(C3128/D3128,6),"")
31008	Warner Robins, GA	20882	71.102	=IF(D3129>0,ROUND(C3129/D3129,6),"")
31025	Warner Robins, GA	1339	66.513	=IF(D3130>0,ROUND(C3130/D3130,6),"")
31028	Warner Robins, GA	6312	2.931	=IF(D3131>0,ROUND(C3131/D3131,6),"")
31030	Warner Robins, GA	17987	174.942	=IF(D3132>0,ROUND(C3132/D3132,6),"")
31036	Warner Robins, GA	10726	241.248	=IF(D3133>0,ROUND(C3133/D3133,6),"")
31047	Warner Robins, GA	19945	75.413	=IF(D3134>0,ROUND(C3134/D3134,6),"")
31061	Milledgeville, GA	41194	272.901	=IF(D3135>0,ROUND(C3135/D3135,6),"")
31064	Atlanta-Sandy Springs-Alpharetta, GA	9859	245.73	=IF(D3136>0,ROUND(C3136/D3136,6),"")
31069	Warner Robins, GA	22085	99.787	=IF(D3137>0,ROUND(C3137/D3137,6),"")
31085	Atlanta-Sandy Springs-Alpharetta, GA	1391	44.304	=IF(D3138>0,ROUND(C3138/D3138,6),"")
31087	Milledgeville, GA	8679	438.169	=IF(D3139>0,ROUND(C3139/D3139,6),"")
31088	Warner Robins, GA	59599	29.436	=IF(D3140>0,ROUND(C3140/D3140,6),"")
31093	Warner Robins, GA	26941	20.418	=IF(D3141>0,ROUND(C3141/D3141,6),"")
31302	Savannah, GA	8883	41.923	=IF(D3142>0,ROUND(C3142/D3142,6),"")
31303	Savannah, GA	2056	81.464	=IF(D3143>0,ROUND(C3143/D3143,6),"")
31307	Savannah, GA	1620	4.71	=IF(D3144>0,ROUND(C3144/D3144,6),"")
31308	Savannah, GA	8814	84.389	=IF(D3145>0,ROUND(C3145/D3145,6),"")
31312	Savannah, GA	25286	174.825	=IF(D3146>0,ROUND(C3146/D3146,6),"")
31318	Savannah, GA	445	2.595	=IF(D3147>0,ROUND(C3147/D3147,6),"")
31321	Savannah, GA	7761	143.137	=IF(D3148>0,ROUND(C3148/D3148,6),"")
31322	Savannah, GA	28695	29.485	=IF(D3149>0,ROUND(C3149/D3149,6),"")
31324	Savannah, GA	35668	129.755	=IF(D3150>0,ROUND(C3150/D3150,6),"")
31326	Savannah, GA	23882	68.556	=IF(D3151>0,ROUND(C3151/D3151,6),"")
31328	Savannah, GA	3330	9.182	=IF(D3152>0,ROUND(C3152/D3152,6),"")
31329	Savannah, GA	9102	92.34	=IF(D3153>0,ROUND(C3153/D3153,6),"")
31401	Savannah, GA	20562	3.413	=IF(D3154>0,ROUND(C3154/D3154,6),"")
31404	Savannah, GA	30749	13.714	=IF(D3155>0,ROUND(C3155/D3155,6),"")
31405	Savannah, GA	39724	31.234	=IF(D3156>0,ROUND(C3156/D3156,6),"")
31406	Savannah, GA	34649	26.196	=IF(D3157>0,ROUND(C3157/D3157,6),"")
31407	Savannah, GA	22743	33.88	=IF(D3158>0,ROUND(C3158/D3158,6),"")
31408	Savannah, GA	11791	21.095	=IF(D3159>0,ROUND(C3159/D3159,6),"")
31410	Savannah, GA	22867	22.574	=IF(D3160>0,ROUND(C3160/D3160,6),"")
31411	Savannah, GA	8977	22.485	=IF(D3161>0,ROUND(C3161/D3161,6),"")
31415	Savannah, GA	11788	6.591	=IF(D3162>0,ROUND(C3162/D3162,6),"")
31419	Savannah, GA	57354	72.898	=IF(D3163>0,ROUND(C3163/D3163,6),"")
31816	Atlanta-Sandy Springs-Alpharetta, GA	4872	37.539	=IF(D3164>0,ROUND(C3164/D3164,6),"")
31822	LaGrange, GA-AL	5555	115.433	=IF(D3165>0,ROUND(C3165/D3165,6),"")
31830	Atlanta-Sandy Springs-Alpharetta, GA	2404	54.644	=IF(D3166>0,ROUND(C3166/D3166,6),"")
31833	LaGrange, GA-AL	6718	97.62	=IF(D3167>0,ROUND(C3167/D3167,6),"")
32003	Jacksonville, FL	29351	15.838	=IF(D3168>0,ROUND(C3168/D3168,6),"")
32008	Gainesville, FL	6263	150.614	=IF(D3169>0,ROUND(C3169/D3169,6),"")
32009	Jacksonville, FL	3444	87.319	=IF(D3170>0,ROUND(C3170/D3170,6),"")
32011	Jacksonville, FL	15716	168.529	=IF(D3171>0,ROUND(C3171/D3171,6),"")
32033	Jacksonville, FL	4555	78.375	=IF(D3172>0,ROUND(C3172/D3172,6),"")
32034	Jacksonville, FL	39280	64.977	=IF(D3173>0,ROUND(C3173/D3173,6),"")
32040	Jacksonville, FL	8754	121.148	=IF(D3174>0,ROUND(C3174/D3174,6),"")
32043	Jacksonville, FL	33592	229.261	=IF(D3175>0,ROUND(C3175/D3175,6),"")
32046	Jacksonville, FL	11259	196.559	=IF(D3176>0,ROUND(C3176/D3176,6),"")
32058	Jacksonville, FL	4863	71.53	=IF(D3177>0,ROUND(C3177/D3177,6),"")
32063	Jacksonville, FL	14546	73.289	=IF(D3178>0,ROUND(C3178/D3178,6),"")
32065	Jacksonville, FL	40366	19.808	=IF(D3179>0,ROUND(C3179/D3179,6),"")
32068	Jacksonville, FL	58196	115.539	=IF(D3180>0,ROUND(C3180/D3180,6),"")
32073	Jacksonville, FL	42825	16.838	=IF(D3181>0,ROUND(C3181/D3181,6),"")
32080	Jacksonville, FL	21368	15.725	=IF(D3182>0,ROUND(C3182/D3182,6),"")
32081	Jacksonville, FL	27365	35.272	=IF(D3183>0,ROUND(C3183/D3183,6),"")
32082	Jacksonville, FL	28964	33.36	=IF(D3184>0,ROUND(C3184/D3184,6),"")
32084	Jacksonville, FL	36998	45.121	=IF(D3185>0,ROUND(C3185/D3185,6),"")
32086	Jacksonville, FL	34347	65.748	=IF(D3186>0,ROUND(C3186/D3186,6),"")
32087	Jacksonville, FL	4718	159.447	=IF(D3187>0,ROUND(C3187/D3187,6),"")
32091	Jacksonville, FL	16062	152.073	=IF(D3188>0,ROUND(C3188/D3188,6),"")
32092	Jacksonville, FL	48288	124.057	=IF(D3189>0,ROUND(C3189/D3189,6),"")
32095	Jacksonville, FL	18927	57.384	=IF(D3190>0,ROUND(C3190/D3190,6),"")
32097	Jacksonville, FL	24880	124.716	=IF(D3191>0,ROUND(C3191/D3191,6),"")
32102	Orlando-Kissimmee-Sanford, FL	2401	62.442	=IF(D3192>0,ROUND(C3192/D3192,6),"")
32110	Deltona-Daytona Beach-Ormond Beach, FL	9877	296.25	=IF(D3193>0,ROUND(C3193/D3193,6),"")
32113	Ocala, FL	5382	85.538	=IF(D3194>0,ROUND(C3194/D3194,6),"")
32114	Deltona-Daytona Beach-Ormond Beach, FL	36984	15.997	=IF(D3195>0,ROUND(C3195/D3195,6),"")
32117	Deltona-Daytona Beach-Ormond Beach, FL	29831	11.996	=IF(D3196>0,ROUND(C3196/D3196,6),"")
32118	Deltona-Daytona Beach-Ormond Beach, FL	18075	4.24	=IF(D3197>0,ROUND(C3197/D3197,6),"")
32119	Deltona-Daytona Beach-Ormond Beach, FL	22562	7.824	=IF(D3198>0,ROUND(C3198/D3198,6),"")
32124	Deltona-Daytona Beach-Ormond Beach, FL	9592	61.439	=IF(D3199>0,ROUND(C3199/D3199,6),"")
32127	Deltona-Daytona Beach-Ormond Beach, FL	28430	14.689	=IF(D3200>0,ROUND(C3200/D3200,6),"")
32128	Deltona-Daytona Beach-Ormond Beach, FL	22366	33.404	=IF(D3201>0,ROUND(C3201/D3201,6),"")
32129	Deltona-Daytona Beach-Ormond Beach, FL	23356	7.52	=IF(D3202>0,ROUND(C3202/D3202,6),"")
32130	Deltona-Daytona Beach-Ormond Beach, FL	5672	94.587	=IF(D3203>0,ROUND(C3203/D3203,6),"")
32132	Deltona-Daytona Beach-Ormond Beach, FL	8132	7.025	=IF(D3204>0,ROUND(C3204/D3204,6),"")
32134	Ocala, FL	7400	267.77	=IF(D3205>0,ROUND(C3205/D3205,6),"")
32136	Deltona-Daytona Beach-Ormond Beach, FL	8303	17.723	=IF(D3206>0,ROUND(C3206/D3206,6),"")
32137	Deltona-Daytona Beach-Ormond Beach, FL	47003	62.411	=IF(D3207>0,ROUND(C3207/D3207,6),"")
32140	Jacksonville, FL	1558	33.361	=IF(D3208>0,ROUND(C3208/D3208,6),"")
32141	Deltona-Daytona Beach-Ormond Beach, FL	18442	23.573	=IF(D3209>0,ROUND(C3209/D3209,6),"")
32145	Jacksonville, FL	5750	89.567	=IF(D3210>0,ROUND(C3210/D3210,6),"")
32159	Orlando-Kissimmee-Sanford, FL	30846	30.216	=IF(D3211>0,ROUND(C3211/D3211,6),"")
32162	The Villages, FL	54019	22.77	=IF(D3212>0,ROUND(C3212/D3212,6),"")
32163	The Villages, FL	30886	18.9	=IF(D3213>0,ROUND(C3213/D3213,6),"")
32164	Deltona-Daytona Beach-Ormond Beach, FL	53963	32.512	=IF(D3214>0,ROUND(C3214/D3214,6),"")
32168	Deltona-Daytona Beach-Ormond Beach, FL	30688	153.92	=IF(D3215>0,ROUND(C3215/D3215,6),"")
32169	Deltona-Daytona Beach-Ormond Beach, FL	10527	16.191	=IF(D3216>0,ROUND(C3216/D3216,6),"")
32174	Deltona-Daytona Beach-Ormond Beach, FL	53087	125.354	=IF(D3217>0,ROUND(C3217/D3217,6),"")
32176	Deltona-Daytona Beach-Ormond Beach, FL	14344	5.692	=IF(D3218>0,ROUND(C3218/D3218,6),"")
32179	Ocala, FL	9051	75.05	=IF(D3219>0,ROUND(C3219/D3219,6),"")
32180	Deltona-Daytona Beach-Ormond Beach, FL	4652	90.31	=IF(D3220>0,ROUND(C3220/D3220,6),"")
32190	Deltona-Daytona Beach-Ormond Beach, FL	1657	37.145	=IF(D3221>0,ROUND(C3221/D3221,6),"")
32195	Ocala, FL	3282	24.407	=IF(D3222>0,ROUND(C3222/D3222,6),"")
32202	Jacksonville, FL	6550	1.982	=IF(D3223>0,ROUND(C3223/D3223,6),"")
32204	Jacksonville, FL	8421	2.686	=IF(D3224>0,ROUND(C3224/D3224,6),"")
32205	Jacksonville, FL	30162	7.738	=IF(D3225>0,ROUND(C3225/D3225,6),"")
32206	Jacksonville, FL	16809	6.233	=IF(D3226>0,ROUND(C3226/D3226,6),"")
32207	Jacksonville, FL	35320	11.441	=IF(D3227>0,ROUND(C3227/D3227,6),"")
32208	Jacksonville, FL	31093	11.527	=IF(D3228>0,ROUND(C3228/D3228,6),"")
32209	Jacksonville, FL	35490	9.308	=IF(D3229>0,ROUND(C3229/D3229,6),"")
32210	Jacksonville, FL	65626	21.89	=IF(D3230>0,ROUND(C3230/D3230,6),"")
32211	Jacksonville, FL	36253	8.204	=IF(D3231>0,ROUND(C3231/D3231,6),"")
32216	Jacksonville, FL	41323	12.675	=IF(D3232>0,ROUND(C3232/D3232,6),"")
32217	Jacksonville, FL	21084	5.378	=IF(D3233>0,ROUND(C3233/D3233,6),"")
32218	Jacksonville, FL	71066	96.654	=IF(D3234>0,ROUND(C3234/D3234,6),"")
32219	Jacksonville, FL	15617	71.479	=IF(D3235>0,ROUND(C3235/D3235,6),"")
32220	Jacksonville, FL	12556	38.574	=IF(D3236>0,ROUND(C3236/D3236,6),"")
32221	Jacksonville, FL	31234	47.467	=IF(D3237>0,ROUND(C3237/D3237,6),"")
32222	Jacksonville, FL	17806	11.396	=IF(D3238>0,ROUND(C3238/D3238,6),"")
32223	Jacksonville, FL	26079	11.503	=IF(D3239>0,ROUND(C3239/D3239,6),"")
32224	Jacksonville, FL	42252	20.86	=IF(D3240>0,ROUND(C3240/D3240,6),"")
32225	Jacksonville, FL	54591	26.313	=IF(D3241>0,ROUND(C3241/D3241,6),"")
32226	Jacksonville, FL	20396	85.649	=IF(D3242>0,ROUND(C3242/D3242,6),"")
32233	Jacksonville, FL	24111	10.202	=IF(D3243>0,ROUND(C3243/D3243,6),"")
32234	Jacksonville, FL	9023	152.107	=IF(D3244>0,ROUND(C3244/D3244,6),"")
32244	Jacksonville, FL	63352	23.573	=IF(D3245>0,ROUND(C3245/D3245,6),"")
32246	Jacksonville, FL	60443	19.093	=IF(D3246>0,ROUND(C3246/D3246,6),"")
32250	Jacksonville, FL	28738	8.954	=IF(D3247>0,ROUND(C3247/D3247,6),"")
32254	Jacksonville, FL	14653	12.402	=IF(D3248>0,ROUND(C3248/D3248,6),"")
32256	Jacksonville, FL	55510	61.37	=IF(D3249>0,ROUND(C3249/D3249,6),"")
32257	Jacksonville, FL	41791	12.248	=IF(D3250>0,ROUND(C3250/D3250,6),"")
32258	Jacksonville, FL	40545	17.818	=IF(D3251>0,ROUND(C3251/D3251,6),"")
32259	Jacksonville, FL	69866	56.549	=IF(D3252>0,ROUND(C3252/D3252,6),"")
32266	Jacksonville, FL	7199	2.337	=IF(D3253>0,ROUND(C3253/D3253,6),"")
32277	Jacksonville, FL	35310	7.159	=IF(D3254>0,ROUND(C3254/D3254,6),"")
32401	Panama City, FL	18394	12.496	=IF(D3255>0,ROUND(C3255/D3255,6),"")
32404	Panama City, FL	42117	135.043	=IF(D3256>0,ROUND(C3256/D3256,6),"")
32405	Panama City, FL	29336	18.784	=IF(D3257>0,ROUND(C3257/D3257,6),"")
32407	Panama City, FL	15459	14.917	=IF(D3258>0,ROUND(C3258/D3258,6),"")
32408	Panama City, FL	18326	8.569	=IF(D3259>0,ROUND(C3259/D3259,6),"")
32409	Panama City, FL	10941	126.646	=IF(D3260>0,ROUND(C3260/D3260,6),"")
32413	Panama City, FL	15214	108.228	=IF(D3261>0,ROUND(C3261/D3261,6),"")
32433	Crestview-Fort Walton Beach-Destin, FL	18970	251.311	=IF(D3262>0,ROUND(C3262/D3262,6),"")
32435	Crestview-Fort Walton Beach-Destin, FL	6359	136.739	=IF(D3263>0,ROUND(C3263/D3263,6),"")
32438	Panama City, FL	4839	56.75	=IF(D3264>0,ROUND(C3264/D3264,6),"")
32439	Crestview-Fort Walton Beach-Destin, FL	15264	96.504	=IF(D3265>0,ROUND(C3265/D3265,6),"")
32444	Panama City, FL	20102	9.816	=IF(D3266>0,ROUND(C3266/D3266,6),"")
32455	Crestview-Fort Walton Beach-Destin, FL	3903	225.795	=IF(D3267>0,ROUND(C3267/D3267,6),"")
32456	Panama City, FL	7304	106.222	=IF(D3268>0,ROUND(C3268/D3268,6),"")
32459	Crestview-Fort Walton Beach-Destin, FL	22104	54.515	=IF(D3269>0,ROUND(C3269/D3269,6),"")
32461	Crestview-Fort Walton Beach-Destin, FL	3517	14.871	=IF(D3270>0,ROUND(C3270/D3270,6),"")
32462	Crestview-Fort Walton Beach-Destin, FL	3452	153.998	=IF(D3271>0,ROUND(C3271/D3271,6),"")
32464	Crestview-Fort Walton Beach-Destin, FL	3914	175.325	=IF(D3272>0,ROUND(C3272/D3272,6),"")
32466	Panama City, FL	5837	172.986	=IF(D3273>0,ROUND(C3273/D3273,6),"")
32501	Pensacola-Ferry Pass-Brent, FL	10721	3.687	=IF(D3274>0,ROUND(C3274/D3274,6),"")
32502	Pensacola-Ferry Pass-Brent, FL	3991	2.684	=IF(D3275>0,ROUND(C3275/D3275,6),"")
32503	Pensacola-Ferry Pass-Brent, FL	32975	12.611	=IF(D3276>0,ROUND(C3276/D3276,6),"")
32504	Pensacola-Ferry Pass-Brent, FL	22125	10.49	=IF(D3277>0,ROUND(C3277/D3277,6),"")
32505	Pensacola-Ferry Pass-Brent, FL	27543	12.955	=IF(D3278>0,ROUND(C3278/D3278,6),"")
32506	Pensacola-Ferry Pass-Brent, FL	35202	30.598	=IF(D3279>0,ROUND(C3279/D3279,6),"")
32507	Pensacola-Ferry Pass-Brent, FL	32752	27.873	=IF(D3280>0,ROUND(C3280/D3280,6),"")
32514	Pensacola-Ferry Pass-Brent, FL	43072	19.818	=IF(D3281>0,ROUND(C3281/D3281,6),"")
32526	Pensacola-Ferry Pass-Brent, FL	43627	58.412	=IF(D3282>0,ROUND(C3282/D3282,6),"")
32531	Crestview-Fort Walton Beach-Destin, FL	7445	228.344	=IF(D3283>0,ROUND(C3283/D3283,6),"")
32533	Pensacola-Ferry Pass-Brent, FL	31633	77.169	=IF(D3284>0,ROUND(C3284/D3284,6),"")
32534	Pensacola-Ferry Pass-Brent, FL	15879	9.887	=IF(D3285>0,ROUND(C3285/D3285,6),"")
32535	Pensacola-Ferry Pass-Brent, FL	5880	70.507	=IF(D3286>0,ROUND(C3286/D3286,6),"")
32536	Crestview-Fort Walton Beach-Destin, FL	24859	42.493	=IF(D3287>0,ROUND(C3287/D3287,6),"")
32539	Crestview-Fort Walton Beach-Destin, FL	33150	127.945	=IF(D3288>0,ROUND(C3288/D3288,6),"")
32541	Crestview-Fort Walton Beach-Destin, FL	18632	12.348	=IF(D3289>0,ROUND(C3289/D3289,6),"")
32547	Crestview-Fort Walton Beach-Destin, FL	35522	28.984	=IF(D3290>0,ROUND(C3290/D3290,6),"")
32548	Crestview-Fort Walton Beach-Destin, FL	23209	12.067	=IF(D3291>0,ROUND(C3291/D3291,6),"")
32550	Crestview-Fort Walton Beach-Destin, FL	8192	6.988	=IF(D3292>0,ROUND(C3292/D3292,6),"")
32561	Pensacola-Ferry Pass-Brent, FL	9254	12.038	=IF(D3293>0,ROUND(C3293/D3293,6),"")
32563	Pensacola-Ferry Pass-Brent, FL	29672	16.636	=IF(D3294>0,ROUND(C3294/D3294,6),"")
32564	Crestview-Fort Walton Beach-Destin, FL	1958	102.959	=IF(D3295>0,ROUND(C3295/D3295,6),"")
32565	Pensacola-Ferry Pass-Brent, FL	5653	230.37	=IF(D3296>0,ROUND(C3296/D3296,6),"")
32566	Pensacola-Ferry Pass-Brent, FL	43166	39.169	=IF(D3297>0,ROUND(C3297/D3297,6),"")
32567	Crestview-Fort Walton Beach-Destin, FL	4820	145.271	=IF(D3298>0,ROUND(C3298/D3298,6),"")
32568	Pensacola-Ferry Pass-Brent, FL	3724	205.398	=IF(D3299>0,ROUND(C3299/D3299,6),"")
32569	Crestview-Fort Walton Beach-Destin, FL	12643	4.133	=IF(D3300>0,ROUND(C3300/D3300,6),"")
32570	Pensacola-Ferry Pass-Brent, FL	35751	301.066	=IF(D3301>0,ROUND(C3301/D3301,6),"")
32571	Pensacola-Ferry Pass-Brent, FL	41188	112.613	=IF(D3302>0,ROUND(C3302/D3302,6),"")
32577	Pensacola-Ferry Pass-Brent, FL	4881	68.957	=IF(D3303>0,ROUND(C3303/D3303,6),"")
32578	Crestview-Fort Walton Beach-Destin, FL	33948	23.365	=IF(D3304>0,ROUND(C3304/D3304,6),"")
32579	Crestview-Fort Walton Beach-Destin, FL	10775	3.484	=IF(D3305>0,ROUND(C3305/D3305,6),"")
32580	Crestview-Fort Walton Beach-Destin, FL	4117	7.354	=IF(D3306>0,ROUND(C3306/D3306,6),"")
32583	Pensacola-Ferry Pass-Brent, FL	31415	125.063	=IF(D3307>0,ROUND(C3307/D3307,6),"")
32601	Gainesville, FL	23296	4.598	=IF(D3308>0,ROUND(C3308/D3308,6),"")
32603	Gainesville, FL	6713	0.867	=IF(D3309>0,ROUND(C3309/D3309,6),"")
32605	Gainesville, FL	25698	9.816	=IF(D3310>0,ROUND(C3310/D3310,6),"")
32606	Gainesville, FL	23313	15.394	=IF(D3311>0,ROUND(C3311/D3311,6),"")
32607	Gainesville, FL	31938	12.581	=IF(D3312>0,ROUND(C3312/D3312,6),"")
32608	Gainesville, FL	53966	44.458	=IF(D3313>0,ROUND(C3313/D3313,6),"")
32609	Gainesville, FL	19694	117.554	=IF(D3314>0,ROUND(C3314/D3314,6),"")
32615	Gainesville, FL	16244	137.701	=IF(D3315>0,ROUND(C3315/D3315,6),"")
32617	Ocala, FL	4859	29.868	=IF(D3316>0,ROUND(C3316/D3316,6),"")
32618	Gainesville, FL	7340	91.971	=IF(D3317>0,ROUND(C3317/D3317,6),"")
32619	Gainesville, FL	5227	110.186	=IF(D3318>0,ROUND(C3318/D3318,6),"")
32621	Gainesville, FL	5540	73.501	=IF(D3319>0,ROUND(C3319/D3319,6),"")
32622	Gainesville, FL	1418	68.996	=IF(D3320>0,ROUND(C3320/D3320,6),"")
32625	Gainesville, FL	1255	94.05	=IF(D3321>0,ROUND(C3321/D3321,6),"")
32626	Gainesville, FL	8994	243.617	=IF(D3322>0,ROUND(C3322/D3322,6),"")
32631	Gainesville, FL	282	4.608	=IF(D3323>0,ROUND(C3323/D3323,6),"")
32641	Gainesville, FL	15082	68.67	=IF(D3324>0,ROUND(C3324/D3324,6),"")
32643	Gainesville, FL	11495	112.052	=IF(D3325>0,ROUND(C3325/D3325,6),"")
32653	Gainesville, FL	15457	38.549	=IF(D3326>0,ROUND(C3326/D3326,6),"")
32656	Jacksonville, FL	15630	70.124	=IF(D3327>0,ROUND(C3327/D3327,6),"")
32664	Ocala, FL	408	0.832	=IF(D3328>0,ROUND(C3328/D3328,6),"")
32666	Jacksonville, FL	5542	56.837	=IF(D3329>0,ROUND(C3329/D3329,6),"")
32667	Gainesville, FL	3761	90.461	=IF(D3330>0,ROUND(C3330/D3330,6),"")
32668	Gainesville, FL	5326	135.26	=IF(D3331>0,ROUND(C3331/D3331,6),"")
32669	Gainesville, FL	17436	98.621	=IF(D3332>0,ROUND(C3332/D3332,6),"")
32686	Ocala, FL	5531	72.479	=IF(D3333>0,ROUND(C3333/D3333,6),"")
32693	Gainesville, FL	11692	200.714	=IF(D3334>0,ROUND(C3334/D3334,6),"")
32694	Gainesville, FL	1870	29.27	=IF(D3335>0,ROUND(C3335/D3335,6),"")
32696	Gainesville, FL	14532	142.401	=IF(D3336>0,ROUND(C3336/D3336,6),"")
32701	Orlando-Kissimmee-Sanford, FL	24866	5.634	=IF(D3337>0,ROUND(C3337/D3337,6),"")
32702	Ocala, FL	2732	59.29	=IF(D3338>0,ROUND(C3338/D3338,6),"")
32703	Orlando-Kissimmee-Sanford, FL	57603	32.103	=IF(D3339>0,ROUND(C3339/D3339,6),"")
32707	Orlando-Kissimmee-Sanford, FL	40018	9.617	=IF(D3340>0,ROUND(C3340/D3340,6),"")
32708	Orlando-Kissimmee-Sanford, FL	48034	18.501	=IF(D3341>0,ROUND(C3341/D3341,6),"")
32709	Orlando-Kissimmee-Sanford, FL	1665	148.469	=IF(D3342>0,ROUND(C3342/D3342,6),"")
32712	Orlando-Kissimmee-Sanford, FL	49522	71.612	=IF(D3343>0,ROUND(C3343/D3343,6),"")
32713	Deltona-Daytona Beach-Ormond Beach, FL	22639	19.072	=IF(D3344>0,ROUND(C3344/D3344,6),"")
32714	Orlando-Kissimmee-Sanford, FL	37481	8.486	=IF(D3345>0,ROUND(C3345/D3345,6),"")
32720	Deltona-Daytona Beach-Ormond Beach, FL	34633	66.296	=IF(D3346>0,ROUND(C3346/D3346,6),"")
32724	Deltona-Daytona Beach-Ormond Beach, FL	43615	83.763	=IF(D3347>0,ROUND(C3347/D3347,6),"")
32725	Deltona-Daytona Beach-Ormond Beach, FL	51668	23.052	=IF(D3348>0,ROUND(C3348/D3348,6),"")
32726	Orlando-Kissimmee-Sanford, FL	23885	11.49	=IF(D3349>0,ROUND(C3349/D3349,6),"")
32730	Orlando-Kissimmee-Sanford, FL	6158	1.233	=IF(D3350>0,ROUND(C3350/D3350,6),"")
32732	Orlando-Kissimmee-Sanford, FL	5164	55.837	=IF(D3351>0,ROUND(C3351/D3351,6),"")
32735	Orlando-Kissimmee-Sanford, FL	5346	3.99	=IF(D3352>0,ROUND(C3352/D3352,6),"")
32736	Orlando-Kissimmee-Sanford, FL	11582	109.132	=IF(D3353>0,ROUND(C3353/D3353,6),"")
32738	Deltona-Daytona Beach-Ormond Beach, FL	48458	25.773	=IF(D3354>0,ROUND(C3354/D3354,6),"")
32744	Deltona-Daytona Beach-Ormond Beach, FL	3716	13.589	=IF(D3355>0,ROUND(C3355/D3355,6),"")
32746	Orlando-Kissimmee-Sanford, FL	45970	21.063	=IF(D3356>0,ROUND(C3356/D3356,6),"")
32750	Orlando-Kissimmee-Sanford, FL	25853	11.413	=IF(D3357>0,ROUND(C3357/D3357,6),"")
32751	Orlando-Kissimmee-Sanford, FL	22853	7.019	=IF(D3358>0,ROUND(C3358/D3358,6),"")
32754	Palm Bay-Melbourne-Titusville, FL	11250	136.949	=IF(D3359>0,ROUND(C3359/D3359,6),"")
32757	Orlando-Kissimmee-Sanford, FL	32712	35.346	=IF(D3360>0,ROUND(C3360/D3360,6),"")
32759	Deltona-Daytona Beach-Ormond Beach, FL	2941	48.72	=IF(D3361>0,ROUND(C3361/D3361,6),"")
32763	Deltona-Daytona Beach-Ormond Beach, FL	25667	20.916	=IF(D3362>0,ROUND(C3362/D3362,6),"")
32764	Deltona-Daytona Beach-Ormond Beach, FL	2744	94.844	=IF(D3363>0,ROUND(C3363/D3363,6),"")
32765	Orlando-Kissimmee-Sanford, FL	63646	39.018	=IF(D3364>0,ROUND(C3364/D3364,6),"")
32766	Orlando-Kissimmee-Sanford, FL	15966	43.834	=IF(D3365>0,ROUND(C3365/D3365,6),"")
32767	Orlando-Kissimmee-Sanford, FL	2839	54.95	=IF(D3366>0,ROUND(C3366/D3366,6),"")
32771	Orlando-Kissimmee-Sanford, FL	59708	37.484	=IF(D3367>0,ROUND(C3367/D3367,6),"")
32773	Orlando-Kissimmee-Sanford, FL	33184	27.602	=IF(D3368>0,ROUND(C3368/D3368,6),"")
32776	Orlando-Kissimmee-Sanford, FL	12668	50.761	=IF(D3369>0,ROUND(C3369/D3369,6),"")
32778	Orlando-Kissimmee-Sanford, FL	25099	25.41	=IF(D3370>0,ROUND(C3370/D3370,6),"")
32779	Orlando-Kissimmee-Sanford, FL	29106	18.869	=IF(D3371>0,ROUND(C3371/D3371,6),"")
32780	Palm Bay-Melbourne-Titusville, FL	39429	68.125	=IF(D3372>0,ROUND(C3372/D3372,6),"")
32784	Orlando-Kissimmee-Sanford, FL	9859	92.782	=IF(D3373>0,ROUND(C3373/D3373,6),"")
32789	Orlando-Kissimmee-Sanford, FL	26884	7.801	=IF(D3374>0,ROUND(C3374/D3374,6),"")
32792	Orlando-Kissimmee-Sanford, FL	52794	12.115	=IF(D3375>0,ROUND(C3375/D3375,6),"")
32796	Palm Bay-Melbourne-Titusville, FL	20749	14.414	=IF(D3376>0,ROUND(C3376/D3376,6),"")
32798	Orlando-Kissimmee-Sanford, FL	2159	2.993	=IF(D3377>0,ROUND(C3377/D3377,6),"")
32801	Orlando-Kissimmee-Sanford, FL	16251	2.21	=IF(D3378>0,ROUND(C3378/D3378,6),"")
32803	Orlando-Kissimmee-Sanford, FL	22703	6.808	=IF(D3379>0,ROUND(C3379/D3379,6),"")
32804	Orlando-Kissimmee-Sanford, FL	21076	7.154	=IF(D3380>0,ROUND(C3380/D3380,6),"")
32805	Orlando-Kissimmee-Sanford, FL	18085	6.805	=IF(D3381>0,ROUND(C3381/D3381,6),"")
32806	Orlando-Kissimmee-Sanford, FL	26423	6.825	=IF(D3382>0,ROUND(C3382/D3382,6),"")
32807	Orlando-Kissimmee-Sanford, FL	34933	8.4	=IF(D3383>0,ROUND(C3383/D3383,6),"")
32808	Orlando-Kissimmee-Sanford, FL	61123	11.877	=IF(D3384>0,ROUND(C3384/D3384,6),"")
32809	Orlando-Kissimmee-Sanford, FL	29379	10.386	=IF(D3385>0,ROUND(C3385/D3385,6),"")
32810	Orlando-Kissimmee-Sanford, FL	37127	9.168	=IF(D3386>0,ROUND(C3386/D3386,6),"")
32811	Orlando-Kissimmee-Sanford, FL	40560	8.306	=IF(D3387>0,ROUND(C3387/D3387,6),"")
32812	Orlando-Kissimmee-Sanford, FL	34454	8.516	=IF(D3388>0,ROUND(C3388/D3388,6),"")
32814	Orlando-Kissimmee-Sanford, FL	9348	1.199	=IF(D3389>0,ROUND(C3389/D3389,6),"")
32817	Orlando-Kissimmee-Sanford, FL	37894	11.731	=IF(D3390>0,ROUND(C3390/D3390,6),"")
32818	Orlando-Kissimmee-Sanford, FL	61574	11.129	=IF(D3391>0,ROUND(C3391/D3391,6),"")
32819	Orlando-Kissimmee-Sanford, FL	28399	20.666	=IF(D3392>0,ROUND(C3392/D3392,6),"")
32820	Orlando-Kissimmee-Sanford, FL	11130	15.099	=IF(D3393>0,ROUND(C3393/D3393,6),"")
32821	Orlando-Kissimmee-Sanford, FL	21765	16.312	=IF(D3394>0,ROUND(C3394/D3394,6),"")
32822	Orlando-Kissimmee-Sanford, FL	67636	13.604	=IF(D3395>0,ROUND(C3395/D3395,6),"")
32824	Orlando-Kissimmee-Sanford, FL	55282	33.496	=IF(D3396>0,ROUND(C3396/D3396,6),"")
32825	Orlando-Kissimmee-Sanford, FL	62035	18.38	=IF(D3397>0,ROUND(C3397/D3397,6),"")
32826	Orlando-Kissimmee-Sanford, FL	28436	7.34	=IF(D3398>0,ROUND(C3398/D3398,6),"")
32827	Orlando-Kissimmee-Sanford, FL	19601	22.673	=IF(D3399>0,ROUND(C3399/D3399,6),"")
32828	Orlando-Kissimmee-Sanford, FL	69937	20.827	=IF(D3400>0,ROUND(C3400/D3400,6),"")
32829	Orlando-Kissimmee-Sanford, FL	20123	19.385	=IF(D3401>0,ROUND(C3401/D3401,6),"")
32832	Orlando-Kissimmee-Sanford, FL	34865	54.148	=IF(D3402>0,ROUND(C3402/D3402,6),"")
32833	Orlando-Kissimmee-Sanford, FL	10915	34.108	=IF(D3403>0,ROUND(C3403/D3403,6),"")
32835	Orlando-Kissimmee-Sanford, FL	49932	9.394	=IF(D3404>0,ROUND(C3404/D3404,6),"")
32836	Orlando-Kissimmee-Sanford, FL	24648	11.933	=IF(D3405>0,ROUND(C3405/D3405,6),"")
32837	Orlando-Kissimmee-Sanford, FL	49889	18.227	=IF(D3406>0,ROUND(C3406/D3406,6),"")
32839	Orlando-Kissimmee-Sanford, FL	51807	7.429	=IF(D3407>0,ROUND(C3407/D3407,6),"")
32901	Palm Bay-Melbourne-Titusville, FL	28565	12.064	=IF(D3408>0,ROUND(C3408/D3408,6),"")
32903	Palm Bay-Melbourne-Titusville, FL	13925	3.623	=IF(D3409>0,ROUND(C3409/D3409,6),"")
32904	Palm Bay-Melbourne-Titusville, FL	36885	217.079	=IF(D3410>0,ROUND(C3410/D3410,6),"")
32905	Palm Bay-Melbourne-Titusville, FL	24473	9.687	=IF(D3411>0,ROUND(C3411/D3411,6),"")
32907	Palm Bay-Melbourne-Titusville, FL	48352	17.707	=IF(D3412>0,ROUND(C3412/D3412,6),"")
32908	Palm Bay-Melbourne-Titusville, FL	14970	19.198	=IF(D3413>0,ROUND(C3413/D3413,6),"")
32909	Palm Bay-Melbourne-Titusville, FL	39611	57.659	=IF(D3414>0,ROUND(C3414/D3414,6),"")
32920	Palm Bay-Melbourne-Titusville, FL	9964	24.783	=IF(D3415>0,ROUND(C3415/D3415,6),"")
32922	Palm Bay-Melbourne-Titusville, FL	15510	5.439	=IF(D3416>0,ROUND(C3416/D3416,6),"")
32926	Palm Bay-Melbourne-Titusville, FL	21576	49.273	=IF(D3417>0,ROUND(C3417/D3417,6),"")
32927	Palm Bay-Melbourne-Titusville, FL	28493	25.648	=IF(D3418>0,ROUND(C3418/D3418,6),"")
32931	Palm Bay-Melbourne-Titusville, FL	13893	5.195	=IF(D3419>0,ROUND(C3419/D3419,6),"")
32934	Palm Bay-Melbourne-Titusville, FL	18904	22.924	=IF(D3420>0,ROUND(C3420/D3420,6),"")
32935	Palm Bay-Melbourne-Titusville, FL	41533	13.142	=IF(D3421>0,ROUND(C3421/D3421,6),"")
32937	Palm Bay-Melbourne-Titusville, FL	27524	6.796	=IF(D3422>0,ROUND(C3422/D3422,6),"")
32940	Palm Bay-Melbourne-Titusville, FL	49288	57.294	=IF(D3423>0,ROUND(C3423/D3423,6),"")
32948	Sebastian-Vero Beach, FL	6802	113.944	=IF(D3424>0,ROUND(C3424/D3424,6),"")
32949	Palm Bay-Melbourne-Titusville, FL	2821	16.807	=IF(D3425>0,ROUND(C3425/D3425,6),"")
32950	Palm Bay-Melbourne-Titusville, FL	4573	18.607	=IF(D3426>0,ROUND(C3426/D3426,6),"")
32951	Palm Bay-Melbourne-Titusville, FL	11168	8.136	=IF(D3427>0,ROUND(C3427/D3427,6),"")
32952	Palm Bay-Melbourne-Titusville, FL	21354	12.305	=IF(D3428>0,ROUND(C3428/D3428,6),"")
32953	Palm Bay-Melbourne-Titusville, FL	24834	39.756	=IF(D3429>0,ROUND(C3429/D3429,6),"")
32955	Palm Bay-Melbourne-Titusville, FL	40413	50.864	=IF(D3430>0,ROUND(C3430/D3430,6),"")
32958	Sebastian-Vero Beach, FL	29641	27.876	=IF(D3431>0,ROUND(C3431/D3431,6),"")
32960	Sebastian-Vero Beach, FL	24697	11.053	=IF(D3432>0,ROUND(C3432/D3432,6),"")
32962	Sebastian-Vero Beach, FL	25629	12.472	=IF(D3433>0,ROUND(C3433/D3433,6),"")
32963	Sebastian-Vero Beach, FL	14980	17.414	=IF(D3434>0,ROUND(C3434/D3434,6),"")
32966	Sebastian-Vero Beach, FL	20025	259.613	=IF(D3435>0,ROUND(C3435/D3435,6),"")
32967	Sebastian-Vero Beach, FL	26219	39.954	=IF(D3436>0,ROUND(C3436/D3436,6),"")
32968	Sebastian-Vero Beach, FL	15576	43.351	=IF(D3437>0,ROUND(C3437/D3437,6),"")
32976	Palm Bay-Melbourne-Titusville, FL	9237	24.288	=IF(D3438>0,ROUND(C3438/D3438,6),"")
33004	Miami-Fort Lauderdale-Pompano Beach, FL	16691	6.76	=IF(D3439>0,ROUND(C3439/D3439,6),"")
33009	Miami-Fort Lauderdale-Pompano Beach, FL	44021	4.892	=IF(D3440>0,ROUND(C3440/D3440,6),"")
33010	Miami-Fort Lauderdale-Pompano Beach, FL	42132	4.321	=IF(D3441>0,ROUND(C3441/D3441,6),"")
33012	Miami-Fort Lauderdale-Pompano Beach, FL	69408	5.873	=IF(D3442>0,ROUND(C3442/D3442,6),"")
33013	Miami-Fort Lauderdale-Pompano Beach, FL	29100	3.787	=IF(D3443>0,ROUND(C3443/D3443,6),"")
33014	Miami-Fort Lauderdale-Pompano Beach, FL	40742	6.48	=IF(D3444>0,ROUND(C3444/D3444,6),"")
33015	Miami-Fort Lauderdale-Pompano Beach, FL	68430	5.886	=IF(D3445>0,ROUND(C3445/D3445,6),"")
33016	Miami-Fort Lauderdale-Pompano Beach, FL	45285	4.184	=IF(D3446>0,ROUND(C3446/D3446,6),"")
33018	Miami-Fort Lauderdale-Pompano Beach, FL	56395	28.098	=IF(D3447>0,ROUND(C3447/D3447,6),"")
33019	Miami-Fort Lauderdale-Pompano Beach, FL	13168	3.745	=IF(D3448>0,ROUND(C3448/D3448,6),"")
33020	Miami-Fort Lauderdale-Pompano Beach, FL	44112	6.018	=IF(D3449>0,ROUND(C3449/D3449,6),"")
33021	Miami-Fort Lauderdale-Pompano Beach, FL	49064	8.835	=IF(D3450>0,ROUND(C3450/D3450,6),"")
33023	Miami-Fort Lauderdale-Pompano Beach, FL	70914	8.804	=IF(D3451>0,ROUND(C3451/D3451,6),"")
33024	Miami-Fort Lauderdale-Pompano Beach, FL	75579	11.603	=IF(D3452>0,ROUND(C3452/D3452,6),"")
33025	Miami-Fort Lauderdale-Pompano Beach, FL	74512	10.551	=IF(D3453>0,ROUND(C3453/D3453,6),"")
33026	Miami-Fort Lauderdale-Pompano Beach, FL	30400	4.605	=IF(D3454>0,ROUND(C3454/D3454,6),"")
33027	Miami-Fort Lauderdale-Pompano Beach, FL	63486	13.36	=IF(D3455>0,ROUND(C3455/D3455,6),"")
33028	Miami-Fort Lauderdale-Pompano Beach, FL	27984	5.747	=IF(D3456>0,ROUND(C3456/D3456,6),"")
33029	Miami-Fort Lauderdale-Pompano Beach, FL	44109	16.762	=IF(D3457>0,ROUND(C3457/D3457,6),"")
33030	Miami-Fort Lauderdale-Pompano Beach, FL	35957	17.646	=IF(D3458>0,ROUND(C3458/D3458,6),"")
33031	Miami-Fort Lauderdale-Pompano Beach, FL	7795	22.212	=IF(D3459>0,ROUND(C3459/D3459,6),"")
33032	Miami-Fort Lauderdale-Pompano Beach, FL	62021	18.24	=IF(D3460>0,ROUND(C3460/D3460,6),"")
33033	Miami-Fort Lauderdale-Pompano Beach, FL	69075	22.33	=IF(D3461>0,ROUND(C3461/D3461,6),"")
33034	Miami-Fort Lauderdale-Pompano Beach, FL	22129	1173.076	=IF(D3462>0,ROUND(C3462/D3462,6),"")
33035	Miami-Fort Lauderdale-Pompano Beach, FL	18756	29.476	=IF(D3463>0,ROUND(C3463/D3463,6),"")
33054	Miami-Fort Lauderdale-Pompano Beach, FL	31165	8.398	=IF(D3464>0,ROUND(C3464/D3464,6),"")
33055	Miami-Fort Lauderdale-Pompano Beach, FL	37226	6.005	=IF(D3465>0,ROUND(C3465/D3465,6),"")
33056	Miami-Fort Lauderdale-Pompano Beach, FL	37318	6.127	=IF(D3466>0,ROUND(C3466/D3466,6),"")
33060	Miami-Fort Lauderdale-Pompano Beach, FL	35888	6.953	=IF(D3467>0,ROUND(C3467/D3467,6),"")
33062	Miami-Fort Lauderdale-Pompano Beach, FL	25495	3.89	=IF(D3468>0,ROUND(C3468/D3468,6),"")
33063	Miami-Fort Lauderdale-Pompano Beach, FL	55539	8.205	=IF(D3469>0,ROUND(C3469/D3469,6),"")
33064	Miami-Fort Lauderdale-Pompano Beach, FL	62000	10.207	=IF(D3470>0,ROUND(C3470/D3470,6),"")
33065	Miami-Fort Lauderdale-Pompano Beach, FL	59653	8.579	=IF(D3471>0,ROUND(C3471/D3471,6),"")
33066	Miami-Fort Lauderdale-Pompano Beach, FL	16673	3.035	=IF(D3472>0,ROUND(C3472/D3472,6),"")
33067	Miami-Fort Lauderdale-Pompano Beach, FL	25638	9.885	=IF(D3473>0,ROUND(C3473/D3473,6),"")
33068	Miami-Fort Lauderdale-Pompano Beach, FL	53552	6.437	=IF(D3474>0,ROUND(C3474/D3474,6),"")
33069	Miami-Fort Lauderdale-Pompano Beach, FL	28957	9.43	=IF(D3475>0,ROUND(C3475/D3475,6),"")
33071	Miami-Fort Lauderdale-Pompano Beach, FL	40207	7.494	=IF(D3476>0,ROUND(C3476/D3476,6),"")
33073	Miami-Fort Lauderdale-Pompano Beach, FL	32980	8.142	=IF(D3477>0,ROUND(C3477/D3477,6),"")
33076	Miami-Fort Lauderdale-Pompano Beach, FL	44263	10.827	=IF(D3478>0,ROUND(C3478/D3478,6),"")
33122	Miami-Fort Lauderdale-Pompano Beach, FL	1988	2.396	=IF(D3479>0,ROUND(C3479/D3479,6),"")
33125	Miami-Fort Lauderdale-Pompano Beach, FL	55449	3.918	=IF(D3480>0,ROUND(C3480/D3480,6),"")
33126	Miami-Fort Lauderdale-Pompano Beach, FL	47038	5.387	=IF(D3481>0,ROUND(C3481/D3481,6),"")
33127	Miami-Fort Lauderdale-Pompano Beach, FL	27585	3.294	=IF(D3482>0,ROUND(C3482/D3482,6),"")
33128	Miami-Fort Lauderdale-Pompano Beach, FL	9018	0.43	=IF(D3483>0,ROUND(C3483/D3483,6),"")
33129	Miami-Fort Lauderdale-Pompano Beach, FL	14717	1.382	=IF(D3484>0,ROUND(C3484/D3484,6),"")
33130	Miami-Fort Lauderdale-Pompano Beach, FL	32363	1.094	=IF(D3485>0,ROUND(C3485/D3485,6),"")
33131	Miami-Fort Lauderdale-Pompano Beach, FL	23289	0.501	=IF(D3486>0,ROUND(C3486/D3486,6),"")
33132	Miami-Fort Lauderdale-Pompano Beach, FL	18244	1.511	=IF(D3487>0,ROUND(C3487/D3487,6),"")
33133	Miami-Fort Lauderdale-Pompano Beach, FL	34651	4.162	=IF(D3488>0,ROUND(C3488/D3488,6),"")
33134	Miami-Fort Lauderdale-Pompano Beach, FL	36937	5.228	=IF(D3489>0,ROUND(C3489/D3489,6),"")
33135	Miami-Fort Lauderdale-Pompano Beach, FL	35053	2.127	=IF(D3490>0,ROUND(C3490/D3490,6),"")
33136	Miami-Fort Lauderdale-Pompano Beach, FL	16611	1.402	=IF(D3491>0,ROUND(C3491/D3491,6),"")
33137	Miami-Fort Lauderdale-Pompano Beach, FL	27300	2.022	=IF(D3492>0,ROUND(C3492/D3492,6),"")
33138	Miami-Fort Lauderdale-Pompano Beach, FL	28871	4.213	=IF(D3493>0,ROUND(C3493/D3493,6),"")
33139	Miami-Fort Lauderdale-Pompano Beach, FL	34406	2.782	=IF(D3494>0,ROUND(C3494/D3494,6),"")
33140	Miami-Fort Lauderdale-Pompano Beach, FL	19455	3.087	=IF(D3495>0,ROUND(C3495/D3495,6),"")
33141	Miami-Fort Lauderdale-Pompano Beach, FL	36016	2.31	=IF(D3496>0,ROUND(C3496/D3496,6),"")
33142	Miami-Fort Lauderdale-Pompano Beach, FL	56437	10.906	=IF(D3497>0,ROUND(C3497/D3497,6),"")
33143	Miami-Fort Lauderdale-Pompano Beach, FL	32167	7.76	=IF(D3498>0,ROUND(C3498/D3498,6),"")
33144	Miami-Fort Lauderdale-Pompano Beach, FL	26288	3.09	=IF(D3499>0,ROUND(C3499/D3499,6),"")
33145	Miami-Fort Lauderdale-Pompano Beach, FL	29454	2.543	=IF(D3500>0,ROUND(C3500/D3500,6),"")
33146	Miami-Fort Lauderdale-Pompano Beach, FL	18861	3.136	=IF(D3501>0,ROUND(C3501/D3501,6),"")
33147	Miami-Fort Lauderdale-Pompano Beach, FL	47203	7.215	=IF(D3502>0,ROUND(C3502/D3502,6),"")
33149	Miami-Fort Lauderdale-Pompano Beach, FL	14628	4.709	=IF(D3503>0,ROUND(C3503/D3503,6),"")
33150	Miami-Fort Lauderdale-Pompano Beach, FL	31936	3.473	=IF(D3504>0,ROUND(C3504/D3504,6),"")
33154	Miami-Fort Lauderdale-Pompano Beach, FL	14435	1.939	=IF(D3505>0,ROUND(C3505/D3505,6),"")
33155	Miami-Fort Lauderdale-Pompano Beach, FL	43133	7.372	=IF(D3506>0,ROUND(C3506/D3506,6),"")
33156	Miami-Fort Lauderdale-Pompano Beach, FL	32708	13.871	=IF(D3507>0,ROUND(C3507/D3507,6),"")
33157	Miami-Fort Lauderdale-Pompano Beach, FL	69605	14.943	=IF(D3508>0,ROUND(C3508/D3508,6),"")
33158	Miami-Fort Lauderdale-Pompano Beach, FL	6029	2.785	=IF(D3509>0,ROUND(C3509/D3509,6),"")
33160	Miami-Fort Lauderdale-Pompano Beach, FL	43225	4.434	=IF(D3510>0,ROUND(C3510/D3510,6),"")
33161	Miami-Fort Lauderdale-Pompano Beach, FL	54128	5.483	=IF(D3511>0,ROUND(C3511/D3511,6),"")
33162	Miami-Fort Lauderdale-Pompano Beach, FL	46578	5.307	=IF(D3512>0,ROUND(C3512/D3512,6),"")
33165	Miami-Fort Lauderdale-Pompano Beach, FL	50471	7.506	=IF(D3513>0,ROUND(C3513/D3513,6),"")
33166	Miami-Fort Lauderdale-Pompano Beach, FL	26925	7.949	=IF(D3514>0,ROUND(C3514/D3514,6),"")
33167	Miami-Fort Lauderdale-Pompano Beach, FL	23209	4.221	=IF(D3515>0,ROUND(C3515/D3515,6),"")
33168	Miami-Fort Lauderdale-Pompano Beach, FL	22556	3.596	=IF(D3516>0,ROUND(C3516/D3516,6),"")
33169	Miami-Fort Lauderdale-Pompano Beach, FL	42308	6.841	=IF(D3517>0,ROUND(C3517/D3517,6),"")
33170	Miami-Fort Lauderdale-Pompano Beach, FL	14763	12.376	=IF(D3518>0,ROUND(C3518/D3518,6),"")
33172	Miami-Fort Lauderdale-Pompano Beach, FL	39465	6.399	=IF(D3519>0,ROUND(C3519/D3519,6),"")
33173	Miami-Fort Lauderdale-Pompano Beach, FL	32042	5.475	=IF(D3520>0,ROUND(C3520/D3520,6),"")
33174	Miami-Fort Lauderdale-Pompano Beach, FL	35056	3.062	=IF(D3521>0,ROUND(C3521/D3521,6),"")
33175	Miami-Fort Lauderdale-Pompano Beach, FL	49611	7.9	=IF(D3522>0,ROUND(C3522/D3522,6),"")
33176	Miami-Fort Lauderdale-Pompano Beach, FL	52190	12.056	=IF(D3523>0,ROUND(C3523/D3523,6),"")
33177	Miami-Fort Lauderdale-Pompano Beach, FL	58097	12.554	=IF(D3524>0,ROUND(C3524/D3524,6),"")
33178	Miami-Fort Lauderdale-Pompano Beach, FL	65515	61.093	=IF(D3525>0,ROUND(C3525/D3525,6),"")
33179	Miami-Fort Lauderdale-Pompano Beach, FL	48275	5.033	=IF(D3526>0,ROUND(C3526/D3526,6),"")
33180	Miami-Fort Lauderdale-Pompano Beach, FL	32745	3.262	=IF(D3527>0,ROUND(C3527/D3527,6),"")
33181	Miami-Fort Lauderdale-Pompano Beach, FL	20969	3.044	=IF(D3528>0,ROUND(C3528/D3528,6),"")
33182	Miami-Fort Lauderdale-Pompano Beach, FL	12685	3.48	=IF(D3529>0,ROUND(C3529/D3529,6),"")
33183	Miami-Fort Lauderdale-Pompano Beach, FL	33811	5.514	=IF(D3530>0,ROUND(C3530/D3530,6),"")
33184	Miami-Fort Lauderdale-Pompano Beach, FL	19618	2.474	=IF(D3531>0,ROUND(C3531/D3531,6),"")
33185	Miami-Fort Lauderdale-Pompano Beach, FL	29124	6.894	=IF(D3532>0,ROUND(C3532/D3532,6),"")
33186	Miami-Fort Lauderdale-Pompano Beach, FL	67597	12.457	=IF(D3533>0,ROUND(C3533/D3533,6),"")
33187	Miami-Fort Lauderdale-Pompano Beach, FL	18575	112.936	=IF(D3534>0,ROUND(C3534/D3534,6),"")
33189	Miami-Fort Lauderdale-Pompano Beach, FL	24627	5.089	=IF(D3535>0,ROUND(C3535/D3535,6),"")
33190	Miami-Fort Lauderdale-Pompano Beach, FL	17280	2.042	=IF(D3536>0,ROUND(C3536/D3536,6),"")
33193	Miami-Fort Lauderdale-Pompano Beach, FL	46519	7.561	=IF(D3537>0,ROUND(C3537/D3537,6),"")
33194	Miami-Fort Lauderdale-Pompano Beach, FL	7789	114.035	=IF(D3538>0,ROUND(C3538/D3538,6),"")
33196	Miami-Fort Lauderdale-Pompano Beach, FL	53846	52.194	=IF(D3539>0,ROUND(C3539/D3539,6),"")
33301	Miami-Fort Lauderdale-Pompano Beach, FL	17831	2.493	=IF(D3540>0,ROUND(C3540/D3540,6),"")
33304	Miami-Fort Lauderdale-Pompano Beach, FL	18566	3.121	=IF(D3541>0,ROUND(C3541/D3541,6),"")
33305	Miami-Fort Lauderdale-Pompano Beach, FL	12961	2.196	=IF(D3542>0,ROUND(C3542/D3542,6),"")
33306	Miami-Fort Lauderdale-Pompano Beach, FL	2700	0.853	=IF(D3543>0,ROUND(C3543/D3543,6),"")
33308	Miami-Fort Lauderdale-Pompano Beach, FL	27261	4.605	=IF(D3544>0,ROUND(C3544/D3544,6),"")
33309	Miami-Fort Lauderdale-Pompano Beach, FL	38074	9.675	=IF(D3545>0,ROUND(C3545/D3545,6),"")
33311	Miami-Fort Lauderdale-Pompano Beach, FL	73280	10.371	=IF(D3546>0,ROUND(C3546/D3546,6),"")
33312	Miami-Fort Lauderdale-Pompano Beach, FL	53547	11.08	=IF(D3547>0,ROUND(C3547/D3547,6),"")
33313	Miami-Fort Lauderdale-Pompano Beach, FL	64228	6.261	=IF(D3548>0,ROUND(C3548/D3548,6),"")
33314	Miami-Fort Lauderdale-Pompano Beach, FL	30121	8.755	=IF(D3549>0,ROUND(C3549/D3549,6),"")
33315	Miami-Fort Lauderdale-Pompano Beach, FL	13211	5.286	=IF(D3550>0,ROUND(C3550/D3550,6),"")
33316	Miami-Fort Lauderdale-Pompano Beach, FL	12039	4.075	=IF(D3551>0,ROUND(C3551/D3551,6),"")
33317	Miami-Fort Lauderdale-Pompano Beach, FL	37008	9.557	=IF(D3552>0,ROUND(C3552/D3552,6),"")
33319	Miami-Fort Lauderdale-Pompano Beach, FL	52474	6.798	=IF(D3553>0,ROUND(C3553/D3553,6),"")
33321	Miami-Fort Lauderdale-Pompano Beach, FL	50414	8.235	=IF(D3554>0,ROUND(C3554/D3554,6),"")
33322	Miami-Fort Lauderdale-Pompano Beach, FL	40522	5.509	=IF(D3555>0,ROUND(C3555/D3555,6),"")
33323	Miami-Fort Lauderdale-Pompano Beach, FL	23083	7.511	=IF(D3556>0,ROUND(C3556/D3556,6),"")
33324	Miami-Fort Lauderdale-Pompano Beach, FL	50072	9.044	=IF(D3557>0,ROUND(C3557/D3557,6),"")
33325	Miami-Fort Lauderdale-Pompano Beach, FL	30947	9.429	=IF(D3558>0,ROUND(C3558/D3558,6),"")
33326	Miami-Fort Lauderdale-Pompano Beach, FL	32560	7.226	=IF(D3559>0,ROUND(C3559/D3559,6),"")
33327	Miami-Fort Lauderdale-Pompano Beach, FL	23039	147.641	=IF(D3560>0,ROUND(C3560/D3560,6),"")
33328	Miami-Fort Lauderdale-Pompano Beach, FL	29379	9.144	=IF(D3561>0,ROUND(C3561/D3561,6),"")
33330	Miami-Fort Lauderdale-Pompano Beach, FL	14384	11.081	=IF(D3562>0,ROUND(C3562/D3562,6),"")
33331	Miami-Fort Lauderdale-Pompano Beach, FL	25107	11.767	=IF(D3563>0,ROUND(C3563/D3563,6),"")
33332	Miami-Fort Lauderdale-Pompano Beach, FL	11603	34.326	=IF(D3564>0,ROUND(C3564/D3564,6),"")
33334	Miami-Fort Lauderdale-Pompano Beach, FL	30889	4.767	=IF(D3565>0,ROUND(C3565/D3565,6),"")
33351	Miami-Fort Lauderdale-Pompano Beach, FL	34582	5.55	=IF(D3566>0,ROUND(C3566/D3566,6),"")
33401	Miami-Fort Lauderdale-Pompano Beach, FL	31964	5.075	=IF(D3567>0,ROUND(C3567/D3567,6),"")
33403	Miami-Fort Lauderdale-Pompano Beach, FL	13710	3.307	=IF(D3568>0,ROUND(C3568/D3568,6),"")
33404	Miami-Fort Lauderdale-Pompano Beach, FL	30533	7.296	=IF(D3569>0,ROUND(C3569/D3569,6),"")
33405	Miami-Fort Lauderdale-Pompano Beach, FL	19703	4.511	=IF(D3570>0,ROUND(C3570/D3570,6),"")
33406	Miami-Fort Lauderdale-Pompano Beach, FL	26662	8.691	=IF(D3571>0,ROUND(C3571/D3571,6),"")
33407	Miami-Fort Lauderdale-Pompano Beach, FL	34728	9.86	=IF(D3572>0,ROUND(C3572/D3572,6),"")
33408	Miami-Fort Lauderdale-Pompano Beach, FL	18766	6.802	=IF(D3573>0,ROUND(C3573/D3573,6),"")
33409	Miami-Fort Lauderdale-Pompano Beach, FL	32921	6.252	=IF(D3574>0,ROUND(C3574/D3574,6),"")
33410	Miami-Fort Lauderdale-Pompano Beach, FL	36409	11.37	=IF(D3575>0,ROUND(C3575/D3575,6),"")
33411	Miami-Fort Lauderdale-Pompano Beach, FL	75299	34.852	=IF(D3576>0,ROUND(C3576/D3576,6),"")
33412	Miami-Fort Lauderdale-Pompano Beach, FL	15499	59.321	=IF(D3577>0,ROUND(C3577/D3577,6),"")
33413	Miami-Fort Lauderdale-Pompano Beach, FL	17914	7.208	=IF(D3578>0,ROUND(C3578/D3578,6),"")
33414	Miami-Fort Lauderdale-Pompano Beach, FL	59229	28.345	=IF(D3579>0,ROUND(C3579/D3579,6),"")
33415	Miami-Fort Lauderdale-Pompano Beach, FL	53058	7.309	=IF(D3580>0,ROUND(C3580/D3580,6),"")
33417	Miami-Fort Lauderdale-Pompano Beach, FL	36464	6.61	=IF(D3581>0,ROUND(C3581/D3581,6),"")
33418	Miami-Fort Lauderdale-Pompano Beach, FL	42979	45.847	=IF(D3582>0,ROUND(C3582/D3582,6),"")
33426	Miami-Fort Lauderdale-Pompano Beach, FL	24424	6.145	=IF(D3583>0,ROUND(C3583/D3583,6),"")
33428	Miami-Fort Lauderdale-Pompano Beach, FL	46228	11.524	=IF(D3584>0,ROUND(C3584/D3584,6),"")
33430	Miami-Fort Lauderdale-Pompano Beach, FL	19773	239.83	=IF(D3585>0,ROUND(C3585/D3585,6),"")
33431	Miami-Fort Lauderdale-Pompano Beach, FL	23150	8.332	=IF(D3586>0,ROUND(C3586/D3586,6),"")
33432	Miami-Fort Lauderdale-Pompano Beach, FL	21817	4.638	=IF(D3587>0,ROUND(C3587/D3587,6),"")
33433	Miami-Fort Lauderdale-Pompano Beach, FL	46808	9.449	=IF(D3588>0,ROUND(C3588/D3588,6),"")
33434	Miami-Fort Lauderdale-Pompano Beach, FL	21805	6.907	=IF(D3589>0,ROUND(C3589/D3589,6),"")
33435	Miami-Fort Lauderdale-Pompano Beach, FL	36984	6.517	=IF(D3590>0,ROUND(C3590/D3590,6),"")
33436	Miami-Fort Lauderdale-Pompano Beach, FL	47495	11.762	=IF(D3591>0,ROUND(C3591/D3591,6),"")
33437	Miami-Fort Lauderdale-Pompano Beach, FL	37862	10.753	=IF(D3592>0,ROUND(C3592/D3592,6),"")
33441	Miami-Fort Lauderdale-Pompano Beach, FL	30214	4.794	=IF(D3593>0,ROUND(C3593/D3593,6),"")
33442	Miami-Fort Lauderdale-Pompano Beach, FL	31146	6.869	=IF(D3594>0,ROUND(C3594/D3594,6),"")
33444	Miami-Fort Lauderdale-Pompano Beach, FL	23231	5.003	=IF(D3595>0,ROUND(C3595/D3595,6),"")
33445	Miami-Fort Lauderdale-Pompano Beach, FL	31604	8.082	=IF(D3596>0,ROUND(C3596/D3596,6),"")
33446	Miami-Fort Lauderdale-Pompano Beach, FL	28018	18.793	=IF(D3597>0,ROUND(C3597/D3597,6),"")
33449	Miami-Fort Lauderdale-Pompano Beach, FL	9131	16.29	=IF(D3598>0,ROUND(C3598/D3598,6),"")
33455	Port St. Lucie, FL	20980	56.582	=IF(D3599>0,ROUND(C3599/D3599,6),"")
33458	Miami-Fort Lauderdale-Pompano Beach, FL	55969	20.357	=IF(D3600>0,ROUND(C3600/D3600,6),"")
33460	Miami-Fort Lauderdale-Pompano Beach, FL	36934	4.732	=IF(D3601>0,ROUND(C3601/D3601,6),"")
33461	Miami-Fort Lauderdale-Pompano Beach, FL	49245	7.111	=IF(D3602>0,ROUND(C3602/D3602,6),"")
33462	Miami-Fort Lauderdale-Pompano Beach, FL	32495	8.557	=IF(D3603>0,ROUND(C3603/D3603,6),"")
33463	Miami-Fort Lauderdale-Pompano Beach, FL	64916	10.779	=IF(D3604>0,ROUND(C3604/D3604,6),"")
33467	Miami-Fort Lauderdale-Pompano Beach, FL	56447	18.714	=IF(D3605>0,ROUND(C3605/D3605,6),"")
33469	Port St. Lucie, FL	14567	10.815	=IF(D3606>0,ROUND(C3606/D3606,6),"")
33470	Miami-Fort Lauderdale-Pompano Beach, FL	33232	205.122	=IF(D3607>0,ROUND(C3607/D3607,6),"")
33472	Miami-Fort Lauderdale-Pompano Beach, FL	18689	14.174	=IF(D3608>0,ROUND(C3608/D3608,6),"")
33473	Miami-Fort Lauderdale-Pompano Beach, FL	11455	7.115	=IF(D3609>0,ROUND(C3609/D3609,6),"")
33476	Miami-Fort Lauderdale-Pompano Beach, FL	7131	22.192	=IF(D3610>0,ROUND(C3610/D3610,6),"")
33477	Miami-Fort Lauderdale-Pompano Beach, FL	12375	6.197	=IF(D3611>0,ROUND(C3611/D3611,6),"")
33478	Miami-Fort Lauderdale-Pompano Beach, FL	15205	64.573	=IF(D3612>0,ROUND(C3612/D3612,6),"")
33480	Miami-Fort Lauderdale-Pompano Beach, FL	10901	3.917	=IF(D3613>0,ROUND(C3613/D3613,6),"")
33483	Miami-Fort Lauderdale-Pompano Beach, FL	12595	3.814	=IF(D3614>0,ROUND(C3614/D3614,6),"")
33484	Miami-Fort Lauderdale-Pompano Beach, FL	25905	6.022	=IF(D3615>0,ROUND(C3615/D3615,6),"")
33486	Miami-Fort Lauderdale-Pompano Beach, FL	23252	5.351	=IF(D3616>0,ROUND(C3616/D3616,6),"")
33487	Miami-Fort Lauderdale-Pompano Beach, FL	20848	6.706	=IF(D3617>0,ROUND(C3617/D3617,6),"")
33493	Miami-Fort Lauderdale-Pompano Beach, FL	5070	244.227	=IF(D3618>0,ROUND(C3618/D3618,6),"")
33496	Miami-Fort Lauderdale-Pompano Beach, FL	24546	10.55	=IF(D3619>0,ROUND(C3619/D3619,6),"")
33498	Miami-Fort Lauderdale-Pompano Beach, FL	17192	10.008	=IF(D3620>0,ROUND(C3620/D3620,6),"")
33510	Tampa-St. Petersburg-Clearwater, FL	30585	7.572	=IF(D3621>0,ROUND(C3621/D3621,6),"")
33511	Tampa-St. Petersburg-Clearwater, FL	60399	16.045	=IF(D3622>0,ROUND(C3622/D3622,6),"")
33513	The Villages, FL	13647	85.494	=IF(D3623>0,ROUND(C3623/D3623,6),"")
33514	The Villages, FL	2310	42.294	=IF(D3624>0,ROUND(C3624/D3624,6),"")
33523	Tampa-St. Petersburg-Clearwater, FL	19296	105.399	=IF(D3625>0,ROUND(C3625/D3625,6),"")
33525	Tampa-St. Petersburg-Clearwater, FL	20220	96.037	=IF(D3626>0,ROUND(C3626/D3626,6),"")
33527	Tampa-St. Petersburg-Clearwater, FL	16412	31.437	=IF(D3627>0,ROUND(C3627/D3627,6),"")
33534	Tampa-St. Petersburg-Clearwater, FL	18018	13.178	=IF(D3628>0,ROUND(C3628/D3628,6),"")
33538	The Villages, FL	5748	89.014	=IF(D3629>0,ROUND(C3629/D3629,6),"")
33540	Tampa-St. Petersburg-Clearwater, FL	11098	36.073	=IF(D3630>0,ROUND(C3630/D3630,6),"")
33541	Tampa-St. Petersburg-Clearwater, FL	23913	23.766	=IF(D3631>0,ROUND(C3631/D3631,6),"")
33542	Tampa-St. Petersburg-Clearwater, FL	24306	10.432	=IF(D3632>0,ROUND(C3632/D3632,6),"")
33543	Tampa-St. Petersburg-Clearwater, FL	37473	26.26	=IF(D3633>0,ROUND(C3633/D3633,6),"")
33544	Tampa-St. Petersburg-Clearwater, FL	28612	28.756	=IF(D3634>0,ROUND(C3634/D3634,6),"")
33545	Tampa-St. Petersburg-Clearwater, FL	27536	26.589	=IF(D3635>0,ROUND(C3635/D3635,6),"")
33547	Tampa-St. Petersburg-Clearwater, FL	31268	160.579	=IF(D3636>0,ROUND(C3636/D3636,6),"")
33548	Tampa-St. Petersburg-Clearwater, FL	8678	7.607	=IF(D3637>0,ROUND(C3637/D3637,6),"")
33549	Tampa-St. Petersburg-Clearwater, FL	18816	12.205	=IF(D3638>0,ROUND(C3638/D3638,6),"")
33556	Tampa-St. Petersburg-Clearwater, FL	34045	60.305	=IF(D3639>0,ROUND(C3639/D3639,6),"")
33558	Tampa-St. Petersburg-Clearwater, FL	30912	18.144	=IF(D3640>0,ROUND(C3640/D3640,6),"")
33559	Tampa-St. Petersburg-Clearwater, FL	19147	11.947	=IF(D3641>0,ROUND(C3641/D3641,6),"")
33563	Tampa-St. Petersburg-Clearwater, FL	26313	15.087	=IF(D3642>0,ROUND(C3642/D3642,6),"")
33565	Tampa-St. Petersburg-Clearwater, FL	17716	78.332	=IF(D3643>0,ROUND(C3643/D3643,6),"")
33566	Tampa-St. Petersburg-Clearwater, FL	23727	23.675	=IF(D3644>0,ROUND(C3644/D3644,6),"")
33567	Tampa-St. Petersburg-Clearwater, FL	12292	41.59	=IF(D3645>0,ROUND(C3645/D3645,6),"")
33569	Tampa-St. Petersburg-Clearwater, FL	26613	13.926	=IF(D3646>0,ROUND(C3646/D3646,6),"")
33570	Tampa-St. Petersburg-Clearwater, FL	33676	41.972	=IF(D3647>0,ROUND(C3647/D3647,6),"")
33572	Tampa-St. Petersburg-Clearwater, FL	25045	13.077	=IF(D3648>0,ROUND(C3648/D3648,6),"")
33573	Tampa-St. Petersburg-Clearwater, FL	30820	16.801	=IF(D3649>0,ROUND(C3649/D3649,6),"")
33576	Tampa-St. Petersburg-Clearwater, FL	6415	20.724	=IF(D3650>0,ROUND(C3650/D3650,6),"")
33578	Tampa-St. Petersburg-Clearwater, FL	58474	20.75	=IF(D3651>0,ROUND(C3651/D3651,6),"")
33579	Tampa-St. Petersburg-Clearwater, FL	45373	21.598	=IF(D3652>0,ROUND(C3652/D3652,6),"")
33584	Tampa-St. Petersburg-Clearwater, FL	27172	19.191	=IF(D3653>0,ROUND(C3653/D3653,6),"")
33585	The Villages, FL	1424	35.418	=IF(D3654>0,ROUND(C3654/D3654,6),"")
33592	Tampa-St. Petersburg-Clearwater, FL	11931	53.109	=IF(D3655>0,ROUND(C3655/D3655,6),"")
33594	Tampa-St. Petersburg-Clearwater, FL	36289	10.231	=IF(D3656>0,ROUND(C3656/D3656,6),"")
33596	Tampa-St. Petersburg-Clearwater, FL	28152	11.364	=IF(D3657>0,ROUND(C3657/D3657,6),"")
33597	The Villages, FL	9424	154.374	=IF(D3658>0,ROUND(C3658/D3658,6),"")
33598	Tampa-St. Petersburg-Clearwater, FL	29119	84.203	=IF(D3659>0,ROUND(C3659/D3659,6),"")
33602	Tampa-St. Petersburg-Clearwater, FL	19694	2.592	=IF(D3660>0,ROUND(C3660/D3660,6),"")
33603	Tampa-St. Petersburg-Clearwater, FL	20267	4.132	=IF(D3661>0,ROUND(C3661/D3661,6),"")
33604	Tampa-St. Petersburg-Clearwater, FL	39411	7.467	=IF(D3662>0,ROUND(C3662/D3662,6),"")
33605	Tampa-St. Petersburg-Clearwater, FL	16623	7.841	=IF(D3663>0,ROUND(C3663/D3663,6),"")
33606	Tampa-St. Petersburg-Clearwater, FL	23511	3.276	=IF(D3664>0,ROUND(C3664/D3664,6),"")
33607	Tampa-St. Petersburg-Clearwater, FL	24960	9.276	=IF(D3665>0,ROUND(C3665/D3665,6),"")
33609	Tampa-St. Petersburg-Clearwater, FL	17922	3.998	=IF(D3666>0,ROUND(C3666/D3666,6),"")
33610	Tampa-St. Petersburg-Clearwater, FL	45396	18.001	=IF(D3667>0,ROUND(C3667/D3667,6),"")
33611	Tampa-St. Petersburg-Clearwater, FL	35428	6.283	=IF(D3668>0,ROUND(C3668/D3668,6),"")
33612	Tampa-St. Petersburg-Clearwater, FL	49899	9.947	=IF(D3669>0,ROUND(C3669/D3669,6),"")
33613	Tampa-St. Petersburg-Clearwater, FL	37212	7.455	=IF(D3670>0,ROUND(C3670/D3670,6),"")
33614	Tampa-St. Petersburg-Clearwater, FL	46218	9.736	=IF(D3671>0,ROUND(C3671/D3671,6),"")
33615	Tampa-St. Petersburg-Clearwater, FL	48122	8.563	=IF(D3672>0,ROUND(C3672/D3672,6),"")
33616	Tampa-St. Petersburg-Clearwater, FL	14789	3.927	=IF(D3673>0,ROUND(C3673/D3673,6),"")
33617	Tampa-St. Petersburg-Clearwater, FL	47880	8.833	=IF(D3674>0,ROUND(C3674/D3674,6),"")
33618	Tampa-St. Petersburg-Clearwater, FL	27588	8.466	=IF(D3675>0,ROUND(C3675/D3675,6),"")
33619	Tampa-St. Petersburg-Clearwater, FL	40302	27.435	=IF(D3676>0,ROUND(C3676/D3676,6),"")
33624	Tampa-St. Petersburg-Clearwater, FL	40533	9.069	=IF(D3677>0,ROUND(C3677/D3677,6),"")
33625	Tampa-St. Petersburg-Clearwater, FL	29341	9.042	=IF(D3678>0,ROUND(C3678/D3678,6),"")
33626	Tampa-St. Petersburg-Clearwater, FL	30736	12.305	=IF(D3679>0,ROUND(C3679/D3679,6),"")
33629	Tampa-St. Petersburg-Clearwater, FL	27356	4.81	=IF(D3680>0,ROUND(C3680/D3680,6),"")
33634	Tampa-St. Petersburg-Clearwater, FL	21643	8.443	=IF(D3681>0,ROUND(C3681/D3681,6),"")
33635	Tampa-St. Petersburg-Clearwater, FL	19415	6.391	=IF(D3682>0,ROUND(C3682/D3682,6),"")
33637	Tampa-St. Petersburg-Clearwater, FL	17785	7.833	=IF(D3683>0,ROUND(C3683/D3683,6),"")
33647	Tampa-St. Petersburg-Clearwater, FL	74919	32.371	=IF(D3684>0,ROUND(C3684/D3684,6),"")
33701	Tampa-St. Petersburg-Clearwater, FL	18485	2.666	=IF(D3685>0,ROUND(C3685/D3685,6),"")
33702	Tampa-St. Petersburg-Clearwater, FL	31233	10.383	=IF(D3686>0,ROUND(C3686/D3686,6),"")
33703	Tampa-St. Petersburg-Clearwater, FL	25948	5.017	=IF(D3687>0,ROUND(C3687/D3687,6),"")
33704	Tampa-St. Petersburg-Clearwater, FL	16300	3.422	=IF(D3688>0,ROUND(C3688/D3688,6),"")
33705	Tampa-St. Petersburg-Clearwater, FL	27024	5.582	=IF(D3689>0,ROUND(C3689/D3689,6),"")
33706	Tampa-St. Petersburg-Clearwater, FL	15347	3.657	=IF(D3690>0,ROUND(C3690/D3690,6),"")
33707	Tampa-St. Petersburg-Clearwater, FL	24456	5.281	=IF(D3691>0,ROUND(C3691/D3691,6),"")
33708	Tampa-St. Petersburg-Clearwater, FL	15306	3.407	=IF(D3692>0,ROUND(C3692/D3692,6),"")
33709	Tampa-St. Petersburg-Clearwater, FL	25371	5.12	=IF(D3693>0,ROUND(C3693/D3693,6),"")
33710	Tampa-St. Petersburg-Clearwater, FL	35113	7.973	=IF(D3694>0,ROUND(C3694/D3694,6),"")
33711	Tampa-St. Petersburg-Clearwater, FL	18347	4.704	=IF(D3695>0,ROUND(C3695/D3695,6),"")
33712	Tampa-St. Petersburg-Clearwater, FL	25871	6.398	=IF(D3696>0,ROUND(C3696/D3696,6),"")
33713	Tampa-St. Petersburg-Clearwater, FL	31835	6.536	=IF(D3697>0,ROUND(C3697/D3697,6),"")
33714	Tampa-St. Petersburg-Clearwater, FL	20103	3.652	=IF(D3698>0,ROUND(C3698/D3698,6),"")
33715	Tampa-St. Petersburg-Clearwater, FL	7932	3.796	=IF(D3699>0,ROUND(C3699/D3699,6),"")
33716	Tampa-St. Petersburg-Clearwater, FL	18995	7.154	=IF(D3700>0,ROUND(C3700/D3700,6),"")
33755	Tampa-St. Petersburg-Clearwater, FL	28057	5.469	=IF(D3701>0,ROUND(C3701/D3701,6),"")
33756	Tampa-St. Petersburg-Clearwater, FL	32928	7.212	=IF(D3702>0,ROUND(C3702/D3702,6),"")
33759	Tampa-St. Petersburg-Clearwater, FL	17647	5.276	=IF(D3703>0,ROUND(C3703/D3703,6),"")
33760	Tampa-St. Petersburg-Clearwater, FL	19486	5.635	=IF(D3704>0,ROUND(C3704/D3704,6),"")
33761	Tampa-St. Petersburg-Clearwater, FL	18399	5.06	=IF(D3705>0,ROUND(C3705/D3705,6),"")
33762	Tampa-St. Petersburg-Clearwater, FL	5039	7.089	=IF(D3706>0,ROUND(C3706/D3706,6),"")
33763	Tampa-St. Petersburg-Clearwater, FL	21278	3.355	=IF(D3707>0,ROUND(C3707/D3707,6),"")
33764	Tampa-St. Petersburg-Clearwater, FL	27365	6.313	=IF(D3708>0,ROUND(C3708/D3708,6),"")
33765	Tampa-St. Petersburg-Clearwater, FL	14364	4.177	=IF(D3709>0,ROUND(C3709/D3709,6),"")
33767	Tampa-St. Petersburg-Clearwater, FL	7409	2.007	=IF(D3710>0,ROUND(C3710/D3710,6),"")
33770	Tampa-St. Petersburg-Clearwater, FL	25005	5.2	=IF(D3711>0,ROUND(C3711/D3711,6),"")
33771	Tampa-St. Petersburg-Clearwater, FL	27908	5.992	=IF(D3712>0,ROUND(C3712/D3712,6),"")
33772	Tampa-St. Petersburg-Clearwater, FL	23428	5.277	=IF(D3713>0,ROUND(C3713/D3713,6),"")
33773	Tampa-St. Petersburg-Clearwater, FL	16918	5.057	=IF(D3714>0,ROUND(C3714/D3714,6),"")
33774	Tampa-St. Petersburg-Clearwater, FL	20018	4.586	=IF(D3715>0,ROUND(C3715/D3715,6),"")
33776	Tampa-St. Petersburg-Clearwater, FL	12711	3.387	=IF(D3716>0,ROUND(C3716/D3716,6),"")
33777	Tampa-St. Petersburg-Clearwater, FL	18276	5.502	=IF(D3717>0,ROUND(C3717/D3717,6),"")
33778	Tampa-St. Petersburg-Clearwater, FL	16054	3.763	=IF(D3718>0,ROUND(C3718/D3718,6),"")
33781	Tampa-St. Petersburg-Clearwater, FL	27357	6.573	=IF(D3719>0,ROUND(C3719/D3719,6),"")
33782	Tampa-St. Petersburg-Clearwater, FL	22607	5.387	=IF(D3720>0,ROUND(C3720/D3720,6),"")
33785	Tampa-St. Petersburg-Clearwater, FL	4871	1.179	=IF(D3721>0,ROUND(C3721/D3721,6),"")
33786	Tampa-St. Petersburg-Clearwater, FL	1564	0.536	=IF(D3722>0,ROUND(C3722/D3722,6),"")
33801	Lakeland-Winter Haven, FL	33460	18.928	=IF(D3723>0,ROUND(C3723/D3723,6),"")
33803	Lakeland-Winter Haven, FL	29058	16.592	=IF(D3724>0,ROUND(C3724/D3724,6),"")
33805	Lakeland-Winter Haven, FL	27391	26.195	=IF(D3725>0,ROUND(C3725/D3725,6),"")
33809	Lakeland-Winter Haven, FL	30498	65.86	=IF(D3726>0,ROUND(C3726/D3726,6),"")
33810	Lakeland-Winter Haven, FL	52734	64.64	=IF(D3727>0,ROUND(C3727/D3727,6),"")
33811	Lakeland-Winter Haven, FL	28456	26.941	=IF(D3728>0,ROUND(C3728/D3728,6),"")
33812	Lakeland-Winter Haven, FL	14836	9.673	=IF(D3729>0,ROUND(C3729/D3729,6),"")
33813	Lakeland-Winter Haven, FL	38112	21.004	=IF(D3730>0,ROUND(C3730/D3730,6),"")
33815	Lakeland-Winter Haven, FL	14457	7.381	=IF(D3731>0,ROUND(C3731/D3731,6),"")
33823	Lakeland-Winter Haven, FL	39146	34.911	=IF(D3732>0,ROUND(C3732/D3732,6),"")
33827	Lakeland-Winter Haven, FL	2438	31.83	=IF(D3733>0,ROUND(C3733/D3733,6),"")
33830	Lakeland-Winter Haven, FL	32738	120.533	=IF(D3734>0,ROUND(C3734/D3734,6),"")
33837	Lakeland-Winter Haven, FL	45144	51.507	=IF(D3735>0,ROUND(C3735/D3735,6),"")
33838	Lakeland-Winter Haven, FL	5431	7.33	=IF(D3736>0,ROUND(C3736/D3736,6),"")
33839	Lakeland-Winter Haven, FL	4397	3.106	=IF(D3737>0,ROUND(C3737/D3737,6),"")
33840	Lakeland-Winter Haven, FL	0	0.061	=IF(D3738>0,ROUND(C3738/D3738,6),"")
33841	Lakeland-Winter Haven, FL	8268	168.366	=IF(D3739>0,ROUND(C3739/D3739,6),"")
33843	Lakeland-Winter Haven, FL	11072	124.098	=IF(D3740>0,ROUND(C3740/D3740,6),"")
33844	Lakeland-Winter Haven, FL	49133	97.129	=IF(D3741>0,ROUND(C3741/D3741,6),"")
33848	Orlando-Kissimmee-Sanford, FL	326	10.912	=IF(D3742>0,ROUND(C3742/D3742,6),"")
33849	Lakeland-Winter Haven, FL	736	22.449	=IF(D3743>0,ROUND(C3743/D3743,6),"")
33850	Lakeland-Winter Haven, FL	9825	16.8	=IF(D3744>0,ROUND(C3744/D3744,6),"")
33851	Lakeland-Winter Haven, FL	1109	1.3	=IF(D3745>0,ROUND(C3745/D3745,6),"")
33853	Lakeland-Winter Haven, FL	12385	8.654	=IF(D3746>0,ROUND(C3746/D3746,6),"")
33854	Lakeland-Winter Haven, FL	481	0.157	=IF(D3747>0,ROUND(C3747/D3747,6),"")
33855	Lakeland-Winter Haven, FL	33	2.037	=IF(D3748>0,ROUND(C3748/D3748,6),"")
33859	Lakeland-Winter Haven, FL	10827	45.457	=IF(D3749>0,ROUND(C3749/D3749,6),"")
33860	Lakeland-Winter Haven, FL	25617	98.408	=IF(D3750>0,ROUND(C3750/D3750,6),"")
33868	Lakeland-Winter Haven, FL	13676	182.51	=IF(D3751>0,ROUND(C3751/D3751,6),"")
33880	Lakeland-Winter Haven, FL	42336	32.401	=IF(D3752>0,ROUND(C3752/D3752,6),"")
33881	Lakeland-Winter Haven, FL	39189	21.907	=IF(D3753>0,ROUND(C3753/D3753,6),"")
33884	Lakeland-Winter Haven, FL	36395	24.934	=IF(D3754>0,ROUND(C3754/D3754,6),"")
33896	Lakeland-Winter Haven, FL	23074	20.2	=IF(D3755>0,ROUND(C3755/D3755,6),"")
33897	Lakeland-Winter Haven, FL	29206	41.801	=IF(D3756>0,ROUND(C3756/D3756,6),"")
33898	Lakeland-Winter Haven, FL	18426	296.924	=IF(D3757>0,ROUND(C3757/D3757,6),"")
33901	Cape Coral-Fort Myers, FL	24401	6.244	=IF(D3758>0,ROUND(C3758/D3758,6),"")
33903	Cape Coral-Fort Myers, FL	23199	11.33	=IF(D3759>0,ROUND(C3759/D3759,6),"")
33904	Cape Coral-Fort Myers, FL	32925	9.732	=IF(D3760>0,ROUND(C3760/D3760,6),"")
33905	Cape Coral-Fort Myers, FL	40908	40.163	=IF(D3761>0,ROUND(C3761/D3761,6),"")
33907	Cape Coral-Fort Myers, FL	24828	7.343	=IF(D3762>0,ROUND(C3762/D3762,6),"")
33908	Cape Coral-Fort Myers, FL	38319	34.229	=IF(D3763>0,ROUND(C3763/D3763,6),"")
33909	Cape Coral-Fort Myers, FL	36917	37.824	=IF(D3764>0,ROUND(C3764/D3764,6),"")
33912	Cape Coral-Fort Myers, FL	19150	21.223	=IF(D3765>0,ROUND(C3765/D3765,6),"")
33913	Cape Coral-Fort Myers, FL	28172	101.114	=IF(D3766>0,ROUND(C3766/D3766,6),"")
33914	Cape Coral-Fort Myers, FL	44439	22.426	=IF(D3767>0,ROUND(C3767/D3767,6),"")
33916	Cape Coral-Fort Myers, FL	27642	10.281	=IF(D3768>0,ROUND(C3768/D3768,6),"")
33917	Cape Coral-Fort Myers, FL	31902	65.531	=IF(D3769>0,ROUND(C3769/D3769,6),"")
33919	Cape Coral-Fort Myers, FL	30300	8.756	=IF(D3770>0,ROUND(C3770/D3770,6),"")
33920	Cape Coral-Fort Myers, FL	7689	62.088	=IF(D3771>0,ROUND(C3771/D3771,6),"")
33921	Cape Coral-Fort Myers, FL	633	2.761	=IF(D3772>0,ROUND(C3772/D3772,6),"")
33922	Cape Coral-Fort Myers, FL	4179	20.854	=IF(D3773>0,ROUND(C3773/D3773,6),"")
33924	Cape Coral-Fort Myers, FL	139	2.774	=IF(D3774>0,ROUND(C3774/D3774,6),"")
33928	Cape Coral-Fort Myers, FL	30786	41.681	=IF(D3775>0,ROUND(C3775/D3775,6),"")
33931	Cape Coral-Fort Myers, FL	8763	10.292	=IF(D3776>0,ROUND(C3776/D3776,6),"")
33936	Cape Coral-Fort Myers, FL	27287	36.145	=IF(D3777>0,ROUND(C3777/D3777,6),"")
33946	Punta Gorda, FL	2745	10.759	=IF(D3778>0,ROUND(C3778/D3778,6),"")
33947	Punta Gorda, FL	10490	13.296	=IF(D3779>0,ROUND(C3779/D3779,6),"")
33948	Punta Gorda, FL	18732	12.967	=IF(D3780>0,ROUND(C3780/D3780,6),"")
33950	Punta Gorda, FL	24492	17.846	=IF(D3781>0,ROUND(C3781/D3781,6),"")
33952	Punta Gorda, FL	33991	11.025	=IF(D3782>0,ROUND(C3782/D3782,6),"")
33953	Punta Gorda, FL	7018	16.144	=IF(D3783>0,ROUND(C3783/D3783,6),"")
33954	Punta Gorda, FL	11604	8.609	=IF(D3784>0,ROUND(C3784/D3784,6),"")
33955	Punta Gorda, FL	10503	78.41	=IF(D3785>0,ROUND(C3785/D3785,6),"")
33956	Cape Coral-Fort Myers, FL	3846	16.283	=IF(D3786>0,ROUND(C3786/D3786,6),"")
33957	Cape Coral-Fort Myers, FL	6402	16.229	=IF(D3787>0,ROUND(C3787/D3787,6),"")
33966	Cape Coral-Fort Myers, FL	11901	8.758	=IF(D3788>0,ROUND(C3788/D3788,6),"")
33967	Cape Coral-Fort Myers, FL	27337	7.643	=IF(D3789>0,ROUND(C3789/D3789,6),"")
33971	Cape Coral-Fort Myers, FL	28377	16.976	=IF(D3790>0,ROUND(C3790/D3790,6),"")
33972	Cape Coral-Fort Myers, FL	16523	25.28	=IF(D3791>0,ROUND(C3791/D3791,6),"")
33973	Cape Coral-Fort Myers, FL	15020	3.799	=IF(D3792>0,ROUND(C3792/D3792,6),"")
33974	Cape Coral-Fort Myers, FL	19330	22.389	=IF(D3793>0,ROUND(C3793/D3793,6),"")
33976	Cape Coral-Fort Myers, FL	18493	9.278	=IF(D3794>0,ROUND(C3794/D3794,6),"")
33980	Punta Gorda, FL	13235	9.155	=IF(D3795>0,ROUND(C3795/D3795,6),"")
33981	Punta Gorda, FL	14468	45.443	=IF(D3796>0,ROUND(C3796/D3796,6),"")
33982	Punta Gorda, FL	12543	407.115	=IF(D3797>0,ROUND(C3797/D3797,6),"")
33983	Punta Gorda, FL	18230	10.633	=IF(D3798>0,ROUND(C3798/D3798,6),"")
33990	Cape Coral-Fort Myers, FL	35428	9.347	=IF(D3799>0,ROUND(C3799/D3799,6),"")
33991	Cape Coral-Fort Myers, FL	25991	12.815	=IF(D3800>0,ROUND(C3800/D3800,6),"")
33993	Cape Coral-Fort Myers, FL	33045	43.675	=IF(D3801>0,ROUND(C3801/D3801,6),"")
34102	Naples-Marco Island, FL	10804	5.645	=IF(D3802>0,ROUND(C3802/D3802,6),"")
34103	Naples-Marco Island, FL	11289	3.88	=IF(D3803>0,ROUND(C3803/D3803,6),"")
34104	Naples-Marco Island, FL	25873	9.857	=IF(D3804>0,ROUND(C3804/D3804,6),"")
34105	Naples-Marco Island, FL	16102	9.486	=IF(D3805>0,ROUND(C3805/D3805,6),"")
34108	Naples-Marco Island, FL	16549	7.837	=IF(D3806>0,ROUND(C3806/D3806,6),"")
34109	Naples-Marco Island, FL	26644	12.534	=IF(D3807>0,ROUND(C3807/D3807,6),"")
34110	Naples-Marco Island, FL	24681	16.018	=IF(D3808>0,ROUND(C3808/D3808,6),"")
34112	Naples-Marco Island, FL	25946	14.844	=IF(D3809>0,ROUND(C3809/D3809,6),"")
34113	Naples-Marco Island, FL	25202	25.874	=IF(D3810>0,ROUND(C3810/D3810,6),"")
34114	Naples-Marco Island, FL	22296	176.572	=IF(D3811>0,ROUND(C3811/D3811,6),"")
34116	Naples-Marco Island, FL	34872	9.283	=IF(D3812>0,ROUND(C3812/D3812,6),"")
34117	Naples-Marco Island, FL	19680	137.381	=IF(D3813>0,ROUND(C3813/D3813,6),"")
34119	Naples-Marco Island, FL	35914	22.549	=IF(D3814>0,ROUND(C3814/D3814,6),"")
34120	Naples-Marco Island, FL	39919	140.823	=IF(D3815>0,ROUND(C3815/D3815,6),"")
34134	Cape Coral-Fort Myers, FL	16403	13.448	=IF(D3816>0,ROUND(C3816/D3816,6),"")
34135	Cape Coral-Fort Myers, FL	46983	61.781	=IF(D3817>0,ROUND(C3817/D3817,6),"")
34138	Naples-Marco Island, FL	911	0.279	=IF(D3818>0,ROUND(C3818/D3818,6),"")
34139	Naples-Marco Island, FL	248	1.435	=IF(D3819>0,ROUND(C3819/D3819,6),"")
34140	Naples-Marco Island, FL	89	1.331	=IF(D3820>0,ROUND(C3820/D3820,6),"")
34142	Naples-Marco Island, FL	33270	625.981	=IF(D3821>0,ROUND(C3821/D3821,6),"")
34145	Naples-Marco Island, FL	15998	16.265	=IF(D3822>0,ROUND(C3822/D3822,6),"")
34201	North Port-Sarasota-Bradenton, FL	3993	3.422	=IF(D3823>0,ROUND(C3823/D3823,6),"")
34202	North Port-Sarasota-Bradenton, FL	27237	23.1	=IF(D3824>0,ROUND(C3824/D3824,6),"")
34203	North Port-Sarasota-Bradenton, FL	39109	15.473	=IF(D3825>0,ROUND(C3825/D3825,6),"")
34205	North Port-Sarasota-Bradenton, FL	30607	6.457	=IF(D3826>0,ROUND(C3826/D3826,6),"")
34207	North Port-Sarasota-Bradenton, FL	33840	6.168	=IF(D3827>0,ROUND(C3827/D3827,6),"")
34208	North Port-Sarasota-Bradenton, FL	43779	16.484	=IF(D3828>0,ROUND(C3828/D3828,6),"")
34209	North Port-Sarasota-Bradenton, FL	33586	12.622	=IF(D3829>0,ROUND(C3829/D3829,6),"")
34210	North Port-Sarasota-Bradenton, FL	17301	8.887	=IF(D3830>0,ROUND(C3830/D3830,6),"")
34211	North Port-Sarasota-Bradenton, FL	20786	34.032	=IF(D3831>0,ROUND(C3831/D3831,6),"")
34212	North Port-Sarasota-Bradenton, FL	24467	22.258	=IF(D3832>0,ROUND(C3832/D3832,6),"")
34215	North Port-Sarasota-Bradenton, FL	759	0.592	=IF(D3833>0,ROUND(C3833/D3833,6),"")
34216	North Port-Sarasota-Bradenton, FL	900	0.859	=IF(D3834>0,ROUND(C3834/D3834,6),"")
34217	North Port-Sarasota-Bradenton, FL	3774	2.101	=IF(D3835>0,ROUND(C3835/D3835,6),"")
34219	North Port-Sarasota-Bradenton, FL	30220	210.628	=IF(D3836>0,ROUND(C3836/D3836,6),"")
34221	North Port-Sarasota-Bradenton, FL	54923	53.899	=IF(D3837>0,ROUND(C3837/D3837,6),"")
34222	North Port-Sarasota-Bradenton, FL	14529	5.319	=IF(D3838>0,ROUND(C3838/D3838,6),"")
34223	North Port-Sarasota-Bradenton, FL	19036	41.871	=IF(D3839>0,ROUND(C3839/D3839,6),"")
34224	Punta Gorda, FL	15971	12.842	=IF(D3840>0,ROUND(C3840/D3840,6),"")
34228	North Port-Sarasota-Bradenton, FL	7512	4.078	=IF(D3841>0,ROUND(C3841/D3841,6),"")
34229	North Port-Sarasota-Bradenton, FL	7237	5.96	=IF(D3842>0,ROUND(C3842/D3842,6),"")
34231	North Port-Sarasota-Bradenton, FL	32203	9.448	=IF(D3843>0,ROUND(C3843/D3843,6),"")
34232	North Port-Sarasota-Bradenton, FL	34779	11.033	=IF(D3844>0,ROUND(C3844/D3844,6),"")
34233	North Port-Sarasota-Bradenton, FL	18875	6.121	=IF(D3845>0,ROUND(C3845/D3845,6),"")
34234	North Port-Sarasota-Bradenton, FL	22051	6.534	=IF(D3846>0,ROUND(C3846/D3846,6),"")
34235	North Port-Sarasota-Bradenton, FL	15114	6.212	=IF(D3847>0,ROUND(C3847/D3847,6),"")
34236	North Port-Sarasota-Bradenton, FL	13916	3.556	=IF(D3848>0,ROUND(C3848/D3848,6),"")
34237	North Port-Sarasota-Bradenton, FL	17568	3.939	=IF(D3849>0,ROUND(C3849/D3849,6),"")
34238	North Port-Sarasota-Bradenton, FL	22808	13.206	=IF(D3850>0,ROUND(C3850/D3850,6),"")
34239	North Port-Sarasota-Bradenton, FL	14795	4.444	=IF(D3851>0,ROUND(C3851/D3851,6),"")
34240	North Port-Sarasota-Bradenton, FL	16356	66.479	=IF(D3852>0,ROUND(C3852/D3852,6),"")
34241	North Port-Sarasota-Bradenton, FL	15651	70.122	=IF(D3853>0,ROUND(C3853/D3853,6),"")
34242	North Port-Sarasota-Bradenton, FL	7672	3.575	=IF(D3854>0,ROUND(C3854/D3854,6),"")
34243	North Port-Sarasota-Bradenton, FL	31773	17.973	=IF(D3855>0,ROUND(C3855/D3855,6),"")
34250	North Port-Sarasota-Bradenton, FL	416	1.273	=IF(D3856>0,ROUND(C3856/D3856,6),"")
34251	North Port-Sarasota-Bradenton, FL	6439	299.019	=IF(D3857>0,ROUND(C3857/D3857,6),"")
34275	North Port-Sarasota-Bradenton, FL	21583	25.681	=IF(D3858>0,ROUND(C3858/D3858,6),"")
34285	North Port-Sarasota-Bradenton, FL	18821	8.332	=IF(D3859>0,ROUND(C3859/D3859,6),"")
34286	North Port-Sarasota-Bradenton, FL	22347	27.442	=IF(D3860>0,ROUND(C3860/D3860,6),"")
34287	North Port-Sarasota-Bradenton, FL	26241	17.43	=IF(D3861>0,ROUND(C3861/D3861,6),"")
34288	North Port-Sarasota-Bradenton, FL	16597	19.288	=IF(D3862>0,ROUND(C3862/D3862,6),"")
34289	North Port-Sarasota-Bradenton, FL	4362	3.59	=IF(D3863>0,ROUND(C3863/D3863,6),"")
34291	North Port-Sarasota-Bradenton, FL	8089	18.053	=IF(D3864>0,ROUND(C3864/D3864,6),"")
34292	North Port-Sarasota-Bradenton, FL	17281	32.494	=IF(D3865>0,ROUND(C3865/D3865,6),"")
34293	North Port-Sarasota-Bradenton, FL	48725	32.604	=IF(D3866>0,ROUND(C3866/D3866,6),"")
34420	Ocala, FL	19167	24.064	=IF(D3867>0,ROUND(C3867/D3867,6),"")
34428	Homosassa Springs, FL	9325	67.131	=IF(D3868>0,ROUND(C3868/D3868,6),"")
34429	Homosassa Springs, FL	9494	41.37	=IF(D3869>0,ROUND(C3869/D3869,6),"")
34431	Ocala, FL	8663	104.158	=IF(D3870>0,ROUND(C3870/D3870,6),"")
34432	Ocala, FL	13197	105.082	=IF(D3871>0,ROUND(C3871/D3871,6),"")
34433	Homosassa Springs, FL	8218	33.689	=IF(D3872>0,ROUND(C3872/D3872,6),"")
34434	Homosassa Springs, FL	10701	26.289	=IF(D3873>0,ROUND(C3873/D3873,6),"")
34436	Homosassa Springs, FL	8170	55.093	=IF(D3874>0,ROUND(C3874/D3874,6),"")
34442	Homosassa Springs, FL	16356	36.432	=IF(D3875>0,ROUND(C3875/D3875,6),"")
34446	Homosassa Springs, FL	18797	29.847	=IF(D3876>0,ROUND(C3876/D3876,6),"")
34448	Homosassa Springs, FL	10741	72.339	=IF(D3877>0,ROUND(C3877/D3877,6),"")
34449	Gainesville, FL	3508	130.666	=IF(D3878>0,ROUND(C3878/D3878,6),"")
34450	Homosassa Springs, FL	10408	31.186	=IF(D3879>0,ROUND(C3879/D3879,6),"")
34452	Homosassa Springs, FL	13729	58.939	=IF(D3880>0,ROUND(C3880/D3880,6),"")
34453	Homosassa Springs, FL	10473	27.098	=IF(D3881>0,ROUND(C3881/D3881,6),"")
34461	Homosassa Springs, FL	13289	45.757	=IF(D3882>0,ROUND(C3882/D3882,6),"")
34465	Homosassa Springs, FL	18514	24.315	=IF(D3883>0,ROUND(C3883/D3883,6),"")
34470	Ocala, FL	21521	13.418	=IF(D3884>0,ROUND(C3884/D3884,6),"")
34471	Ocala, FL	26031	19.821	=IF(D3885>0,ROUND(C3885/D3885,6),"")
34472	Ocala, FL	34665	36.284	=IF(D3886>0,ROUND(C3886/D3886,6),"")
34473	Ocala, FL	25030	35.842	=IF(D3887>0,ROUND(C3887/D3887,6),"")
34474	Ocala, FL	20497	20.963	=IF(D3888>0,ROUND(C3888/D3888,6),"")
34475	Ocala, FL	14812	27.804	=IF(D3889>0,ROUND(C3889/D3889,6),"")
34476	Ocala, FL	26397	34.573	=IF(D3890>0,ROUND(C3890/D3890,6),"")
34479	Ocala, FL	13265	17.912	=IF(D3891>0,ROUND(C3891/D3891,6),"")
34480	Ocala, FL	23749	35.175	=IF(D3892>0,ROUND(C3892/D3892,6),"")
34481	Ocala, FL	25668	69.23	=IF(D3893>0,ROUND(C3893/D3893,6),"")
34482	Ocala, FL	21824	92.965	=IF(D3894>0,ROUND(C3894/D3894,6),"")
34484	The Villages, FL	5409	32.152	=IF(D3895>0,ROUND(C3895/D3895,6),"")
34488	Ocala, FL	11525	85.643	=IF(D3896>0,ROUND(C3896/D3896,6),"")
34491	Ocala, FL	32369	44.925	=IF(D3897>0,ROUND(C3897/D3897,6),"")
34498	Gainesville, FL	666	7.344	=IF(D3898>0,ROUND(C3898/D3898,6),"")
34601	Tampa-St. Petersburg-Clearwater, FL	23648	113.976	=IF(D3899>0,ROUND(C3899/D3899,6),"")
34602	Tampa-St. Petersburg-Clearwater, FL	10391	66.704	=IF(D3900>0,ROUND(C3900/D3900,6),"")
34604	Tampa-St. Petersburg-Clearwater, FL	13964	36.336	=IF(D3901>0,ROUND(C3901/D3901,6),"")
34606	Tampa-St. Petersburg-Clearwater, FL	28155	11.569	=IF(D3902>0,ROUND(C3902/D3902,6),"")
34607	Tampa-St. Petersburg-Clearwater, FL	9046	63.737	=IF(D3903>0,ROUND(C3903/D3903,6),"")
34608	Tampa-St. Petersburg-Clearwater, FL	36565	15.237	=IF(D3904>0,ROUND(C3904/D3904,6),"")
34609	Tampa-St. Petersburg-Clearwater, FL	46066	22.187	=IF(D3905>0,ROUND(C3905/D3905,6),"")
34610	Tampa-St. Petersburg-Clearwater, FL	16544	68.031	=IF(D3906>0,ROUND(C3906/D3906,6),"")
34613	Tampa-St. Petersburg-Clearwater, FL	18280	37.157	=IF(D3907>0,ROUND(C3907/D3907,6),"")
34614	Tampa-St. Petersburg-Clearwater, FL	9561	54.93	=IF(D3908>0,ROUND(C3908/D3908,6),"")
34637	Tampa-St. Petersburg-Clearwater, FL	11398	14.782	=IF(D3909>0,ROUND(C3909/D3909,6),"")
34638	Tampa-St. Petersburg-Clearwater, FL	35900	46.284	=IF(D3910>0,ROUND(C3910/D3910,6),"")
34639	Tampa-St. Petersburg-Clearwater, FL	31118	27.063	=IF(D3911>0,ROUND(C3911/D3911,6),"")
34652	Tampa-St. Petersburg-Clearwater, FL	25900	8.586	=IF(D3912>0,ROUND(C3912/D3912,6),"")
34653	Tampa-St. Petersburg-Clearwater, FL	36086	10.941	=IF(D3913>0,ROUND(C3913/D3913,6),"")
34654	Tampa-St. Petersburg-Clearwater, FL	24357	25.318	=IF(D3914>0,ROUND(C3914/D3914,6),"")
34655	Tampa-St. Petersburg-Clearwater, FL	47696	26.977	=IF(D3915>0,ROUND(C3915/D3915,6),"")
34661	Tampa-St. Petersburg-Clearwater, FL	246	8.969	=IF(D3916>0,ROUND(C3916/D3916,6),"")
34667	Tampa-St. Petersburg-Clearwater, FL	30674	30.523	=IF(D3917>0,ROUND(C3917/D3917,6),"")
34668	Tampa-St. Petersburg-Clearwater, FL	48025	15.516	=IF(D3918>0,ROUND(C3918/D3918,6),"")
34669	Tampa-St. Petersburg-Clearwater, FL	14225	18.749	=IF(D3919>0,ROUND(C3919/D3919,6),"")
34677	Tampa-St. Petersburg-Clearwater, FL	22337	12.63	=IF(D3920>0,ROUND(C3920/D3920,6),"")
34681	Tampa-St. Petersburg-Clearwater, FL	1331	0.725	=IF(D3921>0,ROUND(C3921/D3921,6),"")
34683	Tampa-St. Petersburg-Clearwater, FL	34180	10.289	=IF(D3922>0,ROUND(C3922/D3922,6),"")
34684	Tampa-St. Petersburg-Clearwater, FL	26926	6.736	=IF(D3923>0,ROUND(C3923/D3923,6),"")
34685	Tampa-St. Petersburg-Clearwater, FL	17895	10.065	=IF(D3924>0,ROUND(C3924/D3924,6),"")
34688	Tampa-St. Petersburg-Clearwater, FL	8767	15.838	=IF(D3925>0,ROUND(C3925/D3925,6),"")
34689	Tampa-St. Petersburg-Clearwater, FL	27007	10.549	=IF(D3926>0,ROUND(C3926/D3926,6),"")
34690	Tampa-St. Petersburg-Clearwater, FL	12447	3.428	=IF(D3927>0,ROUND(C3927/D3927,6),"")
34691	Tampa-St. Petersburg-Clearwater, FL	20072	7.785	=IF(D3928>0,ROUND(C3928/D3928,6),"")
34695	Tampa-St. Petersburg-Clearwater, FL	17882	5.583	=IF(D3929>0,ROUND(C3929/D3929,6),"")
34698	Tampa-St. Petersburg-Clearwater, FL	37817	11.181	=IF(D3930>0,ROUND(C3930/D3930,6),"")
34705	Orlando-Kissimmee-Sanford, FL	3212	19.85	=IF(D3931>0,ROUND(C3931/D3931,6),"")
34711	Orlando-Kissimmee-Sanford, FL	69727	39.21	=IF(D3932>0,ROUND(C3932/D3932,6),"")
34714	Orlando-Kissimmee-Sanford, FL	26826	124.675	=IF(D3933>0,ROUND(C3933/D3933,6),"")
34715	Orlando-Kissimmee-Sanford, FL	25407	31.549	=IF(D3934>0,ROUND(C3934/D3934,6),"")
34731	Orlando-Kissimmee-Sanford, FL	12239	15.805	=IF(D3935>0,ROUND(C3935/D3935,6),"")
34734	Orlando-Kissimmee-Sanford, FL	4031	1.862	=IF(D3936>0,ROUND(C3936/D3936,6),"")
34736	Orlando-Kissimmee-Sanford, FL	26086	115.065	=IF(D3937>0,ROUND(C3937/D3937,6),"")
34737	Orlando-Kissimmee-Sanford, FL	4182	23.07	=IF(D3938>0,ROUND(C3938/D3938,6),"")
34739	Orlando-Kissimmee-Sanford, FL	858	395.704	=IF(D3939>0,ROUND(C3939/D3939,6),"")
34741	Orlando-Kissimmee-Sanford, FL	56429	14.975	=IF(D3940>0,ROUND(C3940/D3940,6),"")
34743	Orlando-Kissimmee-Sanford, FL	40656	6.899	=IF(D3941>0,ROUND(C3941/D3941,6),"")
34744	Orlando-Kissimmee-Sanford, FL	62756	33.257	=IF(D3942>0,ROUND(C3942/D3942,6),"")
34746	Orlando-Kissimmee-Sanford, FL	57181	44.037	=IF(D3943>0,ROUND(C3943/D3943,6),"")
34747	Orlando-Kissimmee-Sanford, FL	27422	43.418	=IF(D3944>0,ROUND(C3944/D3944,6),"")
34748	Orlando-Kissimmee-Sanford, FL	45960	39.441	=IF(D3945>0,ROUND(C3945/D3945,6),"")
34753	Orlando-Kissimmee-Sanford, FL	7479	4.723	=IF(D3946>0,ROUND(C3946/D3946,6),"")
34756	Orlando-Kissimmee-Sanford, FL	4280	9.081	=IF(D3947>0,ROUND(C3947/D3947,6),"")
34758	Orlando-Kissimmee-Sanford, FL	46521	26.076	=IF(D3948>0,ROUND(C3948/D3948,6),"")
34759	Lakeland-Winter Haven, FL	41381	75.405	=IF(D3949>0,ROUND(C3949/D3949,6),"")
34760	Orlando-Kissimmee-Sanford, FL	778	0.56	=IF(D3950>0,ROUND(C3950/D3950,6),"")
34761	Orlando-Kissimmee-Sanford, FL	46313	17.455	=IF(D3951>0,ROUND(C3951/D3951,6),"")
34762	Orlando-Kissimmee-Sanford, FL	580	8.393	=IF(D3952>0,ROUND(C3952/D3952,6),"")
34769	Orlando-Kissimmee-Sanford, FL	29247	10.579	=IF(D3953>0,ROUND(C3953/D3953,6),"")
34771	Orlando-Kissimmee-Sanford, FL	31368	155.63	=IF(D3954>0,ROUND(C3954/D3954,6),"")
34772	Orlando-Kissimmee-Sanford, FL	33542	86.877	=IF(D3955>0,ROUND(C3955/D3955,6),"")
34773	Orlando-Kissimmee-Sanford, FL	5495	304.766	=IF(D3956>0,ROUND(C3956/D3956,6),"")
34785	The Villages, FL	17895	64.147	=IF(D3957>0,ROUND(C3957/D3957,6),"")
34786	Orlando-Kissimmee-Sanford, FL	43700	19.823	=IF(D3958>0,ROUND(C3958/D3958,6),"")
34787	Orlando-Kissimmee-Sanford, FL	93064	67.297	=IF(D3959>0,ROUND(C3959/D3959,6),"")
34788	Orlando-Kissimmee-Sanford, FL	21867	36.146	=IF(D3960>0,ROUND(C3960/D3960,6),"")
34797	Orlando-Kissimmee-Sanford, FL	1142	4.457	=IF(D3961>0,ROUND(C3961/D3961,6),"")
34945	Port St. Lucie, FL	6214	217.466	=IF(D3962>0,ROUND(C3962/D3962,6),"")
34946	Port St. Lucie, FL	6588	15.229	=IF(D3963>0,ROUND(C3963/D3963,6),"")
34947	Port St. Lucie, FL	13192	9.707	=IF(D3964>0,ROUND(C3964/D3964,6),"")
34949	Port St. Lucie, FL	7567	9.442	=IF(D3965>0,ROUND(C3965/D3965,6),"")
34950	Port St. Lucie, FL	17674	5.166	=IF(D3966>0,ROUND(C3966/D3966,6),"")
34951	Port St. Lucie, FL	16871	24.432	=IF(D3967>0,ROUND(C3967/D3967,6),"")
34952	Port St. Lucie, FL	41679	24.634	=IF(D3968>0,ROUND(C3968/D3968,6),"")
34953	Port St. Lucie, FL	82469	23.827	=IF(D3969>0,ROUND(C3969/D3969,6),"")
34956	Port St. Lucie, FL	9639	166.191	=IF(D3970>0,ROUND(C3970/D3970,6),"")
34957	Port St. Lucie, FL	23094	16.361	=IF(D3971>0,ROUND(C3971/D3971,6),"")
34981	Port St. Lucie, FL	6167	10.764	=IF(D3972>0,ROUND(C3972/D3972,6),"")
34982	Port St. Lucie, FL	27447	15.501	=IF(D3973>0,ROUND(C3973/D3973,6),"")
34983	Port St. Lucie, FL	47983	14.931	=IF(D3974>0,ROUND(C3974/D3974,6),"")
34984	Port St. Lucie, FL	19207	9.797	=IF(D3975>0,ROUND(C3975/D3975,6),"")
34986	Port St. Lucie, FL	29713	18.773	=IF(D3976>0,ROUND(C3976/D3976,6),"")
34987	Port St. Lucie, FL	17911	114.389	=IF(D3977>0,ROUND(C3977/D3977,6),"")
34990	Port St. Lucie, FL	29874	103.04	=IF(D3978>0,ROUND(C3978/D3978,6),"")
34994	Port St. Lucie, FL	18318	6.738	=IF(D3979>0,ROUND(C3979/D3979,6),"")
34996	Port St. Lucie, FL	10875	6.715	=IF(D3980>0,ROUND(C3980/D3980,6),"")
34997	Port St. Lucie, FL	45947	90.705	=IF(D3981>0,ROUND(C3981/D3981,6),"")
35004	Birmingham-Hoover, AL	11558	17.239	=IF(D3982>0,ROUND(C3982/D3982,6),"")
35005	Birmingham-Hoover, AL	8143	31.747	=IF(D3983>0,ROUND(C3983/D3983,6),"")
35006	Birmingham-Hoover, AL	3599	103.994	=IF(D3984>0,ROUND(C3984/D3984,6),"")
35007	Birmingham-Hoover, AL	27935	39.048	=IF(D3985>0,ROUND(C3985/D3985,6),"")
35014	Talladega-Sylacauga, AL	3353	78.869	=IF(D3986>0,ROUND(C3986/D3986,6),"")
35019	Cullman, AL	2497	28.259	=IF(D3987>0,ROUND(C3987/D3987,6),"")
35020	Birmingham-Hoover, AL	25308	16.557	=IF(D3988>0,ROUND(C3988/D3988,6),"")
35022	Birmingham-Hoover, AL	23989	64.166	=IF(D3989>0,ROUND(C3989/D3989,6),"")
35023	Birmingham-Hoover, AL	25221	91.69	=IF(D3990>0,ROUND(C3990/D3990,6),"")
35031	Birmingham-Hoover, AL	7937	130.328	=IF(D3991>0,ROUND(C3991/D3991,6),"")
35033	Cullman, AL	3237	74.394	=IF(D3992>0,ROUND(C3992/D3992,6),"")
35034	Birmingham-Hoover, AL	5132	115.615	=IF(D3993>0,ROUND(C3993/D3993,6),"")
35035	Birmingham-Hoover, AL	933	70.993	=IF(D3994>0,ROUND(C3994/D3994,6),"")
35040	Birmingham-Hoover, AL	18819	77.924	=IF(D3995>0,ROUND(C3995/D3995,6),"")
35042	Birmingham-Hoover, AL	5681	192.24	=IF(D3996>0,ROUND(C3996/D3996,6),"")
35043	Birmingham-Hoover, AL	15068	46.198	=IF(D3997>0,ROUND(C3997/D3997,6),"")
35044	Talladega-Sylacauga, AL	8225	71.78	=IF(D3998>0,ROUND(C3998/D3998,6),"")
35045	Birmingham-Hoover, AL	15078	112.913	=IF(D3999>0,ROUND(C3999/D3999,6),"")
35046	Birmingham-Hoover, AL	5229	136.796	=IF(D4000>0,ROUND(C4000/D4000,6),"")
35049	Birmingham-Hoover, AL	4334	41.625	=IF(D4001>0,ROUND(C4001/D4001,6),"")
35051	Birmingham-Hoover, AL	10101	101.429	=IF(D4002>0,ROUND(C4002/D4002,6),"")
35053	Cullman, AL	2890	49.284	=IF(D4003>0,ROUND(C4003/D4003,6),"")
35054	Birmingham-Hoover, AL	4954	22.579	=IF(D4004>0,ROUND(C4004/D4004,6),"")
35055	Cullman, AL	23231	63.817	=IF(D4005>0,ROUND(C4005/D4005,6),"")
35057	Cullman, AL	15514	127.874	=IF(D4006>0,ROUND(C4006/D4006,6),"")
35058	Cullman, AL	11003	75.223	=IF(D4007>0,ROUND(C4007/D4007,6),"")
35061	Birmingham-Hoover, AL	1633	3.817	=IF(D4008>0,ROUND(C4008/D4008,6),"")
35062	Birmingham-Hoover, AL	8674	46.987	=IF(D4009>0,ROUND(C4009/D4009,6),"")
35063	Jasper, AL	3751	40.076	=IF(D4010>0,ROUND(C4010/D4010,6),"")
35064	Birmingham-Hoover, AL	9929	3.595	=IF(D4011>0,ROUND(C4011/D4011,6),"")
35068	Birmingham-Hoover, AL	8437	12.25	=IF(D4012>0,ROUND(C4012/D4012,6),"")
35071	Birmingham-Hoover, AL	17627	57.658	=IF(D4013>0,ROUND(C4013/D4013,6),"")
35073	Birmingham-Hoover, AL	2839	29.458	=IF(D4014>0,ROUND(C4014/D4014,6),"")
35077	Cullman, AL	13290	150.245	=IF(D4015>0,ROUND(C4015/D4015,6),"")
35078	Birmingham-Hoover, AL	2058	43.198	=IF(D4016>0,ROUND(C4016/D4016,6),"")
35079	Birmingham-Hoover, AL	9388	109.657	=IF(D4017>0,ROUND(C4017/D4017,6),"")
35080	Birmingham-Hoover, AL	19808	46.149	=IF(D4018>0,ROUND(C4018/D4018,6),"")
35083	Cullman, AL	4276	32.541	=IF(D4019>0,ROUND(C4019/D4019,6),"")
35085	Birmingham-Hoover, AL	8786	104.056	=IF(D4020>0,ROUND(C4020/D4020,6),"")
35087	Cullman, AL	2338	22.85	=IF(D4021>0,ROUND(C4021/D4021,6),"")
35091	Birmingham-Hoover, AL	3632	7.795	=IF(D4022>0,ROUND(C4022/D4022,6),"")
35094	Birmingham-Hoover, AL	15333	58.739	=IF(D4023>0,ROUND(C4023/D4023,6),"")
35096	Talladega-Sylacauga, AL	9201	78.703	=IF(D4024>0,ROUND(C4024/D4024,6),"")
35097	Birmingham-Hoover, AL	1857	7.896	=IF(D4025>0,ROUND(C4025/D4025,6),"")
35098	Cullman, AL	1118	29.581	=IF(D4026>0,ROUND(C4026/D4026,6),"")
35111	Tuscaloosa, AL	20661	62.052	=IF(D4027>0,ROUND(C4027/D4027,6),"")
35114	Birmingham-Hoover, AL	7777	10.595	=IF(D4028>0,ROUND(C4028/D4028,6),"")
35115	Birmingham-Hoover, AL	16911	123.382	=IF(D4029>0,ROUND(C4029/D4029,6),"")
35116	Birmingham-Hoover, AL	4912	22.548	=IF(D4030>0,ROUND(C4030/D4030,6),"")
35117	Birmingham-Hoover, AL	5091	29.145	=IF(D4031>0,ROUND(C4031/D4031,6),"")
35118	Birmingham-Hoover, AL	3131	36.141	=IF(D4032>0,ROUND(C4032/D4032,6),"")
35120	Birmingham-Hoover, AL	17735	70.793	=IF(D4033>0,ROUND(C4033/D4033,6),"")
35121	Birmingham-Hoover, AL	16207	144.457	=IF(D4034>0,ROUND(C4034/D4034,6),"")
35124	Birmingham-Hoover, AL	24871	42.649	=IF(D4035>0,ROUND(C4035/D4035,6),"")
35125	Birmingham-Hoover, AL	10969	47.392	=IF(D4036>0,ROUND(C4036/D4036,6),"")
35126	Birmingham-Hoover, AL	22354	60.125	=IF(D4037>0,ROUND(C4037/D4037,6),"")
35127	Birmingham-Hoover, AL	9502	10.128	=IF(D4038>0,ROUND(C4038/D4038,6),"")
35128	Birmingham-Hoover, AL	10228	69.727	=IF(D4039>0,ROUND(C4039/D4039,6),"")
35130	Jasper, AL	3239	67.104	=IF(D4040>0,ROUND(C4040/D4040,6),"")
35131	Birmingham-Hoover, AL	3161	70.782	=IF(D4041>0,ROUND(C4041/D4041,6),"")
35133	Birmingham-Hoover, AL	2793	48.519	=IF(D4042>0,ROUND(C4042/D4042,6),"")
35135	Birmingham-Hoover, AL	1887	7.159	=IF(D4043>0,ROUND(C4043/D4043,6),"")
35143	Birmingham-Hoover, AL	2966	43.689	=IF(D4044>0,ROUND(C4044/D4044,6),"")
35146	Birmingham-Hoover, AL	13283	103.154	=IF(D4045>0,ROUND(C4045/D4045,6),"")
35147	Birmingham-Hoover, AL	6971	68.69	=IF(D4046>0,ROUND(C4046/D4046,6),"")
35148	Jasper, AL	2270	6.218	=IF(D4047>0,ROUND(C4047/D4047,6),"")
35150	Talladega-Sylacauga, AL	17118	61.092	=IF(D4048>0,ROUND(C4048/D4048,6),"")
35151	Talladega-Sylacauga, AL	7615	148.364	=IF(D4049>0,ROUND(C4049/D4049,6),"")
35160	Talladega-Sylacauga, AL	26177	332.656	=IF(D4050>0,ROUND(C4050/D4050,6),"")
35171	Birmingham-Hoover, AL	3613	34.268	=IF(D4051>0,ROUND(C4051/D4051,6),"")
35172	Birmingham-Hoover, AL	2824	29.438	=IF(D4052>0,ROUND(C4052/D4052,6),"")
35173	Birmingham-Hoover, AL	32125	64.551	=IF(D4053>0,ROUND(C4053/D4053,6),"")
35178	Birmingham-Hoover, AL	2867	57.562	=IF(D4054>0,ROUND(C4054/D4054,6),"")
35179	Cullman, AL	8957	93.188	=IF(D4055>0,ROUND(C4055/D4055,6),"")
35180	Birmingham-Hoover, AL	14097	85.329	=IF(D4056>0,ROUND(C4056/D4056,6),"")
35184	Birmingham-Hoover, AL	6188	142.604	=IF(D4057>0,ROUND(C4057/D4057,6),"")
35186	Birmingham-Hoover, AL	5121	55.058	=IF(D4058>0,ROUND(C4058/D4058,6),"")
35188	Birmingham-Hoover, AL	2659	24.998	=IF(D4059>0,ROUND(C4059/D4059,6),"")
35204	Birmingham-Hoover, AL	9154	5.029	=IF(D4060>0,ROUND(C4060/D4060,6),"")
35205	Birmingham-Hoover, AL	18955	3.731	=IF(D4061>0,ROUND(C4061/D4061,6),"")
35206	Birmingham-Hoover, AL	15031	10.053	=IF(D4062>0,ROUND(C4062/D4062,6),"")
35207	Birmingham-Hoover, AL	6824	11.634	=IF(D4063>0,ROUND(C4063/D4063,6),"")
35208	Birmingham-Hoover, AL	13660	3.674	=IF(D4064>0,ROUND(C4064/D4064,6),"")
35209	Birmingham-Hoover, AL	33476	9.591	=IF(D4065>0,ROUND(C4065/D4065,6),"")
35210	Birmingham-Hoover, AL	13878	24.884	=IF(D4066>0,ROUND(C4066/D4066,6),"")
35211	Birmingham-Hoover, AL	25267	16.558	=IF(D4067>0,ROUND(C4067/D4067,6),"")
35212	Birmingham-Hoover, AL	10059	6.191	=IF(D4068>0,ROUND(C4068/D4068,6),"")
35213	Birmingham-Hoover, AL	15950	6.32	=IF(D4069>0,ROUND(C4069/D4069,6),"")
35214	Birmingham-Hoover, AL	16495	24.813	=IF(D4070>0,ROUND(C4070/D4070,6),"")
35215	Birmingham-Hoover, AL	46372	28.273	=IF(D4071>0,ROUND(C4071/D4071,6),"")
35216	Birmingham-Hoover, AL	36587	12.986	=IF(D4072>0,ROUND(C4072/D4072,6),"")
35217	Birmingham-Hoover, AL	12468	17.694	=IF(D4073>0,ROUND(C4073/D4073,6),"")
35218	Birmingham-Hoover, AL	6628	2.638	=IF(D4074>0,ROUND(C4074/D4074,6),"")
35221	Birmingham-Hoover, AL	3127	3.689	=IF(D4075>0,ROUND(C4075/D4075,6),"")
35222	Birmingham-Hoover, AL	8184	3.897	=IF(D4076>0,ROUND(C4076/D4076,6),"")
35223	Birmingham-Hoover, AL	10665	8.447	=IF(D4077>0,ROUND(C4077/D4077,6),"")
35224	Birmingham-Hoover, AL	5409	16.187	=IF(D4078>0,ROUND(C4078/D4078,6),"")
35226	Birmingham-Hoover, AL	37693	17.693	=IF(D4079>0,ROUND(C4079/D4079,6),"")
35228	Birmingham-Hoover, AL	10575	4.365	=IF(D4080>0,ROUND(C4080/D4080,6),"")
35234	Birmingham-Hoover, AL	3828	3.352	=IF(D4081>0,ROUND(C4081/D4081,6),"")
35235	Birmingham-Hoover, AL	19600	13.492	=IF(D4082>0,ROUND(C4082/D4082,6),"")
35242	Birmingham-Hoover, AL	56956	52.371	=IF(D4083>0,ROUND(C4083/D4083,6),"")
35243	Birmingham-Hoover, AL	17776	12.531	=IF(D4084>0,ROUND(C4084/D4084,6),"")
35244	Birmingham-Hoover, AL	36775	23.853	=IF(D4085>0,ROUND(C4085/D4085,6),"")
35401	Tuscaloosa, AL	40507	40.106	=IF(D4086>0,ROUND(C4086/D4086,6),"")
35404	Tuscaloosa, AL	23553	16.654	=IF(D4087>0,ROUND(C4087/D4087,6),"")
35405	Tuscaloosa, AL	48564	52.887	=IF(D4088>0,ROUND(C4088/D4088,6),"")
35406	Tuscaloosa, AL	18533	80.923	=IF(D4089>0,ROUND(C4089/D4089,6),"")
35442	Tuscaloosa, AL	5539	267.374	=IF(D4090>0,ROUND(C4090/D4090,6),"")
35443	Tuscaloosa, AL	1659	221.48	=IF(D4091>0,ROUND(C4091/D4091,6),"")
35444	Tuscaloosa, AL	4047	150.116	=IF(D4092>0,ROUND(C4092/D4092,6),"")
35446	Tuscaloosa, AL	1772	60.733	=IF(D4093>0,ROUND(C4093/D4093,6),"")
35447	Tuscaloosa, AL	3194	141.087	=IF(D4094>0,ROUND(C4094/D4094,6),"")
35452	Tuscaloosa, AL	4307	50.609	=IF(D4095>0,ROUND(C4095/D4095,6),"")
35453	Tuscaloosa, AL	12522	90.421	=IF(D4096>0,ROUND(C4096/D4096,6),"")
35456	Tuscaloosa, AL	4015	81.277	=IF(D4097>0,ROUND(C4097/D4097,6),"")
35458	Tuscaloosa, AL	1059	28.771	=IF(D4098>0,ROUND(C4098/D4098,6),"")
35461	Tuscaloosa, AL	1947	127.668	=IF(D4099>0,ROUND(C4099/D4099,6),"")
35462	Tuscaloosa, AL	4107	284.785	=IF(D4100>0,ROUND(C4100/D4100,6),"")
35463	Tuscaloosa, AL	1885	57.401	=IF(D4101>0,ROUND(C4101/D4101,6),"")
35466	Tuscaloosa, AL	5245	269.594	=IF(D4102>0,ROUND(C4102/D4102,6),"")
35473	Tuscaloosa, AL	19094	25.771	=IF(D4103>0,ROUND(C4103/D4103,6),"")
35474	Tuscaloosa, AL	8648	207.321	=IF(D4104>0,ROUND(C4104/D4104,6),"")
35475	Tuscaloosa, AL	19991	202.269	=IF(D4105>0,ROUND(C4105/D4105,6),"")
35476	Tuscaloosa, AL	8568	6.9	=IF(D4106>0,ROUND(C4106/D4106,6),"")
35480	Tuscaloosa, AL	1792	61.03	=IF(D4107>0,ROUND(C4107/D4107,6),"")
35481	Tuscaloosa, AL	2909	110.588	=IF(D4108>0,ROUND(C4108/D4108,6),"")
35490	Tuscaloosa, AL	4891	67.117	=IF(D4109>0,ROUND(C4109/D4109,6),"")
35501	Jasper, AL	10032	47.835	=IF(D4110>0,ROUND(C4110/D4110,6),"")
35503	Jasper, AL	9601	78.62	=IF(D4111>0,ROUND(C4111/D4111,6),"")
35504	Jasper, AL	13505	97.601	=IF(D4112>0,ROUND(C4112/D4112,6),"")
35546	Tuscaloosa, AL	4157	235.104	=IF(D4113>0,ROUND(C4113/D4113,6),"")
35549	Jasper, AL	3018	114.333	=IF(D4114>0,ROUND(C4114/D4114,6),"")
35550	Jasper, AL	5053	67.366	=IF(D4115>0,ROUND(C4115/D4115,6),"")
35554	Jasper, AL	1193	52.09	=IF(D4116>0,ROUND(C4116/D4116,6),"")
35565	Decatur, AL	10815	279.75	=IF(D4117>0,ROUND(C4117/D4117,6),"")
35574	Tuscaloosa, AL	1046	99.394	=IF(D4118>0,ROUND(C4118/D4118,6),"")
35576	Tuscaloosa, AL	3875	170.69	=IF(D4119>0,ROUND(C4119/D4119,6),"")
35578	Jasper, AL	5791	121.149	=IF(D4120>0,ROUND(C4120/D4120,6),"")
35579	Jasper, AL	3321	157.381	=IF(D4121>0,ROUND(C4121/D4121,6),"")
35580	Jasper, AL	3526	62.666	=IF(D4122>0,ROUND(C4122/D4122,6),"")
35601	Decatur, AL	36008	26.489	=IF(D4123>0,ROUND(C4123/D4123,6),"")
35603	Decatur, AL	31875	71.032	=IF(D4124>0,ROUND(C4124/D4124,6),"")
35611	Huntsville, AL	29077	115.057	=IF(D4125>0,ROUND(C4125/D4125,6),"")
35613	Huntsville, AL	24175	74.982	=IF(D4126>0,ROUND(C4126/D4126,6),"")
35614	Huntsville, AL	7157	64.542	=IF(D4127>0,ROUND(C4127/D4127,6),"")
35618	Decatur, AL	1752	44.507	=IF(D4128>0,ROUND(C4128/D4128,6),"")
35619	Decatur, AL	5098	131.157	=IF(D4129>0,ROUND(C4129/D4129,6),"")
35620	Huntsville, AL	10990	107.626	=IF(D4130>0,ROUND(C4130/D4130,6),"")
35621	Decatur, AL	3292	45.498	=IF(D4131>0,ROUND(C4131/D4131,6),"")
35622	Decatur, AL	6532	96.364	=IF(D4132>0,ROUND(C4132/D4132,6),"")
35640	Decatur, AL	26976	106.903	=IF(D4133>0,ROUND(C4133/D4133,6),"")
35643	Decatur, AL	3088	80.85	=IF(D4134>0,ROUND(C4134/D4134,6),"")
35647	Huntsville, AL	1031	24.718	=IF(D4135>0,ROUND(C4135/D4135,6),"")
35650	Decatur, AL	13485	212.37	=IF(D4136>0,ROUND(C4136/D4136,6),"")
35651	Decatur, AL	1386	40.356	=IF(D4137>0,ROUND(C4137/D4137,6),"")
35670	Decatur, AL	7116	98.568	=IF(D4138>0,ROUND(C4138/D4138,6),"")
35671	Huntsville, AL	1907	49.918	=IF(D4139>0,ROUND(C4139/D4139,6),"")
35672	Decatur, AL	5738	135.83	=IF(D4140>0,ROUND(C4140/D4140,6),"")
35673	Decatur, AL	7679	46.245	=IF(D4141>0,ROUND(C4141/D4141,6),"")
35739	Huntsville, AL	5056	26.676	=IF(D4142>0,ROUND(C4142/D4142,6),"")
35740	Scottsboro, AL	3285	35.778	=IF(D4143>0,ROUND(C4143/D4143,6),"")
35741	Huntsville, AL	4292	24.525	=IF(D4144>0,ROUND(C4144/D4144,6),"")
35744	Scottsboro, AL	2315	33.025	=IF(D4145>0,ROUND(C4145/D4145,6),"")
35748	Huntsville, AL	7311	77.314	=IF(D4146>0,ROUND(C4146/D4146,6),"")
35749	Huntsville, AL	29297	43.552	=IF(D4147>0,ROUND(C4147/D4147,6),"")
35750	Huntsville, AL	13563	61.105	=IF(D4148>0,ROUND(C4148/D4148,6),"")
35752	Scottsboro, AL	2173	44.077	=IF(D4149>0,ROUND(C4149/D4149,6),"")
35754	Decatur, AL	5602	43.902	=IF(D4150>0,ROUND(C4150/D4150,6),"")
35756	Huntsville, AL	23552	80.926	=IF(D4151>0,ROUND(C4151/D4151,6),"")
35757	Huntsville, AL	18250	11.664	=IF(D4152>0,ROUND(C4152/D4152,6),"")
35758	Huntsville, AL	48929	27.214	=IF(D4153>0,ROUND(C4153/D4153,6),"")
35759	Huntsville, AL	12435	18.485	=IF(D4154>0,ROUND(C4154/D4154,6),"")
35760	Huntsville, AL	4908	50.709	=IF(D4155>0,ROUND(C4155/D4155,6),"")
35761	Huntsville, AL	14124	116.581	=IF(D4156>0,ROUND(C4156/D4156,6),"")
35763	Huntsville, AL	19505	40.851	=IF(D4157>0,ROUND(C4157/D4157,6),"")
35765	Scottsboro, AL	4297	71.065	=IF(D4158>0,ROUND(C4158/D4158,6),"")
35768	Scottsboro, AL	12394	172.292	=IF(D4159>0,ROUND(C4159/D4159,6),"")
35769	Scottsboro, AL	9571	63.042	=IF(D4160>0,ROUND(C4160/D4160,6),"")
35771	Scottsboro, AL	3113	62.15	=IF(D4161>0,ROUND(C4161/D4161,6),"")
35772	Scottsboro, AL	4847	164.235	=IF(D4162>0,ROUND(C4162/D4162,6),"")
35773	Huntsville, AL	13977	72.468	=IF(D4163>0,ROUND(C4163/D4163,6),"")
35776	Scottsboro, AL	3332	103.663	=IF(D4164>0,ROUND(C4164/D4164,6),"")
35801	Huntsville, AL	23901	13.844	=IF(D4165>0,ROUND(C4165/D4165,6),"")
35802	Huntsville, AL	23304	16.422	=IF(D4166>0,ROUND(C4166/D4166,6),"")
35803	Huntsville, AL	29283	49.2	=IF(D4167>0,ROUND(C4167/D4167,6),"")
35805	Huntsville, AL	21006	9.192	=IF(D4168>0,ROUND(C4168/D4168,6),"")
35806	Huntsville, AL	28443	25.451	=IF(D4169>0,ROUND(C4169/D4169,6),"")
35810	Huntsville, AL	32705	28.15	=IF(D4170>0,ROUND(C4170/D4170,6),"")
35811	Huntsville, AL	29748	46.866	=IF(D4171>0,ROUND(C4171/D4171,6),"")
35816	Huntsville, AL	15172	5.064	=IF(D4172>0,ROUND(C4172/D4172,6),"")
35824	Huntsville, AL	9690	12.687	=IF(D4173>0,ROUND(C4173/D4173,6),"")
35953	Birmingham-Hoover, AL	7020	128.86	=IF(D4174>0,ROUND(C4174/D4174,6),"")
35958	Scottsboro, AL	3228	52.755	=IF(D4175>0,ROUND(C4175/D4175,6),"")
35966	Scottsboro, AL	3975	84.396	=IF(D4176>0,ROUND(C4176/D4176,6),"")
35987	Birmingham-Hoover, AL	2672	60.213	=IF(D4177>0,ROUND(C4177/D4177,6),"")
36003	Montgomery, AL	2555	81.93	=IF(D4178>0,ROUND(C4178/D4178,6),"")
36006	Montgomery, AL	2028	77.03	=IF(D4179>0,ROUND(C4179/D4179,6),"")
36013	Montgomery, AL	180	14.919	=IF(D4180>0,ROUND(C4180/D4180,6),"")
36020	Montgomery, AL	1090	8.412	=IF(D4181>0,ROUND(C4181/D4181,6),"")
36022	Montgomery, AL	16288	89.886	=IF(D4182>0,ROUND(C4182/D4182,6),"")
36024	Montgomery, AL	6198	88.411	=IF(D4183>0,ROUND(C4183/D4183,6),"")
36025	Montgomery, AL	7083	12.832	=IF(D4184>0,ROUND(C4184/D4184,6),"")
36032	Montgomery, AL	2358	117.775	=IF(D4185>0,ROUND(C4185/D4185,6),"")
36036	Montgomery, AL	1840	98.271	=IF(D4186>0,ROUND(C4186/D4186,6),"")
36043	Montgomery, AL	3230	124.017	=IF(D4187>0,ROUND(C4187/D4187,6),"")
36046	Montgomery, AL	1427	61.863	=IF(D4188>0,ROUND(C4188/D4188,6),"")
36047	Montgomery, AL	1248	104.307	=IF(D4189>0,ROUND(C4189/D4189,6),"")
36051	Montgomery, AL	2899	52.151	=IF(D4190>0,ROUND(C4190/D4190,6),"")
36052	Montgomery, AL	847	72.757	=IF(D4191>0,ROUND(C4191/D4191,6),"")
36054	Montgomery, AL	14891	28.066	=IF(D4192>0,ROUND(C4192/D4192,6),"")
36064	Montgomery, AL	13849	86.001	=IF(D4193>0,ROUND(C4193/D4193,6),"")
36066	Montgomery, AL	22319	20.122	=IF(D4194>0,ROUND(C4194/D4194,6),"")
36067	Montgomery, AL	27353	244.337	=IF(D4195>0,ROUND(C4195/D4195,6),"")
36069	Montgomery, AL	2049	150.395	=IF(D4196>0,ROUND(C4196/D4196,6),"")
36078	Montgomery, AL	13460	177.436	=IF(D4197>0,ROUND(C4197/D4197,6),"")
36080	Montgomery, AL	2676	52.016	=IF(D4198>0,ROUND(C4198/D4198,6),"")
36091	Birmingham-Hoover, AL	3707	83.448	=IF(D4199>0,ROUND(C4199/D4199,6),"")
36092	Montgomery, AL	21170	138.073	=IF(D4200>0,ROUND(C4200/D4200,6),"")
36093	Montgomery, AL	11699	78.571	=IF(D4201>0,ROUND(C4201/D4201,6),"")
36104	Montgomery, AL	10637	10.45	=IF(D4202>0,ROUND(C4202/D4202,6),"")
36105	Montgomery, AL	9359	68.769	=IF(D4203>0,ROUND(C4203/D4203,6),"")
36106	Montgomery, AL	14612	6.19	=IF(D4204>0,ROUND(C4204/D4204,6),"")
36107	Montgomery, AL	8063	3.188	=IF(D4205>0,ROUND(C4205/D4205,6),"")
36108	Montgomery, AL	15549	70.307	=IF(D4206>0,ROUND(C4206/D4206,6),"")
36109	Montgomery, AL	24093	11.33	=IF(D4207>0,ROUND(C4207/D4207,6),"")
36110	Montgomery, AL	11692	29.491	=IF(D4208>0,ROUND(C4208/D4208,6),"")
36111	Montgomery, AL	12196	4.29	=IF(D4209>0,ROUND(C4209/D4209,6),"")
36116	Montgomery, AL	44369	53.352	=IF(D4210>0,ROUND(C4210/D4210,6),"")
36117	Montgomery, AL	52608	53.27	=IF(D4211>0,ROUND(C4211/D4211,6),"")
36201	Anniston-Oxford, AL	17406	38.947	=IF(D4212>0,ROUND(C4212/D4212,6),"")
36203	Anniston-Oxford, AL	18797	39.448	=IF(D4213>0,ROUND(C4213/D4213,6),"")
36205	Anniston-Oxford, AL	1233	12.996	=IF(D4214>0,ROUND(C4214/D4214,6),"")
36206	Anniston-Oxford, AL	10723	15.766	=IF(D4215>0,ROUND(C4215/D4215,6),"")
36207	Anniston-Oxford, AL	19251	74.821	=IF(D4216>0,ROUND(C4216/D4216,6),"")
36250	Anniston-Oxford, AL	4132	19.687	=IF(D4217>0,ROUND(C4217/D4217,6),"")
36260	Anniston-Oxford, AL	4729	28.925	=IF(D4218>0,ROUND(C4218/D4218,6),"")
36265	Anniston-Oxford, AL	21891	98.079	=IF(D4219>0,ROUND(C4219/D4219,6),"")
36268	Talladega-Sylacauga, AL	6022	95.911	=IF(D4220>0,ROUND(C4220/D4220,6),"")
36271	Anniston-Oxford, AL	5991	81.253	=IF(D4221>0,ROUND(C4221/D4221,6),"")
36272	Anniston-Oxford, AL	12996	317.933	=IF(D4222>0,ROUND(C4222/D4222,6),"")
36274	LaGrange, GA-AL	9827	179.585	=IF(D4223>0,ROUND(C4223/D4223,6),"")
36276	LaGrange, GA-AL	2371	136.681	=IF(D4224>0,ROUND(C4224/D4224,6),"")
36277	Anniston-Oxford, AL	5153	7.704	=IF(D4225>0,ROUND(C4225/D4225,6),"")
36279	Anniston-Oxford, AL	3290	30.4	=IF(D4226>0,ROUND(C4226/D4226,6),"")
36507	Daphne-Fairhope-Foley, AL	20350	343.137	=IF(D4227>0,ROUND(C4227/D4227,6),"")
36511	Daphne-Fairhope-Foley, AL	923	4.492	=IF(D4228>0,ROUND(C4228/D4228,6),"")
36526	Daphne-Fairhope-Foley, AL	34552	37.702	=IF(D4229>0,ROUND(C4229/D4229,6),"")
36527	Daphne-Fairhope-Foley, AL	21160	42.342	=IF(D4230>0,ROUND(C4230/D4230,6),"")
36530	Daphne-Fairhope-Foley, AL	6824	95.612	=IF(D4231>0,ROUND(C4231/D4231,6),"")
36532	Daphne-Fairhope-Foley, AL	37121	73.17	=IF(D4232>0,ROUND(C4232/D4232,6),"")
36535	Daphne-Fairhope-Foley, AL	38401	92.547	=IF(D4233>0,ROUND(C4233/D4233,6),"")
36542	Daphne-Fairhope-Foley, AL	17335	52.027	=IF(D4234>0,ROUND(C4234/D4234,6),"")
36549	Daphne-Fairhope-Foley, AL	6152	29.046	=IF(D4235>0,ROUND(C4235/D4235,6),"")
36551	Daphne-Fairhope-Foley, AL	12915	68.673	=IF(D4236>0,ROUND(C4236/D4236,6),"")
36555	Daphne-Fairhope-Foley, AL	1234	1.008	=IF(D4237>0,ROUND(C4237/D4237,6),"")
36561	Daphne-Fairhope-Foley, AL	9275	16.702	=IF(D4238>0,ROUND(C4238/D4238,6),"")
36562	Daphne-Fairhope-Foley, AL	1390	49.497	=IF(D4239>0,ROUND(C4239/D4239,6),"")
36567	Daphne-Fairhope-Foley, AL	15407	228.701	=IF(D4240>0,ROUND(C4240/D4240,6),"")
36574	Daphne-Fairhope-Foley, AL	1526	12.807	=IF(D4241>0,ROUND(C4241/D4241,6),"")
36576	Daphne-Fairhope-Foley, AL	4964	19.5	=IF(D4242>0,ROUND(C4242/D4242,6),"")
36578	Daphne-Fairhope-Foley, AL	1067	17.087	=IF(D4243>0,ROUND(C4243/D4243,6),"")
36579	Daphne-Fairhope-Foley, AL	1448	153.172	=IF(D4244>0,ROUND(C4244/D4244,6),"")
36580	Daphne-Fairhope-Foley, AL	7025	52.61	=IF(D4245>0,ROUND(C4245/D4245,6),"")
36740	Tuscaloosa, AL	1114	66.304	=IF(D4246>0,ROUND(C4246/D4246,6),"")
36742	Tuscaloosa, AL	2841	117.699	=IF(D4247>0,ROUND(C4247/D4247,6),"")
36744	Tuscaloosa, AL	5662	223.805	=IF(D4248>0,ROUND(C4248/D4248,6),"")
36749	Montgomery, AL	770	61.737	=IF(D4249>0,ROUND(C4249/D4249,6),"")
36750	Birmingham-Hoover, AL	3009	104.14	=IF(D4250>0,ROUND(C4250/D4250,6),"")
36752	Montgomery, AL	1296	137.52	=IF(D4251>0,ROUND(C4251/D4251,6),"")
36765	Tuscaloosa, AL	680	57.676	=IF(D4252>0,ROUND(C4252/D4252,6),"")
36785	Montgomery, AL	969	99.402	=IF(D4253>0,ROUND(C4253/D4253,6),"")
36792	Birmingham-Hoover, AL	761	64.015	=IF(D4254>0,ROUND(C4254/D4254,6),"")
36793	Birmingham-Hoover, AL	743	59.855	=IF(D4255>0,ROUND(C4255/D4255,6),"")
36854	LaGrange, GA-AL	15913	60.484	=IF(D4256>0,ROUND(C4256/D4256,6),"")
36855	LaGrange, GA-AL	1521	72.017	=IF(D4257>0,ROUND(C4257/D4257,6),"")
36862	LaGrange, GA-AL	6052	226.455	=IF(D4258>0,ROUND(C4258/D4258,6),"")
36863	LaGrange, GA-AL	12335	95.649	=IF(D4259>0,ROUND(C4259/D4259,6),"")
37010	Clarksville, TN-KY	5143	78.885	=IF(D4260>0,ROUND(C4260/D4260,6),"")
37012	Nashville-Davidson--Murfreesboro--Franklin, TN	2149	36.862	=IF(D4261>0,ROUND(C4261/D4261,6),"")
37013	Nashville-Davidson--Murfreesboro--Franklin, TN	102055	39.208	=IF(D4262>0,ROUND(C4262/D4262,6),"")
37014	Nashville-Davidson--Murfreesboro--Franklin, TN	3633	21.963	=IF(D4263>0,ROUND(C4263/D4263,6),"")
37015	Nashville-Davidson--Murfreesboro--Franklin, TN	19547	155.693	=IF(D4264>0,ROUND(C4264/D4264,6),"")
37016	Nashville-Davidson--Murfreesboro--Franklin, TN	851	33.369	=IF(D4265>0,ROUND(C4265/D4265,6),"")
37019	Lewisburg, TN	618	17.722	=IF(D4266>0,ROUND(C4266/D4266,6),"")
37022	Nashville-Davidson--Murfreesboro--Franklin, TN	6036	87.131	=IF(D4267>0,ROUND(C4267/D4267,6),"")
37023	Clarksville, TN-KY	1678	17.518	=IF(D4268>0,ROUND(C4268/D4268,6),"")
37025	Nashville-Davidson--Murfreesboro--Franklin, TN	6321	63.917	=IF(D4269>0,ROUND(C4269/D4269,6),"")
37026	Nashville-Davidson--Murfreesboro--Franklin, TN	2197	51.154	=IF(D4270>0,ROUND(C4270/D4270,6),"")
37027	Nashville-Davidson--Murfreesboro--Franklin, TN	61961	57.041	=IF(D4271>0,ROUND(C4271/D4271,6),"")
37028	Clarksville, TN-KY	613	15.465	=IF(D4272>0,ROUND(C4272/D4272,6),"")
37029	Nashville-Davidson--Murfreesboro--Franklin, TN	6737	43.59	=IF(D4273>0,ROUND(C4273/D4273,6),"")
37030	Nashville-Davidson--Murfreesboro--Franklin, TN	7889	65.023	=IF(D4274>0,ROUND(C4274/D4274,6),"")
37031	Nashville-Davidson--Murfreesboro--Franklin, TN	3984	38.253	=IF(D4275>0,ROUND(C4275/D4275,6),"")
37032	Nashville-Davidson--Murfreesboro--Franklin, TN	5499	78.992	=IF(D4276>0,ROUND(C4276/D4276,6),"")
37034	Lewisburg, TN	8596	72.868	=IF(D4277>0,ROUND(C4277/D4277,6),"")
37035	Nashville-Davidson--Murfreesboro--Franklin, TN	3424	29.389	=IF(D4278>0,ROUND(C4278/D4278,6),"")
37036	Nashville-Davidson--Murfreesboro--Franklin, TN	6653	99.587	=IF(D4279>0,ROUND(C4279/D4279,6),"")
37037	Nashville-Davidson--Murfreesboro--Franklin, TN	9786	77.563	=IF(D4280>0,ROUND(C4280/D4280,6),"")
37040	Clarksville, TN-KY	62137	92.822	=IF(D4281>0,ROUND(C4281/D4281,6),"")
37042	Clarksville, TN-KY	85169	56.87	=IF(D4282>0,ROUND(C4282/D4282,6),"")
37043	Clarksville, TN-KY	57246	108.465	=IF(D4283>0,ROUND(C4283/D4283,6),"")
37046	Nashville-Davidson--Murfreesboro--Franklin, TN	6632	71.367	=IF(D4284>0,ROUND(C4284/D4284,6),"")
37047	Lewisburg, TN	2685	65.866	=IF(D4285>0,ROUND(C4285/D4285,6),"")
37048	Nashville-Davidson--Murfreesboro--Franklin, TN	6325	46.415	=IF(D4286>0,ROUND(C4286/D4286,6),"")
37049	Nashville-Davidson--Murfreesboro--Franklin, TN	4025	26.747	=IF(D4287>0,ROUND(C4287/D4287,6),"")
37050	Clarksville, TN-KY	2028	52.9	=IF(D4288>0,ROUND(C4288/D4288,6),"")
37051	Nashville-Davidson--Murfreesboro--Franklin, TN	3712	80.547	=IF(D4289>0,ROUND(C4289/D4289,6),"")
37052	Clarksville, TN-KY	1971	34.856	=IF(D4290>0,ROUND(C4290/D4290,6),"")
37055	Nashville-Davidson--Murfreesboro--Franklin, TN	28567	201.749	=IF(D4291>0,ROUND(C4291/D4291,6),"")
37057	Nashville-Davidson--Murfreesboro--Franklin, TN	691	29.449	=IF(D4292>0,ROUND(C4292/D4292,6),"")
37058	Clarksville, TN-KY	7369	183.976	=IF(D4293>0,ROUND(C4293/D4293,6),"")
37060	Nashville-Davidson--Murfreesboro--Franklin, TN	3574	40.403	=IF(D4294>0,ROUND(C4294/D4294,6),"")
37062	Nashville-Davidson--Murfreesboro--Franklin, TN	13165	69.193	=IF(D4295>0,ROUND(C4295/D4295,6),"")
37064	Nashville-Davidson--Murfreesboro--Franklin, TN	66641	183.995	=IF(D4296>0,ROUND(C4296/D4296,6),"")
37066	Nashville-Davidson--Murfreesboro--Franklin, TN	62404	116.337	=IF(D4297>0,ROUND(C4297/D4297,6),"")
37067	Nashville-Davidson--Murfreesboro--Franklin, TN	31550	32.487	=IF(D4298>0,ROUND(C4298/D4298,6),"")
37069	Nashville-Davidson--Murfreesboro--Franklin, TN	19994	35.957	=IF(D4299>0,ROUND(C4299/D4299,6),"")
37072	Nashville-Davidson--Murfreesboro--Franklin, TN	32344	77.552	=IF(D4300>0,ROUND(C4300/D4300,6),"")
37073	Nashville-Davidson--Murfreesboro--Franklin, TN	14312	51.184	=IF(D4301>0,ROUND(C4301/D4301,6),"")
37074	Nashville-Davidson--Murfreesboro--Franklin, TN	10999	99.833	=IF(D4302>0,ROUND(C4302/D4302,6),"")
37075	Nashville-Davidson--Murfreesboro--Franklin, TN	72541	59.048	=IF(D4303>0,ROUND(C4303/D4303,6),"")
37076	Nashville-Davidson--Murfreesboro--Franklin, TN	38124	27.81	=IF(D4304>0,ROUND(C4304/D4304,6),"")
37079	Clarksville, TN-KY	2770	78.798	=IF(D4305>0,ROUND(C4305/D4305,6),"")
37080	Nashville-Davidson--Murfreesboro--Franklin, TN	7061	49.148	=IF(D4306>0,ROUND(C4306/D4306,6),"")
37082	Nashville-Davidson--Murfreesboro--Franklin, TN	5564	42.386	=IF(D4307>0,ROUND(C4307/D4307,6),"")
37083	Nashville-Davidson--Murfreesboro--Franklin, TN	16887	147.644	=IF(D4308>0,ROUND(C4308/D4308,6),"")
37085	Nashville-Davidson--Murfreesboro--Franklin, TN	6102	54.937	=IF(D4309>0,ROUND(C4309/D4309,6),"")
37086	Nashville-Davidson--Murfreesboro--Franklin, TN	37786	24.777	=IF(D4310>0,ROUND(C4310/D4310,6),"")
37087	Nashville-Davidson--Murfreesboro--Franklin, TN	55235	164.919	=IF(D4311>0,ROUND(C4311/D4311,6),"")
37090	Nashville-Davidson--Murfreesboro--Franklin, TN	17929	166.442	=IF(D4312>0,ROUND(C4312/D4312,6),"")
37091	Lewisburg, TN	23991	205.952	=IF(D4313>0,ROUND(C4313/D4313,6),"")
37095	Nashville-Davidson--Murfreesboro--Franklin, TN	1840	77.26	=IF(D4314>0,ROUND(C4314/D4314,6),"")
37115	Nashville-Davidson--Murfreesboro--Franklin, TN	41303	21.457	=IF(D4315>0,ROUND(C4315/D4315,6),"")
37118	Nashville-Davidson--Murfreesboro--Franklin, TN	1087	32.823	=IF(D4316>0,ROUND(C4316/D4316,6),"")
37122	Nashville-Davidson--Murfreesboro--Franklin, TN	66348	111.621	=IF(D4317>0,ROUND(C4317/D4317,6),"")
37127	Nashville-Davidson--Murfreesboro--Franklin, TN	22029	47.077	=IF(D4318>0,ROUND(C4318/D4318,6),"")
37128	Nashville-Davidson--Murfreesboro--Franklin, TN	77016	56.667	=IF(D4319>0,ROUND(C4319/D4319,6),"")
37129	Nashville-Davidson--Murfreesboro--Franklin, TN	60615	80.004	=IF(D4320>0,ROUND(C4320/D4320,6),"")
37130	Nashville-Davidson--Murfreesboro--Franklin, TN	57768	54.133	=IF(D4321>0,ROUND(C4321/D4321,6),"")
37135	Nashville-Davidson--Murfreesboro--Franklin, TN	23231	36.888	=IF(D4322>0,ROUND(C4322/D4322,6),"")
37138	Nashville-Davidson--Murfreesboro--Franklin, TN	22539	17.926	=IF(D4323>0,ROUND(C4323/D4323,6),"")
37141	Nashville-Davidson--Murfreesboro--Franklin, TN	1519	20.264	=IF(D4324>0,ROUND(C4324/D4324,6),"")
37142	Clarksville, TN-KY	1734	37.23	=IF(D4325>0,ROUND(C4325/D4325,6),"")
37143	Nashville-Davidson--Murfreesboro--Franklin, TN	4149	33.134	=IF(D4326>0,ROUND(C4326/D4326,6),"")
37144	Lewisburg, TN	2941	130.605	=IF(D4327>0,ROUND(C4327/D4327,6),"")
37145	Nashville-Davidson--Murfreesboro--Franklin, TN	2418	79.335	=IF(D4328>0,ROUND(C4328/D4328,6),"")
37146	Nashville-Davidson--Murfreesboro--Franklin, TN	7735	30.614	=IF(D4329>0,ROUND(C4329/D4329,6),"")
37148	Nashville-Davidson--Murfreesboro--Franklin, TN	25421	131.851	=IF(D4330>0,ROUND(C4330/D4330,6),"")
37149	Nashville-Davidson--Murfreesboro--Franklin, TN	2575	64.152	=IF(D4331>0,ROUND(C4331/D4331,6),"")
37150	Nashville-Davidson--Murfreesboro--Franklin, TN	4363	103.501	=IF(D4332>0,ROUND(C4332/D4332,6),"")
37151	Nashville-Davidson--Murfreesboro--Franklin, TN	467	16.985	=IF(D4333>0,ROUND(C4333/D4333,6),"")
37153	Nashville-Davidson--Murfreesboro--Franklin, TN	4894	52.242	=IF(D4334>0,ROUND(C4334/D4334,6),"")
37167	Nashville-Davidson--Murfreesboro--Franklin, TN	63660	54.998	=IF(D4335>0,ROUND(C4335/D4335,6),"")
37171	Clarksville, TN-KY	1552	23.922	=IF(D4336>0,ROUND(C4336/D4336,6),"")
37172	Nashville-Davidson--Murfreesboro--Franklin, TN	31420	179.777	=IF(D4337>0,ROUND(C4337/D4337,6),"")
37174	Nashville-Davidson--Murfreesboro--Franklin, TN	50778	69.697	=IF(D4338>0,ROUND(C4338/D4338,6),"")
37175	Clarksville, TN-KY	1096	75.043	=IF(D4339>0,ROUND(C4339/D4339,6),"")
37178	Clarksville, TN-KY	2027	42.346	=IF(D4340>0,ROUND(C4340/D4340,6),"")
37179	Nashville-Davidson--Murfreesboro--Franklin, TN	17411	53.048	=IF(D4341>0,ROUND(C4341/D4341,6),"")
37181	Nashville-Davidson--Murfreesboro--Franklin, TN	1520	52.282	=IF(D4342>0,ROUND(C4342/D4342,6),"")
37184	Nashville-Davidson--Murfreesboro--Franklin, TN	7224	110.355	=IF(D4343>0,ROUND(C4343/D4343,6),"")
37186	Nashville-Davidson--Murfreesboro--Franklin, TN	10644	107.885	=IF(D4344>0,ROUND(C4344/D4344,6),"")
37187	Nashville-Davidson--Murfreesboro--Franklin, TN	8382	71.143	=IF(D4345>0,ROUND(C4345/D4345,6),"")
37188	Nashville-Davidson--Murfreesboro--Franklin, TN	17685	30.757	=IF(D4346>0,ROUND(C4346/D4346,6),"")
37189	Nashville-Davidson--Murfreesboro--Franklin, TN	3591	25.229	=IF(D4347>0,ROUND(C4347/D4347,6),"")
37190	Nashville-Davidson--Murfreesboro--Franklin, TN	9267	138.874	=IF(D4348>0,ROUND(C4348/D4348,6),"")
37191	Clarksville, TN-KY	3998	45.906	=IF(D4349>0,ROUND(C4349/D4349,6),"")
37203	Nashville-Davidson--Murfreesboro--Franklin, TN	20234	4.194	=IF(D4350>0,ROUND(C4350/D4350,6),"")
37204	Nashville-Davidson--Murfreesboro--Franklin, TN	17004	7.294	=IF(D4351>0,ROUND(C4351/D4351,6),"")
37205	Nashville-Davidson--Murfreesboro--Franklin, TN	24557	14.264	=IF(D4352>0,ROUND(C4352/D4352,6),"")
37206	Nashville-Davidson--Murfreesboro--Franklin, TN	29368	7.751	=IF(D4353>0,ROUND(C4353/D4353,6),"")
37207	Nashville-Davidson--Murfreesboro--Franklin, TN	39450	19.344	=IF(D4354>0,ROUND(C4354/D4354,6),"")
37208	Nashville-Davidson--Murfreesboro--Franklin, TN	20204	4.816	=IF(D4355>0,ROUND(C4355/D4355,6),"")
37209	Nashville-Davidson--Murfreesboro--Franklin, TN	38367	33.649	=IF(D4356>0,ROUND(C4356/D4356,6),"")
37210	Nashville-Davidson--Murfreesboro--Franklin, TN	17116	9.28	=IF(D4357>0,ROUND(C4357/D4357,6),"")
37211	Nashville-Davidson--Murfreesboro--Franklin, TN	77117	21.726	=IF(D4358>0,ROUND(C4358/D4358,6),"")
37212	Nashville-Davidson--Murfreesboro--Franklin, TN	20046	2.75	=IF(D4359>0,ROUND(C4359/D4359,6),"")
37214	Nashville-Davidson--Murfreesboro--Franklin, TN	30547	21.949	=IF(D4360>0,ROUND(C4360/D4360,6),"")
37215	Nashville-Davidson--Murfreesboro--Franklin, TN	22188	15.327	=IF(D4361>0,ROUND(C4361/D4361,6),"")
37216	Nashville-Davidson--Murfreesboro--Franklin, TN	18933	6.733	=IF(D4362>0,ROUND(C4362/D4362,6),"")
37217	Nashville-Davidson--Murfreesboro--Franklin, TN	31440	17.76	=IF(D4363>0,ROUND(C4363/D4363,6),"")
37218	Nashville-Davidson--Murfreesboro--Franklin, TN	15284	39.041	=IF(D4364>0,ROUND(C4364/D4364,6),"")
37220	Nashville-Davidson--Murfreesboro--Franklin, TN	5483	7.712	=IF(D4365>0,ROUND(C4365/D4365,6),"")
37221	Nashville-Davidson--Murfreesboro--Franklin, TN	41811	49.337	=IF(D4366>0,ROUND(C4366/D4366,6),"")
37302	Chattanooga, TN-GA	5253	17.261	=IF(D4367>0,ROUND(C4367/D4367,6),"")
37307	Cleveland, TN	5340	57.528	=IF(D4368>0,ROUND(C4368/D4368,6),"")
37308	Chattanooga, TN-GA	2957	36.996	=IF(D4369>0,ROUND(C4369/D4369,6),"")
37310	Cleveland, TN	3824	42.729	=IF(D4370>0,ROUND(C4370/D4370,6),"")
37311	Cleveland, TN	31043	50.099	=IF(D4371>0,ROUND(C4371/D4371,6),"")
37312	Cleveland, TN	36894	64.426	=IF(D4372>0,ROUND(C4372/D4372,6),"")
37317	Cleveland, TN	2576	75.197	=IF(D4373>0,ROUND(C4373/D4373,6),"")
37323	Cleveland, TN	30764	114.612	=IF(D4374>0,ROUND(C4374/D4374,6),"")
37325	Cleveland, TN	1952	21.632	=IF(D4375>0,ROUND(C4375/D4375,6),"")
37327	Chattanooga, TN-GA	12424	191.4	=IF(D4376>0,ROUND(C4376/D4376,6),"")
37333	Cleveland, TN	531	20.159	=IF(D4377>0,ROUND(C4377/D4377,6),"")
37336	Chattanooga, TN-GA	4908	43.712	=IF(D4378>0,ROUND(C4378/D4378,6),"")
37338	Chattanooga, TN-GA	2991	72.406	=IF(D4379>0,ROUND(C4379/D4379,6),"")
37340	Chattanooga, TN-GA	206	8.449	=IF(D4380>0,ROUND(C4380/D4380,6),"")
37341	Chattanooga, TN-GA	14966	33.759	=IF(D4381>0,ROUND(C4381/D4381,6),"")
37343	Chattanooga, TN-GA	44572	42.096	=IF(D4382>0,ROUND(C4382/D4382,6),"")
37347	Chattanooga, TN-GA	8555	48.919	=IF(D4383>0,ROUND(C4383/D4383,6),"")
37350	Chattanooga, TN-GA	2112	1.343	=IF(D4384>0,ROUND(C4384/D4384,6),"")
37351	Chattanooga, TN-GA	295	0.436	=IF(D4385>0,ROUND(C4385/D4385,6),"")
37353	Cleveland, TN	4703	40.461	=IF(D4386>0,ROUND(C4386/D4386,6),"")
37356	Chattanooga, TN-GA	2324	24.551	=IF(D4387>0,ROUND(C4387/D4387,6),"")
37361	Cleveland, TN	2205	28.494	=IF(D4388>0,ROUND(C4388/D4388,6),"")
37362	Cleveland, TN	3409	66.843	=IF(D4389>0,ROUND(C4389/D4389,6),"")
37363	Chattanooga, TN-GA	40830	60.121	=IF(D4390>0,ROUND(C4390/D4390,6),"")
37365	Chattanooga, TN-GA	1729	56.412	=IF(D4391>0,ROUND(C4391/D4391,6),"")
37369	Cleveland, TN	489	108.323	=IF(D4392>0,ROUND(C4392/D4392,6),"")
37373	Chattanooga, TN-GA	2949	40.589	=IF(D4393>0,ROUND(C4393/D4393,6),"")
37374	Chattanooga, TN-GA	1832	57.684	=IF(D4394>0,ROUND(C4394/D4394,6),"")
37377	Chattanooga, TN-GA	16819	80.46	=IF(D4395>0,ROUND(C4395/D4395,6),"")
37379	Chattanooga, TN-GA	29002	106.377	=IF(D4396>0,ROUND(C4396/D4396,6),"")
37380	Chattanooga, TN-GA	6604	126.199	=IF(D4397>0,ROUND(C4397/D4397,6),"")
37387	Chattanooga, TN-GA	3982	74.191	=IF(D4398>0,ROUND(C4398/D4398,6),"")
37391	Cleveland, TN	1699	25.593	=IF(D4399>0,ROUND(C4399/D4399,6),"")
37397	Chattanooga, TN-GA	10044	149.34	=IF(D4400>0,ROUND(C4400/D4400,6),"")
37403	Chattanooga, TN-GA	6560	1.705	=IF(D4401>0,ROUND(C4401/D4401,6),"")
37404	Chattanooga, TN-GA	13883	5.182	=IF(D4402>0,ROUND(C4402/D4402,6),"")
37405	Chattanooga, TN-GA	18535	54.327	=IF(D4403>0,ROUND(C4403/D4403,6),"")
37406	Chattanooga, TN-GA	12867	12.135	=IF(D4404>0,ROUND(C4404/D4404,6),"")
37407	Chattanooga, TN-GA	10164	3.4	=IF(D4405>0,ROUND(C4405/D4405,6),"")
37408	Chattanooga, TN-GA	3029	2.125	=IF(D4406>0,ROUND(C4406/D4406,6),"")
37409	Chattanooga, TN-GA	3417	4.417	=IF(D4407>0,ROUND(C4407/D4407,6),"")
37410	Chattanooga, TN-GA	3673	3.024	=IF(D4408>0,ROUND(C4408/D4408,6),"")
37411	Chattanooga, TN-GA	18815	7.34	=IF(D4409>0,ROUND(C4409/D4409,6),"")
37412	Chattanooga, TN-GA	21840	8.659	=IF(D4410>0,ROUND(C4410/D4410,6),"")
37415	Chattanooga, TN-GA	23132	17.519	=IF(D4411>0,ROUND(C4411/D4411,6),"")
37416	Chattanooga, TN-GA	14089	20.544	=IF(D4412>0,ROUND(C4412/D4412,6),"")
37419	Chattanooga, TN-GA	6288	49.004	=IF(D4413>0,ROUND(C4413/D4413,6),"")
37421	Chattanooga, TN-GA	52516	31.703	=IF(D4414>0,ROUND(C4414/D4414,6),"")
37701	Knoxville, TN	9608	10.742	=IF(D4415>0,ROUND(C4415/D4415,6),"")
37705	Knoxville, TN	5479	44.604	=IF(D4416>0,ROUND(C4416/D4416,6),"")
37710	Knoxville, TN	1136	80.512	=IF(D4417>0,ROUND(C4417/D4417,6),"")
37714	Knoxville, TN	4150	64.366	=IF(D4418>0,ROUND(C4418/D4418,6),"")
37716	Knoxville, TN	26361	83.465	=IF(D4419>0,ROUND(C4419/D4419,6),"")
37721	Knoxville, TN	14649	49.281	=IF(D4420>0,ROUND(C4420/D4420,6),"")
37726	Knoxville, TN	2313	90.958	=IF(D4421>0,ROUND(C4421/D4421,6),"")
37729	Knoxville, TN	1266	49.25	=IF(D4422>0,ROUND(C4422/D4422,6),"")
37737	Knoxville, TN	6576	26.677	=IF(D4423>0,ROUND(C4423/D4423,6),"")
37742	Knoxville, TN	7568	49.411	=IF(D4424>0,ROUND(C4424/D4424,6),"")
37748	Knoxville, TN	17021	106.581	=IF(D4425>0,ROUND(C4425/D4425,6),"")
37754	Knoxville, TN	4075	38.225	=IF(D4426>0,ROUND(C4426/D4426,6),"")
37757	Knoxville, TN	10515	28.296	=IF(D4427>0,ROUND(C4427/D4427,6),"")
37762	Knoxville, TN	2528	15.234	=IF(D4428>0,ROUND(C4428/D4428,6),"")
37763	Knoxville, TN	16394	85.935	=IF(D4429>0,ROUND(C4429/D4429,6),"")
37766	Knoxville, TN	17643	137.326	=IF(D4430>0,ROUND(C4430/D4430,6),"")
37769	Knoxville, TN	5673	30.025	=IF(D4431>0,ROUND(C4431/D4431,6),"")
37770	Knoxville, TN	3034	136.329	=IF(D4432>0,ROUND(C4432/D4432,6),"")
37771	Knoxville, TN	17829	50.147	=IF(D4433>0,ROUND(C4433/D4433,6),"")
37772	Knoxville, TN	14164	38.668	=IF(D4434>0,ROUND(C4434/D4434,6),"")
37774	Knoxville, TN	20989	88.186	=IF(D4435>0,ROUND(C4435/D4435,6),"")
37777	Knoxville, TN	13101	32.893	=IF(D4436>0,ROUND(C4436/D4436,6),"")
37779	Knoxville, TN	3443	34.561	=IF(D4437>0,ROUND(C4437/D4437,6),"")
37801	Knoxville, TN	27271	69.387	=IF(D4438>0,ROUND(C4438/D4438,6),"")
37803	Knoxville, TN	33822	87.749	=IF(D4439>0,ROUND(C4439/D4439,6),"")
37804	Knoxville, TN	27423	34.866	=IF(D4440>0,ROUND(C4440/D4440,6),"")
37806	Knoxville, TN	3011	18.174	=IF(D4441>0,ROUND(C4441/D4441,6),"")
37807	Knoxville, TN	11476	79.955	=IF(D4442>0,ROUND(C4442/D4442,6),"")
37819	Knoxville, TN	632	21.011	=IF(D4443>0,ROUND(C4443/D4443,6),"")
37828	Knoxville, TN	1348	3.205	=IF(D4444>0,ROUND(C4444/D4444,6),"")
37829	Knoxville, TN	1939	44.26	=IF(D4445>0,ROUND(C4445/D4445,6),"")
37830	Knoxville, TN	32519	84.821	=IF(D4446>0,ROUND(C4446/D4446,6),"")
37840	Knoxville, TN	10402	80.715	=IF(D4447>0,ROUND(C4447/D4447,6),"")
37846	Knoxville, TN	4177	72.6	=IF(D4448>0,ROUND(C4448/D4448,6),"")
37847	Knoxville, TN	2789	145.969	=IF(D4449>0,ROUND(C4449/D4449,6),"")
37849	Knoxville, TN	28872	39.742	=IF(D4450>0,ROUND(C4450/D4450,6),"")
37852	Knoxville, TN	2915	104.766	=IF(D4451>0,ROUND(C4451/D4451,6),"")
37853	Knoxville, TN	3533	16.753	=IF(D4452>0,ROUND(C4452/D4452,6),"")
37854	Knoxville, TN	12403	136.412	=IF(D4453>0,ROUND(C4453/D4453,6),"")
37866	Knoxville, TN	2219	55.347	=IF(D4454>0,ROUND(C4454/D4454,6),"")
37870	Knoxville, TN	3866	82.983	=IF(D4455>0,ROUND(C4455/D4455,6),"")
37871	Knoxville, TN	8548	39.087	=IF(D4456>0,ROUND(C4456/D4456,6),"")
37872	Knoxville, TN	2096	91.895	=IF(D4457>0,ROUND(C4457/D4457,6),"")
37878	Knoxville, TN	709	25.955	=IF(D4458>0,ROUND(C4458/D4458,6),"")
37880	Knoxville, TN	3934	73.597	=IF(D4459>0,ROUND(C4459/D4459,6),"")
37882	Knoxville, TN	2800	183.832	=IF(D4460>0,ROUND(C4460/D4460,6),"")
37885	Knoxville, TN	6120	145.068	=IF(D4461>0,ROUND(C4461/D4461,6),"")
37886	Knoxville, TN	3585	42.378	=IF(D4462>0,ROUND(C4462/D4462,6),"")
37887	Knoxville, TN	6652	81.402	=IF(D4463>0,ROUND(C4463/D4463,6),"")
37909	Knoxville, TN	16848	6.801	=IF(D4464>0,ROUND(C4464/D4464,6),"")
37912	Knoxville, TN	22009	10.559	=IF(D4465>0,ROUND(C4465/D4465,6),"")
37914	Knoxville, TN	20917	39.713	=IF(D4466>0,ROUND(C4466/D4466,6),"")
37915	Knoxville, TN	6124	1.895	=IF(D4467>0,ROUND(C4467/D4467,6),"")
37916	Knoxville, TN	14771	1.409	=IF(D4468>0,ROUND(C4468/D4468,6),"")
37917	Knoxville, TN	25738	9.502	=IF(D4469>0,ROUND(C4469/D4469,6),"")
37918	Knoxville, TN	45978	34.558	=IF(D4470>0,ROUND(C4470/D4470,6),"")
37919	Knoxville, TN	31401	19.106	=IF(D4471>0,ROUND(C4471/D4471,6),"")
37920	Knoxville, TN	43509	72.301	=IF(D4472>0,ROUND(C4472/D4472,6),"")
37921	Knoxville, TN	29064	15.901	=IF(D4473>0,ROUND(C4473/D4473,6),"")
37922	Knoxville, TN	39013	27.727	=IF(D4474>0,ROUND(C4474/D4474,6),"")
37923	Knoxville, TN	30874	11.088	=IF(D4475>0,ROUND(C4475/D4475,6),"")
37924	Knoxville, TN	14672	27.864	=IF(D4476>0,ROUND(C4476/D4476,6),"")
37931	Knoxville, TN	31149	28.367	=IF(D4477>0,ROUND(C4477/D4477,6),"")
37932	Knoxville, TN	23330	28.994	=IF(D4478>0,ROUND(C4478/D4478,6),"")
37934	Knoxville, TN	28237	17.426	=IF(D4479>0,ROUND(C4479/D4479,6),"")
37938	Knoxville, TN	16904	32.364	=IF(D4480>0,ROUND(C4480/D4480,6),"")
38002	Memphis, TN-MS-AR	43868	116.298	=IF(D4481>0,ROUND(C4481/D4481,6),"")
38004	Memphis, TN-MS-AR	11696	27.349	=IF(D4482>0,ROUND(C4482/D4482,6),"")
38011	Memphis, TN-MS-AR	9493	57.045	=IF(D4483>0,ROUND(C4483/D4483,6),"")
38015	Memphis, TN-MS-AR	2213	42.265	=IF(D4484>0,ROUND(C4484/D4484,6),"")
38016	Memphis, TN-MS-AR	44390	18.114	=IF(D4485>0,ROUND(C4485/D4485,6),"")
38017	Memphis, TN-MS-AR	56427	81.956	=IF(D4486>0,ROUND(C4486/D4486,6),"")
38018	Memphis, TN-MS-AR	38357	18.654	=IF(D4487>0,ROUND(C4487/D4487,6),"")
38019	Memphis, TN-MS-AR	15747	140.553	=IF(D4488>0,ROUND(C4488/D4488,6),"")
38023	Memphis, TN-MS-AR	5343	75.459	=IF(D4489>0,ROUND(C4489/D4489,6),"")
38028	Memphis, TN-MS-AR	7699	59.128	=IF(D4490>0,ROUND(C4490/D4490,6),"")
38039	Memphis, TN-MS-AR	1377	67.262	=IF(D4491>0,ROUND(C4491/D4491,6),"")
38042	Memphis, TN-MS-AR	451	51.366	=IF(D4492>0,ROUND(C4492/D4492,6),"")
38049	Memphis, TN-MS-AR	4319	111.436	=IF(D4493>0,ROUND(C4493/D4493,6),"")
38053	Memphis, TN-MS-AR	25352	162.403	=IF(D4494>0,ROUND(C4494/D4494,6),"")
38057	Memphis, TN-MS-AR	3329	106.28	=IF(D4495>0,ROUND(C4495/D4495,6),"")
38058	Memphis, TN-MS-AR	10900	25.929	=IF(D4496>0,ROUND(C4496/D4496,6),"")
38060	Memphis, TN-MS-AR	12360	44.889	=IF(D4497>0,ROUND(C4497/D4497,6),"")
38066	Memphis, TN-MS-AR	3706	57.532	=IF(D4498>0,ROUND(C4498/D4498,6),"")
38068	Memphis, TN-MS-AR	10854	258.731	=IF(D4499>0,ROUND(C4499/D4499,6),"")
38076	Memphis, TN-MS-AR	874	28.484	=IF(D4500>0,ROUND(C4500/D4500,6),"")
38103	Memphis, TN-MS-AR	14025	2.648	=IF(D4501>0,ROUND(C4501/D4501,6),"")
38104	Memphis, TN-MS-AR	22925	4.952	=IF(D4502>0,ROUND(C4502/D4502,6),"")
38105	Memphis, TN-MS-AR	5151	1.69	=IF(D4503>0,ROUND(C4503/D4503,6),"")
38106	Memphis, TN-MS-AR	21827	10.28	=IF(D4504>0,ROUND(C4504/D4504,6),"")
38107	Memphis, TN-MS-AR	14254	5.449	=IF(D4505>0,ROUND(C4505/D4505,6),"")
38108	Memphis, TN-MS-AR	18501	7.596	=IF(D4506>0,ROUND(C4506/D4506,6),"")
38109	Memphis, TN-MS-AR	43764	56.175	=IF(D4507>0,ROUND(C4507/D4507,6),"")
38111	Memphis, TN-MS-AR	43308	9.774	=IF(D4508>0,ROUND(C4508/D4508,6),"")
38112	Memphis, TN-MS-AR	16798	4.806	=IF(D4509>0,ROUND(C4509/D4509,6),"")
38114	Memphis, TN-MS-AR	20440	7.597	=IF(D4510>0,ROUND(C4510/D4510,6),"")
38115	Memphis, TN-MS-AR	36878	8.583	=IF(D4511>0,ROUND(C4511/D4511,6),"")
38116	Memphis, TN-MS-AR	41393	19.621	=IF(D4512>0,ROUND(C4512/D4512,6),"")
38117	Memphis, TN-MS-AR	26327	9.389	=IF(D4513>0,ROUND(C4513/D4513,6),"")
38118	Memphis, TN-MS-AR	39162	30.467	=IF(D4514>0,ROUND(C4514/D4514,6),"")
38119	Memphis, TN-MS-AR	22332	8.817	=IF(D4515>0,ROUND(C4515/D4515,6),"")
38120	Memphis, TN-MS-AR	13249	9.615	=IF(D4516>0,ROUND(C4516/D4516,6),"")
38122	Memphis, TN-MS-AR	25310	6.817	=IF(D4517>0,ROUND(C4517/D4517,6),"")
38125	Memphis, TN-MS-AR	42793	19.005	=IF(D4518>0,ROUND(C4518/D4518,6),"")
38126	Memphis, TN-MS-AR	5723	1.858	=IF(D4519>0,ROUND(C4519/D4519,6),"")
38127	Memphis, TN-MS-AR	39553	37.764	=IF(D4520>0,ROUND(C4520/D4520,6),"")
38128	Memphis, TN-MS-AR	44027	23.645	=IF(D4521>0,ROUND(C4521/D4521,6),"")
38133	Memphis, TN-MS-AR	21153	13.002	=IF(D4522>0,ROUND(C4522/D4522,6),"")
38134	Memphis, TN-MS-AR	42500	18.576	=IF(D4523>0,ROUND(C4523/D4523,6),"")
38135	Memphis, TN-MS-AR	30490	12.887	=IF(D4524>0,ROUND(C4524/D4524,6),"")
38138	Memphis, TN-MS-AR	25368	11.863	=IF(D4525>0,ROUND(C4525/D4525,6),"")
38139	Memphis, TN-MS-AR	16298	8.708	=IF(D4526>0,ROUND(C4526/D4526,6),"")
38141	Memphis, TN-MS-AR	23768	7.808	=IF(D4527>0,ROUND(C4527/D4527,6),"")
38401	Nashville-Davidson--Murfreesboro--Franklin, TN	66696	296.649	=IF(D4528>0,ROUND(C4528/D4528,6),"")
38451	Nashville-Davidson--Murfreesboro--Franklin, TN	4196	84.066	=IF(D4529>0,ROUND(C4529/D4529,6),"")
38461	Nashville-Davidson--Murfreesboro--Franklin, TN	1176	72.796	=IF(D4530>0,ROUND(C4530/D4530,6),"")
38474	Nashville-Davidson--Murfreesboro--Franklin, TN	9336	104.188	=IF(D4531>0,ROUND(C4531/D4531,6),"")
38476	Nashville-Davidson--Murfreesboro--Franklin, TN	1240	40.733	=IF(D4532>0,ROUND(C4532/D4532,6),"")
38482	Nashville-Davidson--Murfreesboro--Franklin, TN	1742	44.388	=IF(D4533>0,ROUND(C4533/D4533,6),"")
38487	Nashville-Davidson--Murfreesboro--Franklin, TN	688	50.8	=IF(D4534>0,ROUND(C4534/D4534,6),"")
38547	Nashville-Davidson--Murfreesboro--Franklin, TN	1856	30.957	=IF(D4535>0,ROUND(C4535/D4535,6),"")
38552	Nashville-Davidson--Murfreesboro--Franklin, TN	286	7.304	=IF(D4536>0,ROUND(C4536/D4536,6),"")
38560	Nashville-Davidson--Murfreesboro--Franklin, TN	1639	32.967	=IF(D4537>0,ROUND(C4537/D4537,6),"")
38563	Nashville-Davidson--Murfreesboro--Franklin, TN	2271	33.186	=IF(D4538>0,ROUND(C4538/D4538,6),"")
38567	Nashville-Davidson--Murfreesboro--Franklin, TN	1035	20.711	=IF(D4539>0,ROUND(C4539/D4539,6),"")
38569	Nashville-Davidson--Murfreesboro--Franklin, TN	316	13.413	=IF(D4540>0,ROUND(C4540/D4540,6),"")
38611	Memphis, TN-MS-AR	16751	191.739	=IF(D4541>0,ROUND(C4541/D4541,6),"")
38618	Memphis, TN-MS-AR	10022	198.352	=IF(D4542>0,ROUND(C4542/D4542,6),"")
38626	Memphis, TN-MS-AR	1123	169.178	=IF(D4543>0,ROUND(C4543/D4543,6),"")
38632	Memphis, TN-MS-AR	30824	162.254	=IF(D4544>0,ROUND(C4544/D4544,6),"")
38635	Memphis, TN-MS-AR	15312	343.32	=IF(D4545>0,ROUND(C4545/D4545,6),"")
38637	Memphis, TN-MS-AR	26622	15.864	=IF(D4546>0,ROUND(C4546/D4546,6),"")
38641	Memphis, TN-MS-AR	2102	76.601	=IF(D4547>0,ROUND(C4547/D4547,6),"")
38642	Memphis, TN-MS-AR	2085	75.318	=IF(D4548>0,ROUND(C4548/D4548,6),"")
38651	Memphis, TN-MS-AR	8491	32.94	=IF(D4549>0,ROUND(C4549/D4549,6),"")
38654	Memphis, TN-MS-AR	57334	91.771	=IF(D4550>0,ROUND(C4550/D4550,6),"")
38659	Memphis, TN-MS-AR	2117	110.874	=IF(D4551>0,ROUND(C4551/D4551,6),"")
38661	Memphis, TN-MS-AR	1808	30.249	=IF(D4552>0,ROUND(C4552/D4552,6),"")
38664	Memphis, TN-MS-AR	3261	99.152	=IF(D4553>0,ROUND(C4553/D4553,6),"")
38665	Memphis, TN-MS-AR	3817	65.528	=IF(D4554>0,ROUND(C4554/D4554,6),"")
38668	Memphis, TN-MS-AR	14123	160.343	=IF(D4555>0,ROUND(C4555/D4555,6),"")
38671	Memphis, TN-MS-AR	37070	22.245	=IF(D4556>0,ROUND(C4556/D4556,6),"")
38672	Memphis, TN-MS-AR	15899	13.03	=IF(D4557>0,ROUND(C4557/D4557,6),"")
38676	Memphis, TN-MS-AR	5318	170.002	=IF(D4558>0,ROUND(C4558/D4558,6),"")
38680	Memphis, TN-MS-AR	7069	24.238	=IF(D4559>0,ROUND(C4559/D4559,6),"")
38685	Memphis, TN-MS-AR	983	83.743	=IF(D4560>0,ROUND(C4560/D4560,6),"")
41001	Cincinnati, OH-KY-IN	19206	51.71	=IF(D4561>0,ROUND(C4561/D4561,6),"")
41002	Cincinnati, OH-KY-IN	2498	40.968	=IF(D4562>0,ROUND(C4562/D4562,6),"")
41003	Cincinnati, OH-KY-IN	2891	88.672	=IF(D4563>0,ROUND(C4563/D4563,6),"")
41004	Cincinnati, OH-KY-IN	4105	112.037	=IF(D4564>0,ROUND(C4564/D4564,6),"")
41005	Cincinnati, OH-KY-IN	25621	52.362	=IF(D4565>0,ROUND(C4565/D4565,6),"")
41006	Cincinnati, OH-KY-IN	3862	55.401	=IF(D4566>0,ROUND(C4566/D4566,6),"")
41007	Cincinnati, OH-KY-IN	4606	49.609	=IF(D4567>0,ROUND(C4567/D4567,6),"")
41010	Cincinnati, OH-KY-IN	3101	91.661	=IF(D4568>0,ROUND(C4568/D4568,6),"")
41011	Cincinnati, OH-KY-IN	27558	7.029	=IF(D4569>0,ROUND(C4569/D4569,6),"")
41014	Cincinnati, OH-KY-IN	7118	1.01	=IF(D4570>0,ROUND(C4570/D4570,6),"")
41015	Cincinnati, OH-KY-IN	20396	25.478	=IF(D4571>0,ROUND(C4571/D4571,6),"")
41016	Cincinnati, OH-KY-IN	5794	1.481	=IF(D4572>0,ROUND(C4572/D4572,6),"")
41017	Cincinnati, OH-KY-IN	40661	21.226	=IF(D4573>0,ROUND(C4573/D4573,6),"")
41018	Cincinnati, OH-KY-IN	28707	11.565	=IF(D4574>0,ROUND(C4574/D4574,6),"")
41030	Cincinnati, OH-KY-IN	6472	32.66	=IF(D4575>0,ROUND(C4575/D4575,6),"")
41033	Cincinnati, OH-KY-IN	2252	40.847	=IF(D4576>0,ROUND(C4576/D4576,6),"")
41035	Cincinnati, OH-KY-IN	11220	102.17	=IF(D4577>0,ROUND(C4577/D4577,6),"")
41040	Cincinnati, OH-KY-IN	6998	149.366	=IF(D4578>0,ROUND(C4578/D4578,6),"")
41042	Cincinnati, OH-KY-IN	55880	22.116	=IF(D4579>0,ROUND(C4579/D4579,6),"")
41043	Cincinnati, OH-KY-IN	1576	49.827	=IF(D4580>0,ROUND(C4580/D4580,6),"")
41044	Cincinnati, OH-KY-IN	1203	30.262	=IF(D4581>0,ROUND(C4581/D4581,6),"")
41045	Cincinnati, OH-KY-IN	1222	32.344	=IF(D4582>0,ROUND(C4582/D4582,6),"")
41046	Cincinnati, OH-KY-IN	1685	23.585	=IF(D4583>0,ROUND(C4583/D4583,6),"")
41048	Cincinnati, OH-KY-IN	16262	33.528	=IF(D4584>0,ROUND(C4584/D4584,6),"")
41051	Cincinnati, OH-KY-IN	32192	30.147	=IF(D4585>0,ROUND(C4585/D4585,6),"")
41059	Cincinnati, OH-KY-IN	3166	15.363	=IF(D4586>0,ROUND(C4586/D4586,6),"")
41063	Cincinnati, OH-KY-IN	2830	31.619	=IF(D4587>0,ROUND(C4587/D4587,6),"")
41071	Cincinnati, OH-KY-IN	19662	5.485	=IF(D4588>0,ROUND(C4588/D4588,6),"")
41073	Cincinnati, OH-KY-IN	5598	0.905	=IF(D4589>0,ROUND(C4589/D4589,6),"")
41074	Cincinnati, OH-KY-IN	5703	1.45	=IF(D4590>0,ROUND(C4590/D4590,6),"")
41075	Cincinnati, OH-KY-IN	17433	5.834	=IF(D4591>0,ROUND(C4591/D4591,6),"")
41076	Cincinnati, OH-KY-IN	17145	19.24	=IF(D4592>0,ROUND(C4592/D4592,6),"")
41080	Cincinnati, OH-KY-IN	1729	26.798	=IF(D4593>0,ROUND(C4593/D4593,6),"")
41083	Cincinnati, OH-KY-IN	1990	39.605	=IF(D4594>0,ROUND(C4594/D4594,6),"")
41085	Cincinnati, OH-KY-IN	653	0.319	=IF(D4595>0,ROUND(C4595/D4595,6),"")
41086	Cincinnati, OH-KY-IN	2126	47.949	=IF(D4596>0,ROUND(C4596/D4596,6),"")
41091	Cincinnati, OH-KY-IN	24371	56.169	=IF(D4597>0,ROUND(C4597/D4597,6),"")
41092	Cincinnati, OH-KY-IN	3250	38.253	=IF(D4598>0,ROUND(C4598/D4598,6),"")
41094	Cincinnati, OH-KY-IN	14798	42.08	=IF(D4599>0,ROUND(C4599/D4599,6),"")
41095	Cincinnati, OH-KY-IN	3775	27.667	=IF(D4600>0,ROUND(C4600/D4600,6),"")
41097	Cincinnati, OH-KY-IN	7308	95.63	=IF(D4601>0,ROUND(C4601/D4601,6),"")
42025	Clarksville, TN-KY	19238	199.703	=IF(D4602>0,ROUND(C4602/D4602,6),"")
42211	Clarksville, TN-KY	12912	284.419	=IF(D4603>0,ROUND(C4603/D4603,6),"")
42215	Clarksville, TN-KY	1692	56.44	=IF(D4604>0,ROUND(C4604/D4604,6),"")
42217	Clarksville, TN-KY	3739	159.975	=IF(D4605>0,ROUND(C4605/D4605,6),"")
42232	Clarksville, TN-KY	1052	21.958	=IF(D4606>0,ROUND(C4606/D4606,6),"")
42236	Clarksville, TN-KY	853	63.302	=IF(D4607>0,ROUND(C4607/D4607,6),"")
42240	Clarksville, TN-KY	41510	277.228	=IF(D4608>0,ROUND(C4608/D4608,6),"")
42254	Clarksville, TN-KY	176	9.384	=IF(D4609>0,ROUND(C4609/D4609,6),"")
42262	Clarksville, TN-KY	9646	31.215	=IF(D4610>0,ROUND(C4610/D4610,6),"")
42266	Clarksville, TN-KY	3203	72.591	=IF(D4611>0,ROUND(C4611/D4611,6),"")
42286	Clarksville, TN-KY	2143	68.69	=IF(D4612>0,ROUND(C4612/D4612,6),"")
43001	Columbus, OH	2639	29.313	=IF(D4613>0,ROUND(C4613/D4613,6),"")
43003	Columbus, OH	3376	33.834	=IF(D4614>0,ROUND(C4614/D4614,6),"")
43004	Columbus, OH	31416	12.502	=IF(D4615>0,ROUND(C4615/D4615,6),"")
43008	Columbus, OH	2419	1.502	=IF(D4616>0,ROUND(C4616/D4616,6),"")
43013	Columbus, OH	1680	20.096	=IF(D4617>0,ROUND(C4617/D4617,6),"")
43015	Columbus, OH	59027	127.927	=IF(D4618>0,ROUND(C4618/D4618,6),"")
43016	Columbus, OH	44514	19.005	=IF(D4619>0,ROUND(C4619/D4619,6),"")
43017	Columbus, OH	41422	16.144	=IF(D4620>0,ROUND(C4620/D4620,6),"")
43018	Columbus, OH	82	0.62	=IF(D4621>0,ROUND(C4621/D4621,6),"")
43021	Columbus, OH	14855	38.894	=IF(D4622>0,ROUND(C4622/D4622,6),"")
43023	Columbus, OH	15772	49.939	=IF(D4623>0,ROUND(C4623/D4623,6),"")
43025	Columbus, OH	5500	35.46	=IF(D4624>0,ROUND(C4624/D4624,6),"")
43026	Columbus, OH	64644	35.294	=IF(D4625>0,ROUND(C4625/D4625,6),"")
43029	Columbus, OH	524	23.402	=IF(D4626>0,ROUND(C4626/D4626,6),"")
43031	Columbus, OH	13900	85.044	=IF(D4627>0,ROUND(C4627/D4627,6),"")
43033	Columbus, OH	413	0.726	=IF(D4628>0,ROUND(C4628/D4628,6),"")
43035	Columbus, OH	35732	19.608	=IF(D4629>0,ROUND(C4629/D4629,6),"")
43036	Columbus, OH	326	0.163	=IF(D4630>0,ROUND(C4630/D4630,6),"")
43040	Columbus, OH	37582	166.27	=IF(D4631>0,ROUND(C4631/D4631,6),"")
43045	Columbus, OH	1665	37.563	=IF(D4632>0,ROUND(C4632/D4632,6),"")
43046	Columbus, OH	3128	26.662	=IF(D4633>0,ROUND(C4633/D4633,6),"")
43054	Columbus, OH	27727	25.673	=IF(D4634>0,ROUND(C4634/D4634,6),"")
43055	Columbus, OH	62697	112.708	=IF(D4635>0,ROUND(C4635/D4635,6),"")
43056	Columbus, OH	17485	86.984	=IF(D4636>0,ROUND(C4636/D4636,6),"")
43061	Columbus, OH	5198	45.195	=IF(D4637>0,ROUND(C4637/D4637,6),"")
43062	Columbus, OH	31822	74.252	=IF(D4638>0,ROUND(C4638/D4638,6),"")
43064	Columbus, OH	17829	103.613	=IF(D4639>0,ROUND(C4639/D4639,6),"")
43065	Columbus, OH	45284	28.08	=IF(D4640>0,ROUND(C4640/D4640,6),"")
43066	Columbus, OH	1170	35.964	=IF(D4641>0,ROUND(C4641/D4641,6),"")
43067	Columbus, OH	1655	32.818	=IF(D4642>0,ROUND(C4642/D4642,6),"")
43068	Columbus, OH	59399	19.607	=IF(D4643>0,ROUND(C4643/D4643,6),"")
43071	Columbus, OH	2424	35.645	=IF(D4644>0,ROUND(C4644/D4644,6),"")
43074	Columbus, OH	15948	85.204	=IF(D4645>0,ROUND(C4645/D4645,6),"")
43076	Columbus, OH	8805	65.204	=IF(D4646>0,ROUND(C4646/D4646,6),"")
43077	Columbus, OH	278	0.158	=IF(D4647>0,ROUND(C4647/D4647,6),"")
43081	Columbus, OH	64314	25.115	=IF(D4648>0,ROUND(C4648/D4648,6),"")
43082	Columbus, OH	33799	20.948	=IF(D4649>0,ROUND(C4649/D4649,6),"")
43085	Columbus, OH	26154	7.315	=IF(D4650>0,ROUND(C4650/D4650,6),"")
43102	Columbus, OH	3797	57.349	=IF(D4651>0,ROUND(C4651/D4651,6),"")
43103	Columbus, OH	12981	83.541	=IF(D4652>0,ROUND(C4652/D4652,6),"")
43105	Columbus, OH	9059	56.625	=IF(D4653>0,ROUND(C4653/D4653,6),"")
43107	Columbus, OH	3528	29.759	=IF(D4654>0,ROUND(C4654/D4654,6),"")
43110	Columbus, OH	40896	46.679	=IF(D4655>0,ROUND(C4655/D4655,6),"")
43112	Columbus, OH	4961	35.449	=IF(D4656>0,ROUND(C4656/D4656,6),"")
43113	Columbus, OH	24314	162.19	=IF(D4657>0,ROUND(C4657/D4657,6),"")
43116	Columbus, OH	2764	1.012	=IF(D4658>0,ROUND(C4658/D4658,6),"")
43119	Columbus, OH	29423	32.104	=IF(D4659>0,ROUND(C4659/D4659,6),"")
43123	Columbus, OH	66366	59.74	=IF(D4660>0,ROUND(C4660/D4660,6),"")
43125	Columbus, OH	14765	31.459	=IF(D4661>0,ROUND(C4661/D4661,6),"")
43130	Columbus, OH	62450	164.521	=IF(D4662>0,ROUND(C4662/D4662,6),"")
43135	Columbus, OH	4225	91.909	=IF(D4663>0,ROUND(C4663/D4663,6),"")
43136	Columbus, OH	2270	1.194	=IF(D4664>0,ROUND(C4664/D4664,6),"")
43137	Columbus, OH	2188	31.857	=IF(D4665>0,ROUND(C4665/D4665,6),"")
43138	Columbus, OH	19147	175.805	=IF(D4666>0,ROUND(C4666/D4666,6),"")
43140	Columbus, OH	24162	219.854	=IF(D4667>0,ROUND(C4667/D4667,6),"")
43143	Columbus, OH	5609	133.643	=IF(D4668>0,ROUND(C4668/D4668,6),"")
43146	Columbus, OH	13325	77.908	=IF(D4669>0,ROUND(C4669/D4669,6),"")
43147	Columbus, OH	45929	29.913	=IF(D4670>0,ROUND(C4670/D4670,6),"")
43148	Columbus, OH	1936	26.964	=IF(D4671>0,ROUND(C4671/D4671,6),"")
43149	Columbus, OH	2160	54.143	=IF(D4672>0,ROUND(C4672/D4672,6),"")
43150	Columbus, OH	2237	24.368	=IF(D4673>0,ROUND(C4673/D4673,6),"")
43151	Columbus, OH	223	0.26	=IF(D4674>0,ROUND(C4674/D4674,6),"")
43152	Columbus, OH	800	47.459	=IF(D4675>0,ROUND(C4675/D4675,6),"")
43153	Columbus, OH	1193	51.841	=IF(D4676>0,ROUND(C4676/D4676,6),"")
43154	Columbus, OH	3447	26.332	=IF(D4677>0,ROUND(C4677/D4677,6),"")
43155	Columbus, OH	2423	29.686	=IF(D4678>0,ROUND(C4678/D4678,6),"")
43156	Columbus, OH	166	0.299	=IF(D4679>0,ROUND(C4679/D4679,6),"")
43157	Columbus, OH	615	0.396	=IF(D4680>0,ROUND(C4680/D4680,6),"")
43162	Columbus, OH	6647	47.003	=IF(D4681>0,ROUND(C4681/D4681,6),"")
43164	Columbus, OH	2062	62.006	=IF(D4682>0,ROUND(C4682/D4682,6),"")
43201	Columbus, OH	33873	3.055	=IF(D4683>0,ROUND(C4683/D4683,6),"")
43202	Columbus, OH	20059	2.514	=IF(D4684>0,ROUND(C4684/D4684,6),"")
43203	Columbus, OH	9093	1.441	=IF(D4685>0,ROUND(C4685/D4685,6),"")
43204	Columbus, OH	43444	9.353	=IF(D4686>0,ROUND(C4686/D4686,6),"")
43205	Columbus, OH	12400	2.39	=IF(D4687>0,ROUND(C4687/D4687,6),"")
43206	Columbus, OH	22026	3.019	=IF(D4688>0,ROUND(C4688/D4688,6),"")
43207	Columbus, OH	46810	23.122	=IF(D4689>0,ROUND(C4689/D4689,6),"")
43209	Columbus, OH	28431	6.121	=IF(D4690>0,ROUND(C4690/D4690,6),"")
43211	Columbus, OH	23003	4.713	=IF(D4691>0,ROUND(C4691/D4691,6),"")
43212	Columbus, OH	23092	3.738	=IF(D4692>0,ROUND(C4692/D4692,6),"")
43213	Columbus, OH	35912	10.323	=IF(D4693>0,ROUND(C4693/D4693,6),"")
43214	Columbus, OH	26420	6.814	=IF(D4694>0,ROUND(C4694/D4694,6),"")
43215	Columbus, OH	16999	5.14	=IF(D4695>0,ROUND(C4695/D4695,6),"")
43219	Columbus, OH	32537	15.958	=IF(D4696>0,ROUND(C4696/D4696,6),"")
43220	Columbus, OH	29715	6.612	=IF(D4697>0,ROUND(C4697/D4697,6),"")
43221	Columbus, OH	35037	9.541	=IF(D4698>0,ROUND(C4698/D4698,6),"")
43222	Columbus, OH	4182	1.411	=IF(D4699>0,ROUND(C4699/D4699,6),"")
43223	Columbus, OH	27427	10.002	=IF(D4700>0,ROUND(C4700/D4700,6),"")
43224	Columbus, OH	44096	8.263	=IF(D4701>0,ROUND(C4701/D4701,6),"")
43227	Columbus, OH	25282	4.149	=IF(D4702>0,ROUND(C4702/D4702,6),"")
43228	Columbus, OH	58607	19.892	=IF(D4703>0,ROUND(C4703/D4703,6),"")
43229	Columbus, OH	54237	9.038	=IF(D4704>0,ROUND(C4704/D4704,6),"")
43230	Columbus, OH	59522	20.406	=IF(D4705>0,ROUND(C4705/D4705,6),"")
43231	Columbus, OH	22722	4.158	=IF(D4706>0,ROUND(C4706/D4706,6),"")
43232	Columbus, OH	46844	12.445	=IF(D4707>0,ROUND(C4707/D4707,6),"")
43235	Columbus, OH	45171	14.15	=IF(D4708>0,ROUND(C4708/D4708,6),"")
43240	Columbus, OH	7287	2.459	=IF(D4709>0,ROUND(C4709/D4709,6),"")
43315	Columbus, OH	6996	84.026	=IF(D4710>0,ROUND(C4710/D4710,6),"")
43320	Columbus, OH	1538	31.611	=IF(D4711>0,ROUND(C4711/D4711,6),"")
43321	Columbus, OH	357	0.153	=IF(D4712>0,ROUND(C4712/D4712,6),"")
43334	Columbus, OH	6339	66.051	=IF(D4713>0,ROUND(C4713/D4713,6),"")
43338	Columbus, OH	10394	95.053	=IF(D4714>0,ROUND(C4714/D4714,6),"")
43340	Columbus, OH	2192	48.715	=IF(D4715>0,ROUND(C4715/D4715,6),"")
43344	Columbus, OH	6049	97.975	=IF(D4716>0,ROUND(C4716/D4716,6),"")
43358	Columbus, OH	2628	60.968	=IF(D4717>0,ROUND(C4717/D4717,6),"")
43730	Columbus, OH	2718	44.575	=IF(D4718>0,ROUND(C4718/D4718,6),"")
43731	Columbus, OH	4982	52.154	=IF(D4719>0,ROUND(C4719/D4719,6),"")
43739	Columbus, OH	2743	34.823	=IF(D4720>0,ROUND(C4720/D4720,6),"")
43748	Columbus, OH	2955	36.814	=IF(D4721>0,ROUND(C4721/D4721,6),"")
43760	Columbus, OH	1564	34.851	=IF(D4722>0,ROUND(C4722/D4722,6),"")
43764	Columbus, OH	7971	60.81	=IF(D4723>0,ROUND(C4723/D4723,6),"")
43766	Columbus, OH	1253	38.887	=IF(D4724>0,ROUND(C4724/D4724,6),"")
43783	Columbus, OH	5031	57.102	=IF(D4725>0,ROUND(C4725/D4725,6),"")
45001	Cincinnati, OH-KY-IN	863	0.851	=IF(D4726>0,ROUND(C4726/D4726,6),"")
45002	Cincinnati, OH-KY-IN	14647	25.649	=IF(D4727>0,ROUND(C4727/D4727,6),"")
45003	Cincinnati, OH-KY-IN	666	15.206	=IF(D4728>0,ROUND(C4728/D4728,6),"")
45005	Cincinnati, OH-KY-IN	31906	36.638	=IF(D4729>0,ROUND(C4729/D4729,6),"")
45011	Cincinnati, OH-KY-IN	74636	60.389	=IF(D4730>0,ROUND(C4730/D4730,6),"")
45013	Cincinnati, OH-KY-IN	53533	117.656	=IF(D4731>0,ROUND(C4731/D4731,6),"")
45014	Cincinnati, OH-KY-IN	45652	22.589	=IF(D4732>0,ROUND(C4732/D4732,6),"")
45015	Cincinnati, OH-KY-IN	11102	5.633	=IF(D4733>0,ROUND(C4733/D4733,6),"")
45030	Cincinnati, OH-KY-IN	21328	40.143	=IF(D4734>0,ROUND(C4734/D4734,6),"")
45032	Cincinnati, OH-KY-IN	627	0.363	=IF(D4735>0,ROUND(C4735/D4735,6),"")
45034	Cincinnati, OH-KY-IN	1080	0.745	=IF(D4736>0,ROUND(C4736/D4736,6),"")
45036	Cincinnati, OH-KY-IN	43262	81.147	=IF(D4737>0,ROUND(C4737/D4737,6),"")
45039	Cincinnati, OH-KY-IN	28958	15.565	=IF(D4738>0,ROUND(C4738/D4738,6),"")
45040	Cincinnati, OH-KY-IN	58132	28.453	=IF(D4739>0,ROUND(C4739/D4739,6),"")
45042	Cincinnati, OH-KY-IN	28217	49.188	=IF(D4740>0,ROUND(C4740/D4740,6),"")
45044	Cincinnati, OH-KY-IN	54452	37.785	=IF(D4741>0,ROUND(C4741/D4741,6),"")
45050	Cincinnati, OH-KY-IN	12162	8.427	=IF(D4742>0,ROUND(C4742/D4742,6),"")
45052	Cincinnati, OH-KY-IN	4236	13.266	=IF(D4743>0,ROUND(C4743/D4743,6),"")
45053	Cincinnati, OH-KY-IN	3717	27.225	=IF(D4744>0,ROUND(C4744/D4744,6),"")
45054	Cincinnati, OH-KY-IN	2549	31.111	=IF(D4745>0,ROUND(C4745/D4745,6),"")
45056	Cincinnati, OH-KY-IN	27598	74.703	=IF(D4746>0,ROUND(C4746/D4746,6),"")
45062	Cincinnati, OH-KY-IN	667	0.791	=IF(D4747>0,ROUND(C4747/D4747,6),"")
45064	Cincinnati, OH-KY-IN	3281	32.103	=IF(D4748>0,ROUND(C4748/D4748,6),"")
45065	Cincinnati, OH-KY-IN	6938	2.939	=IF(D4749>0,ROUND(C4749/D4749,6),"")
45066	Cincinnati, OH-KY-IN	26663	20.405	=IF(D4750>0,ROUND(C4750/D4750,6),"")
45067	Cincinnati, OH-KY-IN	15328	19.589	=IF(D4751>0,ROUND(C4751/D4751,6),"")
45068	Cincinnati, OH-KY-IN	11606	70.593	=IF(D4752>0,ROUND(C4752/D4752,6),"")
45069	Cincinnati, OH-KY-IN	55635	28.967	=IF(D4753>0,ROUND(C4753/D4753,6),"")
45101	Cincinnati, OH-KY-IN	1876	17.757	=IF(D4754>0,ROUND(C4754/D4754,6),"")
45102	Cincinnati, OH-KY-IN	24838	22.131	=IF(D4755>0,ROUND(C4755/D4755,6),"")
45103	Cincinnati, OH-KY-IN	36788	85.323	=IF(D4756>0,ROUND(C4756/D4756,6),"")
45106	Cincinnati, OH-KY-IN	11096	73.687	=IF(D4757>0,ROUND(C4757/D4757,6),"")
45111	Cincinnati, OH-KY-IN	238	1.131	=IF(D4758>0,ROUND(C4758/D4758,6),"")
45118	Cincinnati, OH-KY-IN	3789	40.883	=IF(D4759>0,ROUND(C4759/D4759,6),"")
45120	Cincinnati, OH-KY-IN	2412	38.936	=IF(D4760>0,ROUND(C4760/D4760,6),"")
45121	Cincinnati, OH-KY-IN	8931	106.824	=IF(D4761>0,ROUND(C4761/D4761,6),"")
45122	Cincinnati, OH-KY-IN	11195	42.199	=IF(D4762>0,ROUND(C4762/D4762,6),"")
45130	Cincinnati, OH-KY-IN	3806	37.934	=IF(D4763>0,ROUND(C4763/D4763,6),"")
45140	Cincinnati, OH-KY-IN	56854	44.085	=IF(D4764>0,ROUND(C4764/D4764,6),"")
45150	Cincinnati, OH-KY-IN	33342	32.263	=IF(D4765>0,ROUND(C4765/D4765,6),"")
45152	Cincinnati, OH-KY-IN	13577	48.663	=IF(D4766>0,ROUND(C4766/D4766,6),"")
45153	Cincinnati, OH-KY-IN	2452	28.456	=IF(D4767>0,ROUND(C4767/D4767,6),"")
45154	Cincinnati, OH-KY-IN	9094	65.511	=IF(D4768>0,ROUND(C4768/D4768,6),"")
45157	Cincinnati, OH-KY-IN	9650	41.145	=IF(D4769>0,ROUND(C4769/D4769,6),"")
45160	Cincinnati, OH-KY-IN	568	0.309	=IF(D4770>0,ROUND(C4770/D4770,6),"")
45162	Cincinnati, OH-KY-IN	2348	23.866	=IF(D4771>0,ROUND(C4771/D4771,6),"")
45167	Cincinnati, OH-KY-IN	3379	61.881	=IF(D4772>0,ROUND(C4772/D4772,6),"")
45168	Cincinnati, OH-KY-IN	1399	27.644	=IF(D4773>0,ROUND(C4773/D4773,6),"")
45171	Cincinnati, OH-KY-IN	5770	80.865	=IF(D4774>0,ROUND(C4774/D4774,6),"")
45174	Cincinnati, OH-KY-IN	2294	1.236	=IF(D4775>0,ROUND(C4775/D4775,6),"")
45176	Cincinnati, OH-KY-IN	9813	53.115	=IF(D4776>0,ROUND(C4776/D4776,6),"")
45202	Cincinnati, OH-KY-IN	17022	2.664	=IF(D4777>0,ROUND(C4777/D4777,6),"")
45203	Cincinnati, OH-KY-IN	2530	1.197	=IF(D4778>0,ROUND(C4778/D4778,6),"")
45204	Cincinnati, OH-KY-IN	7710	3.075	=IF(D4779>0,ROUND(C4779/D4779,6),"")
45205	Cincinnati, OH-KY-IN	18615	2.798	=IF(D4780>0,ROUND(C4780/D4780,6),"")
45206	Cincinnati, OH-KY-IN	10387	2.04	=IF(D4781>0,ROUND(C4781/D4781,6),"")
45207	Cincinnati, OH-KY-IN	7089	1.188	=IF(D4782>0,ROUND(C4782/D4782,6),"")
45208	Cincinnati, OH-KY-IN	17858	4.312	=IF(D4783>0,ROUND(C4783/D4783,6),"")
45209	Cincinnati, OH-KY-IN	10772	2.266	=IF(D4784>0,ROUND(C4784/D4784,6),"")
45211	Cincinnati, OH-KY-IN	37234	9.014	=IF(D4785>0,ROUND(C4785/D4785,6),"")
45212	Cincinnati, OH-KY-IN	21007	3.666	=IF(D4786>0,ROUND(C4786/D4786,6),"")
45213	Cincinnati, OH-KY-IN	11273	3.127	=IF(D4787>0,ROUND(C4787/D4787,6),"")
45214	Cincinnati, OH-KY-IN	9077	2.683	=IF(D4788>0,ROUND(C4788/D4788,6),"")
45215	Cincinnati, OH-KY-IN	30806	11.995	=IF(D4789>0,ROUND(C4789/D4789,6),"")
45216	Cincinnati, OH-KY-IN	9493	2.794	=IF(D4790>0,ROUND(C4790/D4790,6),"")
45217	Cincinnati, OH-KY-IN	5437	2.153	=IF(D4791>0,ROUND(C4791/D4791,6),"")
45218	Cincinnati, OH-KY-IN	3815	1.315	=IF(D4792>0,ROUND(C4792/D4792,6),"")
45219	Cincinnati, OH-KY-IN	19326	1.587	=IF(D4793>0,ROUND(C4793/D4793,6),"")
45220	Cincinnati, OH-KY-IN	14636	2.893	=IF(D4794>0,ROUND(C4794/D4794,6),"")
45223	Cincinnati, OH-KY-IN	13049	4.632	=IF(D4795>0,ROUND(C4795/D4795,6),"")
45224	Cincinnati, OH-KY-IN	22186	6.069	=IF(D4796>0,ROUND(C4796/D4796,6),"")
45225	Cincinnati, OH-KY-IN	9451	2.927	=IF(D4797>0,ROUND(C4797/D4797,6),"")
45226	Cincinnati, OH-KY-IN	5962	5.715	=IF(D4798>0,ROUND(C4798/D4798,6),"")
45227	Cincinnati, OH-KY-IN	18653	5.783	=IF(D4799>0,ROUND(C4799/D4799,6),"")
45229	Cincinnati, OH-KY-IN	14000	2.735	=IF(D4800>0,ROUND(C4800/D4800,6),"")
45230	Cincinnati, OH-KY-IN	26923	13.744	=IF(D4801>0,ROUND(C4801/D4801,6),"")
45231	Cincinnati, OH-KY-IN	40852	14.781	=IF(D4802>0,ROUND(C4802/D4802,6),"")
45232	Cincinnati, OH-KY-IN	7257	4.042	=IF(D4803>0,ROUND(C4803/D4803,6),"")
45233	Cincinnati, OH-KY-IN	15362	10.829	=IF(D4804>0,ROUND(C4804/D4804,6),"")
45236	Cincinnati, OH-KY-IN	24648	6.879	=IF(D4805>0,ROUND(C4805/D4805,6),"")
45237	Cincinnati, OH-KY-IN	21234	6.075	=IF(D4806>0,ROUND(C4806/D4806,6),"")
45238	Cincinnati, OH-KY-IN	48936	10.295	=IF(D4807>0,ROUND(C4807/D4807,6),"")
45239	Cincinnati, OH-KY-IN	29035	6.256	=IF(D4808>0,ROUND(C4808/D4808,6),"")
45240	Cincinnati, OH-KY-IN	29453	9.682	=IF(D4809>0,ROUND(C4809/D4809,6),"")
45241	Cincinnati, OH-KY-IN	23545	17.481	=IF(D4810>0,ROUND(C4810/D4810,6),"")
45242	Cincinnati, OH-KY-IN	22253	13.55	=IF(D4811>0,ROUND(C4811/D4811,6),"")
45243	Cincinnati, OH-KY-IN	15958	19.406	=IF(D4812>0,ROUND(C4812/D4812,6),"")
45244	Cincinnati, OH-KY-IN	28720	21.701	=IF(D4813>0,ROUND(C4813/D4813,6),"")
45245	Cincinnati, OH-KY-IN	19707	15.836	=IF(D4814>0,ROUND(C4814/D4814,6),"")
45246	Cincinnati, OH-KY-IN	13925	9.432	=IF(D4815>0,ROUND(C4815/D4815,6),"")
45247	Cincinnati, OH-KY-IN	23588	21.16	=IF(D4816>0,ROUND(C4816/D4816,6),"")
45248	Cincinnati, OH-KY-IN	23287	11.39	=IF(D4817>0,ROUND(C4817/D4817,6),"")
45249	Cincinnati, OH-KY-IN	14219	6.803	=IF(D4818>0,ROUND(C4818/D4818,6),"")
45251	Cincinnati, OH-KY-IN	20561	11.882	=IF(D4819>0,ROUND(C4819/D4819,6),"")
45252	Cincinnati, OH-KY-IN	4941	11.326	=IF(D4820>0,ROUND(C4820/D4820,6),"")
45255	Cincinnati, OH-KY-IN	22760	12.946	=IF(D4821>0,ROUND(C4821/D4821,6),"")
45305	Dayton-Kettering, OH	11597	13.83	=IF(D4822>0,ROUND(C4822/D4822,6),"")
45307	Dayton-Kettering, OH	237	0.172	=IF(D4823>0,ROUND(C4823/D4823,6),"")
45309	Dayton-Kettering, OH	11905	65.949	=IF(D4824>0,ROUND(C4824/D4824,6),"")
45312	Dayton-Kettering, OH	1109	27.333	=IF(D4825>0,ROUND(C4825/D4825,6),"")
45314	Dayton-Kettering, OH	6488	51.413	=IF(D4826>0,ROUND(C4826/D4826,6),"")
45315	Dayton-Kettering, OH	4804	10.879	=IF(D4827>0,ROUND(C4827/D4827,6),"")
45317	Dayton-Kettering, OH	838	21.567	=IF(D4828>0,ROUND(C4828/D4828,6),"")
45318	Dayton-Kettering, OH	5338	46.855	=IF(D4829>0,ROUND(C4829/D4829,6),"")
45322	Dayton-Kettering, OH	20978	21.158	=IF(D4830>0,ROUND(C4830/D4830,6),"")
45324	Dayton-Kettering, OH	41273	33.14	=IF(D4831>0,ROUND(C4831/D4831,6),"")
45325	Dayton-Kettering, OH	2746	25.738	=IF(D4832>0,ROUND(C4832/D4832,6),"")
45326	Dayton-Kettering, OH	1509	23.399	=IF(D4833>0,ROUND(C4833/D4833,6),"")
45327	Dayton-Kettering, OH	8949	48.134	=IF(D4834>0,ROUND(C4834/D4834,6),"")
45335	Dayton-Kettering, OH	7285	82.328	=IF(D4835>0,ROUND(C4835/D4835,6),"")
45337	Dayton-Kettering, OH	1750	20.788	=IF(D4836>0,ROUND(C4836/D4836,6),"")
45339	Dayton-Kettering, OH	982	13.991	=IF(D4837>0,ROUND(C4837/D4837,6),"")
45342	Dayton-Kettering, OH	36675	34.308	=IF(D4838>0,ROUND(C4838/D4838,6),"")
45345	Dayton-Kettering, OH	5923	22.359	=IF(D4839>0,ROUND(C4839/D4839,6),"")
45354	Dayton-Kettering, OH	643	0.899	=IF(D4840>0,ROUND(C4840/D4840,6),"")
45356	Dayton-Kettering, OH	25155	75.51	=IF(D4841>0,ROUND(C4841/D4841,6),"")
45359	Dayton-Kettering, OH	2041	13.783	=IF(D4842>0,ROUND(C4842/D4842,6),"")
45370	Dayton-Kettering, OH	2732	16.655	=IF(D4843>0,ROUND(C4843/D4843,6),"")
45371	Dayton-Kettering, OH	22521	51.223	=IF(D4844>0,ROUND(C4844/D4844,6),"")
45373	Dayton-Kettering, OH	37274	87.687	=IF(D4845>0,ROUND(C4845/D4845,6),"")
45377	Dayton-Kettering, OH	14972	21.242	=IF(D4846>0,ROUND(C4846/D4846,6),"")
45378	Dayton-Kettering, OH	459	0.306	=IF(D4847>0,ROUND(C4847/D4847,6),"")
45383	Dayton-Kettering, OH	6883	23.482	=IF(D4848>0,ROUND(C4848/D4848,6),"")
45385	Dayton-Kettering, OH	40057	137.249	=IF(D4849>0,ROUND(C4849/D4849,6),"")
45387	Dayton-Kettering, OH	5174	28.583	=IF(D4850>0,ROUND(C4850/D4850,6),"")
45402	Dayton-Kettering, OH	9964	4.366	=IF(D4851>0,ROUND(C4851/D4851,6),"")
45403	Dayton-Kettering, OH	13831	3.147	=IF(D4852>0,ROUND(C4852/D4852,6),"")
45404	Dayton-Kettering, OH	10762	7.558	=IF(D4853>0,ROUND(C4853/D4853,6),"")
45405	Dayton-Kettering, OH	19322	3.968	=IF(D4854>0,ROUND(C4854/D4854,6),"")
45406	Dayton-Kettering, OH	20261	4.982	=IF(D4855>0,ROUND(C4855/D4855,6),"")
45409	Dayton-Kettering, OH	15677	3.677	=IF(D4856>0,ROUND(C4856/D4856,6),"")
45410	Dayton-Kettering, OH	15617	2.407	=IF(D4857>0,ROUND(C4857/D4857,6),"")
45414	Dayton-Kettering, OH	20479	21.762	=IF(D4858>0,ROUND(C4858/D4858,6),"")
45415	Dayton-Kettering, OH	12171	6.008	=IF(D4859>0,ROUND(C4859/D4859,6),"")
45416	Dayton-Kettering, OH	5353	1.937	=IF(D4860>0,ROUND(C4860/D4860,6),"")
45417	Dayton-Kettering, OH	28161	32.202	=IF(D4861>0,ROUND(C4861/D4861,6),"")
45419	Dayton-Kettering, OH	16583	3.726	=IF(D4862>0,ROUND(C4862/D4862,6),"")
45420	Dayton-Kettering, OH	23956	6.444	=IF(D4863>0,ROUND(C4863/D4863,6),"")
45424	Dayton-Kettering, OH	49871	31.519	=IF(D4864>0,ROUND(C4864/D4864,6),"")
45426	Dayton-Kettering, OH	13582	19.902	=IF(D4865>0,ROUND(C4865/D4865,6),"")
45429	Dayton-Kettering, OH	26510	9.899	=IF(D4866>0,ROUND(C4866/D4866,6),"")
45430	Dayton-Kettering, OH	7171	4.84	=IF(D4867>0,ROUND(C4867/D4867,6),"")
45431	Dayton-Kettering, OH	26961	11.733	=IF(D4868>0,ROUND(C4868/D4868,6),"")
45432	Dayton-Kettering, OH	14988	7.133	=IF(D4869>0,ROUND(C4869/D4869,6),"")
45434	Dayton-Kettering, OH	12482	10.435	=IF(D4870>0,ROUND(C4870/D4870,6),"")
45439	Dayton-Kettering, OH	12246	7.779	=IF(D4871>0,ROUND(C4871/D4871,6),"")
45440	Dayton-Kettering, OH	22730	9.198	=IF(D4872>0,ROUND(C4872/D4872,6),"")
45449	Dayton-Kettering, OH	18627	6.798	=IF(D4873>0,ROUND(C4873/D4873,6),"")
45458	Dayton-Kettering, OH	37413	19.871	=IF(D4874>0,ROUND(C4874/D4874,6),"")
45459	Dayton-Kettering, OH	28454	14.195	=IF(D4875>0,ROUND(C4875/D4875,6),"")
45654	Columbus, OH	715	53.477	=IF(D4876>0,ROUND(C4876/D4876,6),"")
45697	Cincinnati, OH-KY-IN	6138	96.61	=IF(D4877>0,ROUND(C4877/D4877,6),"")
46001	Indianapolis-Carmel-Anderson, IN	10481	77.16	=IF(D4878>0,ROUND(C4878/D4878,6),"")
46011	Indianapolis-Carmel-Anderson, IN	17115	73.903	=IF(D4879>0,ROUND(C4879/D4879,6),"")
46012	Indianapolis-Carmel-Anderson, IN	20248	32.023	=IF(D4880>0,ROUND(C4880/D4880,6),"")
46013	Indianapolis-Carmel-Anderson, IN	17616	20.919	=IF(D4881>0,ROUND(C4881/D4881,6),"")
46016	Indianapolis-Carmel-Anderson, IN	18380	6.362	=IF(D4882>0,ROUND(C4882/D4882,6),"")
46017	Indianapolis-Carmel-Anderson, IN	5421	17.712	=IF(D4883>0,ROUND(C4883/D4883,6),"")
46030	Indianapolis-Carmel-Anderson, IN	3278	33.12	=IF(D4884>0,ROUND(C4884/D4884,6),"")
46031	Indianapolis-Carmel-Anderson, IN	2237	51.361	=IF(D4885>0,ROUND(C4885/D4885,6),"")
46032	Indianapolis-Carmel-Anderson, IN	51181	25.351	=IF(D4886>0,ROUND(C4886/D4886,6),"")
46033	Indianapolis-Carmel-Anderson, IN	40153	17.427	=IF(D4887>0,ROUND(C4887/D4887,6),"")
46034	Indianapolis-Carmel-Anderson, IN	7263	31.311	=IF(D4888>0,ROUND(C4888/D4888,6),"")
46036	Indianapolis-Carmel-Anderson, IN	11211	80.276	=IF(D4889>0,ROUND(C4889/D4889,6),"")
46037	Indianapolis-Carmel-Anderson, IN	46976	20.1	=IF(D4890>0,ROUND(C4890/D4890,6),"")
46038	Indianapolis-Carmel-Anderson, IN	43245	15.517	=IF(D4891>0,ROUND(C4891/D4891,6),"")
46040	Indianapolis-Carmel-Anderson, IN	17891	31.46	=IF(D4892>0,ROUND(C4892/D4892,6),"")
46044	Indianapolis-Carmel-Anderson, IN	2646	21.615	=IF(D4893>0,ROUND(C4893/D4893,6),"")
46048	Indianapolis-Carmel-Anderson, IN	2209	0.786	=IF(D4894>0,ROUND(C4894/D4894,6),"")
46051	Indianapolis-Carmel-Anderson, IN	2857	15.501	=IF(D4895>0,ROUND(C4895/D4895,6),"")
46052	Indianapolis-Carmel-Anderson, IN	23455	177.621	=IF(D4896>0,ROUND(C4896/D4896,6),"")
46055	Indianapolis-Carmel-Anderson, IN	15027	26.245	=IF(D4897>0,ROUND(C4897/D4897,6),"")
46056	Indianapolis-Carmel-Anderson, IN	2244	24.584	=IF(D4898>0,ROUND(C4898/D4898,6),"")
46060	Indianapolis-Carmel-Anderson, IN	47514	80.607	=IF(D4899>0,ROUND(C4899/D4899,6),"")
46062	Indianapolis-Carmel-Anderson, IN	39348	33.511	=IF(D4900>0,ROUND(C4900/D4900,6),"")
46063	Indianapolis-Carmel-Anderson, IN	279	0.333	=IF(D4901>0,ROUND(C4901/D4901,6),"")
46064	Indianapolis-Carmel-Anderson, IN	17730	66.78	=IF(D4902>0,ROUND(C4902/D4902,6),"")
46069	Indianapolis-Carmel-Anderson, IN	6924	88.356	=IF(D4903>0,ROUND(C4903/D4903,6),"")
46070	Indianapolis-Carmel-Anderson, IN	2289	45.399	=IF(D4904>0,ROUND(C4904/D4904,6),"")
46071	Indianapolis-Carmel-Anderson, IN	3229	69.744	=IF(D4905>0,ROUND(C4905/D4905,6),"")
46074	Indianapolis-Carmel-Anderson, IN	46042	36.375	=IF(D4906>0,ROUND(C4906/D4906,6),"")
46075	Indianapolis-Carmel-Anderson, IN	9084	31.166	=IF(D4907>0,ROUND(C4907/D4907,6),"")
46077	Indianapolis-Carmel-Anderson, IN	35378	44.325	=IF(D4908>0,ROUND(C4908/D4908,6),"")
46102	Indianapolis-Carmel-Anderson, IN	418	0.589	=IF(D4909>0,ROUND(C4909/D4909,6),"")
46103	Indianapolis-Carmel-Anderson, IN	371	0.458	=IF(D4910>0,ROUND(C4910/D4910,6),"")
46105	Indianapolis-Carmel-Anderson, IN	1694	40.339	=IF(D4911>0,ROUND(C4911/D4911,6),"")
46106	Indianapolis-Carmel-Anderson, IN	9482	28.183	=IF(D4912>0,ROUND(C4912/D4912,6),"")
46107	Indianapolis-Carmel-Anderson, IN	13021	3.335	=IF(D4913>0,ROUND(C4913/D4913,6),"")
46110	Indianapolis-Carmel-Anderson, IN	942	14.702	=IF(D4914>0,ROUND(C4914/D4914,6),"")
46111	Indianapolis-Carmel-Anderson, IN	456	0.225	=IF(D4915>0,ROUND(C4915/D4915,6),"")
46112	Indianapolis-Carmel-Anderson, IN	42491	42.105	=IF(D4916>0,ROUND(C4916/D4916,6),"")
46113	Indianapolis-Carmel-Anderson, IN	17367	15.932	=IF(D4917>0,ROUND(C4917/D4917,6),"")
46117	Indianapolis-Carmel-Anderson, IN	555	10.949	=IF(D4918>0,ROUND(C4918/D4918,6),"")
46118	Indianapolis-Carmel-Anderson, IN	4340	54.503	=IF(D4919>0,ROUND(C4919/D4919,6),"")
46120	Indianapolis-Carmel-Anderson, IN	6138	91.66	=IF(D4920>0,ROUND(C4920/D4920,6),"")
46121	Indianapolis-Carmel-Anderson, IN	5153	55.255	=IF(D4921>0,ROUND(C4921/D4921,6),"")
46122	Indianapolis-Carmel-Anderson, IN	16343	88.402	=IF(D4922>0,ROUND(C4922/D4922,6),"")
46123	Indianapolis-Carmel-Anderson, IN	42395	28.58	=IF(D4923>0,ROUND(C4923/D4923,6),"")
46124	Indianapolis-Carmel-Anderson, IN	7638	73.555	=IF(D4924>0,ROUND(C4924/D4924,6),"")
46126	Indianapolis-Carmel-Anderson, IN	3976	32.647	=IF(D4925>0,ROUND(C4925/D4925,6),"")
46128	Indianapolis-Carmel-Anderson, IN	2319	33.571	=IF(D4926>0,ROUND(C4926/D4926,6),"")
46130	Indianapolis-Carmel-Anderson, IN	2372	30.183	=IF(D4927>0,ROUND(C4927/D4927,6),"")
46131	Indianapolis-Carmel-Anderson, IN	35502	125.984	=IF(D4928>0,ROUND(C4928/D4928,6),"")
46135	Indianapolis-Carmel-Anderson, IN	19639	167.072	=IF(D4929>0,ROUND(C4929/D4929,6),"")
46140	Indianapolis-Carmel-Anderson, IN	42927	172.511	=IF(D4930>0,ROUND(C4930/D4930,6),"")
46142	Indianapolis-Carmel-Anderson, IN	35368	14.939	=IF(D4931>0,ROUND(C4931/D4931,6),"")
46143	Indianapolis-Carmel-Anderson, IN	58238	49.432	=IF(D4932>0,ROUND(C4932/D4932,6),"")
46147	Indianapolis-Carmel-Anderson, IN	2490	56.798	=IF(D4933>0,ROUND(C4933/D4933,6),"")
46149	Indianapolis-Carmel-Anderson, IN	2234	26.646	=IF(D4934>0,ROUND(C4934/D4934,6),"")
46150	Indianapolis-Carmel-Anderson, IN	860	25.782	=IF(D4935>0,ROUND(C4935/D4935,6),"")
46151	Indianapolis-Carmel-Anderson, IN	32339	203.618	=IF(D4936>0,ROUND(C4936/D4936,6),"")
46157	Indianapolis-Carmel-Anderson, IN	4370	30.576	=IF(D4937>0,ROUND(C4937/D4937,6),"")
46158	Indianapolis-Carmel-Anderson, IN	24622	76.732	=IF(D4938>0,ROUND(C4938/D4938,6),"")
46160	Indianapolis-Carmel-Anderson, IN	6416	87.217	=IF(D4939>0,ROUND(C4939/D4939,6),"")
46161	Indianapolis-Carmel-Anderson, IN	2263	34.338	=IF(D4940>0,ROUND(C4940/D4940,6),"")
46162	Indianapolis-Carmel-Anderson, IN	276	12.096	=IF(D4941>0,ROUND(C4941/D4941,6),"")
46163	Indianapolis-Carmel-Anderson, IN	14318	29.656	=IF(D4942>0,ROUND(C4942/D4942,6),"")
46164	Indianapolis-Carmel-Anderson, IN	3991	26.404	=IF(D4943>0,ROUND(C4943/D4943,6),"")
46165	Indianapolis-Carmel-Anderson, IN	2060	41.757	=IF(D4944>0,ROUND(C4944/D4944,6),"")
46166	Indianapolis-Carmel-Anderson, IN	2819	38.901	=IF(D4945>0,ROUND(C4945/D4945,6),"")
46167	Indianapolis-Carmel-Anderson, IN	7132	29.033	=IF(D4946>0,ROUND(C4946/D4946,6),"")
46168	Indianapolis-Carmel-Anderson, IN	38889	32.82	=IF(D4947>0,ROUND(C4947/D4947,6),"")
46171	Indianapolis-Carmel-Anderson, IN	1980	38.697	=IF(D4948>0,ROUND(C4948/D4948,6),"")
46172	Indianapolis-Carmel-Anderson, IN	2215	68.716	=IF(D4949>0,ROUND(C4949/D4949,6),"")
46175	Indianapolis-Carmel-Anderson, IN	451	23.297	=IF(D4950>0,ROUND(C4950/D4950,6),"")
46176	Indianapolis-Carmel-Anderson, IN	28581	169.465	=IF(D4951>0,ROUND(C4951/D4951,6),"")
46180	Indianapolis-Carmel-Anderson, IN	1002	25.055	=IF(D4952>0,ROUND(C4952/D4952,6),"")
46181	Indianapolis-Carmel-Anderson, IN	5094	45.452	=IF(D4953>0,ROUND(C4953/D4953,6),"")
46182	Indianapolis-Carmel-Anderson, IN	1670	35.91	=IF(D4954>0,ROUND(C4954/D4954,6),"")
46184	Indianapolis-Carmel-Anderson, IN	13464	18.115	=IF(D4955>0,ROUND(C4955/D4955,6),"")
46186	Indianapolis-Carmel-Anderson, IN	1762	27.908	=IF(D4956>0,ROUND(C4956/D4956,6),"")
46201	Indianapolis-Carmel-Anderson, IN	31650	5.584	=IF(D4957>0,ROUND(C4957/D4957,6),"")
46202	Indianapolis-Carmel-Anderson, IN	20331	5.478	=IF(D4958>0,ROUND(C4958/D4958,6),"")
46203	Indianapolis-Carmel-Anderson, IN	37297	13.939	=IF(D4959>0,ROUND(C4959/D4959,6),"")
46205	Indianapolis-Carmel-Anderson, IN	29196	6.243	=IF(D4960>0,ROUND(C4960/D4960,6),"")
46208	Indianapolis-Carmel-Anderson, IN	22026	6.896	=IF(D4961>0,ROUND(C4961/D4961,6),"")
46214	Indianapolis-Carmel-Anderson, IN	24645	7.462	=IF(D4962>0,ROUND(C4962/D4962,6),"")
46216	Indianapolis-Carmel-Anderson, IN	2546	3.05	=IF(D4963>0,ROUND(C4963/D4963,6),"")
46217	Indianapolis-Carmel-Anderson, IN	38659	21.157	=IF(D4964>0,ROUND(C4964/D4964,6),"")
46218	Indianapolis-Carmel-Anderson, IN	28560	9.539	=IF(D4965>0,ROUND(C4965/D4965,6),"")
46219	Indianapolis-Carmel-Anderson, IN	38246	13.041	=IF(D4966>0,ROUND(C4966/D4966,6),"")
46220	Indianapolis-Carmel-Anderson, IN	36159	11.738	=IF(D4967>0,ROUND(C4967/D4967,6),"")
46221	Indianapolis-Carmel-Anderson, IN	26255	19.981	=IF(D4968>0,ROUND(C4968/D4968,6),"")
46222	Indianapolis-Carmel-Anderson, IN	37608	11.04	=IF(D4969>0,ROUND(C4969/D4969,6),"")
46224	Indianapolis-Carmel-Anderson, IN	39858	7.15	=IF(D4970>0,ROUND(C4970/D4970,6),"")
46225	Indianapolis-Carmel-Anderson, IN	5535	3.979	=IF(D4971>0,ROUND(C4971/D4971,6),"")
46226	Indianapolis-Carmel-Anderson, IN	45640	14.803	=IF(D4972>0,ROUND(C4972/D4972,6),"")
46227	Indianapolis-Carmel-Anderson, IN	57164	16.69	=IF(D4973>0,ROUND(C4973/D4973,6),"")
46228	Indianapolis-Carmel-Anderson, IN	16324	7.922	=IF(D4974>0,ROUND(C4974/D4974,6),"")
46229	Indianapolis-Carmel-Anderson, IN	28284	11.346	=IF(D4975>0,ROUND(C4975/D4975,6),"")
46231	Indianapolis-Carmel-Anderson, IN	10950	11.669	=IF(D4976>0,ROUND(C4976/D4976,6),"")
46234	Indianapolis-Carmel-Anderson, IN	27941	12.37	=IF(D4977>0,ROUND(C4977/D4977,6),"")
46235	Indianapolis-Carmel-Anderson, IN	35897	9.581	=IF(D4978>0,ROUND(C4978/D4978,6),"")
46236	Indianapolis-Carmel-Anderson, IN	26049	10.502	=IF(D4979>0,ROUND(C4979/D4979,6),"")
46237	Indianapolis-Carmel-Anderson, IN	42747	14.674	=IF(D4980>0,ROUND(C4980/D4980,6),"")
46239	Indianapolis-Carmel-Anderson, IN	33403	28.258	=IF(D4981>0,ROUND(C4981/D4981,6),"")
46240	Indianapolis-Carmel-Anderson, IN	19632	9.37	=IF(D4982>0,ROUND(C4982/D4982,6),"")
46241	Indianapolis-Carmel-Anderson, IN	32943	23.902	=IF(D4983>0,ROUND(C4983/D4983,6),"")
46250	Indianapolis-Carmel-Anderson, IN	17933	7.539	=IF(D4984>0,ROUND(C4984/D4984,6),"")
46254	Indianapolis-Carmel-Anderson, IN	40263	12.587	=IF(D4985>0,ROUND(C4985/D4985,6),"")
46256	Indianapolis-Carmel-Anderson, IN	21785	11.145	=IF(D4986>0,ROUND(C4986/D4986,6),"")
46259	Indianapolis-Carmel-Anderson, IN	15049	22.686	=IF(D4987>0,ROUND(C4987/D4987,6),"")
46260	Indianapolis-Carmel-Anderson, IN	35102	10.412	=IF(D4988>0,ROUND(C4988/D4988,6),"")
46268	Indianapolis-Carmel-Anderson, IN	25623	12.689	=IF(D4989>0,ROUND(C4989/D4989,6),"")
46278	Indianapolis-Carmel-Anderson, IN	8733	13.212	=IF(D4990>0,ROUND(C4990/D4990,6),"")
46280	Indianapolis-Carmel-Anderson, IN	7657	4.145	=IF(D4991>0,ROUND(C4991/D4991,6),"")
46301	Chicago-Naperville-Elgin, IL-IN-WI	597	4.396	=IF(D4992>0,ROUND(C4992/D4992,6),"")
46303	Chicago-Naperville-Elgin, IL-IN-WI	16910	28.722	=IF(D4993>0,ROUND(C4993/D4993,6),"")
46304	Chicago-Naperville-Elgin, IL-IN-WI	27402	57.778	=IF(D4994>0,ROUND(C4994/D4994,6),"")
46307	Chicago-Naperville-Elgin, IL-IN-WI	71418	87.228	=IF(D4995>0,ROUND(C4995/D4995,6),"")
46310	Chicago-Naperville-Elgin, IL-IN-WI	13914	63.435	=IF(D4996>0,ROUND(C4996/D4996,6),"")
46311	Chicago-Naperville-Elgin, IL-IN-WI	23405	12.599	=IF(D4997>0,ROUND(C4997/D4997,6),"")
46312	Chicago-Naperville-Elgin, IL-IN-WI	26158	14.111	=IF(D4998>0,ROUND(C4998/D4998,6),"")
46319	Chicago-Naperville-Elgin, IL-IN-WI	17683	9.582	=IF(D4999>0,ROUND(C4999/D4999,6),"")
46320	Chicago-Naperville-Elgin, IL-IN-WI	14097	4.657	=IF(D5000>0,ROUND(C5000/D5000,6),"")
46321	Chicago-Naperville-Elgin, IL-IN-WI	23733	7.594	=IF(D5001>0,ROUND(C5001/D5001,6),"")
46322	Chicago-Naperville-Elgin, IL-IN-WI	23749	6.896	=IF(D5002>0,ROUND(C5002/D5002,6),"")
46323	Chicago-Naperville-Elgin, IL-IN-WI	23184	6.201	=IF(D5003>0,ROUND(C5003/D5003,6),"")
46324	Chicago-Naperville-Elgin, IL-IN-WI	21433	4.36	=IF(D5004>0,ROUND(C5004/D5004,6),"")
46327	Chicago-Naperville-Elgin, IL-IN-WI	10797	4.601	=IF(D5005>0,ROUND(C5005/D5005,6),"")
46341	Chicago-Naperville-Elgin, IL-IN-WI	10169	95.504	=IF(D5006>0,ROUND(C5006/D5006,6),"")
46342	Chicago-Naperville-Elgin, IL-IN-WI	32525	35.036	=IF(D5007>0,ROUND(C5007/D5007,6),"")
46347	Chicago-Naperville-Elgin, IL-IN-WI	4778	71.982	=IF(D5008>0,ROUND(C5008/D5008,6),"")
46349	Chicago-Naperville-Elgin, IL-IN-WI	3060	79.429	=IF(D5009>0,ROUND(C5009/D5009,6),"")
46356	Chicago-Naperville-Elgin, IL-IN-WI	19396	112.523	=IF(D5010>0,ROUND(C5010/D5010,6),"")
46368	Chicago-Naperville-Elgin, IL-IN-WI	40237	25.355	=IF(D5011>0,ROUND(C5011/D5011,6),"")
46373	Chicago-Naperville-Elgin, IL-IN-WI	18509	10.882	=IF(D5012>0,ROUND(C5012/D5012,6),"")
46374	Chicago-Naperville-Elgin, IL-IN-WI	998	34.761	=IF(D5013>0,ROUND(C5013/D5013,6),"")
46375	Chicago-Naperville-Elgin, IL-IN-WI	24012	12.758	=IF(D5014>0,ROUND(C5014/D5014,6),"")
46376	Chicago-Naperville-Elgin, IL-IN-WI	280	8.911	=IF(D5015>0,ROUND(C5015/D5015,6),"")
46377	Chicago-Naperville-Elgin, IL-IN-WI	31	0.207	=IF(D5016>0,ROUND(C5016/D5016,6),"")
46379	Chicago-Naperville-Elgin, IL-IN-WI	267	3.063	=IF(D5017>0,ROUND(C5017/D5017,6),"")
46383	Chicago-Naperville-Elgin, IL-IN-WI	42464	87.547	=IF(D5018>0,ROUND(C5018/D5018,6),"")
46385	Chicago-Naperville-Elgin, IL-IN-WI	41390	80.745	=IF(D5019>0,ROUND(C5019/D5019,6),"")
46392	Chicago-Naperville-Elgin, IL-IN-WI	8332	108.223	=IF(D5020>0,ROUND(C5020/D5020,6),"")
46393	Chicago-Naperville-Elgin, IL-IN-WI	128	1.717	=IF(D5021>0,ROUND(C5021/D5021,6),"")
46394	Chicago-Naperville-Elgin, IL-IN-WI	12141	4.754	=IF(D5022>0,ROUND(C5022/D5022,6),"")
46402	Chicago-Naperville-Elgin, IL-IN-WI	5636	8.431	=IF(D5023>0,ROUND(C5023/D5023,6),"")
46403	Chicago-Naperville-Elgin, IL-IN-WI	10697	9.237	=IF(D5024>0,ROUND(C5024/D5024,6),"")
46404	Chicago-Naperville-Elgin, IL-IN-WI	16846	6.007	=IF(D5025>0,ROUND(C5025/D5025,6),"")
46405	Chicago-Naperville-Elgin, IL-IN-WI	11509	9.027	=IF(D5026>0,ROUND(C5026/D5026,6),"")
46406	Chicago-Naperville-Elgin, IL-IN-WI	8513	13.475	=IF(D5027>0,ROUND(C5027/D5027,6),"")
46407	Chicago-Naperville-Elgin, IL-IN-WI	8889	4.175	=IF(D5028>0,ROUND(C5028/D5028,6),"")
46408	Chicago-Naperville-Elgin, IL-IN-WI	15571	9.74	=IF(D5029>0,ROUND(C5029/D5029,6),"")
46409	Chicago-Naperville-Elgin, IL-IN-WI	7072	3.58	=IF(D5030>0,ROUND(C5030/D5030,6),"")
46410	Chicago-Naperville-Elgin, IL-IN-WI	38803	30.046	=IF(D5031>0,ROUND(C5031/D5031,6),"")
47001	Cincinnati, OH-KY-IN	10374	76.233	=IF(D5032>0,ROUND(C5032/D5032,6),"")
47003	Cincinnati, OH-KY-IN	1038	14.64	=IF(D5033>0,ROUND(C5033/D5033,6),"")
47006	Cincinnati, OH-KY-IN	12607	106.138	=IF(D5034>0,ROUND(C5034/D5034,6),"")
47010	Cincinnati, OH-KY-IN	154	9.418	=IF(D5035>0,ROUND(C5035/D5035,6),"")
47012	Cincinnati, OH-KY-IN	10891	165.683	=IF(D5036>0,ROUND(C5036/D5036,6),"")
47016	Cincinnati, OH-KY-IN	683	19.015	=IF(D5037>0,ROUND(C5037/D5037,6),"")
47018	Cincinnati, OH-KY-IN	4725	74.581	=IF(D5038>0,ROUND(C5038/D5038,6),"")
47022	Cincinnati, OH-KY-IN	2837	35.331	=IF(D5039>0,ROUND(C5039/D5039,6),"")
47024	Cincinnati, OH-KY-IN	2909	65.633	=IF(D5040>0,ROUND(C5040/D5040,6),"")
47025	Cincinnati, OH-KY-IN	23713	52.271	=IF(D5041>0,ROUND(C5041/D5041,6),"")
47030	Cincinnati, OH-KY-IN	1574	28.799	=IF(D5042>0,ROUND(C5042/D5042,6),"")
47032	Cincinnati, OH-KY-IN	3136	38.44	=IF(D5043>0,ROUND(C5043/D5043,6),"")
47036	Cincinnati, OH-KY-IN	1202	17.802	=IF(D5044>0,ROUND(C5044/D5044,6),"")
47040	Cincinnati, OH-KY-IN	5408	64.904	=IF(D5045>0,ROUND(C5045/D5045,6),"")
47041	Cincinnati, OH-KY-IN	6148	77.845	=IF(D5046>0,ROUND(C5046/D5046,6),"")
47060	Cincinnati, OH-KY-IN	6379	58.541	=IF(D5047>0,ROUND(C5047/D5047,6),"")
47234	Indianapolis-Carmel-Anderson, IN	1571	33.476	=IF(D5048>0,ROUND(C5048/D5048,6),"")
47325	Cincinnati, OH-KY-IN	578	22.017	=IF(D5049>0,ROUND(C5049/D5049,6),"")
47353	Cincinnati, OH-KY-IN	5111	123.509	=IF(D5050>0,ROUND(C5050/D5050,6),"")
47448	Indianapolis-Carmel-Anderson, IN	7719	187.587	=IF(D5051>0,ROUND(C5051/D5051,6),"")
47922	Chicago-Naperville-Elgin, IL-IN-WI	1347	68.114	=IF(D5052>0,ROUND(C5052/D5052,6),"")
47943	Chicago-Naperville-Elgin, IL-IN-WI	967	66.326	=IF(D5053>0,ROUND(C5053/D5053,6),"")
47946	Chicago-Naperville-Elgin, IL-IN-WI	2175	91.422	=IF(D5054>0,ROUND(C5054/D5054,6),"")
47948	Chicago-Naperville-Elgin, IL-IN-WI	1158	58.372	=IF(D5055>0,ROUND(C5055/D5055,6),"")
47951	Chicago-Naperville-Elgin, IL-IN-WI	2246	59.515	=IF(D5056>0,ROUND(C5056/D5056,6),"")
47957	Chicago-Naperville-Elgin, IL-IN-WI	2067	60.194	=IF(D5057>0,ROUND(C5057/D5057,6),"")
47959	Chicago-Naperville-Elgin, IL-IN-WI	2557	68.195	=IF(D5058>0,ROUND(C5058/D5058,6),"")
47963	Chicago-Naperville-Elgin, IL-IN-WI	2362	104.523	=IF(D5059>0,ROUND(C5059/D5059,6),"")
47977	Chicago-Naperville-Elgin, IL-IN-WI	2606	86.822	=IF(D5060>0,ROUND(C5060/D5060,6),"")
47978	Chicago-Naperville-Elgin, IL-IN-WI	10097	263.741	=IF(D5061>0,ROUND(C5061/D5061,6),"")
50001	Des Moines-West Des Moines, IA	626	23.592	=IF(D5062>0,ROUND(C5062/D5062,6),"")
50002	Des Moines-West Des Moines, IA	1522	110.585	=IF(D5063>0,ROUND(C5063/D5063,6),"")
50003	Des Moines-West Des Moines, IA	9536	114.997	=IF(D5064>0,ROUND(C5064/D5064,6),"")
50007	Des Moines-West Des Moines, IA	490	5.418	=IF(D5065>0,ROUND(C5065/D5065,6),"")
50009	Des Moines-West Des Moines, IA	21992	27.893	=IF(D5066>0,ROUND(C5066/D5066,6),"")
50021	Des Moines-West Des Moines, IA	29718	24.075	=IF(D5067>0,ROUND(C5067/D5067,6),"")
50023	Des Moines-West Des Moines, IA	45286	20.796	=IF(D5068>0,ROUND(C5068/D5068,6),"")
50026	Des Moines-West Des Moines, IA	518	55.903	=IF(D5069>0,ROUND(C5069/D5069,6),"")
50028	Des Moines-West Des Moines, IA	1930	45.256	=IF(D5070>0,ROUND(C5070/D5070,6),"")
50029	Des Moines-West Des Moines, IA	612	38.409	=IF(D5071>0,ROUND(C5071/D5071,6),"")
50035	Des Moines-West Des Moines, IA	9668	43.195	=IF(D5072>0,ROUND(C5072/D5072,6),"")
50039	Des Moines-West Des Moines, IA	440	20.635	=IF(D5073>0,ROUND(C5073/D5073,6),"")
50047	Des Moines-West Des Moines, IA	6625	67.306	=IF(D5074>0,ROUND(C5074/D5074,6),"")
50048	Des Moines-West Des Moines, IA	754	85.919	=IF(D5075>0,ROUND(C5075/D5075,6),"")
50054	Des Moines-West Des Moines, IA	3179	61.007	=IF(D5076>0,ROUND(C5076/D5076,6),"")
50061	Des Moines-West Des Moines, IA	2327	30.989	=IF(D5077>0,ROUND(C5077/D5077,6),"")
50063	Des Moines-West Des Moines, IA	2623	66.205	=IF(D5078>0,ROUND(C5078/D5078,6),"")
50066	Des Moines-West Des Moines, IA	208	25.363	=IF(D5079>0,ROUND(C5079/D5079,6),"")
50069	Des Moines-West Des Moines, IA	1024	5.268	=IF(D5080>0,ROUND(C5080/D5080,6),"")
50070	Des Moines-West Des Moines, IA	1366	65.027	=IF(D5081>0,ROUND(C5081/D5081,6),"")
50072	Des Moines-West Des Moines, IA	2787	89.722	=IF(D5082>0,ROUND(C5082/D5082,6),"")
50073	Des Moines-West Des Moines, IA	1018	26.2	=IF(D5083>0,ROUND(C5083/D5083,6),"")
50109	Des Moines-West Des Moines, IA	3371	20.038	=IF(D5084>0,ROUND(C5084/D5084,6),"")
50111	Des Moines-West Des Moines, IA	16254	25.112	=IF(D5085>0,ROUND(C5085/D5085,6),"")
50112	Des Moines-West Des Moines, IA	11776	182.209	=IF(D5086>0,ROUND(C5086/D5086,6),"")
50115	Des Moines-West Des Moines, IA	2741	172.22	=IF(D5087>0,ROUND(C5087/D5087,6),"")
50118	Des Moines-West Des Moines, IA	989	11.297	=IF(D5088>0,ROUND(C5088/D5088,6),"")
50125	Des Moines-West Des Moines, IA	20009	162.392	=IF(D5089>0,ROUND(C5089/D5089,6),"")
50128	Des Moines-West Des Moines, IA	331	28.242	=IF(D5090>0,ROUND(C5090/D5090,6),"")
50131	Des Moines-West Des Moines, IA	24388	23.793	=IF(D5091>0,ROUND(C5091/D5091,6),"")
50135	Des Moines-West Des Moines, IA	1777	72.955	=IF(D5092>0,ROUND(C5092/D5092,6),"")
50139	Des Moines-West Des Moines, IA	1058	85.369	=IF(D5093>0,ROUND(C5093/D5093,6),"")
50141	Des Moines-West Des Moines, IA	537	37.225	=IF(D5094>0,ROUND(C5094/D5094,6),"")
50146	Des Moines-West Des Moines, IA	519	32.452	=IF(D5095>0,ROUND(C5095/D5095,6),"")
50149	Des Moines-West Des Moines, IA	900	81.907	=IF(D5096>0,ROUND(C5096/D5096,6),"")
50153	Des Moines-West Des Moines, IA	855	33.385	=IF(D5097>0,ROUND(C5097/D5097,6),"")
50160	Des Moines-West Des Moines, IA	588	0.368	=IF(D5098>0,ROUND(C5098/D5098,6),"")
50161	Des Moines-West Des Moines, IA	2081	79.167	=IF(D5099>0,ROUND(C5099/D5099,6),"")
50164	Des Moines-West Des Moines, IA	677	49.398	=IF(D5100>0,ROUND(C5100/D5100,6),"")
50166	Des Moines-West Des Moines, IA	2083	59.654	=IF(D5101>0,ROUND(C5101/D5101,6),"")
50167	Des Moines-West Des Moines, IA	662	41.49	=IF(D5102>0,ROUND(C5102/D5102,6),"")
50168	Des Moines-West Des Moines, IA	829	38.407	=IF(D5103>0,ROUND(C5103/D5103,6),"")
50169	Des Moines-West Des Moines, IA	3532	45.634	=IF(D5104>0,ROUND(C5104/D5104,6),"")
50208	Des Moines-West Des Moines, IA	20270	158.514	=IF(D5105>0,ROUND(C5105/D5105,6),"")
50210	Des Moines-West Des Moines, IA	1503	73.453	=IF(D5106>0,ROUND(C5106/D5106,6),"")
50211	Des Moines-West Des Moines, IA	16222	58.61	=IF(D5107>0,ROUND(C5107/D5107,6),"")
50216	Des Moines-West Des Moines, IA	2809	51.736	=IF(D5108>0,ROUND(C5108/D5108,6),"")
50220	Des Moines-West Des Moines, IA	9251	100.526	=IF(D5109>0,ROUND(C5109/D5109,6),"")
50222	Des Moines-West Des Moines, IA	314	41.214	=IF(D5110>0,ROUND(C5110/D5110,6),"")
50226	Des Moines-West Des Moines, IA	7290	36.211	=IF(D5111>0,ROUND(C5111/D5111,6),"")
50228	Des Moines-West Des Moines, IA	2345	69.346	=IF(D5112>0,ROUND(C5112/D5112,6),"")
50229	Des Moines-West Des Moines, IA	1204	41.976	=IF(D5113>0,ROUND(C5113/D5113,6),"")
50232	Des Moines-West Des Moines, IA	656	34.265	=IF(D5114>0,ROUND(C5114/D5114,6),"")
50233	Des Moines-West Des Moines, IA	1385	50.332	=IF(D5115>0,ROUND(C5115/D5115,6),"")
50237	Des Moines-West Des Moines, IA	3275	48.472	=IF(D5116>0,ROUND(C5116/D5116,6),"")
50240	Des Moines-West Des Moines, IA	2299	75.292	=IF(D5117>0,ROUND(C5117/D5117,6),"")
50243	Des Moines-West Des Moines, IA	348	0.802	=IF(D5118>0,ROUND(C5118/D5118,6),"")
50244	Des Moines-West Des Moines, IA	1866	25.167	=IF(D5119>0,ROUND(C5119/D5119,6),"")
50250	Des Moines-West Des Moines, IA	2652	108.575	=IF(D5120>0,ROUND(C5120/D5120,6),"")
50251	Des Moines-West Des Moines, IA	1481	43.676	=IF(D5121>0,ROUND(C5121/D5121,6),"")
50257	Des Moines-West Des Moines, IA	1022	43.798	=IF(D5122>0,ROUND(C5122/D5122,6),"")
50261	Des Moines-West Des Moines, IA	3105	64.931	=IF(D5123>0,ROUND(C5123/D5123,6),"")
50263	Des Moines-West Des Moines, IA	27560	27.407	=IF(D5124>0,ROUND(C5124/D5124,6),"")
50265	Des Moines-West Des Moines, IA	33061	19.296	=IF(D5125>0,ROUND(C5125/D5125,6),"")
50266	Des Moines-West Des Moines, IA	36770	22.309	=IF(D5126>0,ROUND(C5126/D5126,6),"")
50273	Des Moines-West Des Moines, IA	9123	195.246	=IF(D5127>0,ROUND(C5127/D5127,6),"")
50276	Des Moines-West Des Moines, IA	2380	82.442	=IF(D5128>0,ROUND(C5128/D5128,6),"")
50277	Des Moines-West Des Moines, IA	496	39.097	=IF(D5129>0,ROUND(C5129/D5129,6),"")
50309	Des Moines-West Des Moines, IA	9199	2.714	=IF(D5130>0,ROUND(C5130/D5130,6),"")
50310	Des Moines-West Des Moines, IA	31283	8.036	=IF(D5131>0,ROUND(C5131/D5131,6),"")
50311	Des Moines-West Des Moines, IA	15889	2.552	=IF(D5132>0,ROUND(C5132/D5132,6),"")
50312	Des Moines-West Des Moines, IA	15492	5.63	=IF(D5133>0,ROUND(C5133/D5133,6),"")
50313	Des Moines-West Des Moines, IA	18280	18.051	=IF(D5134>0,ROUND(C5134/D5134,6),"")
50314	Des Moines-West Des Moines, IA	10203	2.469	=IF(D5135>0,ROUND(C5135/D5135,6),"")
50315	Des Moines-West Des Moines, IA	35349	10.298	=IF(D5136>0,ROUND(C5136/D5136,6),"")
50316	Des Moines-West Des Moines, IA	16188	3.567	=IF(D5137>0,ROUND(C5137/D5137,6),"")
50317	Des Moines-West Des Moines, IA	36721	22.11	=IF(D5138>0,ROUND(C5138/D5138,6),"")
50320	Des Moines-West Des Moines, IA	23903	16.793	=IF(D5139>0,ROUND(C5139/D5139,6),"")
50321	Des Moines-West Des Moines, IA	7787	11.331	=IF(D5140>0,ROUND(C5140/D5140,6),"")
50322	Des Moines-West Des Moines, IA	31694	10.825	=IF(D5141>0,ROUND(C5141/D5141,6),"")
50323	Des Moines-West Des Moines, IA	17065	10.118	=IF(D5142>0,ROUND(C5142/D5142,6),"")
50324	Des Moines-West Des Moines, IA	5171	1.404	=IF(D5143>0,ROUND(C5143/D5143,6),"")
50325	Des Moines-West Des Moines, IA	18776	7.722	=IF(D5144>0,ROUND(C5144/D5144,6),"")
50327	Des Moines-West Des Moines, IA	12875	15.745	=IF(D5145>0,ROUND(C5145/D5145,6),"")
51501	Omaha-Council Bluffs, NE-IA	34928	23.948	=IF(D5146>0,ROUND(C5146/D5146,6),"")
51503	Omaha-Council Bluffs, NE-IA	37411	121.682	=IF(D5147>0,ROUND(C5147/D5147,6),"")
51510	Omaha-Council Bluffs, NE-IA	3773	1.794	=IF(D5148>0,ROUND(C5148/D5148,6),"")
51521	Omaha-Council Bluffs, NE-IA	1935	87.409	=IF(D5149>0,ROUND(C5149/D5149,6),"")
51525	Omaha-Council Bluffs, NE-IA	977	61.909	=IF(D5150>0,ROUND(C5150/D5150,6),"")
51526	Omaha-Council Bluffs, NE-IA	1694	43.579	=IF(D5151>0,ROUND(C5151/D5151,6),"")
51529	Omaha-Council Bluffs, NE-IA	2026	132.339	=IF(D5152>0,ROUND(C5152/D5152,6),"")
51532	Omaha-Council Bluffs, NE-IA	629	59.725	=IF(D5153>0,ROUND(C5153/D5153,6),"")
51533	Omaha-Council Bluffs, NE-IA	828	79.918	=IF(D5154>0,ROUND(C5154/D5154,6),"")
51534	Omaha-Council Bluffs, NE-IA	9238	100.482	=IF(D5155>0,ROUND(C5155/D5155,6),"")
51535	Omaha-Council Bluffs, NE-IA	1768	135.334	=IF(D5156>0,ROUND(C5156/D5156,6),"")
51540	Omaha-Council Bluffs, NE-IA	246	57.406	=IF(D5157>0,ROUND(C5157/D5157,6),"")
51541	Omaha-Council Bluffs, NE-IA	402	42.879	=IF(D5158>0,ROUND(C5158/D5158,6),"")
51542	Omaha-Council Bluffs, NE-IA	824	37.875	=IF(D5159>0,ROUND(C5159/D5159,6),"")
51544	Omaha-Council Bluffs, NE-IA	843	49.338	=IF(D5160>0,ROUND(C5160/D5160,6),"")
51545	Omaha-Council Bluffs, NE-IA	258	46.474	=IF(D5161>0,ROUND(C5161/D5161,6),"")
51546	Omaha-Council Bluffs, NE-IA	3113	121.442	=IF(D5162>0,ROUND(C5162/D5162,6),"")
51551	Omaha-Council Bluffs, NE-IA	1877	81.916	=IF(D5163>0,ROUND(C5163/D5163,6),"")
51553	Omaha-Council Bluffs, NE-IA	1007	45.446	=IF(D5164>0,ROUND(C5164/D5164,6),"")
51555	Omaha-Council Bluffs, NE-IA	4881	146.101	=IF(D5165>0,ROUND(C5165/D5165,6),"")
51556	Omaha-Council Bluffs, NE-IA	289	49.47	=IF(D5166>0,ROUND(C5166/D5166,6),"")
51557	Omaha-Council Bluffs, NE-IA	788	75.274	=IF(D5167>0,ROUND(C5167/D5167,6),"")
51559	Omaha-Council Bluffs, NE-IA	1896	86.11	=IF(D5168>0,ROUND(C5168/D5168,6),"")
51560	Omaha-Council Bluffs, NE-IA	1902	91.592	=IF(D5169>0,ROUND(C5169/D5169,6),"")
51561	Omaha-Council Bluffs, NE-IA	716	56.14	=IF(D5170>0,ROUND(C5170/D5170,6),"")
51563	Omaha-Council Bluffs, NE-IA	708	53.705	=IF(D5171>0,ROUND(C5171/D5171,6),"")
51564	Omaha-Council Bluffs, NE-IA	512	37.201	=IF(D5172>0,ROUND(C5172/D5172,6),"")
51565	Omaha-Council Bluffs, NE-IA	482	45.659	=IF(D5173>0,ROUND(C5173/D5173,6),"")
51570	Omaha-Council Bluffs, NE-IA	1131	63.421	=IF(D5174>0,ROUND(C5174/D5174,6),"")
51571	Omaha-Council Bluffs, NE-IA	858	46.007	=IF(D5175>0,ROUND(C5175/D5175,6),"")
51575	Omaha-Council Bluffs, NE-IA	1707	47.825	=IF(D5176>0,ROUND(C5176/D5176,6),"")
51576	Omaha-Council Bluffs, NE-IA	1890	46.336	=IF(D5177>0,ROUND(C5177/D5177,6),"")
51577	Omaha-Council Bluffs, NE-IA	1637	83.558	=IF(D5178>0,ROUND(C5178/D5178,6),"")
51579	Omaha-Council Bluffs, NE-IA	2205	117.723	=IF(D5179>0,ROUND(C5179/D5179,6),"")
51645	Omaha-Council Bluffs, NE-IA	407	45.147	=IF(D5180>0,ROUND(C5180/D5180,6),"")
51653	Omaha-Council Bluffs, NE-IA	1390	35.108	=IF(D5181>0,ROUND(C5181/D5181,6),"")
53104	Chicago-Naperville-Elgin, IL-IN-WI	5807	34.5	=IF(D5182>0,ROUND(C5182/D5182,6),"")
53140	Chicago-Naperville-Elgin, IL-IN-WI	30325	7.89	=IF(D5183>0,ROUND(C5183/D5183,6),"")
53142	Chicago-Naperville-Elgin, IL-IN-WI	33572	20.684	=IF(D5184>0,ROUND(C5184/D5184,6),"")
53143	Chicago-Naperville-Elgin, IL-IN-WI	21436	4.143	=IF(D5185>0,ROUND(C5185/D5185,6),"")
53144	Chicago-Naperville-Elgin, IL-IN-WI	26539	43.39	=IF(D5186>0,ROUND(C5186/D5186,6),"")
53158	Chicago-Naperville-Elgin, IL-IN-WI	18161	30.264	=IF(D5187>0,ROUND(C5187/D5187,6),"")
53168	Chicago-Naperville-Elgin, IL-IN-WI	9381	32.541	=IF(D5188>0,ROUND(C5188/D5188,6),"")
53170	Chicago-Naperville-Elgin, IL-IN-WI	1979	1.016	=IF(D5189>0,ROUND(C5189/D5189,6),"")
53179	Chicago-Naperville-Elgin, IL-IN-WI	6724	10.526	=IF(D5190>0,ROUND(C5190/D5190,6),"")
53181	Chicago-Naperville-Elgin, IL-IN-WI	7873	13.714	=IF(D5191>0,ROUND(C5191/D5191,6),"")
53502	Madison, WI	2420	51.875	=IF(D5192>0,ROUND(C5192/D5192,6),"")
53503	Madison, WI	1916	56.405	=IF(D5193>0,ROUND(C5193/D5193,6),"")
53504	Madison, WI	2233	91.653	=IF(D5194>0,ROUND(C5194/D5194,6),"")
53508	Madison, WI	5711	67.915	=IF(D5195>0,ROUND(C5195/D5195,6),"")
53515	Madison, WI	2635	39.193	=IF(D5196>0,ROUND(C5196/D5196,6),"")
53516	Madison, WI	2184	86.657	=IF(D5197>0,ROUND(C5197/D5197,6),"")
53517	Madison, WI	1820	45.861	=IF(D5198>0,ROUND(C5198/D5198,6),"")
53520	Madison, WI	6758	119.912	=IF(D5199>0,ROUND(C5199/D5199,6),"")
53521	Madison, WI	3688	59.679	=IF(D5200>0,ROUND(C5200/D5200,6),"")
53523	Madison, WI	5077	46.847	=IF(D5201>0,ROUND(C5201/D5201,6),"")
53527	Madison, WI	11515	35.77	=IF(D5202>0,ROUND(C5202/D5202,6),"")
53528	Madison, WI	6282	44.233	=IF(D5203>0,ROUND(C5203/D5203,6),"")
53529	Madison, WI	2456	39.036	=IF(D5204>0,ROUND(C5204/D5204,6),"")
53531	Madison, WI	4369	41.138	=IF(D5205>0,ROUND(C5205/D5205,6),"")
53532	Madison, WI	16286	54.186	=IF(D5206>0,ROUND(C5206/D5206,6),"")
53533	Madison, WI	7368	142.102	=IF(D5207>0,ROUND(C5207/D5207,6),"")
53543	Madison, WI	1787	77.344	=IF(D5208>0,ROUND(C5208/D5208,6),"")
53544	Madison, WI	869	40.934	=IF(D5209>0,ROUND(C5209/D5209,6),"")
53553	Madison, WI	599	6.834	=IF(D5210>0,ROUND(C5210/D5210,6),"")
53555	Madison, WI	8708	75.729	=IF(D5211>0,ROUND(C5211/D5211,6),"")
53558	Madison, WI	13133	17.345	=IF(D5212>0,ROUND(C5212/D5212,6),"")
53559	Madison, WI	5981	66.344	=IF(D5213>0,ROUND(C5213/D5213,6),"")
53560	Madison, WI	3375	60.098	=IF(D5214>0,ROUND(C5214/D5214,6),"")
53562	Madison, WI	29488	31.11	=IF(D5215>0,ROUND(C5215/D5215,6),"")
53565	Madison, WI	4672	186.007	=IF(D5216>0,ROUND(C5216/D5216,6),"")
53566	Madison, WI	14772	152.943	=IF(D5217>0,ROUND(C5217/D5217,6),"")
53570	Madison, WI	2696	69.98	=IF(D5218>0,ROUND(C5218/D5218,6),"")
53572	Madison, WI	10441	99.126	=IF(D5219>0,ROUND(C5219/D5219,6),"")
53574	Madison, WI	4120	43.444	=IF(D5220>0,ROUND(C5220/D5220,6),"")
53575	Madison, WI	17790	55.296	=IF(D5221>0,ROUND(C5221/D5221,6),"")
53583	Madison, WI	6043	74.678	=IF(D5222>0,ROUND(C5222/D5222,6),"")
53589	Madison, WI	19684	84.95	=IF(D5223>0,ROUND(C5223/D5223,6),"")
53590	Madison, WI	43965	65.889	=IF(D5224>0,ROUND(C5224/D5224,6),"")
53593	Madison, WI	29479	76.174	=IF(D5225>0,ROUND(C5225/D5225,6),"")
53597	Madison, WI	20671	52.948	=IF(D5226>0,ROUND(C5226/D5226,6),"")
53598	Madison, WI	3834	3.067	=IF(D5227>0,ROUND(C5227/D5227,6),"")
53703	Madison, WI	37467	1.85	=IF(D5228>0,ROUND(C5228/D5228,6),"")
53704	Madison, WI	47136	21.856	=IF(D5229>0,ROUND(C5229/D5229,6),"")
53705	Madison, WI	25045	6.313	=IF(D5230>0,ROUND(C5230/D5230,6),"")
53711	Madison, WI	50474	25.952	=IF(D5231>0,ROUND(C5231/D5231,6),"")
53713	Madison, WI	23744	9.79	=IF(D5232>0,ROUND(C5232/D5232,6),"")
53714	Madison, WI	16340	4.655	=IF(D5233>0,ROUND(C5233/D5233,6),"")
53715	Madison, WI	15499	1.323	=IF(D5234>0,ROUND(C5234/D5234,6),"")
53716	Madison, WI	18866	6.34	=IF(D5235>0,ROUND(C5235/D5235,6),"")
53717	Madison, WI	13026	3.638	=IF(D5236>0,ROUND(C5236/D5236,6),"")
53718	Madison, WI	18642	20.84	=IF(D5237>0,ROUND(C5237/D5237,6),"")
53719	Madison, WI	33688	10.177	=IF(D5238>0,ROUND(C5238/D5238,6),"")
53726	Madison, WI	5043	0.564	=IF(D5239>0,ROUND(C5239/D5239,6),"")
53901	Madison, WI	14654	147.292	=IF(D5240>0,ROUND(C5240/D5240,6),"")
53911	Madison, WI	1480	36.525	=IF(D5241>0,ROUND(C5241/D5241,6),"")
53923	Madison, WI	2294	76.893	=IF(D5242>0,ROUND(C5242/D5242,6),"")
53925	Madison, WI	8956	127.144	=IF(D5243>0,ROUND(C5243/D5243,6),"")
53926	Madison, WI	1877	51.557	=IF(D5244>0,ROUND(C5244/D5244,6),"")
53932	Madison, WI	2470	38.019	=IF(D5245>0,ROUND(C5245/D5245,6),"")
53954	Madison, WI	6579	79.121	=IF(D5246>0,ROUND(C5246/D5246,6),"")
53955	Madison, WI	5909	73.107	=IF(D5247>0,ROUND(C5247/D5247,6),"")
53956	Madison, WI	3238	78.338	=IF(D5248>0,ROUND(C5248/D5248,6),"")
53960	Madison, WI	3235	89.581	=IF(D5249>0,ROUND(C5249/D5249,6),"")
53965	Madison, WI	11197	168.769	=IF(D5250>0,ROUND(C5250/D5250,6),"")
54002	Minneapolis-St. Paul-Bloomington, MN-WI	6887	77.705	=IF(D5251>0,ROUND(C5251/D5251,6),"")
54003	Minneapolis-St. Paul-Bloomington, MN-WI	979	31.011	=IF(D5252>0,ROUND(C5252/D5252,6),"")
54005	Minneapolis-St. Paul-Bloomington, MN-WI	3222	83.681	=IF(D5253>0,ROUND(C5253/D5253,6),"")
54007	Minneapolis-St. Paul-Bloomington, MN-WI	1061	45.023	=IF(D5254>0,ROUND(C5254/D5254,6),"")
54011	Minneapolis-St. Paul-Bloomington, MN-WI	6910	104.329	=IF(D5255>0,ROUND(C5255/D5255,6),"")
54013	Minneapolis-St. Paul-Bloomington, MN-WI	3383	104.898	=IF(D5256>0,ROUND(C5256/D5256,6),"")
54014	Minneapolis-St. Paul-Bloomington, MN-WI	2018	42.32	=IF(D5257>0,ROUND(C5257/D5257,6),"")
54015	Minneapolis-St. Paul-Bloomington, MN-WI	4107	35.022	=IF(D5258>0,ROUND(C5258/D5258,6),"")
54016	Minneapolis-St. Paul-Bloomington, MN-WI	33784	67.075	=IF(D5259>0,ROUND(C5259/D5259,6),"")
54017	Minneapolis-St. Paul-Bloomington, MN-WI	19722	139.264	=IF(D5260>0,ROUND(C5260/D5260,6),"")
54021	Minneapolis-St. Paul-Bloomington, MN-WI	7341	43.643	=IF(D5261>0,ROUND(C5261/D5261,6),"")
54022	Minneapolis-St. Paul-Bloomington, MN-WI	24245	137.79	=IF(D5262>0,ROUND(C5262/D5262,6),"")
54023	Minneapolis-St. Paul-Bloomington, MN-WI	4612	44.963	=IF(D5263>0,ROUND(C5263/D5263,6),"")
54025	Minneapolis-St. Paul-Bloomington, MN-WI	7497	50.104	=IF(D5264>0,ROUND(C5264/D5264,6),"")
54026	Minneapolis-St. Paul-Bloomington, MN-WI	2217	27.827	=IF(D5265>0,ROUND(C5265/D5265,6),"")
54027	Minneapolis-St. Paul-Bloomington, MN-WI	1154	32.456	=IF(D5266>0,ROUND(C5266/D5266,6),"")
54028	Minneapolis-St. Paul-Bloomington, MN-WI	2666	37.455	=IF(D5267>0,ROUND(C5267/D5267,6),"")
54082	Minneapolis-St. Paul-Bloomington, MN-WI	2026	12.389	=IF(D5268>0,ROUND(C5268/D5268,6),"")
54723	Minneapolis-St. Paul-Bloomington, MN-WI	1020	32.577	=IF(D5269>0,ROUND(C5269/D5269,6),"")
54740	Minneapolis-St. Paul-Bloomington, MN-WI	1858	83.379	=IF(D5270>0,ROUND(C5270/D5270,6),"")
54750	Minneapolis-St. Paul-Bloomington, MN-WI	1025	65.692	=IF(D5271>0,ROUND(C5271/D5271,6),"")
54761	Minneapolis-St. Paul-Bloomington, MN-WI	1135	40.525	=IF(D5272>0,ROUND(C5272/D5272,6),"")
54767	Minneapolis-St. Paul-Bloomington, MN-WI	3277	83.804	=IF(D5273>0,ROUND(C5273/D5273,6),"")
54769	Minneapolis-St. Paul-Bloomington, MN-WI	542	32.77	=IF(D5274>0,ROUND(C5274/D5274,6),"")
55001	Minneapolis-St. Paul-Bloomington, MN-WI	2956	26.991	=IF(D5275>0,ROUND(C5275/D5275,6),"")
55003	Minneapolis-St. Paul-Bloomington, MN-WI	3948	2.074	=IF(D5276>0,ROUND(C5276/D5276,6),"")
55005	Minneapolis-St. Paul-Bloomington, MN-WI	4756	18.946	=IF(D5277>0,ROUND(C5277/D5277,6),"")
55006	Minneapolis-St. Paul-Bloomington, MN-WI	3655	76.409	=IF(D5278>0,ROUND(C5278/D5278,6),"")
55008	Minneapolis-St. Paul-Bloomington, MN-WI	16091	100.354	=IF(D5279>0,ROUND(C5279/D5279,6),"")
55011	Minneapolis-St. Paul-Bloomington, MN-WI	11025	45.885	=IF(D5280>0,ROUND(C5280/D5280,6),"")
55012	Minneapolis-St. Paul-Bloomington, MN-WI	1995	23.72	=IF(D5281>0,ROUND(C5281/D5281,6),"")
55013	Minneapolis-St. Paul-Bloomington, MN-WI	7030	27.639	=IF(D5282>0,ROUND(C5282/D5282,6),"")
55014	Minneapolis-St. Paul-Bloomington, MN-WI	28975	20.266	=IF(D5283>0,ROUND(C5283/D5283,6),"")
55016	Minneapolis-St. Paul-Bloomington, MN-WI	39925	30.104	=IF(D5284>0,ROUND(C5284/D5284,6),"")
55017	Minneapolis-St. Paul-Bloomington, MN-WI	971	25.895	=IF(D5285>0,ROUND(C5285/D5285,6),"")
55020	Minneapolis-St. Paul-Bloomington, MN-WI	4391	23.83	=IF(D5286>0,ROUND(C5286/D5286,6),"")
55024	Minneapolis-St. Paul-Bloomington, MN-WI	36681	85.08	=IF(D5287>0,ROUND(C5287/D5287,6),"")
55025	Minneapolis-St. Paul-Bloomington, MN-WI	25759	77.061	=IF(D5288>0,ROUND(C5288/D5288,6),"")
55031	Minneapolis-St. Paul-Bloomington, MN-WI	1682	40.657	=IF(D5289>0,ROUND(C5289/D5289,6),"")
55032	Minneapolis-St. Paul-Bloomington, MN-WI	3353	67.842	=IF(D5290>0,ROUND(C5290/D5290,6),"")
55033	Minneapolis-St. Paul-Bloomington, MN-WI	29241	144.294	=IF(D5291>0,ROUND(C5291/D5291,6),"")
55038	Minneapolis-St. Paul-Bloomington, MN-WI	24246	50.496	=IF(D5292>0,ROUND(C5292/D5292,6),"")
55040	Minneapolis-St. Paul-Bloomington, MN-WI	14451	98.072	=IF(D5293>0,ROUND(C5293/D5293,6),"")
55041	Rochester, MN	7532	143.902	=IF(D5294>0,ROUND(C5294/D5294,6),"")
55042	Minneapolis-St. Paul-Bloomington, MN-WI	13156	24.892	=IF(D5295>0,ROUND(C5295/D5295,6),"")
55043	Minneapolis-St. Paul-Bloomington, MN-WI	3471	3.764	=IF(D5296>0,ROUND(C5296/D5296,6),"")
55044	Minneapolis-St. Paul-Bloomington, MN-WI	63280	65.269	=IF(D5297>0,ROUND(C5297/D5297,6),"")
55045	Minneapolis-St. Paul-Bloomington, MN-WI	7854	34.811	=IF(D5298>0,ROUND(C5298/D5298,6),"")
55047	Minneapolis-St. Paul-Bloomington, MN-WI	2230	29.237	=IF(D5299>0,ROUND(C5299/D5299,6),"")
55051	Minneapolis-St. Paul-Bloomington, MN-WI	9927	217.737	=IF(D5300>0,ROUND(C5300/D5300,6),"")
55054	Minneapolis-St. Paul-Bloomington, MN-WI	2582	1.004	=IF(D5301>0,ROUND(C5301/D5301,6),"")
55055	Minneapolis-St. Paul-Bloomington, MN-WI	4460	3.623	=IF(D5302>0,ROUND(C5302/D5302,6),"")
55056	Minneapolis-St. Paul-Bloomington, MN-WI	14279	99.492	=IF(D5303>0,ROUND(C5303/D5303,6),"")
55065	Minneapolis-St. Paul-Bloomington, MN-WI	1320	32.689	=IF(D5304>0,ROUND(C5304/D5304,6),"")
55068	Minneapolis-St. Paul-Bloomington, MN-WI	32194	45.966	=IF(D5305>0,ROUND(C5305/D5305,6),"")
55069	Minneapolis-St. Paul-Bloomington, MN-WI	5936	74.012	=IF(D5306>0,ROUND(C5306/D5306,6),"")
55070	Minneapolis-St. Paul-Bloomington, MN-WI	8403	25.483	=IF(D5307>0,ROUND(C5307/D5307,6),"")
55071	Minneapolis-St. Paul-Bloomington, MN-WI	5807	4.998	=IF(D5308>0,ROUND(C5308/D5308,6),"")
55073	Minneapolis-St. Paul-Bloomington, MN-WI	4145	28.015	=IF(D5309>0,ROUND(C5309/D5309,6),"")
55074	Minneapolis-St. Paul-Bloomington, MN-WI	2260	34.311	=IF(D5310>0,ROUND(C5310/D5310,6),"")
55075	Minneapolis-St. Paul-Bloomington, MN-WI	20651	5.59	=IF(D5311>0,ROUND(C5311/D5311,6),"")
55076	Minneapolis-St. Paul-Bloomington, MN-WI	21258	9.922	=IF(D5312>0,ROUND(C5312/D5312,6),"")
55077	Minneapolis-St. Paul-Bloomington, MN-WI	14585	18.153	=IF(D5313>0,ROUND(C5313/D5313,6),"")
55079	Minneapolis-St. Paul-Bloomington, MN-WI	8840	63.665	=IF(D5314>0,ROUND(C5314/D5314,6),"")
55080	Minneapolis-St. Paul-Bloomington, MN-WI	3281	68.519	=IF(D5315>0,ROUND(C5315/D5315,6),"")
55082	Minneapolis-St. Paul-Bloomington, MN-WI	36414	79.219	=IF(D5316>0,ROUND(C5316/D5316,6),"")
55084	Minneapolis-St. Paul-Bloomington, MN-WI	1942	24.814	=IF(D5317>0,ROUND(C5317/D5317,6),"")
55085	Minneapolis-St. Paul-Bloomington, MN-WI	409	0.92	=IF(D5318>0,ROUND(C5318/D5318,6),"")
55088	Minneapolis-St. Paul-Bloomington, MN-WI	1727	36.748	=IF(D5319>0,ROUND(C5319/D5319,6),"")
55090	Minneapolis-St. Paul-Bloomington, MN-WI	377	0.114	=IF(D5320>0,ROUND(C5320/D5320,6),"")
55092	Minneapolis-St. Paul-Bloomington, MN-WI	11103	33.615	=IF(D5321>0,ROUND(C5321/D5321,6),"")
55102	Minneapolis-St. Paul-Bloomington, MN-WI	19565	3.283	=IF(D5322>0,ROUND(C5322/D5322,6),"")
55103	Minneapolis-St. Paul-Bloomington, MN-WI	13892	1.974	=IF(D5323>0,ROUND(C5323/D5323,6),"")
55104	Minneapolis-St. Paul-Bloomington, MN-WI	45777	6.035	=IF(D5324>0,ROUND(C5324/D5324,6),"")
55105	Minneapolis-St. Paul-Bloomington, MN-WI	27470	3.498	=IF(D5325>0,ROUND(C5325/D5325,6),"")
55106	Minneapolis-St. Paul-Bloomington, MN-WI	56969	9.421	=IF(D5326>0,ROUND(C5326/D5326,6),"")
55107	Minneapolis-St. Paul-Bloomington, MN-WI	15533	4.117	=IF(D5327>0,ROUND(C5327/D5327,6),"")
55108	Minneapolis-St. Paul-Bloomington, MN-WI	15339	3.997	=IF(D5328>0,ROUND(C5328/D5328,6),"")
55109	Minneapolis-St. Paul-Bloomington, MN-WI	34266	11.684	=IF(D5329>0,ROUND(C5329/D5329,6),"")
55110	Minneapolis-St. Paul-Bloomington, MN-WI	37272	24.727	=IF(D5330>0,ROUND(C5330/D5330,6),"")
55112	Minneapolis-St. Paul-Bloomington, MN-WI	45680	17.465	=IF(D5331>0,ROUND(C5331/D5331,6),"")
55113	Minneapolis-St. Paul-Bloomington, MN-WI	40786	14.845	=IF(D5332>0,ROUND(C5332/D5332,6),"")
55114	Minneapolis-St. Paul-Bloomington, MN-WI	4655	1.326	=IF(D5333>0,ROUND(C5333/D5333,6),"")
55115	Minneapolis-St. Paul-Bloomington, MN-WI	8926	6.092	=IF(D5334>0,ROUND(C5334/D5334,6),"")
55116	Minneapolis-St. Paul-Bloomington, MN-WI	26099	5.531	=IF(D5335>0,ROUND(C5335/D5335,6),"")
55117	Minneapolis-St. Paul-Bloomington, MN-WI	44095	9.157	=IF(D5336>0,ROUND(C5336/D5336,6),"")
55118	Minneapolis-St. Paul-Bloomington, MN-WI	29396	10.467	=IF(D5337>0,ROUND(C5337/D5337,6),"")
55119	Minneapolis-St. Paul-Bloomington, MN-WI	44068	13.206	=IF(D5338>0,ROUND(C5338/D5338,6),"")
55120	Minneapolis-St. Paul-Bloomington, MN-WI	5080	5.407	=IF(D5339>0,ROUND(C5339/D5339,6),"")
55121	Minneapolis-St. Paul-Bloomington, MN-WI	9329	9.612	=IF(D5340>0,ROUND(C5340/D5340,6),"")
55122	Minneapolis-St. Paul-Bloomington, MN-WI	31483	10.767	=IF(D5341>0,ROUND(C5341/D5341,6),"")
55123	Minneapolis-St. Paul-Bloomington, MN-WI	27288	10.764	=IF(D5342>0,ROUND(C5342/D5342,6),"")
55124	Minneapolis-St. Paul-Bloomington, MN-WI	55675	16.864	=IF(D5343>0,ROUND(C5343/D5343,6),"")
55125	Minneapolis-St. Paul-Bloomington, MN-WI	44929	15.349	=IF(D5344>0,ROUND(C5344/D5344,6),"")
55126	Minneapolis-St. Paul-Bloomington, MN-WI	27484	13.711	=IF(D5345>0,ROUND(C5345/D5345,6),"")
55127	Minneapolis-St. Paul-Bloomington, MN-WI	18607	13.465	=IF(D5346>0,ROUND(C5346/D5346,6),"")
55128	Minneapolis-St. Paul-Bloomington, MN-WI	28945	11.231	=IF(D5347>0,ROUND(C5347/D5347,6),"")
55129	Minneapolis-St. Paul-Bloomington, MN-WI	32016	19.526	=IF(D5348>0,ROUND(C5348/D5348,6),"")
55130	Minneapolis-St. Paul-Bloomington, MN-WI	18634	2.019	=IF(D5349>0,ROUND(C5349/D5349,6),"")
55301	Minneapolis-St. Paul-Bloomington, MN-WI	13485	8.173	=IF(D5350>0,ROUND(C5350/D5350,6),"")
55302	Minneapolis-St. Paul-Bloomington, MN-WI	7348	67.879	=IF(D5351>0,ROUND(C5351/D5351,6),"")
55303	Minneapolis-St. Paul-Bloomington, MN-WI	52121	64.363	=IF(D5352>0,ROUND(C5352/D5352,6),"")
55304	Minneapolis-St. Paul-Bloomington, MN-WI	49452	68.617	=IF(D5353>0,ROUND(C5353/D5353,6),"")
55305	Minneapolis-St. Paul-Bloomington, MN-WI	21274	9.314	=IF(D5354>0,ROUND(C5354/D5354,6),"")
55306	Minneapolis-St. Paul-Bloomington, MN-WI	16191	6.22	=IF(D5355>0,ROUND(C5355/D5355,6),"")
55308	Minneapolis-St. Paul-Bloomington, MN-WI	9788	60.435	=IF(D5356>0,ROUND(C5356/D5356,6),"")
55309	Minneapolis-St. Paul-Bloomington, MN-WI	21406	62.366	=IF(D5357>0,ROUND(C5357/D5357,6),"")
55311	Minneapolis-St. Paul-Bloomington, MN-WI	37873	16.428	=IF(D5358>0,ROUND(C5358/D5358,6),"")
55313	Minneapolis-St. Paul-Bloomington, MN-WI	24862	107.749	=IF(D5359>0,ROUND(C5359/D5359,6),"")
55315	Minneapolis-St. Paul-Bloomington, MN-WI	7034	27.339	=IF(D5360>0,ROUND(C5360/D5360,6),"")
55316	Minneapolis-St. Paul-Bloomington, MN-WI	23450	8.151	=IF(D5361>0,ROUND(C5361/D5361,6),"")
55317	Minneapolis-St. Paul-Bloomington, MN-WI	22373	13.148	=IF(D5362>0,ROUND(C5362/D5362,6),"")
55318	Minneapolis-St. Paul-Bloomington, MN-WI	29884	39.911	=IF(D5363>0,ROUND(C5363/D5363,6),"")
55319	Minneapolis-St. Paul-Bloomington, MN-WI	5490	71.373	=IF(D5364>0,ROUND(C5364/D5364,6),"")
55320	Minneapolis-St. Paul-Bloomington, MN-WI	5676	48.758	=IF(D5365>0,ROUND(C5365/D5365,6),"")
55321	Minneapolis-St. Paul-Bloomington, MN-WI	5592	80.992	=IF(D5366>0,ROUND(C5366/D5366,6),"")
55322	Minneapolis-St. Paul-Bloomington, MN-WI	3548	57.173	=IF(D5367>0,ROUND(C5367/D5367,6),"")
55327	Minneapolis-St. Paul-Bloomington, MN-WI	5542	17.57	=IF(D5368>0,ROUND(C5368/D5368,6),"")
55328	Minneapolis-St. Paul-Bloomington, MN-WI	9933	44.886	=IF(D5369>0,ROUND(C5369/D5369,6),"")
55330	Minneapolis-St. Paul-Bloomington, MN-WI	45080	106.617	=IF(D5370>0,ROUND(C5370/D5370,6),"")
55331	Minneapolis-St. Paul-Bloomington, MN-WI	19291	16.317	=IF(D5371>0,ROUND(C5371/D5371,6),"")
55337	Minneapolis-St. Paul-Bloomington, MN-WI	48104	18.717	=IF(D5372>0,ROUND(C5372/D5372,6),"")
55339	Minneapolis-St. Paul-Bloomington, MN-WI	934	22.876	=IF(D5373>0,ROUND(C5373/D5373,6),"")
55340	Minneapolis-St. Paul-Bloomington, MN-WI	9776	35.62	=IF(D5374>0,ROUND(C5374/D5374,6),"")
55341	Minneapolis-St. Paul-Bloomington, MN-WI	3454	4.851	=IF(D5375>0,ROUND(C5375/D5375,6),"")
55343	Minneapolis-St. Paul-Bloomington, MN-WI	26482	7.696	=IF(D5376>0,ROUND(C5376/D5376,6),"")
55344	Minneapolis-St. Paul-Bloomington, MN-WI	14180	8.86	=IF(D5377>0,ROUND(C5377/D5377,6),"")
55345	Minneapolis-St. Paul-Bloomington, MN-WI	21255	11.366	=IF(D5378>0,ROUND(C5378/D5378,6),"")
55346	Minneapolis-St. Paul-Bloomington, MN-WI	18602	6.762	=IF(D5379>0,ROUND(C5379/D5379,6),"")
55347	Minneapolis-St. Paul-Bloomington, MN-WI	30467	16.837	=IF(D5380>0,ROUND(C5380/D5380,6),"")
55349	Minneapolis-St. Paul-Bloomington, MN-WI	3555	62.293	=IF(D5381>0,ROUND(C5381/D5381,6),"")
55352	Minneapolis-St. Paul-Bloomington, MN-WI	10426	67.5	=IF(D5382>0,ROUND(C5382/D5382,6),"")
55356	Minneapolis-St. Paul-Bloomington, MN-WI	5924	13.051	=IF(D5383>0,ROUND(C5383/D5383,6),"")
55357	Minneapolis-St. Paul-Bloomington, MN-WI	3704	19.517	=IF(D5384>0,ROUND(C5384/D5384,6),"")
55358	Minneapolis-St. Paul-Bloomington, MN-WI	5266	54.561	=IF(D5385>0,ROUND(C5385/D5385,6),"")
55359	Minneapolis-St. Paul-Bloomington, MN-WI	7068	42.726	=IF(D5386>0,ROUND(C5386/D5386,6),"")
55360	Minneapolis-St. Paul-Bloomington, MN-WI	3328	30.622	=IF(D5387>0,ROUND(C5387/D5387,6),"")
55362	Minneapolis-St. Paul-Bloomington, MN-WI	20125	65.288	=IF(D5388>0,ROUND(C5388/D5388,6),"")
55363	Minneapolis-St. Paul-Bloomington, MN-WI	5664	28.006	=IF(D5389>0,ROUND(C5389/D5389,6),"")
55364	Minneapolis-St. Paul-Bloomington, MN-WI	13959	15.174	=IF(D5390>0,ROUND(C5390/D5390,6),"")
55367	Minneapolis-St. Paul-Bloomington, MN-WI	1086	19.299	=IF(D5391>0,ROUND(C5391/D5391,6),"")
55368	Minneapolis-St. Paul-Bloomington, MN-WI	1856	34.175	=IF(D5392>0,ROUND(C5392/D5392,6),"")
55369	Minneapolis-St. Paul-Bloomington, MN-WI	38711	24.753	=IF(D5393>0,ROUND(C5393/D5393,6),"")
55371	Minneapolis-St. Paul-Bloomington, MN-WI	17376	195.981	=IF(D5394>0,ROUND(C5394/D5394,6),"")
55372	Minneapolis-St. Paul-Bloomington, MN-WI	34617	58.499	=IF(D5395>0,ROUND(C5395/D5395,6),"")
55373	Minneapolis-St. Paul-Bloomington, MN-WI	5725	10.677	=IF(D5396>0,ROUND(C5396/D5396,6),"")
55374	Minneapolis-St. Paul-Bloomington, MN-WI	15812	34.248	=IF(D5397>0,ROUND(C5397/D5397,6),"")
55375	Minneapolis-St. Paul-Bloomington, MN-WI	4285	5.144	=IF(D5398>0,ROUND(C5398/D5398,6),"")
55376	Minneapolis-St. Paul-Bloomington, MN-WI	19317	29.245	=IF(D5399>0,ROUND(C5399/D5399,6),"")
55378	Minneapolis-St. Paul-Bloomington, MN-WI	32072	14.321	=IF(D5400>0,ROUND(C5400/D5400,6),"")
55379	Minneapolis-St. Paul-Bloomington, MN-WI	49084	57.856	=IF(D5401>0,ROUND(C5401/D5401,6),"")
55384	Minneapolis-St. Paul-Bloomington, MN-WI	1869	0.353	=IF(D5402>0,ROUND(C5402/D5402,6),"")
55386	Minneapolis-St. Paul-Bloomington, MN-WI	10080	6.396	=IF(D5403>0,ROUND(C5403/D5403,6),"")
55387	Minneapolis-St. Paul-Bloomington, MN-WI	14697	31.542	=IF(D5404>0,ROUND(C5404/D5404,6),"")
55388	Minneapolis-St. Paul-Bloomington, MN-WI	5974	37.645	=IF(D5405>0,ROUND(C5405/D5405,6),"")
55390	Minneapolis-St. Paul-Bloomington, MN-WI	3179	36.797	=IF(D5406>0,ROUND(C5406/D5406,6),"")
55391	Minneapolis-St. Paul-Bloomington, MN-WI	15469	16.527	=IF(D5407>0,ROUND(C5407/D5407,6),"")
55397	Minneapolis-St. Paul-Bloomington, MN-WI	3335	28.286	=IF(D5408>0,ROUND(C5408/D5408,6),"")
55398	Minneapolis-St. Paul-Bloomington, MN-WI	17768	73.123	=IF(D5409>0,ROUND(C5409/D5409,6),"")
55401	Minneapolis-St. Paul-Bloomington, MN-WI	11526	0.791	=IF(D5410>0,ROUND(C5410/D5410,6),"")
55403	Minneapolis-St. Paul-Bloomington, MN-WI	17354	1.359	=IF(D5411>0,ROUND(C5411/D5411,6),"")
55404	Minneapolis-St. Paul-Bloomington, MN-WI	28071	1.806	=IF(D5412>0,ROUND(C5412/D5412,6),"")
55405	Minneapolis-St. Paul-Bloomington, MN-WI	16915	2.833	=IF(D5413>0,ROUND(C5413/D5413,6),"")
55406	Minneapolis-St. Paul-Bloomington, MN-WI	35863	5.005	=IF(D5414>0,ROUND(C5414/D5414,6),"")
55407	Minneapolis-St. Paul-Bloomington, MN-WI	36992	4.014	=IF(D5415>0,ROUND(C5415/D5415,6),"")
55408	Minneapolis-St. Paul-Bloomington, MN-WI	32534	2.687	=IF(D5416>0,ROUND(C5416/D5416,6),"")
55409	Minneapolis-St. Paul-Bloomington, MN-WI	11405	1.308	=IF(D5417>0,ROUND(C5417/D5417,6),"")
55410	Minneapolis-St. Paul-Bloomington, MN-WI	20361	3.07	=IF(D5418>0,ROUND(C5418/D5418,6),"")
55411	Minneapolis-St. Paul-Bloomington, MN-WI	29719	4.028	=IF(D5419>0,ROUND(C5419/D5419,6),"")
55412	Minneapolis-St. Paul-Bloomington, MN-WI	26182	3.406	=IF(D5420>0,ROUND(C5420/D5420,6),"")
55413	Minneapolis-St. Paul-Bloomington, MN-WI	14328	3.137	=IF(D5421>0,ROUND(C5421/D5421,6),"")
55414	Minneapolis-St. Paul-Bloomington, MN-WI	33739	3.124	=IF(D5422>0,ROUND(C5422/D5422,6),"")
55416	Minneapolis-St. Paul-Bloomington, MN-WI	34905	7.336	=IF(D5423>0,ROUND(C5423/D5423,6),"")
55417	Minneapolis-St. Paul-Bloomington, MN-WI	25677	4.418	=IF(D5424>0,ROUND(C5424/D5424,6),"")
55418	Minneapolis-St. Paul-Bloomington, MN-WI	31295	6.988	=IF(D5425>0,ROUND(C5425/D5425,6),"")
55419	Minneapolis-St. Paul-Bloomington, MN-WI	29728	4.198	=IF(D5426>0,ROUND(C5426/D5426,6),"")
55420	Minneapolis-St. Paul-Bloomington, MN-WI	24008	6.659	=IF(D5427>0,ROUND(C5427/D5427,6),"")
55421	Minneapolis-St. Paul-Bloomington, MN-WI	31051	6.272	=IF(D5428>0,ROUND(C5428/D5428,6),"")
55422	Minneapolis-St. Paul-Bloomington, MN-WI	28765	8.483	=IF(D5429>0,ROUND(C5429/D5429,6),"")
55423	Minneapolis-St. Paul-Bloomington, MN-WI	36779	7.066	=IF(D5430>0,ROUND(C5430/D5430,6),"")
55424	Minneapolis-St. Paul-Bloomington, MN-WI	10373	2.411	=IF(D5431>0,ROUND(C5431/D5431,6),"")
55425	Minneapolis-St. Paul-Bloomington, MN-WI	10562	4.537	=IF(D5432>0,ROUND(C5432/D5432,6),"")
55426	Minneapolis-St. Paul-Bloomington, MN-WI	25451	6.623	=IF(D5433>0,ROUND(C5433/D5433,6),"")
55427	Minneapolis-St. Paul-Bloomington, MN-WI	24667	7.24	=IF(D5434>0,ROUND(C5434/D5434,6),"")
55428	Minneapolis-St. Paul-Bloomington, MN-WI	32679	8.106	=IF(D5435>0,ROUND(C5435/D5435,6),"")
55429	Minneapolis-St. Paul-Bloomington, MN-WI	27570	6.016	=IF(D5436>0,ROUND(C5436/D5436,6),"")
55430	Minneapolis-St. Paul-Bloomington, MN-WI	22569	5.874	=IF(D5437>0,ROUND(C5437/D5437,6),"")
55431	Minneapolis-St. Paul-Bloomington, MN-WI	19075	7.825	=IF(D5438>0,ROUND(C5438/D5438,6),"")
55432	Minneapolis-St. Paul-Bloomington, MN-WI	32935	9.878	=IF(D5439>0,ROUND(C5439/D5439,6),"")
55433	Minneapolis-St. Paul-Bloomington, MN-WI	34423	11.636	=IF(D5440>0,ROUND(C5440/D5440,6),"")
55434	Minneapolis-St. Paul-Bloomington, MN-WI	33133	8.923	=IF(D5441>0,ROUND(C5441/D5441,6),"")
55435	Minneapolis-St. Paul-Bloomington, MN-WI	13698	2.973	=IF(D5442>0,ROUND(C5442/D5442,6),"")
55436	Minneapolis-St. Paul-Bloomington, MN-WI	14573	4.692	=IF(D5443>0,ROUND(C5443/D5443,6),"")
55437	Minneapolis-St. Paul-Bloomington, MN-WI	19282	6.732	=IF(D5444>0,ROUND(C5444/D5444,6),"")
55438	Minneapolis-St. Paul-Bloomington, MN-WI	15847	8.295	=IF(D5445>0,ROUND(C5445/D5445,6),"")
55439	Minneapolis-St. Paul-Bloomington, MN-WI	9475	4.711	=IF(D5446>0,ROUND(C5446/D5446,6),"")
55441	Minneapolis-St. Paul-Bloomington, MN-WI	18242	8.58	=IF(D5447>0,ROUND(C5447/D5447,6),"")
55442	Minneapolis-St. Paul-Bloomington, MN-WI	13197	5.297	=IF(D5448>0,ROUND(C5448/D5448,6),"")
55443	Minneapolis-St. Paul-Bloomington, MN-WI	33318	9.055	=IF(D5449>0,ROUND(C5449/D5449,6),"")
55444	Minneapolis-St. Paul-Bloomington, MN-WI	17428	4.628	=IF(D5450>0,ROUND(C5450/D5450,6),"")
55445	Minneapolis-St. Paul-Bloomington, MN-WI	13538	7.843	=IF(D5451>0,ROUND(C5451/D5451,6),"")
55446	Minneapolis-St. Paul-Bloomington, MN-WI	27627	10.078	=IF(D5452>0,ROUND(C5452/D5452,6),"")
55447	Minneapolis-St. Paul-Bloomington, MN-WI	21001	8.929	=IF(D5453>0,ROUND(C5453/D5453,6),"")
55448	Minneapolis-St. Paul-Bloomington, MN-WI	28925	10.826	=IF(D5454>0,ROUND(C5454/D5454,6),"")
55449	Minneapolis-St. Paul-Bloomington, MN-WI	33367	21.443	=IF(D5455>0,ROUND(C5455/D5455,6),"")
55454	Minneapolis-St. Paul-Bloomington, MN-WI	8628	0.595	=IF(D5456>0,ROUND(C5456/D5456,6),"")
55901	Rochester, MN	58260	33.077	=IF(D5457>0,ROUND(C5457/D5457,6),"")
55902	Rochester, MN	25988	41.167	=IF(D5458>0,ROUND(C5458/D5458,6),"")
55904	Rochester, MN	29682	60.153	=IF(D5459>0,ROUND(C5459/D5459,6),"")
55906	Rochester, MN	20080	61.492	=IF(D5460>0,ROUND(C5460/D5460,6),"")
55920	Rochester, MN	8747	68.682	=IF(D5461>0,ROUND(C5461/D5461,6),"")
55922	Rochester, MN	853	32.78	=IF(D5462>0,ROUND(C5462/D5462,6),"")
55923	Rochester, MN	4387	126.145	=IF(D5463>0,ROUND(C5463/D5463,6),"")
55924	Rochester, MN	1246	76.761	=IF(D5464>0,ROUND(C5464/D5464,6),"")
55927	Rochester, MN	4272	80.146	=IF(D5465>0,ROUND(C5465/D5465,6),"")
55929	Rochester, MN	1348	44.022	=IF(D5466>0,ROUND(C5466/D5466,6),"")
55932	Rochester, MN	2080	52.44	=IF(D5467>0,ROUND(C5467/D5467,6),"")
55934	Rochester, MN	3542	78.508	=IF(D5468>0,ROUND(C5468/D5468,6),"")
55935	Rochester, MN	978	50.412	=IF(D5469>0,ROUND(C5469/D5469,6),"")
55939	Rochester, MN	1986	92.331	=IF(D5470>0,ROUND(C5470/D5470,6),"")
55940	Rochester, MN	2810	93.002	=IF(D5471>0,ROUND(C5471/D5471,6),"")
55944	Rochester, MN	8048	59.285	=IF(D5472>0,ROUND(C5472/D5472,6),"")
55945	Rochester, MN	1298	102.447	=IF(D5473>0,ROUND(C5473/D5473,6),"")
55949	Rochester, MN	1918	113.903	=IF(D5474>0,ROUND(C5474/D5474,6),"")
55954	Rochester, MN	1408	72.533	=IF(D5475>0,ROUND(C5475/D5475,6),"")
55955	Rochester, MN	2603	34.24	=IF(D5476>0,ROUND(C5476/D5476,6),"")
55956	Rochester, MN	2046	54.668	=IF(D5477>0,ROUND(C5477/D5477,6),"")
55957	Rochester, MN	769	41.073	=IF(D5478>0,ROUND(C5478/D5478,6),"")
55960	Rochester, MN	3453	35.019	=IF(D5479>0,ROUND(C5479/D5479,6),"")
55962	Rochester, MN	758	63.164	=IF(D5480>0,ROUND(C5480/D5480,6),"")
55963	Rochester, MN	5473	80.607	=IF(D5481>0,ROUND(C5481/D5481,6),"")
55964	Rochester, MN	4453	88.855	=IF(D5482>0,ROUND(C5482/D5482,6),"")
55965	Rochester, MN	2253	108.47	=IF(D5483>0,ROUND(C5483/D5483,6),"")
55971	Rochester, MN	2910	84.322	=IF(D5484>0,ROUND(C5484/D5484,6),"")
55975	Rochester, MN	4597	160.101	=IF(D5485>0,ROUND(C5485/D5485,6),"")
55976	Rochester, MN	8542	91.035	=IF(D5486>0,ROUND(C5486/D5486,6),"")
55981	Rochester, MN	3863	50.951	=IF(D5487>0,ROUND(C5487/D5487,6),"")
55985	Rochester, MN	1644	80.135	=IF(D5488>0,ROUND(C5488/D5488,6),"")
55990	Rochester, MN	895	43.202	=IF(D5489>0,ROUND(C5489/D5489,6),"")
55991	Rochester, MN	1474	54.085	=IF(D5490>0,ROUND(C5490/D5490,6),"")
56011	Minneapolis-St. Paul-Bloomington, MN-WI	9672	102.217	=IF(D5491>0,ROUND(C5491/D5491,6),"")
56017	Minneapolis-St. Paul-Bloomington, MN-WI	1757	29.146	=IF(D5492>0,ROUND(C5492/D5492,6),"")
56028	Minneapolis-St. Paul-Bloomington, MN-WI	1057	17.867	=IF(D5493>0,ROUND(C5493/D5493,6),"")
56044	Minneapolis-St. Paul-Bloomington, MN-WI	2192	82.841	=IF(D5494>0,ROUND(C5494/D5494,6),"")
56050	Minneapolis-St. Paul-Bloomington, MN-WI	1367	23.128	=IF(D5495>0,ROUND(C5495/D5495,6),"")
56057	Minneapolis-St. Paul-Bloomington, MN-WI	3933	85.201	=IF(D5496>0,ROUND(C5496/D5496,6),"")
56058	Minneapolis-St. Paul-Bloomington, MN-WI	6080	126.72	=IF(D5497>0,ROUND(C5497/D5497,6),"")
56063	Minneapolis-St. Paul-Bloomington, MN-WI	3059	40.032	=IF(D5498>0,ROUND(C5498/D5498,6),"")
56069	Minneapolis-St. Paul-Bloomington, MN-WI	4948	71.195	=IF(D5499>0,ROUND(C5499/D5499,6),"")
56071	Minneapolis-St. Paul-Bloomington, MN-WI	13015	85.929	=IF(D5500>0,ROUND(C5500/D5500,6),"")
56096	Minneapolis-St. Paul-Bloomington, MN-WI	2874	55.666	=IF(D5501>0,ROUND(C5501/D5501,6),"")
56304	Minneapolis-St. Paul-Bloomington, MN-WI	17281	60.644	=IF(D5502>0,ROUND(C5502/D5502,6),"")
56330	Minneapolis-St. Paul-Bloomington, MN-WI	2063	39.475	=IF(D5503>0,ROUND(C5503/D5503,6),"")
56342	Minneapolis-St. Paul-Bloomington, MN-WI	2805	192.965	=IF(D5504>0,ROUND(C5504/D5504,6),"")
56353	Minneapolis-St. Paul-Bloomington, MN-WI	9489	189.806	=IF(D5505>0,ROUND(C5505/D5505,6),"")
56358	Minneapolis-St. Paul-Bloomington, MN-WI	3172	125.154	=IF(D5506>0,ROUND(C5506/D5506,6),"")
56359	Minneapolis-St. Paul-Bloomington, MN-WI	3451	170.736	=IF(D5507>0,ROUND(C5507/D5507,6),"")
56386	Minneapolis-St. Paul-Bloomington, MN-WI	641	17.811	=IF(D5508>0,ROUND(C5508/D5508,6),"")
60002	Chicago-Naperville-Elgin, IL-IN-WI	24396	33.313	=IF(D5509>0,ROUND(C5509/D5509,6),"")
60004	Chicago-Naperville-Elgin, IL-IN-WI	51884	11.119	=IF(D5510>0,ROUND(C5510/D5510,6),"")
60005	Chicago-Naperville-Elgin, IL-IN-WI	29022	6.57	=IF(D5511>0,ROUND(C5511/D5511,6),"")
60007	Chicago-Naperville-Elgin, IL-IN-WI	32485	18.108	=IF(D5512>0,ROUND(C5512/D5512,6),"")
60008	Chicago-Naperville-Elgin, IL-IN-WI	22949	5.128	=IF(D5513>0,ROUND(C5513/D5513,6),"")
60010	Chicago-Naperville-Elgin, IL-IN-WI	45970	74.088	=IF(D5514>0,ROUND(C5514/D5514,6),"")
60012	Chicago-Naperville-Elgin, IL-IN-WI	11929	17.299	=IF(D5515>0,ROUND(C5515/D5515,6),"")
60013	Chicago-Naperville-Elgin, IL-IN-WI	26503	14.464	=IF(D5516>0,ROUND(C5516/D5516,6),"")
60014	Chicago-Naperville-Elgin, IL-IN-WI	48383	25.103	=IF(D5517>0,ROUND(C5517/D5517,6),"")
60015	Chicago-Naperville-Elgin, IL-IN-WI	27720	13.633	=IF(D5518>0,ROUND(C5518/D5518,6),"")
60016	Chicago-Naperville-Elgin, IL-IN-WI	60520	12.123	=IF(D5519>0,ROUND(C5519/D5519,6),"")
60018	Chicago-Naperville-Elgin, IL-IN-WI	29302	16.581	=IF(D5520>0,ROUND(C5520/D5520,6),"")
60020	Chicago-Naperville-Elgin, IL-IN-WI	10846	4.711	=IF(D5521>0,ROUND(C5521/D5521,6),"")
60021	Chicago-Naperville-Elgin, IL-IN-WI	5108	2.049	=IF(D5522>0,ROUND(C5522/D5522,6),"")
60022	Chicago-Naperville-Elgin, IL-IN-WI	8415	3.792	=IF(D5523>0,ROUND(C5523/D5523,6),"")
60025	Chicago-Naperville-Elgin, IL-IN-WI	40877	10.49	=IF(D5524>0,ROUND(C5524/D5524,6),"")
60026	Chicago-Naperville-Elgin, IL-IN-WI	14499	4.076	=IF(D5525>0,ROUND(C5525/D5525,6),"")
60029	Chicago-Naperville-Elgin, IL-IN-WI	548	0.448	=IF(D5526>0,ROUND(C5526/D5526,6),"")
60030	Chicago-Naperville-Elgin, IL-IN-WI	35579	26.761	=IF(D5527>0,ROUND(C5527/D5527,6),"")
60031	Chicago-Naperville-Elgin, IL-IN-WI	37208	19.02	=IF(D5528>0,ROUND(C5528/D5528,6),"")
60033	Chicago-Naperville-Elgin, IL-IN-WI	13333	117.452	=IF(D5529>0,ROUND(C5529/D5529,6),"")
60034	Chicago-Naperville-Elgin, IL-IN-WI	2175	30.873	=IF(D5530>0,ROUND(C5530/D5530,6),"")
60035	Chicago-Naperville-Elgin, IL-IN-WI	30236	12.667	=IF(D5531>0,ROUND(C5531/D5531,6),"")
60040	Chicago-Naperville-Elgin, IL-IN-WI	5243	0.765	=IF(D5532>0,ROUND(C5532/D5532,6),"")
60041	Chicago-Naperville-Elgin, IL-IN-WI	8920	9.553	=IF(D5533>0,ROUND(C5533/D5533,6),"")
60042	Chicago-Naperville-Elgin, IL-IN-WI	8630	4.567	=IF(D5534>0,ROUND(C5534/D5534,6),"")
60043	Chicago-Naperville-Elgin, IL-IN-WI	2543	0.607	=IF(D5535>0,ROUND(C5535/D5535,6),"")
60044	Chicago-Naperville-Elgin, IL-IN-WI	10289	6.786	=IF(D5536>0,ROUND(C5536/D5536,6),"")
60045	Chicago-Naperville-Elgin, IL-IN-WI	20957	21.312	=IF(D5537>0,ROUND(C5537/D5537,6),"")
60046	Chicago-Naperville-Elgin, IL-IN-WI	34708	22.956	=IF(D5538>0,ROUND(C5538/D5538,6),"")
60047	Chicago-Naperville-Elgin, IL-IN-WI	44100	34.872	=IF(D5539>0,ROUND(C5539/D5539,6),"")
60048	Chicago-Naperville-Elgin, IL-IN-WI	28945	28.396	=IF(D5540>0,ROUND(C5540/D5540,6),"")
60050	Chicago-Naperville-Elgin, IL-IN-WI	31870	26.428	=IF(D5541>0,ROUND(C5541/D5541,6),"")
60051	Chicago-Naperville-Elgin, IL-IN-WI	23931	33.176	=IF(D5542>0,ROUND(C5542/D5542,6),"")
60053	Chicago-Naperville-Elgin, IL-IN-WI	24687	5.058	=IF(D5543>0,ROUND(C5543/D5543,6),"")
60056	Chicago-Naperville-Elgin, IL-IN-WI	55989	10.866	=IF(D5544>0,ROUND(C5544/D5544,6),"")
60060	Chicago-Naperville-Elgin, IL-IN-WI	37146	23.225	=IF(D5545>0,ROUND(C5545/D5545,6),"")
60061	Chicago-Naperville-Elgin, IL-IN-WI	27883	8.357	=IF(D5546>0,ROUND(C5546/D5546,6),"")
60062	Chicago-Naperville-Elgin, IL-IN-WI	41667	18.904	=IF(D5547>0,ROUND(C5547/D5547,6),"")
60064	Chicago-Naperville-Elgin, IL-IN-WI	15047	5.288	=IF(D5548>0,ROUND(C5548/D5548,6),"")
60067	Chicago-Naperville-Elgin, IL-IN-WI	38118	13.011	=IF(D5549>0,ROUND(C5549/D5549,6),"")
60068	Chicago-Naperville-Elgin, IL-IN-WI	39227	7.311	=IF(D5550>0,ROUND(C5550/D5550,6),"")
60069	Chicago-Naperville-Elgin, IL-IN-WI	8728	5.93	=IF(D5551>0,ROUND(C5551/D5551,6),"")
60070	Chicago-Naperville-Elgin, IL-IN-WI	15549	3.976	=IF(D5552>0,ROUND(C5552/D5552,6),"")
60071	Chicago-Naperville-Elgin, IL-IN-WI	3946	24.819	=IF(D5553>0,ROUND(C5553/D5553,6),"")
60072	Chicago-Naperville-Elgin, IL-IN-WI	888	9.681	=IF(D5554>0,ROUND(C5554/D5554,6),"")
60073	Chicago-Naperville-Elgin, IL-IN-WI	62000	18.471	=IF(D5555>0,ROUND(C5555/D5555,6),"")
60074	Chicago-Naperville-Elgin, IL-IN-WI	36296	7.103	=IF(D5556>0,ROUND(C5556/D5556,6),"")
60076	Chicago-Naperville-Elgin, IL-IN-WI	32973	5.135	=IF(D5557>0,ROUND(C5557/D5557,6),"")
60077	Chicago-Naperville-Elgin, IL-IN-WI	28651	4.231	=IF(D5558>0,ROUND(C5558/D5558,6),"")
60081	Chicago-Naperville-Elgin, IL-IN-WI	9117	19.719	=IF(D5559>0,ROUND(C5559/D5559,6),"")
60083	Chicago-Naperville-Elgin, IL-IN-WI	9655	26.392	=IF(D5560>0,ROUND(C5560/D5560,6),"")
60084	Chicago-Naperville-Elgin, IL-IN-WI	17267	14.046	=IF(D5561>0,ROUND(C5561/D5561,6),"")
60085	Chicago-Naperville-Elgin, IL-IN-WI	72763	14.812	=IF(D5562>0,ROUND(C5562/D5562,6),"")
60087	Chicago-Naperville-Elgin, IL-IN-WI	27428	12.973	=IF(D5563>0,ROUND(C5563/D5563,6),"")
60089	Chicago-Naperville-Elgin, IL-IN-WI	42781	9.843	=IF(D5564>0,ROUND(C5564/D5564,6),"")
60090	Chicago-Naperville-Elgin, IL-IN-WI	38340	8.983	=IF(D5565>0,ROUND(C5565/D5565,6),"")
60091	Chicago-Naperville-Elgin, IL-IN-WI	27369	5.339	=IF(D5566>0,ROUND(C5566/D5566,6),"")
60093	Chicago-Naperville-Elgin, IL-IN-WI	20156	8.375	=IF(D5567>0,ROUND(C5567/D5567,6),"")
60096	Chicago-Naperville-Elgin, IL-IN-WI	6626	4.753	=IF(D5568>0,ROUND(C5568/D5568,6),"")
60097	Chicago-Naperville-Elgin, IL-IN-WI	11481	16.047	=IF(D5569>0,ROUND(C5569/D5569,6),"")
60098	Chicago-Naperville-Elgin, IL-IN-WI	33307	104.778	=IF(D5570>0,ROUND(C5570/D5570,6),"")
60099	Chicago-Naperville-Elgin, IL-IN-WI	30485	22.601	=IF(D5571>0,ROUND(C5571/D5571,6),"")
60101	Chicago-Naperville-Elgin, IL-IN-WI	37202	11.396	=IF(D5572>0,ROUND(C5572/D5572,6),"")
60102	Chicago-Naperville-Elgin, IL-IN-WI	32303	15.768	=IF(D5573>0,ROUND(C5573/D5573,6),"")
60103	Chicago-Naperville-Elgin, IL-IN-WI	41825	18.353	=IF(D5574>0,ROUND(C5574/D5574,6),"")
60104	Chicago-Naperville-Elgin, IL-IN-WI	18390	2.284	=IF(D5575>0,ROUND(C5575/D5575,6),"")
60106	Chicago-Naperville-Elgin, IL-IN-WI	19908	9.271	=IF(D5576>0,ROUND(C5576/D5576,6),"")
60107	Chicago-Naperville-Elgin, IL-IN-WI	38965	7.704	=IF(D5577>0,ROUND(C5577/D5577,6),"")
60108	Chicago-Naperville-Elgin, IL-IN-WI	23434	7.387	=IF(D5578>0,ROUND(C5578/D5578,6),"")
60109	Chicago-Naperville-Elgin, IL-IN-WI	520	5.544	=IF(D5579>0,ROUND(C5579/D5579,6),"")
60110	Chicago-Naperville-Elgin, IL-IN-WI	39028	8.375	=IF(D5580>0,ROUND(C5580/D5580,6),"")
60111	Chicago-Naperville-Elgin, IL-IN-WI	222	21.476	=IF(D5581>0,ROUND(C5581/D5581,6),"")
60112	Chicago-Naperville-Elgin, IL-IN-WI	4611	3.655	=IF(D5582>0,ROUND(C5582/D5582,6),"")
60115	Chicago-Naperville-Elgin, IL-IN-WI	42461	81.03	=IF(D5583>0,ROUND(C5583/D5583,6),"")
60118	Chicago-Naperville-Elgin, IL-IN-WI	15692	20.937	=IF(D5584>0,ROUND(C5584/D5584,6),"")
60119	Chicago-Naperville-Elgin, IL-IN-WI	10964	49.559	=IF(D5585>0,ROUND(C5585/D5585,6),"")
60120	Chicago-Naperville-Elgin, IL-IN-WI	50774	17.425	=IF(D5586>0,ROUND(C5586/D5586,6),"")
60123	Chicago-Naperville-Elgin, IL-IN-WI	48821	13.967	=IF(D5587>0,ROUND(C5587/D5587,6),"")
60124	Chicago-Naperville-Elgin, IL-IN-WI	24400	38.157	=IF(D5588>0,ROUND(C5588/D5588,6),"")
60126	Chicago-Naperville-Elgin, IL-IN-WI	47759	11.206	=IF(D5589>0,ROUND(C5589/D5589,6),"")
60130	Chicago-Naperville-Elgin, IL-IN-WI	14000	2.818	=IF(D5590>0,ROUND(C5590/D5590,6),"")
60131	Chicago-Naperville-Elgin, IL-IN-WI	18059	5.437	=IF(D5591>0,ROUND(C5591/D5591,6),"")
60133	Chicago-Naperville-Elgin, IL-IN-WI	36850	8.384	=IF(D5592>0,ROUND(C5592/D5592,6),"")
60134	Chicago-Naperville-Elgin, IL-IN-WI	29838	14.558	=IF(D5593>0,ROUND(C5593/D5593,6),"")
60135	Chicago-Naperville-Elgin, IL-IN-WI	7486	46.788	=IF(D5594>0,ROUND(C5594/D5594,6),"")
60136	Chicago-Naperville-Elgin, IL-IN-WI	8623	7.4	=IF(D5595>0,ROUND(C5595/D5595,6),"")
60137	Chicago-Naperville-Elgin, IL-IN-WI	38754	10.969	=IF(D5596>0,ROUND(C5596/D5596,6),"")
60139	Chicago-Naperville-Elgin, IL-IN-WI	32954	5.531	=IF(D5597>0,ROUND(C5597/D5597,6),"")
60140	Chicago-Naperville-Elgin, IL-IN-WI	21844	80.938	=IF(D5598>0,ROUND(C5598/D5598,6),"")
60142	Chicago-Naperville-Elgin, IL-IN-WI	29452	38.883	=IF(D5599>0,ROUND(C5599/D5599,6),"")
60143	Chicago-Naperville-Elgin, IL-IN-WI	11798	6.97	=IF(D5600>0,ROUND(C5600/D5600,6),"")
60145	Chicago-Naperville-Elgin, IL-IN-WI	2206	33.807	=IF(D5601>0,ROUND(C5601/D5601,6),"")
60146	Chicago-Naperville-Elgin, IL-IN-WI	2241	55.547	=IF(D5602>0,ROUND(C5602/D5602,6),"")
60148	Chicago-Naperville-Elgin, IL-IN-WI	52358	13.816	=IF(D5603>0,ROUND(C5603/D5603,6),"")
60150	Chicago-Naperville-Elgin, IL-IN-WI	2000	55.912	=IF(D5604>0,ROUND(C5604/D5604,6),"")
60151	Chicago-Naperville-Elgin, IL-IN-WI	4295	82.544	=IF(D5605>0,ROUND(C5605/D5605,6),"")
60152	Chicago-Naperville-Elgin, IL-IN-WI	12006	95.353	=IF(D5606>0,ROUND(C5606/D5606,6),"")
60153	Chicago-Naperville-Elgin, IL-IN-WI	23173	2.839	=IF(D5607>0,ROUND(C5607/D5607,6),"")
60154	Chicago-Naperville-Elgin, IL-IN-WI	16524	4.361	=IF(D5608>0,ROUND(C5608/D5608,6),"")
60155	Chicago-Naperville-Elgin, IL-IN-WI	7906	1.856	=IF(D5609>0,ROUND(C5609/D5609,6),"")
60156	Chicago-Naperville-Elgin, IL-IN-WI	28853	10.61	=IF(D5610>0,ROUND(C5610/D5610,6),"")
60157	Chicago-Naperville-Elgin, IL-IN-WI	2377	1.548	=IF(D5611>0,ROUND(C5611/D5611,6),"")
60160	Chicago-Naperville-Elgin, IL-IN-WI	24513	4.552	=IF(D5612>0,ROUND(C5612/D5612,6),"")
60162	Chicago-Naperville-Elgin, IL-IN-WI	8133	3.174	=IF(D5613>0,ROUND(C5613/D5613,6),"")
60163	Chicago-Naperville-Elgin, IL-IN-WI	5205	1.26	=IF(D5614>0,ROUND(C5614/D5614,6),"")
60164	Chicago-Naperville-Elgin, IL-IN-WI	21248	4.912	=IF(D5615>0,ROUND(C5615/D5615,6),"")
60165	Chicago-Naperville-Elgin, IL-IN-WI	4504	0.342	=IF(D5616>0,ROUND(C5616/D5616,6),"")
60169	Chicago-Naperville-Elgin, IL-IN-WI	33529	7.663	=IF(D5617>0,ROUND(C5617/D5617,6),"")
60171	Chicago-Naperville-Elgin, IL-IN-WI	10482	2.252	=IF(D5618>0,ROUND(C5618/D5618,6),"")
60172	Chicago-Naperville-Elgin, IL-IN-WI	24231	6.996	=IF(D5619>0,ROUND(C5619/D5619,6),"")
60173	Chicago-Naperville-Elgin, IL-IN-WI	13892	6.42	=IF(D5620>0,ROUND(C5620/D5620,6),"")
60174	Chicago-Naperville-Elgin, IL-IN-WI	30481	13.72	=IF(D5621>0,ROUND(C5621/D5621,6),"")
60175	Chicago-Naperville-Elgin, IL-IN-WI	26528	33.519	=IF(D5622>0,ROUND(C5622/D5622,6),"")
60176	Chicago-Naperville-Elgin, IL-IN-WI	11454	2.537	=IF(D5623>0,ROUND(C5623/D5623,6),"")
60177	Chicago-Naperville-Elgin, IL-IN-WI	24030	8.88	=IF(D5624>0,ROUND(C5624/D5624,6),"")
60178	Chicago-Naperville-Elgin, IL-IN-WI	21709	67.171	=IF(D5625>0,ROUND(C5625/D5625,6),"")
60180	Chicago-Naperville-Elgin, IL-IN-WI	2092	20.96	=IF(D5626>0,ROUND(C5626/D5626,6),"")
60181	Chicago-Naperville-Elgin, IL-IN-WI	30247	6.508	=IF(D5627>0,ROUND(C5627/D5627,6),"")
60184	Chicago-Naperville-Elgin, IL-IN-WI	2280	8.421	=IF(D5628>0,ROUND(C5628/D5628,6),"")
60185	Chicago-Naperville-Elgin, IL-IN-WI	33711	30.89	=IF(D5629>0,ROUND(C5629/D5629,6),"")
60187	Chicago-Naperville-Elgin, IL-IN-WI	28867	6.63	=IF(D5630>0,ROUND(C5630/D5630,6),"")
60188	Chicago-Naperville-Elgin, IL-IN-WI	42087	10.051	=IF(D5631>0,ROUND(C5631/D5631,6),"")
60189	Chicago-Naperville-Elgin, IL-IN-WI	30866	10.437	=IF(D5632>0,ROUND(C5632/D5632,6),"")
60190	Chicago-Naperville-Elgin, IL-IN-WI	11931	4.876	=IF(D5633>0,ROUND(C5633/D5633,6),"")
60191	Chicago-Naperville-Elgin, IL-IN-WI	14381	5.212	=IF(D5634>0,ROUND(C5634/D5634,6),"")
60192	Chicago-Naperville-Elgin, IL-IN-WI	16662	11.146	=IF(D5635>0,ROUND(C5635/D5635,6),"")
60193	Chicago-Naperville-Elgin, IL-IN-WI	39467	8.808	=IF(D5636>0,ROUND(C5636/D5636,6),"")
60194	Chicago-Naperville-Elgin, IL-IN-WI	19932	3.689	=IF(D5637>0,ROUND(C5637/D5637,6),"")
60195	Chicago-Naperville-Elgin, IL-IN-WI	4698	1.687	=IF(D5638>0,ROUND(C5638/D5638,6),"")
60201	Chicago-Naperville-Elgin, IL-IN-WI	43555	4.511	=IF(D5639>0,ROUND(C5639/D5639,6),"")
60202	Chicago-Naperville-Elgin, IL-IN-WI	32818	3.055	=IF(D5640>0,ROUND(C5640/D5640,6),"")
60203	Chicago-Naperville-Elgin, IL-IN-WI	4733	0.684	=IF(D5641>0,ROUND(C5641/D5641,6),"")
60302	Chicago-Naperville-Elgin, IL-IN-WI	32589	2.955	=IF(D5642>0,ROUND(C5642/D5642,6),"")
60304	Chicago-Naperville-Elgin, IL-IN-WI	17218	1.55	=IF(D5643>0,ROUND(C5643/D5643,6),"")
60305	Chicago-Naperville-Elgin, IL-IN-WI	11489	2.477	=IF(D5644>0,ROUND(C5644/D5644,6),"")
60401	Chicago-Naperville-Elgin, IL-IN-WI	7581	56.671	=IF(D5645>0,ROUND(C5645/D5645,6),"")
60402	Chicago-Naperville-Elgin, IL-IN-WI	63867	5.736	=IF(D5646>0,ROUND(C5646/D5646,6),"")
60403	Chicago-Naperville-Elgin, IL-IN-WI	17226	4.89	=IF(D5647>0,ROUND(C5647/D5647,6),"")
60404	Chicago-Naperville-Elgin, IL-IN-WI	20052	15.734	=IF(D5648>0,ROUND(C5648/D5648,6),"")
60406	Chicago-Naperville-Elgin, IL-IN-WI	24887	5.371	=IF(D5649>0,ROUND(C5649/D5649,6),"")
60407	Chicago-Naperville-Elgin, IL-IN-WI	1723	13.512	=IF(D5650>0,ROUND(C5650/D5650,6),"")
60408	Chicago-Naperville-Elgin, IL-IN-WI	5332	6.386	=IF(D5651>0,ROUND(C5651/D5651,6),"")
60409	Chicago-Naperville-Elgin, IL-IN-WI	35253	7.747	=IF(D5652>0,ROUND(C5652/D5652,6),"")
60410	Chicago-Naperville-Elgin, IL-IN-WI	14027	24.086	=IF(D5653>0,ROUND(C5653/D5653,6),"")
60411	Chicago-Naperville-Elgin, IL-IN-WI	52395	30.69	=IF(D5654>0,ROUND(C5654/D5654,6),"")
60415	Chicago-Naperville-Elgin, IL-IN-WI	14147	2.266	=IF(D5655>0,ROUND(C5655/D5655,6),"")
60416	Chicago-Naperville-Elgin, IL-IN-WI	9277	22.816	=IF(D5656>0,ROUND(C5656/D5656,6),"")
60417	Chicago-Naperville-Elgin, IL-IN-WI	15408	37.091	=IF(D5657>0,ROUND(C5657/D5657,6),"")
60418	Chicago-Naperville-Elgin, IL-IN-WI	10631	2.96	=IF(D5658>0,ROUND(C5658/D5658,6),"")
60419	Chicago-Naperville-Elgin, IL-IN-WI	20979	4.246	=IF(D5659>0,ROUND(C5659/D5659,6),"")
60421	Chicago-Naperville-Elgin, IL-IN-WI	3786	59.786	=IF(D5660>0,ROUND(C5660/D5660,6),"")
60422	Chicago-Naperville-Elgin, IL-IN-WI	9885	3.983	=IF(D5661>0,ROUND(C5661/D5661,6),"")
60423	Chicago-Naperville-Elgin, IL-IN-WI	32813	37.878	=IF(D5662>0,ROUND(C5662/D5662,6),"")
60424	Chicago-Naperville-Elgin, IL-IN-WI	2170	52.664	=IF(D5663>0,ROUND(C5663/D5663,6),"")
60425	Chicago-Naperville-Elgin, IL-IN-WI	8730	5.628	=IF(D5664>0,ROUND(C5664/D5664,6),"")
60426	Chicago-Naperville-Elgin, IL-IN-WI	23066	7.736	=IF(D5665>0,ROUND(C5665/D5665,6),"")
60428	Chicago-Naperville-Elgin, IL-IN-WI	10980	5.074	=IF(D5666>0,ROUND(C5666/D5666,6),"")
60429	Chicago-Naperville-Elgin, IL-IN-WI	14602	4.074	=IF(D5667>0,ROUND(C5667/D5667,6),"")
60430	Chicago-Naperville-Elgin, IL-IN-WI	19993	6.882	=IF(D5668>0,ROUND(C5668/D5668,6),"")
60431	Chicago-Naperville-Elgin, IL-IN-WI	26789	12.842	=IF(D5669>0,ROUND(C5669/D5669,6),"")
60432	Chicago-Naperville-Elgin, IL-IN-WI	20098	8.517	=IF(D5670>0,ROUND(C5670/D5670,6),"")
60433	Chicago-Naperville-Elgin, IL-IN-WI	15293	13.561	=IF(D5671>0,ROUND(C5671/D5671,6),"")
60435	Chicago-Naperville-Elgin, IL-IN-WI	48521	10.83	=IF(D5672>0,ROUND(C5672/D5672,6),"")
60436	Chicago-Naperville-Elgin, IL-IN-WI	19446	17.994	=IF(D5673>0,ROUND(C5673/D5673,6),"")
60438	Chicago-Naperville-Elgin, IL-IN-WI	28802	8.063	=IF(D5674>0,ROUND(C5674/D5674,6),"")
60439	Chicago-Naperville-Elgin, IL-IN-WI	24255	29.707	=IF(D5675>0,ROUND(C5675/D5675,6),"")
60440	Chicago-Naperville-Elgin, IL-IN-WI	52074	15.08	=IF(D5676>0,ROUND(C5676/D5676,6),"")
60441	Chicago-Naperville-Elgin, IL-IN-WI	36841	28.146	=IF(D5677>0,ROUND(C5677/D5677,6),"")
60442	Chicago-Naperville-Elgin, IL-IN-WI	13467	67.032	=IF(D5678>0,ROUND(C5678/D5678,6),"")
60443	Chicago-Naperville-Elgin, IL-IN-WI	20606	11.259	=IF(D5679>0,ROUND(C5679/D5679,6),"")
60444	Chicago-Naperville-Elgin, IL-IN-WI	1986	49.659	=IF(D5680>0,ROUND(C5680/D5680,6),"")
60445	Chicago-Naperville-Elgin, IL-IN-WI	14445	4.293	=IF(D5681>0,ROUND(C5681/D5681,6),"")
60446	Chicago-Naperville-Elgin, IL-IN-WI	41933	19.508	=IF(D5682>0,ROUND(C5682/D5682,6),"")
60447	Chicago-Naperville-Elgin, IL-IN-WI	16099	67.605	=IF(D5683>0,ROUND(C5683/D5683,6),"")
60448	Chicago-Naperville-Elgin, IL-IN-WI	24630	18.31	=IF(D5684>0,ROUND(C5684/D5684,6),"")
60449	Chicago-Naperville-Elgin, IL-IN-WI	9607	49.24	=IF(D5685>0,ROUND(C5685/D5685,6),"")
60450	Chicago-Naperville-Elgin, IL-IN-WI	20918	157.616	=IF(D5686>0,ROUND(C5686/D5686,6),"")
60451	Chicago-Naperville-Elgin, IL-IN-WI	37481	25.157	=IF(D5687>0,ROUND(C5687/D5687,6),"")
60452	Chicago-Naperville-Elgin, IL-IN-WI	26511	8.588	=IF(D5688>0,ROUND(C5688/D5688,6),"")
60453	Chicago-Naperville-Elgin, IL-IN-WI	57098	8.494	=IF(D5689>0,ROUND(C5689/D5689,6),"")
60455	Chicago-Naperville-Elgin, IL-IN-WI	16765	4.24	=IF(D5690>0,ROUND(C5690/D5690,6),"")
60456	Chicago-Naperville-Elgin, IL-IN-WI	4244	0.479	=IF(D5691>0,ROUND(C5691/D5691,6),"")
60457	Chicago-Naperville-Elgin, IL-IN-WI	14674	3.134	=IF(D5692>0,ROUND(C5692/D5692,6),"")
60458	Chicago-Naperville-Elgin, IL-IN-WI	14153	2.917	=IF(D5693>0,ROUND(C5693/D5693,6),"")
60459	Chicago-Naperville-Elgin, IL-IN-WI	28822	4.182	=IF(D5694>0,ROUND(C5694/D5694,6),"")
60461	Chicago-Naperville-Elgin, IL-IN-WI	4678	3.367	=IF(D5695>0,ROUND(C5695/D5695,6),"")
60462	Chicago-Naperville-Elgin, IL-IN-WI	40700	15.979	=IF(D5696>0,ROUND(C5696/D5696,6),"")
60463	Chicago-Naperville-Elgin, IL-IN-WI	13359	5.265	=IF(D5697>0,ROUND(C5697/D5697,6),"")
60464	Chicago-Naperville-Elgin, IL-IN-WI	9889	13.164	=IF(D5698>0,ROUND(C5698/D5698,6),"")
60465	Chicago-Naperville-Elgin, IL-IN-WI	18139	4.305	=IF(D5699>0,ROUND(C5699/D5699,6),"")
60466	Chicago-Naperville-Elgin, IL-IN-WI	21123	6.316	=IF(D5700>0,ROUND(C5700/D5700,6),"")
60467	Chicago-Naperville-Elgin, IL-IN-WI	24952	14.77	=IF(D5701>0,ROUND(C5701/D5701,6),"")
60468	Chicago-Naperville-Elgin, IL-IN-WI	5848	69.619	=IF(D5702>0,ROUND(C5702/D5702,6),"")
60469	Chicago-Naperville-Elgin, IL-IN-WI	5295	1.134	=IF(D5703>0,ROUND(C5703/D5703,6),"")
60471	Chicago-Naperville-Elgin, IL-IN-WI	12845	3.969	=IF(D5704>0,ROUND(C5704/D5704,6),"")
60472	Chicago-Naperville-Elgin, IL-IN-WI	4961	1.69	=IF(D5705>0,ROUND(C5705/D5705,6),"")
60473	Chicago-Naperville-Elgin, IL-IN-WI	21407	7.844	=IF(D5706>0,ROUND(C5706/D5706,6),"")
60474	Chicago-Naperville-Elgin, IL-IN-WI	628	5.372	=IF(D5707>0,ROUND(C5707/D5707,6),"")
60475	Chicago-Naperville-Elgin, IL-IN-WI	10103	4.818	=IF(D5708>0,ROUND(C5708/D5708,6),"")
60476	Chicago-Naperville-Elgin, IL-IN-WI	1876	3.311	=IF(D5709>0,ROUND(C5709/D5709,6),"")
60477	Chicago-Naperville-Elgin, IL-IN-WI	36393	14.221	=IF(D5710>0,ROUND(C5710/D5710,6),"")
60478	Chicago-Naperville-Elgin, IL-IN-WI	16549	9.785	=IF(D5711>0,ROUND(C5711/D5711,6),"")
60479	Chicago-Naperville-Elgin, IL-IN-WI	629	39.21	=IF(D5712>0,ROUND(C5712/D5712,6),"")
60480	Chicago-Naperville-Elgin, IL-IN-WI	5319	11.238	=IF(D5713>0,ROUND(C5713/D5713,6),"")
60481	Chicago-Naperville-Elgin, IL-IN-WI	11277	123.523	=IF(D5714>0,ROUND(C5714/D5714,6),"")
60482	Chicago-Naperville-Elgin, IL-IN-WI	10878	2.334	=IF(D5715>0,ROUND(C5715/D5715,6),"")
60484	Chicago-Naperville-Elgin, IL-IN-WI	6612	7.528	=IF(D5716>0,ROUND(C5716/D5716,6),"")
60487	Chicago-Naperville-Elgin, IL-IN-WI	25881	7.476	=IF(D5717>0,ROUND(C5717/D5717,6),"")
60490	Chicago-Naperville-Elgin, IL-IN-WI	21739	9.67	=IF(D5718>0,ROUND(C5718/D5718,6),"")
60491	Chicago-Naperville-Elgin, IL-IN-WI	22585	25.592	=IF(D5719>0,ROUND(C5719/D5719,6),"")
60501	Chicago-Naperville-Elgin, IL-IN-WI	11490	4.356	=IF(D5720>0,ROUND(C5720/D5720,6),"")
60502	Chicago-Naperville-Elgin, IL-IN-WI	23242	11.171	=IF(D5721>0,ROUND(C5721/D5721,6),"")
60503	Chicago-Naperville-Elgin, IL-IN-WI	16879	4.275	=IF(D5722>0,ROUND(C5722/D5722,6),"")
60504	Chicago-Naperville-Elgin, IL-IN-WI	38861	8.782	=IF(D5723>0,ROUND(C5723/D5723,6),"")
60505	Chicago-Naperville-Elgin, IL-IN-WI	58176	10.141	=IF(D5724>0,ROUND(C5724/D5724,6),"")
60506	Chicago-Naperville-Elgin, IL-IN-WI	49886	21.263	=IF(D5725>0,ROUND(C5725/D5725,6),"")
60510	Chicago-Naperville-Elgin, IL-IN-WI	28577	24.392	=IF(D5726>0,ROUND(C5726/D5726,6),"")
60511	Chicago-Naperville-Elgin, IL-IN-WI	1588	29.93	=IF(D5727>0,ROUND(C5727/D5727,6),"")
60512	Chicago-Naperville-Elgin, IL-IN-WI	1061	6.554	=IF(D5728>0,ROUND(C5728/D5728,6),"")
60513	Chicago-Naperville-Elgin, IL-IN-WI	19264	3.155	=IF(D5729>0,ROUND(C5729/D5729,6),"")
60514	Chicago-Naperville-Elgin, IL-IN-WI	9760	2.038	=IF(D5730>0,ROUND(C5730/D5730,6),"")
60515	Chicago-Naperville-Elgin, IL-IN-WI	29045	11.817	=IF(D5731>0,ROUND(C5731/D5731,6),"")
60516	Chicago-Naperville-Elgin, IL-IN-WI	28594	7.582	=IF(D5732>0,ROUND(C5732/D5732,6),"")
60517	Chicago-Naperville-Elgin, IL-IN-WI	33173	9.324	=IF(D5733>0,ROUND(C5733/D5733,6),"")
60520	Chicago-Naperville-Elgin, IL-IN-WI	2966	45.036	=IF(D5734>0,ROUND(C5734/D5734,6),"")
60521	Chicago-Naperville-Elgin, IL-IN-WI	18097	4.73	=IF(D5735>0,ROUND(C5735/D5735,6),"")
60523	Chicago-Naperville-Elgin, IL-IN-WI	10012	8.954	=IF(D5736>0,ROUND(C5736/D5736,6),"")
60525	Chicago-Naperville-Elgin, IL-IN-WI	31453	13.056	=IF(D5737>0,ROUND(C5737/D5737,6),"")
60526	Chicago-Naperville-Elgin, IL-IN-WI	13341	3.882	=IF(D5738>0,ROUND(C5738/D5738,6),"")
60527	Chicago-Naperville-Elgin, IL-IN-WI	29024	14.4	=IF(D5739>0,ROUND(C5739/D5739,6),"")
60532	Chicago-Naperville-Elgin, IL-IN-WI	28635	8.544	=IF(D5740>0,ROUND(C5740/D5740,6),"")
60534	Chicago-Naperville-Elgin, IL-IN-WI	10362	1.872	=IF(D5741>0,ROUND(C5741/D5741,6),"")
60538	Chicago-Naperville-Elgin, IL-IN-WI	30395	9.683	=IF(D5742>0,ROUND(C5742/D5742,6),"")
60540	Chicago-Naperville-Elgin, IL-IN-WI	42660	13.22	=IF(D5743>0,ROUND(C5743/D5743,6),"")
60541	Chicago-Naperville-Elgin, IL-IN-WI	3379	83.07	=IF(D5744>0,ROUND(C5744/D5744,6),"")
60542	Chicago-Naperville-Elgin, IL-IN-WI	18691	9.471	=IF(D5745>0,ROUND(C5745/D5745,6),"")
60543	Chicago-Naperville-Elgin, IL-IN-WI	41723	41.948	=IF(D5746>0,ROUND(C5746/D5746,6),"")
60544	Chicago-Naperville-Elgin, IL-IN-WI	27937	24.21	=IF(D5747>0,ROUND(C5747/D5747,6),"")
60545	Chicago-Naperville-Elgin, IL-IN-WI	14191	36.595	=IF(D5748>0,ROUND(C5748/D5748,6),"")
60546	Chicago-Naperville-Elgin, IL-IN-WI	16582	3.986	=IF(D5749>0,ROUND(C5749/D5749,6),"")
60548	Chicago-Naperville-Elgin, IL-IN-WI	11233	41.376	=IF(D5750>0,ROUND(C5750/D5750,6),"")
60550	Chicago-Naperville-Elgin, IL-IN-WI	1074	41.368	=IF(D5751>0,ROUND(C5751/D5751,6),"")
60554	Chicago-Naperville-Elgin, IL-IN-WI	12058	35.531	=IF(D5752>0,ROUND(C5752/D5752,6),"")
60555	Chicago-Naperville-Elgin, IL-IN-WI	14758	8.034	=IF(D5753>0,ROUND(C5753/D5753,6),"")
60556	Chicago-Naperville-Elgin, IL-IN-WI	2156	52.364	=IF(D5754>0,ROUND(C5754/D5754,6),"")
60558	Chicago-Naperville-Elgin, IL-IN-WI	13353	2.844	=IF(D5755>0,ROUND(C5755/D5755,6),"")
60559	Chicago-Naperville-Elgin, IL-IN-WI	24404	4.695	=IF(D5756>0,ROUND(C5756/D5756,6),"")
60560	Chicago-Naperville-Elgin, IL-IN-WI	27798	79.38	=IF(D5757>0,ROUND(C5757/D5757,6),"")
60561	Chicago-Naperville-Elgin, IL-IN-WI	22975	6.647	=IF(D5758>0,ROUND(C5758/D5758,6),"")
60563	Chicago-Naperville-Elgin, IL-IN-WI	38829	14.566	=IF(D5759>0,ROUND(C5759/D5759,6),"")
60564	Chicago-Naperville-Elgin, IL-IN-WI	47243	16.019	=IF(D5760>0,ROUND(C5760/D5760,6),"")
60565	Chicago-Naperville-Elgin, IL-IN-WI	39244	12.88	=IF(D5761>0,ROUND(C5761/D5761,6),"")
60585	Chicago-Naperville-Elgin, IL-IN-WI	24948	14.884	=IF(D5762>0,ROUND(C5762/D5762,6),"")
60586	Chicago-Naperville-Elgin, IL-IN-WI	48006	17.458	=IF(D5763>0,ROUND(C5763/D5763,6),"")
60605	Chicago-Naperville-Elgin, IL-IN-WI	34256	1.43	=IF(D5764>0,ROUND(C5764/D5764,6),"")
60607	Chicago-Naperville-Elgin, IL-IN-WI	30197	2.313	=IF(D5765>0,ROUND(C5765/D5765,6),"")
60608	Chicago-Naperville-Elgin, IL-IN-WI	81459	6.247	=IF(D5766>0,ROUND(C5766/D5766,6),"")
60609	Chicago-Naperville-Elgin, IL-IN-WI	64268	7.75	=IF(D5767>0,ROUND(C5767/D5767,6),"")
60610	Chicago-Naperville-Elgin, IL-IN-WI	45282	1.112	=IF(D5768>0,ROUND(C5768/D5768,6),"")
60611	Chicago-Naperville-Elgin, IL-IN-WI	36036	0.793	=IF(D5769>0,ROUND(C5769/D5769,6),"")
60612	Chicago-Naperville-Elgin, IL-IN-WI	34699	3.719	=IF(D5770>0,ROUND(C5770/D5770,6),"")
60613	Chicago-Naperville-Elgin, IL-IN-WI	51334	2.328	=IF(D5771>0,ROUND(C5771/D5771,6),"")
60614	Chicago-Naperville-Elgin, IL-IN-WI	70444	3.222	=IF(D5772>0,ROUND(C5772/D5772,6),"")
60615	Chicago-Naperville-Elgin, IL-IN-WI	42752	2.189	=IF(D5773>0,ROUND(C5773/D5773,6),"")
60616	Chicago-Naperville-Elgin, IL-IN-WI	54456	3.8	=IF(D5774>0,ROUND(C5774/D5774,6),"")
60617	Chicago-Naperville-Elgin, IL-IN-WI	79284	13.673	=IF(D5775>0,ROUND(C5775/D5775,6),"")
60618	Chicago-Naperville-Elgin, IL-IN-WI	91896	4.994	=IF(D5776>0,ROUND(C5776/D5776,6),"")
60619	Chicago-Naperville-Elgin, IL-IN-WI	59892	6.123	=IF(D5777>0,ROUND(C5777/D5777,6),"")
60620	Chicago-Naperville-Elgin, IL-IN-WI	66511	6.997	=IF(D5778>0,ROUND(C5778/D5778,6),"")
60621	Chicago-Naperville-Elgin, IL-IN-WI	27318	3.754	=IF(D5779>0,ROUND(C5779/D5779,6),"")
60622	Chicago-Naperville-Elgin, IL-IN-WI	53696	2.5	=IF(D5780>0,ROUND(C5780/D5780,6),"")
60623	Chicago-Naperville-Elgin, IL-IN-WI	77061	5.377	=IF(D5781>0,ROUND(C5781/D5781,6),"")
60624	Chicago-Naperville-Elgin, IL-IN-WI	35711	3.547	=IF(D5782>0,ROUND(C5782/D5782,6),"")
60625	Chicago-Naperville-Elgin, IL-IN-WI	78467	3.763	=IF(D5783>0,ROUND(C5783/D5783,6),"")
60626	Chicago-Naperville-Elgin, IL-IN-WI	50027	1.716	=IF(D5784>0,ROUND(C5784/D5784,6),"")
60628	Chicago-Naperville-Elgin, IL-IN-WI	59212	10.978	=IF(D5785>0,ROUND(C5785/D5785,6),"")
60629	Chicago-Naperville-Elgin, IL-IN-WI	109292	7.048	=IF(D5786>0,ROUND(C5786/D5786,6),"")
60630	Chicago-Naperville-Elgin, IL-IN-WI	54242	4.741	=IF(D5787>0,ROUND(C5787/D5787,6),"")
60631	Chicago-Naperville-Elgin, IL-IN-WI	30308	3.746	=IF(D5788>0,ROUND(C5788/D5788,6),"")
60632	Chicago-Naperville-Elgin, IL-IN-WI	87831	7.449	=IF(D5789>0,ROUND(C5789/D5789,6),"")
60633	Chicago-Naperville-Elgin, IL-IN-WI	12485	9.748	=IF(D5790>0,ROUND(C5790/D5790,6),"")
60634	Chicago-Naperville-Elgin, IL-IN-WI	74418	7.109	=IF(D5791>0,ROUND(C5791/D5791,6),"")
60636	Chicago-Naperville-Elgin, IL-IN-WI	31007	3.913	=IF(D5792>0,ROUND(C5792/D5792,6),"")
60637	Chicago-Naperville-Elgin, IL-IN-WI	52418	4.528	=IF(D5793>0,ROUND(C5793/D5793,6),"")
60638	Chicago-Naperville-Elgin, IL-IN-WI	58250	11.065	=IF(D5794>0,ROUND(C5794/D5794,6),"")
60639	Chicago-Naperville-Elgin, IL-IN-WI	84505	4.962	=IF(D5795>0,ROUND(C5795/D5795,6),"")
60640	Chicago-Naperville-Elgin, IL-IN-WI	66884	2.361	=IF(D5796>0,ROUND(C5796/D5796,6),"")
60641	Chicago-Naperville-Elgin, IL-IN-WI	67400	4.027	=IF(D5797>0,ROUND(C5797/D5797,6),"")
60642	Chicago-Naperville-Elgin, IL-IN-WI	21124	1.668	=IF(D5798>0,ROUND(C5798/D5798,6),"")
60643	Chicago-Naperville-Elgin, IL-IN-WI	47802	7.356	=IF(D5799>0,ROUND(C5799/D5799,6),"")
60644	Chicago-Naperville-Elgin, IL-IN-WI	48317	3.511	=IF(D5800>0,ROUND(C5800/D5800,6),"")
60645	Chicago-Naperville-Elgin, IL-IN-WI	46856	2.226	=IF(D5801>0,ROUND(C5801/D5801,6),"")
60646	Chicago-Naperville-Elgin, IL-IN-WI	28499	4.438	=IF(D5802>0,ROUND(C5802/D5802,6),"")
60647	Chicago-Naperville-Elgin, IL-IN-WI	85589	3.963	=IF(D5803>0,ROUND(C5803/D5803,6),"")
60649	Chicago-Naperville-Elgin, IL-IN-WI	48720	3.62	=IF(D5804>0,ROUND(C5804/D5804,6),"")
60651	Chicago-Naperville-Elgin, IL-IN-WI	63892	3.463	=IF(D5805>0,ROUND(C5805/D5805,6),"")
60652	Chicago-Naperville-Elgin, IL-IN-WI	41431	4.838	=IF(D5806>0,ROUND(C5806/D5806,6),"")
60653	Chicago-Naperville-Elgin, IL-IN-WI	34608	2.36	=IF(D5807>0,ROUND(C5807/D5807,6),"")
60654	Chicago-Naperville-Elgin, IL-IN-WI	24303	0.542	=IF(D5808>0,ROUND(C5808/D5808,6),"")
60655	Chicago-Naperville-Elgin, IL-IN-WI	27794	4.408	=IF(D5809>0,ROUND(C5809/D5809,6),"")
60656	Chicago-Naperville-Elgin, IL-IN-WI	28726	3.237	=IF(D5810>0,ROUND(C5810/D5810,6),"")
60657	Chicago-Naperville-Elgin, IL-IN-WI	71268	2.175	=IF(D5811>0,ROUND(C5811/D5811,6),"")
60659	Chicago-Naperville-Elgin, IL-IN-WI	42008	2.36	=IF(D5812>0,ROUND(C5812/D5812,6),"")
60660	Chicago-Naperville-Elgin, IL-IN-WI	42750	1.274	=IF(D5813>0,ROUND(C5813/D5813,6),"")
60661	Chicago-Naperville-Elgin, IL-IN-WI	11516	0.306	=IF(D5814>0,ROUND(C5814/D5814,6),"")
60706	Chicago-Naperville-Elgin, IL-IN-WI	24028	3.082	=IF(D5815>0,ROUND(C5815/D5815,6),"")
60707	Chicago-Naperville-Elgin, IL-IN-WI	40897	3.578	=IF(D5816>0,ROUND(C5816/D5816,6),"")
60712	Chicago-Naperville-Elgin, IL-IN-WI	13179	2.692	=IF(D5817>0,ROUND(C5817/D5817,6),"")
60714	Chicago-Naperville-Elgin, IL-IN-WI	30463	6.279	=IF(D5818>0,ROUND(C5818/D5818,6),"")
60803	Chicago-Naperville-Elgin, IL-IN-WI	22089	7.755	=IF(D5819>0,ROUND(C5819/D5819,6),"")
60804	Chicago-Naperville-Elgin, IL-IN-WI	83223	7.115	=IF(D5820>0,ROUND(C5820/D5820,6),"")
60805	Chicago-Naperville-Elgin, IL-IN-WI	19498	3.408	=IF(D5821>0,ROUND(C5821/D5821,6),"")
60827	Chicago-Naperville-Elgin, IL-IN-WI	24887	7.027	=IF(D5822>0,ROUND(C5822/D5822,6),"")
61008	Rockford, IL	33697	84.316	=IF(D5823>0,ROUND(C5823/D5823,6),"")
61011	Rockford, IL	2743	38.531	=IF(D5824>0,ROUND(C5824/D5824,6),"")
61012	Rockford, IL	2322	36.176	=IF(D5825>0,ROUND(C5825/D5825,6),"")
61016	Rockford, IL	5166	28.265	=IF(D5826>0,ROUND(C5826/D5826,6),"")
61024	Rockford, IL	2264	59.065	=IF(D5827>0,ROUND(C5827/D5827,6),"")
61038	Rockford, IL	1395	42.719	=IF(D5828>0,ROUND(C5828/D5828,6),"")
61063	Rockford, IL	4257	74.544	=IF(D5829>0,ROUND(C5829/D5829,6),"")
61065	Rockford, IL	10927	50.936	=IF(D5830>0,ROUND(C5830/D5830,6),"")
61072	Rockford, IL	11342	52.345	=IF(D5831>0,ROUND(C5831/D5831,6),"")
61073	Rockford, IL	20008	27.937	=IF(D5832>0,ROUND(C5832/D5832,6),"")
61080	Rockford, IL	11062	25.051	=IF(D5833>0,ROUND(C5833/D5833,6),"")
61088	Rockford, IL	5992	56.572	=IF(D5834>0,ROUND(C5834/D5834,6),"")
61101	Rockford, IL	19671	41.523	=IF(D5835>0,ROUND(C5835/D5835,6),"")
61102	Rockford, IL	16620	34.113	=IF(D5836>0,ROUND(C5836/D5836,6),"")
61103	Rockford, IL	23238	16.336	=IF(D5837>0,ROUND(C5837/D5837,6),"")
61104	Rockford, IL	17584	4.5	=IF(D5838>0,ROUND(C5838/D5838,6),"")
61107	Rockford, IL	29473	14.927	=IF(D5839>0,ROUND(C5839/D5839,6),"")
61108	Rockford, IL	30202	10.917	=IF(D5840>0,ROUND(C5840/D5840,6),"")
61109	Rockford, IL	26714	38.522	=IF(D5841>0,ROUND(C5841/D5841,6),"")
61111	Rockford, IL	22838	14.228	=IF(D5842>0,ROUND(C5842/D5842,6),"")
61114	Rockford, IL	15026	8.144	=IF(D5843>0,ROUND(C5843/D5843,6),"")
61115	Rockford, IL	22424	10.649	=IF(D5844>0,ROUND(C5844/D5844,6),"")
64001	Kansas City, MO-KS	915	35.545	=IF(D5845>0,ROUND(C5845/D5845,6),"")
64011	Kansas City, MO-KS	4591	35.7	=IF(D5846>0,ROUND(C5846/D5846,6),"")
64012	Kansas City, MO-KS	28980	47.195	=IF(D5847>0,ROUND(C5847/D5847,6),"")
64014	Kansas City, MO-KS	28434	11.193	=IF(D5848>0,ROUND(C5848/D5848,6),"")
64015	Kansas City, MO-KS	31814	19.56	=IF(D5849>0,ROUND(C5849/D5849,6),"")
64016	Kansas City, MO-KS	4700	32.443	=IF(D5850>0,ROUND(C5850/D5850,6),"")
64017	Kansas City, MO-KS	288	21.16	=IF(D5851>0,ROUND(C5851/D5851,6),"")
64018	Kansas City, MO-KS	1104	20.416	=IF(D5852>0,ROUND(C5852/D5852,6),"")
64020	Kansas City, MO-KS	2928	105.627	=IF(D5853>0,ROUND(C5853/D5853,6),"")
64021	Kansas City, MO-KS	675	42.575	=IF(D5854>0,ROUND(C5854/D5854,6),"")
64024	Kansas City, MO-KS	15587	70.393	=IF(D5855>0,ROUND(C5855/D5855,6),"")
64029	Kansas City, MO-KS	21643	31.823	=IF(D5856>0,ROUND(C5856/D5856,6),"")
64030	Kansas City, MO-KS	25673	14.52	=IF(D5857>0,ROUND(C5857/D5857,6),"")
64034	Kansas City, MO-KS	8743	22.793	=IF(D5858>0,ROUND(C5858/D5858,6),"")
64035	Kansas City, MO-KS	1157	64.444	=IF(D5859>0,ROUND(C5859/D5859,6),"")
64037	Kansas City, MO-KS	6325	107.788	=IF(D5860>0,ROUND(C5860/D5860,6),"")
64048	Kansas City, MO-KS	4372	45.772	=IF(D5861>0,ROUND(C5861/D5861,6),"")
64050	Kansas City, MO-KS	20528	12.861	=IF(D5862>0,ROUND(C5862/D5862,6),"")
64052	Kansas City, MO-KS	22945	6.31	=IF(D5863>0,ROUND(C5863/D5863,6),"")
64053	Kansas City, MO-KS	6817	2.709	=IF(D5864>0,ROUND(C5864/D5864,6),"")
64054	Kansas City, MO-KS	3109	3.075	=IF(D5865>0,ROUND(C5865/D5865,6),"")
64055	Kansas City, MO-KS	36092	12.498	=IF(D5866>0,ROUND(C5866/D5866,6),"")
64056	Kansas City, MO-KS	17608	19.672	=IF(D5867>0,ROUND(C5867/D5867,6),"")
64057	Kansas City, MO-KS	14509	14.682	=IF(D5868>0,ROUND(C5868/D5868,6),"")
64058	Kansas City, MO-KS	6610	33.328	=IF(D5869>0,ROUND(C5869/D5869,6),"")
64060	Kansas City, MO-KS	16291	58.607	=IF(D5870>0,ROUND(C5870/D5870,6),"")
64062	Kansas City, MO-KS	6752	86.145	=IF(D5871>0,ROUND(C5871/D5871,6),"")
64063	Kansas City, MO-KS	21430	6.113	=IF(D5872>0,ROUND(C5872/D5872,6),"")
64064	Kansas City, MO-KS	19955	18.959	=IF(D5873>0,ROUND(C5873/D5873,6),"")
64067	Kansas City, MO-KS	5840	73.137	=IF(D5874>0,ROUND(C5874/D5874,6),"")
64068	Kansas City, MO-KS	37466	84.802	=IF(D5875>0,ROUND(C5875/D5875,6),"")
64070	Kansas City, MO-KS	3222	37.804	=IF(D5876>0,ROUND(C5876/D5876,6),"")
64071	Kansas City, MO-KS	815	34.626	=IF(D5877>0,ROUND(C5877/D5877,6),"")
64074	Kansas City, MO-KS	498	20.751	=IF(D5878>0,ROUND(C5878/D5878,6),"")
64075	Kansas City, MO-KS	11979	49.299	=IF(D5879>0,ROUND(C5879/D5879,6),"")
64076	Kansas City, MO-KS	9236	124.331	=IF(D5880>0,ROUND(C5880/D5880,6),"")
64077	Kansas City, MO-KS	1643	68.51	=IF(D5881>0,ROUND(C5881/D5881,6),"")
64078	Kansas City, MO-KS	9937	53.319	=IF(D5882>0,ROUND(C5882/D5882,6),"")
64079	Kansas City, MO-KS	14092	94.83	=IF(D5883>0,ROUND(C5883/D5883,6),"")
64080	Kansas City, MO-KS	14383	121.617	=IF(D5884>0,ROUND(C5884/D5884,6),"")
64081	Kansas City, MO-KS	25293	13.011	=IF(D5885>0,ROUND(C5885/D5885,6),"")
64082	Kansas City, MO-KS	19729	20.519	=IF(D5886>0,ROUND(C5886/D5886,6),"")
64083	Kansas City, MO-KS	25541	25.679	=IF(D5887>0,ROUND(C5887/D5887,6),"")
64084	Kansas City, MO-KS	1241	54.091	=IF(D5888>0,ROUND(C5888/D5888,6),"")
64085	Kansas City, MO-KS	8113	160.396	=IF(D5889>0,ROUND(C5889/D5889,6),"")
64086	Kansas City, MO-KS	23483	37.78	=IF(D5890>0,ROUND(C5890/D5890,6),"")
64088	Kansas City, MO-KS	1385	30.834	=IF(D5891>0,ROUND(C5891/D5891,6),"")
64089	Kansas City, MO-KS	14060	60.914	=IF(D5892>0,ROUND(C5892/D5892,6),"")
64096	Kansas City, MO-KS	1197	44.052	=IF(D5893>0,ROUND(C5893/D5893,6),"")
64097	Kansas City, MO-KS	1117	32.225	=IF(D5894>0,ROUND(C5894/D5894,6),"")
64098	Kansas City, MO-KS	3300	74.155	=IF(D5895>0,ROUND(C5895/D5895,6),"")
64106	Kansas City, MO-KS	10666	1.609	=IF(D5896>0,ROUND(C5896/D5896,6),"")
64108	Kansas City, MO-KS	10179	3.651	=IF(D5897>0,ROUND(C5897/D5897,6),"")
64109	Kansas City, MO-KS	10274	2.137	=IF(D5898>0,ROUND(C5898/D5898,6),"")
64110	Kansas City, MO-KS	17019	2.987	=IF(D5899>0,ROUND(C5899/D5899,6),"")
64111	Kansas City, MO-KS	16974	2.709	=IF(D5900>0,ROUND(C5900/D5900,6),"")
64112	Kansas City, MO-KS	8509	1.467	=IF(D5901>0,ROUND(C5901/D5901,6),"")
64113	Kansas City, MO-KS	12442	2.53	=IF(D5902>0,ROUND(C5902/D5902,6),"")
64114	Kansas City, MO-KS	24464	7.076	=IF(D5903>0,ROUND(C5903/D5903,6),"")
64116	Kansas City, MO-KS	17535	10.838	=IF(D5904>0,ROUND(C5904/D5904,6),"")
64117	Kansas City, MO-KS	14800	6.04	=IF(D5905>0,ROUND(C5905/D5905,6),"")
64118	Kansas City, MO-KS	42213	12.776	=IF(D5906>0,ROUND(C5906/D5906,6),"")
64119	Kansas City, MO-KS	32615	14.502	=IF(D5907>0,ROUND(C5907/D5907,6),"")
64120	Kansas City, MO-KS	525	7.928	=IF(D5908>0,ROUND(C5908/D5908,6),"")
64123	Kansas City, MO-KS	11130	1.798	=IF(D5909>0,ROUND(C5909/D5909,6),"")
64124	Kansas City, MO-KS	10924	1.685	=IF(D5910>0,ROUND(C5910/D5910,6),"")
64125	Kansas City, MO-KS	2723	1.536	=IF(D5911>0,ROUND(C5911/D5911,6),"")
64126	Kansas City, MO-KS	6433	2.595	=IF(D5912>0,ROUND(C5912/D5912,6),"")
64127	Kansas City, MO-KS	17645	4.179	=IF(D5913>0,ROUND(C5913/D5913,6),"")
64128	Kansas City, MO-KS	12445	3.006	=IF(D5914>0,ROUND(C5914/D5914,6),"")
64129	Kansas City, MO-KS	9249	10.343	=IF(D5915>0,ROUND(C5915/D5915,6),"")
64130	Kansas City, MO-KS	19697	7.085	=IF(D5916>0,ROUND(C5916/D5916,6),"")
64131	Kansas City, MO-KS	21972	8.541	=IF(D5917>0,ROUND(C5917/D5917,6),"")
64132	Kansas City, MO-KS	11775	10.771	=IF(D5918>0,ROUND(C5918/D5918,6),"")
64133	Kansas City, MO-KS	35470	16.988	=IF(D5919>0,ROUND(C5919/D5919,6),"")
64134	Kansas City, MO-KS	22984	11.91	=IF(D5920>0,ROUND(C5920/D5920,6),"")
64136	Kansas City, MO-KS	1544	4.283	=IF(D5921>0,ROUND(C5921/D5921,6),"")
64137	Kansas City, MO-KS	10004	5.771	=IF(D5922>0,ROUND(C5922/D5922,6),"")
64138	Kansas City, MO-KS	24830	13.326	=IF(D5923>0,ROUND(C5923/D5923,6),"")
64139	Kansas City, MO-KS	2760	4.785	=IF(D5924>0,ROUND(C5924/D5924,6),"")
64145	Kansas City, MO-KS	5057	5.561	=IF(D5925>0,ROUND(C5925/D5925,6),"")
64146	Kansas City, MO-KS	1342	5.33	=IF(D5926>0,ROUND(C5926/D5926,6),"")
64149	Kansas City, MO-KS	599	9.044	=IF(D5927>0,ROUND(C5927/D5927,6),"")
64150	Kansas City, MO-KS	4294	5.626	=IF(D5928>0,ROUND(C5928/D5928,6),"")
64151	Kansas City, MO-KS	28706	13.14	=IF(D5929>0,ROUND(C5929/D5929,6),"")
64152	Kansas City, MO-KS	31300	30.892	=IF(D5930>0,ROUND(C5930/D5930,6),"")
64153	Kansas City, MO-KS	6921	36.425	=IF(D5931>0,ROUND(C5931/D5931,6),"")
64154	Kansas City, MO-KS	13114	12.939	=IF(D5932>0,ROUND(C5932/D5932,6),"")
64155	Kansas City, MO-KS	28754	14.599	=IF(D5933>0,ROUND(C5933/D5933,6),"")
64156	Kansas City, MO-KS	7977	10.824	=IF(D5934>0,ROUND(C5934/D5934,6),"")
64157	Kansas City, MO-KS	22429	10.789	=IF(D5935>0,ROUND(C5935/D5935,6),"")
64158	Kansas City, MO-KS	7267	2.296	=IF(D5936>0,ROUND(C5936/D5936,6),"")
64161	Kansas City, MO-KS	360	15.982	=IF(D5937>0,ROUND(C5937/D5937,6),"")
64163	Kansas City, MO-KS	1062	9.012	=IF(D5938>0,ROUND(C5938/D5938,6),"")
64165	Kansas City, MO-KS	223	3.97	=IF(D5939>0,ROUND(C5939/D5939,6),"")
64166	Kansas City, MO-KS	273	4.917	=IF(D5940>0,ROUND(C5940/D5940,6),"")
64167	Kansas City, MO-KS	267	1.733	=IF(D5941>0,ROUND(C5941/D5941,6),"")
64439	Kansas City, MO-KS	1535	54.029	=IF(D5942>0,ROUND(C5942/D5942,6),"")
64444	Kansas City, MO-KS	1300	34.55	=IF(D5943>0,ROUND(C5943/D5943,6),"")
64454	Kansas City, MO-KS	2586	71.74	=IF(D5944>0,ROUND(C5944/D5944,6),"")
64465	Kansas City, MO-KS	4070	94.323	=IF(D5945>0,ROUND(C5945/D5945,6),"")
64477	Kansas City, MO-KS	3459	88.041	=IF(D5946>0,ROUND(C5946/D5946,6),"")
64492	Kansas City, MO-KS	1708	35.772	=IF(D5947>0,ROUND(C5947/D5947,6),"")
64493	Kansas City, MO-KS	290	32.999	=IF(D5948>0,ROUND(C5948/D5948,6),"")
64624	Kansas City, MO-KS	1488	120.863	=IF(D5949>0,ROUND(C5949/D5949,6),"")
64625	Kansas City, MO-KS	800	65.206	=IF(D5950>0,ROUND(C5950/D5950,6),"")
64637	Kansas City, MO-KS	488	72.845	=IF(D5951>0,ROUND(C5951/D5951,6),"")
64644	Kansas City, MO-KS	3265	107.499	=IF(D5952>0,ROUND(C5952/D5952,6),"")
64649	Kansas City, MO-KS	703	35.984	=IF(D5953>0,ROUND(C5953/D5953,6),"")
64668	Kansas City, MO-KS	1453	161.131	=IF(D5954>0,ROUND(C5954/D5954,6),"")
64671	Kansas City, MO-KS	1877	92.762	=IF(D5955>0,ROUND(C5955/D5955,6),"")
64701	Kansas City, MO-KS	14462	124.028	=IF(D5956>0,ROUND(C5956/D5956,6),"")
64720	Kansas City, MO-KS	4358	132.816	=IF(D5957>0,ROUND(C5957/D5957,6),"")
64724	Kansas City, MO-KS	1942	127.149	=IF(D5958>0,ROUND(C5958/D5958,6),"")
64725	Kansas City, MO-KS	1993	54.603	=IF(D5959>0,ROUND(C5959/D5959,6),"")
64730	Kansas City, MO-KS	6550	282.299	=IF(D5960>0,ROUND(C5960/D5960,6),"")
64734	Kansas City, MO-KS	2065	41.25	=IF(D5961>0,ROUND(C5961/D5961,6),"")
64739	Kansas City, MO-KS	1074	52.186	=IF(D5962>0,ROUND(C5962/D5962,6),"")
64742	Kansas City, MO-KS	2348	77.134	=IF(D5963>0,ROUND(C5963/D5963,6),"")
64743	Kansas City, MO-KS	182	1.362	=IF(D5964>0,ROUND(C5964/D5964,6),"")
64746	Kansas City, MO-KS	1515	31.052	=IF(D5965>0,ROUND(C5965/D5965,6),"")
64747	Kansas City, MO-KS	4066	125.365	=IF(D5966>0,ROUND(C5966/D5966,6),"")
64752	Kansas City, MO-KS	580	68.842	=IF(D5967>0,ROUND(C5967/D5967,6),"")
64770	Kansas City, MO-KS	1163	109.156	=IF(D5968>0,ROUND(C5968/D5968,6),"")
64779	Kansas City, MO-KS	2926	197.774	=IF(D5969>0,ROUND(C5969/D5969,6),"")
64780	Kansas City, MO-KS	361	95.304	=IF(D5970>0,ROUND(C5970/D5970,6),"")
64783	Kansas City, MO-KS	575	65.092	=IF(D5971>0,ROUND(C5971/D5971,6),"")
64788	Kansas City, MO-KS	1457	102.416	=IF(D5972>0,ROUND(C5972/D5972,6),"")
66007	Kansas City, MO-KS	10060	31.387	=IF(D5973>0,ROUND(C5973/D5973,6),"")
66010	Kansas City, MO-KS	539	88.816	=IF(D5974>0,ROUND(C5974/D5974,6),"")
66012	Kansas City, MO-KS	10301	39.695	=IF(D5975>0,ROUND(C5975/D5975,6),"")
66013	Kansas City, MO-KS	2976	44.861	=IF(D5976>0,ROUND(C5976/D5976,6),"")
66018	Kansas City, MO-KS	6537	23.211	=IF(D5977>0,ROUND(C5977/D5977,6),"")
66020	Kansas City, MO-KS	1763	63.32	=IF(D5978>0,ROUND(C5978/D5978,6),"")
66021	Kansas City, MO-KS	2792	51.232	=IF(D5979>0,ROUND(C5979/D5979,6),"")
66026	Kansas City, MO-KS	833	48.568	=IF(D5980>0,ROUND(C5980/D5980,6),"")
66030	Kansas City, MO-KS	25964	46.412	=IF(D5981>0,ROUND(C5981/D5981,6),"")
66040	Kansas City, MO-KS	3527	134.248	=IF(D5982>0,ROUND(C5982/D5982,6),"")
66043	Kansas City, MO-KS	10821	7.215	=IF(D5983>0,ROUND(C5983/D5983,6),"")
66048	Kansas City, MO-KS	35551	135.478	=IF(D5984>0,ROUND(C5984/D5984,6),"")
66052	Kansas City, MO-KS	2104	40.848	=IF(D5985>0,ROUND(C5985/D5985,6),"")
66053	Kansas City, MO-KS	7744	103.842	=IF(D5986>0,ROUND(C5986/D5986,6),"")
66054	Kansas City, MO-KS	2653	77.592	=IF(D5987>0,ROUND(C5987/D5987,6),"")
66056	Kansas City, MO-KS	1428	91.106	=IF(D5988>0,ROUND(C5988/D5988,6),"")
66061	Kansas City, MO-KS	67510	63.292	=IF(D5989>0,ROUND(C5989/D5989,6),"")
66062	Kansas City, MO-KS	77794	42.07	=IF(D5990>0,ROUND(C5990/D5990,6),"")
66064	Kansas City, MO-KS	5617	73.827	=IF(D5991>0,ROUND(C5991/D5991,6),"")
66071	Kansas City, MO-KS	12425	229.269	=IF(D5992>0,ROUND(C5992/D5992,6),"")
66072	Kansas City, MO-KS	1201	75.746	=IF(D5993>0,ROUND(C5993/D5993,6),"")
66075	Kansas City, MO-KS	2305	104.549	=IF(D5994>0,ROUND(C5994/D5994,6),"")
66083	Kansas City, MO-KS	12832	62.048	=IF(D5995>0,ROUND(C5995/D5995,6),"")
66085	Kansas City, MO-KS	11412	24.193	=IF(D5996>0,ROUND(C5996/D5996,6),"")
66086	Kansas City, MO-KS	10935	95.29	=IF(D5997>0,ROUND(C5997/D5997,6),"")
66101	Kansas City, MO-KS	12463	3.236	=IF(D5998>0,ROUND(C5998/D5998,6),"")
66102	Kansas City, MO-KS	30062	11.484	=IF(D5999>0,ROUND(C5999/D5999,6),"")
66103	Kansas City, MO-KS	12841	4.667	=IF(D6000>0,ROUND(C6000/D6000,6),"")
66104	Kansas City, MO-KS	26820	16.159	=IF(D6001>0,ROUND(C6001/D6001,6),"")
66105	Kansas City, MO-KS	2388	3.003	=IF(D6002>0,ROUND(C6002/D6002,6),"")
66106	Kansas City, MO-KS	23762	18.943	=IF(D6003>0,ROUND(C6003/D6003,6),"")
66109	Kansas City, MO-KS	27715	45.852	=IF(D6004>0,ROUND(C6004/D6004,6),"")
66111	Kansas City, MO-KS	10449	23.175	=IF(D6005>0,ROUND(C6005/D6005,6),"")
66112	Kansas City, MO-KS	12968	5.499	=IF(D6006>0,ROUND(C6006/D6006,6),"")
66202	Kansas City, MO-KS	17321	5.263	=IF(D6007>0,ROUND(C6007/D6007,6),"")
66203	Kansas City, MO-KS	19195	6.264	=IF(D6008>0,ROUND(C6008/D6008,6),"")
66204	Kansas City, MO-KS	18557	4.952	=IF(D6009>0,ROUND(C6009/D6009,6),"")
66205	Kansas City, MO-KS	13728	3.733	=IF(D6010>0,ROUND(C6010/D6010,6),"")
66206	Kansas City, MO-KS	12030	4.036	=IF(D6011>0,ROUND(C6011/D6011,6),"")
66207	Kansas City, MO-KS	15149	4.571	=IF(D6012>0,ROUND(C6012/D6012,6),"")
66208	Kansas City, MO-KS	21754	6.501	=IF(D6013>0,ROUND(C6013/D6013,6),"")
66209	Kansas City, MO-KS	20201	6.446	=IF(D6014>0,ROUND(C6014/D6014,6),"")
66210	Kansas City, MO-KS	20303	6.052	=IF(D6015>0,ROUND(C6015/D6015,6),"")
66211	Kansas City, MO-KS	5550	4.299	=IF(D6016>0,ROUND(C6016/D6016,6),"")
66212	Kansas City, MO-KS	32804	7.6	=IF(D6017>0,ROUND(C6017/D6017,6),"")
66213	Kansas City, MO-KS	30024	7.816	=IF(D6018>0,ROUND(C6018/D6018,6),"")
66214	Kansas City, MO-KS	12261	3.854	=IF(D6019>0,ROUND(C6019/D6019,6),"")
66215	Kansas City, MO-KS	26291	8.127	=IF(D6020>0,ROUND(C6020/D6020,6),"")
66216	Kansas City, MO-KS	24955	7.895	=IF(D6021>0,ROUND(C6021/D6021,6),"")
66217	Kansas City, MO-KS	5302	7.533	=IF(D6022>0,ROUND(C6022/D6022,6),"")
66218	Kansas City, MO-KS	8796	10.48	=IF(D6023>0,ROUND(C6023/D6023,6),"")
66219	Kansas City, MO-KS	13410	8.281	=IF(D6024>0,ROUND(C6024/D6024,6),"")
66220	Kansas City, MO-KS	8166	6.379	=IF(D6025>0,ROUND(C6025/D6025,6),"")
66221	Kansas City, MO-KS	24835	12.132	=IF(D6026>0,ROUND(C6026/D6026,6),"")
66223	Kansas City, MO-KS	25050	6.245	=IF(D6027>0,ROUND(C6027/D6027,6),"")
66224	Kansas City, MO-KS	12184	6.667	=IF(D6028>0,ROUND(C6028/D6028,6),"")
66226	Kansas City, MO-KS	16189	11.526	=IF(D6029>0,ROUND(C6029/D6029,6),"")
66227	Kansas City, MO-KS	8897	13.328	=IF(D6030>0,ROUND(C6030/D6030,6),"")
66767	Kansas City, MO-KS	390	45.961	=IF(D6031>0,ROUND(C6031/D6031,6),"")
68002	Omaha-Council Bluffs, NE-IA	2432	73.5	=IF(D6032>0,ROUND(C6032/D6032,6),"")
68003	Omaha-Council Bluffs, NE-IA	4953	108.771	=IF(D6033>0,ROUND(C6033/D6033,6),"")
68005	Omaha-Council Bluffs, NE-IA	21912	18.65	=IF(D6034>0,ROUND(C6034/D6034,6),"")
68007	Omaha-Council Bluffs, NE-IA	18360	37.673	=IF(D6035>0,ROUND(C6035/D6035,6),"")
68008	Omaha-Council Bluffs, NE-IA	12906	124.043	=IF(D6036>0,ROUND(C6036/D6036,6),"")
68015	Omaha-Council Bluffs, NE-IA	1232	55.12	=IF(D6037>0,ROUND(C6037/D6037,6),"")
68016	Omaha-Council Bluffs, NE-IA	415	4.277	=IF(D6038>0,ROUND(C6038/D6038,6),"")
68017	Omaha-Council Bluffs, NE-IA	2239	73.875	=IF(D6039>0,ROUND(C6039/D6039,6),"")
68018	Omaha-Council Bluffs, NE-IA	620	44.669	=IF(D6040>0,ROUND(C6040/D6040,6),"")
68022	Omaha-Council Bluffs, NE-IA	33702	37.954	=IF(D6041>0,ROUND(C6041/D6041,6),"")
68023	Omaha-Council Bluffs, NE-IA	2711	40.033	=IF(D6042>0,ROUND(C6042/D6042,6),"")
68028	Omaha-Council Bluffs, NE-IA	17248	62.986	=IF(D6043>0,ROUND(C6043/D6043,6),"")
68029	Omaha-Council Bluffs, NE-IA	814	78.754	=IF(D6044>0,ROUND(C6044/D6044,6),"")
68033	Omaha-Council Bluffs, NE-IA	296	29.448	=IF(D6045>0,ROUND(C6045/D6045,6),"")
68034	Omaha-Council Bluffs, NE-IA	612	31.749	=IF(D6046>0,ROUND(C6046/D6046,6),"")
68036	Omaha-Council Bluffs, NE-IA	480	64.535	=IF(D6047>0,ROUND(C6047/D6047,6),"")
68037	Omaha-Council Bluffs, NE-IA	2471	53.173	=IF(D6048>0,ROUND(C6048/D6048,6),"")
68040	Omaha-Council Bluffs, NE-IA	366	34.768	=IF(D6049>0,ROUND(C6049/D6049,6),"")
68041	Omaha-Council Bluffs, NE-IA	939	44.635	=IF(D6050>0,ROUND(C6050/D6050,6),"")
68046	Omaha-Council Bluffs, NE-IA	34110	28.006	=IF(D6051>0,ROUND(C6051/D6051,6),"")
68048	Omaha-Council Bluffs, NE-IA	13833	94.194	=IF(D6052>0,ROUND(C6052/D6052,6),"")
68050	Omaha-Council Bluffs, NE-IA	618	56.888	=IF(D6053>0,ROUND(C6053/D6053,6),"")
68059	Omaha-Council Bluffs, NE-IA	3354	47.617	=IF(D6054>0,ROUND(C6054/D6054,6),"")
68064	Omaha-Council Bluffs, NE-IA	3924	51.195	=IF(D6055>0,ROUND(C6055/D6055,6),"")
68065	Omaha-Council Bluffs, NE-IA	1292	87.197	=IF(D6056>0,ROUND(C6056/D6056,6),"")
68066	Omaha-Council Bluffs, NE-IA	5725	89.794	=IF(D6057>0,ROUND(C6057/D6057,6),"")
68069	Omaha-Council Bluffs, NE-IA	3100	29.808	=IF(D6058>0,ROUND(C6058/D6058,6),"")
68070	Omaha-Council Bluffs, NE-IA	963	66.807	=IF(D6059>0,ROUND(C6059/D6059,6),"")
68073	Omaha-Council Bluffs, NE-IA	2733	44.804	=IF(D6060>0,ROUND(C6060/D6060,6),"")
68102	Omaha-Council Bluffs, NE-IA	9311	1.781	=IF(D6061>0,ROUND(C6061/D6061,6),"")
68104	Omaha-Council Bluffs, NE-IA	37003	6.597	=IF(D6062>0,ROUND(C6062/D6062,6),"")
68105	Omaha-Council Bluffs, NE-IA	21933	3.587	=IF(D6063>0,ROUND(C6063/D6063,6),"")
68106	Omaha-Council Bluffs, NE-IA	21928	5.153	=IF(D6064>0,ROUND(C6064/D6064,6),"")
68107	Omaha-Council Bluffs, NE-IA	30993	6.584	=IF(D6065>0,ROUND(C6065/D6065,6),"")
68108	Omaha-Council Bluffs, NE-IA	14036	3.287	=IF(D6066>0,ROUND(C6066/D6066,6),"")
68110	Omaha-Council Bluffs, NE-IA	9403	8.504	=IF(D6067>0,ROUND(C6067/D6067,6),"")
68111	Omaha-Council Bluffs, NE-IA	25118	5.228	=IF(D6068>0,ROUND(C6068/D6068,6),"")
68112	Omaha-Council Bluffs, NE-IA	12345	18.068	=IF(D6069>0,ROUND(C6069/D6069,6),"")
68114	Omaha-Council Bluffs, NE-IA	17364	5.787	=IF(D6070>0,ROUND(C6070/D6070,6),"")
68116	Omaha-Council Bluffs, NE-IA	34209	8.501	=IF(D6071>0,ROUND(C6071/D6071,6),"")
68117	Omaha-Council Bluffs, NE-IA	8499	4.883	=IF(D6072>0,ROUND(C6072/D6072,6),"")
68118	Omaha-Council Bluffs, NE-IA	9327	3.975	=IF(D6073>0,ROUND(C6073/D6073,6),"")
68122	Omaha-Council Bluffs, NE-IA	12514	17.565	=IF(D6074>0,ROUND(C6074/D6074,6),"")
68123	Omaha-Council Bluffs, NE-IA	34098	24.938	=IF(D6075>0,ROUND(C6075/D6075,6),"")
68124	Omaha-Council Bluffs, NE-IA	15630	5.624	=IF(D6076>0,ROUND(C6076/D6076,6),"")
68127	Omaha-Council Bluffs, NE-IA	20588	6.38	=IF(D6077>0,ROUND(C6077/D6077,6),"")
68128	Omaha-Council Bluffs, NE-IA	18994	6.696	=IF(D6078>0,ROUND(C6078/D6078,6),"")
68130	Omaha-Council Bluffs, NE-IA	21428	7.579	=IF(D6079>0,ROUND(C6079/D6079,6),"")
68131	Omaha-Council Bluffs, NE-IA	13928	2.068	=IF(D6080>0,ROUND(C6080/D6080,6),"")
68132	Omaha-Council Bluffs, NE-IA	14245	2.571	=IF(D6081>0,ROUND(C6081/D6081,6),"")
68133	Omaha-Council Bluffs, NE-IA	13411	15.377	=IF(D6082>0,ROUND(C6082/D6082,6),"")
68134	Omaha-Council Bluffs, NE-IA	30231	8.249	=IF(D6083>0,ROUND(C6083/D6083,6),"")
68135	Omaha-Council Bluffs, NE-IA	30009	7.866	=IF(D6084>0,ROUND(C6084/D6084,6),"")
68136	Omaha-Council Bluffs, NE-IA	21265	8.716	=IF(D6085>0,ROUND(C6085/D6085,6),"")
68137	Omaha-Council Bluffs, NE-IA	24294	8.355	=IF(D6086>0,ROUND(C6086/D6086,6),"")
68138	Omaha-Council Bluffs, NE-IA	11638	11.111	=IF(D6087>0,ROUND(C6087/D6087,6),"")
68142	Omaha-Council Bluffs, NE-IA	4692	20.138	=IF(D6088>0,ROUND(C6088/D6088,6),"")
68144	Omaha-Council Bluffs, NE-IA	25468	7.33	=IF(D6089>0,ROUND(C6089/D6089,6),"")
68147	Omaha-Council Bluffs, NE-IA	12738	4.878	=IF(D6090>0,ROUND(C6090/D6090,6),"")
68152	Omaha-Council Bluffs, NE-IA	6766	13.42	=IF(D6091>0,ROUND(C6091/D6091,6),"")
68154	Omaha-Council Bluffs, NE-IA	23232	6.794	=IF(D6092>0,ROUND(C6092/D6092,6),"")
68157	Omaha-Council Bluffs, NE-IA	5345	2.575	=IF(D6093>0,ROUND(C6093/D6093,6),"")
68164	Omaha-Council Bluffs, NE-IA	28764	8.837	=IF(D6094>0,ROUND(C6094/D6094,6),"")
68304	Omaha-Council Bluffs, NE-IA	412	24.786	=IF(D6095>0,ROUND(C6095/D6095,6),"")
68307	Omaha-Council Bluffs, NE-IA	391	42.056	=IF(D6096>0,ROUND(C6096/D6096,6),"")
68347	Omaha-Council Bluffs, NE-IA	2209	31.425	=IF(D6097>0,ROUND(C6097/D6097,6),"")
68349	Omaha-Council Bluffs, NE-IA	1247	48.415	=IF(D6098>0,ROUND(C6098/D6098,6),"")
68366	Omaha-Council Bluffs, NE-IA	943	54.417	=IF(D6099>0,ROUND(C6099/D6099,6),"")
68407	Omaha-Council Bluffs, NE-IA	863	45.885	=IF(D6100>0,ROUND(C6100/D6100,6),"")
68409	Omaha-Council Bluffs, NE-IA	656	29.578	=IF(D6101>0,ROUND(C6101/D6101,6),"")
68413	Omaha-Council Bluffs, NE-IA	477	55.503	=IF(D6102>0,ROUND(C6102/D6102,6),"")
68455	Omaha-Council Bluffs, NE-IA	844	38.775	=IF(D6103>0,ROUND(C6103/D6103,6),"")
68463	Omaha-Council Bluffs, NE-IA	1667	57.869	=IF(D6104>0,ROUND(C6104/D6104,6),"")
68648	Omaha-Council Bluffs, NE-IA	274	39.718	=IF(D6105>0,ROUND(C6105/D6105,6),"")
71909	Little Rock-North Little Rock-Conway, AR	18427	79.348	=IF(D6106>0,ROUND(C6106/D6106,6),"")
72002	Little Rock-North Little Rock-Conway, AR	21386	65.861	=IF(D6107>0,ROUND(C6107/D6107,6),"")
72007	Little Rock-North Little Rock-Conway, AR	9945	45.914	=IF(D6108>0,ROUND(C6108/D6108,6),"")
72010	Searcy, AR	5283	171.254	=IF(D6109>0,ROUND(C6109/D6109,6),"")
72011	Little Rock-North Little Rock-Conway, AR	4635	58.479	=IF(D6110>0,ROUND(C6110/D6110,6),"")
72012	Searcy, AR	13663	96.188	=IF(D6111>0,ROUND(C6111/D6111,6),"")
72015	Little Rock-North Little Rock-Conway, AR	27902	84.951	=IF(D6112>0,ROUND(C6112/D6112,6),"")
72016	Little Rock-North Little Rock-Conway, AR	3067	70.084	=IF(D6113>0,ROUND(C6113/D6113,6),"")
72019	Little Rock-North Little Rock-Conway, AR	30030	173.197	=IF(D6114>0,ROUND(C6114/D6114,6),"")
72020	Searcy, AR	3126	158.105	=IF(D6115>0,ROUND(C6115/D6115,6),"")
72022	Little Rock-North Little Rock-Conway, AR	18350	13.602	=IF(D6116>0,ROUND(C6116/D6116,6),"")
72023	Little Rock-North Little Rock-Conway, AR	36813	98.239	=IF(D6117>0,ROUND(C6117/D6117,6),"")
72024	Little Rock-North Little Rock-Conway, AR	4142	190.134	=IF(D6118>0,ROUND(C6118/D6118,6),"")
72025	Little Rock-North Little Rock-Conway, AR	732	60.509	=IF(D6119>0,ROUND(C6119/D6119,6),"")
72032	Little Rock-North Little Rock-Conway, AR	35120	114.476	=IF(D6120>0,ROUND(C6120/D6120,6),"")
72034	Little Rock-North Little Rock-Conway, AR	49420	47.924	=IF(D6121>0,ROUND(C6121/D6121,6),"")
72039	Little Rock-North Little Rock-Conway, AR	1977	61.144	=IF(D6122>0,ROUND(C6122/D6122,6),"")
72045	Searcy, AR	935	41.989	=IF(D6123>0,ROUND(C6123/D6123,6),"")
72046	Little Rock-North Little Rock-Conway, AR	4128	232.825	=IF(D6124>0,ROUND(C6124/D6124,6),"")
72058	Little Rock-North Little Rock-Conway, AR	18250	157.305	=IF(D6125>0,ROUND(C6125/D6125,6),"")
72065	Little Rock-North Little Rock-Conway, AR	5796	62.585	=IF(D6126>0,ROUND(C6126/D6126,6),"")
72070	Little Rock-North Little Rock-Conway, AR	1854	70.784	=IF(D6127>0,ROUND(C6127/D6127,6),"")
72076	Little Rock-North Little Rock-Conway, AR	38647	72.702	=IF(D6128>0,ROUND(C6128/D6128,6),"")
72081	Searcy, AR	7505	94.137	=IF(D6129>0,ROUND(C6129/D6129,6),"")
72084	Little Rock-North Little Rock-Conway, AR	1132	181.501	=IF(D6130>0,ROUND(C6130/D6130,6),"")
72086	Little Rock-North Little Rock-Conway, AR	12250	164.226	=IF(D6131>0,ROUND(C6131/D6131,6),"")
72102	Searcy, AR	2508	48.922	=IF(D6132>0,ROUND(C6132/D6132,6),"")
72103	Little Rock-North Little Rock-Conway, AR	14160	30.583	=IF(D6133>0,ROUND(C6133/D6133,6),"")
72106	Little Rock-North Little Rock-Conway, AR	5719	52.355	=IF(D6134>0,ROUND(C6134/D6134,6),"")
72111	Little Rock-North Little Rock-Conway, AR	1270	57.274	=IF(D6135>0,ROUND(C6135/D6135,6),"")
72113	Little Rock-North Little Rock-Conway, AR	25648	26.279	=IF(D6136>0,ROUND(C6136/D6136,6),"")
72114	Little Rock-North Little Rock-Conway, AR	10451	7.668	=IF(D6137>0,ROUND(C6137/D6137,6),"")
72116	Little Rock-North Little Rock-Conway, AR	21090	6.491	=IF(D6138>0,ROUND(C6138/D6138,6),"")
72117	Little Rock-North Little Rock-Conway, AR	14339	54.376	=IF(D6139>0,ROUND(C6139/D6139,6),"")
72118	Little Rock-North Little Rock-Conway, AR	23540	27.643	=IF(D6140>0,ROUND(C6140/D6140,6),"")
72120	Little Rock-North Little Rock-Conway, AR	33393	54.191	=IF(D6141>0,ROUND(C6141/D6141,6),"")
72121	Searcy, AR	2975	70.662	=IF(D6142>0,ROUND(C6142/D6142,6),"")
72122	Little Rock-North Little Rock-Conway, AR	1226	126.473	=IF(D6143>0,ROUND(C6143/D6143,6),"")
72125	Little Rock-North Little Rock-Conway, AR	949	24.463	=IF(D6144>0,ROUND(C6144/D6144,6),"")
72126	Little Rock-North Little Rock-Conway, AR	3310	203.349	=IF(D6145>0,ROUND(C6145/D6145,6),"")
72131	Little Rock-North Little Rock-Conway, AR	4099	128.816	=IF(D6146>0,ROUND(C6146/D6146,6),"")
72132	Little Rock-North Little Rock-Conway, AR	3377	69.17	=IF(D6147>0,ROUND(C6147/D6147,6),"")
72135	Little Rock-North Little Rock-Conway, AR	3442	73.627	=IF(D6148>0,ROUND(C6148/D6148,6),"")
72136	Searcy, AR	2519	49.746	=IF(D6149>0,ROUND(C6149/D6149,6),"")
72137	Searcy, AR	2151	67.492	=IF(D6150>0,ROUND(C6150/D6150,6),"")
72142	Little Rock-North Little Rock-Conway, AR	2101	105.459	=IF(D6151>0,ROUND(C6151/D6151,6),"")
72143	Searcy, AR	35523	301.964	=IF(D6152>0,ROUND(C6152/D6152,6),"")
72150	Little Rock-North Little Rock-Conway, AR	12476	293.494	=IF(D6153>0,ROUND(C6153/D6153,6),"")
72167	Little Rock-North Little Rock-Conway, AR	1567	39.071	=IF(D6154>0,ROUND(C6154/D6154,6),"")
72173	Little Rock-North Little Rock-Conway, AR	10122	94.933	=IF(D6155>0,ROUND(C6155/D6155,6),"")
72176	Little Rock-North Little Rock-Conway, AR	8895	70.367	=IF(D6156>0,ROUND(C6156/D6156,6),"")
72201	Little Rock-North Little Rock-Conway, AR	721	1.225	=IF(D6157>0,ROUND(C6157/D6157,6),"")
72202	Little Rock-North Little Rock-Conway, AR	9648	7.077	=IF(D6158>0,ROUND(C6158/D6158,6),"")
72204	Little Rock-North Little Rock-Conway, AR	31219	15.161	=IF(D6159>0,ROUND(C6159/D6159,6),"")
72205	Little Rock-North Little Rock-Conway, AR	22275	8.034	=IF(D6160>0,ROUND(C6160/D6160,6),"")
72206	Little Rock-North Little Rock-Conway, AR	22640	111.62	=IF(D6161>0,ROUND(C6161/D6161,6),"")
72207	Little Rock-North Little Rock-Conway, AR	10735	3.785	=IF(D6162>0,ROUND(C6162/D6162,6),"")
72209	Little Rock-North Little Rock-Conway, AR	33200	18.265	=IF(D6163>0,ROUND(C6163/D6163,6),"")
72210	Little Rock-North Little Rock-Conway, AR	14544	49.483	=IF(D6164>0,ROUND(C6164/D6164,6),"")
72211	Little Rock-North Little Rock-Conway, AR	22836	8.308	=IF(D6165>0,ROUND(C6165/D6165,6),"")
72212	Little Rock-North Little Rock-Conway, AR	13400	6.086	=IF(D6166>0,ROUND(C6166/D6166,6),"")
72223	Little Rock-North Little Rock-Conway, AR	25706	48.518	=IF(D6167>0,ROUND(C6167/D6167,6),"")
72227	Little Rock-North Little Rock-Conway, AR	11800	3.763	=IF(D6168>0,ROUND(C6168/D6168,6),"")
72301	Memphis, TN-MS-AR	24182	28.514	=IF(D6169>0,ROUND(C6169/D6169,6),"")
72331	Memphis, TN-MS-AR	2102	149.287	=IF(D6170>0,ROUND(C6170/D6170,6),"")
72348	Memphis, TN-MS-AR	2198	170.313	=IF(D6171>0,ROUND(C6171/D6171,6),"")
72354	Jonesboro, AR	2431	59.239	=IF(D6172>0,ROUND(C6172/D6172,6),"")
72364	Memphis, TN-MS-AR	16434	79.962	=IF(D6173>0,ROUND(C6173/D6173,6),"")
72365	Jonesboro, AR	2542	89.866	=IF(D6174>0,ROUND(C6174/D6174,6),"")
72386	Jonesboro, AR	1385	115.186	=IF(D6175>0,ROUND(C6175/D6175,6),"")
72401	Jonesboro, AR	42065	88.494	=IF(D6176>0,ROUND(C6176/D6176,6),"")
72404	Jonesboro, AR	29722	128.046	=IF(D6177>0,ROUND(C6177/D6177,6),"")
72411	Jonesboro, AR	3072	36.188	=IF(D6178>0,ROUND(C6178/D6178,6),"")
72416	Jonesboro, AR	5458	88.726	=IF(D6179>0,ROUND(C6179/D6179,6),"")
72417	Jonesboro, AR	5655	43.038	=IF(D6180>0,ROUND(C6180/D6180,6),"")
72419	Jonesboro, AR	1452	50.634	=IF(D6181>0,ROUND(C6181/D6181,6),"")
72432	Jonesboro, AR	6537	171.953	=IF(D6182>0,ROUND(C6182/D6182,6),"")
72437	Jonesboro, AR	3386	104.875	=IF(D6183>0,ROUND(C6183/D6183,6),"")
72447	Jonesboro, AR	1987	56.022	=IF(D6184>0,ROUND(C6184/D6184,6),"")
72472	Jonesboro, AR	8868	156.652	=IF(D6185>0,ROUND(C6185/D6185,6),"")
72479	Jonesboro, AR	1017	190.09	=IF(D6186>0,ROUND(C6186/D6186,6),"")
72701	Fayetteville-Springdale-Rogers, AR	48964	125.991	=IF(D6187>0,ROUND(C6187/D6187,6),"")
72703	Fayetteville-Springdale-Rogers, AR	35964	40.207	=IF(D6188>0,ROUND(C6188/D6188,6),"")
72704	Fayetteville-Springdale-Rogers, AR	29475	77.02	=IF(D6189>0,ROUND(C6189/D6189,6),"")
72712	Fayetteville-Springdale-Rogers, AR	38072	51.834	=IF(D6190>0,ROUND(C6190/D6190,6),"")
72713	Fayetteville-Springdale-Rogers, AR	26293	48.506	=IF(D6191>0,ROUND(C6191/D6191,6),"")
72714	Fayetteville-Springdale-Rogers, AR	14108	18.298	=IF(D6192>0,ROUND(C6192/D6192,6),"")
72715	Fayetteville-Springdale-Rogers, AR	16920	28.86	=IF(D6193>0,ROUND(C6193/D6193,6),"")
72718	Fayetteville-Springdale-Rogers, AR	5528	5.746	=IF(D6194>0,ROUND(C6194/D6194,6),"")
72719	Fayetteville-Springdale-Rogers, AR	18896	9.167	=IF(D6195>0,ROUND(C6195/D6195,6),"")
72722	Fayetteville-Springdale-Rogers, AR	2920	39.394	=IF(D6196>0,ROUND(C6196/D6196,6),"")
72727	Fayetteville-Springdale-Rogers, AR	6459	155.631	=IF(D6197>0,ROUND(C6197/D6197,6),"")
72730	Fayetteville-Springdale-Rogers, AR	11068	20.784	=IF(D6198>0,ROUND(C6198/D6198,6),"")
72732	Fayetteville-Springdale-Rogers, AR	5493	86.858	=IF(D6199>0,ROUND(C6199/D6199,6),"")
72734	Fayetteville-Springdale-Rogers, AR	8385	81.568	=IF(D6200>0,ROUND(C6200/D6200,6),"")
72736	Fayetteville-Springdale-Rogers, AR	7519	98.488	=IF(D6201>0,ROUND(C6201/D6201,6),"")
72738	Fayetteville-Springdale-Rogers, AR	2181	85.162	=IF(D6202>0,ROUND(C6202/D6202,6),"")
72740	Fayetteville-Springdale-Rogers, AR	10226	379.623	=IF(D6203>0,ROUND(C6203/D6203,6),"")
72744	Fayetteville-Springdale-Rogers, AR	5314	79.021	=IF(D6204>0,ROUND(C6204/D6204,6),"")
72745	Fayetteville-Springdale-Rogers, AR	14521	31.836	=IF(D6205>0,ROUND(C6205/D6205,6),"")
72751	Fayetteville-Springdale-Rogers, AR	9324	24.106	=IF(D6206>0,ROUND(C6206/D6206,6),"")
72753	Fayetteville-Springdale-Rogers, AR	10425	89.217	=IF(D6207>0,ROUND(C6207/D6207,6),"")
72756	Fayetteville-Springdale-Rogers, AR	41278	129.913	=IF(D6208>0,ROUND(C6208/D6208,6),"")
72758	Fayetteville-Springdale-Rogers, AR	47781	31.312	=IF(D6209>0,ROUND(C6209/D6209,6),"")
72761	Fayetteville-Springdale-Rogers, AR	23703	114.062	=IF(D6210>0,ROUND(C6210/D6210,6),"")
72762	Fayetteville-Springdale-Rogers, AR	47402	58.137	=IF(D6211>0,ROUND(C6211/D6211,6),"")
72764	Fayetteville-Springdale-Rogers, AR	57468	66.17	=IF(D6212>0,ROUND(C6212/D6212,6),"")
72768	Fayetteville-Springdale-Rogers, AR	1320	31.575	=IF(D6213>0,ROUND(C6213/D6213,6),"")
72773	Fayetteville-Springdale-Rogers, AR	1463	48.578	=IF(D6214>0,ROUND(C6214/D6214,6),"")
72774	Fayetteville-Springdale-Rogers, AR	7298	120.092	=IF(D6215>0,ROUND(C6215/D6215,6),"")
72821	Fort Smith, AR-OK	2022	32.035	=IF(D6216>0,ROUND(C6216/D6216,6),"")
72901	Fort Smith, AR-OK	19966	8.736	=IF(D6217>0,ROUND(C6217/D6217,6),"")
72903	Fort Smith, AR-OK	26318	16.202	=IF(D6218>0,ROUND(C6218/D6218,6),"")
72904	Fort Smith, AR-OK	22627	13.689	=IF(D6219>0,ROUND(C6219/D6219,6),"")
72908	Fort Smith, AR-OK	14003	7.673	=IF(D6220>0,ROUND(C6220/D6220,6),"")
72916	Fort Smith, AR-OK	11087	37.679	=IF(D6221>0,ROUND(C6221/D6221,6),"")
72921	Fort Smith, AR-OK	12827	88.928	=IF(D6222>0,ROUND(C6222/D6222,6),"")
72923	Fort Smith, AR-OK	4971	16.373	=IF(D6223>0,ROUND(C6223/D6223,6),"")
72932	Fort Smith, AR-OK	1804	18.521	=IF(D6224>0,ROUND(C6224/D6224,6),"")
72933	Fort Smith, AR-OK	5207	109.279	=IF(D6225>0,ROUND(C6225/D6225,6),"")
72936	Fort Smith, AR-OK	14182	80.922	=IF(D6226>0,ROUND(C6226/D6226,6),"")
72937	Fort Smith, AR-OK	3546	60.933	=IF(D6227>0,ROUND(C6227/D6227,6),"")
72940	Fort Smith, AR-OK	1936	43.656	=IF(D6228>0,ROUND(C6228/D6228,6),"")
72941	Fort Smith, AR-OK	4775	43.419	=IF(D6229>0,ROUND(C6229/D6229,6),"")
72944	Fort Smith, AR-OK	2669	73.686	=IF(D6230>0,ROUND(C6230/D6230,6),"")
72946	Fort Smith, AR-OK	4085	94.526	=IF(D6231>0,ROUND(C6231/D6231,6),"")
72947	Fort Smith, AR-OK	3874	114.103	=IF(D6232>0,ROUND(C6232/D6232,6),"")
72949	Fort Smith, AR-OK	9474	317.91	=IF(D6233>0,ROUND(C6233/D6233,6),"")
72952	Fort Smith, AR-OK	2021	48.746	=IF(D6234>0,ROUND(C6234/D6234,6),"")
72956	Fort Smith, AR-OK	34102	103.761	=IF(D6235>0,ROUND(C6235/D6235,6),"")
72959	Fayetteville-Springdale-Rogers, AR	2957	200.072	=IF(D6236>0,ROUND(C6236/D6236,6),"")
73002	Oklahoma City, OK	1123	35.466	=IF(D6237>0,ROUND(C6237/D6237,6),"")
73003	Oklahoma City, OK	22573	7.415	=IF(D6238>0,ROUND(C6238/D6238,6),"")
73004	Oklahoma City, OK	812	62.25	=IF(D6239>0,ROUND(C6239/D6239,6),"")
73007	Oklahoma City, OK	2945	38.505	=IF(D6240>0,ROUND(C6240/D6240,6),"")
73008	Oklahoma City, OK	21469	7.523	=IF(D6241>0,ROUND(C6241/D6241,6),"")
73010	Oklahoma City, OK	21127	174.5	=IF(D6242>0,ROUND(C6242/D6242,6),"")
73011	Oklahoma City, OK	562	63.28	=IF(D6243>0,ROUND(C6243/D6243,6),"")
73012	Oklahoma City, OK	44385	34.071	=IF(D6244>0,ROUND(C6244/D6244,6),"")
73013	Oklahoma City, OK	58368	32.685	=IF(D6245>0,ROUND(C6245/D6245,6),"")
73014	Oklahoma City, OK	1303	155.052	=IF(D6246>0,ROUND(C6246/D6246,6),"")
73016	Oklahoma City, OK	2572	62.937	=IF(D6247>0,ROUND(C6247/D6247,6),"")
73017	Oklahoma City, OK	1318	80.013	=IF(D6248>0,ROUND(C6248/D6248,6),"")
73018	Oklahoma City, OK	20393	155.103	=IF(D6249>0,ROUND(C6249/D6249,6),"")
73020	Oklahoma City, OK	25351	61.59	=IF(D6250>0,ROUND(C6250/D6250,6),"")
73025	Oklahoma City, OK	16401	52.659	=IF(D6251>0,ROUND(C6251/D6251,6),"")
73026	Oklahoma City, OK	11131	108.549	=IF(D6252>0,ROUND(C6252/D6252,6),"")
73027	Oklahoma City, OK	1324	87.605	=IF(D6253>0,ROUND(C6253/D6253,6),"")
73028	Oklahoma City, OK	3484	142.587	=IF(D6254>0,ROUND(C6254/D6254,6),"")
73034	Oklahoma City, OK	47868	51.662	=IF(D6255>0,ROUND(C6255/D6255,6),"")
73036	Oklahoma City, OK	20777	183.822	=IF(D6256>0,ROUND(C6256/D6256,6),"")
73044	Oklahoma City, OK	25268	264.698	=IF(D6257>0,ROUND(C6257/D6257,6),"")
73045	Oklahoma City, OK	11542	65.029	=IF(D6258>0,ROUND(C6258/D6258,6),"")
73047	Oklahoma City, OK	6402	142.459	=IF(D6259>0,ROUND(C6259/D6259,6),"")
73049	Oklahoma City, OK	7123	64.182	=IF(D6260>0,ROUND(C6260/D6260,6),"")
73051	Oklahoma City, OK	10079	126.668	=IF(D6261>0,ROUND(C6261/D6261,6),"")
73052	Oklahoma City, OK	6289	209.628	=IF(D6262>0,ROUND(C6262/D6262,6),"")
73054	Oklahoma City, OK	4562	89.766	=IF(D6263>0,ROUND(C6263/D6263,6),"")
73057	Oklahoma City, OK	2210	84.726	=IF(D6264>0,ROUND(C6264/D6264,6),"")
73059	Oklahoma City, OK	2809	162.424	=IF(D6265>0,ROUND(C6265/D6265,6),"")
73061	Tulsa, OK	1693	115.031	=IF(D6266>0,ROUND(C6266/D6266,6),"")
73063	Oklahoma City, OK	857	108.281	=IF(D6267>0,ROUND(C6267/D6267,6),"")
73064	Oklahoma City, OK	27620	53.73	=IF(D6268>0,ROUND(C6268/D6268,6),"")
73065	Oklahoma City, OK	11136	51.796	=IF(D6269>0,ROUND(C6269/D6269,6),"")
73067	Oklahoma City, OK	1778	122.534	=IF(D6270>0,ROUND(C6270/D6270,6),"")
73068	Oklahoma City, OK	12003	64.55	=IF(D6271>0,ROUND(C6271/D6271,6),"")
73069	Oklahoma City, OK	28314	15.733	=IF(D6272>0,ROUND(C6272/D6272,6),"")
73071	Oklahoma City, OK	43105	23.324	=IF(D6273>0,ROUND(C6273/D6273,6),"")
73072	Oklahoma City, OK	50500	52.192	=IF(D6274>0,ROUND(C6274/D6274,6),"")
73073	Oklahoma City, OK	616	118.007	=IF(D6275>0,ROUND(C6275/D6275,6),"")
73074	Oklahoma City, OK	1147	42.467	=IF(D6276>0,ROUND(C6276/D6276,6),"")
73078	Oklahoma City, OK	12807	64.917	=IF(D6277>0,ROUND(C6277/D6277,6),"")
73079	Oklahoma City, OK	615	81.661	=IF(D6278>0,ROUND(C6278/D6278,6),"")
73080	Oklahoma City, OK	10289	100.148	=IF(D6279>0,ROUND(C6279/D6279,6),"")
73082	Oklahoma City, OK	2836	158.615	=IF(D6280>0,ROUND(C6280/D6280,6),"")
73084	Oklahoma City, OK	6296	17.954	=IF(D6281>0,ROUND(C6281/D6281,6),"")
73089	Oklahoma City, OK	13977	106.779	=IF(D6282>0,ROUND(C6282/D6282,6),"")
73090	Oklahoma City, OK	820	49.992	=IF(D6283>0,ROUND(C6283/D6283,6),"")
73092	Oklahoma City, OK	688	53.704	=IF(D6284>0,ROUND(C6284/D6284,6),"")
73093	Oklahoma City, OK	3817	58.083	=IF(D6285>0,ROUND(C6285/D6285,6),"")
73095	Oklahoma City, OK	2003	76.985	=IF(D6286>0,ROUND(C6286/D6286,6),"")
73099	Oklahoma City, OK	86749	124.703	=IF(D6287>0,ROUND(C6287/D6287,6),"")
73103	Oklahoma City, OK	5354	1.176	=IF(D6288>0,ROUND(C6288/D6288,6),"")
73104	Oklahoma City, OK	3746	1.569	=IF(D6289>0,ROUND(C6289/D6289,6),"")
73105	Oklahoma City, OK	5810	4.493	=IF(D6290>0,ROUND(C6290/D6290,6),"")
73106	Oklahoma City, OK	13019	3.037	=IF(D6291>0,ROUND(C6291/D6291,6),"")
73107	Oklahoma City, OK	25995	7.573	=IF(D6292>0,ROUND(C6292/D6292,6),"")
73108	Oklahoma City, OK	15239	7.639	=IF(D6293>0,ROUND(C6293/D6293,6),"")
73109	Oklahoma City, OK	20904	5.403	=IF(D6294>0,ROUND(C6294/D6294,6),"")
73110	Oklahoma City, OK	32693	15.457	=IF(D6295>0,ROUND(C6295/D6295,6),"")
73111	Oklahoma City, OK	11216	8.59	=IF(D6296>0,ROUND(C6296/D6296,6),"")
73112	Oklahoma City, OK	30422	7.622	=IF(D6297>0,ROUND(C6297/D6297,6),"")
73114	Oklahoma City, OK	18235	9.48	=IF(D6298>0,ROUND(C6298/D6298,6),"")
73115	Oklahoma City, OK	20407	5.905	=IF(D6299>0,ROUND(C6299/D6299,6),"")
73116	Oklahoma City, OK	10016	5.52	=IF(D6300>0,ROUND(C6300/D6300,6),"")
73117	Oklahoma City, OK	5873	6.437	=IF(D6301>0,ROUND(C6301/D6301,6),"")
73118	Oklahoma City, OK	14118	4.843	=IF(D6302>0,ROUND(C6302/D6302,6),"")
73119	Oklahoma City, OK	30307	6.803	=IF(D6303>0,ROUND(C6303/D6303,6),"")
73120	Oklahoma City, OK	34651	11.048	=IF(D6304>0,ROUND(C6304/D6304,6),"")
73121	Oklahoma City, OK	2935	9.712	=IF(D6305>0,ROUND(C6305/D6305,6),"")
73122	Oklahoma City, OK	12689	3.398	=IF(D6306>0,ROUND(C6306/D6306,6),"")
73127	Oklahoma City, OK	26830	11.348	=IF(D6307>0,ROUND(C6307/D6307,6),"")
73128	Oklahoma City, OK	7011	7.345	=IF(D6308>0,ROUND(C6308/D6308,6),"")
73129	Oklahoma City, OK	19730	12.539	=IF(D6309>0,ROUND(C6309/D6309,6),"")
73130	Oklahoma City, OK	21093	9.972	=IF(D6310>0,ROUND(C6310/D6310,6),"")
73131	Oklahoma City, OK	3427	12.043	=IF(D6311>0,ROUND(C6311/D6311,6),"")
73132	Oklahoma City, OK	27768	7.603	=IF(D6312>0,ROUND(C6312/D6312,6),"")
73134	Oklahoma City, OK	6874	4.383	=IF(D6313>0,ROUND(C6313/D6313,6),"")
73135	Oklahoma City, OK	22206	10.975	=IF(D6314>0,ROUND(C6314/D6314,6),"")
73139	Oklahoma City, OK	18084	4.404	=IF(D6315>0,ROUND(C6315/D6315,6),"")
73141	Oklahoma City, OK	2771	10.829	=IF(D6316>0,ROUND(C6316/D6316,6),"")
73142	Oklahoma City, OK	16364	7.793	=IF(D6317>0,ROUND(C6317/D6317,6),"")
73149	Oklahoma City, OK	6043	5.416	=IF(D6318>0,ROUND(C6318/D6318,6),"")
73150	Oklahoma City, OK	5701	18.731	=IF(D6319>0,ROUND(C6319/D6319,6),"")
73151	Oklahoma City, OK	2145	2.987	=IF(D6320>0,ROUND(C6320/D6320,6),"")
73159	Oklahoma City, OK	32172	13.693	=IF(D6321>0,ROUND(C6321/D6321,6),"")
73160	Oklahoma City, OK	62205	21.422	=IF(D6322>0,ROUND(C6322/D6322,6),"")
73162	Oklahoma City, OK	28610	7.054	=IF(D6323>0,ROUND(C6323/D6323,6),"")
73165	Oklahoma City, OK	8226	40.928	=IF(D6324>0,ROUND(C6324/D6324,6),"")
73169	Oklahoma City, OK	3432	7.469	=IF(D6325>0,ROUND(C6325/D6325,6),"")
73170	Oklahoma City, OK	41746	20.997	=IF(D6326>0,ROUND(C6326/D6326,6),"")
73173	Oklahoma City, OK	4529	13.547	=IF(D6327>0,ROUND(C6327/D6327,6),"")
73179	Oklahoma City, OK	7502	11.795	=IF(D6328>0,ROUND(C6328/D6328,6),"")
73762	Oklahoma City, OK	2179	176.584	=IF(D6329>0,ROUND(C6329/D6329,6),"")
74002	Tulsa, OK	1884	155.547	=IF(D6330>0,ROUND(C6330/D6330,6),"")
74008	Tulsa, OK	32433	74.343	=IF(D6331>0,ROUND(C6331/D6331,6),"")
74010	Tulsa, OK	10328	322.805	=IF(D6332>0,ROUND(C6332/D6332,6),"")
74011	Tulsa, OK	33191	23.849	=IF(D6333>0,ROUND(C6333/D6333,6),"")
74012	Tulsa, OK	63899	24.826	=IF(D6334>0,ROUND(C6334/D6334,6),"")
74014	Tulsa, OK	43072	104.991	=IF(D6335>0,ROUND(C6335/D6335,6),"")
74015	Tulsa, OK	8653	60.318	=IF(D6336>0,ROUND(C6336/D6336,6),"")
74016	Tulsa, OK	5787	143.595	=IF(D6337>0,ROUND(C6337/D6337,6),"")
74017	Tulsa, OK	28901	140.472	=IF(D6338>0,ROUND(C6338/D6338,6),"")
74019	Tulsa, OK	20633	114.371	=IF(D6339>0,ROUND(C6339/D6339,6),"")
74020	Tulsa, OK	7365	67.696	=IF(D6340>0,ROUND(C6340/D6340,6),"")
74021	Tulsa, OK	23504	67.024	=IF(D6341>0,ROUND(C6341/D6341,6),"")
74023	Stillwater, OK	12097	173.061	=IF(D6342>0,ROUND(C6342/D6342,6),"")
74026	Oklahoma City, OK	888	9.504	=IF(D6343>0,ROUND(C6343/D6343,6),"")
74028	Tulsa, OK	1574	100.805	=IF(D6344>0,ROUND(C6344/D6344,6),"")
74030	Tulsa, OK	2978	69.401	=IF(D6345>0,ROUND(C6345/D6345,6),"")
74032	Stillwater, OK	1675	109.48	=IF(D6346>0,ROUND(C6346/D6346,6),"")
74033	Tulsa, OK	13371	12.35	=IF(D6347>0,ROUND(C6347/D6347,6),"")
74035	Tulsa, OK	4031	234.474	=IF(D6348>0,ROUND(C6348/D6348,6),"")
74036	Tulsa, OK	7456	128.372	=IF(D6349>0,ROUND(C6349/D6349,6),"")
74037	Tulsa, OK	24244	16.164	=IF(D6350>0,ROUND(C6350/D6350,6),"")
74038	Tulsa, OK	2204	103.381	=IF(D6351>0,ROUND(C6351/D6351,6),"")
74039	Tulsa, OK	3961	67.906	=IF(D6352>0,ROUND(C6352/D6352,6),"")
74041	Tulsa, OK	2867	8.78	=IF(D6353>0,ROUND(C6353/D6353,6),"")
74044	Tulsa, OK	8255	87.723	=IF(D6354>0,ROUND(C6354/D6354,6),"")
74047	Tulsa, OK	7451	98.61	=IF(D6355>0,ROUND(C6355/D6355,6),"")
74053	Tulsa, OK	5541	41.429	=IF(D6356>0,ROUND(C6356/D6356,6),"")
74055	Tulsa, OK	49895	50.951	=IF(D6357>0,ROUND(C6357/D6357,6),"")
74056	Tulsa, OK	4874	646.009	=IF(D6358>0,ROUND(C6358/D6358,6),"")
74058	Tulsa, OK	3558	254.231	=IF(D6359>0,ROUND(C6359/D6359,6),"")
74059	Stillwater, OK	5854	112.171	=IF(D6360>0,ROUND(C6360/D6360,6),"")
74062	Stillwater, OK	770	31.713	=IF(D6361>0,ROUND(C6361/D6361,6),"")
74063	Tulsa, OK	31007	129.795	=IF(D6362>0,ROUND(C6362/D6362,6),"")
74066	Tulsa, OK	31953	123.617	=IF(D6363>0,ROUND(C6363/D6363,6),"")
74070	Tulsa, OK	15169	195.994	=IF(D6364>0,ROUND(C6364/D6364,6),"")
74073	Tulsa, OK	5610	46.686	=IF(D6365>0,ROUND(C6365/D6365,6),"")
74074	Stillwater, OK	31934	127.356	=IF(D6366>0,ROUND(C6366/D6366,6),"")
74075	Stillwater, OK	26693	94.835	=IF(D6367>0,ROUND(C6367/D6367,6),"")
74079	Oklahoma City, OK	4592	186.766	=IF(D6368>0,ROUND(C6368/D6368,6),"")
74080	Tulsa, OK	2810	98.761	=IF(D6369>0,ROUND(C6369/D6369,6),"")
74081	Tulsa, OK	2008	35.05	=IF(D6370>0,ROUND(C6370/D6370,6),"")
74085	Stillwater, OK	2391	96.956	=IF(D6371>0,ROUND(C6371/D6371,6),"")
74104	Tulsa, OK	12434	2.71	=IF(D6372>0,ROUND(C6372/D6372,6),"")
74105	Tulsa, OK	27249	7.268	=IF(D6373>0,ROUND(C6373/D6373,6),"")
74106	Tulsa, OK	15974	7.637	=IF(D6374>0,ROUND(C6374/D6374,6),"")
74107	Tulsa, OK	19086	25.38	=IF(D6375>0,ROUND(C6375/D6375,6),"")
74108	Tulsa, OK	7530	8.68	=IF(D6376>0,ROUND(C6376/D6376,6),"")
74110	Tulsa, OK	15185	5.878	=IF(D6377>0,ROUND(C6377/D6377,6),"")
74112	Tulsa, OK	21416	6.817	=IF(D6378>0,ROUND(C6378/D6378,6),"")
74114	Tulsa, OK	16756	4.831	=IF(D6379>0,ROUND(C6379/D6379,6),"")
74115	Tulsa, OK	23657	16.022	=IF(D6380>0,ROUND(C6380/D6380,6),"")
74116	Tulsa, OK	3503	17.984	=IF(D6381>0,ROUND(C6381/D6381,6),"")
74119	Tulsa, OK	3541	0.78	=IF(D6382>0,ROUND(C6382/D6382,6),"")
74120	Tulsa, OK	5065	2.105	=IF(D6383>0,ROUND(C6383/D6383,6),"")
74126	Tulsa, OK	10144	24.065	=IF(D6384>0,ROUND(C6384/D6384,6),"")
74127	Tulsa, OK	15990	21.34	=IF(D6385>0,ROUND(C6385/D6385,6),"")
74128	Tulsa, OK	13586	3.594	=IF(D6386>0,ROUND(C6386/D6386,6),"")
74129	Tulsa, OK	18764	3.986	=IF(D6387>0,ROUND(C6387/D6387,6),"")
74130	Tulsa, OK	2217	4.135	=IF(D6388>0,ROUND(C6388/D6388,6),"")
74131	Tulsa, OK	2317	9.572	=IF(D6389>0,ROUND(C6389/D6389,6),"")
74132	Tulsa, OK	10629	12.61	=IF(D6390>0,ROUND(C6390/D6390,6),"")
74133	Tulsa, OK	48686	13.666	=IF(D6391>0,ROUND(C6391/D6391,6),"")
74134	Tulsa, OK	22856	12.075	=IF(D6392>0,ROUND(C6392/D6392,6),"")
74135	Tulsa, OK	19737	6.147	=IF(D6393>0,ROUND(C6393/D6393,6),"")
74136	Tulsa, OK	31682	7.735	=IF(D6394>0,ROUND(C6394/D6394,6),"")
74137	Tulsa, OK	28398	10.4	=IF(D6395>0,ROUND(C6395/D6395,6),"")
74145	Tulsa, OK	17955	5.943	=IF(D6396>0,ROUND(C6396/D6396,6),"")
74146	Tulsa, OK	16133	5.138	=IF(D6397>0,ROUND(C6397/D6397,6),"")
74332	Tulsa, OK	1808	70.039	=IF(D6398>0,ROUND(C6398/D6398,6),"")
74337	Tulsa, OK	4874	96.284	=IF(D6399>0,ROUND(C6399/D6399,6),"")
74352	Tulsa, OK	5825	123.573	=IF(D6400>0,ROUND(C6400/D6400,6),"")
74401	Muskogee, OK	16015	110.985	=IF(D6401>0,ROUND(C6401/D6401,6),"")
74403	Muskogee, OK	29199	109.658	=IF(D6402>0,ROUND(C6402/D6402,6),"")
74421	Tulsa, OK	4393	131.569	=IF(D6403>0,ROUND(C6403/D6403,6),"")
74422	Tulsa, OK	953	80.928	=IF(D6404>0,ROUND(C6404/D6404,6),"")
74428	Muskogee, OK	730	54.444	=IF(D6405>0,ROUND(C6405/D6405,6),"")
74429	Tulsa, OK	16351	84.238	=IF(D6406>0,ROUND(C6406/D6406,6),"")
74434	Muskogee, OK	9691	123.162	=IF(D6407>0,ROUND(C6407/D6407,6),"")
74435	Fort Smith, AR-OK	3004	62.852	=IF(D6408>0,ROUND(C6408/D6408,6),"")
74436	Muskogee, OK	4831	142.461	=IF(D6409>0,ROUND(C6409/D6409,6),"")
74437	Tulsa, OK	9058	190.256	=IF(D6410>0,ROUND(C6410/D6410,6),"")
74445	Tulsa, OK	3027	81.369	=IF(D6411>0,ROUND(C6411/D6411,6),"")
74447	Tulsa, OK	15500	231.76	=IF(D6412>0,ROUND(C6412/D6412,6),"")
74450	Muskogee, OK	1720	66.589	=IF(D6413>0,ROUND(C6413/D6413,6),"")
74454	Tulsa, OK	3013	105.842	=IF(D6414>0,ROUND(C6414/D6414,6),"")
74455	Muskogee, OK	2717	115.896	=IF(D6415>0,ROUND(C6415/D6415,6),"")
74462	Muskogee, OK	7096	267.859	=IF(D6416>0,ROUND(C6416/D6416,6),"")
74467	Tulsa, OK	14166	154.061	=IF(D6417>0,ROUND(C6417/D6417,6),"")
74469	Muskogee, OK	2138	53.178	=IF(D6418>0,ROUND(C6418/D6418,6),"")
74470	Muskogee, OK	1362	80.393	=IF(D6419>0,ROUND(C6419/D6419,6),"")
74472	Muskogee, OK	638	12.948	=IF(D6420>0,ROUND(C6420/D6420,6),"")
74637	Tulsa, OK	1501	182.631	=IF(D6421>0,ROUND(C6421/D6421,6),"")
74650	Tulsa, OK	568	168.745	=IF(D6422>0,ROUND(C6422/D6422,6),"")
74652	Tulsa, OK	807	255.418	=IF(D6423>0,ROUND(C6423/D6423,6),"")
74801	Shawnee, OK	21804	74.085	=IF(D6424>0,ROUND(C6424/D6424,6),"")
74804	Shawnee, OK	22405	100.236	=IF(D6425>0,ROUND(C6425/D6425,6),"")
74824	Oklahoma City, OK	1448	40.487	=IF(D6426>0,ROUND(C6426/D6426,6),"")
74826	Shawnee, OK	1213	77.711	=IF(D6427>0,ROUND(C6427/D6427,6),"")
74831	Oklahoma City, OK	713	69.707	=IF(D6428>0,ROUND(C6428/D6428,6),"")
74832	Oklahoma City, OK	864	30.24	=IF(D6429>0,ROUND(C6429/D6429,6),"")
74834	Oklahoma City, OK	7551	178.569	=IF(D6430>0,ROUND(C6430/D6430,6),"")
74840	Shawnee, OK	1993	60.905	=IF(D6431>0,ROUND(C6431/D6431,6),"")
74849	Shawnee, OK	2775	126.746	=IF(D6432>0,ROUND(C6432/D6432,6),"")
74851	Shawnee, OK	11161	84.058	=IF(D6433>0,ROUND(C6433/D6433,6),"")
74852	Shawnee, OK	1581	78.6	=IF(D6434>0,ROUND(C6434/D6434,6),"")
74854	Shawnee, OK	1833	84.997	=IF(D6435>0,ROUND(C6435/D6435,6),"")
74855	Oklahoma City, OK	4292	105.23	=IF(D6436>0,ROUND(C6436/D6436,6),"")
74857	Oklahoma City, OK	9902	58.315	=IF(D6437>0,ROUND(C6437/D6437,6),"")
74864	Oklahoma City, OK	4803	117.627	=IF(D6438>0,ROUND(C6438/D6438,6),"")
74869	Oklahoma City, OK	538	43.739	=IF(D6439>0,ROUND(C6439/D6439,6),"")
74873	Shawnee, OK	11033	137.014	=IF(D6440>0,ROUND(C6440/D6440,6),"")
74875	Oklahoma City, OK	997	46.887	=IF(D6441>0,ROUND(C6441/D6441,6),"")
74878	Shawnee, OK	1677	115.3	=IF(D6442>0,ROUND(C6442/D6442,6),"")
74881	Oklahoma City, OK	5273	162.115	=IF(D6443>0,ROUND(C6443/D6443,6),"")
74936	Fort Smith, AR-OK	1338	25.256	=IF(D6444>0,ROUND(C6444/D6444,6),"")
74948	Fort Smith, AR-OK	11946	217.096	=IF(D6445>0,ROUND(C6445/D6445,6),"")
74954	Fort Smith, AR-OK	5066	20.847	=IF(D6446>0,ROUND(C6446/D6446,6),"")
74955	Fort Smith, AR-OK	14299	211.117	=IF(D6447>0,ROUND(C6447/D6447,6),"")
74962	Fort Smith, AR-OK	4323	154.279	=IF(D6448>0,ROUND(C6448/D6448,6),"")
75001	Dallas-Fort Worth-Arlington, TX	16808	3.752	=IF(D6449>0,ROUND(C6449/D6449,6),"")
75002	Dallas-Fort Worth-Arlington, TX	73295	37.579	=IF(D6450>0,ROUND(C6450/D6450,6),"")
75006	Dallas-Fort Worth-Arlington, TX	47648	17.072	=IF(D6451>0,ROUND(C6451/D6451,6),"")
75007	Dallas-Fort Worth-Arlington, TX	55050	11.906	=IF(D6452>0,ROUND(C6452/D6452,6),"")
75009	Dallas-Fort Worth-Arlington, TX	30257	98.715	=IF(D6453>0,ROUND(C6453/D6453,6),"")
75010	Dallas-Fort Worth-Arlington, TX	31687	6.813	=IF(D6454>0,ROUND(C6454/D6454,6),"")
75013	Dallas-Fort Worth-Arlington, TX	48557	15.047	=IF(D6455>0,ROUND(C6455/D6455,6),"")
75019	Dallas-Fort Worth-Arlington, TX	44707	17.187	=IF(D6456>0,ROUND(C6456/D6456,6),"")
75020	Sherman-Denison, TX	24185	61.04	=IF(D6457>0,ROUND(C6457/D6457,6),"")
75021	Sherman-Denison, TX	9307	58.39	=IF(D6458>0,ROUND(C6458/D6458,6),"")
75022	Dallas-Fort Worth-Arlington, TX	26691	19.546	=IF(D6459>0,ROUND(C6459/D6459,6),"")
75023	Dallas-Fort Worth-Arlington, TX	48878	9.199	=IF(D6460>0,ROUND(C6460/D6460,6),"")
75024	Dallas-Fort Worth-Arlington, TX	45051	12.953	=IF(D6461>0,ROUND(C6461/D6461,6),"")
75025	Dallas-Fort Worth-Arlington, TX	53352	9.554	=IF(D6462>0,ROUND(C6462/D6462,6),"")
75028	Dallas-Fort Worth-Arlington, TX	48636	15.559	=IF(D6463>0,ROUND(C6463/D6463,6),"")
75032	Dallas-Fort Worth-Arlington, TX	37895	48.126	=IF(D6464>0,ROUND(C6464/D6464,6),"")
75033	Dallas-Fort Worth-Arlington, TX	50292	21.935	=IF(D6465>0,ROUND(C6465/D6465,6),"")
75034	Dallas-Fort Worth-Arlington, TX	51059	15.944	=IF(D6466>0,ROUND(C6466/D6466,6),"")
75035	Dallas-Fort Worth-Arlington, TX	86135	24.902	=IF(D6467>0,ROUND(C6467/D6467,6),"")
75036	Dallas-Fort Worth-Arlington, TX	32726	10.839	=IF(D6468>0,ROUND(C6468/D6468,6),"")
75038	Dallas-Fort Worth-Arlington, TX	33097	7.638	=IF(D6469>0,ROUND(C6469/D6469,6),"")
75039	Dallas-Fort Worth-Arlington, TX	22450	5.684	=IF(D6470>0,ROUND(C6470/D6470,6),"")
75040	Dallas-Fort Worth-Arlington, TX	64205	15.693	=IF(D6471>0,ROUND(C6471/D6471,6),"")
75041	Dallas-Fort Worth-Arlington, TX	31981	7.924	=IF(D6472>0,ROUND(C6472/D6472,6),"")
75042	Dallas-Fort Worth-Arlington, TX	38040	7.632	=IF(D6473>0,ROUND(C6473/D6473,6),"")
75043	Dallas-Fort Worth-Arlington, TX	63733	14.553	=IF(D6474>0,ROUND(C6474/D6474,6),"")
75044	Dallas-Fort Worth-Arlington, TX	46847	10.556	=IF(D6475>0,ROUND(C6475/D6475,6),"")
75048	Dallas-Fort Worth-Arlington, TX	29600	9.728	=IF(D6476>0,ROUND(C6476/D6476,6),"")
75050	Dallas-Fort Worth-Arlington, TX	44402	25.828	=IF(D6477>0,ROUND(C6477/D6477,6),"")
75051	Dallas-Fort Worth-Arlington, TX	40263	12.626	=IF(D6478>0,ROUND(C6478/D6478,6),"")
75052	Dallas-Fort Worth-Arlington, TX	95485	26.445	=IF(D6479>0,ROUND(C6479/D6479,6),"")
75054	Dallas-Fort Worth-Arlington, TX	17517	5.916	=IF(D6480>0,ROUND(C6480/D6480,6),"")
75056	Dallas-Fort Worth-Arlington, TX	67978	23.63	=IF(D6481>0,ROUND(C6481/D6481,6),"")
75057	Dallas-Fort Worth-Arlington, TX	16836	13.325	=IF(D6482>0,ROUND(C6482/D6482,6),"")
75058	Sherman-Denison, TX	3614	53.838	=IF(D6483>0,ROUND(C6483/D6483,6),"")
75060	Dallas-Fort Worth-Arlington, TX	47170	12.086	=IF(D6484>0,ROUND(C6484/D6484,6),"")
75061	Dallas-Fort Worth-Arlington, TX	55839	11.612	=IF(D6485>0,ROUND(C6485/D6485,6),"")
75062	Dallas-Fort Worth-Arlington, TX	52756	10.592	=IF(D6486>0,ROUND(C6486/D6486,6),"")
75063	Dallas-Fort Worth-Arlington, TX	45486	20.229	=IF(D6487>0,ROUND(C6487/D6487,6),"")
75065	Dallas-Fort Worth-Arlington, TX	13046	8.272	=IF(D6488>0,ROUND(C6488/D6488,6),"")
75067	Dallas-Fort Worth-Arlington, TX	68451	13.49	=IF(D6489>0,ROUND(C6489/D6489,6),"")
75068	Dallas-Fort Worth-Arlington, TX	70562	27.867	=IF(D6490>0,ROUND(C6490/D6490,6),"")
75069	Dallas-Fort Worth-Arlington, TX	39332	33.676	=IF(D6491>0,ROUND(C6491/D6491,6),"")
75070	Dallas-Fort Worth-Arlington, TX	59859	11.283	=IF(D6492>0,ROUND(C6492/D6492,6),"")
75071	Dallas-Fort Worth-Arlington, TX	69396	74.149	=IF(D6493>0,ROUND(C6493/D6493,6),"")
75072	Dallas-Fort Worth-Arlington, TX	55997	12.059	=IF(D6494>0,ROUND(C6494/D6494,6),"")
75074	Dallas-Fort Worth-Arlington, TX	53146	15.979	=IF(D6495>0,ROUND(C6495/D6495,6),"")
75075	Dallas-Fort Worth-Arlington, TX	38041	9.701	=IF(D6496>0,ROUND(C6496/D6496,6),"")
75076	Sherman-Denison, TX	7907	50.331	=IF(D6497>0,ROUND(C6497/D6497,6),"")
75077	Dallas-Fort Worth-Arlington, TX	40883	14.096	=IF(D6498>0,ROUND(C6498/D6498,6),"")
75078	Dallas-Fort Worth-Arlington, TX	46857	31.574	=IF(D6499>0,ROUND(C6499/D6499,6),"")
75080	Dallas-Fort Worth-Arlington, TX	52746	11.312	=IF(D6500>0,ROUND(C6500/D6500,6),"")
75081	Dallas-Fort Worth-Arlington, TX	36065	9.013	=IF(D6501>0,ROUND(C6501/D6501,6),"")
75082	Dallas-Fort Worth-Arlington, TX	29458	8.199	=IF(D6502>0,ROUND(C6502/D6502,6),"")
75087	Dallas-Fort Worth-Arlington, TX	41786	29.449	=IF(D6503>0,ROUND(C6503/D6503,6),"")
75088	Dallas-Fort Worth-Arlington, TX	27128	9.276	=IF(D6504>0,ROUND(C6504/D6504,6),"")
75089	Dallas-Fort Worth-Arlington, TX	35400	12.108	=IF(D6505>0,ROUND(C6505/D6505,6),"")
75090	Sherman-Denison, TX	26273	78.536	=IF(D6506>0,ROUND(C6506/D6506,6),"")
75092	Sherman-Denison, TX	27372	113.957	=IF(D6507>0,ROUND(C6507/D6507,6),"")
75093	Dallas-Fort Worth-Arlington, TX	46491	14.284	=IF(D6508>0,ROUND(C6508/D6508,6),"")
75094	Dallas-Fort Worth-Arlington, TX	23669	7.164	=IF(D6509>0,ROUND(C6509/D6509,6),"")
75098	Dallas-Fort Worth-Arlington, TX	67513	32.03	=IF(D6510>0,ROUND(C6510/D6510,6),"")
75104	Dallas-Fort Worth-Arlington, TX	49425	36.902	=IF(D6511>0,ROUND(C6511/D6511,6),"")
75114	Dallas-Fort Worth-Arlington, TX	7664	42.977	=IF(D6512>0,ROUND(C6512/D6512,6),"")
75115	Dallas-Fort Worth-Arlington, TX	55997	21.052	=IF(D6513>0,ROUND(C6513/D6513,6),"")
75116	Dallas-Fort Worth-Arlington, TX	19780	5.102	=IF(D6514>0,ROUND(C6514/D6514,6),"")
75119	Dallas-Fort Worth-Arlington, TX	30809	264.183	=IF(D6515>0,ROUND(C6515/D6515,6),"")
75125	Dallas-Fort Worth-Arlington, TX	7154	75.25	=IF(D6516>0,ROUND(C6516/D6516,6),"")
75126	Dallas-Fort Worth-Arlington, TX	77116	81.56	=IF(D6517>0,ROUND(C6517/D6517,6),"")
75134	Dallas-Fort Worth-Arlington, TX	18305	10.599	=IF(D6518>0,ROUND(C6518/D6518,6),"")
75135	Dallas-Fort Worth-Arlington, TX	10265	65.83	=IF(D6519>0,ROUND(C6519/D6519,6),"")
75137	Dallas-Fort Worth-Arlington, TX	19998	6.006	=IF(D6520>0,ROUND(C6520/D6520,6),"")
75141	Dallas-Fort Worth-Arlington, TX	4686	11.689	=IF(D6521>0,ROUND(C6521/D6521,6),"")
75142	Dallas-Fort Worth-Arlington, TX	23301	181.248	=IF(D6522>0,ROUND(C6522/D6522,6),"")
75143	Dallas-Fort Worth-Arlington, TX	14676	181.941	=IF(D6523>0,ROUND(C6523/D6523,6),"")
75146	Dallas-Fort Worth-Arlington, TX	25804	34.707	=IF(D6524>0,ROUND(C6524/D6524,6),"")
75147	Dallas-Fort Worth-Arlington, TX	8403	86.226	=IF(D6525>0,ROUND(C6525/D6525,6),"")
75149	Dallas-Fort Worth-Arlington, TX	58849	16.018	=IF(D6526>0,ROUND(C6526/D6526,6),"")
75150	Dallas-Fort Worth-Arlington, TX	63023	12.565	=IF(D6527>0,ROUND(C6527/D6527,6),"")
75152	Dallas-Fort Worth-Arlington, TX	5563	41.074	=IF(D6528>0,ROUND(C6528/D6528,6),"")
75154	Dallas-Fort Worth-Arlington, TX	50178	47.821	=IF(D6529>0,ROUND(C6529/D6529,6),"")
75158	Dallas-Fort Worth-Arlington, TX	6168	86.249	=IF(D6530>0,ROUND(C6530/D6530,6),"")
75159	Dallas-Fort Worth-Arlington, TX	22993	59.412	=IF(D6531>0,ROUND(C6531/D6531,6),"")
75160	Dallas-Fort Worth-Arlington, TX	26145	118.224	=IF(D6532>0,ROUND(C6532/D6532,6),"")
75161	Dallas-Fort Worth-Arlington, TX	6910	112.637	=IF(D6533>0,ROUND(C6533/D6533,6),"")
75165	Dallas-Fort Worth-Arlington, TX	51203	117.954	=IF(D6534>0,ROUND(C6534/D6534,6),"")
75166	Dallas-Fort Worth-Arlington, TX	6679	12.931	=IF(D6535>0,ROUND(C6535/D6535,6),"")
75167	Dallas-Fort Worth-Arlington, TX	13231	95.8	=IF(D6536>0,ROUND(C6536/D6536,6),"")
75169	Dallas-Fort Worth-Arlington, TX	15744	214.563	=IF(D6537>0,ROUND(C6537/D6537,6),"")
75172	Dallas-Fort Worth-Arlington, TX	5873	11.294	=IF(D6538>0,ROUND(C6538/D6538,6),"")
75173	Dallas-Fort Worth-Arlington, TX	9284	32.709	=IF(D6539>0,ROUND(C6539/D6539,6),"")
75180	Dallas-Fort Worth-Arlington, TX	27006	7.774	=IF(D6540>0,ROUND(C6540/D6540,6),"")
75181	Dallas-Fort Worth-Arlington, TX	28018	17.352	=IF(D6541>0,ROUND(C6541/D6541,6),"")
75182	Dallas-Fort Worth-Arlington, TX	8069	17.787	=IF(D6542>0,ROUND(C6542/D6542,6),"")
75189	Dallas-Fort Worth-Arlington, TX	44348	109.872	=IF(D6543>0,ROUND(C6543/D6543,6),"")
75201	Dallas-Fort Worth-Arlington, TX	18078	1.376	=IF(D6544>0,ROUND(C6544/D6544,6),"")
75203	Dallas-Fort Worth-Arlington, TX	15710	4.789	=IF(D6545>0,ROUND(C6545/D6545,6),"")
75204	Dallas-Fort Worth-Arlington, TX	33552	2.559	=IF(D6546>0,ROUND(C6546/D6546,6),"")
75205	Dallas-Fort Worth-Arlington, TX	25537	4.37	=IF(D6547>0,ROUND(C6547/D6547,6),"")
75206	Dallas-Fort Worth-Arlington, TX	38795	4.235	=IF(D6548>0,ROUND(C6548/D6548,6),"")
75208	Dallas-Fort Worth-Arlington, TX	29310	6.119	=IF(D6549>0,ROUND(C6549/D6549,6),"")
75209	Dallas-Fort Worth-Arlington, TX	14359	3.5	=IF(D6550>0,ROUND(C6550/D6550,6),"")
75210	Dallas-Fort Worth-Arlington, TX	7458	2.285	=IF(D6551>0,ROUND(C6551/D6551,6),"")
75211	Dallas-Fort Worth-Arlington, TX	72389	17.188	=IF(D6552>0,ROUND(C6552/D6552,6),"")
75212	Dallas-Fort Worth-Arlington, TX	28010	9.971	=IF(D6553>0,ROUND(C6553/D6553,6),"")
75214	Dallas-Fort Worth-Arlington, TX	35006	7.307	=IF(D6554>0,ROUND(C6554/D6554,6),"")
75215	Dallas-Fort Worth-Arlington, TX	18840	7.654	=IF(D6555>0,ROUND(C6555/D6555,6),"")
75216	Dallas-Fort Worth-Arlington, TX	54556	14.837	=IF(D6556>0,ROUND(C6556/D6556,6),"")
75217	Dallas-Fort Worth-Arlington, TX	84578	27.758	=IF(D6557>0,ROUND(C6557/D6557,6),"")
75218	Dallas-Fort Worth-Arlington, TX	22028	6.899	=IF(D6558>0,ROUND(C6558/D6558,6),"")
75219	Dallas-Fort Worth-Arlington, TX	25001	2.292	=IF(D6559>0,ROUND(C6559/D6559,6),"")
75220	Dallas-Fort Worth-Arlington, TX	39809	11.314	=IF(D6560>0,ROUND(C6560/D6560,6),"")
75223	Dallas-Fort Worth-Arlington, TX	11875	3.1	=IF(D6561>0,ROUND(C6561/D6561,6),"")
75224	Dallas-Fort Worth-Arlington, TX	35452	5.741	=IF(D6562>0,ROUND(C6562/D6562,6),"")
75225	Dallas-Fort Worth-Arlington, TX	22383	4.669	=IF(D6563>0,ROUND(C6563/D6563,6),"")
75226	Dallas-Fort Worth-Arlington, TX	5010	1.077	=IF(D6564>0,ROUND(C6564/D6564,6),"")
75227	Dallas-Fort Worth-Arlington, TX	57087	11.567	=IF(D6565>0,ROUND(C6565/D6565,6),"")
75228	Dallas-Fort Worth-Arlington, TX	69288	11.438	=IF(D6566>0,ROUND(C6566/D6566,6),"")
75229	Dallas-Fort Worth-Arlington, TX	33924	12.446	=IF(D6567>0,ROUND(C6567/D6567,6),"")
75230	Dallas-Fort Worth-Arlington, TX	26695	7.135	=IF(D6568>0,ROUND(C6568/D6568,6),"")
75231	Dallas-Fort Worth-Arlington, TX	37695	5.513	=IF(D6569>0,ROUND(C6569/D6569,6),"")
75232	Dallas-Fort Worth-Arlington, TX	32967	8.825	=IF(D6570>0,ROUND(C6570/D6570,6),"")
75233	Dallas-Fort Worth-Arlington, TX	15775	3.57	=IF(D6571>0,ROUND(C6571/D6571,6),"")
75234	Dallas-Fort Worth-Arlington, TX	32998	10.248	=IF(D6572>0,ROUND(C6572/D6572,6),"")
75235	Dallas-Fort Worth-Arlington, TX	19067	6.656	=IF(D6573>0,ROUND(C6573/D6573,6),"")
75236	Dallas-Fort Worth-Arlington, TX	19522	13.347	=IF(D6574>0,ROUND(C6574/D6574,6),"")
75237	Dallas-Fort Worth-Arlington, TX	18744	6.665	=IF(D6575>0,ROUND(C6575/D6575,6),"")
75238	Dallas-Fort Worth-Arlington, TX	33439	6.582	=IF(D6576>0,ROUND(C6576/D6576,6),"")
75240	Dallas-Fort Worth-Arlington, TX	24718	3.779	=IF(D6577>0,ROUND(C6577/D6577,6),"")
75241	Dallas-Fort Worth-Arlington, TX	33598	25.275	=IF(D6578>0,ROUND(C6578/D6578,6),"")
75243	Dallas-Fort Worth-Arlington, TX	63907	9.21	=IF(D6579>0,ROUND(C6579/D6579,6),"")
75244	Dallas-Fort Worth-Arlington, TX	13105	4.62	=IF(D6580>0,ROUND(C6580/D6580,6),"")
75246	Dallas-Fort Worth-Arlington, TX	2487	0.466	=IF(D6581>0,ROUND(C6581/D6581,6),"")
75248	Dallas-Fort Worth-Arlington, TX	37644	7.424	=IF(D6582>0,ROUND(C6582/D6582,6),"")
75249	Dallas-Fort Worth-Arlington, TX	17043	5.494	=IF(D6583>0,ROUND(C6583/D6583,6),"")
75252	Dallas-Fort Worth-Arlington, TX	28500	5.131	=IF(D6584>0,ROUND(C6584/D6584,6),"")
75253	Dallas-Fort Worth-Arlington, TX	23822	14.963	=IF(D6585>0,ROUND(C6585/D6585,6),"")
75254	Dallas-Fort Worth-Arlington, TX	24737	3.245	=IF(D6586>0,ROUND(C6586/D6586,6),"")
75287	Dallas-Fort Worth-Arlington, TX	52727	5.537	=IF(D6587>0,ROUND(C6587/D6587,6),"")
75401	Dallas-Fort Worth-Arlington, TX	21904	108.082	=IF(D6588>0,ROUND(C6588/D6588,6),"")
75402	Dallas-Fort Worth-Arlington, TX	19848	90.818	=IF(D6589>0,ROUND(C6589/D6589,6),"")
75407	Dallas-Fort Worth-Arlington, TX	28931	49.941	=IF(D6590>0,ROUND(C6590/D6590,6),"")
75409	Dallas-Fort Worth-Arlington, TX	24381	78.281	=IF(D6591>0,ROUND(C6591/D6591,6),"")
75414	Sherman-Denison, TX	3417	49.542	=IF(D6592>0,ROUND(C6592/D6592,6),"")
75422	Dallas-Fort Worth-Arlington, TX	2913	67.833	=IF(D6593>0,ROUND(C6593/D6593,6),"")
75423	Dallas-Fort Worth-Arlington, TX	3088	80.883	=IF(D6594>0,ROUND(C6594/D6594,6),"")
75424	Dallas-Fort Worth-Arlington, TX	3908	63.578	=IF(D6595>0,ROUND(C6595/D6595,6),"")
75428	Dallas-Fort Worth-Arlington, TX	11587	92.876	=IF(D6596>0,ROUND(C6596/D6596,6),"")
75442	Dallas-Fort Worth-Arlington, TX	10567	107.598	=IF(D6597>0,ROUND(C6597/D6597,6),"")
75453	Dallas-Fort Worth-Arlington, TX	2832	78.358	=IF(D6598>0,ROUND(C6598/D6598,6),"")
75454	Dallas-Fort Worth-Arlington, TX	20137	21.458	=IF(D6599>0,ROUND(C6599/D6599,6),"")
75459	Sherman-Denison, TX	6620	81.782	=IF(D6600>0,ROUND(C6600/D6600,6),"")
75474	Dallas-Fort Worth-Arlington, TX	16813	105.299	=IF(D6601>0,ROUND(C6601/D6601,6),"")
75491	Sherman-Denison, TX	5428	98.646	=IF(D6602>0,ROUND(C6602/D6602,6),"")
75495	Sherman-Denison, TX	10451	67.717	=IF(D6603>0,ROUND(C6603/D6603,6),"")
75852	Huntsville, TX	3166	147.913	=IF(D6604>0,ROUND(C6604/D6604,6),"")
75862	Huntsville, TX	10030	241.663	=IF(D6605>0,ROUND(C6605/D6605,6),"")
76001	Dallas-Fort Worth-Arlington, TX	38177	10.679	=IF(D6606>0,ROUND(C6606/D6606,6),"")
76002	Dallas-Fort Worth-Arlington, TX	32990	7.131	=IF(D6607>0,ROUND(C6607/D6607,6),"")
76005	Dallas-Fort Worth-Arlington, TX	6165	3.346	=IF(D6608>0,ROUND(C6608/D6608,6),"")
76006	Dallas-Fort Worth-Arlington, TX	23594	7.641	=IF(D6609>0,ROUND(C6609/D6609,6),"")
76008	Dallas-Fort Worth-Arlington, TX	24699	81.463	=IF(D6610>0,ROUND(C6610/D6610,6),"")
76009	Dallas-Fort Worth-Arlington, TX	21130	98.351	=IF(D6611>0,ROUND(C6611/D6611,6),"")
76010	Dallas-Fort Worth-Arlington, TX	55610	8.81	=IF(D6612>0,ROUND(C6612/D6612,6),"")
76011	Dallas-Fort Worth-Arlington, TX	22297	8.132	=IF(D6613>0,ROUND(C6613/D6613,6),"")
76012	Dallas-Fort Worth-Arlington, TX	28043	8.203	=IF(D6614>0,ROUND(C6614/D6614,6),"")
76013	Dallas-Fort Worth-Arlington, TX	35910	8.976	=IF(D6615>0,ROUND(C6615/D6615,6),"")
76014	Dallas-Fort Worth-Arlington, TX	32987	5.736	=IF(D6616>0,ROUND(C6616/D6616,6),"")
76015	Dallas-Fort Worth-Arlington, TX	18540	4.266	=IF(D6617>0,ROUND(C6617/D6617,6),"")
76016	Dallas-Fort Worth-Arlington, TX	31191	8.847	=IF(D6618>0,ROUND(C6618/D6618,6),"")
76017	Dallas-Fort Worth-Arlington, TX	47020	10.207	=IF(D6619>0,ROUND(C6619/D6619,6),"")
76018	Dallas-Fort Worth-Arlington, TX	26887	7.853	=IF(D6620>0,ROUND(C6620/D6620,6),"")
76020	Dallas-Fort Worth-Arlington, TX	32866	64.915	=IF(D6621>0,ROUND(C6621/D6621,6),"")
76021	Dallas-Fort Worth-Arlington, TX	35437	7.256	=IF(D6622>0,ROUND(C6622/D6622,6),"")
76022	Dallas-Fort Worth-Arlington, TX	13790	2.697	=IF(D6623>0,ROUND(C6623/D6623,6),"")
76023	Dallas-Fort Worth-Arlington, TX	7192	53.755	=IF(D6624>0,ROUND(C6624/D6624,6),"")
76028	Dallas-Fort Worth-Arlington, TX	78699	77.461	=IF(D6625>0,ROUND(C6625/D6625,6),"")
76031	Dallas-Fort Worth-Arlington, TX	18697	72.531	=IF(D6626>0,ROUND(C6626/D6626,6),"")
76033	Dallas-Fort Worth-Arlington, TX	28246	176.137	=IF(D6627>0,ROUND(C6627/D6627,6),"")
76034	Dallas-Fort Worth-Arlington, TX	25995	13.07	=IF(D6628>0,ROUND(C6628/D6628,6),"")
76035	Granbury, TX	3247	54.399	=IF(D6629>0,ROUND(C6629/D6629,6),"")
76036	Dallas-Fort Worth-Arlington, TX	34145	44.06	=IF(D6630>0,ROUND(C6630/D6630,6),"")
76039	Dallas-Fort Worth-Arlington, TX	40664	6.403	=IF(D6631>0,ROUND(C6631/D6631,6),"")
76040	Dallas-Fort Worth-Arlington, TX	31172	7.842	=IF(D6632>0,ROUND(C6632/D6632,6),"")
76044	Dallas-Fort Worth-Arlington, TX	8759	108.278	=IF(D6633>0,ROUND(C6633/D6633,6),"")
76048	Granbury, TX	26301	101.662	=IF(D6634>0,ROUND(C6634/D6634,6),"")
76049	Granbury, TX	30911	107.134	=IF(D6635>0,ROUND(C6635/D6635,6),"")
76050	Dallas-Fort Worth-Arlington, TX	7178	139.023	=IF(D6636>0,ROUND(C6636/D6636,6),"")
76051	Dallas-Fort Worth-Arlington, TX	50514	22.294	=IF(D6637>0,ROUND(C6637/D6637,6),"")
76052	Dallas-Fort Worth-Arlington, TX	31569	41.464	=IF(D6638>0,ROUND(C6638/D6638,6),"")
76053	Dallas-Fort Worth-Arlington, TX	31377	8.147	=IF(D6639>0,ROUND(C6639/D6639,6),"")
76054	Dallas-Fort Worth-Arlington, TX	11840	3.805	=IF(D6640>0,ROUND(C6640/D6640,6),"")
76058	Dallas-Fort Worth-Arlington, TX	21531	51.934	=IF(D6641>0,ROUND(C6641/D6641,6),"")
76059	Dallas-Fort Worth-Arlington, TX	5333	2.504	=IF(D6642>0,ROUND(C6642/D6642,6),"")
76060	Dallas-Fort Worth-Arlington, TX	8808	7.474	=IF(D6643>0,ROUND(C6643/D6643,6),"")
76063	Dallas-Fort Worth-Arlington, TX	81758	50.057	=IF(D6644>0,ROUND(C6644/D6644,6),"")
76064	Dallas-Fort Worth-Arlington, TX	2803	21.699	=IF(D6645>0,ROUND(C6645/D6645,6),"")
76065	Dallas-Fort Worth-Arlington, TX	44614	100.881	=IF(D6646>0,ROUND(C6646/D6646,6),"")
76066	Dallas-Fort Worth-Arlington, TX	5615	88.019	=IF(D6647>0,ROUND(C6647/D6647,6),"")
76071	Dallas-Fort Worth-Arlington, TX	4723	8.864	=IF(D6648>0,ROUND(C6648/D6648,6),"")
76073	Dallas-Fort Worth-Arlington, TX	7267	84.006	=IF(D6649>0,ROUND(C6649/D6649,6),"")
76078	Dallas-Fort Worth-Arlington, TX	10200	64.138	=IF(D6650>0,ROUND(C6650/D6650,6),"")
76082	Dallas-Fort Worth-Arlington, TX	24338	102.774	=IF(D6651>0,ROUND(C6651/D6651,6),"")
76084	Dallas-Fort Worth-Arlington, TX	13645	51.826	=IF(D6652>0,ROUND(C6652/D6652,6),"")
76085	Dallas-Fort Worth-Arlington, TX	11083	65.343	=IF(D6653>0,ROUND(C6653/D6653,6),"")
76086	Dallas-Fort Worth-Arlington, TX	22900	13.838	=IF(D6654>0,ROUND(C6654/D6654,6),"")
76087	Dallas-Fort Worth-Arlington, TX	33353	185.535	=IF(D6655>0,ROUND(C6655/D6655,6),"")
76088	Dallas-Fort Worth-Arlington, TX	15748	161.539	=IF(D6656>0,ROUND(C6656/D6656,6),"")
76092	Dallas-Fort Worth-Arlington, TX	31344	22.656	=IF(D6657>0,ROUND(C6657/D6657,6),"")
76093	Dallas-Fort Worth-Arlington, TX	4193	34.202	=IF(D6658>0,ROUND(C6658/D6658,6),"")
76102	Dallas-Fort Worth-Arlington, TX	11783	4.509	=IF(D6659>0,ROUND(C6659/D6659,6),"")
76103	Dallas-Fort Worth-Arlington, TX	16769	6.108	=IF(D6660>0,ROUND(C6660/D6660,6),"")
76104	Dallas-Fort Worth-Arlington, TX	20694	5.87	=IF(D6661>0,ROUND(C6661/D6661,6),"")
76105	Dallas-Fort Worth-Arlington, TX	22550	5.893	=IF(D6662>0,ROUND(C6662/D6662,6),"")
76106	Dallas-Fort Worth-Arlington, TX	36374	14.477	=IF(D6663>0,ROUND(C6663/D6663,6),"")
76107	Dallas-Fort Worth-Arlington, TX	31112	10.715	=IF(D6664>0,ROUND(C6664/D6664,6),"")
76108	Dallas-Fort Worth-Arlington, TX	44762	43.094	=IF(D6665>0,ROUND(C6665/D6665,6),"")
76109	Dallas-Fort Worth-Arlington, TX	26000	8.165	=IF(D6666>0,ROUND(C6666/D6666,6),"")
76110	Dallas-Fort Worth-Arlington, TX	32089	5.732	=IF(D6667>0,ROUND(C6667/D6667,6),"")
76111	Dallas-Fort Worth-Arlington, TX	20823	7.414	=IF(D6668>0,ROUND(C6668/D6668,6),"")
76112	Dallas-Fort Worth-Arlington, TX	44379	11.33	=IF(D6669>0,ROUND(C6669/D6669,6),"")
76114	Dallas-Fort Worth-Arlington, TX	26665	9.686	=IF(D6670>0,ROUND(C6670/D6670,6),"")
76115	Dallas-Fort Worth-Arlington, TX	21044	4.645	=IF(D6671>0,ROUND(C6671/D6671,6),"")
76116	Dallas-Fort Worth-Arlington, TX	49685	12.284	=IF(D6672>0,ROUND(C6672/D6672,6),"")
76117	Dallas-Fort Worth-Arlington, TX	32086	10.883	=IF(D6673>0,ROUND(C6673/D6673,6),"")
76118	Dallas-Fort Worth-Arlington, TX	17486	9.754	=IF(D6674>0,ROUND(C6674/D6674,6),"")
76119	Dallas-Fort Worth-Arlington, TX	53062	15.934	=IF(D6675>0,ROUND(C6675/D6675,6),"")
76120	Dallas-Fort Worth-Arlington, TX	20031	7.483	=IF(D6676>0,ROUND(C6676/D6676,6),"")
76123	Dallas-Fort Worth-Arlington, TX	42777	10.577	=IF(D6677>0,ROUND(C6677/D6677,6),"")
76126	Dallas-Fort Worth-Arlington, TX	25920	68.675	=IF(D6678>0,ROUND(C6678/D6678,6),"")
76131	Dallas-Fort Worth-Arlington, TX	53194	15.539	=IF(D6679>0,ROUND(C6679/D6679,6),"")
76132	Dallas-Fort Worth-Arlington, TX	26432	7.416	=IF(D6680>0,ROUND(C6680/D6680,6),"")
76133	Dallas-Fort Worth-Arlington, TX	53825	9.323	=IF(D6681>0,ROUND(C6681/D6681,6),"")
76134	Dallas-Fort Worth-Arlington, TX	29207	8.603	=IF(D6682>0,ROUND(C6682/D6682,6),"")
76135	Dallas-Fort Worth-Arlington, TX	18903	25.638	=IF(D6683>0,ROUND(C6683/D6683,6),"")
76137	Dallas-Fort Worth-Arlington, TX	59384	13.59	=IF(D6684>0,ROUND(C6684/D6684,6),"")
76140	Dallas-Fort Worth-Arlington, TX	31693	27.306	=IF(D6685>0,ROUND(C6685/D6685,6),"")
76148	Dallas-Fort Worth-Arlington, TX	23608	4.708	=IF(D6686>0,ROUND(C6686/D6686,6),"")
76164	Dallas-Fort Worth-Arlington, TX	13134	3.948	=IF(D6687>0,ROUND(C6687/D6687,6),"")
76177	Dallas-Fort Worth-Arlington, TX	24141	20.602	=IF(D6688>0,ROUND(C6688/D6688,6),"")
76179	Dallas-Fort Worth-Arlington, TX	76468	51.863	=IF(D6689>0,ROUND(C6689/D6689,6),"")
76180	Dallas-Fort Worth-Arlington, TX	37900	9.301	=IF(D6690>0,ROUND(C6690/D6690,6),"")
76182	Dallas-Fort Worth-Arlington, TX	30771	8.659	=IF(D6691>0,ROUND(C6691/D6691,6),"")
76201	Dallas-Fort Worth-Arlington, TX	29832	5.461	=IF(D6692>0,ROUND(C6692/D6692,6),"")
76205	Dallas-Fort Worth-Arlington, TX	19651	8.311	=IF(D6693>0,ROUND(C6693/D6693,6),"")
76207	Dallas-Fort Worth-Arlington, TX	18252	40.334	=IF(D6694>0,ROUND(C6694/D6694,6),"")
76208	Dallas-Fort Worth-Arlington, TX	27186	27.374	=IF(D6695>0,ROUND(C6695/D6695,6),"")
76209	Dallas-Fort Worth-Arlington, TX	27859	6.654	=IF(D6696>0,ROUND(C6696/D6696,6),"")
76210	Dallas-Fort Worth-Arlington, TX	46790	16.116	=IF(D6697>0,ROUND(C6697/D6697,6),"")
76225	Dallas-Fort Worth-Arlington, TX	3311	105.418	=IF(D6698>0,ROUND(C6698/D6698,6),"")
76226	Dallas-Fort Worth-Arlington, TX	40516	49.789	=IF(D6699>0,ROUND(C6699/D6699,6),"")
76227	Dallas-Fort Worth-Arlington, TX	55437	78.626	=IF(D6700>0,ROUND(C6700/D6700,6),"")
76233	Sherman-Denison, TX	3604	60.273	=IF(D6701>0,ROUND(C6701/D6701,6),"")
76234	Dallas-Fort Worth-Arlington, TX	20912	314.048	=IF(D6702>0,ROUND(C6702/D6702,6),"")
76244	Dallas-Fort Worth-Arlington, TX	75149	14.908	=IF(D6703>0,ROUND(C6703/D6703,6),"")
76245	Sherman-Denison, TX	1778	24.237	=IF(D6704>0,ROUND(C6704/D6704,6),"")
76247	Dallas-Fort Worth-Arlington, TX	18360	74.393	=IF(D6705>0,ROUND(C6705/D6705,6),"")
76248	Dallas-Fort Worth-Arlington, TX	40389	15.836	=IF(D6706>0,ROUND(C6706/D6706,6),"")
76249	Dallas-Fort Worth-Arlington, TX	10069	71.099	=IF(D6707>0,ROUND(C6707/D6707,6),"")
76258	Dallas-Fort Worth-Arlington, TX	8042	90.258	=IF(D6708>0,ROUND(C6708/D6708,6),"")
76259	Dallas-Fort Worth-Arlington, TX	5628	51.178	=IF(D6709>0,ROUND(C6709/D6709,6),"")
76262	Dallas-Fort Worth-Arlington, TX	43589	42.339	=IF(D6710>0,ROUND(C6710/D6710,6),"")
76266	Dallas-Fort Worth-Arlington, TX	18246	122.072	=IF(D6711>0,ROUND(C6711/D6711,6),"")
76270	Dallas-Fort Worth-Arlington, TX	2252	95.659	=IF(D6712>0,ROUND(C6712/D6712,6),"")
76271	Sherman-Denison, TX	1864	43.287	=IF(D6713>0,ROUND(C6713/D6713,6),"")
76273	Sherman-Denison, TX	11019	206.932	=IF(D6714>0,ROUND(C6714/D6714,6),"")
76426	Dallas-Fort Worth-Arlington, TX	11065	130.962	=IF(D6715>0,ROUND(C6715/D6715,6),"")
76431	Dallas-Fort Worth-Arlington, TX	4480	120.504	=IF(D6716>0,ROUND(C6716/D6716,6),"")
76462	Granbury, TX	4920	172.994	=IF(D6717>0,ROUND(C6717/D6717,6),"")
76476	Granbury, TX	3638	109.339	=IF(D6718>0,ROUND(C6718/D6718,6),"")
76486	Dallas-Fort Worth-Arlington, TX	1375	93.081	=IF(D6719>0,ROUND(C6719/D6719,6),"")
76487	Dallas-Fort Worth-Arlington, TX	3799	88.691	=IF(D6720>0,ROUND(C6720/D6720,6),"")
76501	Killeen-Temple, TX	17223	118.238	=IF(D6721>0,ROUND(C6721/D6721,6),"")
76502	Killeen-Temple, TX	51175	58.269	=IF(D6722>0,ROUND(C6722/D6722,6),"")
76504	Killeen-Temple, TX	24856	30.836	=IF(D6723>0,ROUND(C6723/D6723,6),"")
76511	Killeen-Temple, TX	2473	82.799	=IF(D6724>0,ROUND(C6724/D6724,6),"")
76513	Killeen-Temple, TX	44855	108.297	=IF(D6725>0,ROUND(C6725/D6725,6),"")
76519	Killeen-Temple, TX	672	64.95	=IF(D6726>0,ROUND(C6726/D6726,6),"")
76522	Killeen-Temple, TX	41895	114.991	=IF(D6727>0,ROUND(C6727/D6727,6),"")
76525	Killeen-Temple, TX	1210	158.806	=IF(D6728>0,ROUND(C6728/D6728,6),"")
76527	Austin-Round Rock-Georgetown, TX	4686	119.53	=IF(D6729>0,ROUND(C6729/D6729,6),"")
76528	Killeen-Temple, TX	18490	486.341	=IF(D6730>0,ROUND(C6730/D6730,6),"")
76530	Austin-Round Rock-Georgetown, TX	2704	92.314	=IF(D6731>0,ROUND(C6731/D6731,6),"")
76534	Killeen-Temple, TX	2812	87.551	=IF(D6732>0,ROUND(C6732/D6732,6),"")
76537	Austin-Round Rock-Georgetown, TX	12526	53.657	=IF(D6733>0,ROUND(C6733/D6733,6),"")
76538	Killeen-Temple, TX	996	151.723	=IF(D6734>0,ROUND(C6734/D6734,6),"")
76539	Killeen-Temple, TX	8642	121.082	=IF(D6735>0,ROUND(C6735/D6735,6),"")
76541	Killeen-Temple, TX	18571	4.89	=IF(D6736>0,ROUND(C6736/D6736,6),"")
76542	Killeen-Temple, TX	53631	63.018	=IF(D6737>0,ROUND(C6737/D6737,6),"")
76543	Killeen-Temple, TX	33713	35.568	=IF(D6738>0,ROUND(C6738/D6738,6),"")
76548	Killeen-Temple, TX	33071	16.1	=IF(D6739>0,ROUND(C6739/D6739,6),"")
76549	Killeen-Temple, TX	56083	94.1	=IF(D6740>0,ROUND(C6740/D6740,6),"")
76550	Killeen-Temple, TX	13699	541.531	=IF(D6741>0,ROUND(C6741/D6741,6),"")
76554	Killeen-Temple, TX	2199	8.004	=IF(D6742>0,ROUND(C6742/D6742,6),"")
76557	Killeen-Temple, TX	5341	123.499	=IF(D6743>0,ROUND(C6743/D6743,6),"")
76559	Killeen-Temple, TX	6896	5.633	=IF(D6744>0,ROUND(C6744/D6744,6),"")
76561	Killeen-Temple, TX	1070	59.438	=IF(D6745>0,ROUND(C6745/D6745,6),"")
76566	Killeen-Temple, TX	387	73.217	=IF(D6746>0,ROUND(C6746/D6746,6),"")
76569	Killeen-Temple, TX	2946	95.695	=IF(D6747>0,ROUND(C6747/D6747,6),"")
76571	Killeen-Temple, TX	9454	124.973	=IF(D6748>0,ROUND(C6748/D6748,6),"")
76574	Austin-Round Rock-Georgetown, TX	19746	148.958	=IF(D6749>0,ROUND(C6749/D6749,6),"")
76578	Austin-Round Rock-Georgetown, TX	1561	65.228	=IF(D6750>0,ROUND(C6750/D6750,6),"")
76579	Killeen-Temple, TX	5729	59.511	=IF(D6751>0,ROUND(C6751/D6751,6),"")
76629	College Station-Bryan, TX	1812	144.062	=IF(D6752>0,ROUND(C6752/D6752,6),"")
76651	Dallas-Fort Worth-Arlington, TX	4071	94.896	=IF(D6753>0,ROUND(C6753/D6753,6),"")
76670	Dallas-Fort Worth-Arlington, TX	1921	67.423	=IF(D6754>0,ROUND(C6754/D6754,6),"")
76687	College Station-Bryan, TX	1875	131.578	=IF(D6755>0,ROUND(C6755/D6755,6),"")
76853	Killeen-Temple, TX	1653	282.441	=IF(D6756>0,ROUND(C6756/D6756,6),"")
77002	Houston-The Woodlands-Sugar Land, TX	19616	1.97	=IF(D6757>0,ROUND(C6757/D6757,6),"")
77003	Houston-The Woodlands-Sugar Land, TX	9721	2.734	=IF(D6758>0,ROUND(C6758/D6758,6),"")
77004	Houston-The Woodlands-Sugar Land, TX	35866	5.241	=IF(D6759>0,ROUND(C6759/D6759,6),"")
77005	Houston-The Woodlands-Sugar Land, TX	28231	3.828	=IF(D6760>0,ROUND(C6760/D6760,6),"")
77006	Houston-The Woodlands-Sugar Land, TX	23927	2.29	=IF(D6761>0,ROUND(C6761/D6761,6),"")
77007	Houston-The Woodlands-Sugar Land, TX	45337	7.507	=IF(D6762>0,ROUND(C6762/D6762,6),"")
77008	Houston-The Woodlands-Sugar Land, TX	40155	6.481	=IF(D6763>0,ROUND(C6763/D6763,6),"")
77009	Houston-The Woodlands-Sugar Land, TX	36107	6.195	=IF(D6764>0,ROUND(C6764/D6764,6),"")
77011	Houston-The Woodlands-Sugar Land, TX	15681	3.41	=IF(D6765>0,ROUND(C6765/D6765,6),"")
77012	Houston-The Woodlands-Sugar Land, TX	16780	3.932	=IF(D6766>0,ROUND(C6766/D6766,6),"")
77013	Houston-The Woodlands-Sugar Land, TX	17680	9.485	=IF(D6767>0,ROUND(C6767/D6767,6),"")
77014	Houston-The Woodlands-Sugar Land, TX	36314	7.175	=IF(D6768>0,ROUND(C6768/D6768,6),"")
77015	Houston-The Woodlands-Sugar Land, TX	58822	20.651	=IF(D6769>0,ROUND(C6769/D6769,6),"")
77016	Houston-The Woodlands-Sugar Land, TX	29480	9.909	=IF(D6770>0,ROUND(C6770/D6770,6),"")
77017	Houston-The Woodlands-Sugar Land, TX	30797	9.572	=IF(D6771>0,ROUND(C6771/D6771,6),"")
77018	Houston-The Woodlands-Sugar Land, TX	29595	6.767	=IF(D6772>0,ROUND(C6772/D6772,6),"")
77019	Houston-The Woodlands-Sugar Land, TX	23662	3.705	=IF(D6773>0,ROUND(C6773/D6773,6),"")
77020	Houston-The Woodlands-Sugar Land, TX	25583	7.809	=IF(D6774>0,ROUND(C6774/D6774,6),"")
77021	Houston-The Woodlands-Sugar Land, TX	24884	6.077	=IF(D6775>0,ROUND(C6775/D6775,6),"")
77022	Houston-The Woodlands-Sugar Land, TX	26135	5.841	=IF(D6776>0,ROUND(C6776/D6776,6),"")
77023	Houston-The Woodlands-Sugar Land, TX	24962	5.467	=IF(D6777>0,ROUND(C6777/D6777,6),"")
77024	Houston-The Woodlands-Sugar Land, TX	37647	12.971	=IF(D6778>0,ROUND(C6778/D6778,6),"")
77025	Houston-The Woodlands-Sugar Land, TX	29177	4.462	=IF(D6779>0,ROUND(C6779/D6779,6),"")
77026	Houston-The Woodlands-Sugar Land, TX	20536	6.561	=IF(D6780>0,ROUND(C6780/D6780,6),"")
77027	Houston-The Woodlands-Sugar Land, TX	19269	2.664	=IF(D6781>0,ROUND(C6781/D6781,6),"")
77028	Houston-The Woodlands-Sugar Land, TX	18379	9.11	=IF(D6782>0,ROUND(C6782/D6782,6),"")
77029	Houston-The Woodlands-Sugar Land, TX	15931	10.616	=IF(D6783>0,ROUND(C6783/D6783,6),"")
77030	Houston-The Woodlands-Sugar Land, TX	12976	2.581	=IF(D6784>0,ROUND(C6784/D6784,6),"")
77031	Houston-The Woodlands-Sugar Land, TX	15740	3.157	=IF(D6785>0,ROUND(C6785/D6785,6),"")
77032	Houston-The Woodlands-Sugar Land, TX	13536	23.097	=IF(D6786>0,ROUND(C6786/D6786,6),"")
77033	Houston-The Woodlands-Sugar Land, TX	28079	5.709	=IF(D6787>0,ROUND(C6787/D6787,6),"")
77034	Houston-The Woodlands-Sugar Land, TX	37185	14.192	=IF(D6788>0,ROUND(C6788/D6788,6),"")
77035	Houston-The Woodlands-Sugar Land, TX	34849	5.641	=IF(D6789>0,ROUND(C6789/D6789,6),"")
77036	Houston-The Woodlands-Sugar Land, TX	71036	7.275	=IF(D6790>0,ROUND(C6790/D6790,6),"")
77037	Houston-The Woodlands-Sugar Land, TX	17806	6.156	=IF(D6791>0,ROUND(C6791/D6791,6),"")
77038	Houston-The Woodlands-Sugar Land, TX	31271	9.701	=IF(D6792>0,ROUND(C6792/D6792,6),"")
77039	Houston-The Woodlands-Sugar Land, TX	28335	10.094	=IF(D6793>0,ROUND(C6793/D6793,6),"")
77040	Houston-The Woodlands-Sugar Land, TX	50446	13.844	=IF(D6794>0,ROUND(C6794/D6794,6),"")
77041	Houston-The Woodlands-Sugar Land, TX	33180	18.877	=IF(D6795>0,ROUND(C6795/D6795,6),"")
77042	Houston-The Woodlands-Sugar Land, TX	40725	6.167	=IF(D6796>0,ROUND(C6796/D6796,6),"")
77043	Houston-The Woodlands-Sugar Land, TX	26343	14.163	=IF(D6797>0,ROUND(C6797/D6797,6),"")
77044	Houston-The Woodlands-Sugar Land, TX	55746	39.096	=IF(D6798>0,ROUND(C6798/D6798,6),"")
77045	Houston-The Woodlands-Sugar Land, TX	32482	11.151	=IF(D6799>0,ROUND(C6799/D6799,6),"")
77047	Houston-The Woodlands-Sugar Land, TX	35248	13.811	=IF(D6800>0,ROUND(C6800/D6800,6),"")
77048	Houston-The Woodlands-Sugar Land, TX	20430	11.526	=IF(D6801>0,ROUND(C6801/D6801,6),"")
77049	Houston-The Woodlands-Sugar Land, TX	40373	24.202	=IF(D6802>0,ROUND(C6802/D6802,6),"")
77050	Houston-The Woodlands-Sugar Land, TX	5854	6.869	=IF(D6803>0,ROUND(C6803/D6803,6),"")
77051	Houston-The Woodlands-Sugar Land, TX	18506	7.382	=IF(D6804>0,ROUND(C6804/D6804,6),"")
77053	Houston-The Woodlands-Sugar Land, TX	30256	11.379	=IF(D6805>0,ROUND(C6805/D6805,6),"")
77054	Houston-The Woodlands-Sugar Land, TX	26696	5.347	=IF(D6806>0,ROUND(C6806/D6806,6),"")
77055	Houston-The Woodlands-Sugar Land, TX	44088	8.386	=IF(D6807>0,ROUND(C6807/D6807,6),"")
77056	Houston-The Woodlands-Sugar Land, TX	23314	3.457	=IF(D6808>0,ROUND(C6808/D6808,6),"")
77057	Houston-The Woodlands-Sugar Land, TX	45394	4.284	=IF(D6809>0,ROUND(C6809/D6809,6),"")
77058	Houston-The Woodlands-Sugar Land, TX	18572	8.343	=IF(D6810>0,ROUND(C6810/D6810,6),"")
77059	Houston-The Woodlands-Sugar Land, TX	18386	9.234	=IF(D6811>0,ROUND(C6811/D6811,6),"")
77060	Houston-The Woodlands-Sugar Land, TX	44920	8.149	=IF(D6812>0,ROUND(C6812/D6812,6),"")
77061	Houston-The Woodlands-Sugar Land, TX	24238	7.462	=IF(D6813>0,ROUND(C6813/D6813,6),"")
77062	Houston-The Woodlands-Sugar Land, TX	24892	5.813	=IF(D6814>0,ROUND(C6814/D6814,6),"")
77063	Houston-The Woodlands-Sugar Land, TX	39994	4.472	=IF(D6815>0,ROUND(C6815/D6815,6),"")
77064	Houston-The Woodlands-Sugar Land, TX	48924	14.707	=IF(D6816>0,ROUND(C6816/D6816,6),"")
77065	Houston-The Woodlands-Sugar Land, TX	38393	8.217	=IF(D6817>0,ROUND(C6817/D6817,6),"")
77066	Houston-The Woodlands-Sugar Land, TX	38315	8.636	=IF(D6818>0,ROUND(C6818/D6818,6),"")
77067	Houston-The Woodlands-Sugar Land, TX	31800	5.68	=IF(D6819>0,ROUND(C6819/D6819,6),"")
77068	Houston-The Woodlands-Sugar Land, TX	12289	3.794	=IF(D6820>0,ROUND(C6820/D6820,6),"")
77069	Houston-The Woodlands-Sugar Land, TX	20935	4.699	=IF(D6821>0,ROUND(C6821/D6821,6),"")
77070	Houston-The Woodlands-Sugar Land, TX	57645	13.047	=IF(D6822>0,ROUND(C6822/D6822,6),"")
77071	Houston-The Woodlands-Sugar Land, TX	26794	4.495	=IF(D6823>0,ROUND(C6823/D6823,6),"")
77072	Houston-The Woodlands-Sugar Land, TX	58681	7.418	=IF(D6824>0,ROUND(C6824/D6824,6),"")
77073	Houston-The Woodlands-Sugar Land, TX	43684	14.56	=IF(D6825>0,ROUND(C6825/D6825,6),"")
77074	Houston-The Woodlands-Sugar Land, TX	37467	5.5	=IF(D6826>0,ROUND(C6826/D6826,6),"")
77075	Houston-The Woodlands-Sugar Land, TX	41012	11.213	=IF(D6827>0,ROUND(C6827/D6827,6),"")
77076	Houston-The Woodlands-Sugar Land, TX	32641	4.748	=IF(D6828>0,ROUND(C6828/D6828,6),"")
77077	Houston-The Woodlands-Sugar Land, TX	63421	16.541	=IF(D6829>0,ROUND(C6829/D6829,6),"")
77078	Houston-The Woodlands-Sugar Land, TX	14705	10.288	=IF(D6830>0,ROUND(C6830/D6830,6),"")
77079	Houston-The Woodlands-Sugar Land, TX	35540	7.735	=IF(D6831>0,ROUND(C6831/D6831,6),"")
77080	Houston-The Woodlands-Sugar Land, TX	49064	6.412	=IF(D6832>0,ROUND(C6832/D6832,6),"")
77081	Houston-The Woodlands-Sugar Land, TX	51366	3.251	=IF(D6833>0,ROUND(C6833/D6833,6),"")
77082	Houston-The Woodlands-Sugar Land, TX	57269	12.586	=IF(D6834>0,ROUND(C6834/D6834,6),"")
77083	Houston-The Woodlands-Sugar Land, TX	74843	10.365	=IF(D6835>0,ROUND(C6835/D6835,6),"")
77084	Houston-The Woodlands-Sugar Land, TX	109115	31.735	=IF(D6836>0,ROUND(C6836/D6836,6),"")
77085	Houston-The Woodlands-Sugar Land, TX	16947	5.482	=IF(D6837>0,ROUND(C6837/D6837,6),"")
77086	Houston-The Woodlands-Sugar Land, TX	28623	6.833	=IF(D6838>0,ROUND(C6838/D6838,6),"")
77087	Houston-The Woodlands-Sugar Land, TX	35192	6.556	=IF(D6839>0,ROUND(C6839/D6839,6),"")
77088	Houston-The Woodlands-Sugar Land, TX	54115	11.099	=IF(D6840>0,ROUND(C6840/D6840,6),"")
77089	Houston-The Woodlands-Sugar Land, TX	56607	13.03	=IF(D6841>0,ROUND(C6841/D6841,6),"")
77090	Houston-The Woodlands-Sugar Land, TX	41843	8.56	=IF(D6842>0,ROUND(C6842/D6842,6),"")
77091	Houston-The Woodlands-Sugar Land, TX	29135	7.121	=IF(D6843>0,ROUND(C6843/D6843,6),"")
77092	Houston-The Woodlands-Sugar Land, TX	36185	8.1	=IF(D6844>0,ROUND(C6844/D6844,6),"")
77093	Houston-The Woodlands-Sugar Land, TX	46091	12.01	=IF(D6845>0,ROUND(C6845/D6845,6),"")
77094	Houston-The Woodlands-Sugar Land, TX	10718	3.43	=IF(D6846>0,ROUND(C6846/D6846,6),"")
77095	Houston-The Woodlands-Sugar Land, TX	69912	14.741	=IF(D6847>0,ROUND(C6847/D6847,6),"")
77096	Houston-The Woodlands-Sugar Land, TX	33991	6.023	=IF(D6848>0,ROUND(C6848/D6848,6),"")
77098	Houston-The Woodlands-Sugar Land, TX	16318	1.763	=IF(D6849>0,ROUND(C6849/D6849,6),"")
77099	Houston-The Woodlands-Sugar Land, TX	49271	6.129	=IF(D6850>0,ROUND(C6850/D6850,6),"")
77301	Houston-The Woodlands-Sugar Land, TX	36835	20.206	=IF(D6851>0,ROUND(C6851/D6851,6),"")
77302	Houston-The Woodlands-Sugar Land, TX	19787	52.894	=IF(D6852>0,ROUND(C6852/D6852,6),"")
77303	Houston-The Woodlands-Sugar Land, TX	26324	60.922	=IF(D6853>0,ROUND(C6853/D6853,6),"")
77304	Houston-The Woodlands-Sugar Land, TX	42277	40.106	=IF(D6854>0,ROUND(C6854/D6854,6),"")
77306	Houston-The Woodlands-Sugar Land, TX	17695	41.084	=IF(D6855>0,ROUND(C6855/D6855,6),"")
77316	Houston-The Woodlands-Sugar Land, TX	31917	128.939	=IF(D6856>0,ROUND(C6856/D6856,6),"")
77318	Houston-The Woodlands-Sugar Land, TX	19820	37.042	=IF(D6857>0,ROUND(C6857/D6857,6),"")
77320	Huntsville, TX	37458	343.61	=IF(D6858>0,ROUND(C6858/D6858,6),"")
77327	Houston-The Woodlands-Sugar Land, TX	37574	339.182	=IF(D6859>0,ROUND(C6859/D6859,6),"")
77328	Houston-The Woodlands-Sugar Land, TX	17816	180.684	=IF(D6860>0,ROUND(C6860/D6860,6),"")
77336	Houston-The Woodlands-Sugar Land, TX	12510	35.663	=IF(D6861>0,ROUND(C6861/D6861,6),"")
77338	Houston-The Woodlands-Sugar Land, TX	47335	26.045	=IF(D6862>0,ROUND(C6862/D6862,6),"")
77339	Houston-The Woodlands-Sugar Land, TX	43364	16.06	=IF(D6863>0,ROUND(C6863/D6863,6),"")
77340	Huntsville, TX	35439	213.114	=IF(D6864>0,ROUND(C6864/D6864,6),"")
77345	Houston-The Woodlands-Sugar Land, TX	27574	8.383	=IF(D6865>0,ROUND(C6865/D6865,6),"")
77346	Houston-The Woodlands-Sugar Land, TX	75577	17.931	=IF(D6866>0,ROUND(C6866/D6866,6),"")
77354	Houston-The Woodlands-Sugar Land, TX	40501	74.253	=IF(D6867>0,ROUND(C6867/D6867,6),"")
77355	Houston-The Woodlands-Sugar Land, TX	31727	55.569	=IF(D6868>0,ROUND(C6868/D6868,6),"")
77356	Houston-The Woodlands-Sugar Land, TX	31069	127.146	=IF(D6869>0,ROUND(C6869/D6869,6),"")
77357	Houston-The Woodlands-Sugar Land, TX	34770	67.109	=IF(D6870>0,ROUND(C6870/D6870,6),"")
77358	Huntsville, TX	5565	111.007	=IF(D6871>0,ROUND(C6871/D6871,6),"")
77362	Houston-The Woodlands-Sugar Land, TX	7474	10.717	=IF(D6872>0,ROUND(C6872/D6872,6),"")
77365	Houston-The Woodlands-Sugar Land, TX	43025	41.296	=IF(D6873>0,ROUND(C6873/D6873,6),"")
77372	Houston-The Woodlands-Sugar Land, TX	14088	51.529	=IF(D6874>0,ROUND(C6874/D6874,6),"")
77373	Houston-The Woodlands-Sugar Land, TX	68273	23.761	=IF(D6875>0,ROUND(C6875/D6875,6),"")
77375	Houston-The Woodlands-Sugar Land, TX	71198	35.25	=IF(D6876>0,ROUND(C6876/D6876,6),"")
77377	Houston-The Woodlands-Sugar Land, TX	39154	35.242	=IF(D6877>0,ROUND(C6877/D6877,6),"")
77378	Houston-The Woodlands-Sugar Land, TX	17576	89.107	=IF(D6878>0,ROUND(C6878/D6878,6),"")
77379	Houston-The Woodlands-Sugar Land, TX	83163	25.827	=IF(D6879>0,ROUND(C6879/D6879,6),"")
77380	Houston-The Woodlands-Sugar Land, TX	31151	12.429	=IF(D6880>0,ROUND(C6880/D6880,6),"")
77381	Houston-The Woodlands-Sugar Land, TX	35184	12.674	=IF(D6881>0,ROUND(C6881/D6881,6),"")
77382	Houston-The Woodlands-Sugar Land, TX	40170	12.003	=IF(D6882>0,ROUND(C6882/D6882,6),"")
77384	Houston-The Woodlands-Sugar Land, TX	24148	18.443	=IF(D6883>0,ROUND(C6883/D6883,6),"")
77385	Houston-The Woodlands-Sugar Land, TX	26889	21.704	=IF(D6884>0,ROUND(C6884/D6884,6),"")
77386	Houston-The Woodlands-Sugar Land, TX	69549	40.763	=IF(D6885>0,ROUND(C6885/D6885,6),"")
77388	Houston-The Woodlands-Sugar Land, TX	52910	13.391	=IF(D6886>0,ROUND(C6886/D6886,6),"")
77389	Houston-The Woodlands-Sugar Land, TX	44545	21.268	=IF(D6887>0,ROUND(C6887/D6887,6),"")
77396	Houston-The Woodlands-Sugar Land, TX	58893	24.879	=IF(D6888>0,ROUND(C6888/D6888,6),"")
77401	Houston-The Woodlands-Sugar Land, TX	17125	3.641	=IF(D6889>0,ROUND(C6889/D6889,6),"")
77406	Houston-The Woodlands-Sugar Land, TX	65716	57.573	=IF(D6890>0,ROUND(C6890/D6890,6),"")
77407	Houston-The Woodlands-Sugar Land, TX	81459	20.072	=IF(D6891>0,ROUND(C6891/D6891,6),"")
77414	Bay City, TX	23879	555.179	=IF(D6892>0,ROUND(C6892/D6892,6),"")
77417	Houston-The Woodlands-Sugar Land, TX	3232	54.572	=IF(D6893>0,ROUND(C6893/D6893,6),"")
77418	Houston-The Woodlands-Sugar Land, TX	10467	185.708	=IF(D6894>0,ROUND(C6894/D6894,6),"")
77419	Bay City, TX	778	53.037	=IF(D6895>0,ROUND(C6895/D6895,6),"")
77420	El Campo, TX	2461	88.429	=IF(D6896>0,ROUND(C6896/D6896,6),"")
77422	Houston-The Woodlands-Sugar Land, TX	14548	171.157	=IF(D6897>0,ROUND(C6897/D6897,6),"")
77423	Houston-The Woodlands-Sugar Land, TX	16689	148.611	=IF(D6898>0,ROUND(C6898/D6898,6),"")
77429	Houston-The Woodlands-Sugar Land, TX	95938	37.799	=IF(D6899>0,ROUND(C6899/D6899,6),"")
77430	Houston-The Woodlands-Sugar Land, TX	1916	116.527	=IF(D6900>0,ROUND(C6900/D6900,6),"")
77433	Houston-The Woodlands-Sugar Land, TX	112211	59.119	=IF(D6901>0,ROUND(C6901/D6901,6),"")
77434	El Campo, TX	4037	145.535	=IF(D6902>0,ROUND(C6902/D6902,6),"")
77435	El Campo, TX	4376	178.24	=IF(D6903>0,ROUND(C6903/D6903,6),"")
77437	El Campo, TX	18886	353.001	=IF(D6904>0,ROUND(C6904/D6904,6),"")
77441	Houston-The Woodlands-Sugar Land, TX	32905	25.575	=IF(D6905>0,ROUND(C6905/D6905,6),"")
77444	Houston-The Woodlands-Sugar Land, TX	793	39.233	=IF(D6906>0,ROUND(C6906/D6906,6),"")
77445	Houston-The Woodlands-Sugar Land, TX	14943	185.779	=IF(D6907>0,ROUND(C6907/D6907,6),"")
77447	Houston-The Woodlands-Sugar Land, TX	22766	103.447	=IF(D6908>0,ROUND(C6908/D6908,6),"")
77448	El Campo, TX	88	6.76	=IF(D6909>0,ROUND(C6909/D6909,6),"")
77449	Houston-The Woodlands-Sugar Land, TX	123042	27.04	=IF(D6910>0,ROUND(C6910/D6910,6),"")
77450	Houston-The Woodlands-Sugar Land, TX	73226	19.676	=IF(D6911>0,ROUND(C6911/D6911,6),"")
77451	Houston-The Woodlands-Sugar Land, TX	510	6.906	=IF(D6912>0,ROUND(C6912/D6912,6),"")
77453	El Campo, TX	93	3.506	=IF(D6913>0,ROUND(C6913/D6913,6),"")
77455	El Campo, TX	1593	208.933	=IF(D6914>0,ROUND(C6914/D6914,6),"")
77456	Bay City, TX	1447	39.566	=IF(D6915>0,ROUND(C6915/D6915,6),"")
77457	Bay City, TX	460	23.515	=IF(D6916>0,ROUND(C6916/D6916,6),"")
77459	Houston-The Woodlands-Sugar Land, TX	81251	31.237	=IF(D6917>0,ROUND(C6917/D6917,6),"")
77461	Houston-The Woodlands-Sugar Land, TX	12397	150.815	=IF(D6918>0,ROUND(C6918/D6918,6),"")
77464	Houston-The Woodlands-Sugar Land, TX	457	15.332	=IF(D6919>0,ROUND(C6919/D6919,6),"")
77465	Bay City, TX	7267	232.37	=IF(D6920>0,ROUND(C6920/D6920,6),"")
77469	Houston-The Woodlands-Sugar Land, TX	65159	106.749	=IF(D6921>0,ROUND(C6921/D6921,6),"")
77471	Houston-The Woodlands-Sugar Land, TX	45078	98.237	=IF(D6922>0,ROUND(C6922/D6922,6),"")
77474	Houston-The Woodlands-Sugar Land, TX	14846	206.769	=IF(D6923>0,ROUND(C6923/D6923,6),"")
77476	Houston-The Woodlands-Sugar Land, TX	341	10.334	=IF(D6924>0,ROUND(C6924/D6924,6),"")
77477	Houston-The Woodlands-Sugar Land, TX	32722	10.206	=IF(D6925>0,ROUND(C6925/D6925,6),"")
77478	Houston-The Woodlands-Sugar Land, TX	22699	10.021	=IF(D6926>0,ROUND(C6926/D6926,6),"")
77479	Houston-The Woodlands-Sugar Land, TX	92355	32.676	=IF(D6927>0,ROUND(C6927/D6927,6),"")
77480	Houston-The Woodlands-Sugar Land, TX	8252	124.791	=IF(D6928>0,ROUND(C6928/D6928,6),"")
77482	Bay City, TX	2047	44.107	=IF(D6929>0,ROUND(C6929/D6929,6),"")
77483	Bay City, TX	337	33.943	=IF(D6930>0,ROUND(C6930/D6930,6),"")
77484	Houston-The Woodlands-Sugar Land, TX	13772	151.067	=IF(D6931>0,ROUND(C6931/D6931,6),"")
77485	Houston-The Woodlands-Sugar Land, TX	3865	77.168	=IF(D6932>0,ROUND(C6932/D6932,6),"")
77486	Houston-The Woodlands-Sugar Land, TX	7330	48.221	=IF(D6933>0,ROUND(C6933/D6933,6),"")
77488	El Campo, TX	14129	224.983	=IF(D6934>0,ROUND(C6934/D6934,6),"")
77489	Houston-The Woodlands-Sugar Land, TX	39054	11.299	=IF(D6935>0,ROUND(C6935/D6935,6),"")
77493	Houston-The Woodlands-Sugar Land, TX	62264	61.787	=IF(D6936>0,ROUND(C6936/D6936,6),"")
77494	Houston-The Woodlands-Sugar Land, TX	137213	37.923	=IF(D6937>0,ROUND(C6937/D6937,6),"")
77498	Houston-The Woodlands-Sugar Land, TX	53092	16.106	=IF(D6938>0,ROUND(C6938/D6938,6),"")
77502	Houston-The Woodlands-Sugar Land, TX	36126	5.465	=IF(D6939>0,ROUND(C6939/D6939,6),"")
77503	Houston-The Woodlands-Sugar Land, TX	23899	6.341	=IF(D6940>0,ROUND(C6940/D6940,6),"")
77504	Houston-The Woodlands-Sugar Land, TX	25758	5.589	=IF(D6941>0,ROUND(C6941/D6941,6),"")
77505	Houston-The Woodlands-Sugar Land, TX	23686	8.388	=IF(D6942>0,ROUND(C6942/D6942,6),"")
77506	Houston-The Woodlands-Sugar Land, TX	35243	11.313	=IF(D6943>0,ROUND(C6943/D6943,6),"")
77510	Houston-The Woodlands-Sugar Land, TX	13938	30.43	=IF(D6944>0,ROUND(C6944/D6944,6),"")
77511	Houston-The Woodlands-Sugar Land, TX	51984	150.057	=IF(D6945>0,ROUND(C6945/D6945,6),"")
77514	Houston-The Woodlands-Sugar Land, TX	5213	181.062	=IF(D6946>0,ROUND(C6946/D6946,6),"")
77515	Houston-The Woodlands-Sugar Land, TX	33092	204.515	=IF(D6947>0,ROUND(C6947/D6947,6),"")
77517	Houston-The Woodlands-Sugar Land, TX	5665	26.2	=IF(D6948>0,ROUND(C6948/D6948,6),"")
77518	Houston-The Woodlands-Sugar Land, TX	9935	3.241	=IF(D6949>0,ROUND(C6949/D6949,6),"")
77520	Houston-The Woodlands-Sugar Land, TX	35724	21.049	=IF(D6950>0,ROUND(C6950/D6950,6),"")
77521	Houston-The Woodlands-Sugar Land, TX	65920	49.271	=IF(D6951>0,ROUND(C6951/D6951,6),"")
77523	Houston-The Woodlands-Sugar Land, TX	28411	85.331	=IF(D6952>0,ROUND(C6952/D6952,6),"")
77530	Houston-The Woodlands-Sugar Land, TX	32065	13.807	=IF(D6953>0,ROUND(C6953/D6953,6),"")
77531	Houston-The Woodlands-Sugar Land, TX	16260	11.757	=IF(D6954>0,ROUND(C6954/D6954,6),"")
77532	Houston-The Woodlands-Sugar Land, TX	31778	82.534	=IF(D6955>0,ROUND(C6955/D6955,6),"")
77534	Houston-The Woodlands-Sugar Land, TX	3406	41.866	=IF(D6956>0,ROUND(C6956/D6956,6),"")
77535	Houston-The Woodlands-Sugar Land, TX	38037	308.816	=IF(D6957>0,ROUND(C6957/D6957,6),"")
77536	Houston-The Woodlands-Sugar Land, TX	32421	9.822	=IF(D6958>0,ROUND(C6958/D6958,6),"")
77539	Houston-The Woodlands-Sugar Land, TX	47164	48.414	=IF(D6959>0,ROUND(C6959/D6959,6),"")
77541	Houston-The Woodlands-Sugar Land, TX	16574	141.717	=IF(D6960>0,ROUND(C6960/D6960,6),"")
77545	Houston-The Woodlands-Sugar Land, TX	25863	14.692	=IF(D6961>0,ROUND(C6961/D6961,6),"")
77546	Houston-The Woodlands-Sugar Land, TX	54082	27.202	=IF(D6962>0,ROUND(C6962/D6962,6),"")
77547	Houston-The Woodlands-Sugar Land, TX	9380	3.853	=IF(D6963>0,ROUND(C6963/D6963,6),"")
77550	Houston-The Woodlands-Sugar Land, TX	23542	7.561	=IF(D6964>0,ROUND(C6964/D6964,6),"")
77551	Houston-The Woodlands-Sugar Land, TX	22031	3.954	=IF(D6965>0,ROUND(C6965/D6965,6),"")
77554	Houston-The Woodlands-Sugar Land, TX	9973	31.105	=IF(D6966>0,ROUND(C6966/D6966,6),"")
77560	Houston-The Woodlands-Sugar Land, TX	1095	27.01	=IF(D6967>0,ROUND(C6967/D6967,6),"")
77562	Houston-The Woodlands-Sugar Land, TX	9805	13.476	=IF(D6968>0,ROUND(C6968/D6968,6),"")
77563	Houston-The Woodlands-Sugar Land, TX	10212	44.177	=IF(D6969>0,ROUND(C6969/D6969,6),"")
77564	Houston-The Woodlands-Sugar Land, TX	1876	59.868	=IF(D6970>0,ROUND(C6970/D6970,6),"")
77565	Houston-The Woodlands-Sugar Land, TX	6583	3.564	=IF(D6971>0,ROUND(C6971/D6971,6),"")
77566	Houston-The Woodlands-Sugar Land, TX	30057	23.672	=IF(D6972>0,ROUND(C6972/D6972,6),"")
77568	Houston-The Woodlands-Sugar Land, TX	21118	14.647	=IF(D6973>0,ROUND(C6973/D6973,6),"")
77571	Houston-The Woodlands-Sugar Land, TX	37659	37.071	=IF(D6974>0,ROUND(C6974/D6974,6),"")
77573	Houston-The Woodlands-Sugar Land, TX	97871	29.838	=IF(D6975>0,ROUND(C6975/D6975,6),"")
77575	Houston-The Woodlands-Sugar Land, TX	16617	238.106	=IF(D6976>0,ROUND(C6976/D6976,6),"")
77577	Houston-The Woodlands-Sugar Land, TX	1288	27.811	=IF(D6977>0,ROUND(C6977/D6977,6),"")
77578	Houston-The Woodlands-Sugar Land, TX	27195	38.39	=IF(D6978>0,ROUND(C6978/D6978,6),"")
77581	Houston-The Woodlands-Sugar Land, TX	50240	24.622	=IF(D6979>0,ROUND(C6979/D6979,6),"")
77583	Houston-The Woodlands-Sugar Land, TX	47646	174.274	=IF(D6980>0,ROUND(C6980/D6980,6),"")
77584	Houston-The Woodlands-Sugar Land, TX	90979	31.997	=IF(D6981>0,ROUND(C6981/D6981,6),"")
77586	Houston-The Woodlands-Sugar Land, TX	24019	11.659	=IF(D6982>0,ROUND(C6982/D6982,6),"")
77587	Houston-The Woodlands-Sugar Land, TX	16058	3.069	=IF(D6983>0,ROUND(C6983/D6983,6),"")
77590	Houston-The Woodlands-Sugar Land, TX	33145	25.185	=IF(D6984>0,ROUND(C6984/D6984,6),"")
77591	Houston-The Woodlands-Sugar Land, TX	16840	10.321	=IF(D6985>0,ROUND(C6985/D6985,6),"")
77597	Houston-The Woodlands-Sugar Land, TX	507	16.403	=IF(D6986>0,ROUND(C6986/D6986,6),"")
77598	Houston-The Woodlands-Sugar Land, TX	26638	12.262	=IF(D6987>0,ROUND(C6987/D6987,6),"")
77650	Houston-The Woodlands-Sugar Land, TX	2362	21.953	=IF(D6988>0,ROUND(C6988/D6988,6),"")
77661	Houston-The Woodlands-Sugar Land, TX	393	1.923	=IF(D6989>0,ROUND(C6989/D6989,6),"")
77665	Houston-The Woodlands-Sugar Land, TX	7751	171.468	=IF(D6990>0,ROUND(C6990/D6990,6),"")
77801	College Station-Bryan, TX	15253	3.066	=IF(D6991>0,ROUND(C6991/D6991,6),"")
77802	College Station-Bryan, TX	25303	11.466	=IF(D6992>0,ROUND(C6992/D6992,6),"")
77803	College Station-Bryan, TX	31923	13.572	=IF(D6993>0,ROUND(C6993/D6993,6),"")
77807	College Station-Bryan, TX	13068	98.341	=IF(D6994>0,ROUND(C6994/D6994,6),"")
77808	College Station-Bryan, TX	14334	253.632	=IF(D6995>0,ROUND(C6995/D6995,6),"")
77831	Huntsville, TX	3163	226.746	=IF(D6996>0,ROUND(C6996/D6996,6),"")
77836	College Station-Bryan, TX	12469	431.122	=IF(D6997>0,ROUND(C6997/D6997,6),"")
77837	College Station-Bryan, TX	1347	117.843	=IF(D6998>0,ROUND(C6998/D6998,6),"")
77840	College Station-Bryan, TX	55186	9.965	=IF(D6999>0,ROUND(C6999/D6999,6),"")
77845	College Station-Bryan, TX	74612	142.55	=IF(D7000>0,ROUND(C7000/D7000,6),"")
77856	College Station-Bryan, TX	4832	372.724	=IF(D7001>0,ROUND(C7001/D7001,6),"")
77859	College Station-Bryan, TX	7516	156.77	=IF(D7002>0,ROUND(C7002/D7002,6),"")
77868	College Station-Bryan, TX	18863	277.874	=IF(D7003>0,ROUND(C7003/D7003,6),"")
77873	Huntsville, TX	1179	90.214	=IF(D7004>0,ROUND(C7004/D7004,6),"")
77878	College Station-Bryan, TX	706	22.67	=IF(D7005>0,ROUND(C7005/D7005,6),"")
77879	College Station-Bryan, TX	4775	192.366	=IF(D7006>0,ROUND(C7006/D7006,6),"")
78002	San Antonio-New Braunfels, TX	7482	40.006	=IF(D7007>0,ROUND(C7007/D7007,6),"")
78003	San Antonio-New Braunfels, TX	9594	226.655	=IF(D7008>0,ROUND(C7008/D7008,6),"")
78004	San Antonio-New Braunfels, TX	541	11.38	=IF(D7009>0,ROUND(C7009/D7009,6),"")
78006	San Antonio-New Braunfels, TX	42200	345.863	=IF(D7010>0,ROUND(C7010/D7010,6),"")
78009	San Antonio-New Braunfels, TX	9494	70.474	=IF(D7011>0,ROUND(C7011/D7011,6),"")
78010	Kerrville, TX	3819	72.072	=IF(D7012>0,ROUND(C7012/D7012,6),"")
78013	Kerrville, TX	5305	226.252	=IF(D7013>0,ROUND(C7013/D7013,6),"")
78015	San Antonio-New Braunfels, TX	23548	25.912	=IF(D7014>0,ROUND(C7014/D7014,6),"")
78016	San Antonio-New Braunfels, TX	11302	158.284	=IF(D7015>0,ROUND(C7015/D7015,6),"")
78023	San Antonio-New Braunfels, TX	28585	89.81	=IF(D7016>0,ROUND(C7016/D7016,6),"")
78024	Kerrville, TX	1157	251.687	=IF(D7017>0,ROUND(C7017/D7017,6),"")
78025	Kerrville, TX	5060	54.02	=IF(D7018>0,ROUND(C7018/D7018,6),"")
78026	San Antonio-New Braunfels, TX	6438	355.656	=IF(D7019>0,ROUND(C7019/D7019,6),"")
78028	Kerrville, TX	40829	263.33	=IF(D7020>0,ROUND(C7020/D7020,6),"")
78039	San Antonio-New Braunfels, TX	2311	20.747	=IF(D7021>0,ROUND(C7021/D7021,6),"")
78052	San Antonio-New Braunfels, TX	6221	38.437	=IF(D7022>0,ROUND(C7022/D7022,6),"")
78055	San Antonio-New Braunfels, TX	1918	237.09	=IF(D7023>0,ROUND(C7023/D7023,6),"")
78056	San Antonio-New Braunfels, TX	2431	103.201	=IF(D7024>0,ROUND(C7024/D7024,6),"")
78058	Kerrville, TX	948	449.25	=IF(D7025>0,ROUND(C7025/D7025,6),"")
78059	San Antonio-New Braunfels, TX	6139	40.539	=IF(D7026>0,ROUND(C7026/D7026,6),"")
78063	San Antonio-New Braunfels, TX	10594	119.322	=IF(D7027>0,ROUND(C7027/D7027,6),"")
78064	San Antonio-New Braunfels, TX	16420	281.414	=IF(D7028>0,ROUND(C7028/D7028,6),"")
78065	San Antonio-New Braunfels, TX	11835	173.896	=IF(D7029>0,ROUND(C7029/D7029,6),"")
78066	San Antonio-New Braunfels, TX	387	22.233	=IF(D7030>0,ROUND(C7030/D7030,6),"")
78069	San Antonio-New Braunfels, TX	6904	28.489	=IF(D7031>0,ROUND(C7031/D7031,6),"")
78070	San Antonio-New Braunfels, TX	19836	133.312	=IF(D7032>0,ROUND(C7032/D7032,6),"")
78073	San Antonio-New Braunfels, TX	9510	53.422	=IF(D7033>0,ROUND(C7033/D7033,6),"")
78101	San Antonio-New Braunfels, TX	8272	52.863	=IF(D7034>0,ROUND(C7034/D7034,6),"")
78108	San Antonio-New Braunfels, TX	48458	28.236	=IF(D7035>0,ROUND(C7035/D7035,6),"")
78109	San Antonio-New Braunfels, TX	56372	27.836	=IF(D7036>0,ROUND(C7036/D7036,6),"")
78112	San Antonio-New Braunfels, TX	9959	51.409	=IF(D7037>0,ROUND(C7037/D7037,6),"")
78113	San Antonio-New Braunfels, TX	3258	296.322	=IF(D7038>0,ROUND(C7038/D7038,6),"")
78114	San Antonio-New Braunfels, TX	23975	349.141	=IF(D7039>0,ROUND(C7039/D7039,6),"")
78121	San Antonio-New Braunfels, TX	15001	102.618	=IF(D7040>0,ROUND(C7040/D7040,6),"")
78123	San Antonio-New Braunfels, TX	2271	3.736	=IF(D7041>0,ROUND(C7041/D7041,6),"")
78124	San Antonio-New Braunfels, TX	6907	56.948	=IF(D7042>0,ROUND(C7042/D7042,6),"")
78130	San Antonio-New Braunfels, TX	95787	91.028	=IF(D7043>0,ROUND(C7043/D7043,6),"")
78132	San Antonio-New Braunfels, TX	40383	179.34	=IF(D7044>0,ROUND(C7044/D7044,6),"")
78133	San Antonio-New Braunfels, TX	21830	75.53	=IF(D7045>0,ROUND(C7045/D7045,6),"")
78140	San Antonio-New Braunfels, TX	3190	175.041	=IF(D7046>0,ROUND(C7046/D7046,6),"")
78147	San Antonio-New Braunfels, TX	1646	3.476	=IF(D7047>0,ROUND(C7047/D7047,6),"")
78148	San Antonio-New Braunfels, TX	22630	9.641	=IF(D7048>0,ROUND(C7048/D7048,6),"")
78152	San Antonio-New Braunfels, TX	3958	36.046	=IF(D7049>0,ROUND(C7049/D7049,6),"")
78154	San Antonio-New Braunfels, TX	40898	32.856	=IF(D7050>0,ROUND(C7050/D7050,6),"")
78155	San Antonio-New Braunfels, TX	53449	355.457	=IF(D7051>0,ROUND(C7051/D7051,6),"")
78160	San Antonio-New Braunfels, TX	4705	180.086	=IF(D7052>0,ROUND(C7052/D7052,6),"")
78161	San Antonio-New Braunfels, TX	602	10.762	=IF(D7053>0,ROUND(C7053/D7053,6),"")
78163	San Antonio-New Braunfels, TX	17455	74.763	=IF(D7054>0,ROUND(C7054/D7054,6),"")
78201	San Antonio-New Braunfels, TX	43426	7.129	=IF(D7055>0,ROUND(C7055/D7055,6),"")
78202	San Antonio-New Braunfels, TX	9952	2.307	=IF(D7056>0,ROUND(C7056/D7056,6),"")
78203	San Antonio-New Braunfels, TX	4845	1.367	=IF(D7057>0,ROUND(C7057/D7057,6),"")
78204	San Antonio-New Braunfels, TX	11944	2.711	=IF(D7058>0,ROUND(C7058/D7058,6),"")
78207	San Antonio-New Braunfels, TX	54128	7.3	=IF(D7059>0,ROUND(C7059/D7059,6),"")
78208	San Antonio-New Braunfels, TX	3877	0.977	=IF(D7060>0,ROUND(C7060/D7060,6),"")
78209	San Antonio-New Braunfels, TX	43363	10.171	=IF(D7061>0,ROUND(C7061/D7061,6),"")
78210	San Antonio-New Braunfels, TX	34740	7.33	=IF(D7062>0,ROUND(C7062/D7062,6),"")
78211	San Antonio-New Braunfels, TX	30589	10.216	=IF(D7063>0,ROUND(C7063/D7063,6),"")
78212	San Antonio-New Braunfels, TX	26670	6.925	=IF(D7064>0,ROUND(C7064/D7064,6),"")
78213	San Antonio-New Braunfels, TX	41603	8.033	=IF(D7065>0,ROUND(C7065/D7065,6),"")
78214	San Antonio-New Braunfels, TX	21884	8.326	=IF(D7066>0,ROUND(C7066/D7066,6),"")
78215	San Antonio-New Braunfels, TX	3258	1.062	=IF(D7067>0,ROUND(C7067/D7067,6),"")
78216	San Antonio-New Braunfels, TX	42044	14.07	=IF(D7068>0,ROUND(C7068/D7068,6),"")
78217	San Antonio-New Braunfels, TX	33959	10.148	=IF(D7069>0,ROUND(C7069/D7069,6),"")
78218	San Antonio-New Braunfels, TX	38291	11.176	=IF(D7070>0,ROUND(C7070/D7070,6),"")
78219	San Antonio-New Braunfels, TX	16946	15.722	=IF(D7071>0,ROUND(C7071/D7071,6),"")
78220	San Antonio-New Braunfels, TX	18497	7.721	=IF(D7072>0,ROUND(C7072/D7072,6),"")
78221	San Antonio-New Braunfels, TX	41580	36.311	=IF(D7073>0,ROUND(C7073/D7073,6),"")
78222	San Antonio-New Braunfels, TX	25008	19.083	=IF(D7074>0,ROUND(C7074/D7074,6),"")
78223	San Antonio-New Braunfels, TX	57298	40.912	=IF(D7075>0,ROUND(C7075/D7075,6),"")
78224	San Antonio-New Braunfels, TX	20671	15.251	=IF(D7076>0,ROUND(C7076/D7076,6),"")
78225	San Antonio-New Braunfels, TX	13188	1.928	=IF(D7077>0,ROUND(C7077/D7077,6),"")
78226	San Antonio-New Braunfels, TX	6907	7.1	=IF(D7078>0,ROUND(C7078/D7078,6),"")
78227	San Antonio-New Braunfels, TX	44091	19.084	=IF(D7079>0,ROUND(C7079/D7079,6),"")
78228	San Antonio-New Braunfels, TX	55474	10.905	=IF(D7080>0,ROUND(C7080/D7080,6),"")
78229	San Antonio-New Braunfels, TX	35195	5.781	=IF(D7081>0,ROUND(C7081/D7081,6),"")
78230	San Antonio-New Braunfels, TX	42070	10.493	=IF(D7082>0,ROUND(C7082/D7082,6),"")
78231	San Antonio-New Braunfels, TX	9966	4.089	=IF(D7083>0,ROUND(C7083/D7083,6),"")
78232	San Antonio-New Braunfels, TX	36277	11.887	=IF(D7084>0,ROUND(C7084/D7084,6),"")
78233	San Antonio-New Braunfels, TX	47659	13.67	=IF(D7085>0,ROUND(C7085/D7085,6),"")
78237	San Antonio-New Braunfels, TX	36930	7.125	=IF(D7086>0,ROUND(C7086/D7086,6),"")
78238	San Antonio-New Braunfels, TX	26250	10.157	=IF(D7087>0,ROUND(C7087/D7087,6),"")
78239	San Antonio-New Braunfels, TX	29855	6.388	=IF(D7088>0,ROUND(C7088/D7088,6),"")
78240	San Antonio-New Braunfels, TX	57014	11.172	=IF(D7089>0,ROUND(C7089/D7089,6),"")
78242	San Antonio-New Braunfels, TX	35976	7.915	=IF(D7090>0,ROUND(C7090/D7090,6),"")
78244	San Antonio-New Braunfels, TX	37861	7.547	=IF(D7091>0,ROUND(C7091/D7091,6),"")
78245	San Antonio-New Braunfels, TX	91388	35.248	=IF(D7092>0,ROUND(C7092/D7092,6),"")
78247	San Antonio-New Braunfels, TX	51979	14.564	=IF(D7093>0,ROUND(C7093/D7093,6),"")
78248	San Antonio-New Braunfels, TX	14127	3.854	=IF(D7094>0,ROUND(C7094/D7094,6),"")
78249	San Antonio-New Braunfels, TX	61772	14.483	=IF(D7095>0,ROUND(C7095/D7095,6),"")
78250	San Antonio-New Braunfels, TX	57849	9.418	=IF(D7096>0,ROUND(C7096/D7096,6),"")
78251	San Antonio-New Braunfels, TX	61683	14.983	=IF(D7097>0,ROUND(C7097/D7097,6),"")
78252	San Antonio-New Braunfels, TX	18256	28.121	=IF(D7098>0,ROUND(C7098/D7098,6),"")
78253	San Antonio-New Braunfels, TX	67578	53.623	=IF(D7099>0,ROUND(C7099/D7099,6),"")
78254	San Antonio-New Braunfels, TX	78865	20.224	=IF(D7100>0,ROUND(C7100/D7100,6),"")
78255	San Antonio-New Braunfels, TX	18107	17.946	=IF(D7101>0,ROUND(C7101/D7101,6),"")
78256	San Antonio-New Braunfels, TX	12014	7.99	=IF(D7102>0,ROUND(C7102/D7102,6),"")
78257	San Antonio-New Braunfels, TX	10390	28.495	=IF(D7103>0,ROUND(C7103/D7103,6),"")
78258	San Antonio-New Braunfels, TX	51672	17.407	=IF(D7104>0,ROUND(C7104/D7104,6),"")
78259	San Antonio-New Braunfels, TX	26931	15.523	=IF(D7105>0,ROUND(C7105/D7105,6),"")
78260	San Antonio-New Braunfels, TX	37389	24.96	=IF(D7106>0,ROUND(C7106/D7106,6),"")
78261	San Antonio-New Braunfels, TX	27060	29.126	=IF(D7107>0,ROUND(C7107/D7107,6),"")
78263	San Antonio-New Braunfels, TX	4514	38.202	=IF(D7108>0,ROUND(C7108/D7108,6),"")
78264	San Antonio-New Braunfels, TX	11702	70.675	=IF(D7109>0,ROUND(C7109/D7109,6),"")
78266	San Antonio-New Braunfels, TX	7274	39.681	=IF(D7110>0,ROUND(C7110/D7110,6),"")
78336	Corpus Christi, TX	12146	59.985	=IF(D7111>0,ROUND(C7111/D7111,6),"")
78343	Corpus Christi, TX	4565	142.9	=IF(D7112>0,ROUND(C7112/D7112,6),"")
78362	Corpus Christi, TX	10929	18.275	=IF(D7113>0,ROUND(C7113/D7113,6),"")
78368	Corpus Christi, TX	9474	206.54	=IF(D7114>0,ROUND(C7114/D7114,6),"")
78370	Corpus Christi, TX	5155	110.052	=IF(D7115>0,ROUND(C7115/D7115,6),"")
78373	Corpus Christi, TX	3314	18.889	=IF(D7116>0,ROUND(C7116/D7116,6),"")
78374	Corpus Christi, TX	20152	18.545	=IF(D7117>0,ROUND(C7117/D7117,6),"")
78380	Corpus Christi, TX	23752	342.681	=IF(D7118>0,ROUND(C7118/D7118,6),"")
78387	Corpus Christi, TX	9604	172.164	=IF(D7119>0,ROUND(C7119/D7119,6),"")
78390	Corpus Christi, TX	5620	201.572	=IF(D7120>0,ROUND(C7120/D7120,6),"")
78404	Corpus Christi, TX	13607	3.217	=IF(D7121>0,ROUND(C7121/D7121,6),"")
78405	Corpus Christi, TX	14442	5.093	=IF(D7122>0,ROUND(C7122/D7122,6),"")
78407	Corpus Christi, TX	1937	2.398	=IF(D7123>0,ROUND(C7123/D7123,6),"")
78408	Corpus Christi, TX	9631	5.86	=IF(D7124>0,ROUND(C7124/D7124,6),"")
78409	Corpus Christi, TX	2504	18.438	=IF(D7125>0,ROUND(C7125/D7125,6),"")
78410	Corpus Christi, TX	29121	22.524	=IF(D7126>0,ROUND(C7126/D7126,6),"")
78411	Corpus Christi, TX	24061	6.134	=IF(D7127>0,ROUND(C7127/D7127,6),"")
78412	Corpus Christi, TX	39728	8.637	=IF(D7128>0,ROUND(C7128/D7128,6),"")
78413	Corpus Christi, TX	35103	7.88	=IF(D7129>0,ROUND(C7129/D7129,6),"")
78414	Corpus Christi, TX	51435	14.233	=IF(D7130>0,ROUND(C7130/D7130,6),"")
78415	Corpus Christi, TX	41869	109.173	=IF(D7131>0,ROUND(C7131/D7131,6),"")
78416	Corpus Christi, TX	13116	3.32	=IF(D7132>0,ROUND(C7132/D7132,6),"")
78417	Corpus Christi, TX	4462	9.319	=IF(D7133>0,ROUND(C7133/D7133,6),"")
78418	Corpus Christi, TX	30201	73.345	=IF(D7134>0,ROUND(C7134/D7134,6),"")
78602	Austin-Round Rock-Georgetown, TX	35786	195.283	=IF(D7135>0,ROUND(C7135/D7135,6),"")
78606	San Antonio-New Braunfels, TX	6977	242.24	=IF(D7136>0,ROUND(C7136/D7136,6),"")
78610	Austin-Round Rock-Georgetown, TX	46685	96.877	=IF(D7137>0,ROUND(C7137/D7137,6),"")
78612	Austin-Round Rock-Georgetown, TX	19830	99.069	=IF(D7138>0,ROUND(C7138/D7138,6),"")
78613	Austin-Round Rock-Georgetown, TX	89162	27.695	=IF(D7139>0,ROUND(C7139/D7139,6),"")
78615	Austin-Round Rock-Georgetown, TX	1540	54.51	=IF(D7140>0,ROUND(C7140/D7140,6),"")
78616	Austin-Round Rock-Georgetown, TX	10008	118.259	=IF(D7141>0,ROUND(C7141/D7141,6),"")
78617	Austin-Round Rock-Georgetown, TX	28932	64.038	=IF(D7142>0,ROUND(C7142/D7142,6),"")
78619	Austin-Round Rock-Georgetown, TX	6896	39.936	=IF(D7143>0,ROUND(C7143/D7143,6),"")
78620	Austin-Round Rock-Georgetown, TX	20624	175.6	=IF(D7144>0,ROUND(C7144/D7144,6),"")
78621	Austin-Round Rock-Georgetown, TX	27860	177.717	=IF(D7145>0,ROUND(C7145/D7145,6),"")
78622	Austin-Round Rock-Georgetown, TX	353	4.06	=IF(D7146>0,ROUND(C7146/D7146,6),"")
78623	San Antonio-New Braunfels, TX	1575	22.382	=IF(D7147>0,ROUND(C7147/D7147,6),"")
78624	Fredericksburg, TX	23610	742.329	=IF(D7148>0,ROUND(C7148/D7148,6),"")
78626	Austin-Round Rock-Georgetown, TX	45020	88.59	=IF(D7149>0,ROUND(C7149/D7149,6),"")
78628	Austin-Round Rock-Georgetown, TX	44821	64.713	=IF(D7150>0,ROUND(C7150/D7150,6),"")
78631	Fredericksburg, TX	3357	299.767	=IF(D7151>0,ROUND(C7151/D7151,6),"")
78632	Austin-Round Rock-Georgetown, TX	1391	92.482	=IF(D7152>0,ROUND(C7152/D7152,6),"")
78633	Austin-Round Rock-Georgetown, TX	28877	78.465	=IF(D7153>0,ROUND(C7153/D7153,6),"")
78634	Austin-Round Rock-Georgetown, TX	43466	56.388	=IF(D7154>0,ROUND(C7154/D7154,6),"")
78638	San Antonio-New Braunfels, TX	2064	118.061	=IF(D7155>0,ROUND(C7155/D7155,6),"")
78640	Austin-Round Rock-Georgetown, TX	71460	89.573	=IF(D7156>0,ROUND(C7156/D7156,6),"")
78641	Austin-Round Rock-Georgetown, TX	93399	124.363	=IF(D7157>0,ROUND(C7157/D7157,6),"")
78642	Austin-Round Rock-Georgetown, TX	24146	111.133	=IF(D7158>0,ROUND(C7158/D7158,6),"")
78644	Austin-Round Rock-Georgetown, TX	20599	179.924	=IF(D7159>0,ROUND(C7159/D7159,6),"")
78645	Austin-Round Rock-Georgetown, TX	15042	32.579	=IF(D7160>0,ROUND(C7160/D7160,6),"")
78648	Austin-Round Rock-Georgetown, TX	8022	132.922	=IF(D7161>0,ROUND(C7161/D7161,6),"")
78650	Austin-Round Rock-Georgetown, TX	2679	63.574	=IF(D7162>0,ROUND(C7162/D7162,6),"")
78652	Austin-Round Rock-Georgetown, TX	5012	11.197	=IF(D7163>0,ROUND(C7163/D7163,6),"")
78653	Austin-Round Rock-Georgetown, TX	35417	105.256	=IF(D7164>0,ROUND(C7164/D7164,6),"")
78654	Austin-Round Rock-Georgetown, TX	19946	201.158	=IF(D7165>0,ROUND(C7165/D7165,6),"")
78655	Austin-Round Rock-Georgetown, TX	3687	28.678	=IF(D7166>0,ROUND(C7166/D7166,6),"")
78656	Austin-Round Rock-Georgetown, TX	2953	28.46	=IF(D7167>0,ROUND(C7167/D7167,6),"")
78659	Austin-Round Rock-Georgetown, TX	2898	116.686	=IF(D7168>0,ROUND(C7168/D7168,6),"")
78660	Austin-Round Rock-Georgetown, TX	118437	44.609	=IF(D7169>0,ROUND(C7169/D7169,6),"")
78661	Austin-Round Rock-Georgetown, TX	658	4.124	=IF(D7170>0,ROUND(C7170/D7170,6),"")
78662	Austin-Round Rock-Georgetown, TX	3147	67.373	=IF(D7171>0,ROUND(C7171/D7171,6),"")
78664	Austin-Round Rock-Georgetown, TX	62272	16.612	=IF(D7172>0,ROUND(C7172/D7172,6),"")
78665	Austin-Round Rock-Georgetown, TX	64087	24.077	=IF(D7173>0,ROUND(C7173/D7173,6),"")
78666	Austin-Round Rock-Georgetown, TX	87775	192.358	=IF(D7174>0,ROUND(C7174/D7174,6),"")
78669	Austin-Round Rock-Georgetown, TX	11980	121.628	=IF(D7175>0,ROUND(C7175/D7175,6),"")
78671	Fredericksburg, TX	399	47.666	=IF(D7176>0,ROUND(C7176/D7176,6),"")
78676	Austin-Round Rock-Georgetown, TX	15896	167.845	=IF(D7177>0,ROUND(C7177/D7177,6),"")
78681	Austin-Round Rock-Georgetown, TX	58531	23.189	=IF(D7178>0,ROUND(C7178/D7178,6),"")
78701	Austin-Round Rock-Georgetown, TX	11114	1.517	=IF(D7179>0,ROUND(C7179/D7179,6),"")
78702	Austin-Round Rock-Georgetown, TX	26495	5.006	=IF(D7180>0,ROUND(C7180/D7180,6),"")
78703	Austin-Round Rock-Georgetown, TX	22484	5.623	=IF(D7181>0,ROUND(C7181/D7181,6),"")
78704	Austin-Round Rock-Georgetown, TX	50479	8.771	=IF(D7182>0,ROUND(C7182/D7182,6),"")
78705	Austin-Round Rock-Georgetown, TX	32937	2.07	=IF(D7183>0,ROUND(C7183/D7183,6),"")
78717	Austin-Round Rock-Georgetown, TX	36085	13.045	=IF(D7184>0,ROUND(C7184/D7184,6),"")
78719	Austin-Round Rock-Georgetown, TX	1556	19.769	=IF(D7185>0,ROUND(C7185/D7185,6),"")
78721	Austin-Round Rock-Georgetown, TX	10728	3.568	=IF(D7186>0,ROUND(C7186/D7186,6),"")
78722	Austin-Round Rock-Georgetown, TX	6576	1.355	=IF(D7187>0,ROUND(C7187/D7187,6),"")
78723	Austin-Round Rock-Georgetown, TX	36307	7.059	=IF(D7188>0,ROUND(C7188/D7188,6),"")
78724	Austin-Round Rock-Georgetown, TX	29326	24.941	=IF(D7189>0,ROUND(C7189/D7189,6),"")
78725	Austin-Round Rock-Georgetown, TX	10810	17.67	=IF(D7190>0,ROUND(C7190/D7190,6),"")
78726	Austin-Round Rock-Georgetown, TX	14117	11.586	=IF(D7191>0,ROUND(C7191/D7191,6),"")
78727	Austin-Round Rock-Georgetown, TX	30894	7.769	=IF(D7192>0,ROUND(C7192/D7192,6),"")
78728	Austin-Round Rock-Georgetown, TX	26776	7.749	=IF(D7193>0,ROUND(C7193/D7193,6),"")
78729	Austin-Round Rock-Georgetown, TX	30440	9.812	=IF(D7194>0,ROUND(C7194/D7194,6),"")
78730	Austin-Round Rock-Georgetown, TX	9669	15.064	=IF(D7195>0,ROUND(C7195/D7195,6),"")
78731	Austin-Round Rock-Georgetown, TX	27136	8.746	=IF(D7196>0,ROUND(C7196/D7196,6),"")
78732	Austin-Round Rock-Georgetown, TX	20646	12.838	=IF(D7197>0,ROUND(C7197/D7197,6),"")
78733	Austin-Round Rock-Georgetown, TX	9339	11.199	=IF(D7198>0,ROUND(C7198/D7198,6),"")
78734	Austin-Round Rock-Georgetown, TX	22091	18.936	=IF(D7199>0,ROUND(C7199/D7199,6),"")
78735	Austin-Round Rock-Georgetown, TX	20112	20.193	=IF(D7200>0,ROUND(C7200/D7200,6),"")
78736	Austin-Round Rock-Georgetown, TX	9849	22.295	=IF(D7201>0,ROUND(C7201/D7201,6),"")
78737	Austin-Round Rock-Georgetown, TX	26413	36.435	=IF(D7202>0,ROUND(C7202/D7202,6),"")
78738	Austin-Round Rock-Georgetown, TX	28790	42.089	=IF(D7203>0,ROUND(C7203/D7203,6),"")
78739	Austin-Round Rock-Georgetown, TX	20850	11.588	=IF(D7204>0,ROUND(C7204/D7204,6),"")
78741	Austin-Round Rock-Georgetown, TX	45274	7.789	=IF(D7205>0,ROUND(C7205/D7205,6),"")
78744	Austin-Round Rock-Georgetown, TX	51069	22.603	=IF(D7206>0,ROUND(C7206/D7206,6),"")
78745	Austin-Round Rock-Georgetown, TX	61122	13.736	=IF(D7207>0,ROUND(C7207/D7207,6),"")
78746	Austin-Round Rock-Georgetown, TX	28268	22.923	=IF(D7208>0,ROUND(C7208/D7208,6),"")
78747	Austin-Round Rock-Georgetown, TX	21757	22.226	=IF(D7209>0,ROUND(C7209/D7209,6),"")
78748	Austin-Round Rock-Georgetown, TX	54942	14.134	=IF(D7210>0,ROUND(C7210/D7210,6),"")
78749	Austin-Round Rock-Georgetown, TX	34939	9.683	=IF(D7211>0,ROUND(C7211/D7211,6),"")
78750	Austin-Round Rock-Georgetown, TX	29322	11.798	=IF(D7212>0,ROUND(C7212/D7212,6),"")
78751	Austin-Round Rock-Georgetown, TX	16027	2.415	=IF(D7213>0,ROUND(C7213/D7213,6),"")
78752	Austin-Round Rock-Georgetown, TX	22261	3.337	=IF(D7214>0,ROUND(C7214/D7214,6),"")
78753	Austin-Round Rock-Georgetown, TX	58449	11.348	=IF(D7215>0,ROUND(C7215/D7215,6),"")
78754	Austin-Round Rock-Georgetown, TX	31410	15.138	=IF(D7216>0,ROUND(C7216/D7216,6),"")
78756	Austin-Round Rock-Georgetown, TX	9844	1.671	=IF(D7217>0,ROUND(C7217/D7217,6),"")
78757	Austin-Round Rock-Georgetown, TX	24327	4.951	=IF(D7218>0,ROUND(C7218/D7218,6),"")
78758	Austin-Round Rock-Georgetown, TX	50592	9.087	=IF(D7219>0,ROUND(C7219/D7219,6),"")
78759	Austin-Round Rock-Georgetown, TX	44882	14.25	=IF(D7220>0,ROUND(C7220/D7220,6),"")
78850	San Antonio-New Braunfels, TX	935	241.126	=IF(D7221>0,ROUND(C7221/D7221,6),"")
78861	San Antonio-New Braunfels, TX	13715	490.736	=IF(D7222>0,ROUND(C7222/D7222,6),"")
78933	Houston-The Woodlands-Sugar Land, TX	1211	131.231	=IF(D7223>0,ROUND(C7223/D7223,6),"")
78950	Houston-The Woodlands-Sugar Land, TX	2244	114.945	=IF(D7224>0,ROUND(C7224/D7224,6),"")
78953	Austin-Round Rock-Georgetown, TX	958	114.85	=IF(D7225>0,ROUND(C7225/D7225,6),"")
78957	Austin-Round Rock-Georgetown, TX	10282	177.05	=IF(D7226>0,ROUND(C7226/D7226,6),"")
79322	Lubbock, TX	1945	260.416	=IF(D7227>0,ROUND(C7227/D7227,6),"")
79329	Lubbock, TX	3549	83.137	=IF(D7228>0,ROUND(C7228/D7228,6),"")
79343	Lubbock, TX	1309	128.628	=IF(D7229>0,ROUND(C7229/D7229,6),"")
79350	Lubbock, TX	291	2.403	=IF(D7230>0,ROUND(C7230/D7230,6),"")
79356	Lubbock, TX	5362	824.072	=IF(D7231>0,ROUND(C7231/D7231,6),"")
79357	Lubbock, TX	1883	240.915	=IF(D7232>0,ROUND(C7232/D7232,6),"")
79363	Lubbock, TX	5831	108.11	=IF(D7233>0,ROUND(C7233/D7233,6),"")
79364	Lubbock, TX	7135	210.484	=IF(D7234>0,ROUND(C7234/D7234,6),"")
79366	Lubbock, TX	1081	0.812	=IF(D7235>0,ROUND(C7235/D7235,6),"")
79373	Lubbock, TX	3021	500.262	=IF(D7236>0,ROUND(C7236/D7236,6),"")
79381	Lubbock, TX	1457	119.151	=IF(D7237>0,ROUND(C7237/D7237,6),"")
79382	Lubbock, TX	10300	51.091	=IF(D7238>0,ROUND(C7238/D7238,6),"")
79401	Lubbock, TX	8641	2.517	=IF(D7239>0,ROUND(C7239/D7239,6),"")
79403	Lubbock, TX	15941	131.34	=IF(D7240>0,ROUND(C7240/D7240,6),"")
79404	Lubbock, TX	8686	28.542	=IF(D7241>0,ROUND(C7241/D7241,6),"")
79407	Lubbock, TX	22467	75.911	=IF(D7242>0,ROUND(C7242/D7242,6),"")
79410	Lubbock, TX	10425	2.416	=IF(D7243>0,ROUND(C7243/D7243,6),"")
79411	Lubbock, TX	6380	1.484	=IF(D7244>0,ROUND(C7244/D7244,6),"")
79412	Lubbock, TX	15275	3.21	=IF(D7245>0,ROUND(C7245/D7245,6),"")
79413	Lubbock, TX	23464	4.683	=IF(D7246>0,ROUND(C7246/D7246,6),"")
79414	Lubbock, TX	17471	3.171	=IF(D7247>0,ROUND(C7247/D7247,6),"")
79415	Lubbock, TX	16765	67.832	=IF(D7248>0,ROUND(C7248/D7248,6),"")
79416	Lubbock, TX	36461	32.149	=IF(D7249>0,ROUND(C7249/D7249,6),"")
79423	Lubbock, TX	44357	64.224	=IF(D7250>0,ROUND(C7250/D7250,6),"")
79424	Lubbock, TX	52336	41.599	=IF(D7251>0,ROUND(C7251/D7251,6),"")
80002	Denver-Aurora-Lakewood, CO	20975	6.5	=IF(D7252>0,ROUND(C7252/D7252,6),"")
80003	Denver-Aurora-Lakewood, CO	35381	6.58	=IF(D7253>0,ROUND(C7253/D7253,6),"")
80004	Denver-Aurora-Lakewood, CO	34580	7.15	=IF(D7254>0,ROUND(C7254/D7254,6),"")
80005	Denver-Aurora-Lakewood, CO	28883	11.707	=IF(D7255>0,ROUND(C7255/D7255,6),"")
80007	Denver-Aurora-Lakewood, CO	18290	25.028	=IF(D7256>0,ROUND(C7256/D7256,6),"")
80010	Denver-Aurora-Lakewood, CO	42010	5.139	=IF(D7257>0,ROUND(C7257/D7257,6),"")
80011	Denver-Aurora-Lakewood, CO	53334	20.426	=IF(D7258>0,ROUND(C7258/D7258,6),"")
80012	Denver-Aurora-Lakewood, CO	51389	7.6	=IF(D7259>0,ROUND(C7259/D7259,6),"")
80013	Denver-Aurora-Lakewood, CO	74732	13.947	=IF(D7260>0,ROUND(C7260/D7260,6),"")
80014	Denver-Aurora-Lakewood, CO	39277	7.164	=IF(D7261>0,ROUND(C7261/D7261,6),"")
80015	Denver-Aurora-Lakewood, CO	72155	16.265	=IF(D7262>0,ROUND(C7262/D7262,6),"")
80016	Denver-Aurora-Lakewood, CO	66479	32.303	=IF(D7263>0,ROUND(C7263/D7263,6),"")
80017	Denver-Aurora-Lakewood, CO	39553	9.167	=IF(D7264>0,ROUND(C7264/D7264,6),"")
80018	Denver-Aurora-Lakewood, CO	17129	35.381	=IF(D7265>0,ROUND(C7265/D7265,6),"")
80019	Denver-Aurora-Lakewood, CO	6141	28.054	=IF(D7266>0,ROUND(C7266/D7266,6),"")
80020	Denver-Aurora-Lakewood, CO	53589	19.766	=IF(D7267>0,ROUND(C7267/D7267,6),"")
80021	Denver-Aurora-Lakewood, CO	35562	16.534	=IF(D7268>0,ROUND(C7268/D7268,6),"")
80022	Denver-Aurora-Lakewood, CO	59556	79.552	=IF(D7269>0,ROUND(C7269/D7269,6),"")
80023	Denver-Aurora-Lakewood, CO	26466	18.455	=IF(D7270>0,ROUND(C7270/D7270,6),"")
80030	Denver-Aurora-Lakewood, CO	15945	2.638	=IF(D7271>0,ROUND(C7271/D7271,6),"")
80031	Denver-Aurora-Lakewood, CO	36350	8.428	=IF(D7272>0,ROUND(C7272/D7272,6),"")
80033	Denver-Aurora-Lakewood, CO	26841	8.34	=IF(D7273>0,ROUND(C7273/D7273,6),"")
80101	Denver-Aurora-Lakewood, CO	449	365.293	=IF(D7274>0,ROUND(C7274/D7274,6),"")
80102	Denver-Aurora-Lakewood, CO	5994	293.746	=IF(D7275>0,ROUND(C7275/D7275,6),"")
80103	Denver-Aurora-Lakewood, CO	3505	368.327	=IF(D7276>0,ROUND(C7276/D7276,6),"")
80104	Denver-Aurora-Lakewood, CO	36461	70.673	=IF(D7277>0,ROUND(C7277/D7277,6),"")
80105	Denver-Aurora-Lakewood, CO	2023	396.233	=IF(D7278>0,ROUND(C7278/D7278,6),"")
80106	Colorado Springs, CO	4450	172.745	=IF(D7279>0,ROUND(C7279/D7279,6),"")
80107	Denver-Aurora-Lakewood, CO	14976	154.216	=IF(D7280>0,ROUND(C7280/D7280,6),"")
80108	Denver-Aurora-Lakewood, CO	35485	35.291	=IF(D7281>0,ROUND(C7281/D7281,6),"")
80109	Denver-Aurora-Lakewood, CO	27795	25.989	=IF(D7282>0,ROUND(C7282/D7282,6),"")
80110	Denver-Aurora-Lakewood, CO	23775	6.38	=IF(D7283>0,ROUND(C7283/D7283,6),"")
80111	Denver-Aurora-Lakewood, CO	31817	10.893	=IF(D7284>0,ROUND(C7284/D7284,6),"")
80112	Denver-Aurora-Lakewood, CO	36687	17.847	=IF(D7285>0,ROUND(C7285/D7285,6),"")
80113	Denver-Aurora-Lakewood, CO	22619	7.671	=IF(D7286>0,ROUND(C7286/D7286,6),"")
80116	Denver-Aurora-Lakewood, CO	5393	92.263	=IF(D7287>0,ROUND(C7287/D7287,6),"")
80117	Denver-Aurora-Lakewood, CO	2516	187.951	=IF(D7288>0,ROUND(C7288/D7288,6),"")
80118	Denver-Aurora-Lakewood, CO	5950	131.026	=IF(D7289>0,ROUND(C7289/D7289,6),"")
80120	Denver-Aurora-Lakewood, CO	29992	8.366	=IF(D7290>0,ROUND(C7290/D7290,6),"")
80121	Denver-Aurora-Lakewood, CO	17929	7.212	=IF(D7291>0,ROUND(C7291/D7291,6),"")
80122	Denver-Aurora-Lakewood, CO	31575	7.114	=IF(D7292>0,ROUND(C7292/D7292,6),"")
80123	Denver-Aurora-Lakewood, CO	45364	12.024	=IF(D7293>0,ROUND(C7293/D7293,6),"")
80124	Denver-Aurora-Lakewood, CO	22472	9.384	=IF(D7294>0,ROUND(C7294/D7294,6),"")
80125	Denver-Aurora-Lakewood, CO	13876	39.215	=IF(D7295>0,ROUND(C7295/D7295,6),"")
80126	Denver-Aurora-Lakewood, CO	44482	10.817	=IF(D7296>0,ROUND(C7296/D7296,6),"")
80127	Denver-Aurora-Lakewood, CO	43826	66.387	=IF(D7297>0,ROUND(C7297/D7297,6),"")
80128	Denver-Aurora-Lakewood, CO	36859	12.56	=IF(D7298>0,ROUND(C7298/D7298,6),"")
80129	Denver-Aurora-Lakewood, CO	29495	7.04	=IF(D7299>0,ROUND(C7299/D7299,6),"")
80130	Denver-Aurora-Lakewood, CO	25293	6.875	=IF(D7300>0,ROUND(C7300/D7300,6),"")
80131	Denver-Aurora-Lakewood, CO	258	0.555	=IF(D7301>0,ROUND(C7301/D7301,6),"")
80132	Colorado Springs, CO	29379	39.889	=IF(D7302>0,ROUND(C7302/D7302,6),"")
80133	Colorado Springs, CO	2480	2.965	=IF(D7303>0,ROUND(C7303/D7303,6),"")
80134	Denver-Aurora-Lakewood, CO	77814	57.348	=IF(D7304>0,ROUND(C7304/D7304,6),"")
80135	Denver-Aurora-Lakewood, CO	4333	372.315	=IF(D7305>0,ROUND(C7305/D7305,6),"")
80136	Denver-Aurora-Lakewood, CO	5965	211.784	=IF(D7306>0,ROUND(C7306/D7306,6),"")
80137	Denver-Aurora-Lakewood, CO	2015	108.843	=IF(D7307>0,ROUND(C7307/D7307,6),"")
80138	Denver-Aurora-Lakewood, CO	35942	61.967	=IF(D7308>0,ROUND(C7308/D7308,6),"")
80202	Denver-Aurora-Lakewood, CO	18233	1.156	=IF(D7309>0,ROUND(C7309/D7309,6),"")
80203	Denver-Aurora-Lakewood, CO	22355	1.093	=IF(D7310>0,ROUND(C7310/D7310,6),"")
80204	Denver-Aurora-Lakewood, CO	35518	5.481	=IF(D7311>0,ROUND(C7311/D7311,6),"")
80205	Denver-Aurora-Lakewood, CO	33856	4.637	=IF(D7312>0,ROUND(C7312/D7312,6),"")
80206	Denver-Aurora-Lakewood, CO	24555	2.478	=IF(D7313>0,ROUND(C7313/D7313,6),"")
80207	Denver-Aurora-Lakewood, CO	22382	3.92	=IF(D7314>0,ROUND(C7314/D7314,6),"")
80209	Denver-Aurora-Lakewood, CO	26794	3.503	=IF(D7315>0,ROUND(C7315/D7315,6),"")
80210	Denver-Aurora-Lakewood, CO	39155	6.089	=IF(D7316>0,ROUND(C7316/D7316,6),"")
80211	Denver-Aurora-Lakewood, CO	37441	4.514	=IF(D7317>0,ROUND(C7317/D7317,6),"")
80212	Denver-Aurora-Lakewood, CO	20426	3.563	=IF(D7318>0,ROUND(C7318/D7318,6),"")
80214	Denver-Aurora-Lakewood, CO	26759	4.669	=IF(D7319>0,ROUND(C7319/D7319,6),"")
80215	Denver-Aurora-Lakewood, CO	19684	5.458	=IF(D7320>0,ROUND(C7320/D7320,6),"")
80216	Denver-Aurora-Lakewood, CO	16610	10.142	=IF(D7321>0,ROUND(C7321/D7321,6),"")
80218	Denver-Aurora-Lakewood, CO	19364	1.583	=IF(D7322>0,ROUND(C7322/D7322,6),"")
80219	Denver-Aurora-Lakewood, CO	60095	7.381	=IF(D7323>0,ROUND(C7323/D7323,6),"")
80220	Denver-Aurora-Lakewood, CO	36311	5.171	=IF(D7324>0,ROUND(C7324/D7324,6),"")
80221	Denver-Aurora-Lakewood, CO	40938	9.094	=IF(D7325>0,ROUND(C7325/D7325,6),"")
80222	Denver-Aurora-Lakewood, CO	23298	3.825	=IF(D7326>0,ROUND(C7326/D7326,6),"")
80223	Denver-Aurora-Lakewood, CO	19624	5.305	=IF(D7327>0,ROUND(C7327/D7327,6),"")
80224	Denver-Aurora-Lakewood, CO	19265	3.279	=IF(D7328>0,ROUND(C7328/D7328,6),"")
80226	Denver-Aurora-Lakewood, CO	32237	8.113	=IF(D7329>0,ROUND(C7329/D7329,6),"")
80227	Denver-Aurora-Lakewood, CO	34946	10.813	=IF(D7330>0,ROUND(C7330/D7330,6),"")
80228	Denver-Aurora-Lakewood, CO	34677	11.462	=IF(D7331>0,ROUND(C7331/D7331,6),"")
80229	Denver-Aurora-Lakewood, CO	57274	12.51	=IF(D7332>0,ROUND(C7332/D7332,6),"")
80230	Denver-Aurora-Lakewood, CO	10811	2.755	=IF(D7333>0,ROUND(C7333/D7333,6),"")
80231	Denver-Aurora-Lakewood, CO	35297	4.882	=IF(D7334>0,ROUND(C7334/D7334,6),"")
80232	Denver-Aurora-Lakewood, CO	22398	3.884	=IF(D7335>0,ROUND(C7335/D7335,6),"")
80233	Denver-Aurora-Lakewood, CO	47692	9.142	=IF(D7336>0,ROUND(C7336/D7336,6),"")
80234	Denver-Aurora-Lakewood, CO	29573	7.043	=IF(D7337>0,ROUND(C7337/D7337,6),"")
80235	Denver-Aurora-Lakewood, CO	8374	3.396	=IF(D7338>0,ROUND(C7338/D7338,6),"")
80236	Denver-Aurora-Lakewood, CO	17207	3.212	=IF(D7339>0,ROUND(C7339/D7339,6),"")
80237	Denver-Aurora-Lakewood, CO	22764	3.624	=IF(D7340>0,ROUND(C7340/D7340,6),"")
80238	Denver-Aurora-Lakewood, CO	29448	6.792	=IF(D7341>0,ROUND(C7341/D7341,6),"")
80239	Denver-Aurora-Lakewood, CO	44077	10.332	=IF(D7342>0,ROUND(C7342/D7342,6),"")
80241	Denver-Aurora-Lakewood, CO	33393	6.575	=IF(D7343>0,ROUND(C7343/D7343,6),"")
80246	Denver-Aurora-Lakewood, CO	13028	1.671	=IF(D7344>0,ROUND(C7344/D7344,6),"")
80247	Denver-Aurora-Lakewood, CO	29453	2.913	=IF(D7345>0,ROUND(C7345/D7345,6),"")
80249	Denver-Aurora-Lakewood, CO	41209	47.661	=IF(D7346>0,ROUND(C7346/D7346,6),"")
80260	Denver-Aurora-Lakewood, CO	34861	4.763	=IF(D7347>0,ROUND(C7347/D7347,6),"")
80401	Denver-Aurora-Lakewood, CO	43429	49.073	=IF(D7348>0,ROUND(C7348/D7348,6),"")
80403	Denver-Aurora-Lakewood, CO	20789	141.955	=IF(D7349>0,ROUND(C7349/D7349,6),"")
80420	Denver-Aurora-Lakewood, CO	958	42.024	=IF(D7350>0,ROUND(C7350/D7350,6),"")
80421	Denver-Aurora-Lakewood, CO	8601	104.33	=IF(D7351>0,ROUND(C7351/D7351,6),"")
80422	Denver-Aurora-Lakewood, CO	4373	107.103	=IF(D7352>0,ROUND(C7352/D7352,6),"")
80427	Denver-Aurora-Lakewood, CO	625	14.447	=IF(D7353>0,ROUND(C7353/D7353,6),"")
80432	Denver-Aurora-Lakewood, CO	309	200.252	=IF(D7354>0,ROUND(C7354/D7354,6),"")
80433	Denver-Aurora-Lakewood, CO	8392	66.49	=IF(D7355>0,ROUND(C7355/D7355,6),"")
80436	Denver-Aurora-Lakewood, CO	343	17.542	=IF(D7356>0,ROUND(C7356/D7356,6),"")
80438	Denver-Aurora-Lakewood, CO	720	55.537	=IF(D7357>0,ROUND(C7357/D7357,6),"")
80439	Denver-Aurora-Lakewood, CO	24877	168.803	=IF(D7358>0,ROUND(C7358/D7358,6),"")
80440	Denver-Aurora-Lakewood, CO	3071	324.568	=IF(D7359>0,ROUND(C7359/D7359,6),"")
80444	Denver-Aurora-Lakewood, CO	1082	38.071	=IF(D7360>0,ROUND(C7360/D7360,6),"")
80448	Denver-Aurora-Lakewood, CO	0	225.666	=IF(D7361>0,ROUND(C7361/D7361,6),"")
80449	Denver-Aurora-Lakewood, CO	1024	442.963	=IF(D7362>0,ROUND(C7362/D7362,6),"")
80452	Denver-Aurora-Lakewood, CO	3160	129.478	=IF(D7363>0,ROUND(C7363/D7363,6),"")
80453	Denver-Aurora-Lakewood, CO	306	0.527	=IF(D7364>0,ROUND(C7364/D7364,6),"")
80454	Denver-Aurora-Lakewood, CO	1320	5.036	=IF(D7365>0,ROUND(C7365/D7365,6),"")
80456	Denver-Aurora-Lakewood, CO	396	241.859	=IF(D7366>0,ROUND(C7366/D7366,6),"")
80457	Denver-Aurora-Lakewood, CO	298	0.615	=IF(D7367>0,ROUND(C7367/D7367,6),"")
80465	Denver-Aurora-Lakewood, CO	16277	43.414	=IF(D7368>0,ROUND(C7368/D7368,6),"")
80470	Denver-Aurora-Lakewood, CO	3888	102.245	=IF(D7369>0,ROUND(C7369/D7369,6),"")
80474	Denver-Aurora-Lakewood, CO	294	8.29	=IF(D7370>0,ROUND(C7370/D7370,6),"")
80475	Denver-Aurora-Lakewood, CO	9	35.935	=IF(D7371>0,ROUND(C7371/D7371,6),"")
80476	Denver-Aurora-Lakewood, CO	243	58.423	=IF(D7372>0,ROUND(C7372/D7372,6),"")
80504	Greeley, CO	61305	94.576	=IF(D7373>0,ROUND(C7373/D7373,6),"")
80512	Fort Collins, CO	1702	480.423	=IF(D7374>0,ROUND(C7374/D7374,6),"")
80513	Fort Collins, CO	16997	71.43	=IF(D7375>0,ROUND(C7375/D7375,6),"")
80514	Greeley, CO	6419	9.216	=IF(D7376>0,ROUND(C7376/D7376,6),"")
80515	Fort Collins, CO	786	48.827	=IF(D7377>0,ROUND(C7377/D7377,6),"")
80516	Greeley, CO	37107	40.455	=IF(D7378>0,ROUND(C7378/D7378,6),"")
80517	Fort Collins, CO	10093	297.228	=IF(D7379>0,ROUND(C7379/D7379,6),"")
80520	Greeley, CO	1684	0.589	=IF(D7380>0,ROUND(C7380/D7380,6),"")
80521	Fort Collins, CO	38217	14.02	=IF(D7381>0,ROUND(C7381/D7381,6),"")
80524	Fort Collins, CO	39111	122.713	=IF(D7382>0,ROUND(C7382/D7382,6),"")
80525	Fort Collins, CO	55541	23.36	=IF(D7383>0,ROUND(C7383/D7383,6),"")
80526	Fort Collins, CO	44423	31.974	=IF(D7384>0,ROUND(C7384/D7384,6),"")
80528	Fort Collins, CO	24233	18.467	=IF(D7385>0,ROUND(C7385/D7385,6),"")
80530	Greeley, CO	6097	3.116	=IF(D7386>0,ROUND(C7386/D7386,6),"")
80532	Fort Collins, CO	162	35.969	=IF(D7387>0,ROUND(C7387/D7387,6),"")
80534	Greeley, CO	19696	48.054	=IF(D7388>0,ROUND(C7388/D7388,6),"")
80535	Fort Collins, CO	2238	56.604	=IF(D7389>0,ROUND(C7389/D7389,6),"")
80536	Fort Collins, CO	2358	370.149	=IF(D7390>0,ROUND(C7390/D7390,6),"")
80537	Fort Collins, CO	44505	122.395	=IF(D7391>0,ROUND(C7391/D7391,6),"")
80538	Fort Collins, CO	49183	102.167	=IF(D7392>0,ROUND(C7392/D7392,6),"")
80542	Greeley, CO	5552	9.209	=IF(D7393>0,ROUND(C7393/D7393,6),"")
80543	Greeley, CO	9342	30.911	=IF(D7394>0,ROUND(C7394/D7394,6),"")
80545	Fort Collins, CO	913	285.191	=IF(D7395>0,ROUND(C7395/D7395,6),"")
80547	Fort Collins, CO	8040	5.634	=IF(D7396>0,ROUND(C7396/D7396,6),"")
80549	Fort Collins, CO	14132	187.113	=IF(D7397>0,ROUND(C7397/D7397,6),"")
80550	Greeley, CO	44224	52.422	=IF(D7398>0,ROUND(C7398/D7398,6),"")
80601	Denver-Aurora-Lakewood, CO	41301	26.219	=IF(D7399>0,ROUND(C7399/D7399,6),"")
80602	Denver-Aurora-Lakewood, CO	42237	30.751	=IF(D7400>0,ROUND(C7400/D7400,6),"")
80603	Greeley, CO	16105	74.077	=IF(D7401>0,ROUND(C7401/D7401,6),"")
80610	Greeley, CO	4175	179.921	=IF(D7402>0,ROUND(C7402/D7402,6),"")
80611	Greeley, CO	586	411.289	=IF(D7403>0,ROUND(C7403/D7403,6),"")
80612	Greeley, CO	435	269.409	=IF(D7404>0,ROUND(C7404/D7404,6),"")
80615	Greeley, CO	9242	105.853	=IF(D7405>0,ROUND(C7405/D7405,6),"")
80620	Greeley, CO	20776	5.919	=IF(D7406>0,ROUND(C7406/D7406,6),"")
80621	Greeley, CO	14542	126.602	=IF(D7407>0,ROUND(C7407/D7407,6),"")
80623	Greeley, CO	987	0.67	=IF(D7408>0,ROUND(C7408/D7408,6),"")
80624	Greeley, CO	707	73.485	=IF(D7409>0,ROUND(C7409/D7409,6),"")
80631	Greeley, CO	53920	103.589	=IF(D7410>0,ROUND(C7410/D7410,6),"")
80634	Greeley, CO	63553	38.322	=IF(D7411>0,ROUND(C7411/D7411,6),"")
80640	Denver-Aurora-Lakewood, CO	14073	13.009	=IF(D7412>0,ROUND(C7412/D7412,6),"")
80642	Greeley, CO	4449	99.347	=IF(D7413>0,ROUND(C7413/D7413,6),"")
80643	Greeley, CO	4257	216.481	=IF(D7414>0,ROUND(C7414/D7414,6),"")
80644	Greeley, CO	2266	160.239	=IF(D7415>0,ROUND(C7415/D7415,6),"")
80645	Greeley, CO	4970	92.661	=IF(D7416>0,ROUND(C7416/D7416,6),"")
80648	Greeley, CO	1423	152.78	=IF(D7417>0,ROUND(C7417/D7417,6),"")
80649	Greeley, CO	294	180.642	=IF(D7418>0,ROUND(C7418/D7418,6),"")
80650	Greeley, CO	1992	56.415	=IF(D7419>0,ROUND(C7419/D7419,6),"")
80651	Greeley, CO	4552	95.018	=IF(D7420>0,ROUND(C7420/D7420,6),"")
80652	Greeley, CO	492	169.542	=IF(D7421>0,ROUND(C7421/D7421,6),"")
80808	Colorado Springs, CO	6670	390.866	=IF(D7422>0,ROUND(C7422/D7422,6),"")
80809	Colorado Springs, CO	892	49.595	=IF(D7423>0,ROUND(C7423/D7423,6),"")
80813	Colorado Springs, CO	1691	112.68	=IF(D7424>0,ROUND(C7424/D7424,6),"")
80814	Colorado Springs, CO	4041	101.302	=IF(D7425>0,ROUND(C7425/D7425,6),"")
80816	Colorado Springs, CO	6372	182.462	=IF(D7426>0,ROUND(C7426/D7426,6),"")
80817	Colorado Springs, CO	31101	115.071	=IF(D7427>0,ROUND(C7427/D7427,6),"")
80819	Colorado Springs, CO	882	5.916	=IF(D7428>0,ROUND(C7428/D7428,6),"")
80820	Denver-Aurora-Lakewood, CO	537	258.587	=IF(D7429>0,ROUND(C7429/D7429,6),"")
80827	Denver-Aurora-Lakewood, CO	842	278.535	=IF(D7430>0,ROUND(C7430/D7430,6),"")
80828	Denver-Aurora-Lakewood, CO	2434	437.922	=IF(D7431>0,ROUND(C7431/D7431,6),"")
80829	Colorado Springs, CO	5574	20.11	=IF(D7432>0,ROUND(C7432/D7432,6),"")
80831	Colorado Springs, CO	33287	188.603	=IF(D7433>0,ROUND(C7433/D7433,6),"")
80832	Denver-Aurora-Lakewood, CO	987	293.647	=IF(D7434>0,ROUND(C7434/D7434,6),"")
80835	Denver-Aurora-Lakewood, CO	791	136.05	=IF(D7435>0,ROUND(C7435/D7435,6),"")
80860	Colorado Springs, CO	589	69.755	=IF(D7436>0,ROUND(C7436/D7436,6),"")
80863	Colorado Springs, CO	12823	173.422	=IF(D7437>0,ROUND(C7437/D7437,6),"")
80864	Colorado Springs, CO	1411	244.291	=IF(D7438>0,ROUND(C7438/D7438,6),"")
80903	Colorado Springs, CO	17045	5.377	=IF(D7439>0,ROUND(C7439/D7439,6),"")
80904	Colorado Springs, CO	21369	11.168	=IF(D7440>0,ROUND(C7440/D7440,6),"")
80905	Colorado Springs, CO	17269	5.115	=IF(D7441>0,ROUND(C7441/D7441,6),"")
80906	Colorado Springs, CO	37403	45.582	=IF(D7442>0,ROUND(C7442/D7442,6),"")
80907	Colorado Springs, CO	27135	9.843	=IF(D7443>0,ROUND(C7443/D7443,6),"")
80908	Colorado Springs, CO	23358	94.691	=IF(D7444>0,ROUND(C7444/D7444,6),"")
80909	Colorado Springs, CO	36171	7.93	=IF(D7445>0,ROUND(C7445/D7445,6),"")
80910	Colorado Springs, CO	31840	6.11	=IF(D7446>0,ROUND(C7446/D7446,6),"")
80911	Colorado Springs, CO	34296	11.11	=IF(D7447>0,ROUND(C7447/D7447,6),"")
80915	Colorado Springs, CO	23570	7.857	=IF(D7448>0,ROUND(C7448/D7448,6),"")
80916	Colorado Springs, CO	40579	18.39	=IF(D7449>0,ROUND(C7449/D7449,6),"")
80917	Colorado Springs, CO	30988	5.614	=IF(D7450>0,ROUND(C7450/D7450,6),"")
80918	Colorado Springs, CO	48291	11.983	=IF(D7451>0,ROUND(C7451/D7451,6),"")
80919	Colorado Springs, CO	27539	27.372	=IF(D7452>0,ROUND(C7452/D7452,6),"")
80920	Colorado Springs, CO	38154	12.417	=IF(D7453>0,ROUND(C7453/D7453,6),"")
80921	Colorado Springs, CO	25207	49.019	=IF(D7454>0,ROUND(C7454/D7454,6),"")
80922	Colorado Springs, CO	30388	5.828	=IF(D7455>0,ROUND(C7455/D7455,6),"")
80923	Colorado Springs, CO	32333	6.985	=IF(D7456>0,ROUND(C7456/D7456,6),"")
80924	Colorado Springs, CO	17043	5.851	=IF(D7457>0,ROUND(C7457/D7457,6),"")
80925	Colorado Springs, CO	17016	28.714	=IF(D7458>0,ROUND(C7458/D7458,6),"")
80926	Colorado Springs, CO	1706	78.111	=IF(D7459>0,ROUND(C7459/D7459,6),"")
80927	Colorado Springs, CO	6957	4.495	=IF(D7460>0,ROUND(C7460/D7460,6),"")
80928	Colorado Springs, CO	691	298.158	=IF(D7461>0,ROUND(C7461/D7461,6),"")
80951	Colorado Springs, CO	4669	2.925	=IF(D7462>0,ROUND(C7462/D7462,6),"")
81413	Grand Junction, CO	5543	153.458	=IF(D7463>0,ROUND(C7463/D7463,6),"")
81418	Grand Junction, CO	1761	70.791	=IF(D7464>0,ROUND(C7464/D7464,6),"")
81501	Grand Junction, CO	24142	8.674	=IF(D7465>0,ROUND(C7465/D7465,6),"")
81503	Grand Junction, CO	16132	22.009	=IF(D7466>0,ROUND(C7466/D7466,6),"")
81504	Grand Junction, CO	31949	26.916	=IF(D7467>0,ROUND(C7467/D7467,6),"")
81505	Grand Junction, CO	11959	72.055	=IF(D7468>0,ROUND(C7468/D7468,6),"")
81506	Grand Junction, CO	11840	23.935	=IF(D7469>0,ROUND(C7469/D7469,6),"")
81507	Grand Junction, CO	16093	112.189	=IF(D7470>0,ROUND(C7470/D7470,6),"")
81520	Grand Junction, CO	13454	20.549	=IF(D7471>0,ROUND(C7471/D7471,6),"")
81521	Grand Junction, CO	16861	181.588	=IF(D7472>0,ROUND(C7472/D7472,6),"")
81523	Grand Junction, CO	839	288.29	=IF(D7473>0,ROUND(C7473/D7473,6),"")
81524	Grand Junction, CO	2556	137.995	=IF(D7474>0,ROUND(C7474/D7474,6),"")
81525	Grand Junction, CO	1194	154.805	=IF(D7475>0,ROUND(C7475/D7475,6),"")
81526	Grand Junction, CO	5397	72.365	=IF(D7476>0,ROUND(C7476/D7476,6),"")
81527	Grand Junction, CO	1340	841.924	=IF(D7477>0,ROUND(C7477/D7477,6),"")
81624	Grand Junction, CO	1487	548.831	=IF(D7478>0,ROUND(C7478/D7478,6),"")
81630	Grand Junction, CO	1052	1256.582	=IF(D7479>0,ROUND(C7479/D7479,6),"")
81643	Grand Junction, CO	957	154.336	=IF(D7480>0,ROUND(C7480/D7480,6),"")
83604	Boise City, ID	592	793.73	=IF(D7481>0,ROUND(C7481/D7481,6),"")
83605	Boise City, ID	41155	24.628	=IF(D7482>0,ROUND(C7482/D7482,6),"")
83607	Boise City, ID	33804	229.975	=IF(D7483>0,ROUND(C7483/D7483,6),"")
83616	Boise City, ID	34736	111.343	=IF(D7484>0,ROUND(C7484/D7484,6),"")
83617	Boise City, ID	17333	223.97	=IF(D7485>0,ROUND(C7485/D7485,6),"")
83622	Boise City, ID	2131	278.221	=IF(D7486>0,ROUND(C7486/D7486,6),"")
83624	Boise City, ID	1437	265.136	=IF(D7487>0,ROUND(C7487/D7487,6),"")
83626	Boise City, ID	1754	6.599	=IF(D7488>0,ROUND(C7488/D7488,6),"")
83628	Boise City, ID	4848	63.108	=IF(D7489>0,ROUND(C7489/D7489,6),"")
83629	Boise City, ID	1829	193.571	=IF(D7490>0,ROUND(C7490/D7490,6),"")
83631	Boise City, ID	1737	168.465	=IF(D7491>0,ROUND(C7491/D7491,6),"")
83634	Boise City, ID	35506	156.107	=IF(D7492>0,ROUND(C7492/D7492,6),"")
83637	Boise City, ID	250	454.972	=IF(D7493>0,ROUND(C7493/D7493,6),"")
83639	Boise City, ID	3298	245.614	=IF(D7494>0,ROUND(C7494/D7494,6),"")
83641	Boise City, ID	3991	227.119	=IF(D7495>0,ROUND(C7495/D7495,6),"")
83642	Boise City, ID	58049	41.483	=IF(D7496>0,ROUND(C7496/D7496,6),"")
83644	Boise City, ID	15418	45.836	=IF(D7497>0,ROUND(C7497/D7497,6),"")
83646	Boise City, ID	74522	27.283	=IF(D7498>0,ROUND(C7498/D7498,6),"")
83650	Boise City, ID	550	1455.965	=IF(D7499>0,ROUND(C7499/D7499,6),"")
83651	Boise City, ID	36997	15.941	=IF(D7500>0,ROUND(C7500/D7500,6),"")
83656	Boise City, ID	687	0.257	=IF(D7501>0,ROUND(C7501/D7501,6),"")
83660	Boise City, ID	6401	124.342	=IF(D7502>0,ROUND(C7502/D7502,6),"")
83669	Boise City, ID	15728	22.009	=IF(D7503>0,ROUND(C7503/D7503,6),"")
83670	Boise City, ID	848	67.564	=IF(D7504>0,ROUND(C7504/D7504,6),"")
83676	Boise City, ID	5109	40.773	=IF(D7505>0,ROUND(C7505/D7505,6),"")
83686	Boise City, ID	59532	87.713	=IF(D7506>0,ROUND(C7506/D7506,6),"")
83687	Boise City, ID	40299	49.413	=IF(D7507>0,ROUND(C7507/D7507,6),"")
83702	Boise City, ID	23981	31.352	=IF(D7508>0,ROUND(C7508/D7508,6),"")
83703	Boise City, ID	17566	8.133	=IF(D7509>0,ROUND(C7509/D7509,6),"")
83704	Boise City, ID	41406	8.752	=IF(D7510>0,ROUND(C7510/D7510,6),"")
83705	Boise City, ID	27542	16.212	=IF(D7511>0,ROUND(C7511/D7511,6),"")
83706	Boise City, ID	36183	7.43	=IF(D7512>0,ROUND(C7512/D7512,6),"")
83709	Boise City, ID	58631	33.7	=IF(D7513>0,ROUND(C7513/D7513,6),"")
83712	Boise City, ID	9312	22.95	=IF(D7514>0,ROUND(C7514/D7514,6),"")
83713	Boise City, ID	29992	6.603	=IF(D7515>0,ROUND(C7515/D7515,6),"")
83714	Boise City, ID	26989	54.187	=IF(D7516>0,ROUND(C7516/D7516,6),"")
83716	Boise City, ID	21091	1039.087	=IF(D7517>0,ROUND(C7517/D7517,6),"")
83801	Coeur d'Alene, ID	7285	175.104	=IF(D7518>0,ROUND(C7518/D7518,6),"")
83810	Coeur d'Alene, ID	1369	155.566	=IF(D7519>0,ROUND(C7519/D7519,6),"")
83814	Coeur d'Alene, ID	26640	194.101	=IF(D7520>0,ROUND(C7520/D7520,6),"")
83815	Coeur d'Alene, ID	39993	15.617	=IF(D7521>0,ROUND(C7521/D7521,6),"")
83833	Coeur d'Alene, ID	1414	105.181	=IF(D7522>0,ROUND(C7522/D7522,6),"")
83835	Coeur d'Alene, ID	23581	99.404	=IF(D7523>0,ROUND(C7523/D7523,6),"")
83854	Coeur d'Alene, ID	53152	77.58	=IF(D7524>0,ROUND(C7524/D7524,6),"")
83858	Coeur d'Alene, ID	19315	112.131	=IF(D7525>0,ROUND(C7525/D7525,6),"")
83869	Coeur d'Alene, ID	5278	65.817	=IF(D7526>0,ROUND(C7526/D7526,6),"")
83873	Coeur d'Alene, ID	1729	254.949	=IF(D7527>0,ROUND(C7527/D7527,6),"")
83876	Coeur d'Alene, ID	1467	120.623	=IF(D7528>0,ROUND(C7528/D7528,6),"")
84003	Provo-Orem, UT	55259	73.588	=IF(D7529>0,ROUND(C7529/D7529,6),"")
84004	Provo-Orem, UT	10272	30.966	=IF(D7530>0,ROUND(C7530/D7530,6),"")
84005	Provo-Orem, UT	49116	36.514	=IF(D7531>0,ROUND(C7531/D7531,6),"")
84006	Salt Lake City, UT	865	25.928	=IF(D7532>0,ROUND(C7532/D7532,6),"")
84009	Salt Lake City, UT	42091	10.697	=IF(D7533>0,ROUND(C7533/D7533,6),"")
84010	Ogden-Clearfield, UT	46666	38.02	=IF(D7534>0,ROUND(C7534/D7534,6),"")
84013	Provo-Orem, UT	719	44.409	=IF(D7535>0,ROUND(C7535/D7535,6),"")
84014	Ogden-Clearfield, UT	16571	12.861	=IF(D7536>0,ROUND(C7536/D7536,6),"")
84015	Ogden-Clearfield, UT	70730	20.829	=IF(D7537>0,ROUND(C7537/D7537,6),"")
84017	Heber, UT	4420	525.738	=IF(D7538>0,ROUND(C7538/D7538,6),"")
84020	Salt Lake City, UT	50159	27.16	=IF(D7539>0,ROUND(C7539/D7539,6),"")
84025	Ogden-Clearfield, UT	25055	14.217	=IF(D7540>0,ROUND(C7540/D7540,6),"")
84029	Salt Lake City, UT	14159	1295.176	=IF(D7541>0,ROUND(C7541/D7541,6),"")
84032	Heber, UT	25328	328.455	=IF(D7542>0,ROUND(C7542/D7542,6),"")
84033	Heber, UT	1002	72.084	=IF(D7543>0,ROUND(C7543/D7543,6),"")
84036	Heber, UT	8781	331.626	=IF(D7544>0,ROUND(C7544/D7544,6),"")
84037	Ogden-Clearfield, UT	39316	48.619	=IF(D7545>0,ROUND(C7545/D7545,6),"")
84040	Ogden-Clearfield, UT	28269	24.247	=IF(D7546>0,ROUND(C7546/D7546,6),"")
84041	Ogden-Clearfield, UT	54750	14.93	=IF(D7547>0,ROUND(C7547/D7547,6),"")
84042	Provo-Orem, UT	11570	7.933	=IF(D7548>0,ROUND(C7548/D7548,6),"")
84043	Provo-Orem, UT	81839	31.17	=IF(D7549>0,ROUND(C7549/D7549,6),"")
84044	Salt Lake City, UT	29488	81.613	=IF(D7550>0,ROUND(C7550/D7550,6),"")
84045	Provo-Orem, UT	43369	51.949	=IF(D7551>0,ROUND(C7551/D7551,6),"")
84047	Salt Lake City, UT	36573	6.38	=IF(D7552>0,ROUND(C7552/D7552,6),"")
84049	Heber, UT	6926	74.662	=IF(D7553>0,ROUND(C7553/D7553,6),"")
84050	Ogden-Clearfield, UT	12247	387.579	=IF(D7554>0,ROUND(C7554/D7554,6),"")
84054	Ogden-Clearfield, UT	22201	8.558	=IF(D7555>0,ROUND(C7555/D7555,6),"")
84055	Heber, UT	1805	126.285	=IF(D7556>0,ROUND(C7556/D7556,6),"")
84057	Provo-Orem, UT	37620	6.164	=IF(D7557>0,ROUND(C7557/D7557,6),"")
84058	Provo-Orem, UT	34706	8.038	=IF(D7558>0,ROUND(C7558/D7558,6),"")
84059	Provo-Orem, UT	16419	5.329	=IF(D7559>0,ROUND(C7559/D7559,6),"")
84060	Heber, UT	8575	44.026	=IF(D7560>0,ROUND(C7560/D7560,6),"")
84061	Heber, UT	315	54.785	=IF(D7561>0,ROUND(C7561/D7561,6),"")
84062	Provo-Orem, UT	47489	50.705	=IF(D7562>0,ROUND(C7562/D7562,6),"")
84065	Salt Lake City, UT	50284	20.642	=IF(D7563>0,ROUND(C7563/D7563,6),"")
84067	Ogden-Clearfield, UT	38795	8.201	=IF(D7564>0,ROUND(C7564/D7564,6),"")
84070	Salt Lake City, UT	30348	7.339	=IF(D7565>0,ROUND(C7565/D7565,6),"")
84071	Salt Lake City, UT	2339	121.59	=IF(D7566>0,ROUND(C7566/D7566,6),"")
84074	Salt Lake City, UT	57470	174.909	=IF(D7567>0,ROUND(C7567/D7567,6),"")
84075	Ogden-Clearfield, UT	34118	34.945	=IF(D7568>0,ROUND(C7568/D7568,6),"")
84081	Salt Lake City, UT	52168	15.475	=IF(D7569>0,ROUND(C7569/D7569,6),"")
84082	Heber, UT	815	146.341	=IF(D7570>0,ROUND(C7570/D7570,6),"")
84084	Salt Lake City, UT	31389	6.641	=IF(D7571>0,ROUND(C7571/D7571,6),"")
84087	Ogden-Clearfield, UT	17028	13.814	=IF(D7572>0,ROUND(C7572/D7572,6),"")
84088	Salt Lake City, UT	38915	9.368	=IF(D7573>0,ROUND(C7573/D7573,6),"")
84092	Salt Lake City, UT	28162	54.301	=IF(D7574>0,ROUND(C7574/D7574,6),"")
84093	Salt Lake City, UT	23998	5.511	=IF(D7575>0,ROUND(C7575/D7575,6),"")
84094	Salt Lake City, UT	28277	5.084	=IF(D7576>0,ROUND(C7576/D7576,6),"")
84095	Salt Lake City, UT	38240	11.54	=IF(D7577>0,ROUND(C7577/D7577,6),"")
84096	Salt Lake City, UT	71115	71.062	=IF(D7578>0,ROUND(C7578/D7578,6),"")
84097	Provo-Orem, UT	22024	6.031	=IF(D7579>0,ROUND(C7579/D7579,6),"")
84098	Heber, UT	20311	71.836	=IF(D7580>0,ROUND(C7580/D7580,6),"")
84101	Salt Lake City, UT	8329	1.844	=IF(D7581>0,ROUND(C7581/D7581,6),"")
84102	Salt Lake City, UT	19145	1.931	=IF(D7582>0,ROUND(C7582/D7582,6),"")
84103	Salt Lake City, UT	23796	20.476	=IF(D7583>0,ROUND(C7583/D7583,6),"")
84104	Salt Lake City, UT	24057	21.581	=IF(D7584>0,ROUND(C7584/D7584,6),"")
84105	Salt Lake City, UT	22963	3.076	=IF(D7585>0,ROUND(C7585/D7585,6),"")
84106	Salt Lake City, UT	33791	6.038	=IF(D7586>0,ROUND(C7586/D7586,6),"")
84107	Salt Lake City, UT	37548	7.543	=IF(D7587>0,ROUND(C7587/D7587,6),"")
84108	Salt Lake City, UT	21951	72.272	=IF(D7588>0,ROUND(C7588/D7588,6),"")
84109	Salt Lake City, UT	25879	57.009	=IF(D7589>0,ROUND(C7589/D7589,6),"")
84111	Salt Lake City, UT	12446	1.36	=IF(D7590>0,ROUND(C7590/D7590,6),"")
84115	Salt Lake City, UT	28411	6.073	=IF(D7591>0,ROUND(C7591/D7591,6),"")
84116	Salt Lake City, UT	37136	52.848	=IF(D7592>0,ROUND(C7592/D7592,6),"")
84117	Salt Lake City, UT	24873	5.616	=IF(D7593>0,ROUND(C7593/D7593,6),"")
84118	Salt Lake City, UT	41969	12.984	=IF(D7594>0,ROUND(C7594/D7594,6),"")
84119	Salt Lake City, UT	50745	11.513	=IF(D7595>0,ROUND(C7595/D7595,6),"")
84120	Salt Lake City, UT	50589	10.098	=IF(D7596>0,ROUND(C7596/D7596,6),"")
84121	Salt Lake City, UT	39204	64.453	=IF(D7597>0,ROUND(C7597/D7597,6),"")
84123	Salt Lake City, UT	36913	8.271	=IF(D7598>0,ROUND(C7598/D7598,6),"")
84124	Salt Lake City, UT	22992	7.713	=IF(D7599>0,ROUND(C7599/D7599,6),"")
84128	Salt Lake City, UT	32072	8.38	=IF(D7600>0,ROUND(C7600/D7600,6),"")
84129	Salt Lake City, UT	38128	6.669	=IF(D7601>0,ROUND(C7601/D7601,6),"")
84301	Ogden-Clearfield, UT	863	2.819	=IF(D7602>0,ROUND(C7602/D7602,6),"")
84302	Ogden-Clearfield, UT	26711	79.484	=IF(D7603>0,ROUND(C7603/D7603,6),"")
84306	Ogden-Clearfield, UT	362	23.056	=IF(D7604>0,ROUND(C7604/D7604,6),"")
84307	Ogden-Clearfield, UT	1377	599.097	=IF(D7605>0,ROUND(C7605/D7605,6),"")
84309	Ogden-Clearfield, UT	791	8.585	=IF(D7606>0,ROUND(C7606/D7606,6),"")
84310	Ogden-Clearfield, UT	5002	105.913	=IF(D7607>0,ROUND(C7607/D7607,6),"")
84311	Ogden-Clearfield, UT	902	8.924	=IF(D7608>0,ROUND(C7608/D7608,6),"")
84312	Ogden-Clearfield, UT	5070	24.846	=IF(D7609>0,ROUND(C7609/D7609,6),"")
84314	Ogden-Clearfield, UT	1011	7.771	=IF(D7610>0,ROUND(C7610/D7610,6),"")
84315	Ogden-Clearfield, UT	9694	18.004	=IF(D7611>0,ROUND(C7611/D7611,6),"")
84317	Ogden-Clearfield, UT	2814	217.56	=IF(D7612>0,ROUND(C7612/D7612,6),"")
84324	Ogden-Clearfield, UT	1642	22.043	=IF(D7613>0,ROUND(C7613/D7613,6),"")
84330	Ogden-Clearfield, UT	411	35.889	=IF(D7614>0,ROUND(C7614/D7614,6),"")
84337	Ogden-Clearfield, UT	15452	167.645	=IF(D7615>0,ROUND(C7615/D7615,6),"")
84340	Ogden-Clearfield, UT	3386	32.158	=IF(D7616>0,ROUND(C7616/D7616,6),"")
84401	Ogden-Clearfield, UT	46784	30.67	=IF(D7617>0,ROUND(C7617/D7617,6),"")
84403	Ogden-Clearfield, UT	37244	34.012	=IF(D7618>0,ROUND(C7618/D7618,6),"")
84404	Ogden-Clearfield, UT	65875	96.394	=IF(D7619>0,ROUND(C7619/D7619,6),"")
84405	Ogden-Clearfield, UT	34931	18.469	=IF(D7620>0,ROUND(C7620/D7620,6),"")
84414	Ogden-Clearfield, UT	33288	21.715	=IF(D7621>0,ROUND(C7621/D7621,6),"")
84601	Provo-Orem, UT	32871	13.307	=IF(D7622>0,ROUND(C7622/D7622,6),"")
84604	Provo-Orem, UT	43749	94.848	=IF(D7623>0,ROUND(C7623/D7623,6),"")
84606	Provo-Orem, UT	35931	11.577	=IF(D7624>0,ROUND(C7624/D7624,6),"")
84624	Provo-Orem, UT	5956	297.497	=IF(D7625>0,ROUND(C7625/D7625,6),"")
84629	Provo-Orem, UT	3243	239.333	=IF(D7626>0,ROUND(C7626/D7626,6),"")
84633	Provo-Orem, UT	833	24.949	=IF(D7627>0,ROUND(C7627/D7627,6),"")
84645	Provo-Orem, UT	2982	78.503	=IF(D7628>0,ROUND(C7628/D7628,6),"")
84648	Provo-Orem, UT	7289	167.747	=IF(D7629>0,ROUND(C7629/D7629,6),"")
84651	Provo-Orem, UT	29502	126.7	=IF(D7630>0,ROUND(C7630/D7630,6),"")
84653	Provo-Orem, UT	11531	16.059	=IF(D7631>0,ROUND(C7631/D7631,6),"")
84655	Provo-Orem, UT	17157	46.287	=IF(D7632>0,ROUND(C7632/D7632,6),"")
84660	Provo-Orem, UT	47004	362.162	=IF(D7633>0,ROUND(C7633/D7633,6),"")
84663	Provo-Orem, UT	35889	109.665	=IF(D7634>0,ROUND(C7634/D7634,6),"")
84664	Provo-Orem, UT	12340	10.001	=IF(D7635>0,ROUND(C7635/D7635,6),"")
84722	St. George, UT	773	101.347	=IF(D7636>0,ROUND(C7636/D7636,6),"")
84725	St. George, UT	1665	150.408	=IF(D7637>0,ROUND(C7637/D7637,6),"")
84737	St. George, UT	23477	250.113	=IF(D7638>0,ROUND(C7638/D7638,6),"")
84738	St. George, UT	9607	47.446	=IF(D7639>0,ROUND(C7639/D7639,6),"")
84745	St. George, UT	4429	4.996	=IF(D7640>0,ROUND(C7640/D7640,6),"")
84746	St. George, UT	1251	19.224	=IF(D7641>0,ROUND(C7641/D7641,6),"")
84757	St. George, UT	1388	53.781	=IF(D7642>0,ROUND(C7642/D7642,6),"")
84763	St. George, UT	169	14.412	=IF(D7643>0,ROUND(C7643/D7643,6),"")
84765	St. George, UT	7891	48.088	=IF(D7644>0,ROUND(C7644/D7644,6),"")
84767	St. George, UT	620	228.034	=IF(D7645>0,ROUND(C7645/D7645,6),"")
84770	St. George, UT	47226	72.059	=IF(D7646>0,ROUND(C7646/D7646,6),"")
84774	St. George, UT	2115	25.335	=IF(D7647>0,ROUND(C7647/D7647,6),"")
84779	St. George, UT	734	232.005	=IF(D7648>0,ROUND(C7648/D7648,6),"")
84780	St. George, UT	30709	61.767	=IF(D7649>0,ROUND(C7649/D7649,6),"")
84781	St. George, UT	372	74.285	=IF(D7650>0,ROUND(C7650/D7650,6),"")
84782	St. George, UT	562	20.884	=IF(D7651>0,ROUND(C7651/D7651,6),"")
84783	St. George, UT	1019	34.401	=IF(D7652>0,ROUND(C7652/D7652,6),"")
84790	St. George, UT	54353	48.344	=IF(D7653>0,ROUND(C7653/D7653,6),"")
85003	Phoenix-Mesa-Chandler, AZ	10155	1.86	=IF(D7654>0,ROUND(C7654/D7654,6),"")
85004	Phoenix-Mesa-Chandler, AZ	11178	2.052	=IF(D7655>0,ROUND(C7655/D7655,6),"")
85006	Phoenix-Mesa-Chandler, AZ	22081	3.967	=IF(D7656>0,ROUND(C7656/D7656,6),"")
85007	Phoenix-Mesa-Chandler, AZ	13555	4.604	=IF(D7657>0,ROUND(C7657/D7657,6),"")
85008	Phoenix-Mesa-Chandler, AZ	60499	10.225	=IF(D7658>0,ROUND(C7658/D7658,6),"")
85009	Phoenix-Mesa-Chandler, AZ	52116	14.651	=IF(D7659>0,ROUND(C7659/D7659,6),"")
85012	Phoenix-Mesa-Chandler, AZ	8880	2.254	=IF(D7660>0,ROUND(C7660/D7660,6),"")
85013	Phoenix-Mesa-Chandler, AZ	20947	3.685	=IF(D7661>0,ROUND(C7661/D7661,6),"")
85014	Phoenix-Mesa-Chandler, AZ	26215	4.04	=IF(D7662>0,ROUND(C7662/D7662,6),"")
85015	Phoenix-Mesa-Chandler, AZ	42444	4.905	=IF(D7663>0,ROUND(C7663/D7663,6),"")
85016	Phoenix-Mesa-Chandler, AZ	36857	8.196	=IF(D7664>0,ROUND(C7664/D7664,6),"")
85017	Phoenix-Mesa-Chandler, AZ	44336	5.263	=IF(D7665>0,ROUND(C7665/D7665,6),"")
85018	Phoenix-Mesa-Chandler, AZ	38268	15.083	=IF(D7666>0,ROUND(C7666/D7666,6),"")
85019	Phoenix-Mesa-Chandler, AZ	26974	3.731	=IF(D7667>0,ROUND(C7667/D7667,6),"")
85020	Phoenix-Mesa-Chandler, AZ	33934	8.782	=IF(D7668>0,ROUND(C7668/D7668,6),"")
85021	Phoenix-Mesa-Chandler, AZ	40026	6.944	=IF(D7669>0,ROUND(C7669/D7669,6),"")
85022	Phoenix-Mesa-Chandler, AZ	52488	9.401	=IF(D7670>0,ROUND(C7670/D7670,6),"")
85023	Phoenix-Mesa-Chandler, AZ	34635	7.413	=IF(D7671>0,ROUND(C7671/D7671,6),"")
85024	Phoenix-Mesa-Chandler, AZ	25674	11.721	=IF(D7672>0,ROUND(C7672/D7672,6),"")
85027	Phoenix-Mesa-Chandler, AZ	38986	11.732	=IF(D7673>0,ROUND(C7673/D7673,6),"")
85028	Phoenix-Mesa-Chandler, AZ	18952	6.851	=IF(D7674>0,ROUND(C7674/D7674,6),"")
85029	Phoenix-Mesa-Chandler, AZ	49433	9.357	=IF(D7675>0,ROUND(C7675/D7675,6),"")
85031	Phoenix-Mesa-Chandler, AZ	30681	4.062	=IF(D7676>0,ROUND(C7676/D7676,6),"")
85032	Phoenix-Mesa-Chandler, AZ	70447	12.363	=IF(D7677>0,ROUND(C7677/D7677,6),"")
85033	Phoenix-Mesa-Chandler, AZ	58234	6.118	=IF(D7678>0,ROUND(C7678/D7678,6),"")
85034	Phoenix-Mesa-Chandler, AZ	4825	11.559	=IF(D7679>0,ROUND(C7679/D7679,6),"")
85035	Phoenix-Mesa-Chandler, AZ	52002	5.596	=IF(D7680>0,ROUND(C7680/D7680,6),"")
85037	Phoenix-Mesa-Chandler, AZ	53041	8.177	=IF(D7681>0,ROUND(C7681/D7681,6),"")
85040	Phoenix-Mesa-Chandler, AZ	33325	10.109	=IF(D7682>0,ROUND(C7682/D7682,6),"")
85041	Phoenix-Mesa-Chandler, AZ	63881	15.99	=IF(D7683>0,ROUND(C7683/D7683,6),"")
85042	Phoenix-Mesa-Chandler, AZ	45575	19.444	=IF(D7684>0,ROUND(C7684/D7684,6),"")
85043	Phoenix-Mesa-Chandler, AZ	39603	20.308	=IF(D7685>0,ROUND(C7685/D7685,6),"")
85044	Phoenix-Mesa-Chandler, AZ	40419	16.497	=IF(D7686>0,ROUND(C7686/D7686,6),"")
85045	Phoenix-Mesa-Chandler, AZ	7457	3.972	=IF(D7687>0,ROUND(C7687/D7687,6),"")
85048	Phoenix-Mesa-Chandler, AZ	34113	10.12	=IF(D7688>0,ROUND(C7688/D7688,6),"")
85050	Phoenix-Mesa-Chandler, AZ	32669	14.897	=IF(D7689>0,ROUND(C7689/D7689,6),"")
85051	Phoenix-Mesa-Chandler, AZ	45484	6.356	=IF(D7690>0,ROUND(C7690/D7690,6),"")
85053	Phoenix-Mesa-Chandler, AZ	29719	5.167	=IF(D7691>0,ROUND(C7691/D7691,6),"")
85054	Phoenix-Mesa-Chandler, AZ	10159	8.563	=IF(D7692>0,ROUND(C7692/D7692,6),"")
85083	Phoenix-Mesa-Chandler, AZ	21225	19.929	=IF(D7693>0,ROUND(C7693/D7693,6),"")
85085	Phoenix-Mesa-Chandler, AZ	30132	38.118	=IF(D7694>0,ROUND(C7694/D7694,6),"")
85086	Phoenix-Mesa-Chandler, AZ	43369	61.345	=IF(D7695>0,ROUND(C7695/D7695,6),"")
85087	Phoenix-Mesa-Chandler, AZ	9835	87.124	=IF(D7696>0,ROUND(C7696/D7696,6),"")
85118	Phoenix-Mesa-Chandler, AZ	13955	148.671	=IF(D7697>0,ROUND(C7697/D7697,6),"")
85119	Phoenix-Mesa-Chandler, AZ	25611	45.76	=IF(D7698>0,ROUND(C7698/D7698,6),"")
85120	Phoenix-Mesa-Chandler, AZ	29308	23.087	=IF(D7699>0,ROUND(C7699/D7699,6),"")
85122	Phoenix-Mesa-Chandler, AZ	58328	56.399	=IF(D7700>0,ROUND(C7700/D7700,6),"")
85123	Phoenix-Mesa-Chandler, AZ	8828	33.674	=IF(D7701>0,ROUND(C7701/D7701,6),"")
85128	Phoenix-Mesa-Chandler, AZ	18582	166.654	=IF(D7702>0,ROUND(C7702/D7702,6),"")
85131	Phoenix-Mesa-Chandler, AZ	18156	306.716	=IF(D7703>0,ROUND(C7703/D7703,6),"")
85132	Phoenix-Mesa-Chandler, AZ	38809	601.273	=IF(D7704>0,ROUND(C7704/D7704,6),"")
85137	Phoenix-Mesa-Chandler, AZ	2533	234.372	=IF(D7705>0,ROUND(C7705/D7705,6),"")
85138	Phoenix-Mesa-Chandler, AZ	52342	84.75	=IF(D7706>0,ROUND(C7706/D7706,6),"")
85139	Phoenix-Mesa-Chandler, AZ	19522	502.782	=IF(D7707>0,ROUND(C7707/D7707,6),"")
85140	Phoenix-Mesa-Chandler, AZ	51078	82.393	=IF(D7708>0,ROUND(C7708/D7708,6),"")
85142	Phoenix-Mesa-Chandler, AZ	87201	101.333	=IF(D7709>0,ROUND(C7709/D7709,6),"")
85143	Phoenix-Mesa-Chandler, AZ	41517	31.275	=IF(D7710>0,ROUND(C7710/D7710,6),"")
85145	Phoenix-Mesa-Chandler, AZ	3243	38.496	=IF(D7711>0,ROUND(C7711/D7711,6),"")
85173	Phoenix-Mesa-Chandler, AZ	2534	47.69	=IF(D7712>0,ROUND(C7712/D7712,6),"")
85192	Phoenix-Mesa-Chandler, AZ	1831	325.987	=IF(D7713>0,ROUND(C7713/D7713,6),"")
85193	Phoenix-Mesa-Chandler, AZ	4900	213.303	=IF(D7714>0,ROUND(C7714/D7714,6),"")
85194	Phoenix-Mesa-Chandler, AZ	7966	80.738	=IF(D7715>0,ROUND(C7715/D7715,6),"")
85201	Phoenix-Mesa-Chandler, AZ	52484	9.453	=IF(D7716>0,ROUND(C7716/D7716,6),"")
85202	Phoenix-Mesa-Chandler, AZ	39292	6.236	=IF(D7717>0,ROUND(C7717/D7717,6),"")
85203	Phoenix-Mesa-Chandler, AZ	37435	9.259	=IF(D7718>0,ROUND(C7718/D7718,6),"")
85204	Phoenix-Mesa-Chandler, AZ	65018	9.908	=IF(D7719>0,ROUND(C7719/D7719,6),"")
85205	Phoenix-Mesa-Chandler, AZ	44704	10.129	=IF(D7720>0,ROUND(C7720/D7720,6),"")
85206	Phoenix-Mesa-Chandler, AZ	36896	9.387	=IF(D7721>0,ROUND(C7721/D7721,6),"")
85207	Phoenix-Mesa-Chandler, AZ	50135	29.383	=IF(D7722>0,ROUND(C7722/D7722,6),"")
85208	Phoenix-Mesa-Chandler, AZ	37840	8.142	=IF(D7723>0,ROUND(C7723/D7723,6),"")
85209	Phoenix-Mesa-Chandler, AZ	42171	11.788	=IF(D7724>0,ROUND(C7724/D7724,6),"")
85210	Phoenix-Mesa-Chandler, AZ	39941	6.682	=IF(D7725>0,ROUND(C7725/D7725,6),"")
85212	Phoenix-Mesa-Chandler, AZ	50427	38.577	=IF(D7726>0,ROUND(C7726/D7726,6),"")
85213	Phoenix-Mesa-Chandler, AZ	37323	9.218	=IF(D7727>0,ROUND(C7727/D7727,6),"")
85215	Phoenix-Mesa-Chandler, AZ	16600	82.83	=IF(D7728>0,ROUND(C7728/D7728,6),"")
85224	Phoenix-Mesa-Chandler, AZ	48304	9.426	=IF(D7729>0,ROUND(C7729/D7729,6),"")
85225	Phoenix-Mesa-Chandler, AZ	73316	12.692	=IF(D7730>0,ROUND(C7730/D7730,6),"")
85226	Phoenix-Mesa-Chandler, AZ	40974	38.445	=IF(D7731>0,ROUND(C7731/D7731,6),"")
85233	Phoenix-Mesa-Chandler, AZ	37841	9.648	=IF(D7732>0,ROUND(C7732/D7732,6),"")
85234	Phoenix-Mesa-Chandler, AZ	49040	11.943	=IF(D7733>0,ROUND(C7733/D7733,6),"")
85248	Phoenix-Mesa-Chandler, AZ	37461	30.551	=IF(D7734>0,ROUND(C7734/D7734,6),"")
85249	Phoenix-Mesa-Chandler, AZ	48018	14.349	=IF(D7735>0,ROUND(C7735/D7735,6),"")
85250	Phoenix-Mesa-Chandler, AZ	14904	8.408	=IF(D7736>0,ROUND(C7736/D7736,6),"")
85251	Phoenix-Mesa-Chandler, AZ	39976	7.224	=IF(D7737>0,ROUND(C7737/D7737,6),"")
85253	Phoenix-Mesa-Chandler, AZ	17202	18.104	=IF(D7738>0,ROUND(C7738/D7738,6),"")
85254	Phoenix-Mesa-Chandler, AZ	46655	13.718	=IF(D7739>0,ROUND(C7739/D7739,6),"")
85255	Phoenix-Mesa-Chandler, AZ	45136	88.214	=IF(D7740>0,ROUND(C7740/D7740,6),"")
85257	Phoenix-Mesa-Chandler, AZ	29055	6.866	=IF(D7741>0,ROUND(C7741/D7741,6),"")
85258	Phoenix-Mesa-Chandler, AZ	25524	10.307	=IF(D7742>0,ROUND(C7742/D7742,6),"")
85259	Phoenix-Mesa-Chandler, AZ	22156	20.731	=IF(D7743>0,ROUND(C7743/D7743,6),"")
85260	Phoenix-Mesa-Chandler, AZ	39842	14.242	=IF(D7744>0,ROUND(C7744/D7744,6),"")
85262	Phoenix-Mesa-Chandler, AZ	13919	155.203	=IF(D7745>0,ROUND(C7745/D7745,6),"")
85263	Phoenix-Mesa-Chandler, AZ	3335	188.35	=IF(D7746>0,ROUND(C7746/D7746,6),"")
85264	Phoenix-Mesa-Chandler, AZ	1329	427.966	=IF(D7747>0,ROUND(C7747/D7747,6),"")
85266	Phoenix-Mesa-Chandler, AZ	12510	19.617	=IF(D7748>0,ROUND(C7748/D7748,6),"")
85268	Phoenix-Mesa-Chandler, AZ	23895	20.479	=IF(D7749>0,ROUND(C7749/D7749,6),"")
85281	Phoenix-Mesa-Chandler, AZ	70726	13.308	=IF(D7750>0,ROUND(C7750/D7750,6),"")
85282	Phoenix-Mesa-Chandler, AZ	54501	11.098	=IF(D7751>0,ROUND(C7751/D7751,6),"")
85283	Phoenix-Mesa-Chandler, AZ	46789	8.827	=IF(D7752>0,ROUND(C7752/D7752,6),"")
85284	Phoenix-Mesa-Chandler, AZ	19696	7.822	=IF(D7753>0,ROUND(C7753/D7753,6),"")
85286	Phoenix-Mesa-Chandler, AZ	49870	15.91	=IF(D7754>0,ROUND(C7754/D7754,6),"")
85295	Phoenix-Mesa-Chandler, AZ	54697	12.059	=IF(D7755>0,ROUND(C7755/D7755,6),"")
85296	Phoenix-Mesa-Chandler, AZ	52058	11.669	=IF(D7756>0,ROUND(C7756/D7756,6),"")
85297	Phoenix-Mesa-Chandler, AZ	35535	10.728	=IF(D7757>0,ROUND(C7757/D7757,6),"")
85298	Phoenix-Mesa-Chandler, AZ	43536	15.671	=IF(D7758>0,ROUND(C7758/D7758,6),"")
85301	Phoenix-Mesa-Chandler, AZ	66970	9.312	=IF(D7759>0,ROUND(C7759/D7759,6),"")
85302	Phoenix-Mesa-Chandler, AZ	40329	6.011	=IF(D7760>0,ROUND(C7760/D7760,6),"")
85303	Phoenix-Mesa-Chandler, AZ	34769	6.757	=IF(D7761>0,ROUND(C7761/D7761,6),"")
85304	Phoenix-Mesa-Chandler, AZ	29745	5.464	=IF(D7762>0,ROUND(C7762/D7762,6),"")
85305	Phoenix-Mesa-Chandler, AZ	16471	6.13	=IF(D7763>0,ROUND(C7763/D7763,6),"")
85306	Phoenix-Mesa-Chandler, AZ	24696	5.856	=IF(D7764>0,ROUND(C7764/D7764,6),"")
85307	Phoenix-Mesa-Chandler, AZ	13290	10.401	=IF(D7765>0,ROUND(C7765/D7765,6),"")
85308	Phoenix-Mesa-Chandler, AZ	65159	16.904	=IF(D7766>0,ROUND(C7766/D7766,6),"")
85310	Phoenix-Mesa-Chandler, AZ	19612	9.173	=IF(D7767>0,ROUND(C7767/D7767,6),"")
85321	Tucson, AZ	4313	1343.782	=IF(D7768>0,ROUND(C7768/D7768,6),"")
85322	Phoenix-Mesa-Chandler, AZ	493	348.255	=IF(D7769>0,ROUND(C7769/D7769,6),"")
85323	Phoenix-Mesa-Chandler, AZ	46604	17.739	=IF(D7770>0,ROUND(C7770/D7770,6),"")
85326	Phoenix-Mesa-Chandler, AZ	73912	482.964	=IF(D7771>0,ROUND(C7771/D7771,6),"")
85331	Phoenix-Mesa-Chandler, AZ	31866	131.133	=IF(D7772>0,ROUND(C7772/D7772,6),"")
85335	Phoenix-Mesa-Chandler, AZ	35823	11.975	=IF(D7773>0,ROUND(C7773/D7773,6),"")
85337	Phoenix-Mesa-Chandler, AZ	2396	354.014	=IF(D7774>0,ROUND(C7774/D7774,6),"")
85338	Phoenix-Mesa-Chandler, AZ	64448	76.025	=IF(D7775>0,ROUND(C7775/D7775,6),"")
85339	Phoenix-Mesa-Chandler, AZ	53972	258.182	=IF(D7776>0,ROUND(C7776/D7776,6),"")
85340	Phoenix-Mesa-Chandler, AZ	38873	31.298	=IF(D7777>0,ROUND(C7777/D7777,6),"")
85342	Phoenix-Mesa-Chandler, AZ	1639	379.061	=IF(D7778>0,ROUND(C7778/D7778,6),"")
85345	Phoenix-Mesa-Chandler, AZ	61822	12.689	=IF(D7779>0,ROUND(C7779/D7779,6),"")
85351	Phoenix-Mesa-Chandler, AZ	27562	10.878	=IF(D7780>0,ROUND(C7780/D7780,6),"")
85353	Phoenix-Mesa-Chandler, AZ	44995	21.561	=IF(D7781>0,ROUND(C7781/D7781,6),"")
85354	Phoenix-Mesa-Chandler, AZ	7731	715.65	=IF(D7782>0,ROUND(C7782/D7782,6),"")
85355	Phoenix-Mesa-Chandler, AZ	13341	34.611	=IF(D7783>0,ROUND(C7783/D7783,6),"")
85361	Phoenix-Mesa-Chandler, AZ	8107	117.116	=IF(D7784>0,ROUND(C7784/D7784,6),"")
85363	Phoenix-Mesa-Chandler, AZ	6985	1.527	=IF(D7785>0,ROUND(C7785/D7785,6),"")
85373	Phoenix-Mesa-Chandler, AZ	20885	11.261	=IF(D7786>0,ROUND(C7786/D7786,6),"")
85374	Phoenix-Mesa-Chandler, AZ	40955	12.785	=IF(D7787>0,ROUND(C7787/D7787,6),"")
85375	Phoenix-Mesa-Chandler, AZ	27185	12.391	=IF(D7788>0,ROUND(C7788/D7788,6),"")
85377	Phoenix-Mesa-Chandler, AZ	3452	8.594	=IF(D7789>0,ROUND(C7789/D7789,6),"")
85378	Phoenix-Mesa-Chandler, AZ	9401	3.6	=IF(D7790>0,ROUND(C7790/D7790,6),"")
85379	Phoenix-Mesa-Chandler, AZ	49735	10.742	=IF(D7791>0,ROUND(C7791/D7791,6),"")
85381	Phoenix-Mesa-Chandler, AZ	26895	6.671	=IF(D7792>0,ROUND(C7792/D7792,6),"")
85382	Phoenix-Mesa-Chandler, AZ	43109	9.917	=IF(D7793>0,ROUND(C7793/D7793,6),"")
85383	Phoenix-Mesa-Chandler, AZ	72101	156.792	=IF(D7794>0,ROUND(C7794/D7794,6),"")
85387	Phoenix-Mesa-Chandler, AZ	19140	60.026	=IF(D7795>0,ROUND(C7795/D7795,6),"")
85388	Phoenix-Mesa-Chandler, AZ	35003	12.845	=IF(D7796>0,ROUND(C7796/D7796,6),"")
85390	Phoenix-Mesa-Chandler, AZ	9881	475.59	=IF(D7797>0,ROUND(C7797/D7797,6),"")
85392	Phoenix-Mesa-Chandler, AZ	39203	9.713	=IF(D7798>0,ROUND(C7798/D7798,6),"")
85395	Phoenix-Mesa-Chandler, AZ	38701	18.588	=IF(D7799>0,ROUND(C7799/D7799,6),"")
85396	Phoenix-Mesa-Chandler, AZ	38489	99.638	=IF(D7800>0,ROUND(C7800/D7800,6),"")
85614	Tucson, AZ	24696	131.85	=IF(D7801>0,ROUND(C7801/D7801,6),"")
85619	Tucson, AZ	22	217.587	=IF(D7802>0,ROUND(C7802/D7802,6),"")
85622	Tucson, AZ	6345	77.14	=IF(D7803>0,ROUND(C7803/D7803,6),"")
85623	Phoenix-Mesa-Chandler, AZ	5235	188.614	=IF(D7804>0,ROUND(C7804/D7804,6),"")
85629	Tucson, AZ	30989	236.484	=IF(D7805>0,ROUND(C7805/D7805,6),"")
85631	Phoenix-Mesa-Chandler, AZ	3283	118.996	=IF(D7806>0,ROUND(C7806/D7806,6),"")
85637	Tucson, AZ	1133	124.565	=IF(D7807>0,ROUND(C7807/D7807,6),"")
85641	Tucson, AZ	31665	343.414	=IF(D7808>0,ROUND(C7808/D7808,6),"")
85645	Tucson, AZ	1317	158.87	=IF(D7809>0,ROUND(C7809/D7809,6),"")
85653	Tucson, AZ	22796	343.985	=IF(D7810>0,ROUND(C7810/D7810,6),"")
85658	Tucson, AZ	16255	195.005	=IF(D7811>0,ROUND(C7811/D7811,6),"")
85701	Tucson, AZ	5169	1.477	=IF(D7812>0,ROUND(C7812/D7812,6),"")
85704	Tucson, AZ	34608	18.204	=IF(D7813>0,ROUND(C7813/D7813,6),"")
85705	Tucson, AZ	54853	13.625	=IF(D7814>0,ROUND(C7814/D7814,6),"")
85706	Tucson, AZ	56022	13.114	=IF(D7815>0,ROUND(C7815/D7815,6),"")
85710	Tucson, AZ	55004	11.961	=IF(D7816>0,ROUND(C7816/D7816,6),"")
85711	Tucson, AZ	41201	8.616	=IF(D7817>0,ROUND(C7817/D7817,6),"")
85712	Tucson, AZ	31964	6.847	=IF(D7818>0,ROUND(C7818/D7818,6),"")
85713	Tucson, AZ	45615	23.833	=IF(D7819>0,ROUND(C7819/D7819,6),"")
85714	Tucson, AZ	14286	5.636	=IF(D7820>0,ROUND(C7820/D7820,6),"")
85715	Tucson, AZ	19526	6.552	=IF(D7821>0,ROUND(C7821/D7821,6),"")
85716	Tucson, AZ	33447	7.199	=IF(D7822>0,ROUND(C7822/D7822,6),"")
85718	Tucson, AZ	27721	23.639	=IF(D7823>0,ROUND(C7823/D7823,6),"")
85719	Tucson, AZ	49609	7.965	=IF(D7824>0,ROUND(C7824/D7824,6),"")
85730	Tucson, AZ	39065	37.523	=IF(D7825>0,ROUND(C7825/D7825,6),"")
85735	Tucson, AZ	10893	174.78	=IF(D7826>0,ROUND(C7826/D7826,6),"")
85736	Tucson, AZ	4249	424.31	=IF(D7827>0,ROUND(C7827/D7827,6),"")
85737	Tucson, AZ	22951	23.705	=IF(D7828>0,ROUND(C7828/D7828,6),"")
85739	Phoenix-Mesa-Chandler, AZ	18749	255.662	=IF(D7829>0,ROUND(C7829/D7829,6),"")
85741	Tucson, AZ	33332	9.507	=IF(D7830>0,ROUND(C7830/D7830,6),"")
85742	Tucson, AZ	30198	22.297	=IF(D7831>0,ROUND(C7831/D7831,6),"")
85743	Tucson, AZ	30627	118.239	=IF(D7832>0,ROUND(C7832/D7832,6),"")
85745	Tucson, AZ	37788	46.979	=IF(D7833>0,ROUND(C7833/D7833,6),"")
85746	Tucson, AZ	44030	115.863	=IF(D7834>0,ROUND(C7834/D7834,6),"")
85747	Tucson, AZ	26808	67.004	=IF(D7835>0,ROUND(C7835/D7835,6),"")
85748	Tucson, AZ	20526	11.962	=IF(D7836>0,ROUND(C7836/D7836,6),"")
85749	Tucson, AZ	18257	48.341	=IF(D7837>0,ROUND(C7837/D7837,6),"")
85750	Tucson, AZ	24435	18.172	=IF(D7838>0,ROUND(C7838/D7838,6),"")
85755	Tucson, AZ	18231	33.838	=IF(D7839>0,ROUND(C7839/D7839,6),"")
85756	Tucson, AZ	36716	93.65	=IF(D7840>0,ROUND(C7840/D7840,6),"")
85757	Tucson, AZ	20304	25.589	=IF(D7841>0,ROUND(C7841/D7841,6),"")
89002	Las Vegas-Henderson-Paradise, NV	37238	8.683	=IF(D7842>0,ROUND(C7842/D7842,6),"")
89004	Las Vegas-Henderson-Paradise, NV	270	6.571	=IF(D7843>0,ROUND(C7843/D7843,6),"")
89005	Las Vegas-Henderson-Paradise, NV	14925	92.3	=IF(D7844>0,ROUND(C7844/D7844,6),"")
89007	Las Vegas-Henderson-Paradise, NV	1119	215.825	=IF(D7845>0,ROUND(C7845/D7845,6),"")
89011	Las Vegas-Henderson-Paradise, NV	35910	16.504	=IF(D7846>0,ROUND(C7846/D7846,6),"")
89012	Las Vegas-Henderson-Paradise, NV	38081	10.714	=IF(D7847>0,ROUND(C7847/D7847,6),"")
89014	Las Vegas-Henderson-Paradise, NV	42138	7.643	=IF(D7848>0,ROUND(C7848/D7848,6),"")
89015	Las Vegas-Henderson-Paradise, NV	43762	37.288	=IF(D7849>0,ROUND(C7849/D7849,6),"")
89018	Las Vegas-Henderson-Paradise, NV	753	1.746	=IF(D7850>0,ROUND(C7850/D7850,6),"")
89019	Las Vegas-Henderson-Paradise, NV	2355	499.569	=IF(D7851>0,ROUND(C7851/D7851,6),"")
89021	Las Vegas-Henderson-Paradise, NV	3079	51.577	=IF(D7852>0,ROUND(C7852/D7852,6),"")
89027	Las Vegas-Henderson-Paradise, NV	18398	12.494	=IF(D7853>0,ROUND(C7853/D7853,6),"")
89029	Las Vegas-Henderson-Paradise, NV	8954	94.171	=IF(D7854>0,ROUND(C7854/D7854,6),"")
89030	Las Vegas-Henderson-Paradise, NV	52545	9.472	=IF(D7855>0,ROUND(C7855/D7855,6),"")
89031	Las Vegas-Henderson-Paradise, NV	75097	9.891	=IF(D7856>0,ROUND(C7856/D7856,6),"")
89032	Las Vegas-Henderson-Paradise, NV	48055	9.986	=IF(D7857>0,ROUND(C7857/D7857,6),"")
89034	Las Vegas-Henderson-Paradise, NV	2916	17.049	=IF(D7858>0,ROUND(C7858/D7858,6),"")
89040	Las Vegas-Henderson-Paradise, NV	3842	498.429	=IF(D7859>0,ROUND(C7859/D7859,6),"")
89044	Las Vegas-Henderson-Paradise, NV	28319	58.356	=IF(D7860>0,ROUND(C7860/D7860,6),"")
89046	Las Vegas-Henderson-Paradise, NV	383	864.497	=IF(D7861>0,ROUND(C7861/D7861,6),"")
89052	Las Vegas-Henderson-Paradise, NV	59542	16.296	=IF(D7862>0,ROUND(C7862/D7862,6),"")
89074	Las Vegas-Henderson-Paradise, NV	51843	9.071	=IF(D7863>0,ROUND(C7863/D7863,6),"")
89081	Las Vegas-Henderson-Paradise, NV	41055	7.205	=IF(D7864>0,ROUND(C7864/D7864,6),"")
89084	Las Vegas-Henderson-Paradise, NV	37097	14.706	=IF(D7865>0,ROUND(C7865/D7865,6),"")
89085	Las Vegas-Henderson-Paradise, NV	4618	0.506	=IF(D7866>0,ROUND(C7866/D7866,6),"")
89086	Las Vegas-Henderson-Paradise, NV	8714	2.993	=IF(D7867>0,ROUND(C7867/D7867,6),"")
89101	Las Vegas-Henderson-Paradise, NV	44199	5.379	=IF(D7868>0,ROUND(C7868/D7868,6),"")
89102	Las Vegas-Henderson-Paradise, NV	37540	5.337	=IF(D7869>0,ROUND(C7869/D7869,6),"")
89103	Las Vegas-Henderson-Paradise, NV	49546	6.516	=IF(D7870>0,ROUND(C7870/D7870,6),"")
89104	Las Vegas-Henderson-Paradise, NV	39883	5.73	=IF(D7871>0,ROUND(C7871/D7871,6),"")
89106	Las Vegas-Henderson-Paradise, NV	26440	5.072	=IF(D7872>0,ROUND(C7872/D7872,6),"")
89107	Las Vegas-Henderson-Paradise, NV	37087	5.631	=IF(D7873>0,ROUND(C7873/D7873,6),"")
89108	Las Vegas-Henderson-Paradise, NV	74566	8.908	=IF(D7874>0,ROUND(C7874/D7874,6),"")
89109	Las Vegas-Henderson-Paradise, NV	6924	4.125	=IF(D7875>0,ROUND(C7875/D7875,6),"")
89110	Las Vegas-Henderson-Paradise, NV	67259	9.56	=IF(D7876>0,ROUND(C7876/D7876,6),"")
89113	Las Vegas-Henderson-Paradise, NV	37313	10.771	=IF(D7877>0,ROUND(C7877/D7877,6),"")
89115	Las Vegas-Henderson-Paradise, NV	66773	24.898	=IF(D7878>0,ROUND(C7878/D7878,6),"")
89117	Las Vegas-Henderson-Paradise, NV	55832	9.191	=IF(D7879>0,ROUND(C7879/D7879,6),"")
89118	Las Vegas-Henderson-Paradise, NV	23299	10.598	=IF(D7880>0,ROUND(C7880/D7880,6),"")
89119	Las Vegas-Henderson-Paradise, NV	50585	12.903	=IF(D7881>0,ROUND(C7881/D7881,6),"")
89120	Las Vegas-Henderson-Paradise, NV	23797	7.056	=IF(D7882>0,ROUND(C7882/D7882,6),"")
89121	Las Vegas-Henderson-Paradise, NV	67090	9.18	=IF(D7883>0,ROUND(C7883/D7883,6),"")
89122	Las Vegas-Henderson-Paradise, NV	53075	9.526	=IF(D7884>0,ROUND(C7884/D7884,6),"")
89123	Las Vegas-Henderson-Paradise, NV	57693	10.358	=IF(D7885>0,ROUND(C7885/D7885,6),"")
89124	Las Vegas-Henderson-Paradise, NV	711	934.265	=IF(D7886>0,ROUND(C7886/D7886,6),"")
89128	Las Vegas-Henderson-Paradise, NV	39397	5.987	=IF(D7887>0,ROUND(C7887/D7887,6),"")
89129	Las Vegas-Henderson-Paradise, NV	54575	9.982	=IF(D7888>0,ROUND(C7888/D7888,6),"")
89130	Las Vegas-Henderson-Paradise, NV	35152	7.705	=IF(D7889>0,ROUND(C7889/D7889,6),"")
89131	Las Vegas-Henderson-Paradise, NV	50578	16.163	=IF(D7890>0,ROUND(C7890/D7890,6),"")
89134	Las Vegas-Henderson-Paradise, NV	23503	6.674	=IF(D7891>0,ROUND(C7891/D7891,6),"")
89135	Las Vegas-Henderson-Paradise, NV	31432	50.68	=IF(D7892>0,ROUND(C7892/D7892,6),"")
89138	Las Vegas-Henderson-Paradise, NV	23650	18.196	=IF(D7893>0,ROUND(C7893/D7893,6),"")
89139	Las Vegas-Henderson-Paradise, NV	44501	10.731	=IF(D7894>0,ROUND(C7894/D7894,6),"")
89141	Las Vegas-Henderson-Paradise, NV	41181	10.52	=IF(D7895>0,ROUND(C7895/D7895,6),"")
89142	Las Vegas-Henderson-Paradise, NV	35298	5.993	=IF(D7896>0,ROUND(C7896/D7896,6),"")
89143	Las Vegas-Henderson-Paradise, NV	13456	3.507	=IF(D7897>0,ROUND(C7897/D7897,6),"")
89144	Las Vegas-Henderson-Paradise, NV	19949	4.459	=IF(D7898>0,ROUND(C7898/D7898,6),"")
89145	Las Vegas-Henderson-Paradise, NV	26675	4.242	=IF(D7899>0,ROUND(C7899/D7899,6),"")
89146	Las Vegas-Henderson-Paradise, NV	20727	4.801	=IF(D7900>0,ROUND(C7900/D7900,6),"")
89147	Las Vegas-Henderson-Paradise, NV	56108	7.355	=IF(D7901>0,ROUND(C7901/D7901,6),"")
89148	Las Vegas-Henderson-Paradise, NV	64013	9.717	=IF(D7902>0,ROUND(C7902/D7902,6),"")
89149	Las Vegas-Henderson-Paradise, NV	45009	13.028	=IF(D7903>0,ROUND(C7903/D7903,6),"")
89156	Las Vegas-Henderson-Paradise, NV	31026	44.65	=IF(D7904>0,ROUND(C7904/D7904,6),"")
89161	Las Vegas-Henderson-Paradise, NV	312	147.983	=IF(D7905>0,ROUND(C7905/D7905,6),"")
89166	Las Vegas-Henderson-Paradise, NV	30206	174.836	=IF(D7906>0,ROUND(C7906/D7906,6),"")
89169	Las Vegas-Henderson-Paradise, NV	21203	3.448	=IF(D7907>0,ROUND(C7907/D7907,6),"")
89178	Las Vegas-Henderson-Paradise, NV	43155	22.583	=IF(D7908>0,ROUND(C7908/D7908,6),"")
89179	Las Vegas-Henderson-Paradise, NV	11971	116.911	=IF(D7909>0,ROUND(C7909/D7909,6),"")
89183	Las Vegas-Henderson-Paradise, NV	42050	7.002	=IF(D7910>0,ROUND(C7910/D7910,6),"")
89402	Reno, NV	135	0.265	=IF(D7911>0,ROUND(C7911/D7911,6),"")
89403	Fernley, NV	17391	161.951	=IF(D7912>0,ROUND(C7912/D7912,6),"")
89408	Fernley, NV	24025	464.141	=IF(D7913>0,ROUND(C7913/D7913,6),"")
89410	Gardnerville Ranchos, NV	10970	231.217	=IF(D7914>0,ROUND(C7914/D7914,6),"")
89411	Gardnerville Ranchos, NV	1264	21.418	=IF(D7915>0,ROUND(C7915/D7915,6),"")
89413	Gardnerville Ranchos, NV	734	15.786	=IF(D7916>0,ROUND(C7916/D7916,6),"")
89423	Gardnerville Ranchos, NV	10828	74.869	=IF(D7917>0,ROUND(C7917/D7917,6),"")
89428	Fernley, NV	124	1.534	=IF(D7918>0,ROUND(C7918/D7918,6),"")
89429	Fernley, NV	7949	236.231	=IF(D7919>0,ROUND(C7919/D7919,6),"")
89430	Fernley, NV	84	32.56	=IF(D7920>0,ROUND(C7920/D7920,6),"")
89431	Reno, NV	40772	9.23	=IF(D7921>0,ROUND(C7921/D7921,6),"")
89433	Reno, NV	23385	11.142	=IF(D7922>0,ROUND(C7922/D7922,6),"")
89434	Reno, NV	27798	125.505	=IF(D7923>0,ROUND(C7923/D7923,6),"")
89436	Reno, NV	48221	42.495	=IF(D7924>0,ROUND(C7924/D7924,6),"")
89439	Reno, NV	2071	16.261	=IF(D7925>0,ROUND(C7925/D7925,6),"")
89440	Reno, NV	828	12.473	=IF(D7926>0,ROUND(C7926/D7926,6),"")
89441	Reno, NV	13854	49.734	=IF(D7927>0,ROUND(C7927/D7927,6),"")
89442	Reno, NV	827	217.167	=IF(D7928>0,ROUND(C7928/D7928,6),"")
89444	Gardnerville Ranchos, NV	3198	211.0	=IF(D7929>0,ROUND(C7929/D7929,6),"")
89447	Fernley, NV	8410	853.787	=IF(D7930>0,ROUND(C7930/D7930,6),"")
89448	Gardnerville Ranchos, NV	1961	12.289	=IF(D7931>0,ROUND(C7931/D7931,6),"")
89449	Gardnerville Ranchos, NV	2785	10.031	=IF(D7932>0,ROUND(C7932/D7932,6),"")
89451	Reno, NV	9165	42.188	=IF(D7933>0,ROUND(C7933/D7933,6),"")
89460	Gardnerville Ranchos, NV	14389	55.19	=IF(D7934>0,ROUND(C7934/D7934,6),"")
89501	Reno, NV	3641	0.586	=IF(D7935>0,ROUND(C7935/D7935,6),"")
89502	Reno, NV	45708	21.449	=IF(D7936>0,ROUND(C7936/D7936,6),"")
89503	Reno, NV	30740	6.175	=IF(D7937>0,ROUND(C7937/D7937,6),"")
89506	Reno, NV	45349	91.121	=IF(D7938>0,ROUND(C7938/D7938,6),"")
89508	Reno, NV	14595	150.091	=IF(D7939>0,ROUND(C7939/D7939,6),"")
89509	Reno, NV	35877	8.823	=IF(D7940>0,ROUND(C7940/D7940,6),"")
89510	Reno, NV	1570	596.748	=IF(D7941>0,ROUND(C7941/D7941,6),"")
89511	Reno, NV	30214	131.589	=IF(D7942>0,ROUND(C7942/D7942,6),"")
89512	Reno, NV	28133	6.206	=IF(D7943>0,ROUND(C7943/D7943,6),"")
89519	Reno, NV	8718	6.499	=IF(D7944>0,ROUND(C7944/D7944,6),"")
89521	Reno, NV	40537	93.007	=IF(D7945>0,ROUND(C7945/D7945,6),"")
89523	Reno, NV	37167	18.884	=IF(D7946>0,ROUND(C7946/D7946,6),"")
89701	Carson City, NV	28400	34.823	=IF(D7947>0,ROUND(C7947/D7947,6),"")
89703	Carson City, NV	10939	44.256	=IF(D7948>0,ROUND(C7948/D7948,6),"")
89704	Reno, NV	4843	76.423	=IF(D7949>0,ROUND(C7949/D7949,6),"")
89705	Gardnerville Ranchos, NV	5100	23.201	=IF(D7950>0,ROUND(C7950/D7950,6),"")
89706	Carson City, NV	20724	34.512	=IF(D7951>0,ROUND(C7951/D7951,6),"")
90001	Los Angeles-Long Beach-Anaheim, CA	56403	3.28	=IF(D7952>0,ROUND(C7952/D7952,6),"")
90002	Los Angeles-Long Beach-Anaheim, CA	52735	2.993	=IF(D7953>0,ROUND(C7953/D7953,6),"")
90003	Los Angeles-Long Beach-Anaheim, CA	71708	3.625	=IF(D7954>0,ROUND(C7954/D7954,6),"")
90004	Los Angeles-Long Beach-Anaheim, CA	58844	3.051	=IF(D7955>0,ROUND(C7955/D7955,6),"")
90005	Los Angeles-Long Beach-Anaheim, CA	38747	1.18	=IF(D7956>0,ROUND(C7956/D7956,6),"")
90006	Los Angeles-Long Beach-Anaheim, CA	55192	1.934	=IF(D7957>0,ROUND(C7957/D7957,6),"")
90007	Los Angeles-Long Beach-Anaheim, CA	39253	2.43	=IF(D7958>0,ROUND(C7958/D7958,6),"")
90008	Los Angeles-Long Beach-Anaheim, CA	33443	2.893	=IF(D7959>0,ROUND(C7959/D7959,6),"")
90011	Los Angeles-Long Beach-Anaheim, CA	102784	4.289	=IF(D7960>0,ROUND(C7960/D7960,6),"")
90012	Los Angeles-Long Beach-Anaheim, CA	37463	3.638	=IF(D7961>0,ROUND(C7961/D7961,6),"")
90015	Los Angeles-Long Beach-Anaheim, CA	25257	1.693	=IF(D7962>0,ROUND(C7962/D7962,6),"")
90016	Los Angeles-Long Beach-Anaheim, CA	46102	3.597	=IF(D7963>0,ROUND(C7963/D7963,6),"")
90018	Los Angeles-Long Beach-Anaheim, CA	48812	3.001	=IF(D7964>0,ROUND(C7964/D7964,6),"")
90019	Los Angeles-Long Beach-Anaheim, CA	59288	3.871	=IF(D7965>0,ROUND(C7965/D7965,6),"")
90020	Los Angeles-Long Beach-Anaheim, CA	38361	1.112	=IF(D7966>0,ROUND(C7966/D7966,6),"")
90022	Los Angeles-Long Beach-Anaheim, CA	61638	4.422	=IF(D7967>0,ROUND(C7967/D7967,6),"")
90023	Los Angeles-Long Beach-Anaheim, CA	44608	4.317	=IF(D7968>0,ROUND(C7968/D7968,6),"")
90024	Los Angeles-Long Beach-Anaheim, CA	50830	2.974	=IF(D7969>0,ROUND(C7969/D7969,6),"")
90025	Los Angeles-Long Beach-Anaheim, CA	45238	2.551	=IF(D7970>0,ROUND(C7970/D7970,6),"")
90026	Los Angeles-Long Beach-Anaheim, CA	62902	4.03	=IF(D7971>0,ROUND(C7971/D7971,6),"")
90027	Los Angeles-Long Beach-Anaheim, CA	46049	8.125	=IF(D7972>0,ROUND(C7972/D7972,6),"")
90028	Los Angeles-Long Beach-Anaheim, CA	31441	1.511	=IF(D7973>0,ROUND(C7973/D7973,6),"")
90029	Los Angeles-Long Beach-Anaheim, CA	33830	1.376	=IF(D7974>0,ROUND(C7974/D7974,6),"")
90031	Los Angeles-Long Beach-Anaheim, CA	36881	3.5	=IF(D7975>0,ROUND(C7975/D7975,6),"")
90032	Los Angeles-Long Beach-Anaheim, CA	43724	4.815	=IF(D7976>0,ROUND(C7976/D7976,6),"")
90033	Los Angeles-Long Beach-Anaheim, CA	46540	3.277	=IF(D7977>0,ROUND(C7977/D7977,6),"")
90034	Los Angeles-Long Beach-Anaheim, CA	55120	3.101	=IF(D7978>0,ROUND(C7978/D7978,6),"")
90035	Los Angeles-Long Beach-Anaheim, CA	27851	2.276	=IF(D7979>0,ROUND(C7979/D7979,6),"")
90036	Los Angeles-Long Beach-Anaheim, CA	38784	2.456	=IF(D7980>0,ROUND(C7980/D7980,6),"")
90037	Los Angeles-Long Beach-Anaheim, CA	67895	2.888	=IF(D7981>0,ROUND(C7981/D7981,6),"")
90038	Los Angeles-Long Beach-Anaheim, CA	27807	1.548	=IF(D7982>0,ROUND(C7982/D7982,6),"")
90039	Los Angeles-Long Beach-Anaheim, CA	28572	3.64	=IF(D7983>0,ROUND(C7983/D7983,6),"")
90040	Los Angeles-Long Beach-Anaheim, CA	11683	5.568	=IF(D7984>0,ROUND(C7984/D7984,6),"")
90041	Los Angeles-Long Beach-Anaheim, CA	27351	3.594	=IF(D7985>0,ROUND(C7985/D7985,6),"")
90042	Los Angeles-Long Beach-Anaheim, CA	58344	4.519	=IF(D7986>0,ROUND(C7986/D7986,6),"")
90043	Los Angeles-Long Beach-Anaheim, CA	43548	4.102	=IF(D7987>0,ROUND(C7987/D7987,6),"")
90044	Los Angeles-Long Beach-Anaheim, CA	95859	5.102	=IF(D7988>0,ROUND(C7988/D7988,6),"")
90045	Los Angeles-Long Beach-Anaheim, CA	42352	10.759	=IF(D7989>0,ROUND(C7989/D7989,6),"")
90046	Los Angeles-Long Beach-Anaheim, CA	48905	5.666	=IF(D7990>0,ROUND(C7990/D7990,6),"")
90047	Los Angeles-Long Beach-Anaheim, CA	50925	4.707	=IF(D7991>0,ROUND(C7991/D7991,6),"")
90048	Los Angeles-Long Beach-Anaheim, CA	20796	1.893	=IF(D7992>0,ROUND(C7992/D7992,6),"")
90049	Los Angeles-Long Beach-Anaheim, CA	36735	14.972	=IF(D7993>0,ROUND(C7993/D7993,6),"")
90056	Los Angeles-Long Beach-Anaheim, CA	8908	2.258	=IF(D7994>0,ROUND(C7994/D7994,6),"")
90057	Los Angeles-Long Beach-Anaheim, CA	45548	0.88	=IF(D7995>0,ROUND(C7995/D7995,6),"")
90058	Los Angeles-Long Beach-Anaheim, CA	3409	5.786	=IF(D7996>0,ROUND(C7996/D7996,6),"")
90059	Los Angeles-Long Beach-Anaheim, CA	38015	3.162	=IF(D7997>0,ROUND(C7997/D7997,6),"")
90061	Los Angeles-Long Beach-Anaheim, CA	28478	2.713	=IF(D7998>0,ROUND(C7998/D7998,6),"")
90062	Los Angeles-Long Beach-Anaheim, CA	32110	1.908	=IF(D7999>0,ROUND(C7999/D7999,6),"")
90063	Los Angeles-Long Beach-Anaheim, CA	50536	3.285	=IF(D8000>0,ROUND(C8000/D8000,6),"")
90064	Los Angeles-Long Beach-Anaheim, CA	26494	3.724	=IF(D8001>0,ROUND(C8001/D8001,6),"")
90065	Los Angeles-Long Beach-Anaheim, CA	45075	5.49	=IF(D8002>0,ROUND(C8002/D8002,6),"")
90066	Los Angeles-Long Beach-Anaheim, CA	54975	4.808	=IF(D8003>0,ROUND(C8003/D8003,6),"")
90067	Los Angeles-Long Beach-Anaheim, CA	3165	0.43	=IF(D8004>0,ROUND(C8004/D8004,6),"")
90068	Los Angeles-Long Beach-Anaheim, CA	21569	8.004	=IF(D8005>0,ROUND(C8005/D8005,6),"")
90069	Los Angeles-Long Beach-Anaheim, CA	20318	2.152	=IF(D8006>0,ROUND(C8006/D8006,6),"")
90077	Los Angeles-Long Beach-Anaheim, CA	8158	7.262	=IF(D8007>0,ROUND(C8007/D8007,6),"")
90094	Los Angeles-Long Beach-Anaheim, CA	12127	0.715	=IF(D8008>0,ROUND(C8008/D8008,6),"")
90201	Los Angeles-Long Beach-Anaheim, CA	93783	5.988	=IF(D8009>0,ROUND(C8009/D8009,6),"")
90210	Los Angeles-Long Beach-Anaheim, CA	19652	10.748	=IF(D8010>0,ROUND(C8010/D8010,6),"")
90211	Los Angeles-Long Beach-Anaheim, CA	8871	0.7	=IF(D8011>0,ROUND(C8011/D8011,6),"")
90212	Los Angeles-Long Beach-Anaheim, CA	10834	0.947	=IF(D8012>0,ROUND(C8012/D8012,6),"")
90220	Los Angeles-Long Beach-Anaheim, CA	49156	6.918	=IF(D8013>0,ROUND(C8013/D8013,6),"")
90221	Los Angeles-Long Beach-Anaheim, CA	50782	5.381	=IF(D8014>0,ROUND(C8014/D8014,6),"")
90222	Los Angeles-Long Beach-Anaheim, CA	32173	2.707	=IF(D8015>0,ROUND(C8015/D8015,6),"")
90230	Los Angeles-Long Beach-Anaheim, CA	31570	4.54	=IF(D8016>0,ROUND(C8016/D8016,6),"")
90232	Los Angeles-Long Beach-Anaheim, CA	16804	2.163	=IF(D8017>0,ROUND(C8017/D8017,6),"")
90240	Los Angeles-Long Beach-Anaheim, CA	25326	3.009	=IF(D8018>0,ROUND(C8018/D8018,6),"")
90241	Los Angeles-Long Beach-Anaheim, CA	45484	4.877	=IF(D8019>0,ROUND(C8019/D8019,6),"")
90242	Los Angeles-Long Beach-Anaheim, CA	40983	4.516	=IF(D8020>0,ROUND(C8020/D8020,6),"")
90245	Los Angeles-Long Beach-Anaheim, CA	16863	5.348	=IF(D8021>0,ROUND(C8021/D8021,6),"")
90247	Los Angeles-Long Beach-Anaheim, CA	47303	3.756	=IF(D8022>0,ROUND(C8022/D8022,6),"")
90248	Los Angeles-Long Beach-Anaheim, CA	11144	4.753	=IF(D8023>0,ROUND(C8023/D8023,6),"")
90249	Los Angeles-Long Beach-Anaheim, CA	25967	2.972	=IF(D8024>0,ROUND(C8024/D8024,6),"")
90250	Los Angeles-Long Beach-Anaheim, CA	94991	6.768	=IF(D8025>0,ROUND(C8025/D8025,6),"")
90254	Los Angeles-Long Beach-Anaheim, CA	19248	1.429	=IF(D8026>0,ROUND(C8026/D8026,6),"")
90255	Los Angeles-Long Beach-Anaheim, CA	70363	3.726	=IF(D8027>0,ROUND(C8027/D8027,6),"")
90260	Los Angeles-Long Beach-Anaheim, CA	32379	2.47	=IF(D8028>0,ROUND(C8028/D8028,6),"")
90262	Los Angeles-Long Beach-Anaheim, CA	64918	4.772	=IF(D8029>0,ROUND(C8029/D8029,6),"")
90265	Los Angeles-Long Beach-Anaheim, CA	15914	111.01	=IF(D8030>0,ROUND(C8030/D8030,6),"")
90266	Los Angeles-Long Beach-Anaheim, CA	34584	4.048	=IF(D8031>0,ROUND(C8031/D8031,6),"")
90270	Los Angeles-Long Beach-Anaheim, CA	24522	1.189	=IF(D8032>0,ROUND(C8032/D8032,6),"")
90272	Los Angeles-Long Beach-Anaheim, CA	21438	23.811	=IF(D8033>0,ROUND(C8033/D8033,6),"")
90274	Los Angeles-Long Beach-Anaheim, CA	24988	11.973	=IF(D8034>0,ROUND(C8034/D8034,6),"")
90275	Los Angeles-Long Beach-Anaheim, CA	41367	13.532	=IF(D8035>0,ROUND(C8035/D8035,6),"")
90277	Los Angeles-Long Beach-Anaheim, CA	35391	3.57	=IF(D8036>0,ROUND(C8036/D8036,6),"")
90278	Los Angeles-Long Beach-Anaheim, CA	42536	3.671	=IF(D8037>0,ROUND(C8037/D8037,6),"")
90280	Los Angeles-Long Beach-Anaheim, CA	91719	7.38	=IF(D8038>0,ROUND(C8038/D8038,6),"")
90290	Los Angeles-Long Beach-Anaheim, CA	5948	18.725	=IF(D8039>0,ROUND(C8039/D8039,6),"")
90291	Los Angeles-Long Beach-Anaheim, CA	25738	2.465	=IF(D8040>0,ROUND(C8040/D8040,6),"")
90292	Los Angeles-Long Beach-Anaheim, CA	23684	2.096	=IF(D8041>0,ROUND(C8041/D8041,6),"")
90293	Los Angeles-Long Beach-Anaheim, CA	12784	2.74	=IF(D8042>0,ROUND(C8042/D8042,6),"")
90301	Los Angeles-Long Beach-Anaheim, CA	36428	2.481	=IF(D8043>0,ROUND(C8043/D8043,6),"")
90302	Los Angeles-Long Beach-Anaheim, CA	28871	1.913	=IF(D8044>0,ROUND(C8044/D8044,6),"")
90303	Los Angeles-Long Beach-Anaheim, CA	23169	1.941	=IF(D8045>0,ROUND(C8045/D8045,6),"")
90304	Los Angeles-Long Beach-Anaheim, CA	26215	1.64	=IF(D8046>0,ROUND(C8046/D8046,6),"")
90305	Los Angeles-Long Beach-Anaheim, CA	14612	2.614	=IF(D8047>0,ROUND(C8047/D8047,6),"")
90401	Los Angeles-Long Beach-Anaheim, CA	7925	0.755	=IF(D8048>0,ROUND(C8048/D8048,6),"")
90402	Los Angeles-Long Beach-Anaheim, CA	11178	2.042	=IF(D8049>0,ROUND(C8049/D8049,6),"")
90403	Los Angeles-Long Beach-Anaheim, CA	25087	1.412	=IF(D8050>0,ROUND(C8050/D8050,6),"")
90404	Los Angeles-Long Beach-Anaheim, CA	22881	1.971	=IF(D8051>0,ROUND(C8051/D8051,6),"")
90405	Los Angeles-Long Beach-Anaheim, CA	26809	2.781	=IF(D8052>0,ROUND(C8052/D8052,6),"")
90501	Los Angeles-Long Beach-Anaheim, CA	41319	5.685	=IF(D8053>0,ROUND(C8053/D8053,6),"")
90502	Los Angeles-Long Beach-Anaheim, CA	18114	2.239	=IF(D8054>0,ROUND(C8054/D8054,6),"")
90503	Los Angeles-Long Beach-Anaheim, CA	43764	5.267	=IF(D8055>0,ROUND(C8055/D8055,6),"")
90504	Los Angeles-Long Beach-Anaheim, CA	33321	4.41	=IF(D8056>0,ROUND(C8056/D8056,6),"")
90505	Los Angeles-Long Beach-Anaheim, CA	35605	5.852	=IF(D8057>0,ROUND(C8057/D8057,6),"")
90601	Los Angeles-Long Beach-Anaheim, CA	30472	10.602	=IF(D8058>0,ROUND(C8058/D8058,6),"")
90602	Los Angeles-Long Beach-Anaheim, CA	25823	3.752	=IF(D8059>0,ROUND(C8059/D8059,6),"")
90603	Los Angeles-Long Beach-Anaheim, CA	20361	3.163	=IF(D8060>0,ROUND(C8060/D8060,6),"")
90604	Los Angeles-Long Beach-Anaheim, CA	39378	4.209	=IF(D8061>0,ROUND(C8061/D8061,6),"")
90605	Los Angeles-Long Beach-Anaheim, CA	39224	6.386	=IF(D8062>0,ROUND(C8062/D8062,6),"")
90606	Los Angeles-Long Beach-Anaheim, CA	31881	3.794	=IF(D8063>0,ROUND(C8063/D8063,6),"")
90620	Los Angeles-Long Beach-Anaheim, CA	46992	6.368	=IF(D8064>0,ROUND(C8064/D8064,6),"")
90621	Los Angeles-Long Beach-Anaheim, CA	35735	4.192	=IF(D8065>0,ROUND(C8065/D8065,6),"")
90623	Los Angeles-Long Beach-Anaheim, CA	15369	1.814	=IF(D8066>0,ROUND(C8066/D8066,6),"")
90630	Los Angeles-Long Beach-Anaheim, CA	49565	6.15	=IF(D8067>0,ROUND(C8067/D8067,6),"")
90631	Los Angeles-Long Beach-Anaheim, CA	68615	13.98	=IF(D8068>0,ROUND(C8068/D8068,6),"")
90638	Los Angeles-Long Beach-Anaheim, CA	45714	7.75	=IF(D8069>0,ROUND(C8069/D8069,6),"")
90640	Los Angeles-Long Beach-Anaheim, CA	61615	8.323	=IF(D8070>0,ROUND(C8070/D8070,6),"")
90650	Los Angeles-Long Beach-Anaheim, CA	100808	9.902	=IF(D8071>0,ROUND(C8071/D8071,6),"")
90660	Los Angeles-Long Beach-Anaheim, CA	60821	7.751	=IF(D8072>0,ROUND(C8072/D8072,6),"")
90670	Los Angeles-Long Beach-Anaheim, CA	18255	8.318	=IF(D8073>0,ROUND(C8073/D8073,6),"")
90680	Los Angeles-Long Beach-Anaheim, CA	31949	2.552	=IF(D8074>0,ROUND(C8074/D8074,6),"")
90701	Los Angeles-Long Beach-Anaheim, CA	16044	1.628	=IF(D8075>0,ROUND(C8075/D8075,6),"")
90703	Los Angeles-Long Beach-Anaheim, CA	48607	8.748	=IF(D8076>0,ROUND(C8076/D8076,6),"")
90704	Los Angeles-Long Beach-Anaheim, CA	3764	76.089	=IF(D8077>0,ROUND(C8077/D8077,6),"")
90706	Los Angeles-Long Beach-Anaheim, CA	77396	6.105	=IF(D8078>0,ROUND(C8078/D8078,6),"")
90710	Los Angeles-Long Beach-Anaheim, CA	26777	2.334	=IF(D8079>0,ROUND(C8079/D8079,6),"")
90712	Los Angeles-Long Beach-Anaheim, CA	30672	4.215	=IF(D8080>0,ROUND(C8080/D8080,6),"")
90713	Los Angeles-Long Beach-Anaheim, CA	28583	3.468	=IF(D8081>0,ROUND(C8081/D8081,6),"")
90715	Los Angeles-Long Beach-Anaheim, CA	20668	1.695	=IF(D8082>0,ROUND(C8082/D8082,6),"")
90716	Los Angeles-Long Beach-Anaheim, CA	13743	0.921	=IF(D8083>0,ROUND(C8083/D8083,6),"")
90717	Los Angeles-Long Beach-Anaheim, CA	21319	2.003	=IF(D8084>0,ROUND(C8084/D8084,6),"")
90720	Los Angeles-Long Beach-Anaheim, CA	24021	6.079	=IF(D8085>0,ROUND(C8085/D8085,6),"")
90723	Los Angeles-Long Beach-Anaheim, CA	52546	4.747	=IF(D8086>0,ROUND(C8086/D8086,6),"")
90731	Los Angeles-Long Beach-Anaheim, CA	62452	9.225	=IF(D8087>0,ROUND(C8087/D8087,6),"")
90732	Los Angeles-Long Beach-Anaheim, CA	23104	3.577	=IF(D8088>0,ROUND(C8088/D8088,6),"")
90740	Los Angeles-Long Beach-Anaheim, CA	24382	11.11	=IF(D8089>0,ROUND(C8089/D8089,6),"")
90742	Los Angeles-Long Beach-Anaheim, CA	385	0.172	=IF(D8090>0,ROUND(C8090/D8090,6),"")
90744	Los Angeles-Long Beach-Anaheim, CA	53678	8.888	=IF(D8091>0,ROUND(C8091/D8091,6),"")
90745	Los Angeles-Long Beach-Anaheim, CA	57952	8.226	=IF(D8092>0,ROUND(C8092/D8092,6),"")
90746	Los Angeles-Long Beach-Anaheim, CA	27465	5.785	=IF(D8093>0,ROUND(C8093/D8093,6),"")
90755	Los Angeles-Long Beach-Anaheim, CA	11654	2.173	=IF(D8094>0,ROUND(C8094/D8094,6),"")
90802	Los Angeles-Long Beach-Anaheim, CA	39859	6.501	=IF(D8095>0,ROUND(C8095/D8095,6),"")
90803	Los Angeles-Long Beach-Anaheim, CA	31804	4.061	=IF(D8096>0,ROUND(C8096/D8096,6),"")
90804	Los Angeles-Long Beach-Anaheim, CA	38306	2.159	=IF(D8097>0,ROUND(C8097/D8097,6),"")
90805	Los Angeles-Long Beach-Anaheim, CA	94631	7.419	=IF(D8098>0,ROUND(C8098/D8098,6),"")
90806	Los Angeles-Long Beach-Anaheim, CA	39972	4.887	=IF(D8099>0,ROUND(C8099/D8099,6),"")
90807	Los Angeles-Long Beach-Anaheim, CA	33320	4.421	=IF(D8100>0,ROUND(C8100/D8100,6),"")
90808	Los Angeles-Long Beach-Anaheim, CA	39351	6.868	=IF(D8101>0,ROUND(C8101/D8101,6),"")
90810	Los Angeles-Long Beach-Anaheim, CA	35648	6.539	=IF(D8102>0,ROUND(C8102/D8102,6),"")
90813	Los Angeles-Long Beach-Anaheim, CA	51689	3.08	=IF(D8103>0,ROUND(C8103/D8103,6),"")
90814	Los Angeles-Long Beach-Anaheim, CA	20676	1.333	=IF(D8104>0,ROUND(C8104/D8104,6),"")
90815	Los Angeles-Long Beach-Anaheim, CA	43461	7.054	=IF(D8105>0,ROUND(C8105/D8105,6),"")
91001	Los Angeles-Long Beach-Anaheim, CA	36402	8.26	=IF(D8106>0,ROUND(C8106/D8106,6),"")
91006	Los Angeles-Long Beach-Anaheim, CA	32106	6.43	=IF(D8107>0,ROUND(C8107/D8107,6),"")
91007	Los Angeles-Long Beach-Anaheim, CA	33141	5.505	=IF(D8108>0,ROUND(C8108/D8108,6),"")
91008	Los Angeles-Long Beach-Anaheim, CA	754	1.925	=IF(D8109>0,ROUND(C8109/D8109,6),"")
91010	Los Angeles-Long Beach-Anaheim, CA	27245	6.431	=IF(D8110>0,ROUND(C8110/D8110,6),"")
91011	Los Angeles-Long Beach-Anaheim, CA	20094	11.261	=IF(D8111>0,ROUND(C8111/D8111,6),"")
91016	Los Angeles-Long Beach-Anaheim, CA	41710	8.478	=IF(D8112>0,ROUND(C8112/D8112,6),"")
91020	Los Angeles-Long Beach-Anaheim, CA	7265	0.718	=IF(D8113>0,ROUND(C8113/D8113,6),"")
91024	Los Angeles-Long Beach-Anaheim, CA	11020	3.495	=IF(D8114>0,ROUND(C8114/D8114,6),"")
91030	Los Angeles-Long Beach-Anaheim, CA	26297	3.432	=IF(D8115>0,ROUND(C8115/D8115,6),"")
91040	Los Angeles-Long Beach-Anaheim, CA	21436	8.32	=IF(D8116>0,ROUND(C8116/D8116,6),"")
91042	Los Angeles-Long Beach-Anaheim, CA	27055	49.798	=IF(D8117>0,ROUND(C8117/D8117,6),"")
91101	Los Angeles-Long Beach-Anaheim, CA	20814	1.27	=IF(D8118>0,ROUND(C8118/D8118,6),"")
91103	Los Angeles-Long Beach-Anaheim, CA	24910	4.589	=IF(D8119>0,ROUND(C8119/D8119,6),"")
91104	Los Angeles-Long Beach-Anaheim, CA	35595	3.771	=IF(D8120>0,ROUND(C8120/D8120,6),"")
91105	Los Angeles-Long Beach-Anaheim, CA	12546	4.196	=IF(D8121>0,ROUND(C8121/D8121,6),"")
91106	Los Angeles-Long Beach-Anaheim, CA	23217	2.717	=IF(D8122>0,ROUND(C8122/D8122,6),"")
91107	Los Angeles-Long Beach-Anaheim, CA	32944	8.458	=IF(D8123>0,ROUND(C8123/D8123,6),"")
91108	Los Angeles-Long Beach-Anaheim, CA	12464	3.789	=IF(D8124>0,ROUND(C8124/D8124,6),"")
91201	Los Angeles-Long Beach-Anaheim, CA	22261	2.383	=IF(D8125>0,ROUND(C8125/D8125,6),"")
91202	Los Angeles-Long Beach-Anaheim, CA	22258	4.921	=IF(D8126>0,ROUND(C8126/D8126,6),"")
91203	Los Angeles-Long Beach-Anaheim, CA	16482	0.878	=IF(D8127>0,ROUND(C8127/D8127,6),"")
91204	Los Angeles-Long Beach-Anaheim, CA	18847	1.044	=IF(D8128>0,ROUND(C8128/D8128,6),"")
91205	Los Angeles-Long Beach-Anaheim, CA	34890	1.895	=IF(D8129>0,ROUND(C8129/D8129,6),"")
91206	Los Angeles-Long Beach-Anaheim, CA	32330	5.764	=IF(D8130>0,ROUND(C8130/D8130,6),"")
91207	Los Angeles-Long Beach-Anaheim, CA	10626	1.591	=IF(D8131>0,ROUND(C8131/D8131,6),"")
91208	Los Angeles-Long Beach-Anaheim, CA	15467	7.391	=IF(D8132>0,ROUND(C8132/D8132,6),"")
91214	Los Angeles-Long Beach-Anaheim, CA	31707	7.278	=IF(D8133>0,ROUND(C8133/D8133,6),"")
91301	Los Angeles-Long Beach-Anaheim, CA	24477	33.117	=IF(D8134>0,ROUND(C8134/D8134,6),"")
91302	Los Angeles-Long Beach-Anaheim, CA	26205	27.45	=IF(D8135>0,ROUND(C8135/D8135,6),"")
91303	Los Angeles-Long Beach-Anaheim, CA	29522	2.115	=IF(D8136>0,ROUND(C8136/D8136,6),"")
91304	Los Angeles-Long Beach-Anaheim, CA	53794	9.727	=IF(D8137>0,ROUND(C8137/D8137,6),"")
91306	Los Angeles-Long Beach-Anaheim, CA	48177	4.158	=IF(D8138>0,ROUND(C8138/D8138,6),"")
91307	Los Angeles-Long Beach-Anaheim, CA	25823	8.14	=IF(D8139>0,ROUND(C8139/D8139,6),"")
91311	Los Angeles-Long Beach-Anaheim, CA	40557	33.463	=IF(D8140>0,ROUND(C8140/D8140,6),"")
91316	Los Angeles-Long Beach-Anaheim, CA	29246	5.457	=IF(D8141>0,ROUND(C8141/D8141,6),"")
91320	Oxnard-Thousand Oaks-Ventura, CA	43628	20.176	=IF(D8142>0,ROUND(C8142/D8142,6),"")
91321	Los Angeles-Long Beach-Anaheim, CA	32668	26.66	=IF(D8143>0,ROUND(C8143/D8143,6),"")
91324	Los Angeles-Long Beach-Anaheim, CA	29510	4.258	=IF(D8144>0,ROUND(C8144/D8144,6),"")
91325	Los Angeles-Long Beach-Anaheim, CA	35116	4.816	=IF(D8145>0,ROUND(C8145/D8145,6),"")
91326	Los Angeles-Long Beach-Anaheim, CA	37068	8.1	=IF(D8146>0,ROUND(C8146/D8146,6),"")
91331	Los Angeles-Long Beach-Anaheim, CA	98820	9.345	=IF(D8147>0,ROUND(C8147/D8147,6),"")
91335	Los Angeles-Long Beach-Anaheim, CA	74802	6.566	=IF(D8148>0,ROUND(C8148/D8148,6),"")
91340	Los Angeles-Long Beach-Anaheim, CA	33750	3.431	=IF(D8149>0,ROUND(C8149/D8149,6),"")
91342	Los Angeles-Long Beach-Anaheim, CA	93513	45.445	=IF(D8150>0,ROUND(C8150/D8150,6),"")
91343	Los Angeles-Long Beach-Anaheim, CA	61607	5.923	=IF(D8151>0,ROUND(C8151/D8151,6),"")
91344	Los Angeles-Long Beach-Anaheim, CA	53248	14.462	=IF(D8152>0,ROUND(C8152/D8152,6),"")
91345	Los Angeles-Long Beach-Anaheim, CA	18282	3.244	=IF(D8153>0,ROUND(C8153/D8153,6),"")
91350	Los Angeles-Long Beach-Anaheim, CA	43621	15.866	=IF(D8154>0,ROUND(C8154/D8154,6),"")
91351	Los Angeles-Long Beach-Anaheim, CA	33553	8.686	=IF(D8155>0,ROUND(C8155/D8155,6),"")
91352	Los Angeles-Long Beach-Anaheim, CA	46153	11.731	=IF(D8156>0,ROUND(C8156/D8156,6),"")
91354	Los Angeles-Long Beach-Anaheim, CA	33059	7.327	=IF(D8157>0,ROUND(C8157/D8157,6),"")
91355	Los Angeles-Long Beach-Anaheim, CA	28777	13.158	=IF(D8158>0,ROUND(C8158/D8158,6),"")
91356	Los Angeles-Long Beach-Anaheim, CA	30809	7.333	=IF(D8159>0,ROUND(C8159/D8159,6),"")
91360	Oxnard-Thousand Oaks-Ventura, CA	42315	15.363	=IF(D8160>0,ROUND(C8160/D8160,6),"")
91361	Oxnard-Thousand Oaks-Ventura, CA	18728	28.867	=IF(D8161>0,ROUND(C8161/D8161,6),"")
91362	Oxnard-Thousand Oaks-Ventura, CA	36205	18.989	=IF(D8162>0,ROUND(C8162/D8162,6),"")
91364	Los Angeles-Long Beach-Anaheim, CA	28662	7.539	=IF(D8163>0,ROUND(C8163/D8163,6),"")
91367	Los Angeles-Long Beach-Anaheim, CA	45427	7.487	=IF(D8164>0,ROUND(C8164/D8164,6),"")
91377	Oxnard-Thousand Oaks-Ventura, CA	13656	5.395	=IF(D8165>0,ROUND(C8165/D8165,6),"")
91381	Los Angeles-Long Beach-Anaheim, CA	21857	39.537	=IF(D8166>0,ROUND(C8166/D8166,6),"")
91384	Los Angeles-Long Beach-Anaheim, CA	27278	103.601	=IF(D8167>0,ROUND(C8167/D8167,6),"")
91387	Los Angeles-Long Beach-Anaheim, CA	46283	53.421	=IF(D8168>0,ROUND(C8168/D8168,6),"")
91390	Los Angeles-Long Beach-Anaheim, CA	18722	158.124	=IF(D8169>0,ROUND(C8169/D8169,6),"")
91401	Los Angeles-Long Beach-Anaheim, CA	39011	3.539	=IF(D8170>0,ROUND(C8170/D8170,6),"")
91402	Los Angeles-Long Beach-Anaheim, CA	66710	3.726	=IF(D8171>0,ROUND(C8171/D8171,6),"")
91403	Los Angeles-Long Beach-Anaheim, CA	25566	3.587	=IF(D8172>0,ROUND(C8172/D8172,6),"")
91405	Los Angeles-Long Beach-Anaheim, CA	54887	3.398	=IF(D8173>0,ROUND(C8173/D8173,6),"")
91406	Los Angeles-Long Beach-Anaheim, CA	52661	8.059	=IF(D8174>0,ROUND(C8174/D8174,6),"")
91411	Los Angeles-Long Beach-Anaheim, CA	23520	1.952	=IF(D8175>0,ROUND(C8175/D8175,6),"")
91423	Los Angeles-Long Beach-Anaheim, CA	32536	4.062	=IF(D8176>0,ROUND(C8176/D8176,6),"")
91436	Los Angeles-Long Beach-Anaheim, CA	16424	5.221	=IF(D8177>0,ROUND(C8177/D8177,6),"")
91501	Los Angeles-Long Beach-Anaheim, CA	19343	2.728	=IF(D8178>0,ROUND(C8178/D8178,6),"")
91502	Los Angeles-Long Beach-Anaheim, CA	11732	1.343	=IF(D8179>0,ROUND(C8179/D8179,6),"")
91504	Los Angeles-Long Beach-Anaheim, CA	27268	9.321	=IF(D8180>0,ROUND(C8180/D8180,6),"")
91505	Los Angeles-Long Beach-Anaheim, CA	31843	5.354	=IF(D8181>0,ROUND(C8181/D8181,6),"")
91506	Los Angeles-Long Beach-Anaheim, CA	18773	2.423	=IF(D8182>0,ROUND(C8182/D8182,6),"")
91601	Los Angeles-Long Beach-Anaheim, CA	37033	2.637	=IF(D8183>0,ROUND(C8183/D8183,6),"")
91602	Los Angeles-Long Beach-Anaheim, CA	19760	2.04	=IF(D8184>0,ROUND(C8184/D8184,6),"")
91604	Los Angeles-Long Beach-Anaheim, CA	32118	4.741	=IF(D8185>0,ROUND(C8185/D8185,6),"")
91605	Los Angeles-Long Beach-Anaheim, CA	52086	5.37	=IF(D8186>0,ROUND(C8186/D8186,6),"")
91606	Los Angeles-Long Beach-Anaheim, CA	43202	3.329	=IF(D8187>0,ROUND(C8187/D8187,6),"")
91607	Los Angeles-Long Beach-Anaheim, CA	30918	2.467	=IF(D8188>0,ROUND(C8188/D8188,6),"")
91701	Riverside-San Bernardino-Ontario, CA	38597	7.392	=IF(D8189>0,ROUND(C8189/D8189,6),"")
91702	Los Angeles-Long Beach-Anaheim, CA	61766	65.032	=IF(D8190>0,ROUND(C8190/D8190,6),"")
91706	Los Angeles-Long Beach-Anaheim, CA	71620	13.53	=IF(D8191>0,ROUND(C8191/D8191,6),"")
91708	Riverside-San Bernardino-Ontario, CA	17308	8.074	=IF(D8192>0,ROUND(C8192/D8192,6),"")
91709	Riverside-San Bernardino-Ontario, CA	78200	44.814	=IF(D8193>0,ROUND(C8193/D8193,6),"")
91710	Riverside-San Bernardino-Ontario, CA	80186	22.014	=IF(D8194>0,ROUND(C8194/D8194,6),"")
91711	Los Angeles-Long Beach-Anaheim, CA	37538	14.936	=IF(D8195>0,ROUND(C8195/D8195,6),"")
91722	Los Angeles-Long Beach-Anaheim, CA	34087	4.125	=IF(D8196>0,ROUND(C8196/D8196,6),"")
91723	Los Angeles-Long Beach-Anaheim, CA	18200	2.333	=IF(D8197>0,ROUND(C8197/D8197,6),"")
91724	Los Angeles-Long Beach-Anaheim, CA	28113	6.236	=IF(D8198>0,ROUND(C8198/D8198,6),"")
91730	Riverside-San Bernardino-Ontario, CA	71692	13.729	=IF(D8199>0,ROUND(C8199/D8199,6),"")
91731	Los Angeles-Long Beach-Anaheim, CA	28122	3.795	=IF(D8200>0,ROUND(C8200/D8200,6),"")
91732	Los Angeles-Long Beach-Anaheim, CA	58056	4.54	=IF(D8201>0,ROUND(C8201/D8201,6),"")
91733	Los Angeles-Long Beach-Anaheim, CA	41716	6.747	=IF(D8202>0,ROUND(C8202/D8202,6),"")
91737	Riverside-San Bernardino-Ontario, CA	22797	10.09	=IF(D8203>0,ROUND(C8203/D8203,6),"")
91739	Riverside-San Bernardino-Ontario, CA	41722	28.422	=IF(D8204>0,ROUND(C8204/D8204,6),"")
91740	Los Angeles-Long Beach-Anaheim, CA	26160	5.009	=IF(D8205>0,ROUND(C8205/D8205,6),"")
91741	Los Angeles-Long Beach-Anaheim, CA	26166	20.369	=IF(D8206>0,ROUND(C8206/D8206,6),"")
91744	Los Angeles-Long Beach-Anaheim, CA	78253	8.692	=IF(D8207>0,ROUND(C8207/D8207,6),"")
91745	Los Angeles-Long Beach-Anaheim, CA	54996	12.95	=IF(D8208>0,ROUND(C8208/D8208,6),"")
91746	Los Angeles-Long Beach-Anaheim, CA	28256	5.809	=IF(D8209>0,ROUND(C8209/D8209,6),"")
91748	Los Angeles-Long Beach-Anaheim, CA	43137	14.176	=IF(D8210>0,ROUND(C8210/D8210,6),"")
91750	Los Angeles-Long Beach-Anaheim, CA	33267	18.537	=IF(D8211>0,ROUND(C8211/D8211,6),"")
91752	Riverside-San Bernardino-Ontario, CA	37551	15.082	=IF(D8212>0,ROUND(C8212/D8212,6),"")
91754	Los Angeles-Long Beach-Anaheim, CA	33176	4.52	=IF(D8213>0,ROUND(C8213/D8213,6),"")
91755	Los Angeles-Long Beach-Anaheim, CA	26413	3.15	=IF(D8214>0,ROUND(C8214/D8214,6),"")
91759	Riverside-San Bernardino-Ontario, CA	290	82.531	=IF(D8215>0,ROUND(C8215/D8215,6),"")
91761	Riverside-San Bernardino-Ontario, CA	62506	28.492	=IF(D8216>0,ROUND(C8216/D8216,6),"")
91762	Riverside-San Bernardino-Ontario, CA	63656	14.301	=IF(D8217>0,ROUND(C8217/D8217,6),"")
91763	Riverside-San Bernardino-Ontario, CA	37515	5.3	=IF(D8218>0,ROUND(C8218/D8218,6),"")
91764	Riverside-San Bernardino-Ontario, CA	55412	7.907	=IF(D8219>0,ROUND(C8219/D8219,6),"")
91765	Los Angeles-Long Beach-Anaheim, CA	44779	18.568	=IF(D8220>0,ROUND(C8220/D8220,6),"")
91766	Los Angeles-Long Beach-Anaheim, CA	68673	10.098	=IF(D8221>0,ROUND(C8221/D8221,6),"")
91767	Los Angeles-Long Beach-Anaheim, CA	50308	5.685	=IF(D8222>0,ROUND(C8222/D8222,6),"")
91768	Los Angeles-Long Beach-Anaheim, CA	34921	8.2	=IF(D8223>0,ROUND(C8223/D8223,6),"")
91770	Los Angeles-Long Beach-Anaheim, CA	58893	6.524	=IF(D8224>0,ROUND(C8224/D8224,6),"")
91773	Los Angeles-Long Beach-Anaheim, CA	33917	14.976	=IF(D8225>0,ROUND(C8225/D8225,6),"")
91775	Los Angeles-Long Beach-Anaheim, CA	23776	3.099	=IF(D8226>0,ROUND(C8226/D8226,6),"")
91776	Los Angeles-Long Beach-Anaheim, CA	37769	3.341	=IF(D8227>0,ROUND(C8227/D8227,6),"")
91780	Los Angeles-Long Beach-Anaheim, CA	35136	3.845	=IF(D8228>0,ROUND(C8228/D8228,6),"")
91784	Riverside-San Bernardino-Ontario, CA	26900	9.14	=IF(D8229>0,ROUND(C8229/D8229,6),"")
91786	Riverside-San Bernardino-Ontario, CA	55519	8.943	=IF(D8230>0,ROUND(C8230/D8230,6),"")
91789	Los Angeles-Long Beach-Anaheim, CA	40933	15.867	=IF(D8231>0,ROUND(C8231/D8231,6),"")
91790	Los Angeles-Long Beach-Anaheim, CA	44791	5.756	=IF(D8232>0,ROUND(C8232/D8232,6),"")
91791	Los Angeles-Long Beach-Anaheim, CA	33321	6.642	=IF(D8233>0,ROUND(C8233/D8233,6),"")
91792	Los Angeles-Long Beach-Anaheim, CA	30921	3.842	=IF(D8234>0,ROUND(C8234/D8234,6),"")
91801	Los Angeles-Long Beach-Anaheim, CA	53730	4.324	=IF(D8235>0,ROUND(C8235/D8235,6),"")
91803	Los Angeles-Long Beach-Anaheim, CA	27803	3.26	=IF(D8236>0,ROUND(C8236/D8236,6),"")
91901	San Diego-Chula Vista-Carlsbad, CA	18300	77.874	=IF(D8237>0,ROUND(C8237/D8237,6),"")
91902	San Diego-Chula Vista-Carlsbad, CA	17445	11.217	=IF(D8238>0,ROUND(C8238/D8238,6),"")
91905	San Diego-Chula Vista-Carlsbad, CA	1466	83.577	=IF(D8239>0,ROUND(C8239/D8239,6),"")
91906	San Diego-Chula Vista-Carlsbad, CA	3375	105.145	=IF(D8240>0,ROUND(C8240/D8240,6),"")
91910	San Diego-Chula Vista-Carlsbad, CA	77957	12.587	=IF(D8241>0,ROUND(C8241/D8241,6),"")
91911	San Diego-Chula Vista-Carlsbad, CA	84619	12.728	=IF(D8242>0,ROUND(C8242/D8242,6),"")
91913	San Diego-Chula Vista-Carlsbad, CA	57067	9.096	=IF(D8243>0,ROUND(C8243/D8243,6),"")
91914	San Diego-Chula Vista-Carlsbad, CA	17036	6.644	=IF(D8244>0,ROUND(C8244/D8244,6),"")
91915	San Diego-Chula Vista-Carlsbad, CA	35385	7.729	=IF(D8245>0,ROUND(C8245/D8245,6),"")
91916	San Diego-Chula Vista-Carlsbad, CA	1757	61.901	=IF(D8246>0,ROUND(C8246/D8246,6),"")
91917	San Diego-Chula Vista-Carlsbad, CA	889	51.835	=IF(D8247>0,ROUND(C8247/D8247,6),"")
91932	San Diego-Chula Vista-Carlsbad, CA	25897	4.277	=IF(D8248>0,ROUND(C8248/D8248,6),"")
91934	San Diego-Chula Vista-Carlsbad, CA	1265	51.468	=IF(D8249>0,ROUND(C8249/D8249,6),"")
91935	San Diego-Chula Vista-Carlsbad, CA	9466	105.49	=IF(D8250>0,ROUND(C8250/D8250,6),"")
91941	San Diego-Chula Vista-Carlsbad, CA	33706	8.223	=IF(D8251>0,ROUND(C8251/D8251,6),"")
91942	San Diego-Chula Vista-Carlsbad, CA	40920	5.77	=IF(D8252>0,ROUND(C8252/D8252,6),"")
91945	San Diego-Chula Vista-Carlsbad, CA	27531	3.953	=IF(D8253>0,ROUND(C8253/D8253,6),"")
91950	San Diego-Chula Vista-Carlsbad, CA	57173	7.337	=IF(D8254>0,ROUND(C8254/D8254,6),"")
91962	San Diego-Chula Vista-Carlsbad, CA	2457	58.664	=IF(D8255>0,ROUND(C8255/D8255,6),"")
91963	San Diego-Chula Vista-Carlsbad, CA	617	41.247	=IF(D8256>0,ROUND(C8256/D8256,6),"")
91977	San Diego-Chula Vista-Carlsbad, CA	62957	9.918	=IF(D8257>0,ROUND(C8257/D8257,6),"")
91978	San Diego-Chula Vista-Carlsbad, CA	10511	11.94	=IF(D8258>0,ROUND(C8258/D8258,6),"")
92003	San Diego-Chula Vista-Carlsbad, CA	4978	15.016	=IF(D8259>0,ROUND(C8259/D8259,6),"")
92007	San Diego-Chula Vista-Carlsbad, CA	11764	2.313	=IF(D8260>0,ROUND(C8260/D8260,6),"")
92009	San Diego-Chula Vista-Carlsbad, CA	45778	12.185	=IF(D8261>0,ROUND(C8261/D8261,6),"")
92010	San Diego-Chula Vista-Carlsbad, CA	17300	8.248	=IF(D8262>0,ROUND(C8262/D8262,6),"")
92011	San Diego-Chula Vista-Carlsbad, CA	23715	6.537	=IF(D8263>0,ROUND(C8263/D8263,6),"")
92014	San Diego-Chula Vista-Carlsbad, CA	13260	6.305	=IF(D8264>0,ROUND(C8264/D8264,6),"")
92019	San Diego-Chula Vista-Carlsbad, CA	45801	31.731	=IF(D8265>0,ROUND(C8265/D8265,6),"")
92020	San Diego-Chula Vista-Carlsbad, CA	58490	11.116	=IF(D8266>0,ROUND(C8266/D8266,6),"")
92021	San Diego-Chula Vista-Carlsbad, CA	69306	28.039	=IF(D8267>0,ROUND(C8267/D8267,6),"")
92024	San Diego-Chula Vista-Carlsbad, CA	50030	18.025	=IF(D8268>0,ROUND(C8268/D8268,6),"")
92025	San Diego-Chula Vista-Carlsbad, CA	50046	22.373	=IF(D8269>0,ROUND(C8269/D8269,6),"")
92026	San Diego-Chula Vista-Carlsbad, CA	53041	36.058	=IF(D8270>0,ROUND(C8270/D8270,6),"")
92027	San Diego-Chula Vista-Carlsbad, CA	55232	59.669	=IF(D8271>0,ROUND(C8271/D8271,6),"")
92028	San Diego-Chula Vista-Carlsbad, CA	50905	116.723	=IF(D8272>0,ROUND(C8272/D8272,6),"")
92029	San Diego-Chula Vista-Carlsbad, CA	20296	22.56	=IF(D8273>0,ROUND(C8273/D8273,6),"")
92036	San Diego-Chula Vista-Carlsbad, CA	3128	504.308	=IF(D8274>0,ROUND(C8274/D8274,6),"")
92037	San Diego-Chula Vista-Carlsbad, CA	39284	12.046	=IF(D8275>0,ROUND(C8275/D8275,6),"")
92040	San Diego-Chula Vista-Carlsbad, CA	45978	67.196	=IF(D8276>0,ROUND(C8276/D8276,6),"")
92054	San Diego-Chula Vista-Carlsbad, CA	37546	7.47	=IF(D8277>0,ROUND(C8277/D8277,6),"")
92056	San Diego-Chula Vista-Carlsbad, CA	53265	12.309	=IF(D8278>0,ROUND(C8278/D8278,6),"")
92057	San Diego-Chula Vista-Carlsbad, CA	57994	14.964	=IF(D8279>0,ROUND(C8279/D8279,6),"")
92058	San Diego-Chula Vista-Carlsbad, CA	49189	44.256	=IF(D8280>0,ROUND(C8280/D8280,6),"")
92059	San Diego-Chula Vista-Carlsbad, CA	1449	27.549	=IF(D8281>0,ROUND(C8281/D8281,6),"")
92060	San Diego-Chula Vista-Carlsbad, CA	591	68.866	=IF(D8282>0,ROUND(C8282/D8282,6),"")
92061	San Diego-Chula Vista-Carlsbad, CA	1693	34.812	=IF(D8283>0,ROUND(C8283/D8283,6),"")
92064	San Diego-Chula Vista-Carlsbad, CA	48555	42.337	=IF(D8284>0,ROUND(C8284/D8284,6),"")
92065	San Diego-Chula Vista-Carlsbad, CA	37397	169.349	=IF(D8285>0,ROUND(C8285/D8285,6),"")
92066	San Diego-Chula Vista-Carlsbad, CA	314	22.059	=IF(D8286>0,ROUND(C8286/D8286,6),"")
92067	San Diego-Chula Vista-Carlsbad, CA	8245	22.393	=IF(D8287>0,ROUND(C8287/D8287,6),"")
92069	San Diego-Chula Vista-Carlsbad, CA	46825	18.472	=IF(D8288>0,ROUND(C8288/D8288,6),"")
92070	San Diego-Chula Vista-Carlsbad, CA	749	129.415	=IF(D8289>0,ROUND(C8289/D8289,6),"")
92071	San Diego-Chula Vista-Carlsbad, CA	59739	18.849	=IF(D8290>0,ROUND(C8290/D8290,6),"")
92075	San Diego-Chula Vista-Carlsbad, CA	11996	3.418	=IF(D8291>0,ROUND(C8291/D8291,6),"")
92078	San Diego-Chula Vista-Carlsbad, CA	53542	16.7	=IF(D8292>0,ROUND(C8292/D8292,6),"")
92081	San Diego-Chula Vista-Carlsbad, CA	29596	8.93	=IF(D8293>0,ROUND(C8293/D8293,6),"")
92082	San Diego-Chula Vista-Carlsbad, CA	20596	125.728	=IF(D8294>0,ROUND(C8294/D8294,6),"")
92083	San Diego-Chula Vista-Carlsbad, CA	37957	5.548	=IF(D8295>0,ROUND(C8295/D8295,6),"")
92084	San Diego-Chula Vista-Carlsbad, CA	49533	28.342	=IF(D8296>0,ROUND(C8296/D8296,6),"")
92086	San Diego-Chula Vista-Carlsbad, CA	1410	221.35	=IF(D8297>0,ROUND(C8297/D8297,6),"")
92091	San Diego-Chula Vista-Carlsbad, CA	1215	1.29	=IF(D8298>0,ROUND(C8298/D8298,6),"")
92101	San Diego-Chula Vista-Carlsbad, CA	48163	5.386	=IF(D8299>0,ROUND(C8299/D8299,6),"")
92102	San Diego-Chula Vista-Carlsbad, CA	39001	4.491	=IF(D8300>0,ROUND(C8300/D8300,6),"")
92103	San Diego-Chula Vista-Carlsbad, CA	34817	3.685	=IF(D8301>0,ROUND(C8301/D8301,6),"")
92104	San Diego-Chula Vista-Carlsbad, CA	46912	3.695	=IF(D8302>0,ROUND(C8302/D8302,6),"")
92105	San Diego-Chula Vista-Carlsbad, CA	71284	5.756	=IF(D8303>0,ROUND(C8303/D8303,6),"")
92106	San Diego-Chula Vista-Carlsbad, CA	20863	5.664	=IF(D8304>0,ROUND(C8304/D8304,6),"")
92107	San Diego-Chula Vista-Carlsbad, CA	29789	3.024	=IF(D8305>0,ROUND(C8305/D8305,6),"")
92108	San Diego-Chula Vista-Carlsbad, CA	24401	4.408	=IF(D8306>0,ROUND(C8306/D8306,6),"")
92109	San Diego-Chula Vista-Carlsbad, CA	44456	7.609	=IF(D8307>0,ROUND(C8307/D8307,6),"")
92110	San Diego-Chula Vista-Carlsbad, CA	31186	5.007	=IF(D8308>0,ROUND(C8308/D8308,6),"")
92111	San Diego-Chula Vista-Carlsbad, CA	45888	8.479	=IF(D8309>0,ROUND(C8309/D8309,6),"")
92113	San Diego-Chula Vista-Carlsbad, CA	49047	4.511	=IF(D8310>0,ROUND(C8310/D8310,6),"")
92114	San Diego-Chula Vista-Carlsbad, CA	64820	8.288	=IF(D8311>0,ROUND(C8311/D8311,6),"")
92115	San Diego-Chula Vista-Carlsbad, CA	64011	6.169	=IF(D8312>0,ROUND(C8312/D8312,6),"")
92116	San Diego-Chula Vista-Carlsbad, CA	31484	3.38	=IF(D8313>0,ROUND(C8313/D8313,6),"")
92117	San Diego-Chula Vista-Carlsbad, CA	52645	8.703	=IF(D8314>0,ROUND(C8314/D8314,6),"")
92118	San Diego-Chula Vista-Carlsbad, CA	18495	7.69	=IF(D8315>0,ROUND(C8315/D8315,6),"")
92119	San Diego-Chula Vista-Carlsbad, CA	24868	6.565	=IF(D8316>0,ROUND(C8316/D8316,6),"")
92120	San Diego-Chula Vista-Carlsbad, CA	31797	7.681	=IF(D8317>0,ROUND(C8317/D8317,6),"")
92121	San Diego-Chula Vista-Carlsbad, CA	4157	12.539	=IF(D8318>0,ROUND(C8318/D8318,6),"")
92122	San Diego-Chula Vista-Carlsbad, CA	45437	5.378	=IF(D8319>0,ROUND(C8319/D8319,6),"")
92123	San Diego-Chula Vista-Carlsbad, CA	32999	8.611	=IF(D8320>0,ROUND(C8320/D8320,6),"")
92124	San Diego-Chula Vista-Carlsbad, CA	31032	9.784	=IF(D8321>0,ROUND(C8321/D8321,6),"")
92126	San Diego-Chula Vista-Carlsbad, CA	77239	11.586	=IF(D8322>0,ROUND(C8322/D8322,6),"")
92127	San Diego-Chula Vista-Carlsbad, CA	50711	22.674	=IF(D8323>0,ROUND(C8323/D8323,6),"")
92128	San Diego-Chula Vista-Carlsbad, CA	48492	11.706	=IF(D8324>0,ROUND(C8324/D8324,6),"")
92129	San Diego-Chula Vista-Carlsbad, CA	53080	13.084	=IF(D8325>0,ROUND(C8325/D8325,6),"")
92130	San Diego-Chula Vista-Carlsbad, CA	59768	18.564	=IF(D8326>0,ROUND(C8326/D8326,6),"")
92131	San Diego-Chula Vista-Carlsbad, CA	35831	38.643	=IF(D8327>0,ROUND(C8327/D8327,6),"")
92139	San Diego-Chula Vista-Carlsbad, CA	34780	3.578	=IF(D8328>0,ROUND(C8328/D8328,6),"")
92154	San Diego-Chula Vista-Carlsbad, CA	82832	51.507	=IF(D8329>0,ROUND(C8329/D8329,6),"")
92173	San Diego-Chula Vista-Carlsbad, CA	26507	2.877	=IF(D8330>0,ROUND(C8330/D8330,6),"")
92201	Riverside-San Bernardino-Ontario, CA	66364	16.213	=IF(D8331>0,ROUND(C8331/D8331,6),"")
92203	Riverside-San Bernardino-Ontario, CA	33381	18.458	=IF(D8332>0,ROUND(C8332/D8332,6),"")
92210	Riverside-San Bernardino-Ontario, CA	4830	14.319	=IF(D8333>0,ROUND(C8333/D8333,6),"")
92211	Riverside-San Bernardino-Ontario, CA	27375	14.825	=IF(D8334>0,ROUND(C8334/D8334,6),"")
92220	Riverside-San Bernardino-Ontario, CA	33428	141.338	=IF(D8335>0,ROUND(C8335/D8335,6),"")
92223	Riverside-San Bernardino-Ontario, CA	62797	44.984	=IF(D8336>0,ROUND(C8336/D8336,6),"")
92225	Riverside-San Bernardino-Ontario, CA	21101	580.971	=IF(D8337>0,ROUND(C8337/D8337,6),"")
92230	Riverside-San Bernardino-Ontario, CA	2105	11.677	=IF(D8338>0,ROUND(C8338/D8338,6),"")
92234	Riverside-San Bernardino-Ontario, CA	52047	14.764	=IF(D8339>0,ROUND(C8339/D8339,6),"")
92236	Riverside-San Bernardino-Ontario, CA	42884	61.851	=IF(D8340>0,ROUND(C8340/D8340,6),"")
92240	Riverside-San Bernardino-Ontario, CA	40918	35.72	=IF(D8341>0,ROUND(C8341/D8341,6),"")
92241	Riverside-San Bernardino-Ontario, CA	8624	132.595	=IF(D8342>0,ROUND(C8342/D8342,6),"")
92242	Riverside-San Bernardino-Ontario, CA	1203	45.219	=IF(D8343>0,ROUND(C8343/D8343,6),"")
92252	Riverside-San Bernardino-Ontario, CA	7916	112.32	=IF(D8344>0,ROUND(C8344/D8344,6),"")
92253	Riverside-San Bernardino-Ontario, CA	38281	40.454	=IF(D8345>0,ROUND(C8345/D8345,6),"")
92254	Riverside-San Bernardino-Ontario, CA	10779	47.94	=IF(D8346>0,ROUND(C8346/D8346,6),"")
92256	Riverside-San Bernardino-Ontario, CA	3907	63.35	=IF(D8347>0,ROUND(C8347/D8347,6),"")
92258	Riverside-San Bernardino-Ontario, CA	508	10.384	=IF(D8348>0,ROUND(C8348/D8348,6),"")
92260	Riverside-San Bernardino-Ontario, CA	30751	31.359	=IF(D8349>0,ROUND(C8349/D8349,6),"")
92262	Riverside-San Bernardino-Ontario, CA	26064	35.199	=IF(D8350>0,ROUND(C8350/D8350,6),"")
92264	Riverside-San Bernardino-Ontario, CA	20250	50.947	=IF(D8351>0,ROUND(C8351/D8351,6),"")
92268	Riverside-San Bernardino-Ontario, CA	315	69.683	=IF(D8352>0,ROUND(C8352/D8352,6),"")
92270	Riverside-San Bernardino-Ontario, CA	17375	25.602	=IF(D8353>0,ROUND(C8353/D8353,6),"")
92274	Riverside-San Bernardino-Ontario, CA	17909	216.167	=IF(D8354>0,ROUND(C8354/D8354,6),"")
92276	Riverside-San Bernardino-Ontario, CA	7662	37.008	=IF(D8355>0,ROUND(C8355/D8355,6),"")
92277	Riverside-San Bernardino-Ontario, CA	27742	1599.095	=IF(D8356>0,ROUND(C8356/D8356,6),"")
92282	Riverside-San Bernardino-Ontario, CA	1494	75.416	=IF(D8357>0,ROUND(C8357/D8357,6),"")
92284	Riverside-San Bernardino-Ontario, CA	25782	127.477	=IF(D8358>0,ROUND(C8358/D8358,6),"")
92285	Riverside-San Bernardino-Ontario, CA	2914	272.168	=IF(D8359>0,ROUND(C8359/D8359,6),"")
92301	Riverside-San Bernardino-Ontario, CA	38651	224.783	=IF(D8360>0,ROUND(C8360/D8360,6),"")
92305	Riverside-San Bernardino-Ontario, CA	371	115.914	=IF(D8361>0,ROUND(C8361/D8361,6),"")
92307	Riverside-San Bernardino-Ontario, CA	40666	187.452	=IF(D8362>0,ROUND(C8362/D8362,6),"")
92308	Riverside-San Bernardino-Ontario, CA	42402	103.237	=IF(D8363>0,ROUND(C8363/D8363,6),"")
92311	Riverside-San Bernardino-Ontario, CA	33982	424.423	=IF(D8364>0,ROUND(C8364/D8364,6),"")
92313	Riverside-San Bernardino-Ontario, CA	13069	3.615	=IF(D8365>0,ROUND(C8365/D8365,6),"")
92314	Riverside-San Bernardino-Ontario, CA	10410	36.608	=IF(D8366>0,ROUND(C8366/D8366,6),"")
92315	Riverside-San Bernardino-Ontario, CA	5215	29.374	=IF(D8367>0,ROUND(C8367/D8367,6),"")
92316	Riverside-San Bernardino-Ontario, CA	31909	11.508	=IF(D8368>0,ROUND(C8368/D8368,6),"")
92317	Riverside-San Bernardino-Ontario, CA	708	1.606	=IF(D8369>0,ROUND(C8369/D8369,6),"")
92320	Riverside-San Bernardino-Ontario, CA	10680	13.954	=IF(D8370>0,ROUND(C8370/D8370,6),"")
92321	Riverside-San Bernardino-Ontario, CA	828	7.126	=IF(D8371>0,ROUND(C8371/D8371,6),"")
92322	Riverside-San Bernardino-Ontario, CA	605	3.289	=IF(D8372>0,ROUND(C8372/D8372,6),"")
92324	Riverside-San Bernardino-Ontario, CA	57049	27.781	=IF(D8373>0,ROUND(C8373/D8373,6),"")
92325	Riverside-San Bernardino-Ontario, CA	9689	8.739	=IF(D8374>0,ROUND(C8374/D8374,6),"")
92333	Riverside-San Bernardino-Ontario, CA	403	10.084	=IF(D8375>0,ROUND(C8375/D8375,6),"")
92335	Riverside-San Bernardino-Ontario, CA	95295	17.457	=IF(D8376>0,ROUND(C8376/D8376,6),"")
92336	Riverside-San Bernardino-Ontario, CA	103393	19.883	=IF(D8377>0,ROUND(C8377/D8377,6),"")
92337	Riverside-San Bernardino-Ontario, CA	36944	13.7	=IF(D8378>0,ROUND(C8378/D8378,6),"")
92339	Riverside-San Bernardino-Ontario, CA	1277	78.94	=IF(D8379>0,ROUND(C8379/D8379,6),"")
92341	Riverside-San Bernardino-Ontario, CA	299	9.997	=IF(D8380>0,ROUND(C8380/D8380,6),"")
92342	Riverside-San Bernardino-Ontario, CA	6677	98.237	=IF(D8381>0,ROUND(C8381/D8381,6),"")
92344	Riverside-San Bernardino-Ontario, CA	20671	37.603	=IF(D8382>0,ROUND(C8382/D8382,6),"")
92345	Riverside-San Bernardino-Ontario, CA	87906	98.856	=IF(D8383>0,ROUND(C8383/D8383,6),"")
92346	Riverside-San Bernardino-Ontario, CA	56956	27.118	=IF(D8384>0,ROUND(C8384/D8384,6),"")
92347	Riverside-San Bernardino-Ontario, CA	630	171.642	=IF(D8385>0,ROUND(C8385/D8385,6),"")
92352	Riverside-San Bernardino-Ontario, CA	6496	11.533	=IF(D8386>0,ROUND(C8386/D8386,6),"")
92354	Riverside-San Bernardino-Ontario, CA	23076	4.98	=IF(D8387>0,ROUND(C8387/D8387,6),"")
92356	Riverside-San Bernardino-Ontario, CA	6665	365.575	=IF(D8388>0,ROUND(C8388/D8388,6),"")
92358	Riverside-San Bernardino-Ontario, CA	712	72.361	=IF(D8389>0,ROUND(C8389/D8389,6),"")
92359	Riverside-San Bernardino-Ontario, CA	9394	19.195	=IF(D8390>0,ROUND(C8390/D8390,6),"")
92363	Riverside-San Bernardino-Ontario, CA	5392	372.022	=IF(D8391>0,ROUND(C8391/D8391,6),"")
92365	Riverside-San Bernardino-Ontario, CA	2514	483.324	=IF(D8392>0,ROUND(C8392/D8392,6),"")
92368	Riverside-San Bernardino-Ontario, CA	925	49.669	=IF(D8393>0,ROUND(C8393/D8393,6),"")
92371	Riverside-San Bernardino-Ontario, CA	21678	132.09	=IF(D8394>0,ROUND(C8394/D8394,6),"")
92372	Riverside-San Bernardino-Ontario, CA	4854	25.722	=IF(D8395>0,ROUND(C8395/D8395,6),"")
92373	Riverside-San Bernardino-Ontario, CA	34816	39.875	=IF(D8396>0,ROUND(C8396/D8396,6),"")
92374	Riverside-San Bernardino-Ontario, CA	44287	17.949	=IF(D8397>0,ROUND(C8397/D8397,6),"")
92376	Riverside-San Bernardino-Ontario, CA	84161	13.324	=IF(D8398>0,ROUND(C8398/D8398,6),"")
92377	Riverside-San Bernardino-Ontario, CA	21685	7.195	=IF(D8399>0,ROUND(C8399/D8399,6),"")
92378	Riverside-San Bernardino-Ontario, CA	445	0.802	=IF(D8400>0,ROUND(C8400/D8400,6),"")
92382	Riverside-San Bernardino-Ontario, CA	5301	20.419	=IF(D8401>0,ROUND(C8401/D8401,6),"")
92385	Riverside-San Bernardino-Ontario, CA	186	9.208	=IF(D8402>0,ROUND(C8402/D8402,6),"")
92386	Riverside-San Bernardino-Ontario, CA	2037	2.297	=IF(D8403>0,ROUND(C8403/D8403,6),"")
92391	Riverside-San Bernardino-Ontario, CA	2192	1.979	=IF(D8404>0,ROUND(C8404/D8404,6),"")
92392	Riverside-San Bernardino-Ontario, CA	64352	37.291	=IF(D8405>0,ROUND(C8405/D8405,6),"")
92394	Riverside-San Bernardino-Ontario, CA	39230	32.039	=IF(D8406>0,ROUND(C8406/D8406,6),"")
92395	Riverside-San Bernardino-Ontario, CA	49323	16.891	=IF(D8407>0,ROUND(C8407/D8407,6),"")
92397	Riverside-San Bernardino-Ontario, CA	5699	47.595	=IF(D8408>0,ROUND(C8408/D8408,6),"")
92398	Riverside-San Bernardino-Ontario, CA	1657	100.189	=IF(D8409>0,ROUND(C8409/D8409,6),"")
92399	Riverside-San Bernardino-Ontario, CA	55029	53.647	=IF(D8410>0,ROUND(C8410/D8410,6),"")
92401	Riverside-San Bernardino-Ontario, CA	2283	0.68	=IF(D8411>0,ROUND(C8411/D8411,6),"")
92404	Riverside-San Bernardino-Ontario, CA	63067	31.585	=IF(D8412>0,ROUND(C8412/D8412,6),"")
92405	Riverside-San Bernardino-Ontario, CA	31207	5.01	=IF(D8413>0,ROUND(C8413/D8413,6),"")
92407	Riverside-San Bernardino-Ontario, CA	69191	81.664	=IF(D8414>0,ROUND(C8414/D8414,6),"")
92408	Riverside-San Bernardino-Ontario, CA	13880	10.477	=IF(D8415>0,ROUND(C8415/D8415,6),"")
92410	Riverside-San Bernardino-Ontario, CA	48286	8.235	=IF(D8416>0,ROUND(C8416/D8416,6),"")
92411	Riverside-San Bernardino-Ontario, CA	27157	4.705	=IF(D8417>0,ROUND(C8417/D8417,6),"")
92501	Riverside-San Bernardino-Ontario, CA	22079	5.625	=IF(D8418>0,ROUND(C8418/D8418,6),"")
92503	Riverside-San Bernardino-Ontario, CA	88242	34.321	=IF(D8419>0,ROUND(C8419/D8419,6),"")
92504	Riverside-San Bernardino-Ontario, CA	57085	22.681	=IF(D8420>0,ROUND(C8420/D8420,6),"")
92505	Riverside-San Bernardino-Ontario, CA	53063	10.176	=IF(D8421>0,ROUND(C8421/D8421,6),"")
92506	Riverside-San Bernardino-Ontario, CA	44311	16.208	=IF(D8422>0,ROUND(C8422/D8422,6),"")
92507	Riverside-San Bernardino-Ontario, CA	61920	21.377	=IF(D8423>0,ROUND(C8423/D8423,6),"")
92508	Riverside-San Bernardino-Ontario, CA	36777	10.968	=IF(D8424>0,ROUND(C8424/D8424,6),"")
92509	Riverside-San Bernardino-Ontario, CA	80149	30.722	=IF(D8425>0,ROUND(C8425/D8425,6),"")
92530	Riverside-San Bernardino-Ontario, CA	60877	77.088	=IF(D8426>0,ROUND(C8426/D8426,6),"")
92532	Riverside-San Bernardino-Ontario, CA	27268	15.242	=IF(D8427>0,ROUND(C8427/D8427,6),"")
92536	Riverside-San Bernardino-Ontario, CA	2749	107.48	=IF(D8428>0,ROUND(C8428/D8428,6),"")
92539	Riverside-San Bernardino-Ontario, CA	3480	130.255	=IF(D8429>0,ROUND(C8429/D8429,6),"")
92543	Riverside-San Bernardino-Ontario, CA	39878	19.132	=IF(D8430>0,ROUND(C8430/D8430,6),"")
92544	Riverside-San Bernardino-Ontario, CA	51694	170.813	=IF(D8431>0,ROUND(C8431/D8431,6),"")
92545	Riverside-San Bernardino-Ontario, CA	45771	29.748	=IF(D8432>0,ROUND(C8432/D8432,6),"")
92548	Riverside-San Bernardino-Ontario, CA	6435	13.069	=IF(D8433>0,ROUND(C8433/D8433,6),"")
92549	Riverside-San Bernardino-Ontario, CA	3823	106.063	=IF(D8434>0,ROUND(C8434/D8434,6),"")
92551	Riverside-San Bernardino-Ontario, CA	36190	6.152	=IF(D8435>0,ROUND(C8435/D8435,6),"")
92553	Riverside-San Bernardino-Ontario, CA	73189	10.258	=IF(D8436>0,ROUND(C8436/D8436,6),"")
92555	Riverside-San Bernardino-Ontario, CA	45751	65.764	=IF(D8437>0,ROUND(C8437/D8437,6),"")
92557	Riverside-San Bernardino-Ontario, CA	55749	17.769	=IF(D8438>0,ROUND(C8438/D8438,6),"")
92561	Riverside-San Bernardino-Ontario, CA	1891	163.795	=IF(D8439>0,ROUND(C8439/D8439,6),"")
92562	Riverside-San Bernardino-Ontario, CA	65116	110.341	=IF(D8440>0,ROUND(C8440/D8440,6),"")
92563	Riverside-San Bernardino-Ontario, CA	77860	22.629	=IF(D8441>0,ROUND(C8441/D8441,6),"")
92567	Riverside-San Bernardino-Ontario, CA	10697	33.131	=IF(D8442>0,ROUND(C8442/D8442,6),"")
92570	Riverside-San Bernardino-Ontario, CA	57336	106.277	=IF(D8443>0,ROUND(C8443/D8443,6),"")
92571	Riverside-San Bernardino-Ontario, CA	60153	39.109	=IF(D8444>0,ROUND(C8444/D8444,6),"")
92582	Riverside-San Bernardino-Ontario, CA	22732	18.413	=IF(D8445>0,ROUND(C8445/D8445,6),"")
92583	Riverside-San Bernardino-Ontario, CA	33685	29.138	=IF(D8446>0,ROUND(C8446/D8446,6),"")
92584	Riverside-San Bernardino-Ontario, CA	57551	29.109	=IF(D8447>0,ROUND(C8447/D8447,6),"")
92585	Riverside-San Bernardino-Ontario, CA	29500	17.106	=IF(D8448>0,ROUND(C8448/D8448,6),"")
92586	Riverside-San Bernardino-Ontario, CA	19391	6.449	=IF(D8449>0,ROUND(C8449/D8449,6),"")
92587	Riverside-San Bernardino-Ontario, CA	18382	7.144	=IF(D8450>0,ROUND(C8450/D8450,6),"")
92590	Riverside-San Bernardino-Ontario, CA	5108	54.369	=IF(D8451>0,ROUND(C8451/D8451,6),"")
92591	Riverside-San Bernardino-Ontario, CA	41673	17.224	=IF(D8452>0,ROUND(C8452/D8452,6),"")
92592	Riverside-San Bernardino-Ontario, CA	80933	110.145	=IF(D8453>0,ROUND(C8453/D8453,6),"")
92595	Riverside-San Bernardino-Ontario, CA	34505	21.564	=IF(D8454>0,ROUND(C8454/D8454,6),"")
92596	Riverside-San Bernardino-Ontario, CA	36725	57.933	=IF(D8455>0,ROUND(C8455/D8455,6),"")
92602	Los Angeles-Long Beach-Anaheim, CA	27358	15.107	=IF(D8456>0,ROUND(C8456/D8456,6),"")
92603	Los Angeles-Long Beach-Anaheim, CA	19264	9.987	=IF(D8457>0,ROUND(C8457/D8457,6),"")
92604	Los Angeles-Long Beach-Anaheim, CA	27750	3.348	=IF(D8458>0,ROUND(C8458/D8458,6),"")
92606	Los Angeles-Long Beach-Anaheim, CA	24499	3.46	=IF(D8459>0,ROUND(C8459/D8459,6),"")
92610	Los Angeles-Long Beach-Anaheim, CA	13182	4.041	=IF(D8460>0,ROUND(C8460/D8460,6),"")
92612	Los Angeles-Long Beach-Anaheim, CA	33706	6.395	=IF(D8461>0,ROUND(C8461/D8461,6),"")
92614	Los Angeles-Long Beach-Anaheim, CA	29617	4.429	=IF(D8462>0,ROUND(C8462/D8462,6),"")
92617	Los Angeles-Long Beach-Anaheim, CA	22172	2.234	=IF(D8463>0,ROUND(C8463/D8463,6),"")
92618	Los Angeles-Long Beach-Anaheim, CA	62296	20.692	=IF(D8464>0,ROUND(C8464/D8464,6),"")
92620	Los Angeles-Long Beach-Anaheim, CA	61744	5.91	=IF(D8465>0,ROUND(C8465/D8465,6),"")
92624	Los Angeles-Long Beach-Anaheim, CA	6685	1.503	=IF(D8466>0,ROUND(C8466/D8466,6),"")
92625	Los Angeles-Long Beach-Anaheim, CA	12328	2.558	=IF(D8467>0,ROUND(C8467/D8467,6),"")
92626	Los Angeles-Long Beach-Anaheim, CA	50569	9.704	=IF(D8468>0,ROUND(C8468/D8468,6),"")
92627	Los Angeles-Long Beach-Anaheim, CA	60751	6.398	=IF(D8469>0,ROUND(C8469/D8469,6),"")
92629	Los Angeles-Long Beach-Anaheim, CA	26198	5.059	=IF(D8470>0,ROUND(C8470/D8470,6),"")
92630	Los Angeles-Long Beach-Anaheim, CA	66461	10.538	=IF(D8471>0,ROUND(C8471/D8471,6),"")
92637	Los Angeles-Long Beach-Anaheim, CA	17342	2.965	=IF(D8472>0,ROUND(C8472/D8472,6),"")
92646	Los Angeles-Long Beach-Anaheim, CA	55814	8.051	=IF(D8473>0,ROUND(C8473/D8473,6),"")
92647	Los Angeles-Long Beach-Anaheim, CA	58794	7.536	=IF(D8474>0,ROUND(C8474/D8474,6),"")
92648	Los Angeles-Long Beach-Anaheim, CA	45521	8.034	=IF(D8475>0,ROUND(C8475/D8475,6),"")
92649	Los Angeles-Long Beach-Anaheim, CA	35504	5.641	=IF(D8476>0,ROUND(C8476/D8476,6),"")
92651	Los Angeles-Long Beach-Anaheim, CA	23477	22.055	=IF(D8477>0,ROUND(C8477/D8477,6),"")
92653	Los Angeles-Long Beach-Anaheim, CA	29596	6.927	=IF(D8478>0,ROUND(C8478/D8478,6),"")
92655	Los Angeles-Long Beach-Anaheim, CA	8101	0.903	=IF(D8479>0,ROUND(C8479/D8479,6),"")
92656	Los Angeles-Long Beach-Anaheim, CA	52645	7.998	=IF(D8480>0,ROUND(C8480/D8480,6),"")
92657	Los Angeles-Long Beach-Anaheim, CA	10224	8.299	=IF(D8481>0,ROUND(C8481/D8481,6),"")
92660	Los Angeles-Long Beach-Anaheim, CA	34788	9.614	=IF(D8482>0,ROUND(C8482/D8482,6),"")
92661	Los Angeles-Long Beach-Anaheim, CA	3095	0.649	=IF(D8483>0,ROUND(C8483/D8483,6),"")
92662	Los Angeles-Long Beach-Anaheim, CA	2285	0.208	=IF(D8484>0,ROUND(C8484/D8484,6),"")
92663	Los Angeles-Long Beach-Anaheim, CA	21584	3.291	=IF(D8485>0,ROUND(C8485/D8485,6),"")
92672	Los Angeles-Long Beach-Anaheim, CA	37470	35.563	=IF(D8486>0,ROUND(C8486/D8486,6),"")
92673	Los Angeles-Long Beach-Anaheim, CA	29828	10.305	=IF(D8487>0,ROUND(C8487/D8487,6),"")
92675	Los Angeles-Long Beach-Anaheim, CA	34998	13.386	=IF(D8488>0,ROUND(C8488/D8488,6),"")
92676	Los Angeles-Long Beach-Anaheim, CA	1967	69.448	=IF(D8489>0,ROUND(C8489/D8489,6),"")
92677	Los Angeles-Long Beach-Anaheim, CA	64023	16.446	=IF(D8490>0,ROUND(C8490/D8490,6),"")
92679	Los Angeles-Long Beach-Anaheim, CA	30966	25.175	=IF(D8491>0,ROUND(C8491/D8491,6),"")
92683	Los Angeles-Long Beach-Anaheim, CA	90140	9.721	=IF(D8492>0,ROUND(C8492/D8492,6),"")
92688	Los Angeles-Long Beach-Anaheim, CA	43937	13.22	=IF(D8493>0,ROUND(C8493/D8493,6),"")
92691	Los Angeles-Long Beach-Anaheim, CA	46618	8.777	=IF(D8494>0,ROUND(C8494/D8494,6),"")
92692	Los Angeles-Long Beach-Anaheim, CA	46568	8.594	=IF(D8495>0,ROUND(C8495/D8495,6),"")
92694	Los Angeles-Long Beach-Anaheim, CA	35019	40.155	=IF(D8496>0,ROUND(C8496/D8496,6),"")
92701	Los Angeles-Long Beach-Anaheim, CA	48272	3.225	=IF(D8497>0,ROUND(C8497/D8497,6),"")
92703	Los Angeles-Long Beach-Anaheim, CA	62223	4.242	=IF(D8498>0,ROUND(C8498/D8498,6),"")
92704	Los Angeles-Long Beach-Anaheim, CA	80408	7.407	=IF(D8499>0,ROUND(C8499/D8499,6),"")
92705	Los Angeles-Long Beach-Anaheim, CA	48680	11.786	=IF(D8500>0,ROUND(C8500/D8500,6),"")
92706	Los Angeles-Long Beach-Anaheim, CA	37191	3.54	=IF(D8501>0,ROUND(C8501/D8501,6),"")
92707	Los Angeles-Long Beach-Anaheim, CA	59213	5.225	=IF(D8502>0,ROUND(C8502/D8502,6),"")
92708	Los Angeles-Long Beach-Anaheim, CA	56358	9.102	=IF(D8503>0,ROUND(C8503/D8503,6),"")
92780	Los Angeles-Long Beach-Anaheim, CA	54495	6.274	=IF(D8504>0,ROUND(C8504/D8504,6),"")
92782	Los Angeles-Long Beach-Anaheim, CA	29947	5.17	=IF(D8505>0,ROUND(C8505/D8505,6),"")
92801	Los Angeles-Long Beach-Anaheim, CA	61218	6.291	=IF(D8506>0,ROUND(C8506/D8506,6),"")
92802	Los Angeles-Long Beach-Anaheim, CA	43698	4.553	=IF(D8507>0,ROUND(C8507/D8507,6),"")
92804	Los Angeles-Long Beach-Anaheim, CA	83435	7.125	=IF(D8508>0,ROUND(C8508/D8508,6),"")
92805	Los Angeles-Long Beach-Anaheim, CA	74336	6.225	=IF(D8509>0,ROUND(C8509/D8509,6),"")
92806	Los Angeles-Long Beach-Anaheim, CA	40528	7.683	=IF(D8510>0,ROUND(C8510/D8510,6),"")
92807	Los Angeles-Long Beach-Anaheim, CA	37270	10.95	=IF(D8511>0,ROUND(C8511/D8511,6),"")
92808	Los Angeles-Long Beach-Anaheim, CA	20829	5.0	=IF(D8512>0,ROUND(C8512/D8512,6),"")
92821	Los Angeles-Long Beach-Anaheim, CA	42196	14.135	=IF(D8513>0,ROUND(C8513/D8513,6),"")
92823	Los Angeles-Long Beach-Anaheim, CA	5141	7.456	=IF(D8514>0,ROUND(C8514/D8514,6),"")
92831	Los Angeles-Long Beach-Anaheim, CA	35831	5.949	=IF(D8515>0,ROUND(C8515/D8515,6),"")
92832	Los Angeles-Long Beach-Anaheim, CA	26364	2.895	=IF(D8516>0,ROUND(C8516/D8516,6),"")
92833	Los Angeles-Long Beach-Anaheim, CA	52038	7.668	=IF(D8517>0,ROUND(C8517/D8517,6),"")
92835	Los Angeles-Long Beach-Anaheim, CA	26753	5.721	=IF(D8518>0,ROUND(C8518/D8518,6),"")
92840	Los Angeles-Long Beach-Anaheim, CA	54475	5.155	=IF(D8519>0,ROUND(C8519/D8519,6),"")
92841	Los Angeles-Long Beach-Anaheim, CA	33514	4.56	=IF(D8520>0,ROUND(C8520/D8520,6),"")
92843	Los Angeles-Long Beach-Anaheim, CA	46553	3.96	=IF(D8521>0,ROUND(C8521/D8521,6),"")
92844	Los Angeles-Long Beach-Anaheim, CA	22719	2.099	=IF(D8522>0,ROUND(C8522/D8522,6),"")
92845	Los Angeles-Long Beach-Anaheim, CA	15484	2.228	=IF(D8523>0,ROUND(C8523/D8523,6),"")
92860	Riverside-San Bernardino-Ontario, CA	25268	14.128	=IF(D8524>0,ROUND(C8524/D8524,6),"")
92861	Los Angeles-Long Beach-Anaheim, CA	5776	2.091	=IF(D8525>0,ROUND(C8525/D8525,6),"")
92865	Los Angeles-Long Beach-Anaheim, CA	20897	3.829	=IF(D8526>0,ROUND(C8526/D8526,6),"")
92866	Los Angeles-Long Beach-Anaheim, CA	14776	1.906	=IF(D8527>0,ROUND(C8527/D8527,6),"")
92867	Los Angeles-Long Beach-Anaheim, CA	44003	12.003	=IF(D8528>0,ROUND(C8528/D8528,6),"")
92868	Los Angeles-Long Beach-Anaheim, CA	27390	3.439	=IF(D8529>0,ROUND(C8529/D8529,6),"")
92869	Los Angeles-Long Beach-Anaheim, CA	36684	13.472	=IF(D8530>0,ROUND(C8530/D8530,6),"")
92870	Los Angeles-Long Beach-Anaheim, CA	52384	6.729	=IF(D8531>0,ROUND(C8531/D8531,6),"")
92879	Riverside-San Bernardino-Ontario, CA	48756	9.827	=IF(D8532>0,ROUND(C8532/D8532,6),"")
92880	Riverside-San Bernardino-Ontario, CA	75453	26.176	=IF(D8533>0,ROUND(C8533/D8533,6),"")
92881	Riverside-San Bernardino-Ontario, CA	29986	32.454	=IF(D8534>0,ROUND(C8534/D8534,6),"")
92882	Riverside-San Bernardino-Ontario, CA	69385	11.747	=IF(D8535>0,ROUND(C8535/D8535,6),"")
92883	Riverside-San Bernardino-Ontario, CA	39071	56.449	=IF(D8536>0,ROUND(C8536/D8536,6),"")
92886	Los Angeles-Long Beach-Anaheim, CA	49919	12.964	=IF(D8537>0,ROUND(C8537/D8537,6),"")
92887	Los Angeles-Long Beach-Anaheim, CA	19985	11.285	=IF(D8538>0,ROUND(C8538/D8538,6),"")
93001	Oxnard-Thousand Oaks-Ventura, CA	31885	96.574	=IF(D8539>0,ROUND(C8539/D8539,6),"")
93003	Oxnard-Thousand Oaks-Ventura, CA	52511	20.785	=IF(D8540>0,ROUND(C8540/D8540,6),"")
93004	Oxnard-Thousand Oaks-Ventura, CA	31326	7.029	=IF(D8541>0,ROUND(C8541/D8541,6),"")
93010	Oxnard-Thousand Oaks-Ventura, CA	46715	21.972	=IF(D8542>0,ROUND(C8542/D8542,6),"")
93012	Oxnard-Thousand Oaks-Ventura, CA	36007	50.138	=IF(D8543>0,ROUND(C8543/D8543,6),"")
93015	Oxnard-Thousand Oaks-Ventura, CA	18917	92.788	=IF(D8544>0,ROUND(C8544/D8544,6),"")
93021	Oxnard-Thousand Oaks-Ventura, CA	37702	47.791	=IF(D8545>0,ROUND(C8545/D8545,6),"")
93022	Oxnard-Thousand Oaks-Ventura, CA	5929	3.139	=IF(D8546>0,ROUND(C8546/D8546,6),"")
93023	Oxnard-Thousand Oaks-Ventura, CA	21559	266.868	=IF(D8547>0,ROUND(C8547/D8547,6),"")
93030	Oxnard-Thousand Oaks-Ventura, CA	58573	14.113	=IF(D8548>0,ROUND(C8548/D8548,6),"")
93033	Oxnard-Thousand Oaks-Ventura, CA	80482	32.195	=IF(D8549>0,ROUND(C8549/D8549,6),"")
93035	Oxnard-Thousand Oaks-Ventura, CA	26476	5.029	=IF(D8550>0,ROUND(C8550/D8550,6),"")
93036	Oxnard-Thousand Oaks-Ventura, CA	47938	17.799	=IF(D8551>0,ROUND(C8551/D8551,6),"")
93040	Oxnard-Thousand Oaks-Ventura, CA	1904	372.119	=IF(D8552>0,ROUND(C8552/D8552,6),"")
93041	Oxnard-Thousand Oaks-Ventura, CA	23179	5.879	=IF(D8553>0,ROUND(C8553/D8553,6),"")
93060	Oxnard-Thousand Oaks-Ventura, CA	34640	92.447	=IF(D8554>0,ROUND(C8554/D8554,6),"")
93063	Oxnard-Thousand Oaks-Ventura, CA	56110	36.167	=IF(D8555>0,ROUND(C8555/D8555,6),"")
93065	Oxnard-Thousand Oaks-Ventura, CA	72585	29.807	=IF(D8556>0,ROUND(C8556/D8556,6),"")
93066	Oxnard-Thousand Oaks-Ventura, CA	2979	42.083	=IF(D8557>0,ROUND(C8557/D8557,6),"")
93201	Visalia, CA	1146	71.737	=IF(D8558>0,ROUND(C8558/D8558,6),"")
93202	Hanford-Corcoran, CA	4014	1.537	=IF(D8559>0,ROUND(C8559/D8559,6),"")
93203	Bakersfield, CA	20571	172.026	=IF(D8560>0,ROUND(C8560/D8560,6),"")
93204	Hanford-Corcoran, CA	13441	70.616	=IF(D8561>0,ROUND(C8561/D8561,6),"")
93205	Bakersfield, CA	2191	23.207	=IF(D8562>0,ROUND(C8562/D8562,6),"")
93206	Bakersfield, CA	1953	163.85	=IF(D8563>0,ROUND(C8563/D8563,6),"")
93210	Fresno, CA	18975	775.377	=IF(D8564>0,ROUND(C8564/D8564,6),"")
93212	Hanford-Corcoran, CA	23407	118.532	=IF(D8565>0,ROUND(C8565/D8565,6),"")
93215	Bakersfield, CA	53627	145.473	=IF(D8566>0,ROUND(C8566/D8566,6),"")
93218	Visalia, CA	779	65.648	=IF(D8567>0,ROUND(C8567/D8567,6),"")
93219	Visalia, CA	9708	102.925	=IF(D8568>0,ROUND(C8568/D8568,6),"")
93221	Visalia, CA	14399	132.065	=IF(D8569>0,ROUND(C8569/D8569,6),"")
93222	Bakersfield, CA	2538	108.51	=IF(D8570>0,ROUND(C8570/D8570,6),"")
93223	Visalia, CA	10359	3.103	=IF(D8571>0,ROUND(C8571/D8571,6),"")
93225	Bakersfield, CA	4532	112.046	=IF(D8572>0,ROUND(C8572/D8572,6),"")
93227	Visalia, CA	177	0.094	=IF(D8573>0,ROUND(C8573/D8573,6),"")
93230	Hanford-Corcoran, CA	69130	258.063	=IF(D8574>0,ROUND(C8574/D8574,6),"")
93234	Fresno, CA	6477	134.953	=IF(D8575>0,ROUND(C8575/D8575,6),"")
93235	Visalia, CA	4408	4.149	=IF(D8576>0,ROUND(C8576/D8576,6),"")
93238	Bakersfield, CA	726	109.616	=IF(D8577>0,ROUND(C8577/D8577,6),"")
93239	Fresno, CA	1349	58.178	=IF(D8578>0,ROUND(C8578/D8578,6),"")
93240	Bakersfield, CA	5622	57.952	=IF(D8579>0,ROUND(C8579/D8579,6),"")
93241	Bakersfield, CA	15571	5.048	=IF(D8580>0,ROUND(C8580/D8580,6),"")
93242	Fresno, CA	2611	40.712	=IF(D8581>0,ROUND(C8581/D8581,6),"")
93243	Bakersfield, CA	900	163.407	=IF(D8582>0,ROUND(C8582/D8582,6),"")
93244	Visalia, CA	123	7.851	=IF(D8583>0,ROUND(C8583/D8583,6),"")
93245	Hanford-Corcoran, CA	37443	118.892	=IF(D8584>0,ROUND(C8584/D8584,6),"")
93247	Visalia, CA	17967	65.787	=IF(D8585>0,ROUND(C8585/D8585,6),"")
93249	Bakersfield, CA	2164	203.245	=IF(D8586>0,ROUND(C8586/D8586,6),"")
93250	Bakersfield, CA	15451	89.574	=IF(D8587>0,ROUND(C8587/D8587,6),"")
93252	Bakersfield, CA	1429	446.542	=IF(D8588>0,ROUND(C8588/D8588,6),"")
93255	Bakersfield, CA	739	237.957	=IF(D8589>0,ROUND(C8589/D8589,6),"")
93256	Visalia, CA	5900	74.631	=IF(D8590>0,ROUND(C8590/D8590,6),"")
93257	Visalia, CA	79340	378.871	=IF(D8591>0,ROUND(C8591/D8591,6),"")
93261	Visalia, CA	2197	5.775	=IF(D8592>0,ROUND(C8592/D8592,6),"")
93263	Bakersfield, CA	23423	92.247	=IF(D8593>0,ROUND(C8593/D8593,6),"")
93265	Visalia, CA	3532	389.678	=IF(D8594>0,ROUND(C8594/D8594,6),"")
93266	Hanford-Corcoran, CA	1672	59.312	=IF(D8595>0,ROUND(C8595/D8595,6),"")
93267	Visalia, CA	5879	61.727	=IF(D8596>0,ROUND(C8596/D8596,6),"")
93268	Bakersfield, CA	16956	68.12	=IF(D8597>0,ROUND(C8597/D8597,6),"")
93270	Visalia, CA	5703	67.436	=IF(D8598>0,ROUND(C8598/D8598,6),"")
93271	Visalia, CA	2218	152.414	=IF(D8599>0,ROUND(C8599/D8599,6),"")
93272	Visalia, CA	4359	83.976	=IF(D8600>0,ROUND(C8600/D8600,6),"")
93274	Visalia, CA	79154	219.241	=IF(D8601>0,ROUND(C8601/D8601,6),"")
93277	Visalia, CA	53406	39.428	=IF(D8602>0,ROUND(C8602/D8602,6),"")
93280	Bakersfield, CA	27266	315.979	=IF(D8603>0,ROUND(C8603/D8603,6),"")
93283	Bakersfield, CA	2129	261.111	=IF(D8604>0,ROUND(C8604/D8604,6),"")
93285	Bakersfield, CA	2415	54.398	=IF(D8605>0,ROUND(C8605/D8605,6),"")
93286	Visalia, CA	10516	72.585	=IF(D8606>0,ROUND(C8606/D8606,6),"")
93291	Visalia, CA	63049	84.197	=IF(D8607>0,ROUND(C8607/D8607,6),"")
93292	Visalia, CA	45523	114.745	=IF(D8608>0,ROUND(C8608/D8608,6),"")
93301	Bakersfield, CA	14026	4.285	=IF(D8609>0,ROUND(C8609/D8609,6),"")
93304	Bakersfield, CA	51457	7.474	=IF(D8610>0,ROUND(C8610/D8610,6),"")
93305	Bakersfield, CA	36998	5.786	=IF(D8611>0,ROUND(C8611/D8611,6),"")
93306	Bakersfield, CA	73370	97.343	=IF(D8612>0,ROUND(C8612/D8612,6),"")
93307	Bakersfield, CA	88233	141.214	=IF(D8613>0,ROUND(C8613/D8613,6),"")
93308	Bakersfield, CA	55788	344.599	=IF(D8614>0,ROUND(C8614/D8614,6),"")
93309	Bakersfield, CA	63989	10.452	=IF(D8615>0,ROUND(C8615/D8615,6),"")
93311	Bakersfield, CA	52505	212.914	=IF(D8616>0,ROUND(C8616/D8616,6),"")
93312	Bakersfield, CA	58265	14.172	=IF(D8617>0,ROUND(C8617/D8617,6),"")
93313	Bakersfield, CA	60331	100.561	=IF(D8618>0,ROUND(C8618/D8618,6),"")
93314	Bakersfield, CA	34997	88.937	=IF(D8619>0,ROUND(C8619/D8619,6),"")
93501	Bakersfield, CA	5944	222.01	=IF(D8620>0,ROUND(C8620/D8620,6),"")
93505	Bakersfield, CA	14767	65.02	=IF(D8621>0,ROUND(C8621/D8621,6),"")
93510	Los Angeles-Long Beach-Anaheim, CA	7562	80.077	=IF(D8622>0,ROUND(C8622/D8622,6),"")
93516	Bakersfield, CA	2742	28.57	=IF(D8623>0,ROUND(C8623/D8623,6),"")
93518	Bakersfield, CA	1115	324.309	=IF(D8624>0,ROUND(C8624/D8624,6),"")
93523	Bakersfield, CA	3681	37.852	=IF(D8625>0,ROUND(C8625/D8625,6),"")
93527	Visalia, CA	1801	350.218	=IF(D8626>0,ROUND(C8626/D8626,6),"")
93531	Bakersfield, CA	497	19.493	=IF(D8627>0,ROUND(C8627/D8627,6),"")
93532	Los Angeles-Long Beach-Anaheim, CA	2762	122.032	=IF(D8628>0,ROUND(C8628/D8628,6),"")
93534	Los Angeles-Long Beach-Anaheim, CA	42290	18.957	=IF(D8629>0,ROUND(C8629/D8629,6),"")
93535	Los Angeles-Long Beach-Anaheim, CA	80478	238.985	=IF(D8630>0,ROUND(C8630/D8630,6),"")
93536	Los Angeles-Long Beach-Anaheim, CA	72013	254.356	=IF(D8631>0,ROUND(C8631/D8631,6),"")
93543	Los Angeles-Long Beach-Anaheim, CA	12217	67.689	=IF(D8632>0,ROUND(C8632/D8632,6),"")
93544	Los Angeles-Long Beach-Anaheim, CA	1201	114.966	=IF(D8633>0,ROUND(C8633/D8633,6),"")
93550	Los Angeles-Long Beach-Anaheim, CA	79929	259.254	=IF(D8634>0,ROUND(C8634/D8634,6),"")
93551	Los Angeles-Long Beach-Anaheim, CA	54956	84.756	=IF(D8635>0,ROUND(C8635/D8635,6),"")
93552	Los Angeles-Long Beach-Anaheim, CA	43903	38.44	=IF(D8636>0,ROUND(C8636/D8636,6),"")
93553	Los Angeles-Long Beach-Anaheim, CA	1349	57.196	=IF(D8637>0,ROUND(C8637/D8637,6),"")
93555	Bakersfield, CA	33629	78.088	=IF(D8638>0,ROUND(C8638/D8638,6),"")
93560	Bakersfield, CA	21537	167.935	=IF(D8639>0,ROUND(C8639/D8639,6),"")
93561	Bakersfield, CA	31179	301.822	=IF(D8640>0,ROUND(C8640/D8640,6),"")
93562	Riverside-San Bernardino-Ontario, CA	1822	89.5	=IF(D8641>0,ROUND(C8641/D8641,6),"")
93591	Los Angeles-Long Beach-Anaheim, CA	7531	74.324	=IF(D8642>0,ROUND(C8642/D8642,6),"")
93601	Madera, CA	1248	39.62	=IF(D8643>0,ROUND(C8643/D8643,6),"")
93602	Fresno, CA	3091	111.038	=IF(D8644>0,ROUND(C8644/D8644,6),"")
93604	Madera, CA	518	44.435	=IF(D8645>0,ROUND(C8645/D8645,6),"")
93608	Fresno, CA	879	118.406	=IF(D8646>0,ROUND(C8646/D8646,6),"")
93609	Fresno, CA	5071	60.974	=IF(D8647>0,ROUND(C8647/D8647,6),"")
93610	Madera, CA	24088	263.164	=IF(D8648>0,ROUND(C8648/D8648,6),"")
93611	Fresno, CA	46631	10.307	=IF(D8649>0,ROUND(C8649/D8649,6),"")
93612	Fresno, CA	37790	6.749	=IF(D8650>0,ROUND(C8650/D8650,6),"")
93614	Madera, CA	11144	128.464	=IF(D8651>0,ROUND(C8651/D8651,6),"")
93615	Visalia, CA	5665	16.091	=IF(D8652>0,ROUND(C8652/D8652,6),"")
93616	Fresno, CA	2173	13.777	=IF(D8653>0,ROUND(C8653/D8653,6),"")
93618	Visalia, CA	32223	66.902	=IF(D8654>0,ROUND(C8654/D8654,6),"")
93619	Fresno, CA	53381	186.517	=IF(D8655>0,ROUND(C8655/D8655,6),"")
93620	Merced, CA	10173	161.27	=IF(D8656>0,ROUND(C8656/D8656,6),"")
93622	Fresno, CA	9683	455.348	=IF(D8657>0,ROUND(C8657/D8657,6),"")
93625	Fresno, CA	8889	23.975	=IF(D8658>0,ROUND(C8658/D8658,6),"")
93626	Madera, CA	3039	99.493	=IF(D8659>0,ROUND(C8659/D8659,6),"")
93630	Fresno, CA	21352	162.22	=IF(D8660>0,ROUND(C8660/D8660,6),"")
93631	Fresno, CA	16656	82.541	=IF(D8661>0,ROUND(C8661/D8661,6),"")
93635	Merced, CA	49232	390.736	=IF(D8662>0,ROUND(C8662/D8662,6),"")
93636	Madera, CA	14777	197.522	=IF(D8663>0,ROUND(C8663/D8663,6),"")
93637	Madera, CA	42278	280.414	=IF(D8664>0,ROUND(C8664/D8664,6),"")
93638	Madera, CA	51502	90.264	=IF(D8665>0,ROUND(C8665/D8665,6),"")
93640	Fresno, CA	14507	157.929	=IF(D8666>0,ROUND(C8666/D8666,6),"")
93641	Fresno, CA	271	63.247	=IF(D8667>0,ROUND(C8667/D8667,6),"")
93643	Madera, CA	2778	152.496	=IF(D8668>0,ROUND(C8668/D8668,6),"")
93644	Madera, CA	6490	117.124	=IF(D8669>0,ROUND(C8669/D8669,6),"")
93646	Fresno, CA	10047	34.293	=IF(D8670>0,ROUND(C8670/D8670,6),"")
93647	Visalia, CA	11370	93.126	=IF(D8671>0,ROUND(C8671/D8671,6),"")
93648	Fresno, CA	15108	22.117	=IF(D8672>0,ROUND(C8672/D8672,6),"")
93650	Fresno, CA	2969	0.625	=IF(D8673>0,ROUND(C8673/D8673,6),"")
93651	Fresno, CA	1441	16.283	=IF(D8674>0,ROUND(C8674/D8674,6),"")
93653	Madera, CA	1314	213.95	=IF(D8675>0,ROUND(C8675/D8675,6),"")
93654	Fresno, CA	31905	100.504	=IF(D8676>0,ROUND(C8676/D8676,6),"")
93656	Fresno, CA	6224	113.222	=IF(D8677>0,ROUND(C8677/D8677,6),"")
93657	Fresno, CA	36536	225.813	=IF(D8678>0,ROUND(C8678/D8678,6),"")
93660	Fresno, CA	4062	48.757	=IF(D8679>0,ROUND(C8679/D8679,6),"")
93662	Fresno, CA	29499	77.86	=IF(D8680>0,ROUND(C8680/D8680,6),"")
93664	Fresno, CA	328	188.123	=IF(D8681>0,ROUND(C8681/D8681,6),"")
93665	Merced, CA	422	0.523	=IF(D8682>0,ROUND(C8682/D8682,6),"")
93667	Fresno, CA	2118	117.748	=IF(D8683>0,ROUND(C8683/D8683,6),"")
93668	Fresno, CA	806	47.569	=IF(D8684>0,ROUND(C8684/D8684,6),"")
93669	Madera, CA	297	7.072	=IF(D8685>0,ROUND(C8685/D8685,6),"")
93675	Fresno, CA	3739	99.297	=IF(D8686>0,ROUND(C8686/D8686,6),"")
93701	Fresno, CA	10258	1.521	=IF(D8687>0,ROUND(C8687/D8687,6),"")
93702	Fresno, CA	45241	5.17	=IF(D8688>0,ROUND(C8688/D8688,6),"")
93703	Fresno, CA	34166	4.761	=IF(D8689>0,ROUND(C8689/D8689,6),"")
93704	Fresno, CA	29172	5.396	=IF(D8690>0,ROUND(C8690/D8690,6),"")
93705	Fresno, CA	37940	4.865	=IF(D8691>0,ROUND(C8691/D8691,6),"")
93706	Fresno, CA	40635	158.487	=IF(D8692>0,ROUND(C8692/D8692,6),"")
93710	Fresno, CA	32579	6.173	=IF(D8693>0,ROUND(C8693/D8693,6),"")
93711	Fresno, CA	39360	11.216	=IF(D8694>0,ROUND(C8694/D8694,6),"")
93720	Fresno, CA	49463	10.441	=IF(D8695>0,ROUND(C8695/D8695,6),"")
93721	Fresno, CA	7606	2.041	=IF(D8696>0,ROUND(C8696/D8696,6),"")
93722	Fresno, CA	84500	19.301	=IF(D8697>0,ROUND(C8697/D8697,6),"")
93723	Fresno, CA	14158	41.071	=IF(D8698>0,ROUND(C8698/D8698,6),"")
93725	Fresno, CA	25520	67.001	=IF(D8699>0,ROUND(C8699/D8699,6),"")
93726	Fresno, CA	44766	6.381	=IF(D8700>0,ROUND(C8700/D8700,6),"")
93727	Fresno, CA	83630	21.977	=IF(D8701>0,ROUND(C8701/D8701,6),"")
93728	Fresno, CA	18077	3.042	=IF(D8702>0,ROUND(C8702/D8702,6),"")
93730	Fresno, CA	13021	7.869	=IF(D8703>0,ROUND(C8703/D8703,6),"")
93737	Fresno, CA	6360	9.762	=IF(D8704>0,ROUND(C8704/D8704,6),"")
94002	San Francisco-Oakland-Berkeley, CA	27730	5.624	=IF(D8705>0,ROUND(C8705/D8705,6),"")
94005	San Francisco-Oakland-Berkeley, CA	4718	4.583	=IF(D8706>0,ROUND(C8706/D8706,6),"")
94010	San Francisco-Oakland-Berkeley, CA	42794	15.12	=IF(D8707>0,ROUND(C8707/D8707,6),"")
94014	San Francisco-Oakland-Berkeley, CA	46269	6.392	=IF(D8708>0,ROUND(C8708/D8708,6),"")
94015	San Francisco-Oakland-Berkeley, CA	64121	5.656	=IF(D8709>0,ROUND(C8709/D8709,6),"")
94018	San Francisco-Oakland-Berkeley, CA	3404	0.579	=IF(D8710>0,ROUND(C8710/D8710,6),"")
94019	San Francisco-Oakland-Berkeley, CA	14754	59.728	=IF(D8711>0,ROUND(C8711/D8711,6),"")
94020	San Francisco-Oakland-Berkeley, CA	1745	41.97	=IF(D8712>0,ROUND(C8712/D8712,6),"")
94022	San Jose-Sunnyvale-Santa Clara, CA	19993	17.689	=IF(D8713>0,ROUND(C8713/D8713,6),"")
94024	San Jose-Sunnyvale-Santa Clara, CA	23673	8.273	=IF(D8714>0,ROUND(C8714/D8714,6),"")
94025	San Francisco-Oakland-Berkeley, CA	40230	8.365	=IF(D8715>0,ROUND(C8715/D8715,6),"")
94027	San Francisco-Oakland-Berkeley, CA	7030	5.027	=IF(D8716>0,ROUND(C8716/D8716,6),"")
94028	San Francisco-Oakland-Berkeley, CA	6645	17.321	=IF(D8717>0,ROUND(C8717/D8717,6),"")
94030	San Francisco-Oakland-Berkeley, CA	22589	3.374	=IF(D8718>0,ROUND(C8718/D8718,6),"")
94037	San Francisco-Oakland-Berkeley, CA	2897	5.502	=IF(D8719>0,ROUND(C8719/D8719,6),"")
94038	San Francisco-Oakland-Berkeley, CA	3016	5.938	=IF(D8720>0,ROUND(C8720/D8720,6),"")
94040	San Jose-Sunnyvale-Santa Clara, CA	35581	3.66	=IF(D8721>0,ROUND(C8721/D8721,6),"")
94041	San Jose-Sunnyvale-Santa Clara, CA	15841	1.591	=IF(D8722>0,ROUND(C8722/D8722,6),"")
94043	San Jose-Sunnyvale-Santa Clara, CA	32042	8.458	=IF(D8723>0,ROUND(C8723/D8723,6),"")
94044	San Francisco-Oakland-Berkeley, CA	37540	15.088	=IF(D8724>0,ROUND(C8724/D8724,6),"")
94060	San Francisco-Oakland-Berkeley, CA	1389	73.452	=IF(D8725>0,ROUND(C8725/D8725,6),"")
94061	San Francisco-Oakland-Berkeley, CA	37369	3.861	=IF(D8726>0,ROUND(C8726/D8726,6),"")
94062	San Francisco-Oakland-Berkeley, CA	25944	64.664	=IF(D8727>0,ROUND(C8727/D8727,6),"")
94063	San Francisco-Oakland-Berkeley, CA	34695	6.502	=IF(D8728>0,ROUND(C8728/D8728,6),"")
94065	San Francisco-Oakland-Berkeley, CA	11620	2.294	=IF(D8729>0,ROUND(C8729/D8729,6),"")
94066	San Francisco-Oakland-Berkeley, CA	42875	6.06	=IF(D8730>0,ROUND(C8730/D8730,6),"")
94070	San Francisco-Oakland-Berkeley, CA	30696	6.121	=IF(D8731>0,ROUND(C8731/D8731,6),"")
94080	San Francisco-Oakland-Berkeley, CA	65036	10.178	=IF(D8732>0,ROUND(C8732/D8732,6),"")
94085	San Jose-Sunnyvale-Santa Clara, CA	23159	3.513	=IF(D8733>0,ROUND(C8733/D8733,6),"")
94086	San Jose-Sunnyvale-Santa Clara, CA	48956	4.367	=IF(D8734>0,ROUND(C8734/D8734,6),"")
94087	San Jose-Sunnyvale-Santa Clara, CA	58126	6.591	=IF(D8735>0,ROUND(C8735/D8735,6),"")
94089	San Jose-Sunnyvale-Santa Clara, CA	23214	6.085	=IF(D8736>0,ROUND(C8736/D8736,6),"")
94102	San Francisco-Oakland-Berkeley, CA	34983	0.662	=IF(D8737>0,ROUND(C8737/D8737,6),"")
94103	San Francisco-Oakland-Berkeley, CA	33524	1.374	=IF(D8738>0,ROUND(C8738/D8738,6),"")
94107	San Francisco-Oakland-Berkeley, CA	30190	1.826	=IF(D8739>0,ROUND(C8739/D8739,6),"")
94109	San Francisco-Oakland-Berkeley, CA	54397	1.079	=IF(D8740>0,ROUND(C8740/D8740,6),"")
94110	San Francisco-Oakland-Berkeley, CA	66687	2.39	=IF(D8741>0,ROUND(C8741/D8741,6),"")
94112	San Francisco-Oakland-Berkeley, CA	80133	3.337	=IF(D8742>0,ROUND(C8742/D8742,6),"")
94114	San Francisco-Oakland-Berkeley, CA	33627	1.385	=IF(D8743>0,ROUND(C8743/D8743,6),"")
94115	San Francisco-Oakland-Berkeley, CA	32715	1.136	=IF(D8744>0,ROUND(C8744/D8744,6),"")
94116	San Francisco-Oakland-Berkeley, CA	42523	2.526	=IF(D8745>0,ROUND(C8745/D8745,6),"")
94117	San Francisco-Oakland-Berkeley, CA	37575	1.275	=IF(D8746>0,ROUND(C8746/D8746,6),"")
94118	San Francisco-Oakland-Berkeley, CA	39275	2.005	=IF(D8747>0,ROUND(C8747/D8747,6),"")
94121	San Francisco-Oakland-Berkeley, CA	42987	2.535	=IF(D8748>0,ROUND(C8748/D8748,6),"")
94122	San Francisco-Oakland-Berkeley, CA	57369	3.257	=IF(D8749>0,ROUND(C8749/D8749,6),"")
94123	San Francisco-Oakland-Berkeley, CA	24518	1.073	=IF(D8750>0,ROUND(C8750/D8750,6),"")
94124	San Francisco-Oakland-Berkeley, CA	36226	4.665	=IF(D8751>0,ROUND(C8751/D8751,6),"")
94127	San Francisco-Oakland-Berkeley, CA	20710	1.865	=IF(D8752>0,ROUND(C8752/D8752,6),"")
94131	San Francisco-Oakland-Berkeley, CA	27809	2.022	=IF(D8753>0,ROUND(C8753/D8753,6),"")
94132	San Francisco-Oakland-Berkeley, CA	27406	3.131	=IF(D8754>0,ROUND(C8754/D8754,6),"")
94133	San Francisco-Oakland-Berkeley, CA	24753	0.658	=IF(D8755>0,ROUND(C8755/D8755,6),"")
94134	San Francisco-Oakland-Berkeley, CA	40142	2.554	=IF(D8756>0,ROUND(C8756/D8756,6),"")
94301	San Jose-Sunnyvale-Santa Clara, CA	17126	2.37	=IF(D8757>0,ROUND(C8757/D8757,6),"")
94303	San Francisco-Oakland-Berkeley, CA	47123	8.439	=IF(D8758>0,ROUND(C8758/D8758,6),"")
94304	San Jose-Sunnyvale-Santa Clara, CA	4731	4.807	=IF(D8759>0,ROUND(C8759/D8759,6),"")
94305	San Jose-Sunnyvale-Santa Clara, CA	17912	4.78	=IF(D8760>0,ROUND(C8760/D8760,6),"")
94306	San Jose-Sunnyvale-Santa Clara, CA	27527	4.085	=IF(D8761>0,ROUND(C8761/D8761,6),"")
94401	San Francisco-Oakland-Berkeley, CA	35628	3.111	=IF(D8762>0,ROUND(C8762/D8762,6),"")
94402	San Francisco-Oakland-Berkeley, CA	25498	5.05	=IF(D8763>0,ROUND(C8763/D8763,6),"")
94403	San Francisco-Oakland-Berkeley, CA	43459	5.633	=IF(D8764>0,ROUND(C8764/D8764,6),"")
94404	San Francisco-Oakland-Berkeley, CA	35950	4.35	=IF(D8765>0,ROUND(C8765/D8765,6),"")
94501	San Francisco-Oakland-Berkeley, CA	63517	7.924	=IF(D8766>0,ROUND(C8766/D8766,6),"")
94502	San Francisco-Oakland-Berkeley, CA	13359	2.522	=IF(D8767>0,ROUND(C8767/D8767,6),"")
94505	San Francisco-Oakland-Berkeley, CA	15316	16.672	=IF(D8768>0,ROUND(C8768/D8768,6),"")
94506	San Francisco-Oakland-Berkeley, CA	27261	18.656	=IF(D8769>0,ROUND(C8769/D8769,6),"")
94507	San Francisco-Oakland-Berkeley, CA	14546	11.198	=IF(D8770>0,ROUND(C8770/D8770,6),"")
94509	San Francisco-Oakland-Berkeley, CA	71013	17.445	=IF(D8771>0,ROUND(C8771/D8771,6),"")
94510	Vallejo, CA	26879	29.174	=IF(D8772>0,ROUND(C8772/D8772,6),"")
94511	San Francisco-Oakland-Berkeley, CA	2144	5.252	=IF(D8773>0,ROUND(C8773/D8773,6),"")
94513	San Francisco-Oakland-Berkeley, CA	68160	78.857	=IF(D8774>0,ROUND(C8774/D8774,6),"")
94514	San Francisco-Oakland-Berkeley, CA	2044	30.012	=IF(D8775>0,ROUND(C8775/D8775,6),"")
94517	San Francisco-Oakland-Berkeley, CA	12164	47.725	=IF(D8776>0,ROUND(C8776/D8776,6),"")
94518	San Francisco-Oakland-Berkeley, CA	27743	5.541	=IF(D8777>0,ROUND(C8777/D8777,6),"")
94519	San Francisco-Oakland-Berkeley, CA	19918	4.536	=IF(D8778>0,ROUND(C8778/D8778,6),"")
94520	San Francisco-Oakland-Berkeley, CA	36767	9.872	=IF(D8779>0,ROUND(C8779/D8779,6),"")
94521	San Francisco-Oakland-Berkeley, CA	41118	9.683	=IF(D8780>0,ROUND(C8780/D8780,6),"")
94523	San Francisco-Oakland-Berkeley, CA	34789	7.206	=IF(D8781>0,ROUND(C8781/D8781,6),"")
94525	San Francisco-Oakland-Berkeley, CA	3665	2.452	=IF(D8782>0,ROUND(C8782/D8782,6),"")
94526	San Francisco-Oakland-Berkeley, CA	33085	13.17	=IF(D8783>0,ROUND(C8783/D8783,6),"")
94528	San Francisco-Oakland-Berkeley, CA	1000	1.154	=IF(D8784>0,ROUND(C8784/D8784,6),"")
94530	San Francisco-Oakland-Berkeley, CA	26229	4.33	=IF(D8785>0,ROUND(C8785/D8785,6),"")
94531	San Francisco-Oakland-Berkeley, CA	44746	14.028	=IF(D8786>0,ROUND(C8786/D8786,6),"")
94533	Vallejo, CA	78537	22.526	=IF(D8787>0,ROUND(C8787/D8787,6),"")
94534	Vallejo, CA	41122	77.504	=IF(D8788>0,ROUND(C8788/D8788,6),"")
94536	San Francisco-Oakland-Berkeley, CA	70707	14.077	=IF(D8789>0,ROUND(C8789/D8789,6),"")
94538	San Francisco-Oakland-Berkeley, CA	67704	16.542	=IF(D8790>0,ROUND(C8790/D8790,6),"")
94539	San Francisco-Oakland-Berkeley, CA	52609	25.075	=IF(D8791>0,ROUND(C8791/D8791,6),"")
94541	San Francisco-Oakland-Berkeley, CA	67785	7.456	=IF(D8792>0,ROUND(C8792/D8792,6),"")
94542	San Francisco-Oakland-Berkeley, CA	14729	8.651	=IF(D8793>0,ROUND(C8793/D8793,6),"")
94544	San Francisco-Oakland-Berkeley, CA	76739	10.952	=IF(D8794>0,ROUND(C8794/D8794,6),"")
94545	San Francisco-Oakland-Berkeley, CA	33186	14.48	=IF(D8795>0,ROUND(C8795/D8795,6),"")
94546	San Francisco-Oakland-Berkeley, CA	45848	15.957	=IF(D8796>0,ROUND(C8796/D8796,6),"")
94547	San Francisco-Oakland-Berkeley, CA	26245	5.67	=IF(D8797>0,ROUND(C8797/D8797,6),"")
94549	San Francisco-Oakland-Berkeley, CA	28247	19.846	=IF(D8798>0,ROUND(C8798/D8798,6),"")
94550	San Francisco-Oakland-Berkeley, CA	49610	271.976	=IF(D8799>0,ROUND(C8799/D8799,6),"")
94551	San Francisco-Oakland-Berkeley, CA	38739	82.736	=IF(D8800>0,ROUND(C8800/D8800,6),"")
94552	San Francisco-Oakland-Berkeley, CA	14359	51.8	=IF(D8801>0,ROUND(C8801/D8801,6),"")
94553	San Francisco-Oakland-Berkeley, CA	48600	61.634	=IF(D8802>0,ROUND(C8802/D8802,6),"")
94555	San Francisco-Oakland-Berkeley, CA	37500	13.855	=IF(D8803>0,ROUND(C8803/D8803,6),"")
94556	San Francisco-Oakland-Berkeley, CA	15922	19.279	=IF(D8804>0,ROUND(C8804/D8804,6),"")
94560	San Francisco-Oakland-Berkeley, CA	47145	20.076	=IF(D8805>0,ROUND(C8805/D8805,6),"")
94561	San Francisco-Oakland-Berkeley, CA	45386	17.339	=IF(D8806>0,ROUND(C8806/D8806,6),"")
94563	San Francisco-Oakland-Berkeley, CA	19409	20.523	=IF(D8807>0,ROUND(C8807/D8807,6),"")
94564	San Francisco-Oakland-Berkeley, CA	18835	6.829	=IF(D8808>0,ROUND(C8808/D8808,6),"")
94565	San Francisco-Oakland-Berkeley, CA	99933	45.293	=IF(D8809>0,ROUND(C8809/D8809,6),"")
94566	San Francisco-Oakland-Berkeley, CA	44782	20.321	=IF(D8810>0,ROUND(C8810/D8810,6),"")
94568	San Francisco-Oakland-Berkeley, CA	70542	16.494	=IF(D8811>0,ROUND(C8811/D8811,6),"")
94569	San Francisco-Oakland-Berkeley, CA	194	1.286	=IF(D8812>0,ROUND(C8812/D8812,6),"")
94571	Vallejo, CA	10973	109.098	=IF(D8813>0,ROUND(C8813/D8813,6),"")
94572	San Francisco-Oakland-Berkeley, CA	8712	9.177	=IF(D8814>0,ROUND(C8814/D8814,6),"")
94577	San Francisco-Oakland-Berkeley, CA	47533	8.115	=IF(D8815>0,ROUND(C8815/D8815,6),"")
94578	San Francisco-Oakland-Berkeley, CA	41567	4.559	=IF(D8816>0,ROUND(C8816/D8816,6),"")
94579	San Francisco-Oakland-Berkeley, CA	19955	3.128	=IF(D8817>0,ROUND(C8817/D8817,6),"")
94580	San Francisco-Oakland-Berkeley, CA	28866	3.322	=IF(D8818>0,ROUND(C8818/D8818,6),"")
94582	San Francisco-Oakland-Berkeley, CA	47182	13.411	=IF(D8819>0,ROUND(C8819/D8819,6),"")
94583	San Francisco-Oakland-Berkeley, CA	39418	21.236	=IF(D8820>0,ROUND(C8820/D8820,6),"")
94585	Vallejo, CA	29290	106.191	=IF(D8821>0,ROUND(C8821/D8821,6),"")
94586	San Francisco-Oakland-Berkeley, CA	1011	55.726	=IF(D8822>0,ROUND(C8822/D8822,6),"")
94587	San Francisco-Oakland-Berkeley, CA	68141	19.631	=IF(D8823>0,ROUND(C8823/D8823,6),"")
94588	San Francisco-Oakland-Berkeley, CA	34423	32.74	=IF(D8824>0,ROUND(C8824/D8824,6),"")
94589	Vallejo, CA	30199	5.665	=IF(D8825>0,ROUND(C8825/D8825,6),"")
94590	Vallejo, CA	37401	6.563	=IF(D8826>0,ROUND(C8826/D8826,6),"")
94591	Vallejo, CA	58516	21.097	=IF(D8827>0,ROUND(C8827/D8827,6),"")
94592	Vallejo, CA	922	8.01	=IF(D8828>0,ROUND(C8828/D8828,6),"")
94595	San Francisco-Oakland-Berkeley, CA	17051	5.218	=IF(D8829>0,ROUND(C8829/D8829,6),"")
94596	San Francisco-Oakland-Berkeley, CA	23592	6.062	=IF(D8830>0,ROUND(C8830/D8830,6),"")
94597	San Francisco-Oakland-Berkeley, CA	24235	4.053	=IF(D8831>0,ROUND(C8831/D8831,6),"")
94598	San Francisco-Oakland-Berkeley, CA	26293	20.614	=IF(D8832>0,ROUND(C8832/D8832,6),"")
94601	San Francisco-Oakland-Berkeley, CA	52289	3.199	=IF(D8833>0,ROUND(C8833/D8833,6),"")
94602	San Francisco-Oakland-Berkeley, CA	31450	3.638	=IF(D8834>0,ROUND(C8834/D8834,6),"")
94603	San Francisco-Oakland-Berkeley, CA	36440	2.698	=IF(D8835>0,ROUND(C8835/D8835,6),"")
94605	San Francisco-Oakland-Berkeley, CA	44168	8.83	=IF(D8836>0,ROUND(C8836/D8836,6),"")
94606	San Francisco-Oakland-Berkeley, CA	38746	2.326	=IF(D8837>0,ROUND(C8837/D8837,6),"")
94607	San Francisco-Oakland-Berkeley, CA	27891	5.924	=IF(D8838>0,ROUND(C8838/D8838,6),"")
94608	San Francisco-Oakland-Berkeley, CA	33998	2.752	=IF(D8839>0,ROUND(C8839/D8839,6),"")
94609	San Francisco-Oakland-Berkeley, CA	24854	1.665	=IF(D8840>0,ROUND(C8840/D8840,6),"")
94610	San Francisco-Oakland-Berkeley, CA	32675	2.091	=IF(D8841>0,ROUND(C8841/D8841,6),"")
94611	San Francisco-Oakland-Berkeley, CA	39240	7.3	=IF(D8842>0,ROUND(C8842/D8842,6),"")
94612	San Francisco-Oakland-Berkeley, CA	17663	0.958	=IF(D8843>0,ROUND(C8843/D8843,6),"")
94618	San Francisco-Oakland-Berkeley, CA	16845	2.423	=IF(D8844>0,ROUND(C8844/D8844,6),"")
94619	San Francisco-Oakland-Berkeley, CA	28044	8.346	=IF(D8845>0,ROUND(C8845/D8845,6),"")
94621	San Francisco-Oakland-Berkeley, CA	34658	8.514	=IF(D8846>0,ROUND(C8846/D8846,6),"")
94702	San Francisco-Oakland-Berkeley, CA	17073	1.282	=IF(D8847>0,ROUND(C8847/D8847,6),"")
94703	San Francisco-Oakland-Berkeley, CA	20874	1.288	=IF(D8848>0,ROUND(C8848/D8848,6),"")
94704	San Francisco-Oakland-Berkeley, CA	24427	0.851	=IF(D8849>0,ROUND(C8849/D8849,6),"")
94705	San Francisco-Oakland-Berkeley, CA	14149	3.381	=IF(D8850>0,ROUND(C8850/D8850,6),"")
94706	San Francisco-Oakland-Berkeley, CA	20486	1.464	=IF(D8851>0,ROUND(C8851/D8851,6),"")
94707	San Francisco-Oakland-Berkeley, CA	12728	1.762	=IF(D8852>0,ROUND(C8852/D8852,6),"")
94708	San Francisco-Oakland-Berkeley, CA	11967	3.33	=IF(D8853>0,ROUND(C8853/D8853,6),"")
94709	San Francisco-Oakland-Berkeley, CA	12179	0.676	=IF(D8854>0,ROUND(C8854/D8854,6),"")
94710	San Francisco-Oakland-Berkeley, CA	8144	2.16	=IF(D8855>0,ROUND(C8855/D8855,6),"")
94801	San Francisco-Oakland-Berkeley, CA	33564	11.504	=IF(D8856>0,ROUND(C8856/D8856,6),"")
94803	San Francisco-Oakland-Berkeley, CA	27588	12.819	=IF(D8857>0,ROUND(C8857/D8857,6),"")
94804	San Francisco-Oakland-Berkeley, CA	44679	6.493	=IF(D8858>0,ROUND(C8858/D8858,6),"")
94805	San Francisco-Oakland-Berkeley, CA	15356	1.865	=IF(D8859>0,ROUND(C8859/D8859,6),"")
94806	San Francisco-Oakland-Berkeley, CA	61749	7.852	=IF(D8860>0,ROUND(C8860/D8860,6),"")
94901	San Francisco-Oakland-Berkeley, CA	41095	13.102	=IF(D8861>0,ROUND(C8861/D8861,6),"")
94903	San Francisco-Oakland-Berkeley, CA	31135	19.885	=IF(D8862>0,ROUND(C8862/D8862,6),"")
94904	San Francisco-Oakland-Berkeley, CA	13043	4.947	=IF(D8863>0,ROUND(C8863/D8863,6),"")
94920	San Francisco-Oakland-Berkeley, CA	12682	6.51	=IF(D8864>0,ROUND(C8864/D8864,6),"")
94923	Santa Rosa-Petaluma, CA	1457	19.324	=IF(D8865>0,ROUND(C8865/D8865,6),"")
94924	San Francisco-Oakland-Berkeley, CA	1217	27.453	=IF(D8866>0,ROUND(C8866/D8866,6),"")
94925	San Francisco-Oakland-Berkeley, CA	10101	3.211	=IF(D8867>0,ROUND(C8867/D8867,6),"")
94928	Santa Rosa-Petaluma, CA	46463	7.746	=IF(D8868>0,ROUND(C8868/D8868,6),"")
94929	San Francisco-Oakland-Berkeley, CA	224	0.945	=IF(D8869>0,ROUND(C8869/D8869,6),"")
94930	San Francisco-Oakland-Berkeley, CA	8564	14.239	=IF(D8870>0,ROUND(C8870/D8870,6),"")
94931	Santa Rosa-Petaluma, CA	9320	7.735	=IF(D8871>0,ROUND(C8871/D8871,6),"")
94933	San Francisco-Oakland-Berkeley, CA	1255	3.211	=IF(D8872>0,ROUND(C8872/D8872,6),"")
94937	San Francisco-Oakland-Berkeley, CA	916	56.216	=IF(D8873>0,ROUND(C8873/D8873,6),"")
94938	San Francisco-Oakland-Berkeley, CA	540	9.482	=IF(D8874>0,ROUND(C8874/D8874,6),"")
94939	San Francisco-Oakland-Berkeley, CA	7372	2.36	=IF(D8875>0,ROUND(C8875/D8875,6),"")
94940	San Francisco-Oakland-Berkeley, CA	275	26.204	=IF(D8876>0,ROUND(C8876/D8876,6),"")
94941	San Francisco-Oakland-Berkeley, CA	32349	37.71	=IF(D8877>0,ROUND(C8877/D8877,6),"")
94945	San Francisco-Oakland-Berkeley, CA	17280	23.05	=IF(D8878>0,ROUND(C8878/D8878,6),"")
94946	San Francisco-Oakland-Berkeley, CA	727	37.222	=IF(D8879>0,ROUND(C8879/D8879,6),"")
94947	San Francisco-Oakland-Berkeley, CA	24360	21.935	=IF(D8880>0,ROUND(C8880/D8880,6),"")
94949	San Francisco-Oakland-Berkeley, CA	18357	13.394	=IF(D8881>0,ROUND(C8881/D8881,6),"")
94951	Santa Rosa-Petaluma, CA	3628	12.855	=IF(D8882>0,ROUND(C8882/D8882,6),"")
94952	Santa Rosa-Petaluma, CA	33339	198.517	=IF(D8883>0,ROUND(C8883/D8883,6),"")
94954	Santa Rosa-Petaluma, CA	38000	62.181	=IF(D8884>0,ROUND(C8884/D8884,6),"")
94956	San Francisco-Oakland-Berkeley, CA	1158	34.709	=IF(D8885>0,ROUND(C8885/D8885,6),"")
94957	San Francisco-Oakland-Berkeley, CA	2151	1.42	=IF(D8886>0,ROUND(C8886/D8886,6),"")
94960	San Francisco-Oakland-Berkeley, CA	15891	5.879	=IF(D8887>0,ROUND(C8887/D8887,6),"")
94963	San Francisco-Oakland-Berkeley, CA	562	1.597	=IF(D8888>0,ROUND(C8888/D8888,6),"")
94965	San Francisco-Oakland-Berkeley, CA	12160	14.577	=IF(D8889>0,ROUND(C8889/D8889,6),"")
94970	San Francisco-Oakland-Berkeley, CA	372	7.23	=IF(D8890>0,ROUND(C8890/D8890,6),"")
94971	San Francisco-Oakland-Berkeley, CA	315	22.171	=IF(D8891>0,ROUND(C8891/D8891,6),"")
94973	San Francisco-Oakland-Berkeley, CA	1652	3.951	=IF(D8892>0,ROUND(C8892/D8892,6),"")
95002	San Jose-Sunnyvale-Santa Clara, CA	1639	9.579	=IF(D8893>0,ROUND(C8893/D8893,6),"")
95004	San Jose-Sunnyvale-Santa Clara, CA	3917	21.957	=IF(D8894>0,ROUND(C8894/D8894,6),"")
95008	San Jose-Sunnyvale-Santa Clara, CA	48415	6.463	=IF(D8895>0,ROUND(C8895/D8895,6),"")
95014	San Jose-Sunnyvale-Santa Clara, CA	61109	24.86	=IF(D8896>0,ROUND(C8896/D8896,6),"")
95020	San Jose-Sunnyvale-Santa Clara, CA	67945	151.785	=IF(D8897>0,ROUND(C8897/D8897,6),"")
95023	San Jose-Sunnyvale-Santa Clara, CA	58374	394.828	=IF(D8898>0,ROUND(C8898/D8898,6),"")
95030	San Jose-Sunnyvale-Santa Clara, CA	12969	10.544	=IF(D8899>0,ROUND(C8899/D8899,6),"")
95032	San Jose-Sunnyvale-Santa Clara, CA	27682	18.667	=IF(D8900>0,ROUND(C8900/D8900,6),"")
95033	San Jose-Sunnyvale-Santa Clara, CA	9884	89.474	=IF(D8901>0,ROUND(C8901/D8901,6),"")
95035	San Jose-Sunnyvale-Santa Clara, CA	78479	22.433	=IF(D8902>0,ROUND(C8902/D8902,6),"")
95037	San Jose-Sunnyvale-Santa Clara, CA	51517	120.078	=IF(D8903>0,ROUND(C8903/D8903,6),"")
95045	San Jose-Sunnyvale-Santa Clara, CA	4291	47.327	=IF(D8904>0,ROUND(C8904/D8904,6),"")
95046	San Jose-Sunnyvale-Santa Clara, CA	6766	18.81	=IF(D8905>0,ROUND(C8905/D8905,6),"")
95050	San Jose-Sunnyvale-Santa Clara, CA	39827	5.455	=IF(D8906>0,ROUND(C8906/D8906,6),"")
95051	San Jose-Sunnyvale-Santa Clara, CA	61345	6.591	=IF(D8907>0,ROUND(C8907/D8907,6),"")
95054	San Jose-Sunnyvale-Santa Clara, CA	25196	6.423	=IF(D8908>0,ROUND(C8908/D8908,6),"")
95070	San Jose-Sunnyvale-Santa Clara, CA	31383	28.322	=IF(D8909>0,ROUND(C8909/D8909,6),"")
95110	San Jose-Sunnyvale-Santa Clara, CA	19444	4.546	=IF(D8910>0,ROUND(C8910/D8910,6),"")
95111	San Jose-Sunnyvale-Santa Clara, CA	58885	5.805	=IF(D8911>0,ROUND(C8911/D8911,6),"")
95112	San Jose-Sunnyvale-Santa Clara, CA	56766	7.27	=IF(D8912>0,ROUND(C8912/D8912,6),"")
95116	San Jose-Sunnyvale-Santa Clara, CA	48816	3.564	=IF(D8913>0,ROUND(C8913/D8913,6),"")
95117	San Jose-Sunnyvale-Santa Clara, CA	27798	2.32	=IF(D8914>0,ROUND(C8914/D8914,6),"")
95118	San Jose-Sunnyvale-Santa Clara, CA	31831	4.066	=IF(D8915>0,ROUND(C8915/D8915,6),"")
95119	San Jose-Sunnyvale-Santa Clara, CA	10449	4.252	=IF(D8916>0,ROUND(C8916/D8916,6),"")
95120	San Jose-Sunnyvale-Santa Clara, CA	38103	39.301	=IF(D8917>0,ROUND(C8917/D8917,6),"")
95121	San Jose-Sunnyvale-Santa Clara, CA	35722	4.445	=IF(D8918>0,ROUND(C8918/D8918,6),"")
95122	San Jose-Sunnyvale-Santa Clara, CA	52206	4.782	=IF(D8919>0,ROUND(C8919/D8919,6),"")
95123	San Jose-Sunnyvale-Santa Clara, CA	70279	7.822	=IF(D8920>0,ROUND(C8920/D8920,6),"")
95124	San Jose-Sunnyvale-Santa Clara, CA	51991	6.588	=IF(D8921>0,ROUND(C8921/D8921,6),"")
95125	San Jose-Sunnyvale-Santa Clara, CA	53934	7.285	=IF(D8922>0,ROUND(C8922/D8922,6),"")
95126	San Jose-Sunnyvale-Santa Clara, CA	38239	3.326	=IF(D8923>0,ROUND(C8923/D8923,6),"")
95127	San Jose-Sunnyvale-Santa Clara, CA	61091	19.031	=IF(D8924>0,ROUND(C8924/D8924,6),"")
95128	San Jose-Sunnyvale-Santa Clara, CA	33585	3.931	=IF(D8925>0,ROUND(C8925/D8925,6),"")
95129	San Jose-Sunnyvale-Santa Clara, CA	40896	4.563	=IF(D8926>0,ROUND(C8926/D8926,6),"")
95130	San Jose-Sunnyvale-Santa Clara, CA	13491	1.439	=IF(D8927>0,ROUND(C8927/D8927,6),"")
95131	San Jose-Sunnyvale-Santa Clara, CA	30745	5.775	=IF(D8928>0,ROUND(C8928/D8928,6),"")
95132	San Jose-Sunnyvale-Santa Clara, CA	39605	27.353	=IF(D8929>0,ROUND(C8929/D8929,6),"")
95133	San Jose-Sunnyvale-Santa Clara, CA	28561	3.261	=IF(D8930>0,ROUND(C8930/D8930,6),"")
95134	San Jose-Sunnyvale-Santa Clara, CA	30255	10.808	=IF(D8931>0,ROUND(C8931/D8931,6),"")
95135	San Jose-Sunnyvale-Santa Clara, CA	20503	129.442	=IF(D8932>0,ROUND(C8932/D8932,6),"")
95136	San Jose-Sunnyvale-Santa Clara, CA	47157	5.203	=IF(D8933>0,ROUND(C8933/D8933,6),"")
95138	San Jose-Sunnyvale-Santa Clara, CA	19513	26.036	=IF(D8934>0,ROUND(C8934/D8934,6),"")
95139	San Jose-Sunnyvale-Santa Clara, CA	7113	1.205	=IF(D8935>0,ROUND(C8935/D8935,6),"")
95140	San Jose-Sunnyvale-Santa Clara, CA	41	76.847	=IF(D8936>0,ROUND(C8936/D8936,6),"")
95148	San Jose-Sunnyvale-Santa Clara, CA	45392	7.883	=IF(D8937>0,ROUND(C8937/D8937,6),"")
95202	Stockton, CA	6426	1.06	=IF(D8938>0,ROUND(C8938/D8938,6),"")
95203	Stockton, CA	16628	6.165	=IF(D8939>0,ROUND(C8939/D8939,6),"")
95204	Stockton, CA	31028	5.302	=IF(D8940>0,ROUND(C8940/D8940,6),"")
95205	Stockton, CA	39154	8.991	=IF(D8941>0,ROUND(C8941/D8941,6),"")
95206	Stockton, CA	67501	133.24	=IF(D8942>0,ROUND(C8942/D8942,6),"")
95207	Stockton, CA	52441	7.246	=IF(D8943>0,ROUND(C8943/D8943,6),"")
95209	Stockton, CA	46567	8.238	=IF(D8944>0,ROUND(C8944/D8944,6),"")
95210	Stockton, CA	42103	7.604	=IF(D8945>0,ROUND(C8945/D8945,6),"")
95212	Stockton, CA	28013	21.182	=IF(D8946>0,ROUND(C8946/D8946,6),"")
95215	Stockton, CA	26032	92.819	=IF(D8947>0,ROUND(C8947/D8947,6),"")
95219	Stockton, CA	31200	116.861	=IF(D8948>0,ROUND(C8948/D8948,6),"")
95220	Stockton, CA	7958	58.059	=IF(D8949>0,ROUND(C8949/D8949,6),"")
95227	Stockton, CA	1036	38.06	=IF(D8950>0,ROUND(C8950/D8950,6),"")
95230	Modesto, CA	495	136.878	=IF(D8951>0,ROUND(C8951/D8951,6),"")
95231	Stockton, CA	4339	10.764	=IF(D8952>0,ROUND(C8952/D8952,6),"")
95236	Stockton, CA	4506	127.521	=IF(D8953>0,ROUND(C8953/D8953,6),"")
95237	Stockton, CA	3753	7.415	=IF(D8954>0,ROUND(C8954/D8954,6),"")
95240	Stockton, CA	50682	68.187	=IF(D8955>0,ROUND(C8955/D8955,6),"")
95242	Stockton, CA	27860	90.87	=IF(D8956>0,ROUND(C8956/D8956,6),"")
95254	Stockton, CA	316	4.876	=IF(D8957>0,ROUND(C8957/D8957,6),"")
95258	Stockton, CA	3868	3.219	=IF(D8958>0,ROUND(C8958/D8958,6),"")
95301	Merced, CA	42374	76.064	=IF(D8959>0,ROUND(C8959/D8959,6),"")
95303	Merced, CA	876	28.892	=IF(D8960>0,ROUND(C8960/D8960,6),"")
95304	Stockton, CA	14818	153.471	=IF(D8961>0,ROUND(C8961/D8961,6),"")
95307	Modesto, CA	46209	32.824	=IF(D8962>0,ROUND(C8962/D8962,6),"")
95313	Modesto, CA	1114	45.737	=IF(D8963>0,ROUND(C8963/D8963,6),"")
95315	Merced, CA	13006	18.942	=IF(D8964>0,ROUND(C8964/D8964,6),"")
95316	Modesto, CA	7594	81.801	=IF(D8965>0,ROUND(C8965/D8965,6),"")
95319	Modesto, CA	1580	2.525	=IF(D8966>0,ROUND(C8966/D8966,6),"")
95320	Stockton, CA	13511	88.729	=IF(D8967>0,ROUND(C8967/D8967,6),"")
95322	Merced, CA	9013	169.391	=IF(D8968>0,ROUND(C8968/D8968,6),"")
95323	Modesto, CA	1409	31.311	=IF(D8969>0,ROUND(C8969/D8969,6),"")
95324	Merced, CA	7862	40.156	=IF(D8970>0,ROUND(C8970/D8970,6),"")
95326	Modesto, CA	10662	26.501	=IF(D8971>0,ROUND(C8971/D8971,6),"")
95328	Modesto, CA	3939	0.904	=IF(D8972>0,ROUND(C8972/D8972,6),"")
95329	Modesto, CA	2339	116.57	=IF(D8973>0,ROUND(C8973/D8973,6),"")
95330	Stockton, CA	33015	21.525	=IF(D8974>0,ROUND(C8974/D8974,6),"")
95333	Merced, CA	3203	122.325	=IF(D8975>0,ROUND(C8975/D8975,6),"")
95334	Merced, CA	17198	56.473	=IF(D8976>0,ROUND(C8976/D8976,6),"")
95336	Stockton, CA	49357	38.336	=IF(D8977>0,ROUND(C8977/D8977,6),"")
95337	Stockton, CA	46157	45.425	=IF(D8978>0,ROUND(C8978/D8978,6),"")
95340	Merced, CA	38045	51.957	=IF(D8979>0,ROUND(C8979/D8979,6),"")
95341	Merced, CA	34956	146.825	=IF(D8980>0,ROUND(C8980/D8980,6),"")
95348	Merced, CA	36663	58.995	=IF(D8981>0,ROUND(C8981/D8981,6),"")
95350	Modesto, CA	55984	8.836	=IF(D8982>0,ROUND(C8982/D8982,6),"")
95351	Modesto, CA	47232	8.893	=IF(D8983>0,ROUND(C8983/D8983,6),"")
95354	Modesto, CA	26587	7.654	=IF(D8984>0,ROUND(C8984/D8984,6),"")
95355	Modesto, CA	60470	9.346	=IF(D8985>0,ROUND(C8985/D8985,6),"")
95356	Modesto, CA	33025	22.212	=IF(D8986>0,ROUND(C8986/D8986,6),"")
95357	Modesto, CA	14283	39.35	=IF(D8987>0,ROUND(C8987/D8987,6),"")
95358	Modesto, CA	30994	116.274	=IF(D8988>0,ROUND(C8988/D8988,6),"")
95360	Modesto, CA	13690	61.814	=IF(D8989>0,ROUND(C8989/D8989,6),"")
95361	Modesto, CA	35024	217.412	=IF(D8990>0,ROUND(C8990/D8990,6),"")
95363	Modesto, CA	30407	478.311	=IF(D8991>0,ROUND(C8991/D8991,6),"")
95365	Merced, CA	4009	3.665	=IF(D8992>0,ROUND(C8992/D8992,6),"")
95366	Stockton, CA	18440	34.319	=IF(D8993>0,ROUND(C8993/D8993,6),"")
95367	Modesto, CA	25303	5.252	=IF(D8994>0,ROUND(C8994/D8994,6),"")
95368	Modesto, CA	14457	3.061	=IF(D8995>0,ROUND(C8995/D8995,6),"")
95369	Merced, CA	802	156.092	=IF(D8996>0,ROUND(C8996/D8996,6),"")
95374	Merced, CA	1652	44.452	=IF(D8997>0,ROUND(C8997/D8997,6),"")
95376	Stockton, CA	54853	7.617	=IF(D8998>0,ROUND(C8998/D8998,6),"")
95377	Stockton, CA	36182	109.961	=IF(D8999>0,ROUND(C8999/D8999,6),"")
95380	Modesto, CA	43731	77.155	=IF(D9000>0,ROUND(C9000/D9000,6),"")
95382	Modesto, CA	39320	10.945	=IF(D9001>0,ROUND(C9001/D9001,6),"")
95386	Modesto, CA	10410	94.684	=IF(D9002>0,ROUND(C9002/D9002,6),"")
95388	Merced, CA	13005	37.696	=IF(D9003>0,ROUND(C9003/D9003,6),"")
95391	Stockton, CA	25193	26.854	=IF(D9004>0,ROUND(C9004/D9004,6),"")
95401	Santa Rosa-Petaluma, CA	36842	20.904	=IF(D9005>0,ROUND(C9005/D9005,6),"")
95403	Santa Rosa-Petaluma, CA	45570	21.54	=IF(D9006>0,ROUND(C9006/D9006,6),"")
95404	Santa Rosa-Petaluma, CA	37317	75.39	=IF(D9007>0,ROUND(C9007/D9007,6),"")
95405	Santa Rosa-Petaluma, CA	22811	5.016	=IF(D9008>0,ROUND(C9008/D9008,6),"")
95407	Santa Rosa-Petaluma, CA	42135	21.611	=IF(D9009>0,ROUND(C9009/D9009,6),"")
95409	Santa Rosa-Petaluma, CA	25960	34.993	=IF(D9010>0,ROUND(C9010/D9010,6),"")
95412	Santa Rosa-Petaluma, CA	227	90.321	=IF(D9011>0,ROUND(C9011/D9011,6),"")
95419	Santa Rosa-Petaluma, CA	160	0.065	=IF(D9012>0,ROUND(C9012/D9012,6),"")
95421	Santa Rosa-Petaluma, CA	1453	143.387	=IF(D9013>0,ROUND(C9013/D9013,6),"")
95425	Santa Rosa-Petaluma, CA	11410	192.08	=IF(D9014>0,ROUND(C9014/D9014,6),"")
95436	Santa Rosa-Petaluma, CA	5999	21.253	=IF(D9015>0,ROUND(C9015/D9015,6),"")
95439	Santa Rosa-Petaluma, CA	708	2.667	=IF(D9016>0,ROUND(C9016/D9016,6),"")
95441	Santa Rosa-Petaluma, CA	1842	157.17	=IF(D9017>0,ROUND(C9017/D9017,6),"")
95442	Santa Rosa-Petaluma, CA	2986	24.961	=IF(D9018>0,ROUND(C9018/D9018,6),"")
95444	Santa Rosa-Petaluma, CA	748	0.314	=IF(D9019>0,ROUND(C9019/D9019,6),"")
95446	Santa Rosa-Petaluma, CA	4808	31.046	=IF(D9020>0,ROUND(C9020/D9020,6),"")
95448	Santa Rosa-Petaluma, CA	15868	184.838	=IF(D9021>0,ROUND(C9021/D9021,6),"")
95450	Santa Rosa-Petaluma, CA	215	37.378	=IF(D9022>0,ROUND(C9022/D9022,6),"")
95452	Santa Rosa-Petaluma, CA	1388	16.394	=IF(D9023>0,ROUND(C9023/D9023,6),"")
95462	Santa Rosa-Petaluma, CA	1122	3.616	=IF(D9024>0,ROUND(C9024/D9024,6),"")
95465	Santa Rosa-Petaluma, CA	1154	48.079	=IF(D9025>0,ROUND(C9025/D9025,6),"")
95472	Santa Rosa-Petaluma, CA	28588	70.264	=IF(D9026>0,ROUND(C9026/D9026,6),"")
95476	Santa Rosa-Petaluma, CA	35139	107.637	=IF(D9027>0,ROUND(C9027/D9027,6),"")
95492	Santa Rosa-Petaluma, CA	27455	19.788	=IF(D9028>0,ROUND(C9028/D9028,6),"")
95497	Santa Rosa-Petaluma, CA	1200	15.236	=IF(D9029>0,ROUND(C9029/D9029,6),"")
95602	Sacramento-Roseville-Folsom, CA	19248	49.677	=IF(D9030>0,ROUND(C9030/D9030,6),"")
95603	Sacramento-Roseville-Folsom, CA	28195	35.764	=IF(D9031>0,ROUND(C9031/D9031,6),"")
95605	Sacramento-Roseville-Folsom, CA	14711	3.899	=IF(D9032>0,ROUND(C9032/D9032,6),"")
95607	Sacramento-Roseville-Folsom, CA	271	132.46	=IF(D9033>0,ROUND(C9033/D9033,6),"")
95608	Sacramento-Roseville-Folsom, CA	63052	13.228	=IF(D9034>0,ROUND(C9034/D9034,6),"")
95610	Sacramento-Roseville-Folsom, CA	46759	7.928	=IF(D9035>0,ROUND(C9035/D9035,6),"")
95612	Sacramento-Roseville-Folsom, CA	1519	63.607	=IF(D9036>0,ROUND(C9036/D9036,6),"")
95614	Sacramento-Roseville-Folsom, CA	4504	31.755	=IF(D9037>0,ROUND(C9037/D9037,6),"")
95615	Sacramento-Roseville-Folsom, CA	978	21.156	=IF(D9038>0,ROUND(C9038/D9038,6),"")
95616	Sacramento-Roseville-Folsom, CA	51863	29.855	=IF(D9039>0,ROUND(C9039/D9039,6),"")
95618	Sacramento-Roseville-Folsom, CA	27007	32.13	=IF(D9040>0,ROUND(C9040/D9040,6),"")
95619	Sacramento-Roseville-Folsom, CA	6362	5.936	=IF(D9041>0,ROUND(C9041/D9041,6),"")
95620	Vallejo, CA	22367	241.267	=IF(D9042>0,ROUND(C9042/D9042,6),"")
95621	Sacramento-Roseville-Folsom, CA	41747	6.675	=IF(D9043>0,ROUND(C9043/D9043,6),"")
95623	Sacramento-Roseville-Folsom, CA	4725	44.66	=IF(D9044>0,ROUND(C9044/D9044,6),"")
95624	Sacramento-Roseville-Folsom, CA	68036	45.553	=IF(D9045>0,ROUND(C9045/D9045,6),"")
95626	Sacramento-Roseville-Folsom, CA	4974	37.697	=IF(D9046>0,ROUND(C9046/D9046,6),"")
95627	Sacramento-Roseville-Folsom, CA	3935	52.319	=IF(D9047>0,ROUND(C9047/D9047,6),"")
95628	Sacramento-Roseville-Folsom, CA	43783	12.892	=IF(D9048>0,ROUND(C9048/D9048,6),"")
95629	Sacramento-Roseville-Folsom, CA	1047	57.029	=IF(D9049>0,ROUND(C9049/D9049,6),"")
95630	Sacramento-Roseville-Folsom, CA	77952	26.192	=IF(D9050>0,ROUND(C9050/D9050,6),"")
95631	Sacramento-Roseville-Folsom, CA	6934	173.981	=IF(D9051>0,ROUND(C9051/D9051,6),"")
95632	Sacramento-Roseville-Folsom, CA	31889	113.26	=IF(D9052>0,ROUND(C9052/D9052,6),"")
95633	Sacramento-Roseville-Folsom, CA	2653	39.46	=IF(D9053>0,ROUND(C9053/D9053,6),"")
95634	Sacramento-Roseville-Folsom, CA	3792	118.611	=IF(D9054>0,ROUND(C9054/D9054,6),"")
95635	Sacramento-Roseville-Folsom, CA	1424	29.548	=IF(D9055>0,ROUND(C9055/D9055,6),"")
95636	Sacramento-Roseville-Folsom, CA	1387	11.469	=IF(D9056>0,ROUND(C9056/D9056,6),"")
95637	Sacramento-Roseville-Folsom, CA	374	42.28	=IF(D9057>0,ROUND(C9057/D9057,6),"")
95638	Sacramento-Roseville-Folsom, CA	2295	80.227	=IF(D9058>0,ROUND(C9058/D9058,6),"")
95641	Sacramento-Roseville-Folsom, CA	2086	41.984	=IF(D9059>0,ROUND(C9059/D9059,6),"")
95645	Sacramento-Roseville-Folsom, CA	1363	123.802	=IF(D9060>0,ROUND(C9060/D9060,6),"")
95648	Sacramento-Roseville-Folsom, CA	56597	144.298	=IF(D9061>0,ROUND(C9061/D9061,6),"")
95650	Sacramento-Roseville-Folsom, CA	13314	22.847	=IF(D9062>0,ROUND(C9062/D9062,6),"")
95651	Sacramento-Roseville-Folsom, CA	623	13.366	=IF(D9063>0,ROUND(C9063/D9063,6),"")
95653	Sacramento-Roseville-Folsom, CA	682	5.493	=IF(D9064>0,ROUND(C9064/D9064,6),"")
95655	Sacramento-Roseville-Folsom, CA	5029	9.529	=IF(D9065>0,ROUND(C9065/D9065,6),"")
95658	Sacramento-Roseville-Folsom, CA	6197	23.304	=IF(D9066>0,ROUND(C9066/D9066,6),"")
95659	Yuba City, CA	673	45.928	=IF(D9067>0,ROUND(C9067/D9067,6),"")
95660	Sacramento-Roseville-Folsom, CA	35668	6.355	=IF(D9068>0,ROUND(C9068/D9068,6),"")
95661	Sacramento-Roseville-Folsom, CA	32599	8.954	=IF(D9069>0,ROUND(C9069/D9069,6),"")
95662	Sacramento-Roseville-Folsom, CA	31895	10.806	=IF(D9070>0,ROUND(C9070/D9070,6),"")
95663	Sacramento-Roseville-Folsom, CA	3126	8.701	=IF(D9071>0,ROUND(C9071/D9071,6),"")
95664	Sacramento-Roseville-Folsom, CA	1261	36.744	=IF(D9072>0,ROUND(C9072/D9072,6),"")
95666	Sacramento-Roseville-Folsom, CA	6089	83.975	=IF(D9073>0,ROUND(C9073/D9073,6),"")
95667	Sacramento-Roseville-Folsom, CA	36286	169.08	=IF(D9074>0,ROUND(C9074/D9074,6),"")
95668	Sacramento-Roseville-Folsom, CA	540	64.98	=IF(D9075>0,ROUND(C9075/D9075,6),"")
95670	Sacramento-Roseville-Folsom, CA	59314	12.917	=IF(D9076>0,ROUND(C9076/D9076,6),"")
95672	Sacramento-Roseville-Folsom, CA	5630	21.745	=IF(D9077>0,ROUND(C9077/D9077,6),"")
95673	Sacramento-Roseville-Folsom, CA	16935	16.253	=IF(D9078>0,ROUND(C9078/D9078,6),"")
95674	Yuba City, CA	992	31.862	=IF(D9079>0,ROUND(C9079/D9079,6),"")
95677	Sacramento-Roseville-Folsom, CA	28873	9.742	=IF(D9080>0,ROUND(C9080/D9080,6),"")
95678	Sacramento-Roseville-Folsom, CA	45744	11.425	=IF(D9081>0,ROUND(C9081/D9081,6),"")
95681	Sacramento-Roseville-Folsom, CA	1525	15.612	=IF(D9082>0,ROUND(C9082/D9082,6),"")
95682	Sacramento-Roseville-Folsom, CA	29249	89.883	=IF(D9083>0,ROUND(C9083/D9083,6),"")
95683	Sacramento-Roseville-Folsom, CA	6128	86.361	=IF(D9084>0,ROUND(C9084/D9084,6),"")
95684	Sacramento-Roseville-Folsom, CA	2637	159.809	=IF(D9085>0,ROUND(C9085/D9085,6),"")
95686	Stockton, CA	1123	32.394	=IF(D9086>0,ROUND(C9086/D9086,6),"")
95687	Vallejo, CA	69741	44.557	=IF(D9087>0,ROUND(C9087/D9087,6),"")
95688	Vallejo, CA	39216	92.002	=IF(D9088>0,ROUND(C9088/D9088,6),"")
95690	Sacramento-Roseville-Folsom, CA	1793	51.594	=IF(D9089>0,ROUND(C9089/D9089,6),"")
95691	Sacramento-Roseville-Folsom, CA	39894	39.028	=IF(D9090>0,ROUND(C9090/D9090,6),"")
95692	Yuba City, CA	4966	57.224	=IF(D9091>0,ROUND(C9091/D9091,6),"")
95693	Sacramento-Roseville-Folsom, CA	7623	58.661	=IF(D9092>0,ROUND(C9092/D9092,6),"")
95694	Sacramento-Roseville-Folsom, CA	10156	132.676	=IF(D9093>0,ROUND(C9093/D9093,6),"")
95695	Sacramento-Roseville-Folsom, CA	38787	145.612	=IF(D9094>0,ROUND(C9094/D9094,6),"")
95697	Sacramento-Roseville-Folsom, CA	264	0.274	=IF(D9095>0,ROUND(C9095/D9095,6),"")
95701	Sacramento-Roseville-Folsom, CA	1077	31.752	=IF(D9096>0,ROUND(C9096/D9096,6),"")
95703	Sacramento-Roseville-Folsom, CA	2099	8.878	=IF(D9097>0,ROUND(C9097/D9097,6),"")
95709	Sacramento-Roseville-Folsom, CA	5844	23.795	=IF(D9098>0,ROUND(C9098/D9098,6),"")
95713	Sacramento-Roseville-Folsom, CA	10471	60.77	=IF(D9099>0,ROUND(C9099/D9099,6),"")
95714	Sacramento-Roseville-Folsom, CA	383	3.596	=IF(D9100>0,ROUND(C9100/D9100,6),"")
95715	Sacramento-Roseville-Folsom, CA	85	33.817	=IF(D9101>0,ROUND(C9101/D9101,6),"")
95717	Sacramento-Roseville-Folsom, CA	111	19.505	=IF(D9102>0,ROUND(C9102/D9102,6),"")
95720	Sacramento-Roseville-Folsom, CA	52	155.801	=IF(D9103>0,ROUND(C9103/D9103,6),"")
95722	Sacramento-Roseville-Folsom, CA	4439	10.442	=IF(D9104>0,ROUND(C9104/D9104,6),"")
95726	Sacramento-Roseville-Folsom, CA	8229	142.954	=IF(D9105>0,ROUND(C9105/D9105,6),"")
95728	Sacramento-Roseville-Folsom, CA	593	27.992	=IF(D9106>0,ROUND(C9106/D9106,6),"")
95735	Sacramento-Roseville-Folsom, CA	54	43.775	=IF(D9107>0,ROUND(C9107/D9107,6),"")
95742	Sacramento-Roseville-Folsom, CA	16287	50.442	=IF(D9108>0,ROUND(C9108/D9108,6),"")
95746	Sacramento-Roseville-Folsom, CA	22549	18.4	=IF(D9109>0,ROUND(C9109/D9109,6),"")
95747	Sacramento-Roseville-Folsom, CA	78987	42.115	=IF(D9110>0,ROUND(C9110/D9110,6),"")
95757	Sacramento-Roseville-Folsom, CA	54535	64.497	=IF(D9111>0,ROUND(C9111/D9111,6),"")
95758	Sacramento-Roseville-Folsom, CA	65999	13.624	=IF(D9112>0,ROUND(C9112/D9112,6),"")
95762	Sacramento-Roseville-Folsom, CA	47262	41.588	=IF(D9113>0,ROUND(C9113/D9113,6),"")
95765	Sacramento-Roseville-Folsom, CA	43225	12.522	=IF(D9114>0,ROUND(C9114/D9114,6),"")
95776	Sacramento-Roseville-Folsom, CA	27189	88.202	=IF(D9115>0,ROUND(C9115/D9115,6),"")
95811	Sacramento-Roseville-Folsom, CA	8487	2.316	=IF(D9116>0,ROUND(C9116/D9116,6),"")
95814	Sacramento-Roseville-Folsom, CA	12355	1.396	=IF(D9117>0,ROUND(C9117/D9117,6),"")
95815	Sacramento-Roseville-Folsom, CA	26511	7.653	=IF(D9118>0,ROUND(C9118/D9118,6),"")
95816	Sacramento-Roseville-Folsom, CA	19079	2.729	=IF(D9119>0,ROUND(C9119/D9119,6),"")
95817	Sacramento-Roseville-Folsom, CA	14123	2.265	=IF(D9120>0,ROUND(C9120/D9120,6),"")
95818	Sacramento-Roseville-Folsom, CA	22798	3.859	=IF(D9121>0,ROUND(C9121/D9121,6),"")
95819	Sacramento-Roseville-Folsom, CA	20173	3.606	=IF(D9122>0,ROUND(C9122/D9122,6),"")
95820	Sacramento-Roseville-Folsom, CA	35359	5.267	=IF(D9123>0,ROUND(C9123/D9123,6),"")
95821	Sacramento-Roseville-Folsom, CA	38372	7.062	=IF(D9124>0,ROUND(C9124/D9124,6),"")
95822	Sacramento-Roseville-Folsom, CA	46269	8.398	=IF(D9125>0,ROUND(C9125/D9125,6),"")
95823	Sacramento-Roseville-Folsom, CA	83254	11.479	=IF(D9126>0,ROUND(C9126/D9126,6),"")
95824	Sacramento-Roseville-Folsom, CA	32432	3.988	=IF(D9127>0,ROUND(C9127/D9127,6),"")
95825	Sacramento-Roseville-Folsom, CA	37077	4.656	=IF(D9128>0,ROUND(C9128/D9128,6),"")
95826	Sacramento-Roseville-Folsom, CA	40500	10.538	=IF(D9129>0,ROUND(C9129/D9129,6),"")
95827	Sacramento-Roseville-Folsom, CA	21032	8.945	=IF(D9130>0,ROUND(C9130/D9130,6),"")
95828	Sacramento-Roseville-Folsom, CA	60532	12.403	=IF(D9131>0,ROUND(C9131/D9131,6),"")
95829	Sacramento-Roseville-Folsom, CA	31370	20.308	=IF(D9132>0,ROUND(C9132/D9132,6),"")
95830	Sacramento-Roseville-Folsom, CA	592	13.012	=IF(D9133>0,ROUND(C9133/D9133,6),"")
95831	Sacramento-Roseville-Folsom, CA	44366	6.995	=IF(D9134>0,ROUND(C9134/D9134,6),"")
95832	Sacramento-Roseville-Folsom, CA	12973	8.317	=IF(D9135>0,ROUND(C9135/D9135,6),"")
95833	Sacramento-Roseville-Folsom, CA	40205	8.091	=IF(D9136>0,ROUND(C9136/D9136,6),"")
95834	Sacramento-Roseville-Folsom, CA	35062	9.964	=IF(D9137>0,ROUND(C9137/D9137,6),"")
95835	Sacramento-Roseville-Folsom, CA	41678	8.879	=IF(D9138>0,ROUND(C9138/D9138,6),"")
95837	Sacramento-Roseville-Folsom, CA	263	14.377	=IF(D9139>0,ROUND(C9139/D9139,6),"")
95838	Sacramento-Roseville-Folsom, CA	40295	9.205	=IF(D9140>0,ROUND(C9140/D9140,6),"")
95841	Sacramento-Roseville-Folsom, CA	21232	3.898	=IF(D9141>0,ROUND(C9141/D9141,6),"")
95842	Sacramento-Roseville-Folsom, CA	35031	3.972	=IF(D9142>0,ROUND(C9142/D9142,6),"")
95843	Sacramento-Roseville-Folsom, CA	48321	6.517	=IF(D9143>0,ROUND(C9143/D9143,6),"")
95864	Sacramento-Roseville-Folsom, CA	25137	6.28	=IF(D9144>0,ROUND(C9144/D9144,6),"")
95901	Yuba City, CA	36807	200.199	=IF(D9145>0,ROUND(C9145/D9145,6),"")
95918	Yuba City, CA	1842	55.688	=IF(D9146>0,ROUND(C9146/D9146,6),"")
95919	Yuba City, CA	1110	26.788	=IF(D9147>0,ROUND(C9147/D9147,6),"")
95922	Yuba City, CA	495	51.881	=IF(D9148>0,ROUND(C9148/D9148,6),"")
95935	Yuba City, CA	564	25.811	=IF(D9149>0,ROUND(C9149/D9149,6),"")
95937	Sacramento-Roseville-Folsom, CA	996	53.205	=IF(D9150>0,ROUND(C9150/D9150,6),"")
95953	Yuba City, CA	10945	116.157	=IF(D9151>0,ROUND(C9151/D9151,6),"")
95957	Yuba City, CA	770	93.001	=IF(D9152>0,ROUND(C9152/D9152,6),"")
95960	Yuba City, CA	568	41.601	=IF(D9153>0,ROUND(C9153/D9153,6),"")
95961	Yuba City, CA	33439	45.848	=IF(D9154>0,ROUND(C9154/D9154,6),"")
95962	Yuba City, CA	1136	37.95	=IF(D9155>0,ROUND(C9155/D9155,6),"")
95981	Yuba City, CA	60	53.088	=IF(D9156>0,ROUND(C9156/D9156,6),"")
95982	Yuba City, CA	2971	42.575	=IF(D9157>0,ROUND(C9157/D9157,6),"")
95991	Yuba City, CA	42490	41.12	=IF(D9158>0,ROUND(C9158/D9158,6),"")
95993	Yuba City, CA	38957	84.282	=IF(D9159>0,ROUND(C9159/D9159,6),"")
96140	Sacramento-Roseville-Folsom, CA	1099	10.344	=IF(D9160>0,ROUND(C9160/D9160,6),"")
96141	Sacramento-Roseville-Folsom, CA	621	28.866	=IF(D9161>0,ROUND(C9161/D9161,6),"")
96142	Sacramento-Roseville-Folsom, CA	821	15.986	=IF(D9162>0,ROUND(C9162/D9162,6),"")
96143	Sacramento-Roseville-Folsom, CA	2852	9.229	=IF(D9163>0,ROUND(C9163/D9163,6),"")
96145	Sacramento-Roseville-Folsom, CA	3291	17.71	=IF(D9164>0,ROUND(C9164/D9164,6),"")
96146	Sacramento-Roseville-Folsom, CA	1120	40.429	=IF(D9165>0,ROUND(C9165/D9165,6),"")
96148	Sacramento-Roseville-Folsom, CA	462	2.089	=IF(D9166>0,ROUND(C9166/D9166,6),"")
96150	Sacramento-Roseville-Folsom, CA	29527	163.167	=IF(D9167>0,ROUND(C9167/D9167,6),"")
97002	Salem, OR	6468	41.492	=IF(D9168>0,ROUND(C9168/D9168,6),"")
97003	Portland-Vancouver-Hillsboro, OR-WA	27791	4.708	=IF(D9169>0,ROUND(C9169/D9169,6),"")
97004	Portland-Vancouver-Hillsboro, OR-WA	4105	43.226	=IF(D9170>0,ROUND(C9170/D9170,6),"")
97005	Portland-Vancouver-Hillsboro, OR-WA	27812	5.131	=IF(D9171>0,ROUND(C9171/D9171,6),"")
97006	Portland-Vancouver-Hillsboro, OR-WA	45556	7.235	=IF(D9172>0,ROUND(C9172/D9172,6),"")
97007	Portland-Vancouver-Hillsboro, OR-WA	48081	18.674	=IF(D9173>0,ROUND(C9173/D9173,6),"")
97008	Portland-Vancouver-Hillsboro, OR-WA	29183	5.298	=IF(D9174>0,ROUND(C9174/D9174,6),"")
97009	Portland-Vancouver-Hillsboro, OR-WA	7877	30.71	=IF(D9175>0,ROUND(C9175/D9175,6),"")
97011	Portland-Vancouver-Hillsboro, OR-WA	769	4.574	=IF(D9176>0,ROUND(C9176/D9176,6),"")
97013	Portland-Vancouver-Hillsboro, OR-WA	24094	58.939	=IF(D9177>0,ROUND(C9177/D9177,6),"")
97015	Portland-Vancouver-Hillsboro, OR-WA	24166	8.833	=IF(D9178>0,ROUND(C9178/D9178,6),"")
97016	Portland-Vancouver-Hillsboro, OR-WA	6568	229.975	=IF(D9179>0,ROUND(C9179/D9179,6),"")
97017	Portland-Vancouver-Hillsboro, OR-WA	3449	45.234	=IF(D9180>0,ROUND(C9180/D9180,6),"")
97018	Portland-Vancouver-Hillsboro, OR-WA	1806	0.824	=IF(D9181>0,ROUND(C9181/D9181,6),"")
97019	Portland-Vancouver-Hillsboro, OR-WA	3332	78.767	=IF(D9182>0,ROUND(C9182/D9182,6),"")
97020	Salem, OR	1242	0.282	=IF(D9183>0,ROUND(C9183/D9183,6),"")
97022	Portland-Vancouver-Hillsboro, OR-WA	3172	23.256	=IF(D9184>0,ROUND(C9184/D9184,6),"")
97023	Portland-Vancouver-Hillsboro, OR-WA	11608	196.498	=IF(D9185>0,ROUND(C9185/D9185,6),"")
97024	Portland-Vancouver-Hillsboro, OR-WA	11702	3.447	=IF(D9186>0,ROUND(C9186/D9186,6),"")
97026	Salem, OR	3898	33.784	=IF(D9187>0,ROUND(C9187/D9187,6),"")
97027	Portland-Vancouver-Hillsboro, OR-WA	12413	2.509	=IF(D9188>0,ROUND(C9188/D9188,6),"")
97028	Portland-Vancouver-Hillsboro, OR-WA	150	38.091	=IF(D9189>0,ROUND(C9189/D9189,6),"")
97030	Portland-Vancouver-Hillsboro, OR-WA	38471	7.492	=IF(D9190>0,ROUND(C9190/D9190,6),"")
97032	Salem, OR	4810	17.883	=IF(D9191>0,ROUND(C9191/D9191,6),"")
97034	Portland-Vancouver-Hillsboro, OR-WA	21119	7.749	=IF(D9192>0,ROUND(C9192/D9192,6),"")
97035	Portland-Vancouver-Hillsboro, OR-WA	25875	5.816	=IF(D9193>0,ROUND(C9193/D9193,6),"")
97038	Portland-Vancouver-Hillsboro, OR-WA	17100	130.845	=IF(D9194>0,ROUND(C9194/D9194,6),"")
97042	Portland-Vancouver-Hillsboro, OR-WA	3330	23.775	=IF(D9195>0,ROUND(C9195/D9195,6),"")
97045	Portland-Vancouver-Hillsboro, OR-WA	57432	86.787	=IF(D9196>0,ROUND(C9196/D9196,6),"")
97048	Portland-Vancouver-Hillsboro, OR-WA	7096	97.844	=IF(D9197>0,ROUND(C9197/D9197,6),"")
97049	Portland-Vancouver-Hillsboro, OR-WA	2015	156.939	=IF(D9198>0,ROUND(C9198/D9198,6),"")
97051	Portland-Vancouver-Hillsboro, OR-WA	17589	57.527	=IF(D9199>0,ROUND(C9199/D9199,6),"")
97053	Portland-Vancouver-Hillsboro, OR-WA	3401	12.807	=IF(D9200>0,ROUND(C9200/D9200,6),"")
97054	Portland-Vancouver-Hillsboro, OR-WA	1404	39.733	=IF(D9201>0,ROUND(C9201/D9201,6),"")
97055	Portland-Vancouver-Hillsboro, OR-WA	20131	112.614	=IF(D9202>0,ROUND(C9202/D9202,6),"")
97056	Portland-Vancouver-Hillsboro, OR-WA	12794	110.723	=IF(D9203>0,ROUND(C9203/D9203,6),"")
97060	Portland-Vancouver-Hillsboro, OR-WA	21788	17.491	=IF(D9204>0,ROUND(C9204/D9204,6),"")
97062	Portland-Vancouver-Hillsboro, OR-WA	28620	14.204	=IF(D9205>0,ROUND(C9205/D9205,6),"")
97064	Portland-Vancouver-Hillsboro, OR-WA	3730	97.666	=IF(D9206>0,ROUND(C9206/D9206,6),"")
97067	Portland-Vancouver-Hillsboro, OR-WA	2285	22.727	=IF(D9207>0,ROUND(C9207/D9207,6),"")
97068	Portland-Vancouver-Hillsboro, OR-WA	30254	22.39	=IF(D9208>0,ROUND(C9208/D9208,6),"")
97070	Portland-Vancouver-Hillsboro, OR-WA	26363	17.761	=IF(D9209>0,ROUND(C9209/D9209,6),"")
97071	Salem, OR	31847	51.673	=IF(D9210>0,ROUND(C9210/D9210,6),"")
97078	Portland-Vancouver-Hillsboro, OR-WA	25813	6.294	=IF(D9211>0,ROUND(C9211/D9211,6),"")
97080	Portland-Vancouver-Hillsboro, OR-WA	47548	21.639	=IF(D9212>0,ROUND(C9212/D9212,6),"")
97086	Portland-Vancouver-Hillsboro, OR-WA	33685	10.476	=IF(D9213>0,ROUND(C9213/D9213,6),"")
97089	Portland-Vancouver-Hillsboro, OR-WA	14906	21.617	=IF(D9214>0,ROUND(C9214/D9214,6),"")
97101	Portland-Vancouver-Hillsboro, OR-WA	3945	50.11	=IF(D9215>0,ROUND(C9215/D9215,6),"")
97106	Portland-Vancouver-Hillsboro, OR-WA	5009	44.03	=IF(D9216>0,ROUND(C9216/D9216,6),"")
97108	Portland-Vancouver-Hillsboro, OR-WA	492	98.608	=IF(D9217>0,ROUND(C9217/D9217,6),"")
97111	Portland-Vancouver-Hillsboro, OR-WA	4285	38.023	=IF(D9218>0,ROUND(C9218/D9218,6),"")
97113	Portland-Vancouver-Hillsboro, OR-WA	15621	34.939	=IF(D9219>0,ROUND(C9219/D9219,6),"")
97114	Portland-Vancouver-Hillsboro, OR-WA	5136	59.576	=IF(D9220>0,ROUND(C9220/D9220,6),"")
97115	Portland-Vancouver-Hillsboro, OR-WA	3916	10.836	=IF(D9221>0,ROUND(C9221/D9221,6),"")
97116	Portland-Vancouver-Hillsboro, OR-WA	29598	82.07	=IF(D9222>0,ROUND(C9222/D9222,6),"")
97117	Portland-Vancouver-Hillsboro, OR-WA	787	39.699	=IF(D9223>0,ROUND(C9223/D9223,6),"")
97119	Portland-Vancouver-Hillsboro, OR-WA	5154	94.394	=IF(D9224>0,ROUND(C9224/D9224,6),"")
97122	Portland-Vancouver-Hillsboro, OR-WA	563	27.995	=IF(D9225>0,ROUND(C9225/D9225,6),"")
97123	Portland-Vancouver-Hillsboro, OR-WA	48622	55.666	=IF(D9226>0,ROUND(C9226/D9226,6),"")
97124	Portland-Vancouver-Hillsboro, OR-WA	54351	45.146	=IF(D9227>0,ROUND(C9227/D9227,6),"")
97127	Portland-Vancouver-Hillsboro, OR-WA	4428	0.864	=IF(D9228>0,ROUND(C9228/D9228,6),"")
97128	Portland-Vancouver-Hillsboro, OR-WA	38625	112.22	=IF(D9229>0,ROUND(C9229/D9229,6),"")
97132	Portland-Vancouver-Hillsboro, OR-WA	31715	62.633	=IF(D9230>0,ROUND(C9230/D9230,6),"")
97133	Portland-Vancouver-Hillsboro, OR-WA	5662	76.807	=IF(D9231>0,ROUND(C9231/D9231,6),"")
97137	Salem, OR	1126	45.107	=IF(D9232>0,ROUND(C9232/D9232,6),"")
97140	Portland-Vancouver-Hillsboro, OR-WA	27999	44.575	=IF(D9233>0,ROUND(C9233/D9233,6),"")
97148	Portland-Vancouver-Hillsboro, OR-WA	3125	91.589	=IF(D9234>0,ROUND(C9234/D9234,6),"")
97201	Portland-Vancouver-Hillsboro, OR-WA	17229	1.913	=IF(D9235>0,ROUND(C9235/D9235,6),"")
97202	Portland-Vancouver-Hillsboro, OR-WA	44107	6.281	=IF(D9236>0,ROUND(C9236/D9236,6),"")
97203	Portland-Vancouver-Hillsboro, OR-WA	33159	10.776	=IF(D9237>0,ROUND(C9237/D9237,6),"")
97205	Portland-Vancouver-Hillsboro, OR-WA	9232	0.942	=IF(D9238>0,ROUND(C9238/D9238,6),"")
97206	Portland-Vancouver-Hillsboro, OR-WA	50258	6.452	=IF(D9239>0,ROUND(C9239/D9239,6),"")
97209	Portland-Vancouver-Hillsboro, OR-WA	21727	1.03	=IF(D9240>0,ROUND(C9240/D9240,6),"")
97210	Portland-Vancouver-Hillsboro, OR-WA	11331	8.895	=IF(D9241>0,ROUND(C9241/D9241,6),"")
97211	Portland-Vancouver-Hillsboro, OR-WA	33713	7.137	=IF(D9242>0,ROUND(C9242/D9242,6),"")
97212	Portland-Vancouver-Hillsboro, OR-WA	27573	2.729	=IF(D9243>0,ROUND(C9243/D9243,6),"")
97213	Portland-Vancouver-Hillsboro, OR-WA	31238	4.032	=IF(D9244>0,ROUND(C9244/D9244,6),"")
97214	Portland-Vancouver-Hillsboro, OR-WA	28128	2.907	=IF(D9245>0,ROUND(C9245/D9245,6),"")
97215	Portland-Vancouver-Hillsboro, OR-WA	17849	2.335	=IF(D9246>0,ROUND(C9246/D9246,6),"")
97216	Portland-Vancouver-Hillsboro, OR-WA	16735	2.516	=IF(D9247>0,ROUND(C9247/D9247,6),"")
97217	Portland-Vancouver-Hillsboro, OR-WA	34756	11.15	=IF(D9248>0,ROUND(C9248/D9248,6),"")
97218	Portland-Vancouver-Hillsboro, OR-WA	14704	6.659	=IF(D9249>0,ROUND(C9249/D9249,6),"")
97219	Portland-Vancouver-Hillsboro, OR-WA	43111	11.7	=IF(D9250>0,ROUND(C9250/D9250,6),"")
97220	Portland-Vancouver-Hillsboro, OR-WA	27810	7.511	=IF(D9251>0,ROUND(C9251/D9251,6),"")
97221	Portland-Vancouver-Hillsboro, OR-WA	13118	4.405	=IF(D9252>0,ROUND(C9252/D9252,6),"")
97222	Portland-Vancouver-Hillsboro, OR-WA	36643	8.65	=IF(D9253>0,ROUND(C9253/D9253,6),"")
97223	Portland-Vancouver-Hillsboro, OR-WA	50226	11.064	=IF(D9254>0,ROUND(C9254/D9254,6),"")
97224	Portland-Vancouver-Hillsboro, OR-WA	36015	9.048	=IF(D9255>0,ROUND(C9255/D9255,6),"")
97225	Portland-Vancouver-Hillsboro, OR-WA	25802	6.653	=IF(D9256>0,ROUND(C9256/D9256,6),"")
97227	Portland-Vancouver-Hillsboro, OR-WA	6378	1.427	=IF(D9257>0,ROUND(C9257/D9257,6),"")
97229	Portland-Vancouver-Hillsboro, OR-WA	75626	19.651	=IF(D9258>0,ROUND(C9258/D9258,6),"")
97230	Portland-Vancouver-Hillsboro, OR-WA	41682	13.967	=IF(D9259>0,ROUND(C9259/D9259,6),"")
97231	Portland-Vancouver-Hillsboro, OR-WA	4304	62.738	=IF(D9260>0,ROUND(C9260/D9260,6),"")
97232	Portland-Vancouver-Hillsboro, OR-WA	15152	1.87	=IF(D9261>0,ROUND(C9261/D9261,6),"")
97233	Portland-Vancouver-Hillsboro, OR-WA	37518	4.643	=IF(D9262>0,ROUND(C9262/D9262,6),"")
97236	Portland-Vancouver-Hillsboro, OR-WA	37864	7.719	=IF(D9263>0,ROUND(C9263/D9263,6),"")
97239	Portland-Vancouver-Hillsboro, OR-WA	18224	3.586	=IF(D9264>0,ROUND(C9264/D9264,6),"")
97266	Portland-Vancouver-Hillsboro, OR-WA	35992	6.058	=IF(D9265>0,ROUND(C9265/D9265,6),"")
97267	Portland-Vancouver-Hillsboro, OR-WA	31160	7.228	=IF(D9266>0,ROUND(C9266/D9266,6),"")
97301	Salem, OR	56274	11.305	=IF(D9267>0,ROUND(C9267/D9267,6),"")
97302	Salem, OR	40954	23.433	=IF(D9268>0,ROUND(C9268/D9268,6),"")
97303	Salem, OR	40893	24.907	=IF(D9269>0,ROUND(C9269/D9269,6),"")
97304	Salem, OR	34846	56.817	=IF(D9270>0,ROUND(C9270/D9270,6),"")
97305	Salem, OR	45044	47.217	=IF(D9271>0,ROUND(C9271/D9271,6),"")
97306	Salem, OR	34160	32.406	=IF(D9272>0,ROUND(C9272/D9272,6),"")
97317	Salem, OR	26165	55.227	=IF(D9273>0,ROUND(C9273/D9273,6),"")
97321	Corvallis, OR	30996	69.15	=IF(D9274>0,ROUND(C9274/D9274,6),"")
97322	Albany-Lebanon, OR	36288	63.251	=IF(D9275>0,ROUND(C9275/D9275,6),"")
97324	Corvallis, OR	1129	194.948	=IF(D9276>0,ROUND(C9276/D9276,6),"")
97325	Salem, OR	7154	30.22	=IF(D9277>0,ROUND(C9277/D9277,6),"")
97326	Corvallis, OR	931	116.988	=IF(D9278>0,ROUND(C9278/D9278,6),"")
97327	Albany-Lebanon, OR	3046	71.702	=IF(D9279>0,ROUND(C9279/D9279,6),"")
97330	Corvallis, OR	44464	77.959	=IF(D9280>0,ROUND(C9280/D9280,6),"")
97333	Corvallis, OR	23655	112.046	=IF(D9281>0,ROUND(C9281/D9281,6),"")
97338	Salem, OR	22977	124.815	=IF(D9282>0,ROUND(C9282/D9282,6),"")
97342	Salem, OR	144	83.974	=IF(D9283>0,ROUND(C9283/D9283,6),"")
97344	Salem, OR	1464	11.526	=IF(D9284>0,ROUND(C9284/D9284,6),"")
97345	Albany-Lebanon, OR	321	42.734	=IF(D9285>0,ROUND(C9285/D9285,6),"")
97346	Albany-Lebanon, OR	970	43.946	=IF(D9286>0,ROUND(C9286/D9286,6),"")
97347	Salem, OR	1483	47.31	=IF(D9287>0,ROUND(C9287/D9287,6),"")
97348	Albany-Lebanon, OR	2103	67.557	=IF(D9288>0,ROUND(C9288/D9288,6),"")
97351	Salem, OR	11384	52.255	=IF(D9289>0,ROUND(C9289/D9289,6),"")
97352	Salem, OR	6635	48.634	=IF(D9290>0,ROUND(C9290/D9290,6),"")
97355	Albany-Lebanon, OR	33236	214.323	=IF(D9291>0,ROUND(C9291/D9291,6),"")
97358	Salem, OR	2502	88.353	=IF(D9292>0,ROUND(C9292/D9292,6),"")
97360	Albany-Lebanon, OR	2362	13.516	=IF(D9293>0,ROUND(C9293/D9293,6),"")
97361	Salem, OR	13953	132.937	=IF(D9294>0,ROUND(C9294/D9294,6),"")
97362	Salem, OR	3952	23.357	=IF(D9295>0,ROUND(C9295/D9295,6),"")
97370	Corvallis, OR	9443	178.545	=IF(D9296>0,ROUND(C9296/D9296,6),"")
97371	Salem, OR	445	31.711	=IF(D9297>0,ROUND(C9297/D9297,6),"")
97374	Albany-Lebanon, OR	5135	129.58	=IF(D9298>0,ROUND(C9298/D9298,6),"")
97375	Salem, OR	1204	47.727	=IF(D9299>0,ROUND(C9299/D9299,6),"")
97377	Albany-Lebanon, OR	677	44.714	=IF(D9300>0,ROUND(C9300/D9300,6),"")
97378	Portland-Vancouver-Hillsboro, OR-WA	9613	116.726	=IF(D9301>0,ROUND(C9301/D9301,6),"")
97381	Salem, OR	15404	110.022	=IF(D9302>0,ROUND(C9302/D9302,6),"")
97383	Salem, OR	9616	47.647	=IF(D9303>0,ROUND(C9303/D9303,6),"")
97385	Salem, OR	3876	35.502	=IF(D9304>0,ROUND(C9304/D9304,6),"")
97386	Albany-Lebanon, OR	15509	125.946	=IF(D9305>0,ROUND(C9305/D9305,6),"")
97389	Albany-Lebanon, OR	1706	35.611	=IF(D9306>0,ROUND(C9306/D9306,6),"")
97392	Salem, OR	6999	42.261	=IF(D9307>0,ROUND(C9307/D9307,6),"")
97396	Portland-Vancouver-Hillsboro, OR-WA	3447	54.591	=IF(D9308>0,ROUND(C9308/D9308,6),"")
97401	Eugene-Springfield, OR	48186	9.277	=IF(D9309>0,ROUND(C9309/D9309,6),"")
97402	Eugene-Springfield, OR	54199	68.633	=IF(D9310>0,ROUND(C9310/D9310,6),"")
97403	Eugene-Springfield, OR	14508	4.225	=IF(D9311>0,ROUND(C9311/D9311,6),"")
97404	Eugene-Springfield, OR	33356	9.617	=IF(D9312>0,ROUND(C9312/D9312,6),"")
97405	Eugene-Springfield, OR	46870	129.151	=IF(D9313>0,ROUND(C9313/D9313,6),"")
97408	Eugene-Springfield, OR	15297	49.758	=IF(D9314>0,ROUND(C9314/D9314,6),"")
97412	Eugene-Springfield, OR	640	84.496	=IF(D9315>0,ROUND(C9315/D9315,6),"")
97413	Eugene-Springfield, OR	757	473.745	=IF(D9316>0,ROUND(C9316/D9316,6),"")
97419	Eugene-Springfield, OR	916	32.784	=IF(D9317>0,ROUND(C9317/D9317,6),"")
97424	Eugene-Springfield, OR	18881	246.214	=IF(D9318>0,ROUND(C9318/D9318,6),"")
97426	Eugene-Springfield, OR	10384	75.006	=IF(D9319>0,ROUND(C9319/D9319,6),"")
97431	Eugene-Springfield, OR	2115	42.125	=IF(D9320>0,ROUND(C9320/D9320,6),"")
97434	Eugene-Springfield, OR	799	104.205	=IF(D9321>0,ROUND(C9321/D9321,6),"")
97437	Eugene-Springfield, OR	2462	22.506	=IF(D9322>0,ROUND(C9322/D9322,6),"")
97438	Eugene-Springfield, OR	1218	122.553	=IF(D9323>0,ROUND(C9323/D9323,6),"")
97439	Eugene-Springfield, OR	15643	168.313	=IF(D9324>0,ROUND(C9324/D9324,6),"")
97446	Albany-Lebanon, OR	4997	123.019	=IF(D9325>0,ROUND(C9325/D9325,6),"")
97448	Eugene-Springfield, OR	14629	138.065	=IF(D9326>0,ROUND(C9326/D9326,6),"")
97452	Eugene-Springfield, OR	1640	25.383	=IF(D9327>0,ROUND(C9327/D9327,6),"")
97453	Eugene-Springfield, OR	940	112.695	=IF(D9328>0,ROUND(C9328/D9328,6),"")
97454	Eugene-Springfield, OR	1284	60.298	=IF(D9329>0,ROUND(C9329/D9329,6),"")
97455	Eugene-Springfield, OR	2326	25.688	=IF(D9330>0,ROUND(C9330/D9330,6),"")
97456	Corvallis, OR	3278	91.864	=IF(D9331>0,ROUND(C9331/D9331,6),"")
97461	Eugene-Springfield, OR	635	42.065	=IF(D9332>0,ROUND(C9332/D9332,6),"")
97463	Eugene-Springfield, OR	3820	48.746	=IF(D9333>0,ROUND(C9333/D9333,6),"")
97477	Eugene-Springfield, OR	37837	12.422	=IF(D9334>0,ROUND(C9334/D9334,6),"")
97478	Eugene-Springfield, OR	39267	168.4	=IF(D9335>0,ROUND(C9335/D9335,6),"")
97480	Eugene-Springfield, OR	325	66.514	=IF(D9336>0,ROUND(C9336/D9336,6),"")
97487	Eugene-Springfield, OR	9546	72.76	=IF(D9337>0,ROUND(C9337/D9337,6),"")
97488	Eugene-Springfield, OR	662	148.07	=IF(D9338>0,ROUND(C9338/D9338,6),"")
97489	Eugene-Springfield, OR	896	29.726	=IF(D9339>0,ROUND(C9339/D9339,6),"")
97492	Eugene-Springfield, OR	1058	46.353	=IF(D9340>0,ROUND(C9340/D9340,6),"")
97493	Eugene-Springfield, OR	466	52.01	=IF(D9341>0,ROUND(C9341/D9341,6),"")
97701	Bend, OR	42543	311.782	=IF(D9342>0,ROUND(C9342/D9342,6),"")
97702	Bend, OR	53114	103.488	=IF(D9343>0,ROUND(C9343/D9343,6),"")
97703	Bend, OR	34476	269.798	=IF(D9344>0,ROUND(C9344/D9344,6),"")
97707	Bend, OR	6506	62.72	=IF(D9345>0,ROUND(C9345/D9345,6),"")
97739	Bend, OR	13178	305.049	=IF(D9346>0,ROUND(C9346/D9346,6),"")
97750	Prineville, OR	458	626.189	=IF(D9347>0,ROUND(C9347/D9347,6),"")
97753	Prineville, OR	3041	108.751	=IF(D9348>0,ROUND(C9348/D9348,6),"")
97754	Prineville, OR	22469	1370.478	=IF(D9349>0,ROUND(C9349/D9349,6),"")
97756	Bend, OR	44287	126.339	=IF(D9350>0,ROUND(C9350/D9350,6),"")
97759	Bend, OR	7500	545.695	=IF(D9351>0,ROUND(C9351/D9351,6),"")
97760	Bend, OR	8185	91.196	=IF(D9352>0,ROUND(C9352/D9352,6),"")
98001	Seattle-Tacoma-Bellevue, WA	36041	18.635	=IF(D9353>0,ROUND(C9353/D9353,6),"")
98002	Seattle-Tacoma-Bellevue, WA	37284	7.164	=IF(D9354>0,ROUND(C9354/D9354,6),"")
98003	Seattle-Tacoma-Bellevue, WA	52210	11.501	=IF(D9355>0,ROUND(C9355/D9355,6),"")
98004	Seattle-Tacoma-Bellevue, WA	39435	7.27	=IF(D9356>0,ROUND(C9356/D9356,6),"")
98005	Seattle-Tacoma-Bellevue, WA	21929	7.338	=IF(D9357>0,ROUND(C9357/D9357,6),"")
98006	Seattle-Tacoma-Bellevue, WA	40770	11.246	=IF(D9358>0,ROUND(C9358/D9358,6),"")
98007	Seattle-Tacoma-Bellevue, WA	26838	4.32	=IF(D9359>0,ROUND(C9359/D9359,6),"")
98008	Seattle-Tacoma-Bellevue, WA	27138	5.559	=IF(D9360>0,ROUND(C9360/D9360,6),"")
98010	Seattle-Tacoma-Bellevue, WA	6351	14.915	=IF(D9361>0,ROUND(C9361/D9361,6),"")
98011	Seattle-Tacoma-Bellevue, WA	28250	7.054	=IF(D9362>0,ROUND(C9362/D9362,6),"")
98012	Seattle-Tacoma-Bellevue, WA	76123	15.659	=IF(D9363>0,ROUND(C9363/D9363,6),"")
98014	Seattle-Tacoma-Bellevue, WA	7681	87.319	=IF(D9364>0,ROUND(C9364/D9364,6),"")
98019	Seattle-Tacoma-Bellevue, WA	11712	35.66	=IF(D9365>0,ROUND(C9365/D9365,6),"")
98020	Seattle-Tacoma-Bellevue, WA	19064	5.175	=IF(D9366>0,ROUND(C9366/D9366,6),"")
98021	Seattle-Tacoma-Bellevue, WA	35445	10.146	=IF(D9367>0,ROUND(C9367/D9367,6),"")
98022	Seattle-Tacoma-Bellevue, WA	22135	726.565	=IF(D9368>0,ROUND(C9368/D9368,6),"")
98023	Seattle-Tacoma-Bellevue, WA	49593	10.254	=IF(D9369>0,ROUND(C9369/D9369,6),"")
98024	Seattle-Tacoma-Bellevue, WA	4632	22.085	=IF(D9370>0,ROUND(C9370/D9370,6),"")
98026	Seattle-Tacoma-Bellevue, WA	38985	9.382	=IF(D9371>0,ROUND(C9371/D9371,6),"")
98027	Seattle-Tacoma-Bellevue, WA	28335	57.181	=IF(D9372>0,ROUND(C9372/D9372,6),"")
98028	Seattle-Tacoma-Bellevue, WA	23594	6.153	=IF(D9373>0,ROUND(C9373/D9373,6),"")
98029	Seattle-Tacoma-Bellevue, WA	30930	10.174	=IF(D9374>0,ROUND(C9374/D9374,6),"")
98030	Seattle-Tacoma-Bellevue, WA	38492	7.19	=IF(D9375>0,ROUND(C9375/D9375,6),"")
98031	Seattle-Tacoma-Bellevue, WA	40898	7.733	=IF(D9376>0,ROUND(C9376/D9376,6),"")
98032	Seattle-Tacoma-Bellevue, WA	40150	17.045	=IF(D9377>0,ROUND(C9377/D9377,6),"")
98033	Seattle-Tacoma-Bellevue, WA	40662	9.204	=IF(D9378>0,ROUND(C9378/D9378,6),"")
98034	Seattle-Tacoma-Bellevue, WA	51836	9.813	=IF(D9379>0,ROUND(C9379/D9379,6),"")
98036	Seattle-Tacoma-Bellevue, WA	42016	9.591	=IF(D9380>0,ROUND(C9380/D9380,6),"")
98037	Seattle-Tacoma-Bellevue, WA	30574	5.782	=IF(D9381>0,ROUND(C9381/D9381,6),"")
98038	Seattle-Tacoma-Bellevue, WA	37868	65.814	=IF(D9382>0,ROUND(C9382/D9382,6),"")
98039	Seattle-Tacoma-Bellevue, WA	2889	1.435	=IF(D9383>0,ROUND(C9383/D9383,6),"")
98040	Seattle-Tacoma-Bellevue, WA	25282	6.383	=IF(D9384>0,ROUND(C9384/D9384,6),"")
98042	Seattle-Tacoma-Bellevue, WA	48594	27.785	=IF(D9385>0,ROUND(C9385/D9385,6),"")
98043	Seattle-Tacoma-Bellevue, WA	21417	4.05	=IF(D9386>0,ROUND(C9386/D9386,6),"")
98045	Seattle-Tacoma-Bellevue, WA	15705	172.282	=IF(D9387>0,ROUND(C9387/D9387,6),"")
98047	Seattle-Tacoma-Bellevue, WA	6900	2.14	=IF(D9388>0,ROUND(C9388/D9388,6),"")
98050	Seattle-Tacoma-Bellevue, WA	87	1.862	=IF(D9389>0,ROUND(C9389/D9389,6),"")
98051	Seattle-Tacoma-Bellevue, WA	3555	53.943	=IF(D9390>0,ROUND(C9390/D9390,6),"")
98052	Seattle-Tacoma-Bellevue, WA	79074	20.259	=IF(D9391>0,ROUND(C9391/D9391,6),"")
98053	Seattle-Tacoma-Bellevue, WA	22838	27.651	=IF(D9392>0,ROUND(C9392/D9392,6),"")
98055	Seattle-Tacoma-Bellevue, WA	24851	4.461	=IF(D9393>0,ROUND(C9393/D9393,6),"")
98056	Seattle-Tacoma-Bellevue, WA	36872	7.561	=IF(D9394>0,ROUND(C9394/D9394,6),"")
98057	Seattle-Tacoma-Bellevue, WA	12151	6.196	=IF(D9395>0,ROUND(C9395/D9395,6),"")
98058	Seattle-Tacoma-Bellevue, WA	41980	18.821	=IF(D9396>0,ROUND(C9396/D9396,6),"")
98059	Seattle-Tacoma-Bellevue, WA	41639	16.168	=IF(D9397>0,ROUND(C9397/D9397,6),"")
98065	Seattle-Tacoma-Bellevue, WA	16061	70.376	=IF(D9398>0,ROUND(C9398/D9398,6),"")
98070	Seattle-Tacoma-Bellevue, WA	10424	36.962	=IF(D9399>0,ROUND(C9399/D9399,6),"")
98072	Seattle-Tacoma-Bellevue, WA	24922	17.988	=IF(D9400>0,ROUND(C9400/D9400,6),"")
98074	Seattle-Tacoma-Bellevue, WA	30850	10.488	=IF(D9401>0,ROUND(C9401/D9401,6),"")
98075	Seattle-Tacoma-Bellevue, WA	25231	9.639	=IF(D9402>0,ROUND(C9402/D9402,6),"")
98077	Seattle-Tacoma-Bellevue, WA	14407	17.288	=IF(D9403>0,ROUND(C9403/D9403,6),"")
98087	Seattle-Tacoma-Bellevue, WA	40607	5.748	=IF(D9404>0,ROUND(C9404/D9404,6),"")
98092	Seattle-Tacoma-Bellevue, WA	50510	42.887	=IF(D9405>0,ROUND(C9405/D9405,6),"")
98102	Seattle-Tacoma-Bellevue, WA	26583	1.287	=IF(D9406>0,ROUND(C9406/D9406,6),"")
98103	Seattle-Tacoma-Bellevue, WA	51988	4.59	=IF(D9407>0,ROUND(C9407/D9407,6),"")
98105	Seattle-Tacoma-Bellevue, WA	49229	3.837	=IF(D9408>0,ROUND(C9408/D9408,6),"")
98106	Seattle-Tacoma-Bellevue, WA	28889	5.486	=IF(D9409>0,ROUND(C9409/D9409,6),"")
98107	Seattle-Tacoma-Bellevue, WA	28390	2.181	=IF(D9410>0,ROUND(C9410/D9410,6),"")
98108	Seattle-Tacoma-Bellevue, WA	24430	7.401	=IF(D9411>0,ROUND(C9411/D9411,6),"")
98109	Seattle-Tacoma-Bellevue, WA	32552	1.935	=IF(D9412>0,ROUND(C9412/D9412,6),"")
98110	Bremerton-Silverdale-Port Orchard, WA	24607	27.614	=IF(D9413>0,ROUND(C9413/D9413,6),"")
98112	Seattle-Tacoma-Bellevue, WA	23961	3.204	=IF(D9414>0,ROUND(C9414/D9414,6),"")
98115	Seattle-Tacoma-Bellevue, WA	54248	6.553	=IF(D9415>0,ROUND(C9415/D9415,6),"")
98116	Seattle-Tacoma-Bellevue, WA	28091	3.001	=IF(D9416>0,ROUND(C9416/D9416,6),"")
98117	Seattle-Tacoma-Bellevue, WA	35147	3.976	=IF(D9417>0,ROUND(C9417/D9417,6),"")
98118	Seattle-Tacoma-Bellevue, WA	49560	6.241	=IF(D9418>0,ROUND(C9418/D9418,6),"")
98119	Seattle-Tacoma-Bellevue, WA	26390	2.425	=IF(D9419>0,ROUND(C9419/D9419,6),"")
98122	Seattle-Tacoma-Bellevue, WA	42001	2.336	=IF(D9420>0,ROUND(C9420/D9420,6),"")
98125	Seattle-Tacoma-Bellevue, WA	43807	5.425	=IF(D9421>0,ROUND(C9421/D9421,6),"")
98126	Seattle-Tacoma-Bellevue, WA	22433	3.097	=IF(D9422>0,ROUND(C9422/D9422,6),"")
98133	Seattle-Tacoma-Bellevue, WA	52620	7.135	=IF(D9423>0,ROUND(C9423/D9423,6),"")
98136	Seattle-Tacoma-Bellevue, WA	17299	2.295	=IF(D9424>0,ROUND(C9424/D9424,6),"")
98144	Seattle-Tacoma-Bellevue, WA	33048	3.369	=IF(D9425>0,ROUND(C9425/D9425,6),"")
98146	Seattle-Tacoma-Bellevue, WA	28182	4.624	=IF(D9426>0,ROUND(C9426/D9426,6),"")
98148	Seattle-Tacoma-Bellevue, WA	10399	2.711	=IF(D9427>0,ROUND(C9427/D9427,6),"")
98155	Seattle-Tacoma-Bellevue, WA	35906	7.544	=IF(D9428>0,ROUND(C9428/D9428,6),"")
98166	Seattle-Tacoma-Bellevue, WA	22001	5.776	=IF(D9429>0,ROUND(C9429/D9429,6),"")
98168	Seattle-Tacoma-Bellevue, WA	34814	8.755	=IF(D9430>0,ROUND(C9430/D9430,6),"")
98177	Seattle-Tacoma-Bellevue, WA	20506	5.639	=IF(D9431>0,ROUND(C9431/D9431,6),"")
98178	Seattle-Tacoma-Bellevue, WA	25929	4.901	=IF(D9432>0,ROUND(C9432/D9432,6),"")
98188	Seattle-Tacoma-Bellevue, WA	26769	8.067	=IF(D9433>0,ROUND(C9433/D9433,6),"")
98198	Seattle-Tacoma-Bellevue, WA	39815	7.727	=IF(D9434>0,ROUND(C9434/D9434,6),"")
98199	Seattle-Tacoma-Bellevue, WA	22751	4.235	=IF(D9435>0,ROUND(C9435/D9435,6),"")
98201	Seattle-Tacoma-Bellevue, WA	31212	18.751	=IF(D9436>0,ROUND(C9436/D9436,6),"")
98203	Seattle-Tacoma-Bellevue, WA	35356	11.829	=IF(D9437>0,ROUND(C9437/D9437,6),"")
98204	Seattle-Tacoma-Bellevue, WA	43961	7.183	=IF(D9438>0,ROUND(C9438/D9438,6),"")
98208	Seattle-Tacoma-Bellevue, WA	60616	15.237	=IF(D9439>0,ROUND(C9439/D9439,6),"")
98223	Seattle-Tacoma-Bellevue, WA	46225	316.152	=IF(D9440>0,ROUND(C9440/D9440,6),"")
98224	Seattle-Tacoma-Bellevue, WA	192	62.369	=IF(D9441>0,ROUND(C9441/D9441,6),"")
98241	Seattle-Tacoma-Bellevue, WA	2412	422.275	=IF(D9442>0,ROUND(C9442/D9442,6),"")
98251	Seattle-Tacoma-Bellevue, WA	4782	160.651	=IF(D9443>0,ROUND(C9443/D9443,6),"")
98252	Seattle-Tacoma-Bellevue, WA	10487	238.674	=IF(D9444>0,ROUND(C9444/D9444,6),"")
98256	Seattle-Tacoma-Bellevue, WA	409	75.563	=IF(D9445>0,ROUND(C9445/D9445,6),"")
98258	Seattle-Tacoma-Bellevue, WA	52005	37.058	=IF(D9446>0,ROUND(C9446/D9446,6),"")
98270	Seattle-Tacoma-Bellevue, WA	53744	14.261	=IF(D9447>0,ROUND(C9447/D9447,6),"")
98271	Seattle-Tacoma-Bellevue, WA	30561	45.308	=IF(D9448>0,ROUND(C9448/D9448,6),"")
98272	Seattle-Tacoma-Bellevue, WA	32055	106.293	=IF(D9449>0,ROUND(C9449/D9449,6),"")
98275	Seattle-Tacoma-Bellevue, WA	21312	7.3	=IF(D9450>0,ROUND(C9450/D9450,6),"")
98288	Seattle-Tacoma-Bellevue, WA	201	346.413	=IF(D9451>0,ROUND(C9451/D9451,6),"")
98290	Seattle-Tacoma-Bellevue, WA	39732	117.501	=IF(D9452>0,ROUND(C9452/D9452,6),"")
98292	Seattle-Tacoma-Bellevue, WA	26713	76.804	=IF(D9453>0,ROUND(C9453/D9453,6),"")
98294	Seattle-Tacoma-Bellevue, WA	7838	54.154	=IF(D9454>0,ROUND(C9454/D9454,6),"")
98296	Seattle-Tacoma-Bellevue, WA	27201	34.525	=IF(D9455>0,ROUND(C9455/D9455,6),"")
98303	Seattle-Tacoma-Bellevue, WA	1341	7.952	=IF(D9456>0,ROUND(C9456/D9456,6),"")
98304	Seattle-Tacoma-Bellevue, WA	867	333.496	=IF(D9457>0,ROUND(C9457/D9457,6),"")
98310	Bremerton-Silverdale-Port Orchard, WA	22170	5.503	=IF(D9458>0,ROUND(C9458/D9458,6),"")
98311	Bremerton-Silverdale-Port Orchard, WA	27947	11.197	=IF(D9459>0,ROUND(C9459/D9459,6),"")
98312	Bremerton-Silverdale-Port Orchard, WA	34273	65.743	=IF(D9460>0,ROUND(C9460/D9460,6),"")
98321	Seattle-Tacoma-Bellevue, WA	17601	35.516	=IF(D9461>0,ROUND(C9461/D9461,6),"")
98323	Seattle-Tacoma-Bellevue, WA	712	98.815	=IF(D9462>0,ROUND(C9462/D9462,6),"")
98326	Port Angeles, WA	1159	290.464	=IF(D9463>0,ROUND(C9463/D9463,6),"")
98327	Seattle-Tacoma-Bellevue, WA	9952	6.835	=IF(D9464>0,ROUND(C9464/D9464,6),"")
98328	Seattle-Tacoma-Bellevue, WA	11222	229.091	=IF(D9465>0,ROUND(C9465/D9465,6),"")
98329	Seattle-Tacoma-Bellevue, WA	11379	25.999	=IF(D9466>0,ROUND(C9466/D9466,6),"")
98331	Port Angeles, WA	5526	929.865	=IF(D9467>0,ROUND(C9467/D9467,6),"")
98332	Seattle-Tacoma-Bellevue, WA	19784	20.665	=IF(D9468>0,ROUND(C9468/D9468,6),"")
98333	Seattle-Tacoma-Bellevue, WA	3365	5.194	=IF(D9469>0,ROUND(C9469/D9469,6),"")
98335	Seattle-Tacoma-Bellevue, WA	27956	22.145	=IF(D9470>0,ROUND(C9470/D9470,6),"")
98337	Bremerton-Silverdale-Port Orchard, WA	7872	1.48	=IF(D9471>0,ROUND(C9471/D9471,6),"")
98338	Seattle-Tacoma-Bellevue, WA	32726	53.948	=IF(D9472>0,ROUND(C9472/D9472,6),"")
98340	Bremerton-Silverdale-Port Orchard, WA	2834	7.479	=IF(D9473>0,ROUND(C9473/D9473,6),"")
98342	Bremerton-Silverdale-Port Orchard, WA	1398	2.715	=IF(D9474>0,ROUND(C9474/D9474,6),"")
98345	Bremerton-Silverdale-Port Orchard, WA	272	0.5	=IF(D9475>0,ROUND(C9475/D9475,6),"")
98346	Bremerton-Silverdale-Port Orchard, WA	9337	29.109	=IF(D9476>0,ROUND(C9476/D9476,6),"")
98349	Seattle-Tacoma-Bellevue, WA	5021	20.658	=IF(D9477>0,ROUND(C9477/D9477,6),"")
98351	Seattle-Tacoma-Bellevue, WA	1832	9.029	=IF(D9478>0,ROUND(C9478/D9478,6),"")
98354	Seattle-Tacoma-Bellevue, WA	8432	2.835	=IF(D9479>0,ROUND(C9479/D9479,6),"")
98359	Bremerton-Silverdale-Port Orchard, WA	4691	13.885	=IF(D9480>0,ROUND(C9480/D9480,6),"")
98360	Seattle-Tacoma-Bellevue, WA	14986	67.736	=IF(D9481>0,ROUND(C9481/D9481,6),"")
98362	Port Angeles, WA	23907	122.969	=IF(D9482>0,ROUND(C9482/D9482,6),"")
98363	Port Angeles, WA	14644	478.373	=IF(D9483>0,ROUND(C9483/D9483,6),"")
98366	Bremerton-Silverdale-Port Orchard, WA	37692	23.411	=IF(D9484>0,ROUND(C9484/D9484,6),"")
98367	Bremerton-Silverdale-Port Orchard, WA	32203	73.53	=IF(D9485>0,ROUND(C9485/D9485,6),"")
98370	Bremerton-Silverdale-Port Orchard, WA	32997	56.322	=IF(D9486>0,ROUND(C9486/D9486,6),"")
98371	Seattle-Tacoma-Bellevue, WA	23989	11.836	=IF(D9487>0,ROUND(C9487/D9487,6),"")
98372	Seattle-Tacoma-Bellevue, WA	26662	13.336	=IF(D9488>0,ROUND(C9488/D9488,6),"")
98373	Seattle-Tacoma-Bellevue, WA	29062	9.383	=IF(D9489>0,ROUND(C9489/D9489,6),"")
98374	Seattle-Tacoma-Bellevue, WA	47645	16.38	=IF(D9490>0,ROUND(C9490/D9490,6),"")
98375	Seattle-Tacoma-Bellevue, WA	32195	9.676	=IF(D9491>0,ROUND(C9491/D9491,6),"")
98376	Port Angeles, WA	2018	110.997	=IF(D9492>0,ROUND(C9492/D9492,6),"")
98380	Bremerton-Silverdale-Port Orchard, WA	5187	48.329	=IF(D9493>0,ROUND(C9493/D9493,6),"")
98382	Port Angeles, WA	31225	206.695	=IF(D9494>0,ROUND(C9494/D9494,6),"")
98383	Bremerton-Silverdale-Port Orchard, WA	22047	17.351	=IF(D9495>0,ROUND(C9495/D9495,6),"")
98385	Seattle-Tacoma-Bellevue, WA	609	0.738	=IF(D9496>0,ROUND(C9496/D9496,6),"")
98387	Seattle-Tacoma-Bellevue, WA	49940	26.608	=IF(D9497>0,ROUND(C9497/D9497,6),"")
98388	Seattle-Tacoma-Bellevue, WA	7054	8.836	=IF(D9498>0,ROUND(C9498/D9498,6),"")
98390	Seattle-Tacoma-Bellevue, WA	11497	9.192	=IF(D9499>0,ROUND(C9499/D9499,6),"")
98391	Seattle-Tacoma-Bellevue, WA	57691	38.378	=IF(D9500>0,ROUND(C9500/D9500,6),"")
98392	Bremerton-Silverdale-Port Orchard, WA	3412	1.786	=IF(D9501>0,ROUND(C9501/D9501,6),"")
98394	Seattle-Tacoma-Bellevue, WA	1036	5.444	=IF(D9502>0,ROUND(C9502/D9502,6),"")
98396	Seattle-Tacoma-Bellevue, WA	871	10.606	=IF(D9503>0,ROUND(C9503/D9503,6),"")
98402	Seattle-Tacoma-Bellevue, WA	7500	1.18	=IF(D9504>0,ROUND(C9504/D9504,6),"")
98403	Seattle-Tacoma-Bellevue, WA	8586	1.0	=IF(D9505>0,ROUND(C9505/D9505,6),"")
98404	Seattle-Tacoma-Bellevue, WA	35829	7.059	=IF(D9506>0,ROUND(C9506/D9506,6),"")
98405	Seattle-Tacoma-Bellevue, WA	25306	4.099	=IF(D9507>0,ROUND(C9507/D9507,6),"")
98406	Seattle-Tacoma-Bellevue, WA	23642	4.181	=IF(D9508>0,ROUND(C9508/D9508,6),"")
98407	Seattle-Tacoma-Bellevue, WA	21210	5.39	=IF(D9509>0,ROUND(C9509/D9509,6),"")
98408	Seattle-Tacoma-Bellevue, WA	20469	3.411	=IF(D9510>0,ROUND(C9510/D9510,6),"")
98409	Seattle-Tacoma-Bellevue, WA	27298	7.141	=IF(D9511>0,ROUND(C9511/D9511,6),"")
98418	Seattle-Tacoma-Bellevue, WA	10475	1.687	=IF(D9512>0,ROUND(C9512/D9512,6),"")
98422	Seattle-Tacoma-Bellevue, WA	22126	7.014	=IF(D9513>0,ROUND(C9513/D9513,6),"")
98424	Seattle-Tacoma-Bellevue, WA	11871	6.296	=IF(D9514>0,ROUND(C9514/D9514,6),"")
98443	Seattle-Tacoma-Bellevue, WA	5787	5.424	=IF(D9515>0,ROUND(C9515/D9515,6),"")
98444	Seattle-Tacoma-Bellevue, WA	35660	6.946	=IF(D9516>0,ROUND(C9516/D9516,6),"")
98445	Seattle-Tacoma-Bellevue, WA	33578	10.449	=IF(D9517>0,ROUND(C9517/D9517,6),"")
98446	Seattle-Tacoma-Bellevue, WA	14241	10.889	=IF(D9518>0,ROUND(C9518/D9518,6),"")
98465	Seattle-Tacoma-Bellevue, WA	7489	1.619	=IF(D9519>0,ROUND(C9519/D9519,6),"")
98466	Seattle-Tacoma-Bellevue, WA	30622	6.219	=IF(D9520>0,ROUND(C9520/D9520,6),"")
98467	Seattle-Tacoma-Bellevue, WA	15241	4.775	=IF(D9521>0,ROUND(C9521/D9521,6),"")
98498	Seattle-Tacoma-Bellevue, WA	28940	9.944	=IF(D9522>0,ROUND(C9522/D9522,6),"")
98499	Seattle-Tacoma-Bellevue, WA	33694	8.844	=IF(D9523>0,ROUND(C9523/D9523,6),"")
98501	Olympia-Lacey-Tumwater, WA	46937	34.906	=IF(D9524>0,ROUND(C9524/D9524,6),"")
98502	Olympia-Lacey-Tumwater, WA	35043	63.429	=IF(D9525>0,ROUND(C9525/D9525,6),"")
98503	Olympia-Lacey-Tumwater, WA	42189	11.078	=IF(D9526>0,ROUND(C9526/D9526,6),"")
98506	Olympia-Lacey-Tumwater, WA	18763	22.442	=IF(D9527>0,ROUND(C9527/D9527,6),"")
98512	Olympia-Lacey-Tumwater, WA	31291	138.699	=IF(D9528>0,ROUND(C9528/D9528,6),"")
98513	Olympia-Lacey-Tumwater, WA	37953	49.871	=IF(D9529>0,ROUND(C9529/D9529,6),"")
98516	Olympia-Lacey-Tumwater, WA	28286	28.827	=IF(D9530>0,ROUND(C9530/D9530,6),"")
98524	Shelton, WA	4585	8.195	=IF(D9531>0,ROUND(C9531/D9531,6),"")
98528	Shelton, WA	12398	72.294	=IF(D9532>0,ROUND(C9532/D9532,6),"")
98530	Olympia-Lacey-Tumwater, WA	511	2.689	=IF(D9533>0,ROUND(C9533/D9533,6),"")
98546	Shelton, WA	2288	34.253	=IF(D9534>0,ROUND(C9534/D9534,6),"")
98548	Shelton, WA	2336	192.076	=IF(D9535>0,ROUND(C9535/D9535,6),"")
98555	Shelton, WA	213	26.484	=IF(D9536>0,ROUND(C9536/D9536,6),"")
98576	Olympia-Lacey-Tumwater, WA	5063	84.397	=IF(D9537>0,ROUND(C9537/D9537,6),"")
98579	Olympia-Lacey-Tumwater, WA	13907	94.225	=IF(D9538>0,ROUND(C9538/D9538,6),"")
98580	Seattle-Tacoma-Bellevue, WA	11472	130.085	=IF(D9539>0,ROUND(C9539/D9539,6),"")
98581	Longview, WA	383	29.159	=IF(D9540>0,ROUND(C9540/D9540,6),"")
98584	Shelton, WA	40036	359.486	=IF(D9541>0,ROUND(C9541/D9541,6),"")
98588	Shelton, WA	1797	44.959	=IF(D9542>0,ROUND(C9542/D9542,6),"")
98589	Olympia-Lacey-Tumwater, WA	7296	92.616	=IF(D9543>0,ROUND(C9543/D9543,6),"")
98592	Shelton, WA	1666	17.678	=IF(D9544>0,ROUND(C9544/D9544,6),"")
98597	Olympia-Lacey-Tumwater, WA	26431	111.016	=IF(D9545>0,ROUND(C9545/D9545,6),"")
98601	Portland-Vancouver-Hillsboro, OR-WA	2742	31.074	=IF(D9546>0,ROUND(C9546/D9546,6),"")
98603	Longview, WA	1192	114.727	=IF(D9547>0,ROUND(C9547/D9547,6),"")
98604	Portland-Vancouver-Hillsboro, OR-WA	38550	72.05	=IF(D9548>0,ROUND(C9548/D9548,6),"")
98605	Portland-Vancouver-Hillsboro, OR-WA	1336	39.837	=IF(D9549>0,ROUND(C9549/D9549,6),"")
98606	Portland-Vancouver-Hillsboro, OR-WA	9431	37.989	=IF(D9550>0,ROUND(C9550/D9550,6),"")
98607	Portland-Vancouver-Hillsboro, OR-WA	35661	47.622	=IF(D9551>0,ROUND(C9551/D9551,6),"")
98610	Portland-Vancouver-Hillsboro, OR-WA	3004	141.844	=IF(D9552>0,ROUND(C9552/D9552,6),"")
98611	Longview, WA	9367	136.125	=IF(D9553>0,ROUND(C9553/D9553,6),"")
98616	Longview, WA	81	113.484	=IF(D9554>0,ROUND(C9554/D9554,6),"")
98625	Longview, WA	7020	193.929	=IF(D9555>0,ROUND(C9555/D9555,6),"")
98626	Longview, WA	26948	134.605	=IF(D9556>0,ROUND(C9556/D9556,6),"")
98629	Portland-Vancouver-Hillsboro, OR-WA	9051	37.792	=IF(D9557>0,ROUND(C9557/D9557,6),"")
98632	Longview, WA	50845	121.396	=IF(D9558>0,ROUND(C9558/D9558,6),"")
98639	Portland-Vancouver-Hillsboro, OR-WA	1151	2.829	=IF(D9559>0,ROUND(C9559/D9559,6),"")
98642	Portland-Vancouver-Hillsboro, OR-WA	26379	56.849	=IF(D9560>0,ROUND(C9560/D9560,6),"")
98645	Longview, WA	2195	15.191	=IF(D9561>0,ROUND(C9561/D9561,6),"")
98648	Portland-Vancouver-Hillsboro, OR-WA	3353	144.086	=IF(D9562>0,ROUND(C9562/D9562,6),"")
98649	Longview, WA	980	196.337	=IF(D9563>0,ROUND(C9563/D9563,6),"")
98650	Portland-Vancouver-Hillsboro, OR-WA	1332	84.326	=IF(D9564>0,ROUND(C9564/D9564,6),"")
98651	Portland-Vancouver-Hillsboro, OR-WA	935	13.268	=IF(D9565>0,ROUND(C9565/D9565,6),"")
98660	Portland-Vancouver-Hillsboro, OR-WA	13699	15.265	=IF(D9566>0,ROUND(C9566/D9566,6),"")
98661	Portland-Vancouver-Hillsboro, OR-WA	52027	10.901	=IF(D9567>0,ROUND(C9567/D9567,6),"")
98662	Portland-Vancouver-Hillsboro, OR-WA	38008	12.969	=IF(D9568>0,ROUND(C9568/D9568,6),"")
98663	Portland-Vancouver-Hillsboro, OR-WA	15645	4.118	=IF(D9569>0,ROUND(C9569/D9569,6),"")
98664	Portland-Vancouver-Hillsboro, OR-WA	22923	5.179	=IF(D9570>0,ROUND(C9570/D9570,6),"")
98665	Portland-Vancouver-Hillsboro, OR-WA	28243	7.376	=IF(D9571>0,ROUND(C9571/D9571,6),"")
98671	Portland-Vancouver-Hillsboro, OR-WA	23669	81.096	=IF(D9572>0,ROUND(C9572/D9572,6),"")
98674	Longview, WA	16765	86.502	=IF(D9573>0,ROUND(C9573/D9573,6),"")
98675	Portland-Vancouver-Hillsboro, OR-WA	7494	155.391	=IF(D9574>0,ROUND(C9574/D9574,6),"")
98682	Portland-Vancouver-Hillsboro, OR-WA	67297	28.515	=IF(D9575>0,ROUND(C9575/D9575,6),"")
98683	Portland-Vancouver-Hillsboro, OR-WA	31613	7.257	=IF(D9576>0,ROUND(C9576/D9576,6),"")
98684	Portland-Vancouver-Hillsboro, OR-WA	36486	7.085	=IF(D9577>0,ROUND(C9577/D9577,6),"")
98685	Portland-Vancouver-Hillsboro, OR-WA	30044	10.23	=IF(D9578>0,ROUND(C9578/D9578,6),"")
98686	Portland-Vancouver-Hillsboro, OR-WA	20553	11.653	=IF(D9579>0,ROUND(C9579/D9579,6),"")
99001	Spokane-Spokane Valley, WA	8931	7.951	=IF(D9580>0,ROUND(C9580/D9580,6),"")
99003	Spokane-Spokane Valley, WA	4634	76.227	=IF(D9581>0,ROUND(C9581/D9581,6),"")
99004	Spokane-Spokane Valley, WA	22448	334.266	=IF(D9582>0,ROUND(C9582/D9582,6),"")
99005	Spokane-Spokane Valley, WA	10682	39.588	=IF(D9583>0,ROUND(C9583/D9583,6),"")
99006	Spokane-Spokane Valley, WA	14666	164.111	=IF(D9584>0,ROUND(C9584/D9584,6),"")
99009	Spokane-Spokane Valley, WA	4525	80.998	=IF(D9585>0,ROUND(C9585/D9585,6),"")
99012	Spokane-Spokane Valley, WA	1125	93.57	=IF(D9586>0,ROUND(C9586/D9586,6),"")
99013	Spokane-Spokane Valley, WA	1694	87.703	=IF(D9587>0,ROUND(C9587/D9587,6),"")
99016	Spokane-Spokane Valley, WA	20260	24.614	=IF(D9588>0,ROUND(C9588/D9588,6),"")
99018	Spokane-Spokane Valley, WA	308	34.063	=IF(D9589>0,ROUND(C9589/D9589,6),"")
99019	Spokane-Spokane Valley, WA	12092	22.288	=IF(D9590>0,ROUND(C9590/D9590,6),"")
99021	Spokane-Spokane Valley, WA	9226	80.362	=IF(D9591>0,ROUND(C9591/D9591,6),"")
99022	Spokane-Spokane Valley, WA	9398	68.336	=IF(D9592>0,ROUND(C9592/D9592,6),"")
99023	Spokane-Spokane Valley, WA	780	18.16	=IF(D9593>0,ROUND(C9593/D9593,6),"")
99025	Spokane-Spokane Valley, WA	5846	45.788	=IF(D9594>0,ROUND(C9594/D9594,6),"")
99026	Spokane-Spokane Valley, WA	9206	63.097	=IF(D9595>0,ROUND(C9595/D9595,6),"")
99027	Spokane-Spokane Valley, WA	5878	15.479	=IF(D9596>0,ROUND(C9596/D9596,6),"")
99029	Spokane-Spokane Valley, WA	1775	110.718	=IF(D9597>0,ROUND(C9597/D9597,6),"")
99030	Spokane-Spokane Valley, WA	616	72.599	=IF(D9598>0,ROUND(C9598/D9598,6),"")
99031	Spokane-Spokane Valley, WA	1434	76.46	=IF(D9599>0,ROUND(C9599/D9599,6),"")
99036	Spokane-Spokane Valley, WA	1588	38.2	=IF(D9600>0,ROUND(C9600/D9600,6),"")
99037	Spokane-Spokane Valley, WA	16761	6.289	=IF(D9601>0,ROUND(C9601/D9601,6),"")
99101	Spokane-Spokane Valley, WA	1544	95.367	=IF(D9602>0,ROUND(C9602/D9602,6),"")
99109	Spokane-Spokane Valley, WA	5075	311.628	=IF(D9603>0,ROUND(C9603/D9603,6),"")
99110	Spokane-Spokane Valley, WA	1592	38.623	=IF(D9604>0,ROUND(C9604/D9604,6),"")
99114	Spokane-Spokane Valley, WA	12939	718.545	=IF(D9605>0,ROUND(C9605/D9605,6),"")
99126	Spokane-Spokane Valley, WA	926	50.558	=IF(D9606>0,ROUND(C9606/D9606,6),"")
99141	Spokane-Spokane Valley, WA	6272	628.124	=IF(D9607>0,ROUND(C9607/D9607,6),"")
99148	Spokane-Spokane Valley, WA	2381	70.616	=IF(D9608>0,ROUND(C9608/D9608,6),"")
99156	Spokane-Spokane Valley, WA	9323	273.181	=IF(D9609>0,ROUND(C9609/D9609,6),"")
99157	Spokane-Spokane Valley, WA	719	65.151	=IF(D9610>0,ROUND(C9610/D9610,6),"")
99167	Spokane-Spokane Valley, WA	943	68.236	=IF(D9611>0,ROUND(C9611/D9611,6),"")
99173	Spokane-Spokane Valley, WA	1773	141.759	=IF(D9612>0,ROUND(C9612/D9612,6),"")
99181	Spokane-Spokane Valley, WA	2004	91.286	=IF(D9613>0,ROUND(C9613/D9613,6),"")
99201	Spokane-Spokane Valley, WA	14432	2.97	=IF(D9614>0,ROUND(C9614/D9614,6),"")
99202	Spokane-Spokane Valley, WA	19956	5.946	=IF(D9615>0,ROUND(C9615/D9615,6),"")
99203	Spokane-Spokane Valley, WA	21921	4.646	=IF(D9616>0,ROUND(C9616/D9616,6),"")
99204	Spokane-Spokane Valley, WA	7519	1.02	=IF(D9617>0,ROUND(C9617/D9617,6),"")
99205	Spokane-Spokane Valley, WA	43340	8.967	=IF(D9618>0,ROUND(C9618/D9618,6),"")
99206	Spokane-Spokane Valley, WA	41442	23.354	=IF(D9619>0,ROUND(C9619/D9619,6),"")
99207	Spokane-Spokane Valley, WA	34766	5.196	=IF(D9620>0,ROUND(C9620/D9620,6),"")
99208	Spokane-Spokane Valley, WA	58834	48.731	=IF(D9621>0,ROUND(C9621/D9621,6),"")
99212	Spokane-Spokane Valley, WA	21549	12.266	=IF(D9622>0,ROUND(C9622/D9622,6),"")
99216	Spokane-Spokane Valley, WA	28056	14.234	=IF(D9623>0,ROUND(C9623/D9623,6),"")
99217	Spokane-Spokane Valley, WA	19893	51.42	=IF(D9624>0,ROUND(C9624/D9624,6),"")
99218	Spokane-Spokane Valley, WA	16920	6.791	=IF(D9625>0,ROUND(C9625/D9625,6),"")
99223	Spokane-Spokane Valley, WA	35848	32.064	=IF(D9626>0,ROUND(C9626/D9626,6),"")
99224	Spokane-Spokane Valley, WA	23599	118.814	=IF(D9627>0,ROUND(C9627/D9627,6),"")
99301	Kennewick-Richland, WA	86467	486.294	=IF(D9628>0,ROUND(C9628/D9628,6),"")
99320	Kennewick-Richland, WA	10157	209.307	=IF(D9629>0,ROUND(C9629/D9629,6),"")
99326	Kennewick-Richland, WA	5875	242.509	=IF(D9630>0,ROUND(C9630/D9630,6),"")
99330	Kennewick-Richland, WA	1104	87.476	=IF(D9631>0,ROUND(C9631/D9631,6),"")
99336	Kennewick-Richland, WA	51180	13.396	=IF(D9632>0,ROUND(C9632/D9632,6),"")
99337	Kennewick-Richland, WA	33080	165.94	=IF(D9633>0,ROUND(C9633/D9633,6),"")
99338	Kennewick-Richland, WA	19235	35.452	=IF(D9634>0,ROUND(C9634/D9634,6),"")
99343	Kennewick-Richland, WA	3236	180.866	=IF(D9635>0,ROUND(C9635/D9635,6),"")
99350	Kennewick-Richland, WA	14278	600.073	=IF(D9636>0,ROUND(C9636/D9636,6),"")
99352	Kennewick-Richland, WA	36641	23.996	=IF(D9637>0,ROUND(C9637/D9637,6),"")
99353	Kennewick-Richland, WA	18702	25.809	=IF(D9638>0,ROUND(C9638/D9638,6),"")
99354	Kennewick-Richland, WA	25577	23.934	=IF(D9639>0,ROUND(C9639/D9639,6),"")
