portfolio	property	city	state	zip	metro	density per sq mi	percentile in metro	python density	python percentile	check density (0 = match)	check percentile (0 = match)
MRP Liberty	6612 Sw Dignity Ave	Bentonville	AR	72713	=IFERROR(INDEX(zips!$B:$B,MATCH(E2,zips!$A:$A,0)),"")	=IFERROR(INDEX(zips!$E:$E,MATCH(E2,zips!$A:$A,0)),"")	=IF(OR(F2="",G2=""),"",100*SUMIFS(zips!$C:$C,zips!$B:$B,F2,zips!$E:$E,"<"&G2)/SUMIFS(zips!$C:$C,zips!$B:$B,F2,zips!$E:$E,">0"))	542.0567	44.7972	=IF(I2="","",ROUND(G2-I2,2))	=IF(J2="","",ROUND(H2-J2,2))
MRP Liberty	6716 Sw Dignity Ave	Bentonville	AR	72713	=IFERROR(INDEX(zips!$B:$B,MATCH(E3,zips!$A:$A,0)),"")	=IFERROR(INDEX(zips!$E:$E,MATCH(E3,zips!$A:$A,0)),"")	=IF(OR(F3="",G3=""),"",100*SUMIFS(zips!$C:$C,zips!$B:$B,F3,zips!$E:$E,"<"&G3)/SUMIFS(zips!$C:$C,zips!$B:$B,F3,zips!$E:$E,">0"))	542.0567	44.7972	=IF(I3="","",ROUND(G3-I3,2))	=IF(J3="","",ROUND(H3-J3,2))
MRP Liberty	6803 Sw Devotion Ave	Bentonville	AR	72713	=IFERROR(INDEX(zips!$B:$B,MATCH(E4,zips!$A:$A,0)),"")	=IFERROR(INDEX(zips!$E:$E,MATCH(E4,zips!$A:$A,0)),"")	=IF(OR(F4="",G4=""),"",100*SUMIFS(zips!$C:$C,zips!$B:$B,F4,zips!$E:$E,"<"&G4)/SUMIFS(zips!$C:$C,zips!$B:$B,F4,zips!$E:$E,">0"))	542.0567	44.7972	=IF(I4="","",ROUND(G4-I4,2))	=IF(J4="","",ROUND(H4-J4,2))
MRP Liberty	6801 Sw Devotion Ave	Bentonville	AR	72713	=IFERROR(INDEX(zips!$B:$B,MATCH(E5,zips!$A:$A,0)),"")	=IFERROR(INDEX(zips!$E:$E,MATCH(E5,zips!$A:$A,0)),"")	=IF(OR(F5="",G5=""),"",100*SUMIFS(zips!$C:$C,zips!$B:$B,F5,zips!$E:$E,"<"&G5)/SUMIFS(zips!$C:$C,zips!$B:$B,F5,zips!$E:$E,">0"))	542.0567	44.7972	=IF(I5="","",ROUND(G5-I5,2))	=IF(J5="","",ROUND(H5-J5,2))
MRP Liberty	6204 Sw Abelia Ave	Bentonville	AR	72713	=IFERROR(INDEX(zips!$B:$B,MATCH(E6,zips!$A:$A,0)),"")	=IFERROR(INDEX(zips!$E:$E,MATCH(E6,zips!$A:$A,0)),"")	=IF(OR(F6="",G6=""),"",100*SUMIFS(zips!$C:$C,zips!$B:$B,F6,zips!$E:$E,"<"&G6)/SUMIFS(zips!$C:$C,zips!$B:$B,F6,zips!$E:$E,">0"))	542.0567	44.7972	=IF(I6="","",ROUND(G6-I6,2))	=IF(J6="","",ROUND(H6-J6,2))
MRP Liberty	411B W Cloud Dr	Siloam Springs	AR	72761	=IFERROR(INDEX(zips!$B:$B,MATCH(E7,zips!$A:$A,0)),"")	=IFERROR(INDEX(zips!$E:$E,MATCH(E7,zips!$A:$A,0)),"")	=IF(OR(F7="",G7=""),"",100*SUMIFS(zips!$C:$C,zips!$B:$B,F7,zips!$E:$E,"<"&G7)/SUMIFS(zips!$C:$C,zips!$B:$B,F7,zips!$E:$E,">0"))	207.808	12.8793	=IF(I7="","",ROUND(G7-I7,2))	=IF(J7="","",ROUND(H7-J7,2))
MRP Liberty	411A W Cloud Dr	Siloam Springs	AR	72761	=IFERROR(INDEX(zips!$B:$B,MATCH(E8,zips!$A:$A,0)),"")	=IFERROR(INDEX(zips!$E:$E,MATCH(E8,zips!$A:$A,0)),"")	=IF(OR(F8="",G8=""),"",100*SUMIFS(zips!$C:$C,zips!$B:$B,F8,zips!$E:$E,"<"&G8)/SUMIFS(zips!$C:$C,zips!$B:$B,F8,zips!$E:$E,">0"))	207.808	12.8793	=IF(I8="","",ROUND(G8-I8,2))	=IF(J8="","",ROUND(H8-J8,2))
MRP Liberty	405A W Cloud Dr	Siloam Springs	AR	72761	=IFERROR(INDEX(zips!$B:$B,MATCH(E9,zips!$A:$A,0)),"")	=IFERROR(INDEX(zips!$E:$E,MATCH(E9,zips!$A:$A,0)),"")	=IF(OR(F9="",G9=""),"",100*SUMIFS(zips!$C:$C,zips!$B:$B,F9,zips!$E:$E,"<"&G9)/SUMIFS(zips!$C:$C,zips!$B:$B,F9,zips!$E:$E,">0"))	207.808	12.8793	=IF(I9="","",ROUND(G9-I9,2))	=IF(J9="","",ROUND(H9-J9,2))
MRP Liberty	5940 Norway Spruce St	Edmond	OK	73034	=IFERROR(INDEX(zips!$B:$B,MATCH(E10,zips!$A:$A,0)),"")	=IFERROR(INDEX(zips!$E:$E,MATCH(E10,zips!$A:$A,0)),"")	=IF(OR(F10="",G10=""),"",100*SUMIFS(zips!$C:$C,zips!$B:$B,F10,zips!$E:$E,"<"&G10)/SUMIFS(zips!$C:$C,zips!$B:$B,F10,zips!$E:$E,">0"))	926.5611	33.998	=IF(I10="","",ROUND(G10-I10,2))	=IF(J10="","",ROUND(H10-J10,2))
MRP Liberty	6008 Norway Spruce St	Edmond	OK	73034	=IFERROR(INDEX(zips!$B:$B,MATCH(E11,zips!$A:$A,0)),"")	=IFERROR(INDEX(zips!$E:$E,MATCH(E11,zips!$A:$A,0)),"")	=IF(OR(F11="",G11=""),"",100*SUMIFS(zips!$C:$C,zips!$B:$B,F11,zips!$E:$E,"<"&G11)/SUMIFS(zips!$C:$C,zips!$B:$B,F11,zips!$E:$E,">0"))	926.5611	33.998	=IF(I11="","",ROUND(G11-I11,2))	=IF(J11="","",ROUND(H11-J11,2))
MRP Liberty	6024 Norway Spruce St	Edmond	OK	73034	=IFERROR(INDEX(zips!$B:$B,MATCH(E12,zips!$A:$A,0)),"")	=IFERROR(INDEX(zips!$E:$E,MATCH(E12,zips!$A:$A,0)),"")	=IF(OR(F12="",G12=""),"",100*SUMIFS(zips!$C:$C,zips!$B:$B,F12,zips!$E:$E,"<"&G12)/SUMIFS(zips!$C:$C,zips!$B:$B,F12,zips!$E:$E,">0"))	926.5611	33.998	=IF(I12="","",ROUND(G12-I12,2))	=IF(J12="","",ROUND(H12-J12,2))
MRP Liberty	6040 Norway Spruce St	Edmond	OK	73034	=IFERROR(INDEX(zips!$B:$B,MATCH(E13,zips!$A:$A,0)),"")	=IFERROR(INDEX(zips!$E:$E,MATCH(E13,zips!$A:$A,0)),"")	=IF(OR(F13="",G13=""),"",100*SUMIFS(zips!$C:$C,zips!$B:$B,F13,zips!$E:$E,"<"&G13)/SUMIFS(zips!$C:$C,zips!$B:$B,F13,zips!$E:$E,">0"))	926.5611	33.998	=IF(I13="","",ROUND(G13-I13,2))	=IF(J13="","",ROUND(H13-J13,2))
MRP Liberty	6108 Norway Spruce St	Edmond	OK	73034	=IFERROR(INDEX(zips!$B:$B,MATCH(E14,zips!$A:$A,0)),"")	=IFERROR(INDEX(zips!$E:$E,MATCH(E14,zips!$A:$A,0)),"")	=IF(OR(F14="",G14=""),"",100*SUMIFS(zips!$C:$C,zips!$B:$B,F14,zips!$E:$E,"<"&G14)/SUMIFS(zips!$C:$C,zips!$B:$B,F14,zips!$E:$E,">0"))	926.5611	33.998	=IF(I14="","",ROUND(G14-I14,2))	=IF(J14="","",ROUND(H14-J14,2))
MRP Liberty	20405 Velvet St	Oklahoma City	OK	73012	=IFERROR(INDEX(zips!$B:$B,MATCH(E15,zips!$A:$A,0)),"")	=IFERROR(INDEX(zips!$E:$E,MATCH(E15,zips!$A:$A,0)),"")	=IF(OR(F15="",G15=""),"",100*SUMIFS(zips!$C:$C,zips!$B:$B,F15,zips!$E:$E,"<"&G15)/SUMIFS(zips!$C:$C,zips!$B:$B,F15,zips!$E:$E,">0"))	1302.7208	42.0736	=IF(I15="","",ROUND(G15-I15,2))	=IF(J15="","",ROUND(H15-J15,2))
MRP Liberty	405B W Cloud Dr	Siloam Springs	AR	72761	=IFERROR(INDEX(zips!$B:$B,MATCH(E16,zips!$A:$A,0)),"")	=IFERROR(INDEX(zips!$E:$E,MATCH(E16,zips!$A:$A,0)),"")	=IF(OR(F16="",G16=""),"",100*SUMIFS(zips!$C:$C,zips!$B:$B,F16,zips!$E:$E,"<"&G16)/SUMIFS(zips!$C:$C,zips!$B:$B,F16,zips!$E:$E,">0"))	207.808	12.8793	=IF(I16="","",ROUND(G16-I16,2))	=IF(J16="","",ROUND(H16-J16,2))
MRP Liberty	404B W Cloud Dr	Siloam Springs	AR	72761	=IFERROR(INDEX(zips!$B:$B,MATCH(E17,zips!$A:$A,0)),"")	=IFERROR(INDEX(zips!$E:$E,MATCH(E17,zips!$A:$A,0)),"")	=IF(OR(F17="",G17=""),"",100*SUMIFS(zips!$C:$C,zips!$B:$B,F17,zips!$E:$E,"<"&G17)/SUMIFS(zips!$C:$C,zips!$B:$B,F17,zips!$E:$E,">0"))	207.808	12.8793	=IF(I17="","",ROUND(G17-I17,2))	=IF(J17="","",ROUND(H17-J17,2))
MRP Liberty	406B W Cloud Dr	Siloam Springs	AR	72761	=IFERROR(INDEX(zips!$B:$B,MATCH(E18,zips!$A:$A,0)),"")	=IFERROR(INDEX(zips!$E:$E,MATCH(E18,zips!$A:$A,0)),"")	=IF(OR(F18="",G18=""),"",100*SUMIFS(zips!$C:$C,zips!$B:$B,F18,zips!$E:$E,"<"&G18)/SUMIFS(zips!$C:$C,zips!$B:$B,F18,zips!$E:$E,">0"))	207.808	12.8793	=IF(I18="","",ROUND(G18-I18,2))	=IF(J18="","",ROUND(H18-J18,2))
MRP Liberty	414A W Cloud Dr	Siloam Springs	AR	72761	=IFERROR(INDEX(zips!$B:$B,MATCH(E19,zips!$A:$A,0)),"")	=IFERROR(INDEX(zips!$E:$E,MATCH(E19,zips!$A:$A,0)),"")	=IF(OR(F19="",G19=""),"",100*SUMIFS(zips!$C:$C,zips!$B:$B,F19,zips!$E:$E,"<"&G19)/SUMIFS(zips!$C:$C,zips!$B:$B,F19,zips!$E:$E,">0"))	207.808	12.8793	=IF(I19="","",ROUND(G19-I19,2))	=IF(J19="","",ROUND(H19-J19,2))
MRP Liberty	1701 Pittman St	Gentry	AR	72734	=IFERROR(INDEX(zips!$B:$B,MATCH(E20,zips!$A:$A,0)),"")	=IFERROR(INDEX(zips!$E:$E,MATCH(E20,zips!$A:$A,0)),"")	=IF(OR(F20="",G20=""),"",100*SUMIFS(zips!$C:$C,zips!$B:$B,F20,zips!$E:$E,"<"&G20)/SUMIFS(zips!$C:$C,zips!$B:$B,F20,zips!$E:$E,">0"))	102.7977	9.5127	=IF(I20="","",ROUND(G20-I20,2))	=IF(J20="","",ROUND(H20-J20,2))
MRP Liberty	700 Marsol St	Lowell	AR	72745	=IFERROR(INDEX(zips!$B:$B,MATCH(E21,zips!$A:$A,0)),"")	=IFERROR(INDEX(zips!$E:$E,MATCH(E21,zips!$A:$A,0)),"")	=IF(OR(F21="",G21=""),"",100*SUMIFS(zips!$C:$C,zips!$B:$B,F21,zips!$E:$E,"<"&G21)/SUMIFS(zips!$C:$C,zips!$B:$B,F21,zips!$E:$E,">0"))	456.1189	40.2173	=IF(I21="","",ROUND(G21-I21,2))	=IF(J21="","",ROUND(H21-J21,2))
MRP Liberty	2700 Young St	Pea Ridge	AR	72751	=IFERROR(INDEX(zips!$B:$B,MATCH(E22,zips!$A:$A,0)),"")	=IFERROR(INDEX(zips!$E:$E,MATCH(E22,zips!$A:$A,0)),"")	=IF(OR(F22="",G22=""),"",100*SUMIFS(zips!$C:$C,zips!$B:$B,F22,zips!$E:$E,"<"&G22)/SUMIFS(zips!$C:$C,zips!$B:$B,F22,zips!$E:$E,">0"))	386.7917	29.785	=IF(I22="","",ROUND(G22-I22,2))	=IF(J22="","",ROUND(H22-J22,2))
MRP Liberty	15088 Thompson Branch Trail	Hensley	AR	72065	=IFERROR(INDEX(zips!$B:$B,MATCH(E23,zips!$A:$A,0)),"")	=IFERROR(INDEX(zips!$E:$E,MATCH(E23,zips!$A:$A,0)),"")	=IF(OR(F23="",G23=""),"",100*SUMIFS(zips!$C:$C,zips!$B:$B,F23,zips!$E:$E,"<"&G23)/SUMIFS(zips!$C:$C,zips!$B:$B,F23,zips!$E:$E,">0"))	92.6101	8.8669	=IF(I23="","",ROUND(G23-I23,2))	=IF(J23="","",ROUND(H23-J23,2))
MRP Liberty	15096 Thompson Branch Trail	Hensley	AR	72065	=IFERROR(INDEX(zips!$B:$B,MATCH(E24,zips!$A:$A,0)),"")	=IFERROR(INDEX(zips!$E:$E,MATCH(E24,zips!$A:$A,0)),"")	=IF(OR(F24="",G24=""),"",100*SUMIFS(zips!$C:$C,zips!$B:$B,F24,zips!$E:$E,"<"&G24)/SUMIFS(zips!$C:$C,zips!$B:$B,F24,zips!$E:$E,">0"))	92.6101	8.8669	=IF(I24="","",ROUND(G24-I24,2))	=IF(J24="","",ROUND(H24-J24,2))
MRP Liberty	15104 Thompson Branch Trail	Hensley	AR	72065	=IFERROR(INDEX(zips!$B:$B,MATCH(E25,zips!$A:$A,0)),"")	=IFERROR(INDEX(zips!$E:$E,MATCH(E25,zips!$A:$A,0)),"")	=IF(OR(F25="",G25=""),"",100*SUMIFS(zips!$C:$C,zips!$B:$B,F25,zips!$E:$E,"<"&G25)/SUMIFS(zips!$C:$C,zips!$B:$B,F25,zips!$E:$E,">0"))	92.6101	8.8669	=IF(I25="","",ROUND(G25-I25,2))	=IF(J25="","",ROUND(H25-J25,2))
MRP Liberty	15712 Thompson Branch Trail	Hensley	AR	72065	=IFERROR(INDEX(zips!$B:$B,MATCH(E26,zips!$A:$A,0)),"")	=IFERROR(INDEX(zips!$E:$E,MATCH(E26,zips!$A:$A,0)),"")	=IF(OR(F26="",G26=""),"",100*SUMIFS(zips!$C:$C,zips!$B:$B,F26,zips!$E:$E,"<"&G26)/SUMIFS(zips!$C:$C,zips!$B:$B,F26,zips!$E:$E,">0"))	92.6101	8.8669	=IF(I26="","",ROUND(G26-I26,2))	=IF(J26="","",ROUND(H26-J26,2))
MRP Liberty	15120 Thompson Branch Trail	Hensley	AR	72065	=IFERROR(INDEX(zips!$B:$B,MATCH(E27,zips!$A:$A,0)),"")	=IFERROR(INDEX(zips!$E:$E,MATCH(E27,zips!$A:$A,0)),"")	=IF(OR(F27="",G27=""),"",100*SUMIFS(zips!$C:$C,zips!$B:$B,F27,zips!$E:$E,"<"&G27)/SUMIFS(zips!$C:$C,zips!$B:$B,F27,zips!$E:$E,">0"))	92.6101	8.8669	=IF(I27="","",ROUND(G27-I27,2))	=IF(J27="","",ROUND(H27-J27,2))
MRP Liberty	15128 Thompson Branch Trail	Hensley	AR	72065	=IFERROR(INDEX(zips!$B:$B,MATCH(E28,zips!$A:$A,0)),"")	=IFERROR(INDEX(zips!$E:$E,MATCH(E28,zips!$A:$A,0)),"")	=IF(OR(F28="",G28=""),"",100*SUMIFS(zips!$C:$C,zips!$B:$B,F28,zips!$E:$E,"<"&G28)/SUMIFS(zips!$C:$C,zips!$B:$B,F28,zips!$E:$E,">0"))	92.6101	8.8669	=IF(I28="","",ROUND(G28-I28,2))	=IF(J28="","",ROUND(H28-J28,2))
MRP Liberty	15105 Thompson Branch Trail	Hensley	AR	72065	=IFERROR(INDEX(zips!$B:$B,MATCH(E29,zips!$A:$A,0)),"")	=IFERROR(INDEX(zips!$E:$E,MATCH(E29,zips!$A:$A,0)),"")	=IF(OR(F29="",G29=""),"",100*SUMIFS(zips!$C:$C,zips!$B:$B,F29,zips!$E:$E,"<"&G29)/SUMIFS(zips!$C:$C,zips!$B:$B,F29,zips!$E:$E,">0"))	92.6101	8.8669	=IF(I29="","",ROUND(G29-I29,2))	=IF(J29="","",ROUND(H29-J29,2))
MRP Liberty	2352 Bassett St	Benton	AR	72019	=IFERROR(INDEX(zips!$B:$B,MATCH(E30,zips!$A:$A,0)),"")	=IFERROR(INDEX(zips!$E:$E,MATCH(E30,zips!$A:$A,0)),"")	=IF(OR(F30="",G30=""),"",100*SUMIFS(zips!$C:$C,zips!$B:$B,F30,zips!$E:$E,"<"&G30)/SUMIFS(zips!$C:$C,zips!$B:$B,F30,zips!$E:$E,">0"))	173.3864	15.2528	=IF(I30="","",ROUND(G30-I30,2))	=IF(J30="","",ROUND(H30-J30,2))
MRP Liberty	2344 Bassett St	Benton	AR	72019	=IFERROR(INDEX(zips!$B:$B,MATCH(E31,zips!$A:$A,0)),"")	=IFERROR(INDEX(zips!$E:$E,MATCH(E31,zips!$A:$A,0)),"")	=IF(OR(F31="",G31=""),"",100*SUMIFS(zips!$C:$C,zips!$B:$B,F31,zips!$E:$E,"<"&G31)/SUMIFS(zips!$C:$C,zips!$B:$B,F31,zips!$E:$E,">0"))	173.3864	15.2528	=IF(I31="","",ROUND(G31-I31,2))	=IF(J31="","",ROUND(H31-J31,2))
MRP Liberty	6634 Hollywood Ave	Benton	AR	72019	=IFERROR(INDEX(zips!$B:$B,MATCH(E32,zips!$A:$A,0)),"")	=IFERROR(INDEX(zips!$E:$E,MATCH(E32,zips!$A:$A,0)),"")	=IF(OR(F32="",G32=""),"",100*SUMIFS(zips!$C:$C,zips!$B:$B,F32,zips!$E:$E,"<"&G32)/SUMIFS(zips!$C:$C,zips!$B:$B,F32,zips!$E:$E,">0"))	173.3864	15.2528	=IF(I32="","",ROUND(G32-I32,2))	=IF(J32="","",ROUND(H32-J32,2))
MRP Liberty	1632 Rambling Brook Dr	Benton	AR	72015	=IFERROR(INDEX(zips!$B:$B,MATCH(E33,zips!$A:$A,0)),"")	=IFERROR(INDEX(zips!$E:$E,MATCH(E33,zips!$A:$A,0)),"")	=IF(OR(F33="",G33=""),"",100*SUMIFS(zips!$C:$C,zips!$B:$B,F33,zips!$E:$E,"<"&G33)/SUMIFS(zips!$C:$C,zips!$B:$B,F33,zips!$E:$E,">0"))	328.4482	37.0397	=IF(I33="","",ROUND(G33-I33,2))	=IF(J33="","",ROUND(H33-J33,2))
MRP Liberty	1636 Rambling Brook Dr	Benton	AR	72015	=IFERROR(INDEX(zips!$B:$B,MATCH(E34,zips!$A:$A,0)),"")	=IFERROR(INDEX(zips!$E:$E,MATCH(E34,zips!$A:$A,0)),"")	=IF(OR(F34="",G34=""),"",100*SUMIFS(zips!$C:$C,zips!$B:$B,F34,zips!$E:$E,"<"&G34)/SUMIFS(zips!$C:$C,zips!$B:$B,F34,zips!$E:$E,">0"))	328.4482	37.0397	=IF(I34="","",ROUND(G34-I34,2))	=IF(J34="","",ROUND(H34-J34,2))
MRP Liberty	1605 Rambling Brook Dr	Benton	AR	72015	=IFERROR(INDEX(zips!$B:$B,MATCH(E35,zips!$A:$A,0)),"")	=IFERROR(INDEX(zips!$E:$E,MATCH(E35,zips!$A:$A,0)),"")	=IF(OR(F35="",G35=""),"",100*SUMIFS(zips!$C:$C,zips!$B:$B,F35,zips!$E:$E,"<"&G35)/SUMIFS(zips!$C:$C,zips!$B:$B,F35,zips!$E:$E,">0"))	328.4482	37.0397	=IF(I35="","",ROUND(G35-I35,2))	=IF(J35="","",ROUND(H35-J35,2))
MRP Liberty	7001 Potomac Trail	Bauxite	AR	72011	=IFERROR(INDEX(zips!$B:$B,MATCH(E36,zips!$A:$A,0)),"")	=IFERROR(INDEX(zips!$E:$E,MATCH(E36,zips!$A:$A,0)),"")	=IF(OR(F36="",G36=""),"",100*SUMIFS(zips!$C:$C,zips!$B:$B,F36,zips!$E:$E,"<"&G36)/SUMIFS(zips!$C:$C,zips!$B:$B,F36,zips!$E:$E,">0"))	79.2592	8.2601	=IF(I36="","",ROUND(G36-I36,2))	=IF(J36="","",ROUND(H36-J36,2))
MRP Liberty	8000 Chesapeake Trail	Bauxite	AR	72011	=IFERROR(INDEX(zips!$B:$B,MATCH(E37,zips!$A:$A,0)),"")	=IFERROR(INDEX(zips!$E:$E,MATCH(E37,zips!$A:$A,0)),"")	=IF(OR(F37="",G37=""),"",100*SUMIFS(zips!$C:$C,zips!$B:$B,F37,zips!$E:$E,"<"&G37)/SUMIFS(zips!$C:$C,zips!$B:$B,F37,zips!$E:$E,">0"))	79.2592	8.2601	=IF(I37="","",ROUND(G37-I37,2))	=IF(J37="","",ROUND(H37-J37,2))
MRP Liberty	8016 Chesapeake Trail	Bauxite	AR	72011	=IFERROR(INDEX(zips!$B:$B,MATCH(E38,zips!$A:$A,0)),"")	=IFERROR(INDEX(zips!$E:$E,MATCH(E38,zips!$A:$A,0)),"")	=IF(OR(F38="",G38=""),"",100*SUMIFS(zips!$C:$C,zips!$B:$B,F38,zips!$E:$E,"<"&G38)/SUMIFS(zips!$C:$C,zips!$B:$B,F38,zips!$E:$E,">0"))	79.2592	8.2601	=IF(I38="","",ROUND(G38-I38,2))	=IF(J38="","",ROUND(H38-J38,2))
MRP Liberty	8040 Chesapeake Trail	Bauxite	AR	72011	=IFERROR(INDEX(zips!$B:$B,MATCH(E39,zips!$A:$A,0)),"")	=IFERROR(INDEX(zips!$E:$E,MATCH(E39,zips!$A:$A,0)),"")	=IF(OR(F39="",G39=""),"",100*SUMIFS(zips!$C:$C,zips!$B:$B,F39,zips!$E:$E,"<"&G39)/SUMIFS(zips!$C:$C,zips!$B:$B,F39,zips!$E:$E,">0"))	79.2592	8.2601	=IF(I39="","",ROUND(G39-I39,2))	=IF(J39="","",ROUND(H39-J39,2))
MRP Liberty	8056 Chesapeake Trail	Bauxite	AR	72011	=IFERROR(INDEX(zips!$B:$B,MATCH(E40,zips!$A:$A,0)),"")	=IFERROR(INDEX(zips!$E:$E,MATCH(E40,zips!$A:$A,0)),"")	=IF(OR(F40="",G40=""),"",100*SUMIFS(zips!$C:$C,zips!$B:$B,F40,zips!$E:$E,"<"&G40)/SUMIFS(zips!$C:$C,zips!$B:$B,F40,zips!$E:$E,">0"))	79.2592	8.2601	=IF(I40="","",ROUND(G40-I40,2))	=IF(J40="","",ROUND(H40-J40,2))
MRP Liberty	8049 Chesapeake Trail	Bauxite	AR	72011	=IFERROR(INDEX(zips!$B:$B,MATCH(E41,zips!$A:$A,0)),"")	=IFERROR(INDEX(zips!$E:$E,MATCH(E41,zips!$A:$A,0)),"")	=IF(OR(F41="",G41=""),"",100*SUMIFS(zips!$C:$C,zips!$B:$B,F41,zips!$E:$E,"<"&G41)/SUMIFS(zips!$C:$C,zips!$B:$B,F41,zips!$E:$E,">0"))	79.2592	8.2601	=IF(I41="","",ROUND(G41-I41,2))	=IF(J41="","",ROUND(H41-J41,2))
MRP Liberty	8057 Chesapeake Trail	Bauxite	AR	72011	=IFERROR(INDEX(zips!$B:$B,MATCH(E42,zips!$A:$A,0)),"")	=IFERROR(INDEX(zips!$E:$E,MATCH(E42,zips!$A:$A,0)),"")	=IF(OR(F42="",G42=""),"",100*SUMIFS(zips!$C:$C,zips!$B:$B,F42,zips!$E:$E,"<"&G42)/SUMIFS(zips!$C:$C,zips!$B:$B,F42,zips!$E:$E,">0"))	79.2592	8.2601	=IF(I42="","",ROUND(G42-I42,2))	=IF(J42="","",ROUND(H42-J42,2))
MRP Liberty	8065 Chesapeake Trail	Bauxite	AR	72011	=IFERROR(INDEX(zips!$B:$B,MATCH(E43,zips!$A:$A,0)),"")	=IFERROR(INDEX(zips!$E:$E,MATCH(E43,zips!$A:$A,0)),"")	=IF(OR(F43="",G43=""),"",100*SUMIFS(zips!$C:$C,zips!$B:$B,F43,zips!$E:$E,"<"&G43)/SUMIFS(zips!$C:$C,zips!$B:$B,F43,zips!$E:$E,">0"))	79.2592	8.2601	=IF(I43="","",ROUND(G43-I43,2))	=IF(J43="","",ROUND(H43-J43,2))
MRP Liberty	8073 Chesapeake Trail	Bauxite	AR	72011	=IFERROR(INDEX(zips!$B:$B,MATCH(E44,zips!$A:$A,0)),"")	=IFERROR(INDEX(zips!$E:$E,MATCH(E44,zips!$A:$A,0)),"")	=IF(OR(F44="",G44=""),"",100*SUMIFS(zips!$C:$C,zips!$B:$B,F44,zips!$E:$E,"<"&G44)/SUMIFS(zips!$C:$C,zips!$B:$B,F44,zips!$E:$E,">0"))	79.2592	8.2601	=IF(I44="","",ROUND(G44-I44,2))	=IF(J44="","",ROUND(H44-J44,2))
MRP Liberty	106 Powder River Dr	Beebe	AR	72012	=IFERROR(INDEX(zips!$B:$B,MATCH(E45,zips!$A:$A,0)),"")	=IFERROR(INDEX(zips!$E:$E,MATCH(E45,zips!$A:$A,0)),"")	=IF(OR(F45="",G45=""),"",100*SUMIFS(zips!$C:$C,zips!$B:$B,F45,zips!$E:$E,"<"&G45)/SUMIFS(zips!$C:$C,zips!$B:$B,F45,zips!$E:$E,">0"))	142.0447	82.0667	=IF(I45="","",ROUND(G45-I45,2))	=IF(J45="","",ROUND(H45-J45,2))
MRP Liberty	126 Powder River Dr	Beebe	AR	72012	=IFERROR(INDEX(zips!$B:$B,MATCH(E46,zips!$A:$A,0)),"")	=IFERROR(INDEX(zips!$E:$E,MATCH(E46,zips!$A:$A,0)),"")	=IF(OR(F46="",G46=""),"",100*SUMIFS(zips!$C:$C,zips!$B:$B,F46,zips!$E:$E,"<"&G46)/SUMIFS(zips!$C:$C,zips!$B:$B,F46,zips!$E:$E,">0"))	142.0447	82.0667	=IF(I46="","",ROUND(G46-I46,2))	=IF(J46="","",ROUND(H46-J46,2))
MRP Liberty	128 Powder River Dr	Beebe	AR	72012	=IFERROR(INDEX(zips!$B:$B,MATCH(E47,zips!$A:$A,0)),"")	=IFERROR(INDEX(zips!$E:$E,MATCH(E47,zips!$A:$A,0)),"")	=IF(OR(F47="",G47=""),"",100*SUMIFS(zips!$C:$C,zips!$B:$B,F47,zips!$E:$E,"<"&G47)/SUMIFS(zips!$C:$C,zips!$B:$B,F47,zips!$E:$E,">0"))	142.0447	82.0667	=IF(I47="","",ROUND(G47-I47,2))	=IF(J47="","",ROUND(H47-J47,2))
MRP Liberty	101 King Ranch Dr	Beebe	AR	72012	=IFERROR(INDEX(zips!$B:$B,MATCH(E48,zips!$A:$A,0)),"")	=IFERROR(INDEX(zips!$E:$E,MATCH(E48,zips!$A:$A,0)),"")	=IF(OR(F48="",G48=""),"",100*SUMIFS(zips!$C:$C,zips!$B:$B,F48,zips!$E:$E,"<"&G48)/SUMIFS(zips!$C:$C,zips!$B:$B,F48,zips!$E:$E,">0"))	142.0447	82.0667	=IF(I48="","",ROUND(G48-I48,2))	=IF(J48="","",ROUND(H48-J48,2))
MRP Liberty	105 King Ranch Dr	Beebe	AR	72012	=IFERROR(INDEX(zips!$B:$B,MATCH(E49,zips!$A:$A,0)),"")	=IFERROR(INDEX(zips!$E:$E,MATCH(E49,zips!$A:$A,0)),"")	=IF(OR(F49="",G49=""),"",100*SUMIFS(zips!$C:$C,zips!$B:$B,F49,zips!$E:$E,"<"&G49)/SUMIFS(zips!$C:$C,zips!$B:$B,F49,zips!$E:$E,">0"))	142.0447	82.0667	=IF(I49="","",ROUND(G49-I49,2))	=IF(J49="","",ROUND(H49-J49,2))
MRP Liberty	1207 Manor Oaks Blvd	Searcy	AR	72143	=IFERROR(INDEX(zips!$B:$B,MATCH(E50,zips!$A:$A,0)),"")	=IFERROR(INDEX(zips!$E:$E,MATCH(E50,zips!$A:$A,0)),"")	=IF(OR(F50="",G50=""),"",100*SUMIFS(zips!$C:$C,zips!$B:$B,F50,zips!$E:$E,"<"&G50)/SUMIFS(zips!$C:$C,zips!$B:$B,F50,zips!$E:$E,">0"))	117.6399	35.4413	=IF(I50="","",ROUND(G50-I50,2))	=IF(J50="","",ROUND(H50-J50,2))
MRP Liberty	1205 Manor Oaks Blvd	Searcy	AR	72143	=IFERROR(INDEX(zips!$B:$B,MATCH(E51,zips!$A:$A,0)),"")	=IFERROR(INDEX(zips!$E:$E,MATCH(E51,zips!$A:$A,0)),"")	=IF(OR(F51="",G51=""),"",100*SUMIFS(zips!$C:$C,zips!$B:$B,F51,zips!$E:$E,"<"&G51)/SUMIFS(zips!$C:$C,zips!$B:$B,F51,zips!$E:$E,">0"))	117.6399	35.4413	=IF(I51="","",ROUND(G51-I51,2))	=IF(J51="","",ROUND(H51-J51,2))
MRP Liberty	1206 Manor Oaks Blvd	Searcy	AR	72143	=IFERROR(INDEX(zips!$B:$B,MATCH(E52,zips!$A:$A,0)),"")	=IFERROR(INDEX(zips!$E:$E,MATCH(E52,zips!$A:$A,0)),"")	=IF(OR(F52="",G52=""),"",100*SUMIFS(zips!$C:$C,zips!$B:$B,F52,zips!$E:$E,"<"&G52)/SUMIFS(zips!$C:$C,zips!$B:$B,F52,zips!$E:$E,">0"))	117.6399	35.4413	=IF(I52="","",ROUND(G52-I52,2))	=IF(J52="","",ROUND(H52-J52,2))
MRP Liberty	906 Magnolia Springs Dr	Searcy	AR	72143	=IFERROR(INDEX(zips!$B:$B,MATCH(E53,zips!$A:$A,0)),"")	=IFERROR(INDEX(zips!$E:$E,MATCH(E53,zips!$A:$A,0)),"")	=IF(OR(F53="",G53=""),"",100*SUMIFS(zips!$C:$C,zips!$B:$B,F53,zips!$E:$E,"<"&G53)/SUMIFS(zips!$C:$C,zips!$B:$B,F53,zips!$E:$E,">0"))	117.6399	35.4413	=IF(I53="","",ROUND(G53-I53,2))	=IF(J53="","",ROUND(H53-J53,2))
MRP Liberty	5409 Orchard Pass Dr	Jonesboro	AR	72404	=IFERROR(INDEX(zips!$B:$B,MATCH(E54,zips!$A:$A,0)),"")	=IFERROR(INDEX(zips!$E:$E,MATCH(E54,zips!$A:$A,0)),"")	=IF(OR(F54="",G54=""),"",100*SUMIFS(zips!$C:$C,zips!$B:$B,F54,zips!$E:$E,"<"&G54)/SUMIFS(zips!$C:$C,zips!$B:$B,F54,zips!$E:$E,">0"))	232.1197	37.8882	=IF(I54="","",ROUND(G54-I54,2))	=IF(J54="","",ROUND(H54-J54,2))
MRP Liberty	5417 Orchard Pass Dr	Jonesboro	AR	72404	=IFERROR(INDEX(zips!$B:$B,MATCH(E55,zips!$A:$A,0)),"")	=IFERROR(INDEX(zips!$E:$E,MATCH(E55,zips!$A:$A,0)),"")	=IF(OR(F55="",G55=""),"",100*SUMIFS(zips!$C:$C,zips!$B:$B,F55,zips!$E:$E,"<"&G55)/SUMIFS(zips!$C:$C,zips!$B:$B,F55,zips!$E:$E,">0"))	232.1197	37.8882	=IF(I55="","",ROUND(G55-I55,2))	=IF(J55="","",ROUND(H55-J55,2))
MRP Liberty	5412 Orchard Pass Dr	Jonesboro	AR	72404	=IFERROR(INDEX(zips!$B:$B,MATCH(E56,zips!$A:$A,0)),"")	=IFERROR(INDEX(zips!$E:$E,MATCH(E56,zips!$A:$A,0)),"")	=IF(OR(F56="",G56=""),"",100*SUMIFS(zips!$C:$C,zips!$B:$B,F56,zips!$E:$E,"<"&G56)/SUMIFS(zips!$C:$C,zips!$B:$B,F56,zips!$E:$E,">0"))	232.1197	37.8882	=IF(I56="","",ROUND(G56-I56,2))	=IF(J56="","",ROUND(H56-J56,2))
MRP Liberty	111 Lucy Ln	Maumelle	AR	72113	=IFERROR(INDEX(zips!$B:$B,MATCH(E57,zips!$A:$A,0)),"")	=IFERROR(INDEX(zips!$E:$E,MATCH(E57,zips!$A:$A,0)),"")	=IF(OR(F57="",G57=""),"",100*SUMIFS(zips!$C:$C,zips!$B:$B,F57,zips!$E:$E,"<"&G57)/SUMIFS(zips!$C:$C,zips!$B:$B,F57,zips!$E:$E,">0"))	975.9884	63.3366	=IF(I57="","",ROUND(G57-I57,2))	=IF(J57="","",ROUND(H57-J57,2))
MRP Liberty	8618 Preston Wood Dr	Fort Smith	AR	72916	=IFERROR(INDEX(zips!$B:$B,MATCH(E58,zips!$A:$A,0)),"")	=IFERROR(INDEX(zips!$E:$E,MATCH(E58,zips!$A:$A,0)),"")	=IF(OR(F58="",G58=""),"",100*SUMIFS(zips!$C:$C,zips!$B:$B,F58,zips!$E:$E,"<"&G58)/SUMIFS(zips!$C:$C,zips!$B:$B,F58,zips!$E:$E,">0"))	294.2488	44.8905	=IF(I58="","",ROUND(G58-I58,2))	=IF(J58="","",ROUND(H58-J58,2))
MRP Liberty	8704 Preston Wood Dr	Fort Smith	AR	72916	=IFERROR(INDEX(zips!$B:$B,MATCH(E59,zips!$A:$A,0)),"")	=IFERROR(INDEX(zips!$E:$E,MATCH(E59,zips!$A:$A,0)),"")	=IF(OR(F59="",G59=""),"",100*SUMIFS(zips!$C:$C,zips!$B:$B,F59,zips!$E:$E,"<"&G59)/SUMIFS(zips!$C:$C,zips!$B:$B,F59,zips!$E:$E,">0"))	294.2488	44.8905	=IF(I59="","",ROUND(G59-I59,2))	=IF(J59="","",ROUND(H59-J59,2))
MRP Liberty	8708 Preston Wood Dr	Fort Smith	AR	72916	=IFERROR(INDEX(zips!$B:$B,MATCH(E60,zips!$A:$A,0)),"")	=IFERROR(INDEX(zips!$E:$E,MATCH(E60,zips!$A:$A,0)),"")	=IF(OR(F60="",G60=""),"",100*SUMIFS(zips!$C:$C,zips!$B:$B,F60,zips!$E:$E,"<"&G60)/SUMIFS(zips!$C:$C,zips!$B:$B,F60,zips!$E:$E,">0"))	294.2488	44.8905	=IF(I60="","",ROUND(G60-I60,2))	=IF(J60="","",ROUND(H60-J60,2))
MRP Liberty	8724 Preston Wood Dr	Fort Smith	AR	72916	=IFERROR(INDEX(zips!$B:$B,MATCH(E61,zips!$A:$A,0)),"")	=IFERROR(INDEX(zips!$E:$E,MATCH(E61,zips!$A:$A,0)),"")	=IF(OR(F61="",G61=""),"",100*SUMIFS(zips!$C:$C,zips!$B:$B,F61,zips!$E:$E,"<"&G61)/SUMIFS(zips!$C:$C,zips!$B:$B,F61,zips!$E:$E,">0"))	294.2488	44.8905	=IF(I61="","",ROUND(G61-I61,2))	=IF(J61="","",ROUND(H61-J61,2))
MRP Liberty	8615 Preston Wood Dr	Fort Smith	AR	72916	=IFERROR(INDEX(zips!$B:$B,MATCH(E62,zips!$A:$A,0)),"")	=IFERROR(INDEX(zips!$E:$E,MATCH(E62,zips!$A:$A,0)),"")	=IF(OR(F62="",G62=""),"",100*SUMIFS(zips!$C:$C,zips!$B:$B,F62,zips!$E:$E,"<"&G62)/SUMIFS(zips!$C:$C,zips!$B:$B,F62,zips!$E:$E,">0"))	294.2488	44.8905	=IF(I62="","",ROUND(G62-I62,2))	=IF(J62="","",ROUND(H62-J62,2))
MRP Liberty	1042 Hilda Ln		AR	72727	=IFERROR(INDEX(zips!$B:$B,MATCH(E63,zips!$A:$A,0)),"")	=IFERROR(INDEX(zips!$E:$E,MATCH(E63,zips!$A:$A,0)),"")	=IF(OR(F63="",G63=""),"",100*SUMIFS(zips!$C:$C,zips!$B:$B,F63,zips!$E:$E,"<"&G63)/SUMIFS(zips!$C:$C,zips!$B:$B,F63,zips!$E:$E,">0"))	41.502	3.0117	=IF(I63="","",ROUND(G63-I63,2))	=IF(J63="","",ROUND(H63-J63,2))
MRP Liberty	1068 Hilda Ln		AR	72727	=IFERROR(INDEX(zips!$B:$B,MATCH(E64,zips!$A:$A,0)),"")	=IFERROR(INDEX(zips!$E:$E,MATCH(E64,zips!$A:$A,0)),"")	=IF(OR(F64="",G64=""),"",100*SUMIFS(zips!$C:$C,zips!$B:$B,F64,zips!$E:$E,"<"&G64)/SUMIFS(zips!$C:$C,zips!$B:$B,F64,zips!$E:$E,">0"))	41.502	3.0117	=IF(I64="","",ROUND(G64-I64,2))	=IF(J64="","",ROUND(H64-J64,2))
MRP Liberty	1106 Hilda Ln		AR	72727	=IFERROR(INDEX(zips!$B:$B,MATCH(E65,zips!$A:$A,0)),"")	=IFERROR(INDEX(zips!$E:$E,MATCH(E65,zips!$A:$A,0)),"")	=IF(OR(F65="",G65=""),"",100*SUMIFS(zips!$C:$C,zips!$B:$B,F65,zips!$E:$E,"<"&G65)/SUMIFS(zips!$C:$C,zips!$B:$B,F65,zips!$E:$E,">0"))	41.502	3.0117	=IF(I65="","",ROUND(G65-I65,2))	=IF(J65="","",ROUND(H65-J65,2))
MRP Liberty	1103 Hilda Ln		AR	72727	=IFERROR(INDEX(zips!$B:$B,MATCH(E66,zips!$A:$A,0)),"")	=IFERROR(INDEX(zips!$E:$E,MATCH(E66,zips!$A:$A,0)),"")	=IF(OR(F66="",G66=""),"",100*SUMIFS(zips!$C:$C,zips!$B:$B,F66,zips!$E:$E,"<"&G66)/SUMIFS(zips!$C:$C,zips!$B:$B,F66,zips!$E:$E,">0"))	41.502	3.0117	=IF(I66="","",ROUND(G66-I66,2))	=IF(J66="","",ROUND(H66-J66,2))
MRP Liberty	1089 Hilda Ln		AR	72727	=IFERROR(INDEX(zips!$B:$B,MATCH(E67,zips!$A:$A,0)),"")	=IFERROR(INDEX(zips!$E:$E,MATCH(E67,zips!$A:$A,0)),"")	=IF(OR(F67="",G67=""),"",100*SUMIFS(zips!$C:$C,zips!$B:$B,F67,zips!$E:$E,"<"&G67)/SUMIFS(zips!$C:$C,zips!$B:$B,F67,zips!$E:$E,">0"))	41.502	3.0117	=IF(I67="","",ROUND(G67-I67,2))	=IF(J67="","",ROUND(H67-J67,2))
MRP Liberty	1043 Hilda Ln		AR	72727	=IFERROR(INDEX(zips!$B:$B,MATCH(E68,zips!$A:$A,0)),"")	=IFERROR(INDEX(zips!$E:$E,MATCH(E68,zips!$A:$A,0)),"")	=IF(OR(F68="",G68=""),"",100*SUMIFS(zips!$C:$C,zips!$B:$B,F68,zips!$E:$E,"<"&G68)/SUMIFS(zips!$C:$C,zips!$B:$B,F68,zips!$E:$E,">0"))	41.502	3.0117	=IF(I68="","",ROUND(G68-I68,2))	=IF(J68="","",ROUND(H68-J68,2))
MRP Liberty	475 E Boston St		AR	72753	=IFERROR(INDEX(zips!$B:$B,MATCH(E69,zips!$A:$A,0)),"")	=IFERROR(INDEX(zips!$E:$E,MATCH(E69,zips!$A:$A,0)),"")	=IF(OR(F69="",G69=""),"",100*SUMIFS(zips!$C:$C,zips!$B:$B,F69,zips!$E:$E,"<"&G69)/SUMIFS(zips!$C:$C,zips!$B:$B,F69,zips!$E:$E,">0"))	116.8499	11.0135	=IF(I69="","",ROUND(G69-I69,2))	=IF(J69="","",ROUND(H69-J69,2))
MRP Liberty	495 E Boston St		AR	72753	=IFERROR(INDEX(zips!$B:$B,MATCH(E70,zips!$A:$A,0)),"")	=IFERROR(INDEX(zips!$E:$E,MATCH(E70,zips!$A:$A,0)),"")	=IF(OR(F70="",G70=""),"",100*SUMIFS(zips!$C:$C,zips!$B:$B,F70,zips!$E:$E,"<"&G70)/SUMIFS(zips!$C:$C,zips!$B:$B,F70,zips!$E:$E,">0"))	116.8499	11.0135	=IF(I70="","",ROUND(G70-I70,2))	=IF(J70="","",ROUND(H70-J70,2))
MRP Liberty	525 E Boston St		AR	72753	=IFERROR(INDEX(zips!$B:$B,MATCH(E71,zips!$A:$A,0)),"")	=IFERROR(INDEX(zips!$E:$E,MATCH(E71,zips!$A:$A,0)),"")	=IF(OR(F71="",G71=""),"",100*SUMIFS(zips!$C:$C,zips!$B:$B,F71,zips!$E:$E,"<"&G71)/SUMIFS(zips!$C:$C,zips!$B:$B,F71,zips!$E:$E,">0"))	116.8499	11.0135	=IF(I71="","",ROUND(G71-I71,2))	=IF(J71="","",ROUND(H71-J71,2))
MRP Liberty	535 E Boston St		AR	72753	=IFERROR(INDEX(zips!$B:$B,MATCH(E72,zips!$A:$A,0)),"")	=IFERROR(INDEX(zips!$E:$E,MATCH(E72,zips!$A:$A,0)),"")	=IF(OR(F72="",G72=""),"",100*SUMIFS(zips!$C:$C,zips!$B:$B,F72,zips!$E:$E,"<"&G72)/SUMIFS(zips!$C:$C,zips!$B:$B,F72,zips!$E:$E,">0"))	116.8499	11.0135	=IF(I72="","",ROUND(G72-I72,2))	=IF(J72="","",ROUND(H72-J72,2))
MRP Liberty	959 Hilda Ln		AR	72727	=IFERROR(INDEX(zips!$B:$B,MATCH(E73,zips!$A:$A,0)),"")	=IFERROR(INDEX(zips!$E:$E,MATCH(E73,zips!$A:$A,0)),"")	=IF(OR(F73="",G73=""),"",100*SUMIFS(zips!$C:$C,zips!$B:$B,F73,zips!$E:$E,"<"&G73)/SUMIFS(zips!$C:$C,zips!$B:$B,F73,zips!$E:$E,">0"))	41.502	3.0117	=IF(I73="","",ROUND(G73-I73,2))	=IF(J73="","",ROUND(H73-J73,2))
MRP Liberty	2636 Cramer Hts	Colorado Springs	CO	80904	=IFERROR(INDEX(zips!$B:$B,MATCH(E74,zips!$A:$A,0)),"")	=IFERROR(INDEX(zips!$E:$E,MATCH(E74,zips!$A:$A,0)),"")	=IF(OR(F74="",G74=""),"",100*SUMIFS(zips!$C:$C,zips!$B:$B,F74,zips!$E:$E,"<"&G74)/SUMIFS(zips!$C:$C,zips!$B:$B,F74,zips!$E:$E,">0"))	1913.4133	39.0616	=IF(I74="","",ROUND(G74-I74,2))	=IF(J74="","",ROUND(H74-J74,2))
MRP Liberty	1250 Resort Blvd	Dover	DE	19904	=IFERROR(INDEX(zips!$B:$B,MATCH(E75,zips!$A:$A,0)),"")	=IFERROR(INDEX(zips!$E:$E,MATCH(E75,zips!$A:$A,0)),"")	=IF(OR(F75="",G75=""),"",100*SUMIFS(zips!$C:$C,zips!$B:$B,F75,zips!$E:$E,"<"&G75)/SUMIFS(zips!$C:$C,zips!$B:$B,F75,zips!$E:$E,">0"))	882.7888	78.6201	=IF(I75="","",ROUND(G75-I75,2))	=IF(J75="","",ROUND(H75-J75,2))
MRP Liberty	51 Dunmore Dr	Magnolia	DE	19962	=IFERROR(INDEX(zips!$B:$B,MATCH(E76,zips!$A:$A,0)),"")	=IFERROR(INDEX(zips!$E:$E,MATCH(E76,zips!$A:$A,0)),"")	=IF(OR(F76="",G76=""),"",100*SUMIFS(zips!$C:$C,zips!$B:$B,F76,zips!$E:$E,"<"&G76)/SUMIFS(zips!$C:$C,zips!$B:$B,F76,zips!$E:$E,">0"))	863.5368	71.5442	=IF(I76="","",ROUND(G76-I76,2))	=IF(J76="","",ROUND(H76-J76,2))
MRP Liberty	1330 Resort Blvd	Dover	DE	19904	=IFERROR(INDEX(zips!$B:$B,MATCH(E77,zips!$A:$A,0)),"")	=IFERROR(INDEX(zips!$E:$E,MATCH(E77,zips!$A:$A,0)),"")	=IF(OR(F77="",G77=""),"",100*SUMIFS(zips!$C:$C,zips!$B:$B,F77,zips!$E:$E,"<"&G77)/SUMIFS(zips!$C:$C,zips!$B:$B,F77,zips!$E:$E,">0"))	882.7888	78.6201	=IF(I77="","",ROUND(G77-I77,2))	=IF(J77="","",ROUND(H77-J77,2))
MRP Liberty	1293 Resort Blvd	Dover	DE	19904	=IFERROR(INDEX(zips!$B:$B,MATCH(E78,zips!$A:$A,0)),"")	=IFERROR(INDEX(zips!$E:$E,MATCH(E78,zips!$A:$A,0)),"")	=IF(OR(F78="",G78=""),"",100*SUMIFS(zips!$C:$C,zips!$B:$B,F78,zips!$E:$E,"<"&G78)/SUMIFS(zips!$C:$C,zips!$B:$B,F78,zips!$E:$E,">0"))	882.7888	78.6201	=IF(I78="","",ROUND(G78-I78,2))	=IF(J78="","",ROUND(H78-J78,2))
MRP Liberty	53 Edmonton Ave	Magnolia	DE	19962	=IFERROR(INDEX(zips!$B:$B,MATCH(E79,zips!$A:$A,0)),"")	=IFERROR(INDEX(zips!$E:$E,MATCH(E79,zips!$A:$A,0)),"")	=IF(OR(F79="",G79=""),"",100*SUMIFS(zips!$C:$C,zips!$B:$B,F79,zips!$E:$E,"<"&G79)/SUMIFS(zips!$C:$C,zips!$B:$B,F79,zips!$E:$E,">0"))	863.5368	71.5442	=IF(I79="","",ROUND(G79-I79,2))	=IF(J79="","",ROUND(H79-J79,2))
MRP Liberty	1318 Resort Blvd	Dover	DE	19904	=IFERROR(INDEX(zips!$B:$B,MATCH(E80,zips!$A:$A,0)),"")	=IFERROR(INDEX(zips!$E:$E,MATCH(E80,zips!$A:$A,0)),"")	=IF(OR(F80="",G80=""),"",100*SUMIFS(zips!$C:$C,zips!$B:$B,F80,zips!$E:$E,"<"&G80)/SUMIFS(zips!$C:$C,zips!$B:$B,F80,zips!$E:$E,">0"))	882.7888	78.6201	=IF(I80="","",ROUND(G80-I80,2))	=IF(J80="","",ROUND(H80-J80,2))
MRP Liberty	1305 Resort Blvd	Dover	DE	19904	=IFERROR(INDEX(zips!$B:$B,MATCH(E81,zips!$A:$A,0)),"")	=IFERROR(INDEX(zips!$E:$E,MATCH(E81,zips!$A:$A,0)),"")	=IF(OR(F81="",G81=""),"",100*SUMIFS(zips!$C:$C,zips!$B:$B,F81,zips!$E:$E,"<"&G81)/SUMIFS(zips!$C:$C,zips!$B:$B,F81,zips!$E:$E,">0"))	882.7888	78.6201	=IF(I81="","",ROUND(G81-I81,2))	=IF(J81="","",ROUND(H81-J81,2))
MRP Liberty	372 Mingo Way	Townsend	DE	19734	=IFERROR(INDEX(zips!$B:$B,MATCH(E82,zips!$A:$A,0)),"")	=IFERROR(INDEX(zips!$E:$E,MATCH(E82,zips!$A:$A,0)),"")	=IF(OR(F82="",G82=""),"",100*SUMIFS(zips!$C:$C,zips!$B:$B,F82,zips!$E:$E,"<"&G82)/SUMIFS(zips!$C:$C,zips!$B:$B,F82,zips!$E:$E,">0"))	177.202	1.531	=IF(I82="","",ROUND(G82-I82,2))	=IF(J82="","",ROUND(H82-J82,2))
MRP Liberty	329 Mingo Way	Townsend	DE	19734	=IFERROR(INDEX(zips!$B:$B,MATCH(E83,zips!$A:$A,0)),"")	=IFERROR(INDEX(zips!$E:$E,MATCH(E83,zips!$A:$A,0)),"")	=IF(OR(F83="",G83=""),"",100*SUMIFS(zips!$C:$C,zips!$B:$B,F83,zips!$E:$E,"<"&G83)/SUMIFS(zips!$C:$C,zips!$B:$B,F83,zips!$E:$E,">0"))	177.202	1.531	=IF(I83="","",ROUND(G83-I83,2))	=IF(J83="","",ROUND(H83-J83,2))
MRP Liberty	320 Livesey Ln	Gilbert	SC	29054	=IFERROR(INDEX(zips!$B:$B,MATCH(E84,zips!$A:$A,0)),"")	=IFERROR(INDEX(zips!$E:$E,MATCH(E84,zips!$A:$A,0)),"")	=IF(OR(F84="",G84=""),"",100*SUMIFS(zips!$C:$C,zips!$B:$B,F84,zips!$E:$E,"<"&G84)/SUMIFS(zips!$C:$C,zips!$B:$B,F84,zips!$E:$E,">0"))	176.8678	18.1664	=IF(I84="","",ROUND(G84-I84,2))	=IF(J84="","",ROUND(H84-J84,2))
MRP Liberty	322 Livesey Ln	Gilbert	SC	29054	=IFERROR(INDEX(zips!$B:$B,MATCH(E85,zips!$A:$A,0)),"")	=IFERROR(INDEX(zips!$E:$E,MATCH(E85,zips!$A:$A,0)),"")	=IF(OR(F85="",G85=""),"",100*SUMIFS(zips!$C:$C,zips!$B:$B,F85,zips!$E:$E,"<"&G85)/SUMIFS(zips!$C:$C,zips!$B:$B,F85,zips!$E:$E,">0"))	176.8678	18.1664	=IF(I85="","",ROUND(G85-I85,2))	=IF(J85="","",ROUND(H85-J85,2))
MRP Liberty	324 Livesey Ln	Gilbert	SC	29054	=IFERROR(INDEX(zips!$B:$B,MATCH(E86,zips!$A:$A,0)),"")	=IFERROR(INDEX(zips!$E:$E,MATCH(E86,zips!$A:$A,0)),"")	=IF(OR(F86="",G86=""),"",100*SUMIFS(zips!$C:$C,zips!$B:$B,F86,zips!$E:$E,"<"&G86)/SUMIFS(zips!$C:$C,zips!$B:$B,F86,zips!$E:$E,">0"))	176.8678	18.1664	=IF(I86="","",ROUND(G86-I86,2))	=IF(J86="","",ROUND(H86-J86,2))
MRP Liberty	326 Livesey Ln	Gilbert	SC	29054	=IFERROR(INDEX(zips!$B:$B,MATCH(E87,zips!$A:$A,0)),"")	=IFERROR(INDEX(zips!$E:$E,MATCH(E87,zips!$A:$A,0)),"")	=IF(OR(F87="",G87=""),"",100*SUMIFS(zips!$C:$C,zips!$B:$B,F87,zips!$E:$E,"<"&G87)/SUMIFS(zips!$C:$C,zips!$B:$B,F87,zips!$E:$E,">0"))	176.8678	18.1664	=IF(I87="","",ROUND(G87-I87,2))	=IF(J87="","",ROUND(H87-J87,2))
MRP Liberty	325 Livesey Ln	Gilbert	SC	29054	=IFERROR(INDEX(zips!$B:$B,MATCH(E88,zips!$A:$A,0)),"")	=IFERROR(INDEX(zips!$E:$E,MATCH(E88,zips!$A:$A,0)),"")	=IF(OR(F88="",G88=""),"",100*SUMIFS(zips!$C:$C,zips!$B:$B,F88,zips!$E:$E,"<"&G88)/SUMIFS(zips!$C:$C,zips!$B:$B,F88,zips!$E:$E,">0"))	176.8678	18.1664	=IF(I88="","",ROUND(G88-I88,2))	=IF(J88="","",ROUND(H88-J88,2))
MRP Liberty	323 Livesey Ln	Gilbert	SC	29054	=IFERROR(INDEX(zips!$B:$B,MATCH(E89,zips!$A:$A,0)),"")	=IFERROR(INDEX(zips!$E:$E,MATCH(E89,zips!$A:$A,0)),"")	=IF(OR(F89="",G89=""),"",100*SUMIFS(zips!$C:$C,zips!$B:$B,F89,zips!$E:$E,"<"&G89)/SUMIFS(zips!$C:$C,zips!$B:$B,F89,zips!$E:$E,">0"))	176.8678	18.1664	=IF(I89="","",ROUND(G89-I89,2))	=IF(J89="","",ROUND(H89-J89,2))
MRP Liberty	321 Livesey Ln	Gilbert	SC	29054	=IFERROR(INDEX(zips!$B:$B,MATCH(E90,zips!$A:$A,0)),"")	=IFERROR(INDEX(zips!$E:$E,MATCH(E90,zips!$A:$A,0)),"")	=IF(OR(F90="",G90=""),"",100*SUMIFS(zips!$C:$C,zips!$B:$B,F90,zips!$E:$E,"<"&G90)/SUMIFS(zips!$C:$C,zips!$B:$B,F90,zips!$E:$E,">0"))	176.8678	18.1664	=IF(I90="","",ROUND(G90-I90,2))	=IF(J90="","",ROUND(H90-J90,2))
MRP Liberty	319 Livesey Ln	Gilbert	SC	29054	=IFERROR(INDEX(zips!$B:$B,MATCH(E91,zips!$A:$A,0)),"")	=IFERROR(INDEX(zips!$E:$E,MATCH(E91,zips!$A:$A,0)),"")	=IF(OR(F91="",G91=""),"",100*SUMIFS(zips!$C:$C,zips!$B:$B,F91,zips!$E:$E,"<"&G91)/SUMIFS(zips!$C:$C,zips!$B:$B,F91,zips!$E:$E,">0"))	176.8678	18.1664	=IF(I91="","",ROUND(G91-I91,2))	=IF(J91="","",ROUND(H91-J91,2))
MRP Liberty	317 Livesey Ln	Gilbert	SC	29054	=IFERROR(INDEX(zips!$B:$B,MATCH(E92,zips!$A:$A,0)),"")	=IFERROR(INDEX(zips!$E:$E,MATCH(E92,zips!$A:$A,0)),"")	=IF(OR(F92="",G92=""),"",100*SUMIFS(zips!$C:$C,zips!$B:$B,F92,zips!$E:$E,"<"&G92)/SUMIFS(zips!$C:$C,zips!$B:$B,F92,zips!$E:$E,">0"))	176.8678	18.1664	=IF(I92="","",ROUND(G92-I92,2))	=IF(J92="","",ROUND(H92-J92,2))
MRP Liberty	313 Livesey Ln	Gilbert	SC	29054	=IFERROR(INDEX(zips!$B:$B,MATCH(E93,zips!$A:$A,0)),"")	=IFERROR(INDEX(zips!$E:$E,MATCH(E93,zips!$A:$A,0)),"")	=IF(OR(F93="",G93=""),"",100*SUMIFS(zips!$C:$C,zips!$B:$B,F93,zips!$E:$E,"<"&G93)/SUMIFS(zips!$C:$C,zips!$B:$B,F93,zips!$E:$E,">0"))	176.8678	18.1664	=IF(I93="","",ROUND(G93-I93,2))	=IF(J93="","",ROUND(H93-J93,2))
MRP Liberty	311 Livesey Ln	Gilbert	SC	29054	=IFERROR(INDEX(zips!$B:$B,MATCH(E94,zips!$A:$A,0)),"")	=IFERROR(INDEX(zips!$E:$E,MATCH(E94,zips!$A:$A,0)),"")	=IF(OR(F94="",G94=""),"",100*SUMIFS(zips!$C:$C,zips!$B:$B,F94,zips!$E:$E,"<"&G94)/SUMIFS(zips!$C:$C,zips!$B:$B,F94,zips!$E:$E,">0"))	176.8678	18.1664	=IF(I94="","",ROUND(G94-I94,2))	=IF(J94="","",ROUND(H94-J94,2))
MRP Liberty	309 Livesey Ln	Gilbert	SC	29054	=IFERROR(INDEX(zips!$B:$B,MATCH(E95,zips!$A:$A,0)),"")	=IFERROR(INDEX(zips!$E:$E,MATCH(E95,zips!$A:$A,0)),"")	=IF(OR(F95="",G95=""),"",100*SUMIFS(zips!$C:$C,zips!$B:$B,F95,zips!$E:$E,"<"&G95)/SUMIFS(zips!$C:$C,zips!$B:$B,F95,zips!$E:$E,">0"))	176.8678	18.1664	=IF(I95="","",ROUND(G95-I95,2))	=IF(J95="","",ROUND(H95-J95,2))
MRP Liberty	243 Foxglade Dr	Lexington	SC	29054	=IFERROR(INDEX(zips!$B:$B,MATCH(E96,zips!$A:$A,0)),"")	=IFERROR(INDEX(zips!$E:$E,MATCH(E96,zips!$A:$A,0)),"")	=IF(OR(F96="",G96=""),"",100*SUMIFS(zips!$C:$C,zips!$B:$B,F96,zips!$E:$E,"<"&G96)/SUMIFS(zips!$C:$C,zips!$B:$B,F96,zips!$E:$E,">0"))	176.8678	18.1664	=IF(I96="","",ROUND(G96-I96,2))	=IF(J96="","",ROUND(H96-J96,2))
MRP Liberty	247 Foxglade Dr	Lexington	SC	29054	=IFERROR(INDEX(zips!$B:$B,MATCH(E97,zips!$A:$A,0)),"")	=IFERROR(INDEX(zips!$E:$E,MATCH(E97,zips!$A:$A,0)),"")	=IF(OR(F97="",G97=""),"",100*SUMIFS(zips!$C:$C,zips!$B:$B,F97,zips!$E:$E,"<"&G97)/SUMIFS(zips!$C:$C,zips!$B:$B,F97,zips!$E:$E,">0"))	176.8678	18.1664	=IF(I97="","",ROUND(G97-I97,2))	=IF(J97="","",ROUND(H97-J97,2))
MRP Liberty	251 Foxglade Dr	Lexington	SC	29054	=IFERROR(INDEX(zips!$B:$B,MATCH(E98,zips!$A:$A,0)),"")	=IFERROR(INDEX(zips!$E:$E,MATCH(E98,zips!$A:$A,0)),"")	=IF(OR(F98="",G98=""),"",100*SUMIFS(zips!$C:$C,zips!$B:$B,F98,zips!$E:$E,"<"&G98)/SUMIFS(zips!$C:$C,zips!$B:$B,F98,zips!$E:$E,">0"))	176.8678	18.1664	=IF(I98="","",ROUND(G98-I98,2))	=IF(J98="","",ROUND(H98-J98,2))
MRP Liberty	255 Foxglade Dr	Lexington	SC	29054	=IFERROR(INDEX(zips!$B:$B,MATCH(E99,zips!$A:$A,0)),"")	=IFERROR(INDEX(zips!$E:$E,MATCH(E99,zips!$A:$A,0)),"")	=IF(OR(F99="",G99=""),"",100*SUMIFS(zips!$C:$C,zips!$B:$B,F99,zips!$E:$E,"<"&G99)/SUMIFS(zips!$C:$C,zips!$B:$B,F99,zips!$E:$E,">0"))	176.8678	18.1664	=IF(I99="","",ROUND(G99-I99,2))	=IF(J99="","",ROUND(H99-J99,2))
MRP Liberty	258 Foxglade Dr	Lexington	SC	29054	=IFERROR(INDEX(zips!$B:$B,MATCH(E100,zips!$A:$A,0)),"")	=IFERROR(INDEX(zips!$E:$E,MATCH(E100,zips!$A:$A,0)),"")	=IF(OR(F100="",G100=""),"",100*SUMIFS(zips!$C:$C,zips!$B:$B,F100,zips!$E:$E,"<"&G100)/SUMIFS(zips!$C:$C,zips!$B:$B,F100,zips!$E:$E,">0"))	176.8678	18.1664	=IF(I100="","",ROUND(G100-I100,2))	=IF(J100="","",ROUND(H100-J100,2))
MRP Liberty	250 Foxglade Dr	Lexington	SC	29054	=IFERROR(INDEX(zips!$B:$B,MATCH(E101,zips!$A:$A,0)),"")	=IFERROR(INDEX(zips!$E:$E,MATCH(E101,zips!$A:$A,0)),"")	=IF(OR(F101="",G101=""),"",100*SUMIFS(zips!$C:$C,zips!$B:$B,F101,zips!$E:$E,"<"&G101)/SUMIFS(zips!$C:$C,zips!$B:$B,F101,zips!$E:$E,">0"))	176.8678	18.1664	=IF(I101="","",ROUND(G101-I101,2))	=IF(J101="","",ROUND(H101-J101,2))
MRP Liberty	246 Foxglade Dr	Lexington	SC	29054	=IFERROR(INDEX(zips!$B:$B,MATCH(E102,zips!$A:$A,0)),"")	=IFERROR(INDEX(zips!$E:$E,MATCH(E102,zips!$A:$A,0)),"")	=IF(OR(F102="",G102=""),"",100*SUMIFS(zips!$C:$C,zips!$B:$B,F102,zips!$E:$E,"<"&G102)/SUMIFS(zips!$C:$C,zips!$B:$B,F102,zips!$E:$E,">0"))	176.8678	18.1664	=IF(I102="","",ROUND(G102-I102,2))	=IF(J102="","",ROUND(H102-J102,2))
MRP Liberty	719 Glider Dr	Gaston	SC	29053	=IFERROR(INDEX(zips!$B:$B,MATCH(E103,zips!$A:$A,0)),"")	=IFERROR(INDEX(zips!$E:$E,MATCH(E103,zips!$A:$A,0)),"")	=IF(OR(F103="",G103=""),"",100*SUMIFS(zips!$C:$C,zips!$B:$B,F103,zips!$E:$E,"<"&G103)/SUMIFS(zips!$C:$C,zips!$B:$B,F103,zips!$E:$E,">0"))	258.9271	19.3992	=IF(I103="","",ROUND(G103-I103,2))	=IF(J103="","",ROUND(H103-J103,2))
MRP Liberty	460 Happy Hollow Dr	Gaston	SC	29053	=IFERROR(INDEX(zips!$B:$B,MATCH(E104,zips!$A:$A,0)),"")	=IFERROR(INDEX(zips!$E:$E,MATCH(E104,zips!$A:$A,0)),"")	=IF(OR(F104="",G104=""),"",100*SUMIFS(zips!$C:$C,zips!$B:$B,F104,zips!$E:$E,"<"&G104)/SUMIFS(zips!$C:$C,zips!$B:$B,F104,zips!$E:$E,">0"))	258.9271	19.3992	=IF(I104="","",ROUND(G104-I104,2))	=IF(J104="","",ROUND(H104-J104,2))
MRP Liberty	452 Happy Hollow Dr	Gaston	SC	29053	=IFERROR(INDEX(zips!$B:$B,MATCH(E105,zips!$A:$A,0)),"")	=IFERROR(INDEX(zips!$E:$E,MATCH(E105,zips!$A:$A,0)),"")	=IF(OR(F105="",G105=""),"",100*SUMIFS(zips!$C:$C,zips!$B:$B,F105,zips!$E:$E,"<"&G105)/SUMIFS(zips!$C:$C,zips!$B:$B,F105,zips!$E:$E,">0"))	258.9271	19.3992	=IF(I105="","",ROUND(G105-I105,2))	=IF(J105="","",ROUND(H105-J105,2))
MRP Liberty	440 Happy Hollow Dr	Gaston	SC	29053	=IFERROR(INDEX(zips!$B:$B,MATCH(E106,zips!$A:$A,0)),"")	=IFERROR(INDEX(zips!$E:$E,MATCH(E106,zips!$A:$A,0)),"")	=IF(OR(F106="",G106=""),"",100*SUMIFS(zips!$C:$C,zips!$B:$B,F106,zips!$E:$E,"<"&G106)/SUMIFS(zips!$C:$C,zips!$B:$B,F106,zips!$E:$E,">0"))	258.9271	19.3992	=IF(I106="","",ROUND(G106-I106,2))	=IF(J106="","",ROUND(H106-J106,2))
MRP Liberty	428 Happy Hollow Dr	Gaston	SC	29053	=IFERROR(INDEX(zips!$B:$B,MATCH(E107,zips!$A:$A,0)),"")	=IFERROR(INDEX(zips!$E:$E,MATCH(E107,zips!$A:$A,0)),"")	=IF(OR(F107="",G107=""),"",100*SUMIFS(zips!$C:$C,zips!$B:$B,F107,zips!$E:$E,"<"&G107)/SUMIFS(zips!$C:$C,zips!$B:$B,F107,zips!$E:$E,">0"))	258.9271	19.3992	=IF(I107="","",ROUND(G107-I107,2))	=IF(J107="","",ROUND(H107-J107,2))
MRP Liberty	424 Happy Hollow Dr	Gaston	SC	29053	=IFERROR(INDEX(zips!$B:$B,MATCH(E108,zips!$A:$A,0)),"")	=IFERROR(INDEX(zips!$E:$E,MATCH(E108,zips!$A:$A,0)),"")	=IF(OR(F108="",G108=""),"",100*SUMIFS(zips!$C:$C,zips!$B:$B,F108,zips!$E:$E,"<"&G108)/SUMIFS(zips!$C:$C,zips!$B:$B,F108,zips!$E:$E,">0"))	258.9271	19.3992	=IF(I108="","",ROUND(G108-I108,2))	=IF(J108="","",ROUND(H108-J108,2))
MRP Liberty	420 Happy Hollow Dr	Gaston	SC	29053	=IFERROR(INDEX(zips!$B:$B,MATCH(E109,zips!$A:$A,0)),"")	=IFERROR(INDEX(zips!$E:$E,MATCH(E109,zips!$A:$A,0)),"")	=IF(OR(F109="",G109=""),"",100*SUMIFS(zips!$C:$C,zips!$B:$B,F109,zips!$E:$E,"<"&G109)/SUMIFS(zips!$C:$C,zips!$B:$B,F109,zips!$E:$E,">0"))	258.9271	19.3992	=IF(I109="","",ROUND(G109-I109,2))	=IF(J109="","",ROUND(H109-J109,2))
MRP Liberty	416 Happy Hollow Dr	Gaston	SC	29053	=IFERROR(INDEX(zips!$B:$B,MATCH(E110,zips!$A:$A,0)),"")	=IFERROR(INDEX(zips!$E:$E,MATCH(E110,zips!$A:$A,0)),"")	=IF(OR(F110="",G110=""),"",100*SUMIFS(zips!$C:$C,zips!$B:$B,F110,zips!$E:$E,"<"&G110)/SUMIFS(zips!$C:$C,zips!$B:$B,F110,zips!$E:$E,">0"))	258.9271	19.3992	=IF(I110="","",ROUND(G110-I110,2))	=IF(J110="","",ROUND(H110-J110,2))
MRP Liberty	412 Happy Hollow Dr	Gaston	SC	29053	=IFERROR(INDEX(zips!$B:$B,MATCH(E111,zips!$A:$A,0)),"")	=IFERROR(INDEX(zips!$E:$E,MATCH(E111,zips!$A:$A,0)),"")	=IF(OR(F111="",G111=""),"",100*SUMIFS(zips!$C:$C,zips!$B:$B,F111,zips!$E:$E,"<"&G111)/SUMIFS(zips!$C:$C,zips!$B:$B,F111,zips!$E:$E,">0"))	258.9271	19.3992	=IF(I111="","",ROUND(G111-I111,2))	=IF(J111="","",ROUND(H111-J111,2))
MRP Liberty	425 Happy Hollow Dr	Gaston	SC	29053	=IFERROR(INDEX(zips!$B:$B,MATCH(E112,zips!$A:$A,0)),"")	=IFERROR(INDEX(zips!$E:$E,MATCH(E112,zips!$A:$A,0)),"")	=IF(OR(F112="",G112=""),"",100*SUMIFS(zips!$C:$C,zips!$B:$B,F112,zips!$E:$E,"<"&G112)/SUMIFS(zips!$C:$C,zips!$B:$B,F112,zips!$E:$E,">0"))	258.9271	19.3992	=IF(I112="","",ROUND(G112-I112,2))	=IF(J112="","",ROUND(H112-J112,2))
MRP Liberty	429 Happy Hollow Dr	Gaston	SC	29053	=IFERROR(INDEX(zips!$B:$B,MATCH(E113,zips!$A:$A,0)),"")	=IFERROR(INDEX(zips!$E:$E,MATCH(E113,zips!$A:$A,0)),"")	=IF(OR(F113="",G113=""),"",100*SUMIFS(zips!$C:$C,zips!$B:$B,F113,zips!$E:$E,"<"&G113)/SUMIFS(zips!$C:$C,zips!$B:$B,F113,zips!$E:$E,">0"))	258.9271	19.3992	=IF(I113="","",ROUND(G113-I113,2))	=IF(J113="","",ROUND(H113-J113,2))
MRP Liberty	19689 Sw 82Nd Loop	Dunnellon	FL	34432	=IFERROR(INDEX(zips!$B:$B,MATCH(E114,zips!$A:$A,0)),"")	=IFERROR(INDEX(zips!$E:$E,MATCH(E114,zips!$A:$A,0)),"")	=IF(OR(F114="",G114=""),"",100*SUMIFS(zips!$C:$C,zips!$B:$B,F114,zips!$E:$E,"<"&G114)/SUMIFS(zips!$C:$C,zips!$B:$B,F114,zips!$E:$E,">0"))	125.5876	10.2802	=IF(I114="","",ROUND(G114-I114,2))	=IF(J114="","",ROUND(H114-J114,2))
MRP Liberty	6708 Sw 180Th Cir	Dunnellon	FL	34432	=IFERROR(INDEX(zips!$B:$B,MATCH(E115,zips!$A:$A,0)),"")	=IFERROR(INDEX(zips!$E:$E,MATCH(E115,zips!$A:$A,0)),"")	=IF(OR(F115="",G115=""),"",100*SUMIFS(zips!$C:$C,zips!$B:$B,F115,zips!$E:$E,"<"&G115)/SUMIFS(zips!$C:$C,zips!$B:$B,F115,zips!$E:$E,">0"))	125.5876	10.2802	=IF(I115="","",ROUND(G115-I115,2))	=IF(J115="","",ROUND(H115-J115,2))
MRP Liberty	6680 Sw 180Th Cir	Dunnellon	FL	34432	=IFERROR(INDEX(zips!$B:$B,MATCH(E116,zips!$A:$A,0)),"")	=IFERROR(INDEX(zips!$E:$E,MATCH(E116,zips!$A:$A,0)),"")	=IF(OR(F116="",G116=""),"",100*SUMIFS(zips!$C:$C,zips!$B:$B,F116,zips!$E:$E,"<"&G116)/SUMIFS(zips!$C:$C,zips!$B:$B,F116,zips!$E:$E,">0"))	125.5876	10.2802	=IF(I116="","",ROUND(G116-I116,2))	=IF(J116="","",ROUND(H116-J116,2))
MRP Liberty	13292 Sw 81St Ct	Ocala	FL	34473	=IFERROR(INDEX(zips!$B:$B,MATCH(E117,zips!$A:$A,0)),"")	=IFERROR(INDEX(zips!$E:$E,MATCH(E117,zips!$A:$A,0)),"")	=IF(OR(F117="",G117=""),"",100*SUMIFS(zips!$C:$C,zips!$B:$B,F117,zips!$E:$E,"<"&G117)/SUMIFS(zips!$C:$C,zips!$B:$B,F117,zips!$E:$E,">0"))	698.3427	41.929	=IF(I117="","",ROUND(G117-I117,2))	=IF(J117="","",ROUND(H117-J117,2))
MRP Liberty	8704 Sw 67Th Cir	Ocala	FL	34476	=IFERROR(INDEX(zips!$B:$B,MATCH(E118,zips!$A:$A,0)),"")	=IFERROR(INDEX(zips!$E:$E,MATCH(E118,zips!$A:$A,0)),"")	=IF(OR(F118="",G118=""),"",100*SUMIFS(zips!$C:$C,zips!$B:$B,F118,zips!$E:$E,"<"&G118)/SUMIFS(zips!$C:$C,zips!$B:$B,F118,zips!$E:$E,">0"))	763.5149	60.6716	=IF(I118="","",ROUND(G118-I118,2))	=IF(J118="","",ROUND(H118-J118,2))
MRP Liberty	12880 Sw 89Th Ct	Ocala	FL	34473	=IFERROR(INDEX(zips!$B:$B,MATCH(E119,zips!$A:$A,0)),"")	=IFERROR(INDEX(zips!$E:$E,MATCH(E119,zips!$A:$A,0)),"")	=IF(OR(F119="",G119=""),"",100*SUMIFS(zips!$C:$C,zips!$B:$B,F119,zips!$E:$E,"<"&G119)/SUMIFS(zips!$C:$C,zips!$B:$B,F119,zips!$E:$E,">0"))	698.3427	41.929	=IF(I119="","",ROUND(G119-I119,2))	=IF(J119="","",ROUND(H119-J119,2))
MRP Liberty	6730 Sw 180Th Cir	Dunnellon	FL	34432	=IFERROR(INDEX(zips!$B:$B,MATCH(E120,zips!$A:$A,0)),"")	=IFERROR(INDEX(zips!$E:$E,MATCH(E120,zips!$A:$A,0)),"")	=IF(OR(F120="",G120=""),"",100*SUMIFS(zips!$C:$C,zips!$B:$B,F120,zips!$E:$E,"<"&G120)/SUMIFS(zips!$C:$C,zips!$B:$B,F120,zips!$E:$E,">0"))	125.5876	10.2802	=IF(I120="","",ROUND(G120-I120,2))	=IF(J120="","",ROUND(H120-J120,2))
MRP Liberty	8719 Sw 67Th Cir	Ocala	FL	34476	=IFERROR(INDEX(zips!$B:$B,MATCH(E121,zips!$A:$A,0)),"")	=IFERROR(INDEX(zips!$E:$E,MATCH(E121,zips!$A:$A,0)),"")	=IF(OR(F121="",G121=""),"",100*SUMIFS(zips!$C:$C,zips!$B:$B,F121,zips!$E:$E,"<"&G121)/SUMIFS(zips!$C:$C,zips!$B:$B,F121,zips!$E:$E,">0"))	763.5149	60.6716	=IF(I121="","",ROUND(G121-I121,2))	=IF(J121="","",ROUND(H121-J121,2))
MRP Liberty	8696 Sw 67Th Cir	Ocala	FL	34476	=IFERROR(INDEX(zips!$B:$B,MATCH(E122,zips!$A:$A,0)),"")	=IFERROR(INDEX(zips!$E:$E,MATCH(E122,zips!$A:$A,0)),"")	=IF(OR(F122="",G122=""),"",100*SUMIFS(zips!$C:$C,zips!$B:$B,F122,zips!$E:$E,"<"&G122)/SUMIFS(zips!$C:$C,zips!$B:$B,F122,zips!$E:$E,">0"))	763.5149	60.6716	=IF(I122="","",ROUND(G122-I122,2))	=IF(J122="","",ROUND(H122-J122,2))
MRP Liberty	8744 Sw 69Th Ter	Ocala	FL	34476	=IFERROR(INDEX(zips!$B:$B,MATCH(E123,zips!$A:$A,0)),"")	=IFERROR(INDEX(zips!$E:$E,MATCH(E123,zips!$A:$A,0)),"")	=IF(OR(F123="",G123=""),"",100*SUMIFS(zips!$C:$C,zips!$B:$B,F123,zips!$E:$E,"<"&G123)/SUMIFS(zips!$C:$C,zips!$B:$B,F123,zips!$E:$E,">0"))	763.5149	60.6716	=IF(I123="","",ROUND(G123-I123,2))	=IF(J123="","",ROUND(H123-J123,2))
MRP Liberty	3578 Ne 38Th Ln	Ocala	FL	34479	=IFERROR(INDEX(zips!$B:$B,MATCH(E124,zips!$A:$A,0)),"")	=IFERROR(INDEX(zips!$E:$E,MATCH(E124,zips!$A:$A,0)),"")	=IF(OR(F124="",G124=""),"",100*SUMIFS(zips!$C:$C,zips!$B:$B,F124,zips!$E:$E,"<"&G124)/SUMIFS(zips!$C:$C,zips!$B:$B,F124,zips!$E:$E,">0"))	740.565	57.1532	=IF(I124="","",ROUND(G124-I124,2))	=IF(J124="","",ROUND(H124-J124,2))
MRP Liberty	8764 Sw 67Th Cir	Ocala	FL	34476	=IFERROR(INDEX(zips!$B:$B,MATCH(E125,zips!$A:$A,0)),"")	=IFERROR(INDEX(zips!$E:$E,MATCH(E125,zips!$A:$A,0)),"")	=IF(OR(F125="",G125=""),"",100*SUMIFS(zips!$C:$C,zips!$B:$B,F125,zips!$E:$E,"<"&G125)/SUMIFS(zips!$C:$C,zips!$B:$B,F125,zips!$E:$E,">0"))	763.5149	60.6716	=IF(I125="","",ROUND(G125-I125,2))	=IF(J125="","",ROUND(H125-J125,2))
MRP Liberty	8417 Sw 41St Cir	Ocala	FL	34476	=IFERROR(INDEX(zips!$B:$B,MATCH(E126,zips!$A:$A,0)),"")	=IFERROR(INDEX(zips!$E:$E,MATCH(E126,zips!$A:$A,0)),"")	=IF(OR(F126="",G126=""),"",100*SUMIFS(zips!$C:$C,zips!$B:$B,F126,zips!$E:$E,"<"&G126)/SUMIFS(zips!$C:$C,zips!$B:$B,F126,zips!$E:$E,">0"))	763.5149	60.6716	=IF(I126="","",ROUND(G126-I126,2))	=IF(J126="","",ROUND(H126-J126,2))
MRP Liberty	3767 Ne 32Nd Ct	Ocala	FL	34479	=IFERROR(INDEX(zips!$B:$B,MATCH(E127,zips!$A:$A,0)),"")	=IFERROR(INDEX(zips!$E:$E,MATCH(E127,zips!$A:$A,0)),"")	=IF(OR(F127="",G127=""),"",100*SUMIFS(zips!$C:$C,zips!$B:$B,F127,zips!$E:$E,"<"&G127)/SUMIFS(zips!$C:$C,zips!$B:$B,F127,zips!$E:$E,">0"))	740.565	57.1532	=IF(I127="","",ROUND(G127-I127,2))	=IF(J127="","",ROUND(H127-J127,2))
MRP Liberty	6714 Sw 180Th Cir	Dunnellon	FL	34432	=IFERROR(INDEX(zips!$B:$B,MATCH(E128,zips!$A:$A,0)),"")	=IFERROR(INDEX(zips!$E:$E,MATCH(E128,zips!$A:$A,0)),"")	=IF(OR(F128="",G128=""),"",100*SUMIFS(zips!$C:$C,zips!$B:$B,F128,zips!$E:$E,"<"&G128)/SUMIFS(zips!$C:$C,zips!$B:$B,F128,zips!$E:$E,">0"))	125.5876	10.2802	=IF(I128="","",ROUND(G128-I128,2))	=IF(J128="","",ROUND(H128-J128,2))
MRP Liberty	6606 Sw 180Th Cir	Dunnellon	FL	34432	=IFERROR(INDEX(zips!$B:$B,MATCH(E129,zips!$A:$A,0)),"")	=IFERROR(INDEX(zips!$E:$E,MATCH(E129,zips!$A:$A,0)),"")	=IF(OR(F129="",G129=""),"",100*SUMIFS(zips!$C:$C,zips!$B:$B,F129,zips!$E:$E,"<"&G129)/SUMIFS(zips!$C:$C,zips!$B:$B,F129,zips!$E:$E,">0"))	125.5876	10.2802	=IF(I129="","",ROUND(G129-I129,2))	=IF(J129="","",ROUND(H129-J129,2))
MRP Liberty	12881 Sw 89Th Ct	Ocala	FL	34473	=IFERROR(INDEX(zips!$B:$B,MATCH(E130,zips!$A:$A,0)),"")	=IFERROR(INDEX(zips!$E:$E,MATCH(E130,zips!$A:$A,0)),"")	=IF(OR(F130="",G130=""),"",100*SUMIFS(zips!$C:$C,zips!$B:$B,F130,zips!$E:$E,"<"&G130)/SUMIFS(zips!$C:$C,zips!$B:$B,F130,zips!$E:$E,">0"))	698.3427	41.929	=IF(I130="","",ROUND(G130-I130,2))	=IF(J130="","",ROUND(H130-J130,2))
MRP Liberty	4290 Sw 82Nd Ln	Ocala	FL	34476	=IFERROR(INDEX(zips!$B:$B,MATCH(E131,zips!$A:$A,0)),"")	=IFERROR(INDEX(zips!$E:$E,MATCH(E131,zips!$A:$A,0)),"")	=IF(OR(F131="",G131=""),"",100*SUMIFS(zips!$C:$C,zips!$B:$B,F131,zips!$E:$E,"<"&G131)/SUMIFS(zips!$C:$C,zips!$B:$B,F131,zips!$E:$E,">0"))	763.5149	60.6716	=IF(I131="","",ROUND(G131-I131,2))	=IF(J131="","",ROUND(H131-J131,2))
MRP Liberty	8099 Sw 45Th Ct	Ocala	FL	34476	=IFERROR(INDEX(zips!$B:$B,MATCH(E132,zips!$A:$A,0)),"")	=IFERROR(INDEX(zips!$E:$E,MATCH(E132,zips!$A:$A,0)),"")	=IF(OR(F132="",G132=""),"",100*SUMIFS(zips!$C:$C,zips!$B:$B,F132,zips!$E:$E,"<"&G132)/SUMIFS(zips!$C:$C,zips!$B:$B,F132,zips!$E:$E,">0"))	763.5149	60.6716	=IF(I132="","",ROUND(G132-I132,2))	=IF(J132="","",ROUND(H132-J132,2))
MRP Liberty	3756 Ne 32Nd Ct	Ocala	FL	34479	=IFERROR(INDEX(zips!$B:$B,MATCH(E133,zips!$A:$A,0)),"")	=IFERROR(INDEX(zips!$E:$E,MATCH(E133,zips!$A:$A,0)),"")	=IF(OR(F133="",G133=""),"",100*SUMIFS(zips!$C:$C,zips!$B:$B,F133,zips!$E:$E,"<"&G133)/SUMIFS(zips!$C:$C,zips!$B:$B,F133,zips!$E:$E,">0"))	740.565	57.1532	=IF(I133="","",ROUND(G133-I133,2))	=IF(J133="","",ROUND(H133-J133,2))
MRP Liberty	4962 Sw 83Rd Pl	Ocala	FL	34476	=IFERROR(INDEX(zips!$B:$B,MATCH(E134,zips!$A:$A,0)),"")	=IFERROR(INDEX(zips!$E:$E,MATCH(E134,zips!$A:$A,0)),"")	=IF(OR(F134="",G134=""),"",100*SUMIFS(zips!$C:$C,zips!$B:$B,F134,zips!$E:$E,"<"&G134)/SUMIFS(zips!$C:$C,zips!$B:$B,F134,zips!$E:$E,">0"))	763.5149	60.6716	=IF(I134="","",ROUND(G134-I134,2))	=IF(J134="","",ROUND(H134-J134,2))
MRP Liberty	8808 Sw 67Th Cir	Ocala	FL	34476	=IFERROR(INDEX(zips!$B:$B,MATCH(E135,zips!$A:$A,0)),"")	=IFERROR(INDEX(zips!$E:$E,MATCH(E135,zips!$A:$A,0)),"")	=IF(OR(F135="",G135=""),"",100*SUMIFS(zips!$C:$C,zips!$B:$B,F135,zips!$E:$E,"<"&G135)/SUMIFS(zips!$C:$C,zips!$B:$B,F135,zips!$E:$E,">0"))	763.5149	60.6716	=IF(I135="","",ROUND(G135-I135,2))	=IF(J135="","",ROUND(H135-J135,2))
MRP Liberty	8437 Sw 41St Cir	Ocala	FL	34476	=IFERROR(INDEX(zips!$B:$B,MATCH(E136,zips!$A:$A,0)),"")	=IFERROR(INDEX(zips!$E:$E,MATCH(E136,zips!$A:$A,0)),"")	=IF(OR(F136="",G136=""),"",100*SUMIFS(zips!$C:$C,zips!$B:$B,F136,zips!$E:$E,"<"&G136)/SUMIFS(zips!$C:$C,zips!$B:$B,F136,zips!$E:$E,">0"))	763.5149	60.6716	=IF(I136="","",ROUND(G136-I136,2))	=IF(J136="","",ROUND(H136-J136,2))
MRP Liberty	3726 Ne 32Nd Ct	Ocala	FL	34479	=IFERROR(INDEX(zips!$B:$B,MATCH(E137,zips!$A:$A,0)),"")	=IFERROR(INDEX(zips!$E:$E,MATCH(E137,zips!$A:$A,0)),"")	=IF(OR(F137="",G137=""),"",100*SUMIFS(zips!$C:$C,zips!$B:$B,F137,zips!$E:$E,"<"&G137)/SUMIFS(zips!$C:$C,zips!$B:$B,F137,zips!$E:$E,">0"))	740.565	57.1532	=IF(I137="","",ROUND(G137-I137,2))	=IF(J137="","",ROUND(H137-J137,2))
MRP Liberty	4420 Sw 80Th Pl	Ocala	FL	34476	=IFERROR(INDEX(zips!$B:$B,MATCH(E138,zips!$A:$A,0)),"")	=IFERROR(INDEX(zips!$E:$E,MATCH(E138,zips!$A:$A,0)),"")	=IF(OR(F138="",G138=""),"",100*SUMIFS(zips!$C:$C,zips!$B:$B,F138,zips!$E:$E,"<"&G138)/SUMIFS(zips!$C:$C,zips!$B:$B,F138,zips!$E:$E,">0"))	763.5149	60.6716	=IF(I138="","",ROUND(G138-I138,2))	=IF(J138="","",ROUND(H138-J138,2))
MRP Liberty	3696 Ne 32Nd Ct	Ocala	FL	34479	=IFERROR(INDEX(zips!$B:$B,MATCH(E139,zips!$A:$A,0)),"")	=IFERROR(INDEX(zips!$E:$E,MATCH(E139,zips!$A:$A,0)),"")	=IF(OR(F139="",G139=""),"",100*SUMIFS(zips!$C:$C,zips!$B:$B,F139,zips!$E:$E,"<"&G139)/SUMIFS(zips!$C:$C,zips!$B:$B,F139,zips!$E:$E,">0"))	740.565	57.1532	=IF(I139="","",ROUND(G139-I139,2))	=IF(J139="","",ROUND(H139-J139,2))
MRP Liberty	8694 Sw 69Th Ter	Ocala	FL	34476	=IFERROR(INDEX(zips!$B:$B,MATCH(E140,zips!$A:$A,0)),"")	=IFERROR(INDEX(zips!$E:$E,MATCH(E140,zips!$A:$A,0)),"")	=IF(OR(F140="",G140=""),"",100*SUMIFS(zips!$C:$C,zips!$B:$B,F140,zips!$E:$E,"<"&G140)/SUMIFS(zips!$C:$C,zips!$B:$B,F140,zips!$E:$E,">0"))	763.5149	60.6716	=IF(I140="","",ROUND(G140-I140,2))	=IF(J140="","",ROUND(H140-J140,2))
MRP Liberty	8814 Sw 69Th Ter	Ocala	FL	34476	=IFERROR(INDEX(zips!$B:$B,MATCH(E141,zips!$A:$A,0)),"")	=IFERROR(INDEX(zips!$E:$E,MATCH(E141,zips!$A:$A,0)),"")	=IF(OR(F141="",G141=""),"",100*SUMIFS(zips!$C:$C,zips!$B:$B,F141,zips!$E:$E,"<"&G141)/SUMIFS(zips!$C:$C,zips!$B:$B,F141,zips!$E:$E,">0"))	763.5149	60.6716	=IF(I141="","",ROUND(G141-I141,2))	=IF(J141="","",ROUND(H141-J141,2))
MRP Liberty	9183 Sw 71St Ct	Ocala	FL	34476	=IFERROR(INDEX(zips!$B:$B,MATCH(E142,zips!$A:$A,0)),"")	=IFERROR(INDEX(zips!$E:$E,MATCH(E142,zips!$A:$A,0)),"")	=IF(OR(F142="",G142=""),"",100*SUMIFS(zips!$C:$C,zips!$B:$B,F142,zips!$E:$E,"<"&G142)/SUMIFS(zips!$C:$C,zips!$B:$B,F142,zips!$E:$E,">0"))	763.5149	60.6716	=IF(I142="","",ROUND(G142-I142,2))	=IF(J142="","",ROUND(H142-J142,2))
MRP Liberty	8724 Sw 69Th Ter	Ocala	FL	34476	=IFERROR(INDEX(zips!$B:$B,MATCH(E143,zips!$A:$A,0)),"")	=IFERROR(INDEX(zips!$E:$E,MATCH(E143,zips!$A:$A,0)),"")	=IF(OR(F143="",G143=""),"",100*SUMIFS(zips!$C:$C,zips!$B:$B,F143,zips!$E:$E,"<"&G143)/SUMIFS(zips!$C:$C,zips!$B:$B,F143,zips!$E:$E,">0"))	763.5149	60.6716	=IF(I143="","",ROUND(G143-I143,2))	=IF(J143="","",ROUND(H143-J143,2))
MRP Liberty	13061 Sw 86Th Ct	Ocala	FL	34473	=IFERROR(INDEX(zips!$B:$B,MATCH(E144,zips!$A:$A,0)),"")	=IFERROR(INDEX(zips!$E:$E,MATCH(E144,zips!$A:$A,0)),"")	=IF(OR(F144="",G144=""),"",100*SUMIFS(zips!$C:$C,zips!$B:$B,F144,zips!$E:$E,"<"&G144)/SUMIFS(zips!$C:$C,zips!$B:$B,F144,zips!$E:$E,">0"))	698.3427	41.929	=IF(I144="","",ROUND(G144-I144,2))	=IF(J144="","",ROUND(H144-J144,2))
MRP Liberty	6724 Sw 180Th Cir	Dunnellon	FL	34432	=IFERROR(INDEX(zips!$B:$B,MATCH(E145,zips!$A:$A,0)),"")	=IFERROR(INDEX(zips!$E:$E,MATCH(E145,zips!$A:$A,0)),"")	=IF(OR(F145="",G145=""),"",100*SUMIFS(zips!$C:$C,zips!$B:$B,F145,zips!$E:$E,"<"&G145)/SUMIFS(zips!$C:$C,zips!$B:$B,F145,zips!$E:$E,">0"))	125.5876	10.2802	=IF(I145="","",ROUND(G145-I145,2))	=IF(J145="","",ROUND(H145-J145,2))
MRP Liberty	6690 Sw 180Th Cir	Dunnellon	FL	34432	=IFERROR(INDEX(zips!$B:$B,MATCH(E146,zips!$A:$A,0)),"")	=IFERROR(INDEX(zips!$E:$E,MATCH(E146,zips!$A:$A,0)),"")	=IF(OR(F146="",G146=""),"",100*SUMIFS(zips!$C:$C,zips!$B:$B,F146,zips!$E:$E,"<"&G146)/SUMIFS(zips!$C:$C,zips!$B:$B,F146,zips!$E:$E,">0"))	125.5876	10.2802	=IF(I146="","",ROUND(G146-I146,2))	=IF(J146="","",ROUND(H146-J146,2))
MRP Liberty	4239 Sw 82Nd Ln	Ocala	FL	34476	=IFERROR(INDEX(zips!$B:$B,MATCH(E147,zips!$A:$A,0)),"")	=IFERROR(INDEX(zips!$E:$E,MATCH(E147,zips!$A:$A,0)),"")	=IF(OR(F147="",G147=""),"",100*SUMIFS(zips!$C:$C,zips!$B:$B,F147,zips!$E:$E,"<"&G147)/SUMIFS(zips!$C:$C,zips!$B:$B,F147,zips!$E:$E,">0"))	763.5149	60.6716	=IF(I147="","",ROUND(G147-I147,2))	=IF(J147="","",ROUND(H147-J147,2))
MRP Liberty	13079 Sw 86Th Ct	Ocala	FL	34473	=IFERROR(INDEX(zips!$B:$B,MATCH(E148,zips!$A:$A,0)),"")	=IFERROR(INDEX(zips!$E:$E,MATCH(E148,zips!$A:$A,0)),"")	=IF(OR(F148="",G148=""),"",100*SUMIFS(zips!$C:$C,zips!$B:$B,F148,zips!$E:$E,"<"&G148)/SUMIFS(zips!$C:$C,zips!$B:$B,F148,zips!$E:$E,">0"))	698.3427	41.929	=IF(I148="","",ROUND(G148-I148,2))	=IF(J148="","",ROUND(H148-J148,2))
MRP Liberty	3770 Ne 32Nd Ct	Ocala	FL	34479	=IFERROR(INDEX(zips!$B:$B,MATCH(E149,zips!$A:$A,0)),"")	=IFERROR(INDEX(zips!$E:$E,MATCH(E149,zips!$A:$A,0)),"")	=IF(OR(F149="",G149=""),"",100*SUMIFS(zips!$C:$C,zips!$B:$B,F149,zips!$E:$E,"<"&G149)/SUMIFS(zips!$C:$C,zips!$B:$B,F149,zips!$E:$E,">0"))	740.565	57.1532	=IF(I149="","",ROUND(G149-I149,2))	=IF(J149="","",ROUND(H149-J149,2))
MRP Liberty	4972 Sw 83Rd Pl	Ocala	FL	34476	=IFERROR(INDEX(zips!$B:$B,MATCH(E150,zips!$A:$A,0)),"")	=IFERROR(INDEX(zips!$E:$E,MATCH(E150,zips!$A:$A,0)),"")	=IF(OR(F150="",G150=""),"",100*SUMIFS(zips!$C:$C,zips!$B:$B,F150,zips!$E:$E,"<"&G150)/SUMIFS(zips!$C:$C,zips!$B:$B,F150,zips!$E:$E,">0"))	763.5149	60.6716	=IF(I150="","",ROUND(G150-I150,2))	=IF(J150="","",ROUND(H150-J150,2))
MRP Liberty	8772 Sw 67Th Cir	Ocala	FL	34476	=IFERROR(INDEX(zips!$B:$B,MATCH(E151,zips!$A:$A,0)),"")	=IFERROR(INDEX(zips!$E:$E,MATCH(E151,zips!$A:$A,0)),"")	=IF(OR(F151="",G151=""),"",100*SUMIFS(zips!$C:$C,zips!$B:$B,F151,zips!$E:$E,"<"&G151)/SUMIFS(zips!$C:$C,zips!$B:$B,F151,zips!$E:$E,">0"))	763.5149	60.6716	=IF(I151="","",ROUND(G151-I151,2))	=IF(J151="","",ROUND(H151-J151,2))
MRP Liberty	8708 Sw 67Th Cir	Ocala	FL	34476	=IFERROR(INDEX(zips!$B:$B,MATCH(E152,zips!$A:$A,0)),"")	=IFERROR(INDEX(zips!$E:$E,MATCH(E152,zips!$A:$A,0)),"")	=IF(OR(F152="",G152=""),"",100*SUMIFS(zips!$C:$C,zips!$B:$B,F152,zips!$E:$E,"<"&G152)/SUMIFS(zips!$C:$C,zips!$B:$B,F152,zips!$E:$E,">0"))	763.5149	60.6716	=IF(I152="","",ROUND(G152-I152,2))	=IF(J152="","",ROUND(H152-J152,2))
MRP Liberty	9199 Sw 71St Ct	Ocala	FL	34476	=IFERROR(INDEX(zips!$B:$B,MATCH(E153,zips!$A:$A,0)),"")	=IFERROR(INDEX(zips!$E:$E,MATCH(E153,zips!$A:$A,0)),"")	=IF(OR(F153="",G153=""),"",100*SUMIFS(zips!$C:$C,zips!$B:$B,F153,zips!$E:$E,"<"&G153)/SUMIFS(zips!$C:$C,zips!$B:$B,F153,zips!$E:$E,">0"))	763.5149	60.6716	=IF(I153="","",ROUND(G153-I153,2))	=IF(J153="","",ROUND(H153-J153,2))
MRP Liberty	2909 Ne Juanita Pl	Cape Coral	FL	33909	=IFERROR(INDEX(zips!$B:$B,MATCH(E154,zips!$A:$A,0)),"")	=IFERROR(INDEX(zips!$E:$E,MATCH(E154,zips!$A:$A,0)),"")	=IF(OR(F154="",G154=""),"",100*SUMIFS(zips!$C:$C,zips!$B:$B,F154,zips!$E:$E,"<"&G154)/SUMIFS(zips!$C:$C,zips!$B:$B,F154,zips!$E:$E,">0"))	976.0205	36.1616	=IF(I154="","",ROUND(G154-I154,2))	=IF(J154="","",ROUND(H154-J154,2))
MRP Liberty	59 Ne 31St Ter	Cape Coral	FL	33909	=IFERROR(INDEX(zips!$B:$B,MATCH(E155,zips!$A:$A,0)),"")	=IFERROR(INDEX(zips!$E:$E,MATCH(E155,zips!$A:$A,0)),"")	=IF(OR(F155="",G155=""),"",100*SUMIFS(zips!$C:$C,zips!$B:$B,F155,zips!$E:$E,"<"&G155)/SUMIFS(zips!$C:$C,zips!$B:$B,F155,zips!$E:$E,">0"))	976.0205	36.1616	=IF(I155="","",ROUND(G155-I155,2))	=IF(J155="","",ROUND(H155-J155,2))
MRP Liberty	2124 Nw 22Nd Pl	Cape Coral	FL	33993	=IFERROR(INDEX(zips!$B:$B,MATCH(E156,zips!$A:$A,0)),"")	=IFERROR(INDEX(zips!$E:$E,MATCH(E156,zips!$A:$A,0)),"")	=IF(OR(F156="",G156=""),"",100*SUMIFS(zips!$C:$C,zips!$B:$B,F156,zips!$E:$E,"<"&G156)/SUMIFS(zips!$C:$C,zips!$B:$B,F156,zips!$E:$E,">0"))	756.6113	20.0034	=IF(I156="","",ROUND(G156-I156,2))	=IF(J156="","",ROUND(H156-J156,2))
MRP Liberty	17465 Monte Isola Way	North Fort Myers	FL	33917	=IFERROR(INDEX(zips!$B:$B,MATCH(E157,zips!$A:$A,0)),"")	=IFERROR(INDEX(zips!$E:$E,MATCH(E157,zips!$A:$A,0)),"")	=IF(OR(F157="",G157=""),"",100*SUMIFS(zips!$C:$C,zips!$B:$B,F157,zips!$E:$E,"<"&G157)/SUMIFS(zips!$C:$C,zips!$B:$B,F157,zips!$E:$E,">0"))	486.823	6.4825	=IF(I157="","",ROUND(G157-I157,2))	=IF(J157="","",ROUND(H157-J157,2))
MRP Liberty	17467 Monte Isola Way	North Fort Myers	FL	33917	=IFERROR(INDEX(zips!$B:$B,MATCH(E158,zips!$A:$A,0)),"")	=IFERROR(INDEX(zips!$E:$E,MATCH(E158,zips!$A:$A,0)),"")	=IF(OR(F158="",G158=""),"",100*SUMIFS(zips!$C:$C,zips!$B:$B,F158,zips!$E:$E,"<"&G158)/SUMIFS(zips!$C:$C,zips!$B:$B,F158,zips!$E:$E,">0"))	486.823	6.4825	=IF(I158="","",ROUND(G158-I158,2))	=IF(J158="","",ROUND(H158-J158,2))
MRP Liberty	17529 Paradiso Way	North Fort Myers	FL	33917	=IFERROR(INDEX(zips!$B:$B,MATCH(E159,zips!$A:$A,0)),"")	=IFERROR(INDEX(zips!$E:$E,MATCH(E159,zips!$A:$A,0)),"")	=IF(OR(F159="",G159=""),"",100*SUMIFS(zips!$C:$C,zips!$B:$B,F159,zips!$E:$E,"<"&G159)/SUMIFS(zips!$C:$C,zips!$B:$B,F159,zips!$E:$E,">0"))	486.823	6.4825	=IF(I159="","",ROUND(G159-I159,2))	=IF(J159="","",ROUND(H159-J159,2))
MRP Liberty	4191 Camisa Ln	North Fort Myers	FL	33917	=IFERROR(INDEX(zips!$B:$B,MATCH(E160,zips!$A:$A,0)),"")	=IFERROR(INDEX(zips!$E:$E,MATCH(E160,zips!$A:$A,0)),"")	=IF(OR(F160="",G160=""),"",100*SUMIFS(zips!$C:$C,zips!$B:$B,F160,zips!$E:$E,"<"&G160)/SUMIFS(zips!$C:$C,zips!$B:$B,F160,zips!$E:$E,">0"))	486.823	6.4825	=IF(I160="","",ROUND(G160-I160,2))	=IF(J160="","",ROUND(H160-J160,2))
MRP Liberty	4199 Camisa Ln	North Fort Myers	FL	33917	=IFERROR(INDEX(zips!$B:$B,MATCH(E161,zips!$A:$A,0)),"")	=IFERROR(INDEX(zips!$E:$E,MATCH(E161,zips!$A:$A,0)),"")	=IF(OR(F161="",G161=""),"",100*SUMIFS(zips!$C:$C,zips!$B:$B,F161,zips!$E:$E,"<"&G161)/SUMIFS(zips!$C:$C,zips!$B:$B,F161,zips!$E:$E,">0"))	486.823	6.4825	=IF(I161="","",ROUND(G161-I161,2))	=IF(J161="","",ROUND(H161-J161,2))
MRP Liberty	4125 Pacenza Pl	North Fort Myers	FL	33917	=IFERROR(INDEX(zips!$B:$B,MATCH(E162,zips!$A:$A,0)),"")	=IFERROR(INDEX(zips!$E:$E,MATCH(E162,zips!$A:$A,0)),"")	=IF(OR(F162="",G162=""),"",100*SUMIFS(zips!$C:$C,zips!$B:$B,F162,zips!$E:$E,"<"&G162)/SUMIFS(zips!$C:$C,zips!$B:$B,F162,zips!$E:$E,">0"))	486.823	6.4825	=IF(I162="","",ROUND(G162-I162,2))	=IF(J162="","",ROUND(H162-J162,2))
MRP Liberty	4129 Pacenza Pl	North Fort Myers	FL	33917	=IFERROR(INDEX(zips!$B:$B,MATCH(E163,zips!$A:$A,0)),"")	=IFERROR(INDEX(zips!$E:$E,MATCH(E163,zips!$A:$A,0)),"")	=IF(OR(F163="",G163=""),"",100*SUMIFS(zips!$C:$C,zips!$B:$B,F163,zips!$E:$E,"<"&G163)/SUMIFS(zips!$C:$C,zips!$B:$B,F163,zips!$E:$E,">0"))	486.823	6.4825	=IF(I163="","",ROUND(G163-I163,2))	=IF(J163="","",ROUND(H163-J163,2))
MRP Liberty	4132 Pacenza Pl	North Fort Myers	FL	33917	=IFERROR(INDEX(zips!$B:$B,MATCH(E164,zips!$A:$A,0)),"")	=IFERROR(INDEX(zips!$E:$E,MATCH(E164,zips!$A:$A,0)),"")	=IF(OR(F164="",G164=""),"",100*SUMIFS(zips!$C:$C,zips!$B:$B,F164,zips!$E:$E,"<"&G164)/SUMIFS(zips!$C:$C,zips!$B:$B,F164,zips!$E:$E,">0"))	486.823	6.4825	=IF(I164="","",ROUND(G164-I164,2))	=IF(J164="","",ROUND(H164-J164,2))
MRP Liberty	4133 Pacenza Pl	North Fort Myers	FL	33917	=IFERROR(INDEX(zips!$B:$B,MATCH(E165,zips!$A:$A,0)),"")	=IFERROR(INDEX(zips!$E:$E,MATCH(E165,zips!$A:$A,0)),"")	=IF(OR(F165="",G165=""),"",100*SUMIFS(zips!$C:$C,zips!$B:$B,F165,zips!$E:$E,"<"&G165)/SUMIFS(zips!$C:$C,zips!$B:$B,F165,zips!$E:$E,">0"))	486.823	6.4825	=IF(I165="","",ROUND(G165-I165,2))	=IF(J165="","",ROUND(H165-J165,2))
MRP Liberty	4706 Tigers Eye Ct	Jacksonville	FL	32257	=IFERROR(INDEX(zips!$B:$B,MATCH(E166,zips!$A:$A,0)),"")	=IFERROR(INDEX(zips!$E:$E,MATCH(E166,zips!$A:$A,0)),"")	=IF(OR(F166="",G166=""),"",100*SUMIFS(zips!$C:$C,zips!$B:$B,F166,zips!$E:$E,"<"&G166)/SUMIFS(zips!$C:$C,zips!$B:$B,F166,zips!$E:$E,">0"))	3412.0673	88.0	=IF(I166="","",ROUND(G166-I166,2))	=IF(J166="","",ROUND(H166-J166,2))
MRP Liberty	4712 Tigers Eye Ct	Jacksonville	FL	32257	=IFERROR(INDEX(zips!$B:$B,MATCH(E167,zips!$A:$A,0)),"")	=IFERROR(INDEX(zips!$E:$E,MATCH(E167,zips!$A:$A,0)),"")	=IF(OR(F167="",G167=""),"",100*SUMIFS(zips!$C:$C,zips!$B:$B,F167,zips!$E:$E,"<"&G167)/SUMIFS(zips!$C:$C,zips!$B:$B,F167,zips!$E:$E,">0"))	3412.0673	88.0	=IF(I167="","",ROUND(G167-I167,2))	=IF(J167="","",ROUND(H167-J167,2))
MRP Liberty	4716 Tigers Eye Ct	Jacksonville	FL	32257	=IFERROR(INDEX(zips!$B:$B,MATCH(E168,zips!$A:$A,0)),"")	=IFERROR(INDEX(zips!$E:$E,MATCH(E168,zips!$A:$A,0)),"")	=IF(OR(F168="",G168=""),"",100*SUMIFS(zips!$C:$C,zips!$B:$B,F168,zips!$E:$E,"<"&G168)/SUMIFS(zips!$C:$C,zips!$B:$B,F168,zips!$E:$E,">0"))	3412.0673	88.0	=IF(I168="","",ROUND(G168-I168,2))	=IF(J168="","",ROUND(H168-J168,2))
MRP Liberty	4710 Tigers Eye Ct	Jacksonville	FL	32257	=IFERROR(INDEX(zips!$B:$B,MATCH(E169,zips!$A:$A,0)),"")	=IFERROR(INDEX(zips!$E:$E,MATCH(E169,zips!$A:$A,0)),"")	=IF(OR(F169="",G169=""),"",100*SUMIFS(zips!$C:$C,zips!$B:$B,F169,zips!$E:$E,"<"&G169)/SUMIFS(zips!$C:$C,zips!$B:$B,F169,zips!$E:$E,">0"))	3412.0673	88.0	=IF(I169="","",ROUND(G169-I169,2))	=IF(J169="","",ROUND(H169-J169,2))
MRP Liberty	4708 Tigers Eye Ct	Jacksonville	FL	32257	=IFERROR(INDEX(zips!$B:$B,MATCH(E170,zips!$A:$A,0)),"")	=IFERROR(INDEX(zips!$E:$E,MATCH(E170,zips!$A:$A,0)),"")	=IF(OR(F170="",G170=""),"",100*SUMIFS(zips!$C:$C,zips!$B:$B,F170,zips!$E:$E,"<"&G170)/SUMIFS(zips!$C:$C,zips!$B:$B,F170,zips!$E:$E,">0"))	3412.0673	88.0	=IF(I170="","",ROUND(G170-I170,2))	=IF(J170="","",ROUND(H170-J170,2))
MRP Liberty	4720 Tigers Eye Ct	Jacksonville	FL	32257	=IFERROR(INDEX(zips!$B:$B,MATCH(E171,zips!$A:$A,0)),"")	=IFERROR(INDEX(zips!$E:$E,MATCH(E171,zips!$A:$A,0)),"")	=IF(OR(F171="",G171=""),"",100*SUMIFS(zips!$C:$C,zips!$B:$B,F171,zips!$E:$E,"<"&G171)/SUMIFS(zips!$C:$C,zips!$B:$B,F171,zips!$E:$E,">0"))	3412.0673	88.0	=IF(I171="","",ROUND(G171-I171,2))	=IF(J171="","",ROUND(H171-J171,2))
MRP Liberty	4022 Lingo Ln	Jacksonville	FL	32257	=IFERROR(INDEX(zips!$B:$B,MATCH(E172,zips!$A:$A,0)),"")	=IFERROR(INDEX(zips!$E:$E,MATCH(E172,zips!$A:$A,0)),"")	=IF(OR(F172="",G172=""),"",100*SUMIFS(zips!$C:$C,zips!$B:$B,F172,zips!$E:$E,"<"&G172)/SUMIFS(zips!$C:$C,zips!$B:$B,F172,zips!$E:$E,">0"))	3412.0673	88.0	=IF(I172="","",ROUND(G172-I172,2))	=IF(J172="","",ROUND(H172-J172,2))
MRP Liberty	36214 Obsidian Lane	Zephyrhills	FL	33541	=IFERROR(INDEX(zips!$B:$B,MATCH(E173,zips!$A:$A,0)),"")	=IFERROR(INDEX(zips!$E:$E,MATCH(E173,zips!$A:$A,0)),"")	=IF(OR(F173="",G173=""),"",100*SUMIFS(zips!$C:$C,zips!$B:$B,F173,zips!$E:$E,"<"&G173)/SUMIFS(zips!$C:$C,zips!$B:$B,F173,zips!$E:$E,">0"))	1006.1853	16.3544	=IF(I173="","",ROUND(G173-I173,2))	=IF(J173="","",ROUND(H173-J173,2))
MRP Liberty	10162 Elderflower Drive	Wesley Chapel	FL	33525	=IFERROR(INDEX(zips!$B:$B,MATCH(E174,zips!$A:$A,0)),"")	=IFERROR(INDEX(zips!$E:$E,MATCH(E174,zips!$A:$A,0)),"")	=IF(OR(F174="",G174=""),"",100*SUMIFS(zips!$C:$C,zips!$B:$B,F174,zips!$E:$E,"<"&G174)/SUMIFS(zips!$C:$C,zips!$B:$B,F174,zips!$E:$E,">0"))	210.5439	3.2053	=IF(I174="","",ROUND(G174-I174,2))	=IF(J174="","",ROUND(H174-J174,2))
MRP Liberty	12166 Noble Chase Path	Dade City	FL	33525	=IFERROR(INDEX(zips!$B:$B,MATCH(E175,zips!$A:$A,0)),"")	=IFERROR(INDEX(zips!$E:$E,MATCH(E175,zips!$A:$A,0)),"")	=IF(OR(F175="",G175=""),"",100*SUMIFS(zips!$C:$C,zips!$B:$B,F175,zips!$E:$E,"<"&G175)/SUMIFS(zips!$C:$C,zips!$B:$B,F175,zips!$E:$E,">0"))	210.5439	3.2053	=IF(I175="","",ROUND(G175-I175,2))	=IF(J175="","",ROUND(H175-J175,2))
MRP Liberty	9828 Feaster Drive	Wesley Chapel	FL	33545	=IFERROR(INDEX(zips!$B:$B,MATCH(E176,zips!$A:$A,0)),"")	=IFERROR(INDEX(zips!$E:$E,MATCH(E176,zips!$A:$A,0)),"")	=IF(OR(F176="",G176=""),"",100*SUMIFS(zips!$C:$C,zips!$B:$B,F176,zips!$E:$E,"<"&G176)/SUMIFS(zips!$C:$C,zips!$B:$B,F176,zips!$E:$E,">0"))	1035.6162	17.0953	=IF(I176="","",ROUND(G176-I176,2))	=IF(J176="","",ROUND(H176-J176,2))
MRP Liberty	9436 Azure Breeze Ave	Parrish	FL	34219	=IFERROR(INDEX(zips!$B:$B,MATCH(E177,zips!$A:$A,0)),"")	=IFERROR(INDEX(zips!$E:$E,MATCH(E177,zips!$A:$A,0)),"")	=IF(OR(F177="",G177=""),"",100*SUMIFS(zips!$C:$C,zips!$B:$B,F177,zips!$E:$E,"<"&G177)/SUMIFS(zips!$C:$C,zips!$B:$B,F177,zips!$E:$E,">0"))	143.4757	0.7418	=IF(I177="","",ROUND(G177-I177,2))	=IF(J177="","",ROUND(H177-J177,2))
MRP Liberty	9420 Azure Breeze Ave	Parrish	FL	34219	=IFERROR(INDEX(zips!$B:$B,MATCH(E178,zips!$A:$A,0)),"")	=IFERROR(INDEX(zips!$E:$E,MATCH(E178,zips!$A:$A,0)),"")	=IF(OR(F178="",G178=""),"",100*SUMIFS(zips!$C:$C,zips!$B:$B,F178,zips!$E:$E,"<"&G178)/SUMIFS(zips!$C:$C,zips!$B:$B,F178,zips!$E:$E,">0"))	143.4757	0.7418	=IF(I178="","",ROUND(G178-I178,2))	=IF(J178="","",ROUND(H178-J178,2))
MRP Liberty	16679 Nw 144Th St	Alachua	FL	32615	=IFERROR(INDEX(zips!$B:$B,MATCH(E179,zips!$A:$A,0)),"")	=IFERROR(INDEX(zips!$E:$E,MATCH(E179,zips!$A:$A,0)),"")	=IF(OR(F179="",G179=""),"",100*SUMIFS(zips!$C:$C,zips!$B:$B,F179,zips!$E:$E,"<"&G179)/SUMIFS(zips!$C:$C,zips!$B:$B,F179,zips!$E:$E,">0"))	117.9657	26.3809	=IF(I179="","",ROUND(G179-I179,2))	=IF(J179="","",ROUND(H179-J179,2))
MRP Liberty	16757 Nw 144Th St	Alachua	FL	32615	=IFERROR(INDEX(zips!$B:$B,MATCH(E180,zips!$A:$A,0)),"")	=IFERROR(INDEX(zips!$E:$E,MATCH(E180,zips!$A:$A,0)),"")	=IF(OR(F180="",G180=""),"",100*SUMIFS(zips!$C:$C,zips!$B:$B,F180,zips!$E:$E,"<"&G180)/SUMIFS(zips!$C:$C,zips!$B:$B,F180,zips!$E:$E,">0"))	117.9657	26.3809	=IF(I180="","",ROUND(G180-I180,2))	=IF(J180="","",ROUND(H180-J180,2))
MRP Liberty	16809 Nw 144Th St	Alachua	FL	32615	=IFERROR(INDEX(zips!$B:$B,MATCH(E181,zips!$A:$A,0)),"")	=IFERROR(INDEX(zips!$E:$E,MATCH(E181,zips!$A:$A,0)),"")	=IF(OR(F181="",G181=""),"",100*SUMIFS(zips!$C:$C,zips!$B:$B,F181,zips!$E:$E,"<"&G181)/SUMIFS(zips!$C:$C,zips!$B:$B,F181,zips!$E:$E,">0"))	117.9657	26.3809	=IF(I181="","",ROUND(G181-I181,2))	=IF(J181="","",ROUND(H181-J181,2))
MRP Liberty	16913 Nw 144Th St	Alachua	FL	32615	=IFERROR(INDEX(zips!$B:$B,MATCH(E182,zips!$A:$A,0)),"")	=IFERROR(INDEX(zips!$E:$E,MATCH(E182,zips!$A:$A,0)),"")	=IF(OR(F182="",G182=""),"",100*SUMIFS(zips!$C:$C,zips!$B:$B,F182,zips!$E:$E,"<"&G182)/SUMIFS(zips!$C:$C,zips!$B:$B,F182,zips!$E:$E,">0"))	117.9657	26.3809	=IF(I182="","",ROUND(G182-I182,2))	=IF(J182="","",ROUND(H182-J182,2))
MRP Liberty	16969 Nw 144Th St	Alachua	FL	32615	=IFERROR(INDEX(zips!$B:$B,MATCH(E183,zips!$A:$A,0)),"")	=IFERROR(INDEX(zips!$E:$E,MATCH(E183,zips!$A:$A,0)),"")	=IF(OR(F183="",G183=""),"",100*SUMIFS(zips!$C:$C,zips!$B:$B,F183,zips!$E:$E,"<"&G183)/SUMIFS(zips!$C:$C,zips!$B:$B,F183,zips!$E:$E,">0"))	117.9657	26.3809	=IF(I183="","",ROUND(G183-I183,2))	=IF(J183="","",ROUND(H183-J183,2))
MRP Liberty	16983 Nw 144Th St	Alachua	FL	32615	=IFERROR(INDEX(zips!$B:$B,MATCH(E184,zips!$A:$A,0)),"")	=IFERROR(INDEX(zips!$E:$E,MATCH(E184,zips!$A:$A,0)),"")	=IF(OR(F184="",G184=""),"",100*SUMIFS(zips!$C:$C,zips!$B:$B,F184,zips!$E:$E,"<"&G184)/SUMIFS(zips!$C:$C,zips!$B:$B,F184,zips!$E:$E,">0"))	117.9657	26.3809	=IF(I184="","",ROUND(G184-I184,2))	=IF(J184="","",ROUND(H184-J184,2))
MRP Liberty	16995 Nw 144Th St	Alachua	FL	32615	=IFERROR(INDEX(zips!$B:$B,MATCH(E185,zips!$A:$A,0)),"")	=IFERROR(INDEX(zips!$E:$E,MATCH(E185,zips!$A:$A,0)),"")	=IF(OR(F185="",G185=""),"",100*SUMIFS(zips!$C:$C,zips!$B:$B,F185,zips!$E:$E,"<"&G185)/SUMIFS(zips!$C:$C,zips!$B:$B,F185,zips!$E:$E,">0"))	117.9657	26.3809	=IF(I185="","",ROUND(G185-I185,2))	=IF(J185="","",ROUND(H185-J185,2))
MRP Liberty	14359 Nw 170Th Ave	Alachua	FL	32615	=IFERROR(INDEX(zips!$B:$B,MATCH(E186,zips!$A:$A,0)),"")	=IFERROR(INDEX(zips!$E:$E,MATCH(E186,zips!$A:$A,0)),"")	=IF(OR(F186="",G186=""),"",100*SUMIFS(zips!$C:$C,zips!$B:$B,F186,zips!$E:$E,"<"&G186)/SUMIFS(zips!$C:$C,zips!$B:$B,F186,zips!$E:$E,">0"))	117.9657	26.3809	=IF(I186="","",ROUND(G186-I186,2))	=IF(J186="","",ROUND(H186-J186,2))
MRP Liberty	14588 Nw 163Rd Pl	Alachua	FL	32615	=IFERROR(INDEX(zips!$B:$B,MATCH(E187,zips!$A:$A,0)),"")	=IFERROR(INDEX(zips!$E:$E,MATCH(E187,zips!$A:$A,0)),"")	=IF(OR(F187="",G187=""),"",100*SUMIFS(zips!$C:$C,zips!$B:$B,F187,zips!$E:$E,"<"&G187)/SUMIFS(zips!$C:$C,zips!$B:$B,F187,zips!$E:$E,">0"))	117.9657	26.3809	=IF(I187="","",ROUND(G187-I187,2))	=IF(J187="","",ROUND(H187-J187,2))
MRP Liberty	14584 Nw 163Rd Pl	Alachua	FL	32615	=IFERROR(INDEX(zips!$B:$B,MATCH(E188,zips!$A:$A,0)),"")	=IFERROR(INDEX(zips!$E:$E,MATCH(E188,zips!$A:$A,0)),"")	=IF(OR(F188="",G188=""),"",100*SUMIFS(zips!$C:$C,zips!$B:$B,F188,zips!$E:$E,"<"&G188)/SUMIFS(zips!$C:$C,zips!$B:$B,F188,zips!$E:$E,">0"))	117.9657	26.3809	=IF(I188="","",ROUND(G188-I188,2))	=IF(J188="","",ROUND(H188-J188,2))
MRP Liberty	14580 Nw 163Rd Pl	Alachua	FL	32615	=IFERROR(INDEX(zips!$B:$B,MATCH(E189,zips!$A:$A,0)),"")	=IFERROR(INDEX(zips!$E:$E,MATCH(E189,zips!$A:$A,0)),"")	=IF(OR(F189="",G189=""),"",100*SUMIFS(zips!$C:$C,zips!$B:$B,F189,zips!$E:$E,"<"&G189)/SUMIFS(zips!$C:$C,zips!$B:$B,F189,zips!$E:$E,">0"))	117.9657	26.3809	=IF(I189="","",ROUND(G189-I189,2))	=IF(J189="","",ROUND(H189-J189,2))
MRP Liberty	14576 Nw 163Rd Pl	Alachua	FL	32615	=IFERROR(INDEX(zips!$B:$B,MATCH(E190,zips!$A:$A,0)),"")	=IFERROR(INDEX(zips!$E:$E,MATCH(E190,zips!$A:$A,0)),"")	=IF(OR(F190="",G190=""),"",100*SUMIFS(zips!$C:$C,zips!$B:$B,F190,zips!$E:$E,"<"&G190)/SUMIFS(zips!$C:$C,zips!$B:$B,F190,zips!$E:$E,">0"))	117.9657	26.3809	=IF(I190="","",ROUND(G190-I190,2))	=IF(J190="","",ROUND(H190-J190,2))
MRP Liberty	5320 Nw 22Nd Dr	Gainesville	FL	32653	=IFERROR(INDEX(zips!$B:$B,MATCH(E191,zips!$A:$A,0)),"")	=IFERROR(INDEX(zips!$E:$E,MATCH(E191,zips!$A:$A,0)),"")	=IF(OR(F191="",G191=""),"",100*SUMIFS(zips!$C:$C,zips!$B:$B,F191,zips!$E:$E,"<"&G191)/SUMIFS(zips!$C:$C,zips!$B:$B,F191,zips!$E:$E,">0"))	400.9702	46.6338	=IF(I191="","",ROUND(G191-I191,2))	=IF(J191="","",ROUND(H191-J191,2))
MRP Liberty	5422 Nw 22Nd Dr	Gainesville	FL	32653	=IFERROR(INDEX(zips!$B:$B,MATCH(E192,zips!$A:$A,0)),"")	=IFERROR(INDEX(zips!$E:$E,MATCH(E192,zips!$A:$A,0)),"")	=IF(OR(F192="",G192=""),"",100*SUMIFS(zips!$C:$C,zips!$B:$B,F192,zips!$E:$E,"<"&G192)/SUMIFS(zips!$C:$C,zips!$B:$B,F192,zips!$E:$E,">0"))	400.9702	46.6338	=IF(I192="","",ROUND(G192-I192,2))	=IF(J192="","",ROUND(H192-J192,2))
MRP Liberty	5426 Nw 22Nd Dr	Gainesville	FL	32653	=IFERROR(INDEX(zips!$B:$B,MATCH(E193,zips!$A:$A,0)),"")	=IFERROR(INDEX(zips!$E:$E,MATCH(E193,zips!$A:$A,0)),"")	=IF(OR(F193="",G193=""),"",100*SUMIFS(zips!$C:$C,zips!$B:$B,F193,zips!$E:$E,"<"&G193)/SUMIFS(zips!$C:$C,zips!$B:$B,F193,zips!$E:$E,">0"))	400.9702	46.6338	=IF(I193="","",ROUND(G193-I193,2))	=IF(J193="","",ROUND(H193-J193,2))
MRP Liberty	5428 Nw 22Nd Dr	Gainesville	FL	32653	=IFERROR(INDEX(zips!$B:$B,MATCH(E194,zips!$A:$A,0)),"")	=IFERROR(INDEX(zips!$E:$E,MATCH(E194,zips!$A:$A,0)),"")	=IF(OR(F194="",G194=""),"",100*SUMIFS(zips!$C:$C,zips!$B:$B,F194,zips!$E:$E,"<"&G194)/SUMIFS(zips!$C:$C,zips!$B:$B,F194,zips!$E:$E,">0"))	400.9702	46.6338	=IF(I194="","",ROUND(G194-I194,2))	=IF(J194="","",ROUND(H194-J194,2))
MRP Liberty	1302 Arrow St	Port Charlotte	FL	33954	=IFERROR(INDEX(zips!$B:$B,MATCH(E195,zips!$A:$A,0)),"")	=IFERROR(INDEX(zips!$E:$E,MATCH(E195,zips!$A:$A,0)),"")	=IF(OR(F195="",G195=""),"",100*SUMIFS(zips!$C:$C,zips!$B:$B,F195,zips!$E:$E,"<"&G195)/SUMIFS(zips!$C:$C,zips!$B:$B,F195,zips!$E:$E,">0"))	1347.8917	38.005	=IF(I195="","",ROUND(G195-I195,2))	=IF(J195="","",ROUND(H195-J195,2))
MRP Liberty	14917 Emerson Field St	Wimauma	FL	33598	=IFERROR(INDEX(zips!$B:$B,MATCH(E196,zips!$A:$A,0)),"")	=IFERROR(INDEX(zips!$E:$E,MATCH(E196,zips!$A:$A,0)),"")	=IF(OR(F196="",G196=""),"",100*SUMIFS(zips!$C:$C,zips!$B:$B,F196,zips!$E:$E,"<"&G196)/SUMIFS(zips!$C:$C,zips!$B:$B,F196,zips!$E:$E,">0"))	345.819	6.1863	=IF(I196="","",ROUND(G196-I196,2))	=IF(J196="","",ROUND(H196-J196,2))
MRP Liberty	3407 Rover Rd		FL	33839	=IFERROR(INDEX(zips!$B:$B,MATCH(E197,zips!$A:$A,0)),"")	=IFERROR(INDEX(zips!$E:$E,MATCH(E197,zips!$A:$A,0)),"")	=IF(OR(F197="",G197=""),"",100*SUMIFS(zips!$C:$C,zips!$B:$B,F197,zips!$E:$E,"<"&G197)/SUMIFS(zips!$C:$C,zips!$B:$B,F197,zips!$E:$E,">0"))	1415.6471	71.1238	=IF(I197="","",ROUND(G197-I197,2))	=IF(J197="","",ROUND(H197-J197,2))
MRP Liberty	3502 Rover Rd		FL	33839	=IFERROR(INDEX(zips!$B:$B,MATCH(E198,zips!$A:$A,0)),"")	=IFERROR(INDEX(zips!$E:$E,MATCH(E198,zips!$A:$A,0)),"")	=IF(OR(F198="",G198=""),"",100*SUMIFS(zips!$C:$C,zips!$B:$B,F198,zips!$E:$E,"<"&G198)/SUMIFS(zips!$C:$C,zips!$B:$B,F198,zips!$E:$E,">0"))	1415.6471	71.1238	=IF(I198="","",ROUND(G198-I198,2))	=IF(J198="","",ROUND(H198-J198,2))
MRP Liberty	326 Nola Ln		FL	33838	=IFERROR(INDEX(zips!$B:$B,MATCH(E199,zips!$A:$A,0)),"")	=IFERROR(INDEX(zips!$E:$E,MATCH(E199,zips!$A:$A,0)),"")	=IF(OR(F199="",G199=""),"",100*SUMIFS(zips!$C:$C,zips!$B:$B,F199,zips!$E:$E,"<"&G199)/SUMIFS(zips!$C:$C,zips!$B:$B,F199,zips!$E:$E,">0"))	740.9277	36.7967	=IF(I199="","",ROUND(G199-I199,2))	=IF(J199="","",ROUND(H199-J199,2))
MRP Liberty	311 Nola Ln		FL	33838	=IFERROR(INDEX(zips!$B:$B,MATCH(E200,zips!$A:$A,0)),"")	=IFERROR(INDEX(zips!$E:$E,MATCH(E200,zips!$A:$A,0)),"")	=IF(OR(F200="",G200=""),"",100*SUMIFS(zips!$C:$C,zips!$B:$B,F200,zips!$E:$E,"<"&G200)/SUMIFS(zips!$C:$C,zips!$B:$B,F200,zips!$E:$E,">0"))	740.9277	36.7967	=IF(I200="","",ROUND(G200-I200,2))	=IF(J200="","",ROUND(H200-J200,2))
MRP Liberty	319 Nola Ln		FL	33838	=IFERROR(INDEX(zips!$B:$B,MATCH(E201,zips!$A:$A,0)),"")	=IFERROR(INDEX(zips!$E:$E,MATCH(E201,zips!$A:$A,0)),"")	=IF(OR(F201="",G201=""),"",100*SUMIFS(zips!$C:$C,zips!$B:$B,F201,zips!$E:$E,"<"&G201)/SUMIFS(zips!$C:$C,zips!$B:$B,F201,zips!$E:$E,">0"))	740.9277	36.7967	=IF(I201="","",ROUND(G201-I201,2))	=IF(J201="","",ROUND(H201-J201,2))
MRP Liberty	579 Artemis St		FL	33853	=IFERROR(INDEX(zips!$B:$B,MATCH(E202,zips!$A:$A,0)),"")	=IFERROR(INDEX(zips!$E:$E,MATCH(E202,zips!$A:$A,0)),"")	=IF(OR(F202="",G202=""),"",100*SUMIFS(zips!$C:$C,zips!$B:$B,F202,zips!$E:$E,"<"&G202)/SUMIFS(zips!$C:$C,zips!$B:$B,F202,zips!$E:$E,">0"))	1431.1301	71.6937	=IF(I202="","",ROUND(G202-I202,2))	=IF(J202="","",ROUND(H202-J202,2))
MRP Liberty	520 Emerson Ln	Westmoreland	TN	37186	=IFERROR(INDEX(zips!$B:$B,MATCH(E203,zips!$A:$A,0)),"")	=IFERROR(INDEX(zips!$E:$E,MATCH(E203,zips!$A:$A,0)),"")	=IF(OR(F203="",G203=""),"",100*SUMIFS(zips!$C:$C,zips!$B:$B,F203,zips!$E:$E,"<"&G203)/SUMIFS(zips!$C:$C,zips!$B:$B,F203,zips!$E:$E,">0"))	98.6606	4.994	=IF(I203="","",ROUND(G203-I203,2))	=IF(J203="","",ROUND(H203-J203,2))
MRP Liberty	532 Emerson Ln	Westmoreland	TN	37186	=IFERROR(INDEX(zips!$B:$B,MATCH(E204,zips!$A:$A,0)),"")	=IFERROR(INDEX(zips!$E:$E,MATCH(E204,zips!$A:$A,0)),"")	=IF(OR(F204="",G204=""),"",100*SUMIFS(zips!$C:$C,zips!$B:$B,F204,zips!$E:$E,"<"&G204)/SUMIFS(zips!$C:$C,zips!$B:$B,F204,zips!$E:$E,">0"))	98.6606	4.994	=IF(I204="","",ROUND(G204-I204,2))	=IF(J204="","",ROUND(H204-J204,2))
MRP Liberty	553 Emerson Ln	Westmoreland	TN	37186	=IFERROR(INDEX(zips!$B:$B,MATCH(E205,zips!$A:$A,0)),"")	=IFERROR(INDEX(zips!$E:$E,MATCH(E205,zips!$A:$A,0)),"")	=IF(OR(F205="",G205=""),"",100*SUMIFS(zips!$C:$C,zips!$B:$B,F205,zips!$E:$E,"<"&G205)/SUMIFS(zips!$C:$C,zips!$B:$B,F205,zips!$E:$E,">0"))	98.6606	4.994	=IF(I205="","",ROUND(G205-I205,2))	=IF(J205="","",ROUND(H205-J205,2))
MRP Liberty	229 Dante Dr	Gallatin	TN	37066	=IFERROR(INDEX(zips!$B:$B,MATCH(E206,zips!$A:$A,0)),"")	=IFERROR(INDEX(zips!$E:$E,MATCH(E206,zips!$A:$A,0)),"")	=IF(OR(F206="",G206=""),"",100*SUMIFS(zips!$C:$C,zips!$B:$B,F206,zips!$E:$E,"<"&G206)/SUMIFS(zips!$C:$C,zips!$B:$B,F206,zips!$E:$E,">0"))	536.4072	32.6598	=IF(I206="","",ROUND(G206-I206,2))	=IF(J206="","",ROUND(H206-J206,2))
MRP Liberty	1412 Old Hebron Rd	Lebanon	TN	37087	=IFERROR(INDEX(zips!$B:$B,MATCH(E207,zips!$A:$A,0)),"")	=IFERROR(INDEX(zips!$E:$E,MATCH(E207,zips!$A:$A,0)),"")	=IF(OR(F207="",G207=""),"",100*SUMIFS(zips!$C:$C,zips!$B:$B,F207,zips!$E:$E,"<"&G207)/SUMIFS(zips!$C:$C,zips!$B:$B,F207,zips!$E:$E,">0"))	334.922	23.1845	=IF(I207="","",ROUND(G207-I207,2))	=IF(J207="","",ROUND(H207-J207,2))
MRP Liberty	481 Lydia Ashley Ln	Smyrna	TN	37167	=IFERROR(INDEX(zips!$B:$B,MATCH(E208,zips!$A:$A,0)),"")	=IFERROR(INDEX(zips!$E:$E,MATCH(E208,zips!$A:$A,0)),"")	=IF(OR(F208="",G208=""),"",100*SUMIFS(zips!$C:$C,zips!$B:$B,F208,zips!$E:$E,"<"&G208)/SUMIFS(zips!$C:$C,zips!$B:$B,F208,zips!$E:$E,">0"))	1157.4966	59.2746	=IF(I208="","",ROUND(G208-I208,2))	=IF(J208="","",ROUND(H208-J208,2))
MRP Liberty	1237 Leavell Ln	Murfreesboro	TN	37130	=IFERROR(INDEX(zips!$B:$B,MATCH(E209,zips!$A:$A,0)),"")	=IFERROR(INDEX(zips!$E:$E,MATCH(E209,zips!$A:$A,0)),"")	=IF(OR(F209="",G209=""),"",100*SUMIFS(zips!$C:$C,zips!$B:$B,F209,zips!$E:$E,"<"&G209)/SUMIFS(zips!$C:$C,zips!$B:$B,F209,zips!$E:$E,">0"))	1067.1494	51.4535	=IF(I209="","",ROUND(G209-I209,2))	=IF(J209="","",ROUND(H209-J209,2))
MRP Liberty	1021 Gleaning Ct	Murfreesboro	TN	37127	=IFERROR(INDEX(zips!$B:$B,MATCH(E210,zips!$A:$A,0)),"")	=IFERROR(INDEX(zips!$E:$E,MATCH(E210,zips!$A:$A,0)),"")	=IF(OR(F210="",G210=""),"",100*SUMIFS(zips!$C:$C,zips!$B:$B,F210,zips!$E:$E,"<"&G210)/SUMIFS(zips!$C:$C,zips!$B:$B,F210,zips!$E:$E,">0"))	467.9355	31.57	=IF(I210="","",ROUND(G210-I210,2))	=IF(J210="","",ROUND(H210-J210,2))
MRP Liberty	2575 Henson Ct	Chattanooga	TN	37421	=IFERROR(INDEX(zips!$B:$B,MATCH(E211,zips!$A:$A,0)),"")	=IFERROR(INDEX(zips!$E:$E,MATCH(E211,zips!$A:$A,0)),"")	=IF(OR(F211="",G211=""),"",100*SUMIFS(zips!$C:$C,zips!$B:$B,F211,zips!$E:$E,"<"&G211)/SUMIFS(zips!$C:$C,zips!$B:$B,F211,zips!$E:$E,">0"))	1656.4994	78.8434	=IF(I211="","",ROUND(G211-I211,2))	=IF(J211="","",ROUND(H211-J211,2))
MRP Liberty	2576 Henson Ct	Chattanooga	TN	37421	=IFERROR(INDEX(zips!$B:$B,MATCH(E212,zips!$A:$A,0)),"")	=IFERROR(INDEX(zips!$E:$E,MATCH(E212,zips!$A:$A,0)),"")	=IF(OR(F212="",G212=""),"",100*SUMIFS(zips!$C:$C,zips!$B:$B,F212,zips!$E:$E,"<"&G212)/SUMIFS(zips!$C:$C,zips!$B:$B,F212,zips!$E:$E,">0"))	1656.4994	78.8434	=IF(I212="","",ROUND(G212-I212,2))	=IF(J212="","",ROUND(H212-J212,2))
MRP Liberty	2579 Henson Ct	Chattanooga	TN	37421	=IFERROR(INDEX(zips!$B:$B,MATCH(E213,zips!$A:$A,0)),"")	=IFERROR(INDEX(zips!$E:$E,MATCH(E213,zips!$A:$A,0)),"")	=IF(OR(F213="",G213=""),"",100*SUMIFS(zips!$C:$C,zips!$B:$B,F213,zips!$E:$E,"<"&G213)/SUMIFS(zips!$C:$C,zips!$B:$B,F213,zips!$E:$E,">0"))	1656.4994	78.8434	=IF(I213="","",ROUND(G213-I213,2))	=IF(J213="","",ROUND(H213-J213,2))
MRP Liberty	2584 Henson Ct	Chattanooga	TN	37421	=IFERROR(INDEX(zips!$B:$B,MATCH(E214,zips!$A:$A,0)),"")	=IFERROR(INDEX(zips!$E:$E,MATCH(E214,zips!$A:$A,0)),"")	=IF(OR(F214="",G214=""),"",100*SUMIFS(zips!$C:$C,zips!$B:$B,F214,zips!$E:$E,"<"&G214)/SUMIFS(zips!$C:$C,zips!$B:$B,F214,zips!$E:$E,">0"))	1656.4994	78.8434	=IF(I214="","",ROUND(G214-I214,2))	=IF(J214="","",ROUND(H214-J214,2))
MRP Liberty	2587 Henson Ct	Chattanooga	TN	37421	=IFERROR(INDEX(zips!$B:$B,MATCH(E215,zips!$A:$A,0)),"")	=IFERROR(INDEX(zips!$E:$E,MATCH(E215,zips!$A:$A,0)),"")	=IF(OR(F215="",G215=""),"",100*SUMIFS(zips!$C:$C,zips!$B:$B,F215,zips!$E:$E,"<"&G215)/SUMIFS(zips!$C:$C,zips!$B:$B,F215,zips!$E:$E,">0"))	1656.4994	78.8434	=IF(I215="","",ROUND(G215-I215,2))	=IF(J215="","",ROUND(H215-J215,2))
MRP Liberty	268 Asbury Oak Ln	Chattanooga	TN	37419	=IFERROR(INDEX(zips!$B:$B,MATCH(E216,zips!$A:$A,0)),"")	=IFERROR(INDEX(zips!$E:$E,MATCH(E216,zips!$A:$A,0)),"")	=IF(OR(F216="",G216=""),"",100*SUMIFS(zips!$C:$C,zips!$B:$B,F216,zips!$E:$E,"<"&G216)/SUMIFS(zips!$C:$C,zips!$B:$B,F216,zips!$E:$E,">0"))	128.3161	15.1382	=IF(I216="","",ROUND(G216-I216,2))	=IF(J216="","",ROUND(H216-J216,2))
MRP Liberty	280 Asbury Oak Ln	Chattanooga	TN	37419	=IFERROR(INDEX(zips!$B:$B,MATCH(E217,zips!$A:$A,0)),"")	=IFERROR(INDEX(zips!$E:$E,MATCH(E217,zips!$A:$A,0)),"")	=IF(OR(F217="",G217=""),"",100*SUMIFS(zips!$C:$C,zips!$B:$B,F217,zips!$E:$E,"<"&G217)/SUMIFS(zips!$C:$C,zips!$B:$B,F217,zips!$E:$E,">0"))	128.3161	15.1382	=IF(I217="","",ROUND(G217-I217,2))	=IF(J217="","",ROUND(H217-J217,2))
MRP Liberty	852 Old Lebanon Dirt Rd	Hermitage	TN	37076	=IFERROR(INDEX(zips!$B:$B,MATCH(E218,zips!$A:$A,0)),"")	=IFERROR(INDEX(zips!$E:$E,MATCH(E218,zips!$A:$A,0)),"")	=IF(OR(F218="",G218=""),"",100*SUMIFS(zips!$C:$C,zips!$B:$B,F218,zips!$E:$E,"<"&G218)/SUMIFS(zips!$C:$C,zips!$B:$B,F218,zips!$E:$E,">0"))	1370.8738	70.9375	=IF(I218="","",ROUND(G218-I218,2))	=IF(J218="","",ROUND(H218-J218,2))
MRP Liberty	575 Foxglove Ln	Clarksville	TN	37043	=IFERROR(INDEX(zips!$B:$B,MATCH(E219,zips!$A:$A,0)),"")	=IFERROR(INDEX(zips!$E:$E,MATCH(E219,zips!$A:$A,0)),"")	=IF(OR(F219="",G219=""),"",100*SUMIFS(zips!$C:$C,zips!$B:$B,F219,zips!$E:$E,"<"&G219)/SUMIFS(zips!$C:$C,zips!$B:$B,F219,zips!$E:$E,">0"))	527.7832	38.5167	=IF(I219="","",ROUND(G219-I219,2))	=IF(J219="","",ROUND(H219-J219,2))
MRP Liberty	16404 Apricot Dr		AL	36551	=IFERROR(INDEX(zips!$B:$B,MATCH(E220,zips!$A:$A,0)),"")	=IFERROR(INDEX(zips!$E:$E,MATCH(E220,zips!$A:$A,0)),"")	=IF(OR(F220="",G220=""),"",100*SUMIFS(zips!$C:$C,zips!$B:$B,F220,zips!$E:$E,"<"&G220)/SUMIFS(zips!$C:$C,zips!$B:$B,F220,zips!$E:$E,">0"))	188.0652	23.0214	=IF(I220="","",ROUND(G220-I220,2))	=IF(J220="","",ROUND(H220-J220,2))
MRP Liberty	16363 Apricot Dr		AL	36551	=IFERROR(INDEX(zips!$B:$B,MATCH(E221,zips!$A:$A,0)),"")	=IFERROR(INDEX(zips!$E:$E,MATCH(E221,zips!$A:$A,0)),"")	=IF(OR(F221="",G221=""),"",100*SUMIFS(zips!$C:$C,zips!$B:$B,F221,zips!$E:$E,"<"&G221)/SUMIFS(zips!$C:$C,zips!$B:$B,F221,zips!$E:$E,">0"))	188.0652	23.0214	=IF(I221="","",ROUND(G221-I221,2))	=IF(J221="","",ROUND(H221-J221,2))
MRP Liberty	24759 Raynagua Blvd		AL	36551	=IFERROR(INDEX(zips!$B:$B,MATCH(E222,zips!$A:$A,0)),"")	=IFERROR(INDEX(zips!$E:$E,MATCH(E222,zips!$A:$A,0)),"")	=IF(OR(F222="",G222=""),"",100*SUMIFS(zips!$C:$C,zips!$B:$B,F222,zips!$E:$E,"<"&G222)/SUMIFS(zips!$C:$C,zips!$B:$B,F222,zips!$E:$E,">0"))	188.0652	23.0214	=IF(I222="","",ROUND(G222-I222,2))	=IF(J222="","",ROUND(H222-J222,2))
MRP Liberty	24775 Raynagua Blvd		AL	36551	=IFERROR(INDEX(zips!$B:$B,MATCH(E223,zips!$A:$A,0)),"")	=IFERROR(INDEX(zips!$E:$E,MATCH(E223,zips!$A:$A,0)),"")	=IF(OR(F223="",G223=""),"",100*SUMIFS(zips!$C:$C,zips!$B:$B,F223,zips!$E:$E,"<"&G223)/SUMIFS(zips!$C:$C,zips!$B:$B,F223,zips!$E:$E,">0"))	188.0652	23.0214	=IF(I223="","",ROUND(G223-I223,2))	=IF(J223="","",ROUND(H223-J223,2))
MRP Liberty	24791 Raynagua Blvd		AL	36551	=IFERROR(INDEX(zips!$B:$B,MATCH(E224,zips!$A:$A,0)),"")	=IFERROR(INDEX(zips!$E:$E,MATCH(E224,zips!$A:$A,0)),"")	=IF(OR(F224="",G224=""),"",100*SUMIFS(zips!$C:$C,zips!$B:$B,F224,zips!$E:$E,"<"&G224)/SUMIFS(zips!$C:$C,zips!$B:$B,F224,zips!$E:$E,">0"))	188.0652	23.0214	=IF(I224="","",ROUND(G224-I224,2))	=IF(J224="","",ROUND(H224-J224,2))
MRP Liberty	20110 Clover Field Ln	Summerdale area	AL	36580	=IFERROR(INDEX(zips!$B:$B,MATCH(E225,zips!$A:$A,0)),"")	=IFERROR(INDEX(zips!$E:$E,MATCH(E225,zips!$A:$A,0)),"")	=IF(OR(F225="",G225=""),"",100*SUMIFS(zips!$C:$C,zips!$B:$B,F225,zips!$E:$E,"<"&G225)/SUMIFS(zips!$C:$C,zips!$B:$B,F225,zips!$E:$E,">0"))	133.5297	20.0829	=IF(I225="","",ROUND(G225-I225,2))	=IF(J225="","",ROUND(H225-J225,2))
MRP Liberty	20098 Clover Field Ln	Summerdale area	AL	36580	=IFERROR(INDEX(zips!$B:$B,MATCH(E226,zips!$A:$A,0)),"")	=IFERROR(INDEX(zips!$E:$E,MATCH(E226,zips!$A:$A,0)),"")	=IF(OR(F226="",G226=""),"",100*SUMIFS(zips!$C:$C,zips!$B:$B,F226,zips!$E:$E,"<"&G226)/SUMIFS(zips!$C:$C,zips!$B:$B,F226,zips!$E:$E,">0"))	133.5297	20.0829	=IF(I226="","",ROUND(G226-I226,2))	=IF(J226="","",ROUND(H226-J226,2))
MRP Liberty	20052 Clover Field Ln	Summerdale area	AL	36580	=IFERROR(INDEX(zips!$B:$B,MATCH(E227,zips!$A:$A,0)),"")	=IFERROR(INDEX(zips!$E:$E,MATCH(E227,zips!$A:$A,0)),"")	=IF(OR(F227="",G227=""),"",100*SUMIFS(zips!$C:$C,zips!$B:$B,F227,zips!$E:$E,"<"&G227)/SUMIFS(zips!$C:$C,zips!$B:$B,F227,zips!$E:$E,">0"))	133.5297	20.0829	=IF(I227="","",ROUND(G227-I227,2))	=IF(J227="","",ROUND(H227-J227,2))
MRP Liberty	20040 Clover Field Ln	Summerdale area	AL	36580	=IFERROR(INDEX(zips!$B:$B,MATCH(E228,zips!$A:$A,0)),"")	=IFERROR(INDEX(zips!$E:$E,MATCH(E228,zips!$A:$A,0)),"")	=IF(OR(F228="",G228=""),"",100*SUMIFS(zips!$C:$C,zips!$B:$B,F228,zips!$E:$E,"<"&G228)/SUMIFS(zips!$C:$C,zips!$B:$B,F228,zips!$E:$E,">0"))	133.5297	20.0829	=IF(I228="","",ROUND(G228-I228,2))	=IF(J228="","",ROUND(H228-J228,2))
MRP Liberty	20018 Clover Field Ln	Summerdale area	AL	36580	=IFERROR(INDEX(zips!$B:$B,MATCH(E229,zips!$A:$A,0)),"")	=IFERROR(INDEX(zips!$E:$E,MATCH(E229,zips!$A:$A,0)),"")	=IF(OR(F229="",G229=""),"",100*SUMIFS(zips!$C:$C,zips!$B:$B,F229,zips!$E:$E,"<"&G229)/SUMIFS(zips!$C:$C,zips!$B:$B,F229,zips!$E:$E,">0"))	133.5297	20.0829	=IF(I229="","",ROUND(G229-I229,2))	=IF(J229="","",ROUND(H229-J229,2))
MRP Liberty	16964 Baltic Dr	Summerdale area	AL	36580	=IFERROR(INDEX(zips!$B:$B,MATCH(E230,zips!$A:$A,0)),"")	=IFERROR(INDEX(zips!$E:$E,MATCH(E230,zips!$A:$A,0)),"")	=IF(OR(F230="",G230=""),"",100*SUMIFS(zips!$C:$C,zips!$B:$B,F230,zips!$E:$E,"<"&G230)/SUMIFS(zips!$C:$C,zips!$B:$B,F230,zips!$E:$E,">0"))	133.5297	20.0829	=IF(I230="","",ROUND(G230-I230,2))	=IF(J230="","",ROUND(H230-J230,2))
MRP Liberty	18697 Facet Rd	Summerdale area	AL	36580	=IFERROR(INDEX(zips!$B:$B,MATCH(E231,zips!$A:$A,0)),"")	=IFERROR(INDEX(zips!$E:$E,MATCH(E231,zips!$A:$A,0)),"")	=IF(OR(F231="",G231=""),"",100*SUMIFS(zips!$C:$C,zips!$B:$B,F231,zips!$E:$E,"<"&G231)/SUMIFS(zips!$C:$C,zips!$B:$B,F231,zips!$E:$E,">0"))	133.5297	20.0829	=IF(I231="","",ROUND(G231-I231,2))	=IF(J231="","",ROUND(H231-J231,2))
MRP Liberty	18685 Facet Rd	Summerdale area	AL	36580	=IFERROR(INDEX(zips!$B:$B,MATCH(E232,zips!$A:$A,0)),"")	=IFERROR(INDEX(zips!$E:$E,MATCH(E232,zips!$A:$A,0)),"")	=IF(OR(F232="",G232=""),"",100*SUMIFS(zips!$C:$C,zips!$B:$B,F232,zips!$E:$E,"<"&G232)/SUMIFS(zips!$C:$C,zips!$B:$B,F232,zips!$E:$E,">0"))	133.5297	20.0829	=IF(I232="","",ROUND(G232-I232,2))	=IF(J232="","",ROUND(H232-J232,2))
MRP Liberty	18661 Facet Rd	Summerdale area	AL	36580	=IFERROR(INDEX(zips!$B:$B,MATCH(E233,zips!$A:$A,0)),"")	=IFERROR(INDEX(zips!$E:$E,MATCH(E233,zips!$A:$A,0)),"")	=IF(OR(F233="",G233=""),"",100*SUMIFS(zips!$C:$C,zips!$B:$B,F233,zips!$E:$E,"<"&G233)/SUMIFS(zips!$C:$C,zips!$B:$B,F233,zips!$E:$E,">0"))	133.5297	20.0829	=IF(I233="","",ROUND(G233-I233,2))	=IF(J233="","",ROUND(H233-J233,2))
MRP Liberty	18639 Facet Rd	Summerdale area	AL	36580	=IFERROR(INDEX(zips!$B:$B,MATCH(E234,zips!$A:$A,0)),"")	=IFERROR(INDEX(zips!$E:$E,MATCH(E234,zips!$A:$A,0)),"")	=IF(OR(F234="",G234=""),"",100*SUMIFS(zips!$C:$C,zips!$B:$B,F234,zips!$E:$E,"<"&G234)/SUMIFS(zips!$C:$C,zips!$B:$B,F234,zips!$E:$E,">0"))	133.5297	20.0829	=IF(I234="","",ROUND(G234-I234,2))	=IF(J234="","",ROUND(H234-J234,2))
MRP Liberty	15375 Planters Ln		AL	36535	=IFERROR(INDEX(zips!$B:$B,MATCH(E235,zips!$A:$A,0)),"")	=IFERROR(INDEX(zips!$E:$E,MATCH(E235,zips!$A:$A,0)),"")	=IF(OR(F235="",G235=""),"",100*SUMIFS(zips!$C:$C,zips!$B:$B,F235,zips!$E:$E,"<"&G235)/SUMIFS(zips!$C:$C,zips!$B:$B,F235,zips!$E:$E,">0"))	414.9351	40.7104	=IF(I235="","",ROUND(G235-I235,2))	=IF(J235="","",ROUND(H235-J235,2))
MRP Liberty	15361 Planters Ln		AL	36535	=IFERROR(INDEX(zips!$B:$B,MATCH(E236,zips!$A:$A,0)),"")	=IFERROR(INDEX(zips!$E:$E,MATCH(E236,zips!$A:$A,0)),"")	=IF(OR(F236="",G236=""),"",100*SUMIFS(zips!$C:$C,zips!$B:$B,F236,zips!$E:$E,"<"&G236)/SUMIFS(zips!$C:$C,zips!$B:$B,F236,zips!$E:$E,">0"))	414.9351	40.7104	=IF(I236="","",ROUND(G236-I236,2))	=IF(J236="","",ROUND(H236-J236,2))
MRP Liberty	15940 Furlong Loop		AL	36535	=IFERROR(INDEX(zips!$B:$B,MATCH(E237,zips!$A:$A,0)),"")	=IFERROR(INDEX(zips!$E:$E,MATCH(E237,zips!$A:$A,0)),"")	=IF(OR(F237="",G237=""),"",100*SUMIFS(zips!$C:$C,zips!$B:$B,F237,zips!$E:$E,"<"&G237)/SUMIFS(zips!$C:$C,zips!$B:$B,F237,zips!$E:$E,">0"))	414.9351	40.7104	=IF(I237="","",ROUND(G237-I237,2))	=IF(J237="","",ROUND(H237-J237,2))
MRP Liberty	18864 Zoysia Loop	Foley	AL	36535	=IFERROR(INDEX(zips!$B:$B,MATCH(E238,zips!$A:$A,0)),"")	=IFERROR(INDEX(zips!$E:$E,MATCH(E238,zips!$A:$A,0)),"")	=IF(OR(F238="",G238=""),"",100*SUMIFS(zips!$C:$C,zips!$B:$B,F238,zips!$E:$E,"<"&G238)/SUMIFS(zips!$C:$C,zips!$B:$B,F238,zips!$E:$E,">0"))	414.9351	40.7104	=IF(I238="","",ROUND(G238-I238,2))	=IF(J238="","",ROUND(H238-J238,2))
MRP Liberty	18156 Zoysia Loop	Foley	AL	36535	=IFERROR(INDEX(zips!$B:$B,MATCH(E239,zips!$A:$A,0)),"")	=IFERROR(INDEX(zips!$E:$E,MATCH(E239,zips!$A:$A,0)),"")	=IF(OR(F239="",G239=""),"",100*SUMIFS(zips!$C:$C,zips!$B:$B,F239,zips!$E:$E,"<"&G239)/SUMIFS(zips!$C:$C,zips!$B:$B,F239,zips!$E:$E,">0"))	414.9351	40.7104	=IF(I239="","",ROUND(G239-I239,2))	=IF(J239="","",ROUND(H239-J239,2))
MRP Liberty	10387 Buffalo St	Foley	AL	36535	=IFERROR(INDEX(zips!$B:$B,MATCH(E240,zips!$A:$A,0)),"")	=IFERROR(INDEX(zips!$E:$E,MATCH(E240,zips!$A:$A,0)),"")	=IF(OR(F240="",G240=""),"",100*SUMIFS(zips!$C:$C,zips!$B:$B,F240,zips!$E:$E,"<"&G240)/SUMIFS(zips!$C:$C,zips!$B:$B,F240,zips!$E:$E,">0"))	414.9351	40.7104	=IF(I240="","",ROUND(G240-I240,2))	=IF(J240="","",ROUND(H240-J240,2))
MRP Liberty	10375 Buffalo St	Foley	AL	36535	=IFERROR(INDEX(zips!$B:$B,MATCH(E241,zips!$A:$A,0)),"")	=IFERROR(INDEX(zips!$E:$E,MATCH(E241,zips!$A:$A,0)),"")	=IF(OR(F241="",G241=""),"",100*SUMIFS(zips!$C:$C,zips!$B:$B,F241,zips!$E:$E,"<"&G241)/SUMIFS(zips!$C:$C,zips!$B:$B,F241,zips!$E:$E,">0"))	414.9351	40.7104	=IF(I241="","",ROUND(G241-I241,2))	=IF(J241="","",ROUND(H241-J241,2))
MRP Liberty	10341 Buffalo St	Foley	AL	36535	=IFERROR(INDEX(zips!$B:$B,MATCH(E242,zips!$A:$A,0)),"")	=IFERROR(INDEX(zips!$E:$E,MATCH(E242,zips!$A:$A,0)),"")	=IF(OR(F242="",G242=""),"",100*SUMIFS(zips!$C:$C,zips!$B:$B,F242,zips!$E:$E,"<"&G242)/SUMIFS(zips!$C:$C,zips!$B:$B,F242,zips!$E:$E,">0"))	414.9351	40.7104	=IF(I242="","",ROUND(G242-I242,2))	=IF(J242="","",ROUND(H242-J242,2))
MRP Liberty	18883 Zoysia Loop	Foley	AL	36535	=IFERROR(INDEX(zips!$B:$B,MATCH(E243,zips!$A:$A,0)),"")	=IFERROR(INDEX(zips!$E:$E,MATCH(E243,zips!$A:$A,0)),"")	=IF(OR(F243="",G243=""),"",100*SUMIFS(zips!$C:$C,zips!$B:$B,F243,zips!$E:$E,"<"&G243)/SUMIFS(zips!$C:$C,zips!$B:$B,F243,zips!$E:$E,">0"))	414.9351	40.7104	=IF(I243="","",ROUND(G243-I243,2))	=IF(J243="","",ROUND(H243-J243,2))
MRP Liberty	3892 Camino St	Foley	AL	36535	=IFERROR(INDEX(zips!$B:$B,MATCH(E244,zips!$A:$A,0)),"")	=IFERROR(INDEX(zips!$E:$E,MATCH(E244,zips!$A:$A,0)),"")	=IF(OR(F244="",G244=""),"",100*SUMIFS(zips!$C:$C,zips!$B:$B,F244,zips!$E:$E,"<"&G244)/SUMIFS(zips!$C:$C,zips!$B:$B,F244,zips!$E:$E,">0"))	414.9351	40.7104	=IF(I244="","",ROUND(G244-I244,2))	=IF(J244="","",ROUND(H244-J244,2))
MRP Liberty	3911 Camino St	Foley	AL	36535	=IFERROR(INDEX(zips!$B:$B,MATCH(E245,zips!$A:$A,0)),"")	=IFERROR(INDEX(zips!$E:$E,MATCH(E245,zips!$A:$A,0)),"")	=IF(OR(F245="",G245=""),"",100*SUMIFS(zips!$C:$C,zips!$B:$B,F245,zips!$E:$E,"<"&G245)/SUMIFS(zips!$C:$C,zips!$B:$B,F245,zips!$E:$E,">0"))	414.9351	40.7104	=IF(I245="","",ROUND(G245-I245,2))	=IF(J245="","",ROUND(H245-J245,2))
MRP Liberty	3898 Puerto St	Foley	AL	36535	=IFERROR(INDEX(zips!$B:$B,MATCH(E246,zips!$A:$A,0)),"")	=IFERROR(INDEX(zips!$E:$E,MATCH(E246,zips!$A:$A,0)),"")	=IF(OR(F246="",G246=""),"",100*SUMIFS(zips!$C:$C,zips!$B:$B,F246,zips!$E:$E,"<"&G246)/SUMIFS(zips!$C:$C,zips!$B:$B,F246,zips!$E:$E,">0"))	414.9351	40.7104	=IF(I246="","",ROUND(G246-I246,2))	=IF(J246="","",ROUND(H246-J246,2))
MRP Liberty	3886 Puerto St	Foley	AL	36535	=IFERROR(INDEX(zips!$B:$B,MATCH(E247,zips!$A:$A,0)),"")	=IFERROR(INDEX(zips!$E:$E,MATCH(E247,zips!$A:$A,0)),"")	=IF(OR(F247="",G247=""),"",100*SUMIFS(zips!$C:$C,zips!$B:$B,F247,zips!$E:$E,"<"&G247)/SUMIFS(zips!$C:$C,zips!$B:$B,F247,zips!$E:$E,">0"))	414.9351	40.7104	=IF(I247="","",ROUND(G247-I247,2))	=IF(J247="","",ROUND(H247-J247,2))
MRP Liberty	3766 Casita Cir	Foley	AL	36535	=IFERROR(INDEX(zips!$B:$B,MATCH(E248,zips!$A:$A,0)),"")	=IFERROR(INDEX(zips!$E:$E,MATCH(E248,zips!$A:$A,0)),"")	=IF(OR(F248="",G248=""),"",100*SUMIFS(zips!$C:$C,zips!$B:$B,F248,zips!$E:$E,"<"&G248)/SUMIFS(zips!$C:$C,zips!$B:$B,F248,zips!$E:$E,">0"))	414.9351	40.7104	=IF(I248="","",ROUND(G248-I248,2))	=IF(J248="","",ROUND(H248-J248,2))
MRP Liberty	3770 Casita Cir	Foley	AL	36535	=IFERROR(INDEX(zips!$B:$B,MATCH(E249,zips!$A:$A,0)),"")	=IFERROR(INDEX(zips!$E:$E,MATCH(E249,zips!$A:$A,0)),"")	=IF(OR(F249="",G249=""),"",100*SUMIFS(zips!$C:$C,zips!$B:$B,F249,zips!$E:$E,"<"&G249)/SUMIFS(zips!$C:$C,zips!$B:$B,F249,zips!$E:$E,">0"))	414.9351	40.7104	=IF(I249="","",ROUND(G249-I249,2))	=IF(J249="","",ROUND(H249-J249,2))
MRP Liberty	3774 Casita Cir	Foley	AL	36535	=IFERROR(INDEX(zips!$B:$B,MATCH(E250,zips!$A:$A,0)),"")	=IFERROR(INDEX(zips!$E:$E,MATCH(E250,zips!$A:$A,0)),"")	=IF(OR(F250="",G250=""),"",100*SUMIFS(zips!$C:$C,zips!$B:$B,F250,zips!$E:$E,"<"&G250)/SUMIFS(zips!$C:$C,zips!$B:$B,F250,zips!$E:$E,">0"))	414.9351	40.7104	=IF(I250="","",ROUND(G250-I250,2))	=IF(J250="","",ROUND(H250-J250,2))
MRP Liberty	123 Coral Bells Rd		AL	35773	=IFERROR(INDEX(zips!$B:$B,MATCH(E251,zips!$A:$A,0)),"")	=IFERROR(INDEX(zips!$E:$E,MATCH(E251,zips!$A:$A,0)),"")	=IF(OR(F251="",G251=""),"",100*SUMIFS(zips!$C:$C,zips!$B:$B,F251,zips!$E:$E,"<"&G251)/SUMIFS(zips!$C:$C,zips!$B:$B,F251,zips!$E:$E,">0"))	192.8713	11.2922	=IF(I251="","",ROUND(G251-I251,2))	=IF(J251="","",ROUND(H251-J251,2))
MRP Liberty	125 Fairchester Dr		AL	35749	=IFERROR(INDEX(zips!$B:$B,MATCH(E252,zips!$A:$A,0)),"")	=IFERROR(INDEX(zips!$E:$E,MATCH(E252,zips!$A:$A,0)),"")	=IF(OR(F252="",G252=""),"",100*SUMIFS(zips!$C:$C,zips!$B:$B,F252,zips!$E:$E,"<"&G252)/SUMIFS(zips!$C:$C,zips!$B:$B,F252,zips!$E:$E,">0"))	672.6901	47.6654	=IF(I252="","",ROUND(G252-I252,2))	=IF(J252="","",ROUND(H252-J252,2))
MRP Liberty	118 Starling Mill Trl		AL	35811	=IFERROR(INDEX(zips!$B:$B,MATCH(E253,zips!$A:$A,0)),"")	=IFERROR(INDEX(zips!$E:$E,MATCH(E253,zips!$A:$A,0)),"")	=IF(OR(F253="",G253=""),"",100*SUMIFS(zips!$C:$C,zips!$B:$B,F253,zips!$E:$E,"<"&G253)/SUMIFS(zips!$C:$C,zips!$B:$B,F253,zips!$E:$E,">0"))	634.7459	41.7488	=IF(I253="","",ROUND(G253-I253,2))	=IF(J253="","",ROUND(H253-J253,2))
MRP Liberty	3459 Chota Ln	Bethlehem	GA	30620	=IFERROR(INDEX(zips!$B:$B,MATCH(E254,zips!$A:$A,0)),"")	=IFERROR(INDEX(zips!$E:$E,MATCH(E254,zips!$A:$A,0)),"")	=IF(OR(F254="",G254=""),"",100*SUMIFS(zips!$C:$C,zips!$B:$B,F254,zips!$E:$E,"<"&G254)/SUMIFS(zips!$C:$C,zips!$B:$B,F254,zips!$E:$E,">0"))	746.0589	23.3284	=IF(I254="","",ROUND(G254-I254,2))	=IF(J254="","",ROUND(H254-J254,2))
MRP Liberty	3488 Chota Ln	Bethlehem	GA	30620	=IFERROR(INDEX(zips!$B:$B,MATCH(E255,zips!$A:$A,0)),"")	=IFERROR(INDEX(zips!$E:$E,MATCH(E255,zips!$A:$A,0)),"")	=IF(OR(F255="",G255=""),"",100*SUMIFS(zips!$C:$C,zips!$B:$B,F255,zips!$E:$E,"<"&G255)/SUMIFS(zips!$C:$C,zips!$B:$B,F255,zips!$E:$E,">0"))	746.0589	23.3284	=IF(I255="","",ROUND(G255-I255,2))	=IF(J255="","",ROUND(H255-J255,2))
MRP Liberty	3468 Chota Ln	Bethlehem	GA	30620	=IFERROR(INDEX(zips!$B:$B,MATCH(E256,zips!$A:$A,0)),"")	=IFERROR(INDEX(zips!$E:$E,MATCH(E256,zips!$A:$A,0)),"")	=IF(OR(F256="",G256=""),"",100*SUMIFS(zips!$C:$C,zips!$B:$B,F256,zips!$E:$E,"<"&G256)/SUMIFS(zips!$C:$C,zips!$B:$B,F256,zips!$E:$E,">0"))	746.0589	23.3284	=IF(I256="","",ROUND(G256-I256,2))	=IF(J256="","",ROUND(H256-J256,2))
MRP Liberty	1908 Enota Dr	Bethlehem	GA	30620	=IFERROR(INDEX(zips!$B:$B,MATCH(E257,zips!$A:$A,0)),"")	=IFERROR(INDEX(zips!$E:$E,MATCH(E257,zips!$A:$A,0)),"")	=IF(OR(F257="",G257=""),"",100*SUMIFS(zips!$C:$C,zips!$B:$B,F257,zips!$E:$E,"<"&G257)/SUMIFS(zips!$C:$C,zips!$B:$B,F257,zips!$E:$E,">0"))	746.0589	23.3284	=IF(I257="","",ROUND(G257-I257,2))	=IF(J257="","",ROUND(H257-J257,2))
MRP Liberty	2018 Presley Pt	Lawrenceville	GA	30044	=IFERROR(INDEX(zips!$B:$B,MATCH(E258,zips!$A:$A,0)),"")	=IFERROR(INDEX(zips!$E:$E,MATCH(E258,zips!$A:$A,0)),"")	=IF(OR(F258="",G258=""),"",100*SUMIFS(zips!$C:$C,zips!$B:$B,F258,zips!$E:$E,"<"&G258)/SUMIFS(zips!$C:$C,zips!$B:$B,F258,zips!$E:$E,">0"))	4046.0293	90.4807	=IF(I258="","",ROUND(G258-I258,2))	=IF(J258="","",ROUND(H258-J258,2))
MRP Liberty	2016 Presley Pt	Lawrenceville	GA	30044	=IFERROR(INDEX(zips!$B:$B,MATCH(E259,zips!$A:$A,0)),"")	=IFERROR(INDEX(zips!$E:$E,MATCH(E259,zips!$A:$A,0)),"")	=IF(OR(F259="",G259=""),"",100*SUMIFS(zips!$C:$C,zips!$B:$B,F259,zips!$E:$E,"<"&G259)/SUMIFS(zips!$C:$C,zips!$B:$B,F259,zips!$E:$E,">0"))	4046.0293	90.4807	=IF(I259="","",ROUND(G259-I259,2))	=IF(J259="","",ROUND(H259-J259,2))
MRP Liberty	2006 Presley Pt	Lawrenceville	GA	30044	=IFERROR(INDEX(zips!$B:$B,MATCH(E260,zips!$A:$A,0)),"")	=IFERROR(INDEX(zips!$E:$E,MATCH(E260,zips!$A:$A,0)),"")	=IF(OR(F260="",G260=""),"",100*SUMIFS(zips!$C:$C,zips!$B:$B,F260,zips!$E:$E,"<"&G260)/SUMIFS(zips!$C:$C,zips!$B:$B,F260,zips!$E:$E,">0"))	4046.0293	90.4807	=IF(I260="","",ROUND(G260-I260,2))	=IF(J260="","",ROUND(H260-J260,2))
MRP Liberty	1918 Enota Dr	Bethlehem	GA	30620	=IFERROR(INDEX(zips!$B:$B,MATCH(E261,zips!$A:$A,0)),"")	=IFERROR(INDEX(zips!$E:$E,MATCH(E261,zips!$A:$A,0)),"")	=IF(OR(F261="",G261=""),"",100*SUMIFS(zips!$C:$C,zips!$B:$B,F261,zips!$E:$E,"<"&G261)/SUMIFS(zips!$C:$C,zips!$B:$B,F261,zips!$E:$E,">0"))	746.0589	23.3284	=IF(I261="","",ROUND(G261-I261,2))	=IF(J261="","",ROUND(H261-J261,2))
MRP Liberty	2000 Presley Pt	Lawrenceville	GA	30044	=IFERROR(INDEX(zips!$B:$B,MATCH(E262,zips!$A:$A,0)),"")	=IFERROR(INDEX(zips!$E:$E,MATCH(E262,zips!$A:$A,0)),"")	=IF(OR(F262="",G262=""),"",100*SUMIFS(zips!$C:$C,zips!$B:$B,F262,zips!$E:$E,"<"&G262)/SUMIFS(zips!$C:$C,zips!$B:$B,F262,zips!$E:$E,">0"))	4046.0293	90.4807	=IF(I262="","",ROUND(G262-I262,2))	=IF(J262="","",ROUND(H262-J262,2))
MRP Liberty	2002 Presley Pt	Lawrenceville	GA	30044	=IFERROR(INDEX(zips!$B:$B,MATCH(E263,zips!$A:$A,0)),"")	=IFERROR(INDEX(zips!$E:$E,MATCH(E263,zips!$A:$A,0)),"")	=IF(OR(F263="",G263=""),"",100*SUMIFS(zips!$C:$C,zips!$B:$B,F263,zips!$E:$E,"<"&G263)/SUMIFS(zips!$C:$C,zips!$B:$B,F263,zips!$E:$E,">0"))	4046.0293	90.4807	=IF(I263="","",ROUND(G263-I263,2))	=IF(J263="","",ROUND(H263-J263,2))
MRP Liberty	2004 Presley Pt	Lawrenceville	GA	30044	=IFERROR(INDEX(zips!$B:$B,MATCH(E264,zips!$A:$A,0)),"")	=IFERROR(INDEX(zips!$E:$E,MATCH(E264,zips!$A:$A,0)),"")	=IF(OR(F264="",G264=""),"",100*SUMIFS(zips!$C:$C,zips!$B:$B,F264,zips!$E:$E,"<"&G264)/SUMIFS(zips!$C:$C,zips!$B:$B,F264,zips!$E:$E,">0"))	4046.0293	90.4807	=IF(I264="","",ROUND(G264-I264,2))	=IF(J264="","",ROUND(H264-J264,2))
MRP Liberty	2014 Presley Pt	Lawrenceville	GA	30044	=IFERROR(INDEX(zips!$B:$B,MATCH(E265,zips!$A:$A,0)),"")	=IFERROR(INDEX(zips!$E:$E,MATCH(E265,zips!$A:$A,0)),"")	=IF(OR(F265="",G265=""),"",100*SUMIFS(zips!$C:$C,zips!$B:$B,F265,zips!$E:$E,"<"&G265)/SUMIFS(zips!$C:$C,zips!$B:$B,F265,zips!$E:$E,">0"))	4046.0293	90.4807	=IF(I265="","",ROUND(G265-I265,2))	=IF(J265="","",ROUND(H265-J265,2))
MRP Liberty	106 Overton Dr	Perry	GA	31069	=IFERROR(INDEX(zips!$B:$B,MATCH(E266,zips!$A:$A,0)),"")	=IFERROR(INDEX(zips!$E:$E,MATCH(E266,zips!$A:$A,0)),"")	=IF(OR(F266="",G266=""),"",100*SUMIFS(zips!$C:$C,zips!$B:$B,F266,zips!$E:$E,"<"&G266)/SUMIFS(zips!$C:$C,zips!$B:$B,F266,zips!$E:$E,">0"))	221.3214	14.5521	=IF(I266="","",ROUND(G266-I266,2))	=IF(J266="","",ROUND(H266-J266,2))
MRP Liberty	107 Overton Dr	Perry	GA	31069	=IFERROR(INDEX(zips!$B:$B,MATCH(E267,zips!$A:$A,0)),"")	=IFERROR(INDEX(zips!$E:$E,MATCH(E267,zips!$A:$A,0)),"")	=IF(OR(F267="",G267=""),"",100*SUMIFS(zips!$C:$C,zips!$B:$B,F267,zips!$E:$E,"<"&G267)/SUMIFS(zips!$C:$C,zips!$B:$B,F267,zips!$E:$E,">0"))	221.3214	14.5521	=IF(I267="","",ROUND(G267-I267,2))	=IF(J267="","",ROUND(H267-J267,2))
MRP Liberty	141 Overton Dr	Perry	GA	31069	=IFERROR(INDEX(zips!$B:$B,MATCH(E268,zips!$A:$A,0)),"")	=IFERROR(INDEX(zips!$E:$E,MATCH(E268,zips!$A:$A,0)),"")	=IF(OR(F268="",G268=""),"",100*SUMIFS(zips!$C:$C,zips!$B:$B,F268,zips!$E:$E,"<"&G268)/SUMIFS(zips!$C:$C,zips!$B:$B,F268,zips!$E:$E,">0"))	221.3214	14.5521	=IF(I268="","",ROUND(G268-I268,2))	=IF(J268="","",ROUND(H268-J268,2))
MRP Liberty	145 Overton Dr	Perry	GA	31069	=IFERROR(INDEX(zips!$B:$B,MATCH(E269,zips!$A:$A,0)),"")	=IFERROR(INDEX(zips!$E:$E,MATCH(E269,zips!$A:$A,0)),"")	=IF(OR(F269="",G269=""),"",100*SUMIFS(zips!$C:$C,zips!$B:$B,F269,zips!$E:$E,"<"&G269)/SUMIFS(zips!$C:$C,zips!$B:$B,F269,zips!$E:$E,">0"))	221.3214	14.5521	=IF(I269="","",ROUND(G269-I269,2))	=IF(J269="","",ROUND(H269-J269,2))
MRP Liberty	147 Overton Dr	Perry	GA	31069	=IFERROR(INDEX(zips!$B:$B,MATCH(E270,zips!$A:$A,0)),"")	=IFERROR(INDEX(zips!$E:$E,MATCH(E270,zips!$A:$A,0)),"")	=IF(OR(F270="",G270=""),"",100*SUMIFS(zips!$C:$C,zips!$B:$B,F270,zips!$E:$E,"<"&G270)/SUMIFS(zips!$C:$C,zips!$B:$B,F270,zips!$E:$E,">0"))	221.3214	14.5521	=IF(I270="","",ROUND(G270-I270,2))	=IF(J270="","",ROUND(H270-J270,2))
MRP Liberty	149 Overton Dr	Perry	GA	31069	=IFERROR(INDEX(zips!$B:$B,MATCH(E271,zips!$A:$A,0)),"")	=IFERROR(INDEX(zips!$E:$E,MATCH(E271,zips!$A:$A,0)),"")	=IF(OR(F271="",G271=""),"",100*SUMIFS(zips!$C:$C,zips!$B:$B,F271,zips!$E:$E,"<"&G271)/SUMIFS(zips!$C:$C,zips!$B:$B,F271,zips!$E:$E,">0"))	221.3214	14.5521	=IF(I271="","",ROUND(G271-I271,2))	=IF(J271="","",ROUND(H271-J271,2))
MRP Liberty	151 Overton Dr	Perry	GA	31069	=IFERROR(INDEX(zips!$B:$B,MATCH(E272,zips!$A:$A,0)),"")	=IFERROR(INDEX(zips!$E:$E,MATCH(E272,zips!$A:$A,0)),"")	=IF(OR(F272="",G272=""),"",100*SUMIFS(zips!$C:$C,zips!$B:$B,F272,zips!$E:$E,"<"&G272)/SUMIFS(zips!$C:$C,zips!$B:$B,F272,zips!$E:$E,">0"))	221.3214	14.5521	=IF(I272="","",ROUND(G272-I272,2))	=IF(J272="","",ROUND(H272-J272,2))
MRP Liberty	153 Overton Dr	Perry	GA	31069	=IFERROR(INDEX(zips!$B:$B,MATCH(E273,zips!$A:$A,0)),"")	=IFERROR(INDEX(zips!$E:$E,MATCH(E273,zips!$A:$A,0)),"")	=IF(OR(F273="",G273=""),"",100*SUMIFS(zips!$C:$C,zips!$B:$B,F273,zips!$E:$E,"<"&G273)/SUMIFS(zips!$C:$C,zips!$B:$B,F273,zips!$E:$E,">0"))	221.3214	14.5521	=IF(I273="","",ROUND(G273-I273,2))	=IF(J273="","",ROUND(H273-J273,2))
MRP Liberty	156 Overton Dr	Perry	GA	31069	=IFERROR(INDEX(zips!$B:$B,MATCH(E274,zips!$A:$A,0)),"")	=IFERROR(INDEX(zips!$E:$E,MATCH(E274,zips!$A:$A,0)),"")	=IF(OR(F274="",G274=""),"",100*SUMIFS(zips!$C:$C,zips!$B:$B,F274,zips!$E:$E,"<"&G274)/SUMIFS(zips!$C:$C,zips!$B:$B,F274,zips!$E:$E,">0"))	221.3214	14.5521	=IF(I274="","",ROUND(G274-I274,2))	=IF(J274="","",ROUND(H274-J274,2))
MRP Liberty	315 Mahan Dr	Perry	GA	31069	=IFERROR(INDEX(zips!$B:$B,MATCH(E275,zips!$A:$A,0)),"")	=IFERROR(INDEX(zips!$E:$E,MATCH(E275,zips!$A:$A,0)),"")	=IF(OR(F275="",G275=""),"",100*SUMIFS(zips!$C:$C,zips!$B:$B,F275,zips!$E:$E,"<"&G275)/SUMIFS(zips!$C:$C,zips!$B:$B,F275,zips!$E:$E,">0"))	221.3214	14.5521	=IF(I275="","",ROUND(G275-I275,2))	=IF(J275="","",ROUND(H275-J275,2))
MRP Liberty	105 Fern Creek Way	Kathleen	GA	31047	=IFERROR(INDEX(zips!$B:$B,MATCH(E276,zips!$A:$A,0)),"")	=IFERROR(INDEX(zips!$E:$E,MATCH(E276,zips!$A:$A,0)),"")	=IF(OR(F276="",G276=""),"",100*SUMIFS(zips!$C:$C,zips!$B:$B,F276,zips!$E:$E,"<"&G276)/SUMIFS(zips!$C:$C,zips!$B:$B,F276,zips!$E:$E,">0"))	264.4769	25.2464	=IF(I276="","",ROUND(G276-I276,2))	=IF(J276="","",ROUND(H276-J276,2))
MRP Liberty	107 Fern Creek Way	Kathleen	GA	31047	=IFERROR(INDEX(zips!$B:$B,MATCH(E277,zips!$A:$A,0)),"")	=IFERROR(INDEX(zips!$E:$E,MATCH(E277,zips!$A:$A,0)),"")	=IF(OR(F277="",G277=""),"",100*SUMIFS(zips!$C:$C,zips!$B:$B,F277,zips!$E:$E,"<"&G277)/SUMIFS(zips!$C:$C,zips!$B:$B,F277,zips!$E:$E,">0"))	264.4769	25.2464	=IF(I277="","",ROUND(G277-I277,2))	=IF(J277="","",ROUND(H277-J277,2))
MRP Liberty	113 Fern Creek Way	Kathleen	GA	31047	=IFERROR(INDEX(zips!$B:$B,MATCH(E278,zips!$A:$A,0)),"")	=IFERROR(INDEX(zips!$E:$E,MATCH(E278,zips!$A:$A,0)),"")	=IF(OR(F278="",G278=""),"",100*SUMIFS(zips!$C:$C,zips!$B:$B,F278,zips!$E:$E,"<"&G278)/SUMIFS(zips!$C:$C,zips!$B:$B,F278,zips!$E:$E,">0"))	264.4769	25.2464	=IF(I278="","",ROUND(G278-I278,2))	=IF(J278="","",ROUND(H278-J278,2))
MRP Liberty	117 Rolling Meadow Way	Kathleen	GA	31047	=IFERROR(INDEX(zips!$B:$B,MATCH(E279,zips!$A:$A,0)),"")	=IFERROR(INDEX(zips!$E:$E,MATCH(E279,zips!$A:$A,0)),"")	=IF(OR(F279="",G279=""),"",100*SUMIFS(zips!$C:$C,zips!$B:$B,F279,zips!$E:$E,"<"&G279)/SUMIFS(zips!$C:$C,zips!$B:$B,F279,zips!$E:$E,">0"))	264.4769	25.2464	=IF(I279="","",ROUND(G279-I279,2))	=IF(J279="","",ROUND(H279-J279,2))
MRP Liberty	161 Overton Dr	Perry	GA	31069	=IFERROR(INDEX(zips!$B:$B,MATCH(E280,zips!$A:$A,0)),"")	=IFERROR(INDEX(zips!$E:$E,MATCH(E280,zips!$A:$A,0)),"")	=IF(OR(F280="",G280=""),"",100*SUMIFS(zips!$C:$C,zips!$B:$B,F280,zips!$E:$E,"<"&G280)/SUMIFS(zips!$C:$C,zips!$B:$B,F280,zips!$E:$E,">0"))	221.3214	14.5521	=IF(I280="","",ROUND(G280-I280,2))	=IF(J280="","",ROUND(H280-J280,2))
MRP Liberty	313 Mahan Dr	Perry	GA	31069	=IFERROR(INDEX(zips!$B:$B,MATCH(E281,zips!$A:$A,0)),"")	=IFERROR(INDEX(zips!$E:$E,MATCH(E281,zips!$A:$A,0)),"")	=IF(OR(F281="",G281=""),"",100*SUMIFS(zips!$C:$C,zips!$B:$B,F281,zips!$E:$E,"<"&G281)/SUMIFS(zips!$C:$C,zips!$B:$B,F281,zips!$E:$E,">0"))	221.3214	14.5521	=IF(I281="","",ROUND(G281-I281,2))	=IF(J281="","",ROUND(H281-J281,2))
MRP Liberty	103 Kanza Trl	Perry	GA	31069	=IFERROR(INDEX(zips!$B:$B,MATCH(E282,zips!$A:$A,0)),"")	=IFERROR(INDEX(zips!$E:$E,MATCH(E282,zips!$A:$A,0)),"")	=IF(OR(F282="",G282=""),"",100*SUMIFS(zips!$C:$C,zips!$B:$B,F282,zips!$E:$E,"<"&G282)/SUMIFS(zips!$C:$C,zips!$B:$B,F282,zips!$E:$E,">0"))	221.3214	14.5521	=IF(I282="","",ROUND(G282-I282,2))	=IF(J282="","",ROUND(H282-J282,2))
MRP Liberty	871 Rainwater Trce	Lawrenceville	GA	30044	=IFERROR(INDEX(zips!$B:$B,MATCH(E283,zips!$A:$A,0)),"")	=IFERROR(INDEX(zips!$E:$E,MATCH(E283,zips!$A:$A,0)),"")	=IF(OR(F283="",G283=""),"",100*SUMIFS(zips!$C:$C,zips!$B:$B,F283,zips!$E:$E,"<"&G283)/SUMIFS(zips!$C:$C,zips!$B:$B,F283,zips!$E:$E,">0"))	4046.0293	90.4807	=IF(I283="","",ROUND(G283-I283,2))	=IF(J283="","",ROUND(H283-J283,2))
MRP Liberty	873 Rainwater Trce	Lawrenceville	GA	30044	=IFERROR(INDEX(zips!$B:$B,MATCH(E284,zips!$A:$A,0)),"")	=IFERROR(INDEX(zips!$E:$E,MATCH(E284,zips!$A:$A,0)),"")	=IF(OR(F284="",G284=""),"",100*SUMIFS(zips!$C:$C,zips!$B:$B,F284,zips!$E:$E,"<"&G284)/SUMIFS(zips!$C:$C,zips!$B:$B,F284,zips!$E:$E,">0"))	4046.0293	90.4807	=IF(I284="","",ROUND(G284-I284,2))	=IF(J284="","",ROUND(H284-J284,2))
MRP Liberty	875 Rainwater Trce	Lawrenceville	GA	30044	=IFERROR(INDEX(zips!$B:$B,MATCH(E285,zips!$A:$A,0)),"")	=IFERROR(INDEX(zips!$E:$E,MATCH(E285,zips!$A:$A,0)),"")	=IF(OR(F285="",G285=""),"",100*SUMIFS(zips!$C:$C,zips!$B:$B,F285,zips!$E:$E,"<"&G285)/SUMIFS(zips!$C:$C,zips!$B:$B,F285,zips!$E:$E,">0"))	4046.0293	90.4807	=IF(I285="","",ROUND(G285-I285,2))	=IF(J285="","",ROUND(H285-J285,2))
MRP Liberty	3329 Sunstone Drive	Fairfield District	VA	23223	=IFERROR(INDEX(zips!$B:$B,MATCH(E286,zips!$A:$A,0)),"")	=IFERROR(INDEX(zips!$E:$E,MATCH(E286,zips!$A:$A,0)),"")	=IF(OR(F286="",G286=""),"",100*SUMIFS(zips!$C:$C,zips!$B:$B,F286,zips!$E:$E,"<"&G286)/SUMIFS(zips!$C:$C,zips!$B:$B,F286,zips!$E:$E,">0"))	3393.2578	90.6084	=IF(I286="","",ROUND(G286-I286,2))	=IF(J286="","",ROUND(H286-J286,2))
MRP Liberty	3333 Sunstone Drive	Fairfield District	VA	23223	=IFERROR(INDEX(zips!$B:$B,MATCH(E287,zips!$A:$A,0)),"")	=IFERROR(INDEX(zips!$E:$E,MATCH(E287,zips!$A:$A,0)),"")	=IF(OR(F287="",G287=""),"",100*SUMIFS(zips!$C:$C,zips!$B:$B,F287,zips!$E:$E,"<"&G287)/SUMIFS(zips!$C:$C,zips!$B:$B,F287,zips!$E:$E,">0"))	3393.2578	90.6084	=IF(I287="","",ROUND(G287-I287,2))	=IF(J287="","",ROUND(H287-J287,2))
MRP Liberty	3321 Sunstone Drive	Fairfield District	VA	23223	=IFERROR(INDEX(zips!$B:$B,MATCH(E288,zips!$A:$A,0)),"")	=IFERROR(INDEX(zips!$E:$E,MATCH(E288,zips!$A:$A,0)),"")	=IF(OR(F288="",G288=""),"",100*SUMIFS(zips!$C:$C,zips!$B:$B,F288,zips!$E:$E,"<"&G288)/SUMIFS(zips!$C:$C,zips!$B:$B,F288,zips!$E:$E,">0"))	3393.2578	90.6084	=IF(I288="","",ROUND(G288-I288,2))	=IF(J288="","",ROUND(H288-J288,2))
MRP Liberty	3332 Sunstone Drive	Fairfield District	VA	23223	=IFERROR(INDEX(zips!$B:$B,MATCH(E289,zips!$A:$A,0)),"")	=IFERROR(INDEX(zips!$E:$E,MATCH(E289,zips!$A:$A,0)),"")	=IF(OR(F289="",G289=""),"",100*SUMIFS(zips!$C:$C,zips!$B:$B,F289,zips!$E:$E,"<"&G289)/SUMIFS(zips!$C:$C,zips!$B:$B,F289,zips!$E:$E,">0"))	3393.2578	90.6084	=IF(I289="","",ROUND(G289-I289,2))	=IF(J289="","",ROUND(H289-J289,2))
MRP Liberty	2720 Fall Line St	Caldwell	ID	83605	=IFERROR(INDEX(zips!$B:$B,MATCH(E290,zips!$A:$A,0)),"")	=IFERROR(INDEX(zips!$E:$E,MATCH(E290,zips!$A:$A,0)),"")	=IF(OR(F290="",G290=""),"",100*SUMIFS(zips!$C:$C,zips!$B:$B,F290,zips!$E:$E,"<"&G290)/SUMIFS(zips!$C:$C,zips!$B:$B,F290,zips!$E:$E,">0"))	1671.0655	53.9098	=IF(I290="","",ROUND(G290-I290,2))	=IF(J290="","",ROUND(H290-J290,2))
MRP Liberty	2724 Fall Line St	Caldwell	ID	83605	=IFERROR(INDEX(zips!$B:$B,MATCH(E291,zips!$A:$A,0)),"")	=IFERROR(INDEX(zips!$E:$E,MATCH(E291,zips!$A:$A,0)),"")	=IF(OR(F291="",G291=""),"",100*SUMIFS(zips!$C:$C,zips!$B:$B,F291,zips!$E:$E,"<"&G291)/SUMIFS(zips!$C:$C,zips!$B:$B,F291,zips!$E:$E,">0"))	1671.0655	53.9098	=IF(I291="","",ROUND(G291-I291,2))	=IF(J291="","",ROUND(H291-J291,2))
MRP Liberty	2725 Fall Line St	Caldwell	ID	83605	=IFERROR(INDEX(zips!$B:$B,MATCH(E292,zips!$A:$A,0)),"")	=IFERROR(INDEX(zips!$E:$E,MATCH(E292,zips!$A:$A,0)),"")	=IF(OR(F292="",G292=""),"",100*SUMIFS(zips!$C:$C,zips!$B:$B,F292,zips!$E:$E,"<"&G292)/SUMIFS(zips!$C:$C,zips!$B:$B,F292,zips!$E:$E,">0"))	1671.0655	53.9098	=IF(I292="","",ROUND(G292-I292,2))	=IF(J292="","",ROUND(H292-J292,2))
MRP Liberty	4516 Portofino Way	Caldwell	ID	83605	=IFERROR(INDEX(zips!$B:$B,MATCH(E293,zips!$A:$A,0)),"")	=IFERROR(INDEX(zips!$E:$E,MATCH(E293,zips!$A:$A,0)),"")	=IF(OR(F293="",G293=""),"",100*SUMIFS(zips!$C:$C,zips!$B:$B,F293,zips!$E:$E,"<"&G293)/SUMIFS(zips!$C:$C,zips!$B:$B,F293,zips!$E:$E,">0"))	1671.0655	53.9098	=IF(I293="","",ROUND(G293-I293,2))	=IF(J293="","",ROUND(H293-J293,2))
MRP Liberty	4513 Portofino Way	Caldwell	ID	83605	=IFERROR(INDEX(zips!$B:$B,MATCH(E294,zips!$A:$A,0)),"")	=IFERROR(INDEX(zips!$E:$E,MATCH(E294,zips!$A:$A,0)),"")	=IF(OR(F294="",G294=""),"",100*SUMIFS(zips!$C:$C,zips!$B:$B,F294,zips!$E:$E,"<"&G294)/SUMIFS(zips!$C:$C,zips!$B:$B,F294,zips!$E:$E,">0"))	1671.0655	53.9098	=IF(I294="","",ROUND(G294-I294,2))	=IF(J294="","",ROUND(H294-J294,2))
MRP Liberty	4423 Portofino Way	Caldwell	ID	83605	=IFERROR(INDEX(zips!$B:$B,MATCH(E295,zips!$A:$A,0)),"")	=IFERROR(INDEX(zips!$E:$E,MATCH(E295,zips!$A:$A,0)),"")	=IF(OR(F295="",G295=""),"",100*SUMIFS(zips!$C:$C,zips!$B:$B,F295,zips!$E:$E,"<"&G295)/SUMIFS(zips!$C:$C,zips!$B:$B,F295,zips!$E:$E,">0"))	1671.0655	53.9098	=IF(I295="","",ROUND(G295-I295,2))	=IF(J295="","",ROUND(H295-J295,2))
MRP Liberty	15169 Aviaticus Way	Caldwell	ID	83607	=IFERROR(INDEX(zips!$B:$B,MATCH(E296,zips!$A:$A,0)),"")	=IFERROR(INDEX(zips!$E:$E,MATCH(E296,zips!$A:$A,0)),"")	=IF(OR(F296="",G296=""),"",100*SUMIFS(zips!$C:$C,zips!$B:$B,F296,zips!$E:$E,"<"&G296)/SUMIFS(zips!$C:$C,zips!$B:$B,F296,zips!$E:$E,">0"))	146.9899	9.0296	=IF(I296="","",ROUND(G296-I296,2))	=IF(J296="","",ROUND(H296-J296,2))
MRP Liberty	350 Diversity Way	RALEIGH	NC	27610	=IFERROR(INDEX(zips!$B:$B,MATCH(E297,zips!$A:$A,0)),"")	=IFERROR(INDEX(zips!$E:$E,MATCH(E297,zips!$A:$A,0)),"")	=IF(OR(F297="",G297=""),"",100*SUMIFS(zips!$C:$C,zips!$B:$B,F297,zips!$E:$E,"<"&G297)/SUMIFS(zips!$C:$C,zips!$B:$B,F297,zips!$E:$E,">0"))	1776.1753	60.821	=IF(I297="","",ROUND(G297-I297,2))	=IF(J297="","",ROUND(H297-J297,2))
MRP Liberty	216 Tree Moss Ct	ROLESVILLE	NC	27571	=IFERROR(INDEX(zips!$B:$B,MATCH(E298,zips!$A:$A,0)),"")	=IFERROR(INDEX(zips!$E:$E,MATCH(E298,zips!$A:$A,0)),"")	=IF(OR(F298="",G298=""),"",100*SUMIFS(zips!$C:$C,zips!$B:$B,F298,zips!$E:$E,"<"&G298)/SUMIFS(zips!$C:$C,zips!$B:$B,F298,zips!$E:$E,">0"))	1832.5447	66.2568	=IF(I298="","",ROUND(G298-I298,2))	=IF(J298="","",ROUND(H298-J298,2))
MRP Liberty	224 Tree Moss Ct	ROLESVILLE	NC	27571	=IFERROR(INDEX(zips!$B:$B,MATCH(E299,zips!$A:$A,0)),"")	=IFERROR(INDEX(zips!$E:$E,MATCH(E299,zips!$A:$A,0)),"")	=IF(OR(F299="",G299=""),"",100*SUMIFS(zips!$C:$C,zips!$B:$B,F299,zips!$E:$E,"<"&G299)/SUMIFS(zips!$C:$C,zips!$B:$B,F299,zips!$E:$E,">0"))	1832.5447	66.2568	=IF(I299="","",ROUND(G299-I299,2))	=IF(J299="","",ROUND(H299-J299,2))
MRP Liberty	460 Laurel Chase Dr	GARNER	NC	27529	=IFERROR(INDEX(zips!$B:$B,MATCH(E300,zips!$A:$A,0)),"")	=IFERROR(INDEX(zips!$E:$E,MATCH(E300,zips!$A:$A,0)),"")	=IF(OR(F300="",G300=""),"",100*SUMIFS(zips!$C:$C,zips!$B:$B,F300,zips!$E:$E,"<"&G300)/SUMIFS(zips!$C:$C,zips!$B:$B,F300,zips!$E:$E,">0"))	956.6235	35.1182	=IF(I300="","",ROUND(G300-I300,2))	=IF(J300="","",ROUND(H300-J300,2))
MRP Liberty	100 Tree Moss Ct	ROLESVILLE	NC	27571	=IFERROR(INDEX(zips!$B:$B,MATCH(E301,zips!$A:$A,0)),"")	=IFERROR(INDEX(zips!$E:$E,MATCH(E301,zips!$A:$A,0)),"")	=IF(OR(F301="",G301=""),"",100*SUMIFS(zips!$C:$C,zips!$B:$B,F301,zips!$E:$E,"<"&G301)/SUMIFS(zips!$C:$C,zips!$B:$B,F301,zips!$E:$E,">0"))	1832.5447	66.2568	=IF(I301="","",ROUND(G301-I301,2))	=IF(J301="","",ROUND(H301-J301,2))
MRP Liberty	210 Tree Moss Ct	ROLESVILLE	NC	27571	=IFERROR(INDEX(zips!$B:$B,MATCH(E302,zips!$A:$A,0)),"")	=IFERROR(INDEX(zips!$E:$E,MATCH(E302,zips!$A:$A,0)),"")	=IF(OR(F302="",G302=""),"",100*SUMIFS(zips!$C:$C,zips!$B:$B,F302,zips!$E:$E,"<"&G302)/SUMIFS(zips!$C:$C,zips!$B:$B,F302,zips!$E:$E,">0"))	1832.5447	66.2568	=IF(I302="","",ROUND(G302-I302,2))	=IF(J302="","",ROUND(H302-J302,2))
MRP Liberty	5413 Cayden Cove Dr	WENDELL	NC	27591	=IFERROR(INDEX(zips!$B:$B,MATCH(E303,zips!$A:$A,0)),"")	=IFERROR(INDEX(zips!$E:$E,MATCH(E303,zips!$A:$A,0)),"")	=IF(OR(F303="",G303=""),"",100*SUMIFS(zips!$C:$C,zips!$B:$B,F303,zips!$E:$E,"<"&G303)/SUMIFS(zips!$C:$C,zips!$B:$B,F303,zips!$E:$E,">0"))	401.3536	13.6191	=IF(I303="","",ROUND(G303-I303,2))	=IF(J303="","",ROUND(H303-J303,2))
MRP Liberty	226 Tree Moss Ct	ROLESVILLE	NC	27571	=IFERROR(INDEX(zips!$B:$B,MATCH(E304,zips!$A:$A,0)),"")	=IFERROR(INDEX(zips!$E:$E,MATCH(E304,zips!$A:$A,0)),"")	=IF(OR(F304="",G304=""),"",100*SUMIFS(zips!$C:$C,zips!$B:$B,F304,zips!$E:$E,"<"&G304)/SUMIFS(zips!$C:$C,zips!$B:$B,F304,zips!$E:$E,">0"))	1832.5447	66.2568	=IF(I304="","",ROUND(G304-I304,2))	=IF(J304="","",ROUND(H304-J304,2))
MRP Liberty	218 Tree Moss Ct	ROLESVILLE	NC	27571	=IFERROR(INDEX(zips!$B:$B,MATCH(E305,zips!$A:$A,0)),"")	=IFERROR(INDEX(zips!$E:$E,MATCH(E305,zips!$A:$A,0)),"")	=IF(OR(F305="",G305=""),"",100*SUMIFS(zips!$C:$C,zips!$B:$B,F305,zips!$E:$E,"<"&G305)/SUMIFS(zips!$C:$C,zips!$B:$B,F305,zips!$E:$E,">0"))	1832.5447	66.2568	=IF(I305="","",ROUND(G305-I305,2))	=IF(J305="","",ROUND(H305-J305,2))
MRP Liberty	228 Tree Moss Ct	ROLESVILLE	NC	27571	=IFERROR(INDEX(zips!$B:$B,MATCH(E306,zips!$A:$A,0)),"")	=IFERROR(INDEX(zips!$E:$E,MATCH(E306,zips!$A:$A,0)),"")	=IF(OR(F306="",G306=""),"",100*SUMIFS(zips!$C:$C,zips!$B:$B,F306,zips!$E:$E,"<"&G306)/SUMIFS(zips!$C:$C,zips!$B:$B,F306,zips!$E:$E,">0"))	1832.5447	66.2568	=IF(I306="","",ROUND(G306-I306,2))	=IF(J306="","",ROUND(H306-J306,2))
MRP Liberty	513 Whale Cove Way	WENDELL	NC	27591	=IFERROR(INDEX(zips!$B:$B,MATCH(E307,zips!$A:$A,0)),"")	=IFERROR(INDEX(zips!$E:$E,MATCH(E307,zips!$A:$A,0)),"")	=IF(OR(F307="",G307=""),"",100*SUMIFS(zips!$C:$C,zips!$B:$B,F307,zips!$E:$E,"<"&G307)/SUMIFS(zips!$C:$C,zips!$B:$B,F307,zips!$E:$E,">0"))	401.3536	13.6191	=IF(I307="","",ROUND(G307-I307,2))	=IF(J307="","",ROUND(H307-J307,2))
MRP Liberty	1508 Fruit Tree Ln	WAKE FOREST	NC	27587	=IFERROR(INDEX(zips!$B:$B,MATCH(E308,zips!$A:$A,0)),"")	=IFERROR(INDEX(zips!$E:$E,MATCH(E308,zips!$A:$A,0)),"")	=IF(OR(F308="",G308=""),"",100*SUMIFS(zips!$C:$C,zips!$B:$B,F308,zips!$E:$E,"<"&G308)/SUMIFS(zips!$C:$C,zips!$B:$B,F308,zips!$E:$E,">0"))	779.0916	25.3676	=IF(I308="","",ROUND(G308-I308,2))	=IF(J308="","",ROUND(H308-J308,2))
MRP Liberty	216 Browler Ct	ANGIER	NC	27501	=IFERROR(INDEX(zips!$B:$B,MATCH(E309,zips!$A:$A,0)),"")	=IFERROR(INDEX(zips!$E:$E,MATCH(E309,zips!$A:$A,0)),"")	=IF(OR(F309="",G309=""),"",100*SUMIFS(zips!$C:$C,zips!$B:$B,F309,zips!$E:$E,"<"&G309)/SUMIFS(zips!$C:$C,zips!$B:$B,F309,zips!$E:$E,">0"))	369.7216	37.7288	=IF(I309="","",ROUND(G309-I309,2))	=IF(J309="","",ROUND(H309-J309,2))
MRP Liberty	112 Tarnet Trl	ANGIER	NC	27501	=IFERROR(INDEX(zips!$B:$B,MATCH(E310,zips!$A:$A,0)),"")	=IFERROR(INDEX(zips!$E:$E,MATCH(E310,zips!$A:$A,0)),"")	=IF(OR(F310="",G310=""),"",100*SUMIFS(zips!$C:$C,zips!$B:$B,F310,zips!$E:$E,"<"&G310)/SUMIFS(zips!$C:$C,zips!$B:$B,F310,zips!$E:$E,">0"))	369.7216	37.7288	=IF(I310="","",ROUND(G310-I310,2))	=IF(J310="","",ROUND(H310-J310,2))
MRP Liberty	1852 Wild Crop Way	WAKE FOREST	NC	27587	=IFERROR(INDEX(zips!$B:$B,MATCH(E311,zips!$A:$A,0)),"")	=IFERROR(INDEX(zips!$E:$E,MATCH(E311,zips!$A:$A,0)),"")	=IF(OR(F311="",G311=""),"",100*SUMIFS(zips!$C:$C,zips!$B:$B,F311,zips!$E:$E,"<"&G311)/SUMIFS(zips!$C:$C,zips!$B:$B,F311,zips!$E:$E,">0"))	779.0916	25.3676	=IF(I311="","",ROUND(G311-I311,2))	=IF(J311="","",ROUND(H311-J311,2))
MRP Liberty	1214 Blue Dasher Ln	ROLESVILLE	NC	27587	=IFERROR(INDEX(zips!$B:$B,MATCH(E312,zips!$A:$A,0)),"")	=IFERROR(INDEX(zips!$E:$E,MATCH(E312,zips!$A:$A,0)),"")	=IF(OR(F312="",G312=""),"",100*SUMIFS(zips!$C:$C,zips!$B:$B,F312,zips!$E:$E,"<"&G312)/SUMIFS(zips!$C:$C,zips!$B:$B,F312,zips!$E:$E,">0"))	779.0916	25.3676	=IF(I312="","",ROUND(G312-I312,2))	=IF(J312="","",ROUND(H312-J312,2))
MRP Liberty	2922 Hickory Field Dr	RALEIGH	NC	27616	=IFERROR(INDEX(zips!$B:$B,MATCH(E313,zips!$A:$A,0)),"")	=IFERROR(INDEX(zips!$E:$E,MATCH(E313,zips!$A:$A,0)),"")	=IF(OR(F313="",G313=""),"",100*SUMIFS(zips!$C:$C,zips!$B:$B,F313,zips!$E:$E,"<"&G313)/SUMIFS(zips!$C:$C,zips!$B:$B,F313,zips!$E:$E,">0"))	2715.9732	81.4395	=IF(I313="","",ROUND(G313-I313,2))	=IF(J313="","",ROUND(H313-J313,2))
MRP Liberty	3101 Sandy Bluff Rd	RALEIGH	NC	27616	=IFERROR(INDEX(zips!$B:$B,MATCH(E314,zips!$A:$A,0)),"")	=IFERROR(INDEX(zips!$E:$E,MATCH(E314,zips!$A:$A,0)),"")	=IF(OR(F314="",G314=""),"",100*SUMIFS(zips!$C:$C,zips!$B:$B,F314,zips!$E:$E,"<"&G314)/SUMIFS(zips!$C:$C,zips!$B:$B,F314,zips!$E:$E,">0"))	2715.9732	81.4395	=IF(I314="","",ROUND(G314-I314,2))	=IF(J314="","",ROUND(H314-J314,2))
MRP Liberty	1501 Fruit Tree Ln	WAKE FOREST	NC	27587	=IFERROR(INDEX(zips!$B:$B,MATCH(E315,zips!$A:$A,0)),"")	=IFERROR(INDEX(zips!$E:$E,MATCH(E315,zips!$A:$A,0)),"")	=IF(OR(F315="",G315=""),"",100*SUMIFS(zips!$C:$C,zips!$B:$B,F315,zips!$E:$E,"<"&G315)/SUMIFS(zips!$C:$C,zips!$B:$B,F315,zips!$E:$E,">0"))	779.0916	25.3676	=IF(I315="","",ROUND(G315-I315,2))	=IF(J315="","",ROUND(H315-J315,2))
MRP Liberty	1856 Wild Crop Way	WAKE FOREST	NC	27587	=IFERROR(INDEX(zips!$B:$B,MATCH(E316,zips!$A:$A,0)),"")	=IFERROR(INDEX(zips!$E:$E,MATCH(E316,zips!$A:$A,0)),"")	=IF(OR(F316="",G316=""),"",100*SUMIFS(zips!$C:$C,zips!$B:$B,F316,zips!$E:$E,"<"&G316)/SUMIFS(zips!$C:$C,zips!$B:$B,F316,zips!$E:$E,">0"))	779.0916	25.3676	=IF(I316="","",ROUND(G316-I316,2))	=IF(J316="","",ROUND(H316-J316,2))
MRP Liberty	656 Morning Light Dr	ANGIER	NC	27501	=IFERROR(INDEX(zips!$B:$B,MATCH(E317,zips!$A:$A,0)),"")	=IFERROR(INDEX(zips!$E:$E,MATCH(E317,zips!$A:$A,0)),"")	=IF(OR(F317="",G317=""),"",100*SUMIFS(zips!$C:$C,zips!$B:$B,F317,zips!$E:$E,"<"&G317)/SUMIFS(zips!$C:$C,zips!$B:$B,F317,zips!$E:$E,">0"))	369.7216	37.7288	=IF(I317="","",ROUND(G317-I317,2))	=IF(J317="","",ROUND(H317-J317,2))
MRP Liberty	310 Marmalade Sky Ln	WAKE FOREST	NC	27587	=IFERROR(INDEX(zips!$B:$B,MATCH(E318,zips!$A:$A,0)),"")	=IFERROR(INDEX(zips!$E:$E,MATCH(E318,zips!$A:$A,0)),"")	=IF(OR(F318="",G318=""),"",100*SUMIFS(zips!$C:$C,zips!$B:$B,F318,zips!$E:$E,"<"&G318)/SUMIFS(zips!$C:$C,zips!$B:$B,F318,zips!$E:$E,">0"))	779.0916	25.3676	=IF(I318="","",ROUND(G318-I318,2))	=IF(J318="","",ROUND(H318-J318,2))
MRP Liberty	318 Granite Knoll Ct	ROLESVILLE	NC	27571	=IFERROR(INDEX(zips!$B:$B,MATCH(E319,zips!$A:$A,0)),"")	=IFERROR(INDEX(zips!$E:$E,MATCH(E319,zips!$A:$A,0)),"")	=IF(OR(F319="",G319=""),"",100*SUMIFS(zips!$C:$C,zips!$B:$B,F319,zips!$E:$E,"<"&G319)/SUMIFS(zips!$C:$C,zips!$B:$B,F319,zips!$E:$E,">0"))	1832.5447	66.2568	=IF(I319="","",ROUND(G319-I319,2))	=IF(J319="","",ROUND(H319-J319,2))
MRP Liberty	508 Whale Cove Way	WENDELL	NC	27591	=IFERROR(INDEX(zips!$B:$B,MATCH(E320,zips!$A:$A,0)),"")	=IFERROR(INDEX(zips!$E:$E,MATCH(E320,zips!$A:$A,0)),"")	=IF(OR(F320="",G320=""),"",100*SUMIFS(zips!$C:$C,zips!$B:$B,F320,zips!$E:$E,"<"&G320)/SUMIFS(zips!$C:$C,zips!$B:$B,F320,zips!$E:$E,">0"))	401.3536	13.6191	=IF(I320="","",ROUND(G320-I320,2))	=IF(J320="","",ROUND(H320-J320,2))
MRP Liberty	1509 Fruit Tree Ln	WAKE FOREST	NC	27587	=IFERROR(INDEX(zips!$B:$B,MATCH(E321,zips!$A:$A,0)),"")	=IFERROR(INDEX(zips!$E:$E,MATCH(E321,zips!$A:$A,0)),"")	=IF(OR(F321="",G321=""),"",100*SUMIFS(zips!$C:$C,zips!$B:$B,F321,zips!$E:$E,"<"&G321)/SUMIFS(zips!$C:$C,zips!$B:$B,F321,zips!$E:$E,">0"))	779.0916	25.3676	=IF(I321="","",ROUND(G321-I321,2))	=IF(J321="","",ROUND(H321-J321,2))
MRP Liberty	504 Whale Cove Way	WENDELL	NC	27591	=IFERROR(INDEX(zips!$B:$B,MATCH(E322,zips!$A:$A,0)),"")	=IFERROR(INDEX(zips!$E:$E,MATCH(E322,zips!$A:$A,0)),"")	=IF(OR(F322="",G322=""),"",100*SUMIFS(zips!$C:$C,zips!$B:$B,F322,zips!$E:$E,"<"&G322)/SUMIFS(zips!$C:$C,zips!$B:$B,F322,zips!$E:$E,">0"))	401.3536	13.6191	=IF(I322="","",ROUND(G322-I322,2))	=IF(J322="","",ROUND(H322-J322,2))
MRP Liberty	1854 Wild Crop Way	WAKE FOREST	NC	27587	=IFERROR(INDEX(zips!$B:$B,MATCH(E323,zips!$A:$A,0)),"")	=IFERROR(INDEX(zips!$E:$E,MATCH(E323,zips!$A:$A,0)),"")	=IF(OR(F323="",G323=""),"",100*SUMIFS(zips!$C:$C,zips!$B:$B,F323,zips!$E:$E,"<"&G323)/SUMIFS(zips!$C:$C,zips!$B:$B,F323,zips!$E:$E,">0"))	779.0916	25.3676	=IF(I323="","",ROUND(G323-I323,2))	=IF(J323="","",ROUND(H323-J323,2))
MRP Liberty	1212 Blue Dasher Ln	ROLESVILLE	NC	27587	=IFERROR(INDEX(zips!$B:$B,MATCH(E324,zips!$A:$A,0)),"")	=IFERROR(INDEX(zips!$E:$E,MATCH(E324,zips!$A:$A,0)),"")	=IF(OR(F324="",G324=""),"",100*SUMIFS(zips!$C:$C,zips!$B:$B,F324,zips!$E:$E,"<"&G324)/SUMIFS(zips!$C:$C,zips!$B:$B,F324,zips!$E:$E,">0"))	779.0916	25.3676	=IF(I324="","",ROUND(G324-I324,2))	=IF(J324="","",ROUND(H324-J324,2))
MRP Liberty	5845 Mill Stone Way	Sims	NC	27880	=IFERROR(INDEX(zips!$B:$B,MATCH(E325,zips!$A:$A,0)),"")	=IFERROR(INDEX(zips!$E:$E,MATCH(E325,zips!$A:$A,0)),"")	=IF(OR(F325="",G325=""),"",100*SUMIFS(zips!$C:$C,zips!$B:$B,F325,zips!$E:$E,"<"&G325)/SUMIFS(zips!$C:$C,zips!$B:$B,F325,zips!$E:$E,">0"))	155.6469	17.4267	=IF(I325="","",ROUND(G325-I325,2))	=IF(J325="","",ROUND(H325-J325,2))
MRP Liberty	1512 Maple Branch Cir	Graham	NC	27253	=IFERROR(INDEX(zips!$B:$B,MATCH(E326,zips!$A:$A,0)),"")	=IFERROR(INDEX(zips!$E:$E,MATCH(E326,zips!$A:$A,0)),"")	=IF(OR(F326="",G326=""),"",100*SUMIFS(zips!$C:$C,zips!$B:$B,F326,zips!$E:$E,"<"&G326)/SUMIFS(zips!$C:$C,zips!$B:$B,F326,zips!$E:$E,">0"))	399.0819	57.1309	=IF(I326="","",ROUND(G326-I326,2))	=IF(J326="","",ROUND(H326-J326,2))
MRP Liberty	1476 Maple Branch Cir	Graham	NC	27253	=IFERROR(INDEX(zips!$B:$B,MATCH(E327,zips!$A:$A,0)),"")	=IFERROR(INDEX(zips!$E:$E,MATCH(E327,zips!$A:$A,0)),"")	=IF(OR(F327="",G327=""),"",100*SUMIFS(zips!$C:$C,zips!$B:$B,F327,zips!$E:$E,"<"&G327)/SUMIFS(zips!$C:$C,zips!$B:$B,F327,zips!$E:$E,">0"))	399.0819	57.1309	=IF(I327="","",ROUND(G327-I327,2))	=IF(J327="","",ROUND(H327-J327,2))
MRP Liberty	988 Pilot St	Haw River (Graham mailing)	NC	27253	=IFERROR(INDEX(zips!$B:$B,MATCH(E328,zips!$A:$A,0)),"")	=IFERROR(INDEX(zips!$E:$E,MATCH(E328,zips!$A:$A,0)),"")	=IF(OR(F328="",G328=""),"",100*SUMIFS(zips!$C:$C,zips!$B:$B,F328,zips!$E:$E,"<"&G328)/SUMIFS(zips!$C:$C,zips!$B:$B,F328,zips!$E:$E,">0"))	399.0819	57.1309	=IF(I328="","",ROUND(G328-I328,2))	=IF(J328="","",ROUND(H328-J328,2))
MRP Liberty	3440 Sandhill Crane Dr Sw	Ocean Isle Beach	NC	28469	=IFERROR(INDEX(zips!$B:$B,MATCH(E329,zips!$A:$A,0)),"")	=IFERROR(INDEX(zips!$E:$E,MATCH(E329,zips!$A:$A,0)),"")	=IF(OR(F329="",G329=""),"",100*SUMIFS(zips!$C:$C,zips!$B:$B,F329,zips!$E:$E,"<"&G329)/SUMIFS(zips!$C:$C,zips!$B:$B,F329,zips!$E:$E,">0"))	363.7635	47.3954	=IF(I329="","",ROUND(G329-I329,2))	=IF(J329="","",ROUND(H329-J329,2))
MRP Liberty	3444 Sandhill Crane Dr Sw	Ocean Isle Beach	NC	28469	=IFERROR(INDEX(zips!$B:$B,MATCH(E330,zips!$A:$A,0)),"")	=IFERROR(INDEX(zips!$E:$E,MATCH(E330,zips!$A:$A,0)),"")	=IF(OR(F330="",G330=""),"",100*SUMIFS(zips!$C:$C,zips!$B:$B,F330,zips!$E:$E,"<"&G330)/SUMIFS(zips!$C:$C,zips!$B:$B,F330,zips!$E:$E,">0"))	363.7635	47.3954	=IF(I330="","",ROUND(G330-I330,2))	=IF(J330="","",ROUND(H330-J330,2))
MRP Liberty	3451 Sandhill Crane Dr Sw	Ocean Isle Beach	NC	28469	=IFERROR(INDEX(zips!$B:$B,MATCH(E331,zips!$A:$A,0)),"")	=IFERROR(INDEX(zips!$E:$E,MATCH(E331,zips!$A:$A,0)),"")	=IF(OR(F331="",G331=""),"",100*SUMIFS(zips!$C:$C,zips!$B:$B,F331,zips!$E:$E,"<"&G331)/SUMIFS(zips!$C:$C,zips!$B:$B,F331,zips!$E:$E,">0"))	363.7635	47.3954	=IF(I331="","",ROUND(G331-I331,2))	=IF(J331="","",ROUND(H331-J331,2))
MRP Liberty	3456 Sandhill Crane Dr Sw	Ocean Isle Beach	NC	28469	=IFERROR(INDEX(zips!$B:$B,MATCH(E332,zips!$A:$A,0)),"")	=IFERROR(INDEX(zips!$E:$E,MATCH(E332,zips!$A:$A,0)),"")	=IF(OR(F332="",G332=""),"",100*SUMIFS(zips!$C:$C,zips!$B:$B,F332,zips!$E:$E,"<"&G332)/SUMIFS(zips!$C:$C,zips!$B:$B,F332,zips!$E:$E,">0"))	363.7635	47.3954	=IF(I332="","",ROUND(G332-I332,2))	=IF(J332="","",ROUND(H332-J332,2))
MRP Liberty	3460 Sandhill Crane Dr Sw	Ocean Isle Beach	NC	28469	=IFERROR(INDEX(zips!$B:$B,MATCH(E333,zips!$A:$A,0)),"")	=IFERROR(INDEX(zips!$E:$E,MATCH(E333,zips!$A:$A,0)),"")	=IF(OR(F333="",G333=""),"",100*SUMIFS(zips!$C:$C,zips!$B:$B,F333,zips!$E:$E,"<"&G333)/SUMIFS(zips!$C:$C,zips!$B:$B,F333,zips!$E:$E,">0"))	363.7635	47.3954	=IF(I333="","",ROUND(G333-I333,2))	=IF(J333="","",ROUND(H333-J333,2))
MRP Liberty	3463 Sandhill Crane Dr Sw	Ocean Isle Beach	NC	28469	=IFERROR(INDEX(zips!$B:$B,MATCH(E334,zips!$A:$A,0)),"")	=IFERROR(INDEX(zips!$E:$E,MATCH(E334,zips!$A:$A,0)),"")	=IF(OR(F334="",G334=""),"",100*SUMIFS(zips!$C:$C,zips!$B:$B,F334,zips!$E:$E,"<"&G334)/SUMIFS(zips!$C:$C,zips!$B:$B,F334,zips!$E:$E,">0"))	363.7635	47.3954	=IF(I334="","",ROUND(G334-I334,2))	=IF(J334="","",ROUND(H334-J334,2))
MRP Liberty	3468 Sandhill Crane Dr Sw	Ocean Isle Beach	NC	28469	=IFERROR(INDEX(zips!$B:$B,MATCH(E335,zips!$A:$A,0)),"")	=IFERROR(INDEX(zips!$E:$E,MATCH(E335,zips!$A:$A,0)),"")	=IF(OR(F335="",G335=""),"",100*SUMIFS(zips!$C:$C,zips!$B:$B,F335,zips!$E:$E,"<"&G335)/SUMIFS(zips!$C:$C,zips!$B:$B,F335,zips!$E:$E,">0"))	363.7635	47.3954	=IF(I335="","",ROUND(G335-I335,2))	=IF(J335="","",ROUND(H335-J335,2))
MRP Liberty	3479 Sandhill Crane Dr Sw	Ocean Isle Beach	NC	28469	=IFERROR(INDEX(zips!$B:$B,MATCH(E336,zips!$A:$A,0)),"")	=IFERROR(INDEX(zips!$E:$E,MATCH(E336,zips!$A:$A,0)),"")	=IF(OR(F336="",G336=""),"",100*SUMIFS(zips!$C:$C,zips!$B:$B,F336,zips!$E:$E,"<"&G336)/SUMIFS(zips!$C:$C,zips!$B:$B,F336,zips!$E:$E,">0"))	363.7635	47.3954	=IF(I336="","",ROUND(G336-I336,2))	=IF(J336="","",ROUND(H336-J336,2))
MRP Liberty	3491 Sandhill Crane Dr Sw	Ocean Isle Beach	NC	28469	=IFERROR(INDEX(zips!$B:$B,MATCH(E337,zips!$A:$A,0)),"")	=IFERROR(INDEX(zips!$E:$E,MATCH(E337,zips!$A:$A,0)),"")	=IF(OR(F337="",G337=""),"",100*SUMIFS(zips!$C:$C,zips!$B:$B,F337,zips!$E:$E,"<"&G337)/SUMIFS(zips!$C:$C,zips!$B:$B,F337,zips!$E:$E,">0"))	363.7635	47.3954	=IF(I337="","",ROUND(G337-I337,2))	=IF(J337="","",ROUND(H337-J337,2))
MRP Liberty	738 Little Gull Way Sw	Ocean Isle Beach	NC	28469	=IFERROR(INDEX(zips!$B:$B,MATCH(E338,zips!$A:$A,0)),"")	=IFERROR(INDEX(zips!$E:$E,MATCH(E338,zips!$A:$A,0)),"")	=IF(OR(F338="",G338=""),"",100*SUMIFS(zips!$C:$C,zips!$B:$B,F338,zips!$E:$E,"<"&G338)/SUMIFS(zips!$C:$C,zips!$B:$B,F338,zips!$E:$E,">0"))	363.7635	47.3954	=IF(I338="","",ROUND(G338-I338,2))	=IF(J338="","",ROUND(H338-J338,2))
MRP Liberty	3411 Wood Stork Dr Sw	Ocean Isle Beach	NC	28469	=IFERROR(INDEX(zips!$B:$B,MATCH(E339,zips!$A:$A,0)),"")	=IFERROR(INDEX(zips!$E:$E,MATCH(E339,zips!$A:$A,0)),"")	=IF(OR(F339="",G339=""),"",100*SUMIFS(zips!$C:$C,zips!$B:$B,F339,zips!$E:$E,"<"&G339)/SUMIFS(zips!$C:$C,zips!$B:$B,F339,zips!$E:$E,">0"))	363.7635	47.3954	=IF(I339="","",ROUND(G339-I339,2))	=IF(J339="","",ROUND(H339-J339,2))
MRP Liberty	3471 Sandhill Crane Dr Sw	Ocean Isle Beach	NC	28469	=IFERROR(INDEX(zips!$B:$B,MATCH(E340,zips!$A:$A,0)),"")	=IFERROR(INDEX(zips!$E:$E,MATCH(E340,zips!$A:$A,0)),"")	=IF(OR(F340="",G340=""),"",100*SUMIFS(zips!$C:$C,zips!$B:$B,F340,zips!$E:$E,"<"&G340)/SUMIFS(zips!$C:$C,zips!$B:$B,F340,zips!$E:$E,">0"))	363.7635	47.3954	=IF(I340="","",ROUND(G340-I340,2))	=IF(J340="","",ROUND(H340-J340,2))
MRP Liberty	3472 Sandhill Crane Dr Sw	Ocean Isle Beach	NC	28469	=IFERROR(INDEX(zips!$B:$B,MATCH(E341,zips!$A:$A,0)),"")	=IFERROR(INDEX(zips!$E:$E,MATCH(E341,zips!$A:$A,0)),"")	=IF(OR(F341="",G341=""),"",100*SUMIFS(zips!$C:$C,zips!$B:$B,F341,zips!$E:$E,"<"&G341)/SUMIFS(zips!$C:$C,zips!$B:$B,F341,zips!$E:$E,">0"))	363.7635	47.3954	=IF(I341="","",ROUND(G341-I341,2))	=IF(J341="","",ROUND(H341-J341,2))
MRP Liberty	234 Blossom Field Way	Angier	NC	27501	=IFERROR(INDEX(zips!$B:$B,MATCH(E342,zips!$A:$A,0)),"")	=IFERROR(INDEX(zips!$E:$E,MATCH(E342,zips!$A:$A,0)),"")	=IF(OR(F342="",G342=""),"",100*SUMIFS(zips!$C:$C,zips!$B:$B,F342,zips!$E:$E,"<"&G342)/SUMIFS(zips!$C:$C,zips!$B:$B,F342,zips!$E:$E,">0"))	369.7216	37.7288	=IF(I342="","",ROUND(G342-I342,2))	=IF(J342="","",ROUND(H342-J342,2))
MRP Liberty	208 Blossom Field Way	Angier	NC	27501	=IFERROR(INDEX(zips!$B:$B,MATCH(E343,zips!$A:$A,0)),"")	=IFERROR(INDEX(zips!$E:$E,MATCH(E343,zips!$A:$A,0)),"")	=IF(OR(F343="",G343=""),"",100*SUMIFS(zips!$C:$C,zips!$B:$B,F343,zips!$E:$E,"<"&G343)/SUMIFS(zips!$C:$C,zips!$B:$B,F343,zips!$E:$E,">0"))	369.7216	37.7288	=IF(I343="","",ROUND(G343-I343,2))	=IF(J343="","",ROUND(H343-J343,2))
MRP Liberty	212 Blossom Field Way	Angier	NC	27501	=IFERROR(INDEX(zips!$B:$B,MATCH(E344,zips!$A:$A,0)),"")	=IFERROR(INDEX(zips!$E:$E,MATCH(E344,zips!$A:$A,0)),"")	=IF(OR(F344="",G344=""),"",100*SUMIFS(zips!$C:$C,zips!$B:$B,F344,zips!$E:$E,"<"&G344)/SUMIFS(zips!$C:$C,zips!$B:$B,F344,zips!$E:$E,">0"))	369.7216	37.7288	=IF(I344="","",ROUND(G344-I344,2))	=IF(J344="","",ROUND(H344-J344,2))
MRP Liberty	198 Blossom Field Way	Angier	NC	27501	=IFERROR(INDEX(zips!$B:$B,MATCH(E345,zips!$A:$A,0)),"")	=IFERROR(INDEX(zips!$E:$E,MATCH(E345,zips!$A:$A,0)),"")	=IF(OR(F345="",G345=""),"",100*SUMIFS(zips!$C:$C,zips!$B:$B,F345,zips!$E:$E,"<"&G345)/SUMIFS(zips!$C:$C,zips!$B:$B,F345,zips!$E:$E,">0"))	369.7216	37.7288	=IF(I345="","",ROUND(G345-I345,2))	=IF(J345="","",ROUND(H345-J345,2))
MRP Liberty	30 Evie Way	Lillington	NC	27546	=IFERROR(INDEX(zips!$B:$B,MATCH(E346,zips!$A:$A,0)),"")	=IFERROR(INDEX(zips!$E:$E,MATCH(E346,zips!$A:$A,0)),"")	=IF(OR(F346="",G346=""),"",100*SUMIFS(zips!$C:$C,zips!$B:$B,F346,zips!$E:$E,"<"&G346)/SUMIFS(zips!$C:$C,zips!$B:$B,F346,zips!$E:$E,">0"))	169.7956	25.6921	=IF(I346="","",ROUND(G346-I346,2))	=IF(J346="","",ROUND(H346-J346,2))
MRP Liberty	17 Evie Way	Lillington	NC	27546	=IFERROR(INDEX(zips!$B:$B,MATCH(E347,zips!$A:$A,0)),"")	=IFERROR(INDEX(zips!$E:$E,MATCH(E347,zips!$A:$A,0)),"")	=IF(OR(F347="",G347=""),"",100*SUMIFS(zips!$C:$C,zips!$B:$B,F347,zips!$E:$E,"<"&G347)/SUMIFS(zips!$C:$C,zips!$B:$B,F347,zips!$E:$E,">0"))	169.7956	25.6921	=IF(I347="","",ROUND(G347-I347,2))	=IF(J347="","",ROUND(H347-J347,2))
MRP Liberty	23 Evie Way	Lillington	NC	27546	=IFERROR(INDEX(zips!$B:$B,MATCH(E348,zips!$A:$A,0)),"")	=IFERROR(INDEX(zips!$E:$E,MATCH(E348,zips!$A:$A,0)),"")	=IF(OR(F348="",G348=""),"",100*SUMIFS(zips!$C:$C,zips!$B:$B,F348,zips!$E:$E,"<"&G348)/SUMIFS(zips!$C:$C,zips!$B:$B,F348,zips!$E:$E,">0"))	169.7956	25.6921	=IF(I348="","",ROUND(G348-I348,2))	=IF(J348="","",ROUND(H348-J348,2))
MRP Liberty	27 Evie Way	Lillington	NC	27546	=IFERROR(INDEX(zips!$B:$B,MATCH(E349,zips!$A:$A,0)),"")	=IFERROR(INDEX(zips!$E:$E,MATCH(E349,zips!$A:$A,0)),"")	=IF(OR(F349="",G349=""),"",100*SUMIFS(zips!$C:$C,zips!$B:$B,F349,zips!$E:$E,"<"&G349)/SUMIFS(zips!$C:$C,zips!$B:$B,F349,zips!$E:$E,">0"))	169.7956	25.6921	=IF(I349="","",ROUND(G349-I349,2))	=IF(J349="","",ROUND(H349-J349,2))
MRP Liberty	11 Evie Way	Lillington	NC	27546	=IFERROR(INDEX(zips!$B:$B,MATCH(E350,zips!$A:$A,0)),"")	=IFERROR(INDEX(zips!$E:$E,MATCH(E350,zips!$A:$A,0)),"")	=IF(OR(F350="",G350=""),"",100*SUMIFS(zips!$C:$C,zips!$B:$B,F350,zips!$E:$E,"<"&G350)/SUMIFS(zips!$C:$C,zips!$B:$B,F350,zips!$E:$E,">0"))	169.7956	25.6921	=IF(I350="","",ROUND(G350-I350,2))	=IF(J350="","",ROUND(H350-J350,2))
MRP Liberty	9807 26Th Street Ne	St. Michael	MN	55376	=IFERROR(INDEX(zips!$B:$B,MATCH(E351,zips!$A:$A,0)),"")	=IFERROR(INDEX(zips!$E:$E,MATCH(E351,zips!$A:$A,0)),"")	=IF(OR(F351="",G351=""),"",100*SUMIFS(zips!$C:$C,zips!$B:$B,F351,zips!$E:$E,"<"&G351)/SUMIFS(zips!$C:$C,zips!$B:$B,F351,zips!$E:$E,">0"))	660.5232	24.3406	=IF(I351="","",ROUND(G351-I351,2))	=IF(J351="","",ROUND(H351-J351,2))
MRP Liberty	2420 Jandell Ave Ne	St. Michael	MN	55376	=IFERROR(INDEX(zips!$B:$B,MATCH(E352,zips!$A:$A,0)),"")	=IFERROR(INDEX(zips!$E:$E,MATCH(E352,zips!$A:$A,0)),"")	=IF(OR(F352="",G352=""),"",100*SUMIFS(zips!$C:$C,zips!$B:$B,F352,zips!$E:$E,"<"&G352)/SUMIFS(zips!$C:$C,zips!$B:$B,F352,zips!$E:$E,">0"))	660.5232	24.3406	=IF(I352="","",ROUND(G352-I352,2))	=IF(J352="","",ROUND(H352-J352,2))
MRP Liberty	7399 Kaeding Ave Ne	Otsego	MN	55301	=IFERROR(INDEX(zips!$B:$B,MATCH(E353,zips!$A:$A,0)),"")	=IFERROR(INDEX(zips!$E:$E,MATCH(E353,zips!$A:$A,0)),"")	=IF(OR(F353="",G353=""),"",100*SUMIFS(zips!$C:$C,zips!$B:$B,F353,zips!$E:$E,"<"&G353)/SUMIFS(zips!$C:$C,zips!$B:$B,F353,zips!$E:$E,">0"))	1649.9449	42.0674	=IF(I353="","",ROUND(G353-I353,2))	=IF(J353="","",ROUND(H353-J353,2))
MRP Liberty	7411 Kaeding Ave Ne	Otsego	MN	55301	=IFERROR(INDEX(zips!$B:$B,MATCH(E354,zips!$A:$A,0)),"")	=IFERROR(INDEX(zips!$E:$E,MATCH(E354,zips!$A:$A,0)),"")	=IF(OR(F354="",G354=""),"",100*SUMIFS(zips!$C:$C,zips!$B:$B,F354,zips!$E:$E,"<"&G354)/SUMIFS(zips!$C:$C,zips!$B:$B,F354,zips!$E:$E,">0"))	1649.9449	42.0674	=IF(I354="","",ROUND(G354-I354,2))	=IF(J354="","",ROUND(H354-J354,2))
MRP Liberty	7421 Kaeding Ave Ne	Otsego	MN	55301	=IFERROR(INDEX(zips!$B:$B,MATCH(E355,zips!$A:$A,0)),"")	=IFERROR(INDEX(zips!$E:$E,MATCH(E355,zips!$A:$A,0)),"")	=IF(OR(F355="",G355=""),"",100*SUMIFS(zips!$C:$C,zips!$B:$B,F355,zips!$E:$E,"<"&G355)/SUMIFS(zips!$C:$C,zips!$B:$B,F355,zips!$E:$E,">0"))	1649.9449	42.0674	=IF(I355="","",ROUND(G355-I355,2))	=IF(J355="","",ROUND(H355-J355,2))
MRP Liberty	7406 Kaeding Ave Ne	Otsego	MN	55301	=IFERROR(INDEX(zips!$B:$B,MATCH(E356,zips!$A:$A,0)),"")	=IFERROR(INDEX(zips!$E:$E,MATCH(E356,zips!$A:$A,0)),"")	=IF(OR(F356="",G356=""),"",100*SUMIFS(zips!$C:$C,zips!$B:$B,F356,zips!$E:$E,"<"&G356)/SUMIFS(zips!$C:$C,zips!$B:$B,F356,zips!$E:$E,">0"))	1649.9449	42.0674	=IF(I356="","",ROUND(G356-I356,2))	=IF(J356="","",ROUND(H356-J356,2))
MRP Liberty	15114 Archdale Ln	Rosemount	MN	55068	=IFERROR(INDEX(zips!$B:$B,MATCH(E357,zips!$A:$A,0)),"")	=IFERROR(INDEX(zips!$E:$E,MATCH(E357,zips!$A:$A,0)),"")	=IF(OR(F357="",G357=""),"",100*SUMIFS(zips!$C:$C,zips!$B:$B,F357,zips!$E:$E,"<"&G357)/SUMIFS(zips!$C:$C,zips!$B:$B,F357,zips!$E:$E,">0"))	700.3872	24.8621	=IF(I357="","",ROUND(G357-I357,2))	=IF(J357="","",ROUND(H357-J357,2))
MRP Liberty	21619 Azalea Lane	Farmington	MN	55024	=IFERROR(INDEX(zips!$B:$B,MATCH(E358,zips!$A:$A,0)),"")	=IFERROR(INDEX(zips!$E:$E,MATCH(E358,zips!$A:$A,0)),"")	=IF(OR(F358="",G358=""),"",100*SUMIFS(zips!$C:$C,zips!$B:$B,F358,zips!$E:$E,"<"&G358)/SUMIFS(zips!$C:$C,zips!$B:$B,F358,zips!$E:$E,">0"))	431.1354	18.3613	=IF(I358="","",ROUND(G358-I358,2))	=IF(J358="","",ROUND(H358-J358,2))
MRP Liberty	21617 Azalea Lane	Farmington	MN	55024	=IFERROR(INDEX(zips!$B:$B,MATCH(E359,zips!$A:$A,0)),"")	=IFERROR(INDEX(zips!$E:$E,MATCH(E359,zips!$A:$A,0)),"")	=IF(OR(F359="",G359=""),"",100*SUMIFS(zips!$C:$C,zips!$B:$B,F359,zips!$E:$E,"<"&G359)/SUMIFS(zips!$C:$C,zips!$B:$B,F359,zips!$E:$E,">0"))	431.1354	18.3613	=IF(I359="","",ROUND(G359-I359,2))	=IF(J359="","",ROUND(H359-J359,2))
MRP Liberty	4719 218Th Street W	Farmington	MN	55024	=IFERROR(INDEX(zips!$B:$B,MATCH(E360,zips!$A:$A,0)),"")	=IFERROR(INDEX(zips!$E:$E,MATCH(E360,zips!$A:$A,0)),"")	=IF(OR(F360="",G360=""),"",100*SUMIFS(zips!$C:$C,zips!$B:$B,F360,zips!$E:$E,"<"&G360)/SUMIFS(zips!$C:$C,zips!$B:$B,F360,zips!$E:$E,">0"))	431.1354	18.3613	=IF(I360="","",ROUND(G360-I360,2))	=IF(J360="","",ROUND(H360-J360,2))
MRP Liberty	21765 Rose Drive	Farmington	MN	55024	=IFERROR(INDEX(zips!$B:$B,MATCH(E361,zips!$A:$A,0)),"")	=IFERROR(INDEX(zips!$E:$E,MATCH(E361,zips!$A:$A,0)),"")	=IF(OR(F361="",G361=""),"",100*SUMIFS(zips!$C:$C,zips!$B:$B,F361,zips!$E:$E,"<"&G361)/SUMIFS(zips!$C:$C,zips!$B:$B,F361,zips!$E:$E,">0"))	431.1354	18.3613	=IF(I361="","",ROUND(G361-I361,2))	=IF(J361="","",ROUND(H361-J361,2))
MRP Liberty	668 Sierra Pkwy	Waconia	MN	55387	=IFERROR(INDEX(zips!$B:$B,MATCH(E362,zips!$A:$A,0)),"")	=IFERROR(INDEX(zips!$E:$E,MATCH(E362,zips!$A:$A,0)),"")	=IF(OR(F362="",G362=""),"",100*SUMIFS(zips!$C:$C,zips!$B:$B,F362,zips!$E:$E,"<"&G362)/SUMIFS(zips!$C:$C,zips!$B:$B,F362,zips!$E:$E,">0"))	465.9502	20.9327	=IF(I362="","",ROUND(G362-I362,2))	=IF(J362="","",ROUND(H362-J362,2))
MRP Liberty	669 Sierra Pkwy	Waconia	MN	55387	=IFERROR(INDEX(zips!$B:$B,MATCH(E363,zips!$A:$A,0)),"")	=IFERROR(INDEX(zips!$E:$E,MATCH(E363,zips!$A:$A,0)),"")	=IF(OR(F363="",G363=""),"",100*SUMIFS(zips!$C:$C,zips!$B:$B,F363,zips!$E:$E,"<"&G363)/SUMIFS(zips!$C:$C,zips!$B:$B,F363,zips!$E:$E,">0"))	465.9502	20.9327	=IF(I363="","",ROUND(G363-I363,2))	=IF(J363="","",ROUND(H363-J363,2))
MRP Liberty	214 Huntington Dr	Waconia	MN	55387	=IFERROR(INDEX(zips!$B:$B,MATCH(E364,zips!$A:$A,0)),"")	=IFERROR(INDEX(zips!$E:$E,MATCH(E364,zips!$A:$A,0)),"")	=IF(OR(F364="",G364=""),"",100*SUMIFS(zips!$C:$C,zips!$B:$B,F364,zips!$E:$E,"<"&G364)/SUMIFS(zips!$C:$C,zips!$B:$B,F364,zips!$E:$E,">0"))	465.9502	20.9327	=IF(I364="","",ROUND(G364-I364,2))	=IF(J364="","",ROUND(H364-J364,2))
MRP Liberty	701 152Nd Lane Nw	Andover	MN	55304	=IFERROR(INDEX(zips!$B:$B,MATCH(E365,zips!$A:$A,0)),"")	=IFERROR(INDEX(zips!$E:$E,MATCH(E365,zips!$A:$A,0)),"")	=IF(OR(F365="",G365=""),"",100*SUMIFS(zips!$C:$C,zips!$B:$B,F365,zips!$E:$E,"<"&G365)/SUMIFS(zips!$C:$C,zips!$B:$B,F365,zips!$E:$E,">0"))	720.696	25.8246	=IF(I365="","",ROUND(G365-I365,2))	=IF(J365="","",ROUND(H365-J365,2))
MRP Liberty	2590 Green Ash Ave	Shakopee	MN	55379	=IFERROR(INDEX(zips!$B:$B,MATCH(E366,zips!$A:$A,0)),"")	=IFERROR(INDEX(zips!$E:$E,MATCH(E366,zips!$A:$A,0)),"")	=IF(OR(F366="",G366=""),"",100*SUMIFS(zips!$C:$C,zips!$B:$B,F366,zips!$E:$E,"<"&G366)/SUMIFS(zips!$C:$C,zips!$B:$B,F366,zips!$E:$E,">0"))	848.3822	29.8832	=IF(I366="","",ROUND(G366-I366,2))	=IF(J366="","",ROUND(H366-J366,2))
MRP Liberty	6180 205Th Street N	Forest Lake	MN	55025	=IFERROR(INDEX(zips!$B:$B,MATCH(E367,zips!$A:$A,0)),"")	=IFERROR(INDEX(zips!$E:$E,MATCH(E367,zips!$A:$A,0)),"")	=IF(OR(F367="",G367=""),"",100*SUMIFS(zips!$C:$C,zips!$B:$B,F367,zips!$E:$E,"<"&G367)/SUMIFS(zips!$C:$C,zips!$B:$B,F367,zips!$E:$E,">0"))	334.2677	15.8708	=IF(I367="","",ROUND(G367-I367,2))	=IF(J367="","",ROUND(H367-J367,2))
MRP Liberty	340 Wildflower Ct	Bennett	CO	80102	=IFERROR(INDEX(zips!$B:$B,MATCH(E368,zips!$A:$A,0)),"")	=IFERROR(INDEX(zips!$E:$E,MATCH(E368,zips!$A:$A,0)),"")	=IF(OR(F368="",G368=""),"",100*SUMIFS(zips!$C:$C,zips!$B:$B,F368,zips!$E:$E,"<"&G368)/SUMIFS(zips!$C:$C,zips!$B:$B,F368,zips!$E:$E,">0"))	20.4054	0.8948	=IF(I368="","",ROUND(G368-I368,2))	=IF(J368="","",ROUND(H368-J368,2))
MRP Liberty	360 Wildflower Ct	Bennett	CO	80102	=IFERROR(INDEX(zips!$B:$B,MATCH(E369,zips!$A:$A,0)),"")	=IFERROR(INDEX(zips!$E:$E,MATCH(E369,zips!$A:$A,0)),"")	=IF(OR(F369="",G369=""),"",100*SUMIFS(zips!$C:$C,zips!$B:$B,F369,zips!$E:$E,"<"&G369)/SUMIFS(zips!$C:$C,zips!$B:$B,F369,zips!$E:$E,">0"))	20.4054	0.8948	=IF(I369="","",ROUND(G369-I369,2))	=IF(J369="","",ROUND(H369-J369,2))
MRP Liberty	410 Blossom St	Bennett	CO	80102	=IFERROR(INDEX(zips!$B:$B,MATCH(E370,zips!$A:$A,0)),"")	=IFERROR(INDEX(zips!$E:$E,MATCH(E370,zips!$A:$A,0)),"")	=IF(OR(F370="",G370=""),"",100*SUMIFS(zips!$C:$C,zips!$B:$B,F370,zips!$E:$E,"<"&G370)/SUMIFS(zips!$C:$C,zips!$B:$B,F370,zips!$E:$E,">0"))	20.4054	0.8948	=IF(I370="","",ROUND(G370-I370,2))	=IF(J370="","",ROUND(H370-J370,2))
MRP Liberty	395 Wildflower Ct	Bennett	CO	80102	=IFERROR(INDEX(zips!$B:$B,MATCH(E371,zips!$A:$A,0)),"")	=IFERROR(INDEX(zips!$E:$E,MATCH(E371,zips!$A:$A,0)),"")	=IF(OR(F371="",G371=""),"",100*SUMIFS(zips!$C:$C,zips!$B:$B,F371,zips!$E:$E,"<"&G371)/SUMIFS(zips!$C:$C,zips!$B:$B,F371,zips!$E:$E,">0"))	20.4054	0.8948	=IF(I371="","",ROUND(G371-I371,2))	=IF(J371="","",ROUND(H371-J371,2))
MRP Liberty	23192 W Parkway Dr	Buckeye	AZ	85326	=IFERROR(INDEX(zips!$B:$B,MATCH(E372,zips!$A:$A,0)),"")	=IFERROR(INDEX(zips!$E:$E,MATCH(E372,zips!$A:$A,0)),"")	=IF(OR(F372="",G372=""),"",100*SUMIFS(zips!$C:$C,zips!$B:$B,F372,zips!$E:$E,"<"&G372)/SUMIFS(zips!$C:$C,zips!$B:$B,F372,zips!$E:$E,">0"))	153.0383	4.4192	=IF(I372="","",ROUND(G372-I372,2))	=IF(J372="","",ROUND(H372-J372,2))
MRP Liberty	10250 S Flume Trl	Apache Junction	AZ	85120	=IFERROR(INDEX(zips!$B:$B,MATCH(E373,zips!$A:$A,0)),"")	=IFERROR(INDEX(zips!$E:$E,MATCH(E373,zips!$A:$A,0)),"")	=IF(OR(F373="",G373=""),"",100*SUMIFS(zips!$C:$C,zips!$B:$B,F373,zips!$E:$E,"<"&G373)/SUMIFS(zips!$C:$C,zips!$B:$B,F373,zips!$E:$E,">0"))	1269.459	25.072	=IF(I373="","",ROUND(G373-I373,2))	=IF(J373="","",ROUND(H373-J373,2))
MRP Liberty	2660 Cramer Hts	Colorado Springs	CO	80904	=IFERROR(INDEX(zips!$B:$B,MATCH(E374,zips!$A:$A,0)),"")	=IFERROR(INDEX(zips!$E:$E,MATCH(E374,zips!$A:$A,0)),"")	=IF(OR(F374="",G374=""),"",100*SUMIFS(zips!$C:$C,zips!$B:$B,F374,zips!$E:$E,"<"&G374)/SUMIFS(zips!$C:$C,zips!$B:$B,F374,zips!$E:$E,">0"))	1913.4133	39.0616	=IF(I374="","",ROUND(G374-I374,2))	=IF(J374="","",ROUND(H374-J374,2))
MRP Liberty	305 Deer Ridge Way	Myrtle Beach	SC	29579	=IFERROR(INDEX(zips!$B:$B,MATCH(E375,zips!$A:$A,0)),"")	=IFERROR(INDEX(zips!$E:$E,MATCH(E375,zips!$A:$A,0)),"")	=IF(OR(F375="",G375=""),"",100*SUMIFS(zips!$C:$C,zips!$B:$B,F375,zips!$E:$E,"<"&G375)/SUMIFS(zips!$C:$C,zips!$B:$B,F375,zips!$E:$E,">0"))	1013.686	61.0705	=IF(I375="","",ROUND(G375-I375,2))	=IF(J375="","",ROUND(H375-J375,2))
MRP Liberty	312 Deer Ridge Way	Myrtle Beach	SC	29579	=IFERROR(INDEX(zips!$B:$B,MATCH(E376,zips!$A:$A,0)),"")	=IFERROR(INDEX(zips!$E:$E,MATCH(E376,zips!$A:$A,0)),"")	=IF(OR(F376="",G376=""),"",100*SUMIFS(zips!$C:$C,zips!$B:$B,F376,zips!$E:$E,"<"&G376)/SUMIFS(zips!$C:$C,zips!$B:$B,F376,zips!$E:$E,">0"))	1013.686	61.0705	=IF(I376="","",ROUND(G376-I376,2))	=IF(J376="","",ROUND(H376-J376,2))
MRP Liberty	215 Lockland Dr	Myrtle Beach	SC	29588	=IFERROR(INDEX(zips!$B:$B,MATCH(E377,zips!$A:$A,0)),"")	=IFERROR(INDEX(zips!$E:$E,MATCH(E377,zips!$A:$A,0)),"")	=IF(OR(F377="",G377=""),"",100*SUMIFS(zips!$C:$C,zips!$B:$B,F377,zips!$E:$E,"<"&G377)/SUMIFS(zips!$C:$C,zips!$B:$B,F377,zips!$E:$E,">0"))	1265.7039	77.4682	=IF(I377="","",ROUND(G377-I377,2))	=IF(J377="","",ROUND(H377-J377,2))
MRP Liberty	324 Pleasant Valley Dr	Longs	SC	29568	=IFERROR(INDEX(zips!$B:$B,MATCH(E378,zips!$A:$A,0)),"")	=IFERROR(INDEX(zips!$E:$E,MATCH(E378,zips!$A:$A,0)),"")	=IF(OR(F378="",G378=""),"",100*SUMIFS(zips!$C:$C,zips!$B:$B,F378,zips!$E:$E,"<"&G378)/SUMIFS(zips!$C:$C,zips!$B:$B,F378,zips!$E:$E,">0"))	182.8425	13.3682	=IF(I378="","",ROUND(G378-I378,2))	=IF(J378="","",ROUND(H378-J378,2))
MRP Liberty	199 Lockland Dr	Myrtle Beach	SC	29588	=IFERROR(INDEX(zips!$B:$B,MATCH(E379,zips!$A:$A,0)),"")	=IFERROR(INDEX(zips!$E:$E,MATCH(E379,zips!$A:$A,0)),"")	=IF(OR(F379="",G379=""),"",100*SUMIFS(zips!$C:$C,zips!$B:$B,F379,zips!$E:$E,"<"&G379)/SUMIFS(zips!$C:$C,zips!$B:$B,F379,zips!$E:$E,">0"))	1265.7039	77.4682	=IF(I379="","",ROUND(G379-I379,2))	=IF(J379="","",ROUND(H379-J379,2))
MRP Liberty	328 Pleasant Valley Dr	Longs	SC	29568	=IFERROR(INDEX(zips!$B:$B,MATCH(E380,zips!$A:$A,0)),"")	=IFERROR(INDEX(zips!$E:$E,MATCH(E380,zips!$A:$A,0)),"")	=IF(OR(F380="",G380=""),"",100*SUMIFS(zips!$C:$C,zips!$B:$B,F380,zips!$E:$E,"<"&G380)/SUMIFS(zips!$C:$C,zips!$B:$B,F380,zips!$E:$E,">0"))	182.8425	13.3682	=IF(I380="","",ROUND(G380-I380,2))	=IF(J380="","",ROUND(H380-J380,2))
MRP Liberty	216 Lockland Dr	Myrtle Beach	SC	29588	=IFERROR(INDEX(zips!$B:$B,MATCH(E381,zips!$A:$A,0)),"")	=IFERROR(INDEX(zips!$E:$E,MATCH(E381,zips!$A:$A,0)),"")	=IF(OR(F381="",G381=""),"",100*SUMIFS(zips!$C:$C,zips!$B:$B,F381,zips!$E:$E,"<"&G381)/SUMIFS(zips!$C:$C,zips!$B:$B,F381,zips!$E:$E,">0"))	1265.7039	77.4682	=IF(I381="","",ROUND(G381-I381,2))	=IF(J381="","",ROUND(H381-J381,2))
MRP Liberty	168 Lockland Dr	Myrtle Beach	SC	29588	=IFERROR(INDEX(zips!$B:$B,MATCH(E382,zips!$A:$A,0)),"")	=IFERROR(INDEX(zips!$E:$E,MATCH(E382,zips!$A:$A,0)),"")	=IF(OR(F382="",G382=""),"",100*SUMIFS(zips!$C:$C,zips!$B:$B,F382,zips!$E:$E,"<"&G382)/SUMIFS(zips!$C:$C,zips!$B:$B,F382,zips!$E:$E,">0"))	1265.7039	77.4682	=IF(I382="","",ROUND(G382-I382,2))	=IF(J382="","",ROUND(H382-J382,2))
MRP Liberty	320 Cowry Ct	Myrtle Beach	SC	29588	=IFERROR(INDEX(zips!$B:$B,MATCH(E383,zips!$A:$A,0)),"")	=IFERROR(INDEX(zips!$E:$E,MATCH(E383,zips!$A:$A,0)),"")	=IF(OR(F383="",G383=""),"",100*SUMIFS(zips!$C:$C,zips!$B:$B,F383,zips!$E:$E,"<"&G383)/SUMIFS(zips!$C:$C,zips!$B:$B,F383,zips!$E:$E,">0"))	1265.7039	77.4682	=IF(I383="","",ROUND(G383-I383,2))	=IF(J383="","",ROUND(H383-J383,2))
MRP Liberty	174 Lockland Dr	Myrtle Beach	SC	29588	=IFERROR(INDEX(zips!$B:$B,MATCH(E384,zips!$A:$A,0)),"")	=IFERROR(INDEX(zips!$E:$E,MATCH(E384,zips!$A:$A,0)),"")	=IF(OR(F384="",G384=""),"",100*SUMIFS(zips!$C:$C,zips!$B:$B,F384,zips!$E:$E,"<"&G384)/SUMIFS(zips!$C:$C,zips!$B:$B,F384,zips!$E:$E,">0"))	1265.7039	77.4682	=IF(I384="","",ROUND(G384-I384,2))	=IF(J384="","",ROUND(H384-J384,2))
MRP Liberty	304 Cowry Ct	Myrtle Beach	SC	29588	=IFERROR(INDEX(zips!$B:$B,MATCH(E385,zips!$A:$A,0)),"")	=IFERROR(INDEX(zips!$E:$E,MATCH(E385,zips!$A:$A,0)),"")	=IF(OR(F385="",G385=""),"",100*SUMIFS(zips!$C:$C,zips!$B:$B,F385,zips!$E:$E,"<"&G385)/SUMIFS(zips!$C:$C,zips!$B:$B,F385,zips!$E:$E,">0"))	1265.7039	77.4682	=IF(I385="","",ROUND(G385-I385,2))	=IF(J385="","",ROUND(H385-J385,2))
MRP Liberty	203 Lockland Dr	Myrtle Beach	SC	29588	=IFERROR(INDEX(zips!$B:$B,MATCH(E386,zips!$A:$A,0)),"")	=IFERROR(INDEX(zips!$E:$E,MATCH(E386,zips!$A:$A,0)),"")	=IF(OR(F386="",G386=""),"",100*SUMIFS(zips!$C:$C,zips!$B:$B,F386,zips!$E:$E,"<"&G386)/SUMIFS(zips!$C:$C,zips!$B:$B,F386,zips!$E:$E,">0"))	1265.7039	77.4682	=IF(I386="","",ROUND(G386-I386,2))	=IF(J386="","",ROUND(H386-J386,2))
MRP Liberty	208 Lockland Dr	Myrtle Beach	SC	29588	=IFERROR(INDEX(zips!$B:$B,MATCH(E387,zips!$A:$A,0)),"")	=IFERROR(INDEX(zips!$E:$E,MATCH(E387,zips!$A:$A,0)),"")	=IF(OR(F387="",G387=""),"",100*SUMIFS(zips!$C:$C,zips!$B:$B,F387,zips!$E:$E,"<"&G387)/SUMIFS(zips!$C:$C,zips!$B:$B,F387,zips!$E:$E,">0"))	1265.7039	77.4682	=IF(I387="","",ROUND(G387-I387,2))	=IF(J387="","",ROUND(H387-J387,2))
MRP Liberty	200 Lockland Dr	Myrtle Beach	SC	29588	=IFERROR(INDEX(zips!$B:$B,MATCH(E388,zips!$A:$A,0)),"")	=IFERROR(INDEX(zips!$E:$E,MATCH(E388,zips!$A:$A,0)),"")	=IF(OR(F388="",G388=""),"",100*SUMIFS(zips!$C:$C,zips!$B:$B,F388,zips!$E:$E,"<"&G388)/SUMIFS(zips!$C:$C,zips!$B:$B,F388,zips!$E:$E,">0"))	1265.7039	77.4682	=IF(I388="","",ROUND(G388-I388,2))	=IF(J388="","",ROUND(H388-J388,2))
MRP Liberty	164 Lockland Dr	Myrtle Beach	SC	29588	=IFERROR(INDEX(zips!$B:$B,MATCH(E389,zips!$A:$A,0)),"")	=IFERROR(INDEX(zips!$E:$E,MATCH(E389,zips!$A:$A,0)),"")	=IF(OR(F389="",G389=""),"",100*SUMIFS(zips!$C:$C,zips!$B:$B,F389,zips!$E:$E,"<"&G389)/SUMIFS(zips!$C:$C,zips!$B:$B,F389,zips!$E:$E,">0"))	1265.7039	77.4682	=IF(I389="","",ROUND(G389-I389,2))	=IF(J389="","",ROUND(H389-J389,2))
MRP Liberty	344 Cowry Ct	Myrtle Beach	SC	29588	=IFERROR(INDEX(zips!$B:$B,MATCH(E390,zips!$A:$A,0)),"")	=IFERROR(INDEX(zips!$E:$E,MATCH(E390,zips!$A:$A,0)),"")	=IF(OR(F390="",G390=""),"",100*SUMIFS(zips!$C:$C,zips!$B:$B,F390,zips!$E:$E,"<"&G390)/SUMIFS(zips!$C:$C,zips!$B:$B,F390,zips!$E:$E,">0"))	1265.7039	77.4682	=IF(I390="","",ROUND(G390-I390,2))	=IF(J390="","",ROUND(H390-J390,2))
MRP Liberty	308 Cowry Ct	Myrtle Beach	SC	29588	=IFERROR(INDEX(zips!$B:$B,MATCH(E391,zips!$A:$A,0)),"")	=IFERROR(INDEX(zips!$E:$E,MATCH(E391,zips!$A:$A,0)),"")	=IF(OR(F391="",G391=""),"",100*SUMIFS(zips!$C:$C,zips!$B:$B,F391,zips!$E:$E,"<"&G391)/SUMIFS(zips!$C:$C,zips!$B:$B,F391,zips!$E:$E,">0"))	1265.7039	77.4682	=IF(I391="","",ROUND(G391-I391,2))	=IF(J391="","",ROUND(H391-J391,2))
MRP Liberty	312 Cowry Ct	Myrtle Beach	SC	29588	=IFERROR(INDEX(zips!$B:$B,MATCH(E392,zips!$A:$A,0)),"")	=IFERROR(INDEX(zips!$E:$E,MATCH(E392,zips!$A:$A,0)),"")	=IF(OR(F392="",G392=""),"",100*SUMIFS(zips!$C:$C,zips!$B:$B,F392,zips!$E:$E,"<"&G392)/SUMIFS(zips!$C:$C,zips!$B:$B,F392,zips!$E:$E,">0"))	1265.7039	77.4682	=IF(I392="","",ROUND(G392-I392,2))	=IF(J392="","",ROUND(H392-J392,2))
MRP Liberty	207 Lockland Dr	Myrtle Beach	SC	29588	=IFERROR(INDEX(zips!$B:$B,MATCH(E393,zips!$A:$A,0)),"")	=IFERROR(INDEX(zips!$E:$E,MATCH(E393,zips!$A:$A,0)),"")	=IF(OR(F393="",G393=""),"",100*SUMIFS(zips!$C:$C,zips!$B:$B,F393,zips!$E:$E,"<"&G393)/SUMIFS(zips!$C:$C,zips!$B:$B,F393,zips!$E:$E,">0"))	1265.7039	77.4682	=IF(I393="","",ROUND(G393-I393,2))	=IF(J393="","",ROUND(H393-J393,2))
MRP Liberty	340 Cowry Ct	Myrtle Beach	SC	29588	=IFERROR(INDEX(zips!$B:$B,MATCH(E394,zips!$A:$A,0)),"")	=IFERROR(INDEX(zips!$E:$E,MATCH(E394,zips!$A:$A,0)),"")	=IF(OR(F394="",G394=""),"",100*SUMIFS(zips!$C:$C,zips!$B:$B,F394,zips!$E:$E,"<"&G394)/SUMIFS(zips!$C:$C,zips!$B:$B,F394,zips!$E:$E,">0"))	1265.7039	77.4682	=IF(I394="","",ROUND(G394-I394,2))	=IF(J394="","",ROUND(H394-J394,2))
MRP Liberty	212 Lockland Dr	Myrtle Beach	SC	29588	=IFERROR(INDEX(zips!$B:$B,MATCH(E395,zips!$A:$A,0)),"")	=IFERROR(INDEX(zips!$E:$E,MATCH(E395,zips!$A:$A,0)),"")	=IF(OR(F395="",G395=""),"",100*SUMIFS(zips!$C:$C,zips!$B:$B,F395,zips!$E:$E,"<"&G395)/SUMIFS(zips!$C:$C,zips!$B:$B,F395,zips!$E:$E,">0"))	1265.7039	77.4682	=IF(I395="","",ROUND(G395-I395,2))	=IF(J395="","",ROUND(H395-J395,2))
MRP Liberty	211 Lockland Dr	Myrtle Beach	SC	29588	=IFERROR(INDEX(zips!$B:$B,MATCH(E396,zips!$A:$A,0)),"")	=IFERROR(INDEX(zips!$E:$E,MATCH(E396,zips!$A:$A,0)),"")	=IF(OR(F396="",G396=""),"",100*SUMIFS(zips!$C:$C,zips!$B:$B,F396,zips!$E:$E,"<"&G396)/SUMIFS(zips!$C:$C,zips!$B:$B,F396,zips!$E:$E,">0"))	1265.7039	77.4682	=IF(I396="","",ROUND(G396-I396,2))	=IF(J396="","",ROUND(H396-J396,2))
MRP Liberty	316 Cowry Ct	Myrtle Beach	SC	29588	=IFERROR(INDEX(zips!$B:$B,MATCH(E397,zips!$A:$A,0)),"")	=IFERROR(INDEX(zips!$E:$E,MATCH(E397,zips!$A:$A,0)),"")	=IF(OR(F397="",G397=""),"",100*SUMIFS(zips!$C:$C,zips!$B:$B,F397,zips!$E:$E,"<"&G397)/SUMIFS(zips!$C:$C,zips!$B:$B,F397,zips!$E:$E,">0"))	1265.7039	77.4682	=IF(I397="","",ROUND(G397-I397,2))	=IF(J397="","",ROUND(H397-J397,2))
MRP Liberty	172 Lockland Dr	Myrtle Beach	SC	29588	=IFERROR(INDEX(zips!$B:$B,MATCH(E398,zips!$A:$A,0)),"")	=IFERROR(INDEX(zips!$E:$E,MATCH(E398,zips!$A:$A,0)),"")	=IF(OR(F398="",G398=""),"",100*SUMIFS(zips!$C:$C,zips!$B:$B,F398,zips!$E:$E,"<"&G398)/SUMIFS(zips!$C:$C,zips!$B:$B,F398,zips!$E:$E,">0"))	1265.7039	77.4682	=IF(I398="","",ROUND(G398-I398,2))	=IF(J398="","",ROUND(H398-J398,2))
MRP Liberty	336 Cowry Ct	Myrtle Beach	SC	29588	=IFERROR(INDEX(zips!$B:$B,MATCH(E399,zips!$A:$A,0)),"")	=IFERROR(INDEX(zips!$E:$E,MATCH(E399,zips!$A:$A,0)),"")	=IF(OR(F399="",G399=""),"",100*SUMIFS(zips!$C:$C,zips!$B:$B,F399,zips!$E:$E,"<"&G399)/SUMIFS(zips!$C:$C,zips!$B:$B,F399,zips!$E:$E,">0"))	1265.7039	77.4682	=IF(I399="","",ROUND(G399-I399,2))	=IF(J399="","",ROUND(H399-J399,2))
MRP Liberty	316 Deer Ridge Way	Myrtle Beach	SC	29579	=IFERROR(INDEX(zips!$B:$B,MATCH(E400,zips!$A:$A,0)),"")	=IFERROR(INDEX(zips!$E:$E,MATCH(E400,zips!$A:$A,0)),"")	=IF(OR(F400="",G400=""),"",100*SUMIFS(zips!$C:$C,zips!$B:$B,F400,zips!$E:$E,"<"&G400)/SUMIFS(zips!$C:$C,zips!$B:$B,F400,zips!$E:$E,">0"))	1013.686	61.0705	=IF(I400="","",ROUND(G400-I400,2))	=IF(J400="","",ROUND(H400-J400,2))
MRP Liberty	236 Lockland Dr	Myrtle Beach	SC	29588	=IFERROR(INDEX(zips!$B:$B,MATCH(E401,zips!$A:$A,0)),"")	=IFERROR(INDEX(zips!$E:$E,MATCH(E401,zips!$A:$A,0)),"")	=IF(OR(F401="",G401=""),"",100*SUMIFS(zips!$C:$C,zips!$B:$B,F401,zips!$E:$E,"<"&G401)/SUMIFS(zips!$C:$C,zips!$B:$B,F401,zips!$E:$E,">0"))	1265.7039	77.4682	=IF(I401="","",ROUND(G401-I401,2))	=IF(J401="","",ROUND(H401-J401,2))
MRP Liberty	103 Brook Run Dr	FOUNTAIN INN	SC	29644	=IFERROR(INDEX(zips!$B:$B,MATCH(E402,zips!$A:$A,0)),"")	=IFERROR(INDEX(zips!$E:$E,MATCH(E402,zips!$A:$A,0)),"")	=IF(OR(F402="",G402=""),"",100*SUMIFS(zips!$C:$C,zips!$B:$B,F402,zips!$E:$E,"<"&G402)/SUMIFS(zips!$C:$C,zips!$B:$B,F402,zips!$E:$E,">0"))	273.2374	26.631	=IF(I402="","",ROUND(G402-I402,2))	=IF(J402="","",ROUND(H402-J402,2))
MRP Liberty	107 Brook Run Dr	FOUNTAIN INN	SC	29644	=IFERROR(INDEX(zips!$B:$B,MATCH(E403,zips!$A:$A,0)),"")	=IFERROR(INDEX(zips!$E:$E,MATCH(E403,zips!$A:$A,0)),"")	=IF(OR(F403="",G403=""),"",100*SUMIFS(zips!$C:$C,zips!$B:$B,F403,zips!$E:$E,"<"&G403)/SUMIFS(zips!$C:$C,zips!$B:$B,F403,zips!$E:$E,">0"))	273.2374	26.631	=IF(I403="","",ROUND(G403-I403,2))	=IF(J403="","",ROUND(H403-J403,2))
MRP Liberty	243 Woven Wheel Dr	CLINTON	SC	29325	=IFERROR(INDEX(zips!$B:$B,MATCH(E404,zips!$A:$A,0)),"")	=IFERROR(INDEX(zips!$E:$E,MATCH(E404,zips!$A:$A,0)),"")	=IF(OR(F404="",G404=""),"",100*SUMIFS(zips!$C:$C,zips!$B:$B,F404,zips!$E:$E,"<"&G404)/SUMIFS(zips!$C:$C,zips!$B:$B,F404,zips!$E:$E,">0"))	90.0393	3.8905	=IF(I404="","",ROUND(G404-I404,2))	=IF(J404="","",ROUND(H404-J404,2))
MRP Liberty	237 Woven Wheel Dr	CLINTON	SC	29325	=IFERROR(INDEX(zips!$B:$B,MATCH(E405,zips!$A:$A,0)),"")	=IFERROR(INDEX(zips!$E:$E,MATCH(E405,zips!$A:$A,0)),"")	=IF(OR(F405="",G405=""),"",100*SUMIFS(zips!$C:$C,zips!$B:$B,F405,zips!$E:$E,"<"&G405)/SUMIFS(zips!$C:$C,zips!$B:$B,F405,zips!$E:$E,">0"))	90.0393	3.8905	=IF(I405="","",ROUND(G405-I405,2))	=IF(J405="","",ROUND(H405-J405,2))
MRP Liberty	207 Chimney Stack Rd	CLINTON	SC	29325	=IFERROR(INDEX(zips!$B:$B,MATCH(E406,zips!$A:$A,0)),"")	=IFERROR(INDEX(zips!$E:$E,MATCH(E406,zips!$A:$A,0)),"")	=IF(OR(F406="",G406=""),"",100*SUMIFS(zips!$C:$C,zips!$B:$B,F406,zips!$E:$E,"<"&G406)/SUMIFS(zips!$C:$C,zips!$B:$B,F406,zips!$E:$E,">0"))	90.0393	3.8905	=IF(I406="","",ROUND(G406-I406,2))	=IF(J406="","",ROUND(H406-J406,2))
MRP Liberty	202 Chimney Stack Rd	CLINTON	SC	29325	=IFERROR(INDEX(zips!$B:$B,MATCH(E407,zips!$A:$A,0)),"")	=IFERROR(INDEX(zips!$E:$E,MATCH(E407,zips!$A:$A,0)),"")	=IF(OR(F407="",G407=""),"",100*SUMIFS(zips!$C:$C,zips!$B:$B,F407,zips!$E:$E,"<"&G407)/SUMIFS(zips!$C:$C,zips!$B:$B,F407,zips!$E:$E,">0"))	90.0393	3.8905	=IF(I407="","",ROUND(G407-I407,2))	=IF(J407="","",ROUND(H407-J407,2))
MRP Liberty	120 Tango Dr	CLINTON	SC	29325	=IFERROR(INDEX(zips!$B:$B,MATCH(E408,zips!$A:$A,0)),"")	=IFERROR(INDEX(zips!$E:$E,MATCH(E408,zips!$A:$A,0)),"")	=IF(OR(F408="",G408=""),"",100*SUMIFS(zips!$C:$C,zips!$B:$B,F408,zips!$E:$E,"<"&G408)/SUMIFS(zips!$C:$C,zips!$B:$B,F408,zips!$E:$E,">0"))	90.0393	3.8905	=IF(I408="","",ROUND(G408-I408,2))	=IF(J408="","",ROUND(H408-J408,2))
MRP Liberty	122 Tango Dr	CLINTON	SC	29325	=IFERROR(INDEX(zips!$B:$B,MATCH(E409,zips!$A:$A,0)),"")	=IFERROR(INDEX(zips!$E:$E,MATCH(E409,zips!$A:$A,0)),"")	=IF(OR(F409="",G409=""),"",100*SUMIFS(zips!$C:$C,zips!$B:$B,F409,zips!$E:$E,"<"&G409)/SUMIFS(zips!$C:$C,zips!$B:$B,F409,zips!$E:$E,">0"))	90.0393	3.8905	=IF(I409="","",ROUND(G409-I409,2))	=IF(J409="","",ROUND(H409-J409,2))
MRP Liberty	126 Tango Dr	CLINTON	SC	29325	=IFERROR(INDEX(zips!$B:$B,MATCH(E410,zips!$A:$A,0)),"")	=IFERROR(INDEX(zips!$E:$E,MATCH(E410,zips!$A:$A,0)),"")	=IF(OR(F410="",G410=""),"",100*SUMIFS(zips!$C:$C,zips!$B:$B,F410,zips!$E:$E,"<"&G410)/SUMIFS(zips!$C:$C,zips!$B:$B,F410,zips!$E:$E,">0"))	90.0393	3.8905	=IF(I410="","",ROUND(G410-I410,2))	=IF(J410="","",ROUND(H410-J410,2))
MRP Liberty	112 Tango Dr	CLINTON	SC	29325	=IFERROR(INDEX(zips!$B:$B,MATCH(E411,zips!$A:$A,0)),"")	=IFERROR(INDEX(zips!$E:$E,MATCH(E411,zips!$A:$A,0)),"")	=IF(OR(F411="",G411=""),"",100*SUMIFS(zips!$C:$C,zips!$B:$B,F411,zips!$E:$E,"<"&G411)/SUMIFS(zips!$C:$C,zips!$B:$B,F411,zips!$E:$E,">0"))	90.0393	3.8905	=IF(I411="","",ROUND(G411-I411,2))	=IF(J411="","",ROUND(H411-J411,2))
MRP Liberty	133 Tango Dr	CLINTON	SC	29325	=IFERROR(INDEX(zips!$B:$B,MATCH(E412,zips!$A:$A,0)),"")	=IFERROR(INDEX(zips!$E:$E,MATCH(E412,zips!$A:$A,0)),"")	=IF(OR(F412="",G412=""),"",100*SUMIFS(zips!$C:$C,zips!$B:$B,F412,zips!$E:$E,"<"&G412)/SUMIFS(zips!$C:$C,zips!$B:$B,F412,zips!$E:$E,">0"))	90.0393	3.8905	=IF(I412="","",ROUND(G412-I412,2))	=IF(J412="","",ROUND(H412-J412,2))
MRP Liberty	127 Tango Dr	CLINTON	SC	29325	=IFERROR(INDEX(zips!$B:$B,MATCH(E413,zips!$A:$A,0)),"")	=IFERROR(INDEX(zips!$E:$E,MATCH(E413,zips!$A:$A,0)),"")	=IF(OR(F413="",G413=""),"",100*SUMIFS(zips!$C:$C,zips!$B:$B,F413,zips!$E:$E,"<"&G413)/SUMIFS(zips!$C:$C,zips!$B:$B,F413,zips!$E:$E,">0"))	90.0393	3.8905	=IF(I413="","",ROUND(G413-I413,2))	=IF(J413="","",ROUND(H413-J413,2))
MRP Liberty	117 Tango Dr	CLINTON	SC	29325	=IFERROR(INDEX(zips!$B:$B,MATCH(E414,zips!$A:$A,0)),"")	=IFERROR(INDEX(zips!$E:$E,MATCH(E414,zips!$A:$A,0)),"")	=IF(OR(F414="",G414=""),"",100*SUMIFS(zips!$C:$C,zips!$B:$B,F414,zips!$E:$E,"<"&G414)/SUMIFS(zips!$C:$C,zips!$B:$B,F414,zips!$E:$E,">0"))	90.0393	3.8905	=IF(I414="","",ROUND(G414-I414,2))	=IF(J414="","",ROUND(H414-J414,2))
MRP Liberty	113 Tango Dr	CLINTON	SC	29325	=IFERROR(INDEX(zips!$B:$B,MATCH(E415,zips!$A:$A,0)),"")	=IFERROR(INDEX(zips!$E:$E,MATCH(E415,zips!$A:$A,0)),"")	=IF(OR(F415="",G415=""),"",100*SUMIFS(zips!$C:$C,zips!$B:$B,F415,zips!$E:$E,"<"&G415)/SUMIFS(zips!$C:$C,zips!$B:$B,F415,zips!$E:$E,">0"))	90.0393	3.8905	=IF(I415="","",ROUND(G415-I415,2))	=IF(J415="","",ROUND(H415-J415,2))
MRP Liberty	285 Fourth St	York	SC	29745	=IFERROR(INDEX(zips!$B:$B,MATCH(E416,zips!$A:$A,0)),"")	=IFERROR(INDEX(zips!$E:$E,MATCH(E416,zips!$A:$A,0)),"")	=IF(OR(F416="",G416=""),"",100*SUMIFS(zips!$C:$C,zips!$B:$B,F416,zips!$E:$E,"<"&G416)/SUMIFS(zips!$C:$C,zips!$B:$B,F416,zips!$E:$E,">0"))	255.8234	10.6259	=IF(I416="","",ROUND(G416-I416,2))	=IF(J416="","",ROUND(H416-J416,2))
MRP Liberty	281 Fourth St	York	SC	29745	=IFERROR(INDEX(zips!$B:$B,MATCH(E417,zips!$A:$A,0)),"")	=IFERROR(INDEX(zips!$E:$E,MATCH(E417,zips!$A:$A,0)),"")	=IF(OR(F417="",G417=""),"",100*SUMIFS(zips!$C:$C,zips!$B:$B,F417,zips!$E:$E,"<"&G417)/SUMIFS(zips!$C:$C,zips!$B:$B,F417,zips!$E:$E,">0"))	255.8234	10.6259	=IF(I417="","",ROUND(G417-I417,2))	=IF(J417="","",ROUND(H417-J417,2))
MRP Liberty	277 Fourth St	York	SC	29745	=IFERROR(INDEX(zips!$B:$B,MATCH(E418,zips!$A:$A,0)),"")	=IFERROR(INDEX(zips!$E:$E,MATCH(E418,zips!$A:$A,0)),"")	=IF(OR(F418="",G418=""),"",100*SUMIFS(zips!$C:$C,zips!$B:$B,F418,zips!$E:$E,"<"&G418)/SUMIFS(zips!$C:$C,zips!$B:$B,F418,zips!$E:$E,">0"))	255.8234	10.6259	=IF(I418="","",ROUND(G418-I418,2))	=IF(J418="","",ROUND(H418-J418,2))
MRP Liberty	273 Fourth St	York	SC	29745	=IFERROR(INDEX(zips!$B:$B,MATCH(E419,zips!$A:$A,0)),"")	=IFERROR(INDEX(zips!$E:$E,MATCH(E419,zips!$A:$A,0)),"")	=IF(OR(F419="",G419=""),"",100*SUMIFS(zips!$C:$C,zips!$B:$B,F419,zips!$E:$E,"<"&G419)/SUMIFS(zips!$C:$C,zips!$B:$B,F419,zips!$E:$E,">0"))	255.8234	10.6259	=IF(I419="","",ROUND(G419-I419,2))	=IF(J419="","",ROUND(H419-J419,2))
MRP Liberty	1222 Ambrosia Dr	York	SC	29745	=IFERROR(INDEX(zips!$B:$B,MATCH(E420,zips!$A:$A,0)),"")	=IFERROR(INDEX(zips!$E:$E,MATCH(E420,zips!$A:$A,0)),"")	=IF(OR(F420="",G420=""),"",100*SUMIFS(zips!$C:$C,zips!$B:$B,F420,zips!$E:$E,"<"&G420)/SUMIFS(zips!$C:$C,zips!$B:$B,F420,zips!$E:$E,">0"))	255.8234	10.6259	=IF(I420="","",ROUND(G420-I420,2))	=IF(J420="","",ROUND(H420-J420,2))
MRP Liberty	1230 Ambrosia Dr	York	SC	29745	=IFERROR(INDEX(zips!$B:$B,MATCH(E421,zips!$A:$A,0)),"")	=IFERROR(INDEX(zips!$E:$E,MATCH(E421,zips!$A:$A,0)),"")	=IF(OR(F421="",G421=""),"",100*SUMIFS(zips!$C:$C,zips!$B:$B,F421,zips!$E:$E,"<"&G421)/SUMIFS(zips!$C:$C,zips!$B:$B,F421,zips!$E:$E,">0"))	255.8234	10.6259	=IF(I421="","",ROUND(G421-I421,2))	=IF(J421="","",ROUND(H421-J421,2))
MRP Liberty	1243 Ambrosia Dr	York	SC	29745	=IFERROR(INDEX(zips!$B:$B,MATCH(E422,zips!$A:$A,0)),"")	=IFERROR(INDEX(zips!$E:$E,MATCH(E422,zips!$A:$A,0)),"")	=IF(OR(F422="",G422=""),"",100*SUMIFS(zips!$C:$C,zips!$B:$B,F422,zips!$E:$E,"<"&G422)/SUMIFS(zips!$C:$C,zips!$B:$B,F422,zips!$E:$E,">0"))	255.8234	10.6259	=IF(I422="","",ROUND(G422-I422,2))	=IF(J422="","",ROUND(H422-J422,2))
MRP Liberty	1239 Ambrosia Dr	York	SC	29745	=IFERROR(INDEX(zips!$B:$B,MATCH(E423,zips!$A:$A,0)),"")	=IFERROR(INDEX(zips!$E:$E,MATCH(E423,zips!$A:$A,0)),"")	=IF(OR(F423="",G423=""),"",100*SUMIFS(zips!$C:$C,zips!$B:$B,F423,zips!$E:$E,"<"&G423)/SUMIFS(zips!$C:$C,zips!$B:$B,F423,zips!$E:$E,">0"))	255.8234	10.6259	=IF(I423="","",ROUND(G423-I423,2))	=IF(J423="","",ROUND(H423-J423,2))
MRP Liberty	688 Sparano Loop	York	SC	29745	=IFERROR(INDEX(zips!$B:$B,MATCH(E424,zips!$A:$A,0)),"")	=IFERROR(INDEX(zips!$E:$E,MATCH(E424,zips!$A:$A,0)),"")	=IF(OR(F424="",G424=""),"",100*SUMIFS(zips!$C:$C,zips!$B:$B,F424,zips!$E:$E,"<"&G424)/SUMIFS(zips!$C:$C,zips!$B:$B,F424,zips!$E:$E,">0"))	255.8234	10.6259	=IF(I424="","",ROUND(G424-I424,2))	=IF(J424="","",ROUND(H424-J424,2))
MRP Liberty	692 Sparano Loop	York	SC	29745	=IFERROR(INDEX(zips!$B:$B,MATCH(E425,zips!$A:$A,0)),"")	=IFERROR(INDEX(zips!$E:$E,MATCH(E425,zips!$A:$A,0)),"")	=IF(OR(F425="",G425=""),"",100*SUMIFS(zips!$C:$C,zips!$B:$B,F425,zips!$E:$E,"<"&G425)/SUMIFS(zips!$C:$C,zips!$B:$B,F425,zips!$E:$E,">0"))	255.8234	10.6259	=IF(I425="","",ROUND(G425-I425,2))	=IF(J425="","",ROUND(H425-J425,2))
MRP Liberty	245 Fourth St	York	SC	29745	=IFERROR(INDEX(zips!$B:$B,MATCH(E426,zips!$A:$A,0)),"")	=IFERROR(INDEX(zips!$E:$E,MATCH(E426,zips!$A:$A,0)),"")	=IF(OR(F426="",G426=""),"",100*SUMIFS(zips!$C:$C,zips!$B:$B,F426,zips!$E:$E,"<"&G426)/SUMIFS(zips!$C:$C,zips!$B:$B,F426,zips!$E:$E,">0"))	255.8234	10.6259	=IF(I426="","",ROUND(G426-I426,2))	=IF(J426="","",ROUND(H426-J426,2))
MRP Liberty	257 Fourth St	York	SC	29745	=IFERROR(INDEX(zips!$B:$B,MATCH(E427,zips!$A:$A,0)),"")	=IFERROR(INDEX(zips!$E:$E,MATCH(E427,zips!$A:$A,0)),"")	=IF(OR(F427="",G427=""),"",100*SUMIFS(zips!$C:$C,zips!$B:$B,F427,zips!$E:$E,"<"&G427)/SUMIFS(zips!$C:$C,zips!$B:$B,F427,zips!$E:$E,">0"))	255.8234	10.6259	=IF(I427="","",ROUND(G427-I427,2))	=IF(J427="","",ROUND(H427-J427,2))
MRP Liberty	261 Fourth St	York	SC	29745	=IFERROR(INDEX(zips!$B:$B,MATCH(E428,zips!$A:$A,0)),"")	=IFERROR(INDEX(zips!$E:$E,MATCH(E428,zips!$A:$A,0)),"")	=IF(OR(F428="",G428=""),"",100*SUMIFS(zips!$C:$C,zips!$B:$B,F428,zips!$E:$E,"<"&G428)/SUMIFS(zips!$C:$C,zips!$B:$B,F428,zips!$E:$E,">0"))	255.8234	10.6259	=IF(I428="","",ROUND(G428-I428,2))	=IF(J428="","",ROUND(H428-J428,2))
MRP Liberty	187 Crewe St	WOODRUFF	SC	29388	=IFERROR(INDEX(zips!$B:$B,MATCH(E429,zips!$A:$A,0)),"")	=IFERROR(INDEX(zips!$E:$E,MATCH(E429,zips!$A:$A,0)),"")	=IF(OR(F429="",G429=""),"",100*SUMIFS(zips!$C:$C,zips!$B:$B,F429,zips!$E:$E,"<"&G429)/SUMIFS(zips!$C:$C,zips!$B:$B,F429,zips!$E:$E,">0"))	164.7911	3.3055	=IF(I429="","",ROUND(G429-I429,2))	=IF(J429="","",ROUND(H429-J429,2))
MRP Liberty	167 Crewe St	WOODRUFF	SC	29388	=IFERROR(INDEX(zips!$B:$B,MATCH(E430,zips!$A:$A,0)),"")	=IFERROR(INDEX(zips!$E:$E,MATCH(E430,zips!$A:$A,0)),"")	=IF(OR(F430="",G430=""),"",100*SUMIFS(zips!$C:$C,zips!$B:$B,F430,zips!$E:$E,"<"&G430)/SUMIFS(zips!$C:$C,zips!$B:$B,F430,zips!$E:$E,">0"))	164.7911	3.3055	=IF(I430="","",ROUND(G430-I430,2))	=IF(J430="","",ROUND(H430-J430,2))
MRP Liberty	138 Farmwell Dr	WOODRUFF	SC	29388	=IFERROR(INDEX(zips!$B:$B,MATCH(E431,zips!$A:$A,0)),"")	=IFERROR(INDEX(zips!$E:$E,MATCH(E431,zips!$A:$A,0)),"")	=IF(OR(F431="",G431=""),"",100*SUMIFS(zips!$C:$C,zips!$B:$B,F431,zips!$E:$E,"<"&G431)/SUMIFS(zips!$C:$C,zips!$B:$B,F431,zips!$E:$E,">0"))	164.7911	3.3055	=IF(I431="","",ROUND(G431-I431,2))	=IF(J431="","",ROUND(H431-J431,2))
MRP Liberty	414 Adhurst Dr	ENOREE	SC	29335	=IFERROR(INDEX(zips!$B:$B,MATCH(E432,zips!$A:$A,0)),"")	=IFERROR(INDEX(zips!$E:$E,MATCH(E432,zips!$A:$A,0)),"")	=IF(OR(F432="",G432=""),"",100*SUMIFS(zips!$C:$C,zips!$B:$B,F432,zips!$E:$E,"<"&G432)/SUMIFS(zips!$C:$C,zips!$B:$B,F432,zips!$E:$E,">0"))	60.1292	0.7664	=IF(I432="","",ROUND(G432-I432,2))	=IF(J432="","",ROUND(H432-J432,2))
MRP Liberty	191 Crewe St	WOODRUFF	SC	29388	=IFERROR(INDEX(zips!$B:$B,MATCH(E433,zips!$A:$A,0)),"")	=IFERROR(INDEX(zips!$E:$E,MATCH(E433,zips!$A:$A,0)),"")	=IF(OR(F433="",G433=""),"",100*SUMIFS(zips!$C:$C,zips!$B:$B,F433,zips!$E:$E,"<"&G433)/SUMIFS(zips!$C:$C,zips!$B:$B,F433,zips!$E:$E,">0"))	164.7911	3.3055	=IF(I433="","",ROUND(G433-I433,2))	=IF(J433="","",ROUND(H433-J433,2))
MRP Liberty	417 Adhurst Dr	ENOREE	SC	29335	=IFERROR(INDEX(zips!$B:$B,MATCH(E434,zips!$A:$A,0)),"")	=IFERROR(INDEX(zips!$E:$E,MATCH(E434,zips!$A:$A,0)),"")	=IF(OR(F434="",G434=""),"",100*SUMIFS(zips!$C:$C,zips!$B:$B,F434,zips!$E:$E,"<"&G434)/SUMIFS(zips!$C:$C,zips!$B:$B,F434,zips!$E:$E,">0"))	60.1292	0.7664	=IF(I434="","",ROUND(G434-I434,2))	=IF(J434="","",ROUND(H434-J434,2))
MRP Liberty	890 Mahaffey Ct	SPARTANBURG	SC	29301	=IFERROR(INDEX(zips!$B:$B,MATCH(E435,zips!$A:$A,0)),"")	=IFERROR(INDEX(zips!$E:$E,MATCH(E435,zips!$A:$A,0)),"")	=IF(OR(F435="",G435=""),"",100*SUMIFS(zips!$C:$C,zips!$B:$B,F435,zips!$E:$E,"<"&G435)/SUMIFS(zips!$C:$C,zips!$B:$B,F435,zips!$E:$E,">0"))	1296.2196	81.3332	=IF(I435="","",ROUND(G435-I435,2))	=IF(J435="","",ROUND(H435-J435,2))
MRP Liberty	171 Crewe St	WOODRUFF	SC	29388	=IFERROR(INDEX(zips!$B:$B,MATCH(E436,zips!$A:$A,0)),"")	=IFERROR(INDEX(zips!$E:$E,MATCH(E436,zips!$A:$A,0)),"")	=IF(OR(F436="",G436=""),"",100*SUMIFS(zips!$C:$C,zips!$B:$B,F436,zips!$E:$E,"<"&G436)/SUMIFS(zips!$C:$C,zips!$B:$B,F436,zips!$E:$E,">0"))	164.7911	3.3055	=IF(I436="","",ROUND(G436-I436,2))	=IF(J436="","",ROUND(H436-J436,2))
MRP Liberty	421 Adhurst Dr	ENOREE	SC	29335	=IFERROR(INDEX(zips!$B:$B,MATCH(E437,zips!$A:$A,0)),"")	=IFERROR(INDEX(zips!$E:$E,MATCH(E437,zips!$A:$A,0)),"")	=IF(OR(F437="",G437=""),"",100*SUMIFS(zips!$C:$C,zips!$B:$B,F437,zips!$E:$E,"<"&G437)/SUMIFS(zips!$C:$C,zips!$B:$B,F437,zips!$E:$E,">0"))	60.1292	0.7664	=IF(I437="","",ROUND(G437-I437,2))	=IF(J437="","",ROUND(H437-J437,2))
MRP Liberty	163 Crewe St	WOODRUFF	SC	29388	=IFERROR(INDEX(zips!$B:$B,MATCH(E438,zips!$A:$A,0)),"")	=IFERROR(INDEX(zips!$E:$E,MATCH(E438,zips!$A:$A,0)),"")	=IF(OR(F438="",G438=""),"",100*SUMIFS(zips!$C:$C,zips!$B:$B,F438,zips!$E:$E,"<"&G438)/SUMIFS(zips!$C:$C,zips!$B:$B,F438,zips!$E:$E,">0"))	164.7911	3.3055	=IF(I438="","",ROUND(G438-I438,2))	=IF(J438="","",ROUND(H438-J438,2))
MRP Liberty	900 Mahaffey Ct	SPARTANBURG	SC	29301	=IFERROR(INDEX(zips!$B:$B,MATCH(E439,zips!$A:$A,0)),"")	=IFERROR(INDEX(zips!$E:$E,MATCH(E439,zips!$A:$A,0)),"")	=IF(OR(F439="",G439=""),"",100*SUMIFS(zips!$C:$C,zips!$B:$B,F439,zips!$E:$E,"<"&G439)/SUMIFS(zips!$C:$C,zips!$B:$B,F439,zips!$E:$E,">0"))	1296.2196	81.3332	=IF(I439="","",ROUND(G439-I439,2))	=IF(J439="","",ROUND(H439-J439,2))
MRP Liberty	410 Adhurst Dr	ENOREE	SC	29335	=IFERROR(INDEX(zips!$B:$B,MATCH(E440,zips!$A:$A,0)),"")	=IFERROR(INDEX(zips!$E:$E,MATCH(E440,zips!$A:$A,0)),"")	=IF(OR(F440="",G440=""),"",100*SUMIFS(zips!$C:$C,zips!$B:$B,F440,zips!$E:$E,"<"&G440)/SUMIFS(zips!$C:$C,zips!$B:$B,F440,zips!$E:$E,">0"))	60.1292	0.7664	=IF(I440="","",ROUND(G440-I440,2))	=IF(J440="","",ROUND(H440-J440,2))
MRP Liberty	405 Adhurst Dr	ENOREE	SC	29335	=IFERROR(INDEX(zips!$B:$B,MATCH(E441,zips!$A:$A,0)),"")	=IFERROR(INDEX(zips!$E:$E,MATCH(E441,zips!$A:$A,0)),"")	=IF(OR(F441="",G441=""),"",100*SUMIFS(zips!$C:$C,zips!$B:$B,F441,zips!$E:$E,"<"&G441)/SUMIFS(zips!$C:$C,zips!$B:$B,F441,zips!$E:$E,">0"))	60.1292	0.7664	=IF(I441="","",ROUND(G441-I441,2))	=IF(J441="","",ROUND(H441-J441,2))
MRP Liberty	380 Timberidge Rd	ENOREE	SC	29335	=IFERROR(INDEX(zips!$B:$B,MATCH(E442,zips!$A:$A,0)),"")	=IFERROR(INDEX(zips!$E:$E,MATCH(E442,zips!$A:$A,0)),"")	=IF(OR(F442="",G442=""),"",100*SUMIFS(zips!$C:$C,zips!$B:$B,F442,zips!$E:$E,"<"&G442)/SUMIFS(zips!$C:$C,zips!$B:$B,F442,zips!$E:$E,">0"))	60.1292	0.7664	=IF(I442="","",ROUND(G442-I442,2))	=IF(J442="","",ROUND(H442-J442,2))
MRP Liberty	187 River Birch Ln	Hardeeville	SC	29927	=IFERROR(INDEX(zips!$B:$B,MATCH(E443,zips!$A:$A,0)),"")	=IFERROR(INDEX(zips!$E:$E,MATCH(E443,zips!$A:$A,0)),"")	=IF(OR(F443="",G443=""),"",100*SUMIFS(zips!$C:$C,zips!$B:$B,F443,zips!$E:$E,"<"&G443)/SUMIFS(zips!$C:$C,zips!$B:$B,F443,zips!$E:$E,">0"))	52.485	6.2822	=IF(I443="","",ROUND(G443-I443,2))	=IF(J443="","",ROUND(H443-J443,2))
MRP Liberty	854 Sweetbay Dr	Hardeeville	SC	29927	=IFERROR(INDEX(zips!$B:$B,MATCH(E444,zips!$A:$A,0)),"")	=IFERROR(INDEX(zips!$E:$E,MATCH(E444,zips!$A:$A,0)),"")	=IF(OR(F444="",G444=""),"",100*SUMIFS(zips!$C:$C,zips!$B:$B,F444,zips!$E:$E,"<"&G444)/SUMIFS(zips!$C:$C,zips!$B:$B,F444,zips!$E:$E,">0"))	52.485	6.2822	=IF(I444="","",ROUND(G444-I444,2))	=IF(J444="","",ROUND(H444-J444,2))
MRP Liberty	874 Sweetbay Dr	Hardeeville	SC	29927	=IFERROR(INDEX(zips!$B:$B,MATCH(E445,zips!$A:$A,0)),"")	=IFERROR(INDEX(zips!$E:$E,MATCH(E445,zips!$A:$A,0)),"")	=IF(OR(F445="",G445=""),"",100*SUMIFS(zips!$C:$C,zips!$B:$B,F445,zips!$E:$E,"<"&G445)/SUMIFS(zips!$C:$C,zips!$B:$B,F445,zips!$E:$E,">0"))	52.485	6.2822	=IF(I445="","",ROUND(G445-I445,2))	=IF(J445="","",ROUND(H445-J445,2))
MRP Liberty	210 River Birch Ln	Hardeeville	SC	29927	=IFERROR(INDEX(zips!$B:$B,MATCH(E446,zips!$A:$A,0)),"")	=IFERROR(INDEX(zips!$E:$E,MATCH(E446,zips!$A:$A,0)),"")	=IF(OR(F446="",G446=""),"",100*SUMIFS(zips!$C:$C,zips!$B:$B,F446,zips!$E:$E,"<"&G446)/SUMIFS(zips!$C:$C,zips!$B:$B,F446,zips!$E:$E,">0"))	52.485	6.2822	=IF(I446="","",ROUND(G446-I446,2))	=IF(J446="","",ROUND(H446-J446,2))
MRP Liberty	934 Sweetbay Dr	Hardeeville	SC	29927	=IFERROR(INDEX(zips!$B:$B,MATCH(E447,zips!$A:$A,0)),"")	=IFERROR(INDEX(zips!$E:$E,MATCH(E447,zips!$A:$A,0)),"")	=IF(OR(F447="",G447=""),"",100*SUMIFS(zips!$C:$C,zips!$B:$B,F447,zips!$E:$E,"<"&G447)/SUMIFS(zips!$C:$C,zips!$B:$B,F447,zips!$E:$E,">0"))	52.485	6.2822	=IF(I447="","",ROUND(G447-I447,2))	=IF(J447="","",ROUND(H447-J447,2))
MRP Liberty	812 Sweetbay Dr	Hardeeville	SC	29927	=IFERROR(INDEX(zips!$B:$B,MATCH(E448,zips!$A:$A,0)),"")	=IFERROR(INDEX(zips!$E:$E,MATCH(E448,zips!$A:$A,0)),"")	=IF(OR(F448="",G448=""),"",100*SUMIFS(zips!$C:$C,zips!$B:$B,F448,zips!$E:$E,"<"&G448)/SUMIFS(zips!$C:$C,zips!$B:$B,F448,zips!$E:$E,">0"))	52.485	6.2822	=IF(I448="","",ROUND(G448-I448,2))	=IF(J448="","",ROUND(H448-J448,2))
MRP Liberty	466 Crimson Pointe Dr	Hardeeville	SC	29927	=IFERROR(INDEX(zips!$B:$B,MATCH(E449,zips!$A:$A,0)),"")	=IFERROR(INDEX(zips!$E:$E,MATCH(E449,zips!$A:$A,0)),"")	=IF(OR(F449="",G449=""),"",100*SUMIFS(zips!$C:$C,zips!$B:$B,F449,zips!$E:$E,"<"&G449)/SUMIFS(zips!$C:$C,zips!$B:$B,F449,zips!$E:$E,">0"))	52.485	6.2822	=IF(I449="","",ROUND(G449-I449,2))	=IF(J449="","",ROUND(H449-J449,2))
MRP Liberty	2831 Morganite Ring	San Antonio	TX	78264	=IFERROR(INDEX(zips!$B:$B,MATCH(E450,zips!$A:$A,0)),"")	=IFERROR(INDEX(zips!$E:$E,MATCH(E450,zips!$A:$A,0)),"")	=IF(OR(F450="",G450=""),"",100*SUMIFS(zips!$C:$C,zips!$B:$B,F450,zips!$E:$E,"<"&G450)/SUMIFS(zips!$C:$C,zips!$B:$B,F450,zips!$E:$E,">0"))	165.5748	11.9993	=IF(I450="","",ROUND(G450-I450,2))	=IF(J450="","",ROUND(H450-J450,2))
MRP Liberty	15008 Azzurro Stone	Elmendorf	TX	78112	=IFERROR(INDEX(zips!$B:$B,MATCH(E451,zips!$A:$A,0)),"")	=IFERROR(INDEX(zips!$E:$E,MATCH(E451,zips!$A:$A,0)),"")	=IF(OR(F451="",G451=""),"",100*SUMIFS(zips!$C:$C,zips!$B:$B,F451,zips!$E:$E,"<"&G451)/SUMIFS(zips!$C:$C,zips!$B:$B,F451,zips!$E:$E,">0"))	193.7209	13.3881	=IF(I451="","",ROUND(G451-I451,2))	=IF(J451="","",ROUND(H451-J451,2))
MRP Liberty	20563 Andalusite Way	San Antonio	TX	78264	=IFERROR(INDEX(zips!$B:$B,MATCH(E452,zips!$A:$A,0)),"")	=IFERROR(INDEX(zips!$E:$E,MATCH(E452,zips!$A:$A,0)),"")	=IF(OR(F452="",G452=""),"",100*SUMIFS(zips!$C:$C,zips!$B:$B,F452,zips!$E:$E,"<"&G452)/SUMIFS(zips!$C:$C,zips!$B:$B,F452,zips!$E:$E,">0"))	165.5748	11.9993	=IF(I452="","",ROUND(G452-I452,2))	=IF(J452="","",ROUND(H452-J452,2))
MRP Liberty	8528 Willow Crossing	San Antonio	TX	78222	=IFERROR(INDEX(zips!$B:$B,MATCH(E453,zips!$A:$A,0)),"")	=IFERROR(INDEX(zips!$E:$E,MATCH(E453,zips!$A:$A,0)),"")	=IF(OR(F453="",G453=""),"",100*SUMIFS(zips!$C:$C,zips!$B:$B,F453,zips!$E:$E,"<"&G453)/SUMIFS(zips!$C:$C,zips!$B:$B,F453,zips!$E:$E,">0"))	1310.4858	32.5437	=IF(I453="","",ROUND(G453-I453,2))	=IF(J453="","",ROUND(H453-J453,2))
MRP Liberty	8643 Green Bliss	San Antonio	TX	78222	=IFERROR(INDEX(zips!$B:$B,MATCH(E454,zips!$A:$A,0)),"")	=IFERROR(INDEX(zips!$E:$E,MATCH(E454,zips!$A:$A,0)),"")	=IF(OR(F454="",G454=""),"",100*SUMIFS(zips!$C:$C,zips!$B:$B,F454,zips!$E:$E,"<"&G454)/SUMIFS(zips!$C:$C,zips!$B:$B,F454,zips!$E:$E,">0"))	1310.4858	32.5437	=IF(I454="","",ROUND(G454-I454,2))	=IF(J454="","",ROUND(H454-J454,2))
MRP Liberty	8517 Eucalyptus Hills	San Antonio	TX	78222	=IFERROR(INDEX(zips!$B:$B,MATCH(E455,zips!$A:$A,0)),"")	=IFERROR(INDEX(zips!$E:$E,MATCH(E455,zips!$A:$A,0)),"")	=IF(OR(F455="",G455=""),"",100*SUMIFS(zips!$C:$C,zips!$B:$B,F455,zips!$E:$E,"<"&G455)/SUMIFS(zips!$C:$C,zips!$B:$B,F455,zips!$E:$E,">0"))	1310.4858	32.5437	=IF(I455="","",ROUND(G455-I455,2))	=IF(J455="","",ROUND(H455-J455,2))
MRP Liberty	20547 Andalusite Way	San Antonio	TX	78264	=IFERROR(INDEX(zips!$B:$B,MATCH(E456,zips!$A:$A,0)),"")	=IFERROR(INDEX(zips!$E:$E,MATCH(E456,zips!$A:$A,0)),"")	=IF(OR(F456="",G456=""),"",100*SUMIFS(zips!$C:$C,zips!$B:$B,F456,zips!$E:$E,"<"&G456)/SUMIFS(zips!$C:$C,zips!$B:$B,F456,zips!$E:$E,">0"))	165.5748	11.9993	=IF(I456="","",ROUND(G456-I456,2))	=IF(J456="","",ROUND(H456-J456,2))
MRP Liberty	1917 Pasture Rose	Converse	TX	78109	=IFERROR(INDEX(zips!$B:$B,MATCH(E457,zips!$A:$A,0)),"")	=IFERROR(INDEX(zips!$E:$E,MATCH(E457,zips!$A:$A,0)),"")	=IF(OR(F457="",G457=""),"",100*SUMIFS(zips!$C:$C,zips!$B:$B,F457,zips!$E:$E,"<"&G457)/SUMIFS(zips!$C:$C,zips!$B:$B,F457,zips!$E:$E,">0"))	2025.1473	41.3386	=IF(I457="","",ROUND(G457-I457,2))	=IF(J457="","",ROUND(H457-J457,2))
MRP Liberty	3926 Harrisburg Cove	San Antonio	TX	78211	=IFERROR(INDEX(zips!$B:$B,MATCH(E458,zips!$A:$A,0)),"")	=IFERROR(INDEX(zips!$E:$E,MATCH(E458,zips!$A:$A,0)),"")	=IF(OR(F458="",G458=""),"",100*SUMIFS(zips!$C:$C,zips!$B:$B,F458,zips!$E:$E,"<"&G458)/SUMIFS(zips!$C:$C,zips!$B:$B,F458,zips!$E:$E,">0"))	2994.2247	56.1966	=IF(I458="","",ROUND(G458-I458,2))	=IF(J458="","",ROUND(H458-J458,2))
MRP Liberty	1707 Charlie Cove	San Antonio	TX	78221	=IFERROR(INDEX(zips!$B:$B,MATCH(E459,zips!$A:$A,0)),"")	=IFERROR(INDEX(zips!$E:$E,MATCH(E459,zips!$A:$A,0)),"")	=IF(OR(F459="",G459=""),"",100*SUMIFS(zips!$C:$C,zips!$B:$B,F459,zips!$E:$E,"<"&G459)/SUMIFS(zips!$C:$C,zips!$B:$B,F459,zips!$E:$E,">0"))	1145.1075	26.7496	=IF(I459="","",ROUND(G459-I459,2))	=IF(J459="","",ROUND(H459-J459,2))
MRP Liberty	8870 Osprey Trail	San Antonio	TX	78222	=IFERROR(INDEX(zips!$B:$B,MATCH(E460,zips!$A:$A,0)),"")	=IFERROR(INDEX(zips!$E:$E,MATCH(E460,zips!$A:$A,0)),"")	=IF(OR(F460="",G460=""),"",100*SUMIFS(zips!$C:$C,zips!$B:$B,F460,zips!$E:$E,"<"&G460)/SUMIFS(zips!$C:$C,zips!$B:$B,F460,zips!$E:$E,">0"))	1310.4858	32.5437	=IF(I460="","",ROUND(G460-I460,2))	=IF(J460="","",ROUND(H460-J460,2))
MRP Liberty	20531 Andalusite Way	San Antonio	TX	78264	=IFERROR(INDEX(zips!$B:$B,MATCH(E461,zips!$A:$A,0)),"")	=IFERROR(INDEX(zips!$E:$E,MATCH(E461,zips!$A:$A,0)),"")	=IF(OR(F461="",G461=""),"",100*SUMIFS(zips!$C:$C,zips!$B:$B,F461,zips!$E:$E,"<"&G461)/SUMIFS(zips!$C:$C,zips!$B:$B,F461,zips!$E:$E,">0"))	165.5748	11.9993	=IF(I461="","",ROUND(G461-I461,2))	=IF(J461="","",ROUND(H461-J461,2))
MRP Liberty	11435 Akasa Gardens	Converse	TX	78109	=IFERROR(INDEX(zips!$B:$B,MATCH(E462,zips!$A:$A,0)),"")	=IFERROR(INDEX(zips!$E:$E,MATCH(E462,zips!$A:$A,0)),"")	=IF(OR(F462="",G462=""),"",100*SUMIFS(zips!$C:$C,zips!$B:$B,F462,zips!$E:$E,"<"&G462)/SUMIFS(zips!$C:$C,zips!$B:$B,F462,zips!$E:$E,">0"))	2025.1473	41.3386	=IF(I462="","",ROUND(G462-I462,2))	=IF(J462="","",ROUND(H462-J462,2))
MRP Liberty	15510 Doublecreek Drive	San Antonio	TX	78253	=IFERROR(INDEX(zips!$B:$B,MATCH(E463,zips!$A:$A,0)),"")	=IFERROR(INDEX(zips!$E:$E,MATCH(E463,zips!$A:$A,0)),"")	=IF(OR(F463="",G463=""),"",100*SUMIFS(zips!$C:$C,zips!$B:$B,F463,zips!$E:$E,"<"&G463)/SUMIFS(zips!$C:$C,zips!$B:$B,F463,zips!$E:$E,">0"))	1260.2428	29.9343	=IF(I463="","",ROUND(G463-I463,2))	=IF(J463="","",ROUND(H463-J463,2))
MRP Liberty	12031 La Cuchilla	San Antonio	TX	78245	=IFERROR(INDEX(zips!$B:$B,MATCH(E464,zips!$A:$A,0)),"")	=IFERROR(INDEX(zips!$E:$E,MATCH(E464,zips!$A:$A,0)),"")	=IF(OR(F464="",G464=""),"",100*SUMIFS(zips!$C:$C,zips!$B:$B,F464,zips!$E:$E,"<"&G464)/SUMIFS(zips!$C:$C,zips!$B:$B,F464,zips!$E:$E,">0"))	2592.7145	48.2042	=IF(I464="","",ROUND(G464-I464,2))	=IF(J464="","",ROUND(H464-J464,2))
MRP Liberty	13922 Axis Pass	San Antonio	TX	78253	=IFERROR(INDEX(zips!$B:$B,MATCH(E465,zips!$A:$A,0)),"")	=IFERROR(INDEX(zips!$E:$E,MATCH(E465,zips!$A:$A,0)),"")	=IF(OR(F465="",G465=""),"",100*SUMIFS(zips!$C:$C,zips!$B:$B,F465,zips!$E:$E,"<"&G465)/SUMIFS(zips!$C:$C,zips!$B:$B,F465,zips!$E:$E,">0"))	1260.2428	29.9343	=IF(I465="","",ROUND(G465-I465,2))	=IF(J465="","",ROUND(H465-J465,2))
MRP Liberty	6666 Coquina Cove	Elmendorf	TX	78112	=IFERROR(INDEX(zips!$B:$B,MATCH(E466,zips!$A:$A,0)),"")	=IFERROR(INDEX(zips!$E:$E,MATCH(E466,zips!$A:$A,0)),"")	=IF(OR(F466="",G466=""),"",100*SUMIFS(zips!$C:$C,zips!$B:$B,F466,zips!$E:$E,"<"&G466)/SUMIFS(zips!$C:$C,zips!$B:$B,F466,zips!$E:$E,">0"))	193.7209	13.3881	=IF(I466="","",ROUND(G466-I466,2))	=IF(J466="","",ROUND(H466-J466,2))
MRP Liberty	6658 Coquina Cove	Elmendorf	TX	78112	=IFERROR(INDEX(zips!$B:$B,MATCH(E467,zips!$A:$A,0)),"")	=IFERROR(INDEX(zips!$E:$E,MATCH(E467,zips!$A:$A,0)),"")	=IF(OR(F467="",G467=""),"",100*SUMIFS(zips!$C:$C,zips!$B:$B,F467,zips!$E:$E,"<"&G467)/SUMIFS(zips!$C:$C,zips!$B:$B,F467,zips!$E:$E,">0"))	193.7209	13.3881	=IF(I467="","",ROUND(G467-I467,2))	=IF(J467="","",ROUND(H467-J467,2))
MRP Liberty	7623 Adam Star	San Antonio	TX	78263	=IFERROR(INDEX(zips!$B:$B,MATCH(E468,zips!$A:$A,0)),"")	=IFERROR(INDEX(zips!$E:$E,MATCH(E468,zips!$A:$A,0)),"")	=IF(OR(F468="",G468=""),"",100*SUMIFS(zips!$C:$C,zips!$B:$B,F468,zips!$E:$E,"<"&G468)/SUMIFS(zips!$C:$C,zips!$B:$B,F468,zips!$E:$E,">0"))	118.1614	5.3566	=IF(I468="","",ROUND(G468-I468,2))	=IF(J468="","",ROUND(H468-J468,2))
MRP Liberty	6745 Marble Ridge	Elmendorf	TX	78112	=IFERROR(INDEX(zips!$B:$B,MATCH(E469,zips!$A:$A,0)),"")	=IFERROR(INDEX(zips!$E:$E,MATCH(E469,zips!$A:$A,0)),"")	=IF(OR(F469="",G469=""),"",100*SUMIFS(zips!$C:$C,zips!$B:$B,F469,zips!$E:$E,"<"&G469)/SUMIFS(zips!$C:$C,zips!$B:$B,F469,zips!$E:$E,">0"))	193.7209	13.3881	=IF(I469="","",ROUND(G469-I469,2))	=IF(J469="","",ROUND(H469-J469,2))
MRP Liberty	8671 Green Bliss	San Antonio	TX	78222	=IFERROR(INDEX(zips!$B:$B,MATCH(E470,zips!$A:$A,0)),"")	=IFERROR(INDEX(zips!$E:$E,MATCH(E470,zips!$A:$A,0)),"")	=IF(OR(F470="",G470=""),"",100*SUMIFS(zips!$C:$C,zips!$B:$B,F470,zips!$E:$E,"<"&G470)/SUMIFS(zips!$C:$C,zips!$B:$B,F470,zips!$E:$E,">0"))	1310.4858	32.5437	=IF(I470="","",ROUND(G470-I470,2))	=IF(J470="","",ROUND(H470-J470,2))
MRP Liberty	14331 Brooke Path	San Antonio	TX	78221	=IFERROR(INDEX(zips!$B:$B,MATCH(E471,zips!$A:$A,0)),"")	=IFERROR(INDEX(zips!$E:$E,MATCH(E471,zips!$A:$A,0)),"")	=IF(OR(F471="",G471=""),"",100*SUMIFS(zips!$C:$C,zips!$B:$B,F471,zips!$E:$E,"<"&G471)/SUMIFS(zips!$C:$C,zips!$B:$B,F471,zips!$E:$E,">0"))	1145.1075	26.7496	=IF(I471="","",ROUND(G471-I471,2))	=IF(J471="","",ROUND(H471-J471,2))
MRP Liberty	8663 Green Bliss	San Antonio	TX	78222	=IFERROR(INDEX(zips!$B:$B,MATCH(E472,zips!$A:$A,0)),"")	=IFERROR(INDEX(zips!$E:$E,MATCH(E472,zips!$A:$A,0)),"")	=IF(OR(F472="",G472=""),"",100*SUMIFS(zips!$C:$C,zips!$B:$B,F472,zips!$E:$E,"<"&G472)/SUMIFS(zips!$C:$C,zips!$B:$B,F472,zips!$E:$E,">0"))	1310.4858	32.5437	=IF(I472="","",ROUND(G472-I472,2))	=IF(J472="","",ROUND(H472-J472,2))
MRP Liberty	7703 Adam Star	San Antonio	TX	78263	=IFERROR(INDEX(zips!$B:$B,MATCH(E473,zips!$A:$A,0)),"")	=IFERROR(INDEX(zips!$E:$E,MATCH(E473,zips!$A:$A,0)),"")	=IF(OR(F473="",G473=""),"",100*SUMIFS(zips!$C:$C,zips!$B:$B,F473,zips!$E:$E,"<"&G473)/SUMIFS(zips!$C:$C,zips!$B:$B,F473,zips!$E:$E,">0"))	118.1614	5.3566	=IF(I473="","",ROUND(G473-I473,2))	=IF(J473="","",ROUND(H473-J473,2))
MRP Liberty	14343 Brooke Path	San Antonio	TX	78221	=IFERROR(INDEX(zips!$B:$B,MATCH(E474,zips!$A:$A,0)),"")	=IFERROR(INDEX(zips!$E:$E,MATCH(E474,zips!$A:$A,0)),"")	=IF(OR(F474="",G474=""),"",100*SUMIFS(zips!$C:$C,zips!$B:$B,F474,zips!$E:$E,"<"&G474)/SUMIFS(zips!$C:$C,zips!$B:$B,F474,zips!$E:$E,">0"))	1145.1075	26.7496	=IF(I474="","",ROUND(G474-I474,2))	=IF(J474="","",ROUND(H474-J474,2))
MRP Liberty	5613 Jasper Place	San Antonio	TX	78223	=IFERROR(INDEX(zips!$B:$B,MATCH(E475,zips!$A:$A,0)),"")	=IFERROR(INDEX(zips!$E:$E,MATCH(E475,zips!$A:$A,0)),"")	=IF(OR(F475="",G475=""),"",100*SUMIFS(zips!$C:$C,zips!$B:$B,F475,zips!$E:$E,"<"&G475)/SUMIFS(zips!$C:$C,zips!$B:$B,F475,zips!$E:$E,">0"))	1400.5182	34.3075	=IF(I475="","",ROUND(G475-I475,2))	=IF(J475="","",ROUND(H475-J475,2))
MRP Liberty	6819 Marble Ridge	Elmendorf	TX	78112	=IFERROR(INDEX(zips!$B:$B,MATCH(E476,zips!$A:$A,0)),"")	=IFERROR(INDEX(zips!$E:$E,MATCH(E476,zips!$A:$A,0)),"")	=IF(OR(F476="",G476=""),"",100*SUMIFS(zips!$C:$C,zips!$B:$B,F476,zips!$E:$E,"<"&G476)/SUMIFS(zips!$C:$C,zips!$B:$B,F476,zips!$E:$E,">0"))	193.7209	13.3881	=IF(I476="","",ROUND(G476-I476,2))	=IF(J476="","",ROUND(H476-J476,2))
MRP Liberty	9953 Sherman View	Converse	TX	78109	=IFERROR(INDEX(zips!$B:$B,MATCH(E477,zips!$A:$A,0)),"")	=IFERROR(INDEX(zips!$E:$E,MATCH(E477,zips!$A:$A,0)),"")	=IF(OR(F477="",G477=""),"",100*SUMIFS(zips!$C:$C,zips!$B:$B,F477,zips!$E:$E,"<"&G477)/SUMIFS(zips!$C:$C,zips!$B:$B,F477,zips!$E:$E,">0"))	2025.1473	41.3386	=IF(I477="","",ROUND(G477-I477,2))	=IF(J477="","",ROUND(H477-J477,2))
MRP Liberty	2811 Morganite Ring	San Antonio	TX	78264	=IFERROR(INDEX(zips!$B:$B,MATCH(E478,zips!$A:$A,0)),"")	=IFERROR(INDEX(zips!$E:$E,MATCH(E478,zips!$A:$A,0)),"")	=IF(OR(F478="",G478=""),"",100*SUMIFS(zips!$C:$C,zips!$B:$B,F478,zips!$E:$E,"<"&G478)/SUMIFS(zips!$C:$C,zips!$B:$B,F478,zips!$E:$E,">0"))	165.5748	11.9993	=IF(I478="","",ROUND(G478-I478,2))	=IF(J478="","",ROUND(H478-J478,2))
MRP Liberty	10603 Red Shiner Drive	San Antonio	TX	78224	=IFERROR(INDEX(zips!$B:$B,MATCH(E479,zips!$A:$A,0)),"")	=IFERROR(INDEX(zips!$E:$E,MATCH(E479,zips!$A:$A,0)),"")	=IF(OR(F479="",G479=""),"",100*SUMIFS(zips!$C:$C,zips!$B:$B,F479,zips!$E:$E,"<"&G479)/SUMIFS(zips!$C:$C,zips!$B:$B,F479,zips!$E:$E,">0"))	1355.3865	33.5093	=IF(I479="","",ROUND(G479-I479,2))	=IF(J479="","",ROUND(H479-J479,2))
MRP Liberty	10826 Magone Bend	San Antonio	TX	78224	=IFERROR(INDEX(zips!$B:$B,MATCH(E480,zips!$A:$A,0)),"")	=IFERROR(INDEX(zips!$E:$E,MATCH(E480,zips!$A:$A,0)),"")	=IF(OR(F480="",G480=""),"",100*SUMIFS(zips!$C:$C,zips!$B:$B,F480,zips!$E:$E,"<"&G480)/SUMIFS(zips!$C:$C,zips!$B:$B,F480,zips!$E:$E,">0"))	1355.3865	33.5093	=IF(I480="","",ROUND(G480-I480,2))	=IF(J480="","",ROUND(H480-J480,2))
MRP Liberty	14339 Brooke Path	San Antonio	TX	78221	=IFERROR(INDEX(zips!$B:$B,MATCH(E481,zips!$A:$A,0)),"")	=IFERROR(INDEX(zips!$E:$E,MATCH(E481,zips!$A:$A,0)),"")	=IF(OR(F481="",G481=""),"",100*SUMIFS(zips!$C:$C,zips!$B:$B,F481,zips!$E:$E,"<"&G481)/SUMIFS(zips!$C:$C,zips!$B:$B,F481,zips!$E:$E,">0"))	1145.1075	26.7496	=IF(I481="","",ROUND(G481-I481,2))	=IF(J481="","",ROUND(H481-J481,2))
MRP Liberty	6650 Coquina Cove	Elmendorf	TX	78112	=IFERROR(INDEX(zips!$B:$B,MATCH(E482,zips!$A:$A,0)),"")	=IFERROR(INDEX(zips!$E:$E,MATCH(E482,zips!$A:$A,0)),"")	=IF(OR(F482="",G482=""),"",100*SUMIFS(zips!$C:$C,zips!$B:$B,F482,zips!$E:$E,"<"&G482)/SUMIFS(zips!$C:$C,zips!$B:$B,F482,zips!$E:$E,">0"))	193.7209	13.3881	=IF(I482="","",ROUND(G482-I482,2))	=IF(J482="","",ROUND(H482-J482,2))
MRP Liberty	7718 India Star	San Antonio	TX	78263	=IFERROR(INDEX(zips!$B:$B,MATCH(E483,zips!$A:$A,0)),"")	=IFERROR(INDEX(zips!$E:$E,MATCH(E483,zips!$A:$A,0)),"")	=IF(OR(F483="",G483=""),"",100*SUMIFS(zips!$C:$C,zips!$B:$B,F483,zips!$E:$E,"<"&G483)/SUMIFS(zips!$C:$C,zips!$B:$B,F483,zips!$E:$E,">0"))	118.1614	5.3566	=IF(I483="","",ROUND(G483-I483,2))	=IF(J483="","",ROUND(H483-J483,2))
MRP Liberty	7711 Adam Star	San Antonio	TX	78263	=IFERROR(INDEX(zips!$B:$B,MATCH(E484,zips!$A:$A,0)),"")	=IFERROR(INDEX(zips!$E:$E,MATCH(E484,zips!$A:$A,0)),"")	=IF(OR(F484="",G484=""),"",100*SUMIFS(zips!$C:$C,zips!$B:$B,F484,zips!$E:$E,"<"&G484)/SUMIFS(zips!$C:$C,zips!$B:$B,F484,zips!$E:$E,">0"))	118.1614	5.3566	=IF(I484="","",ROUND(G484-I484,2))	=IF(J484="","",ROUND(H484-J484,2))
MRP Liberty	2808 Jasper Stone	San Antonio	TX	78264	=IFERROR(INDEX(zips!$B:$B,MATCH(E485,zips!$A:$A,0)),"")	=IFERROR(INDEX(zips!$E:$E,MATCH(E485,zips!$A:$A,0)),"")	=IF(OR(F485="",G485=""),"",100*SUMIFS(zips!$C:$C,zips!$B:$B,F485,zips!$E:$E,"<"&G485)/SUMIFS(zips!$C:$C,zips!$B:$B,F485,zips!$E:$E,">0"))	165.5748	11.9993	=IF(I485="","",ROUND(G485-I485,2))	=IF(J485="","",ROUND(H485-J485,2))
MRP Liberty	14911 Mudstone Place	Elmendorf	TX	78112	=IFERROR(INDEX(zips!$B:$B,MATCH(E486,zips!$A:$A,0)),"")	=IFERROR(INDEX(zips!$E:$E,MATCH(E486,zips!$A:$A,0)),"")	=IF(OR(F486="",G486=""),"",100*SUMIFS(zips!$C:$C,zips!$B:$B,F486,zips!$E:$E,"<"&G486)/SUMIFS(zips!$C:$C,zips!$B:$B,F486,zips!$E:$E,">0"))	193.7209	13.3881	=IF(I486="","",ROUND(G486-I486,2))	=IF(J486="","",ROUND(H486-J486,2))
MRP Liberty	10814 Minita Creek	San Antonio	TX	78214	=IFERROR(INDEX(zips!$B:$B,MATCH(E487,zips!$A:$A,0)),"")	=IFERROR(INDEX(zips!$E:$E,MATCH(E487,zips!$A:$A,0)),"")	=IF(OR(F487="",G487=""),"",100*SUMIFS(zips!$C:$C,zips!$B:$B,F487,zips!$E:$E,"<"&G487)/SUMIFS(zips!$C:$C,zips!$B:$B,F487,zips!$E:$E,">0"))	2628.393	51.733	=IF(I487="","",ROUND(G487-I487,2))	=IF(J487="","",ROUND(H487-J487,2))
MRP Liberty	10877 Minita Creek	San Antonio	TX	78214	=IFERROR(INDEX(zips!$B:$B,MATCH(E488,zips!$A:$A,0)),"")	=IFERROR(INDEX(zips!$E:$E,MATCH(E488,zips!$A:$A,0)),"")	=IF(OR(F488="",G488=""),"",100*SUMIFS(zips!$C:$C,zips!$B:$B,F488,zips!$E:$E,"<"&G488)/SUMIFS(zips!$C:$C,zips!$B:$B,F488,zips!$E:$E,">0"))	2628.393	51.733	=IF(I488="","",ROUND(G488-I488,2))	=IF(J488="","",ROUND(H488-J488,2))
MRP Liberty	20946 Blackberry Grove	San Antonio	TX	78264	=IFERROR(INDEX(zips!$B:$B,MATCH(E489,zips!$A:$A,0)),"")	=IFERROR(INDEX(zips!$E:$E,MATCH(E489,zips!$A:$A,0)),"")	=IF(OR(F489="",G489=""),"",100*SUMIFS(zips!$C:$C,zips!$B:$B,F489,zips!$E:$E,"<"&G489)/SUMIFS(zips!$C:$C,zips!$B:$B,F489,zips!$E:$E,">0"))	165.5748	11.9993	=IF(I489="","",ROUND(G489-I489,2))	=IF(J489="","",ROUND(H489-J489,2))
MRP Liberty	11728 Evergreen Rose	Converse	TX	78109	=IFERROR(INDEX(zips!$B:$B,MATCH(E490,zips!$A:$A,0)),"")	=IFERROR(INDEX(zips!$E:$E,MATCH(E490,zips!$A:$A,0)),"")	=IF(OR(F490="",G490=""),"",100*SUMIFS(zips!$C:$C,zips!$B:$B,F490,zips!$E:$E,"<"&G490)/SUMIFS(zips!$C:$C,zips!$B:$B,F490,zips!$E:$E,">0"))	2025.1473	41.3386	=IF(I490="","",ROUND(G490-I490,2))	=IF(J490="","",ROUND(H490-J490,2))
MRP Liberty	7734 India Star	San Antonio	TX	78263	=IFERROR(INDEX(zips!$B:$B,MATCH(E491,zips!$A:$A,0)),"")	=IFERROR(INDEX(zips!$E:$E,MATCH(E491,zips!$A:$A,0)),"")	=IF(OR(F491="",G491=""),"",100*SUMIFS(zips!$C:$C,zips!$B:$B,F491,zips!$E:$E,"<"&G491)/SUMIFS(zips!$C:$C,zips!$B:$B,F491,zips!$E:$E,">0"))	118.1614	5.3566	=IF(I491="","",ROUND(G491-I491,2))	=IF(J491="","",ROUND(H491-J491,2))
MRP Liberty	9943 Sherman View	Converse	TX	78109	=IFERROR(INDEX(zips!$B:$B,MATCH(E492,zips!$A:$A,0)),"")	=IFERROR(INDEX(zips!$E:$E,MATCH(E492,zips!$A:$A,0)),"")	=IF(OR(F492="",G492=""),"",100*SUMIFS(zips!$C:$C,zips!$B:$B,F492,zips!$E:$E,"<"&G492)/SUMIFS(zips!$C:$C,zips!$B:$B,F492,zips!$E:$E,">0"))	2025.1473	41.3386	=IF(I492="","",ROUND(G492-I492,2))	=IF(J492="","",ROUND(H492-J492,2))
MRP Liberty	11339 Evergreen Rose	Converse	TX	78109	=IFERROR(INDEX(zips!$B:$B,MATCH(E493,zips!$A:$A,0)),"")	=IFERROR(INDEX(zips!$E:$E,MATCH(E493,zips!$A:$A,0)),"")	=IF(OR(F493="",G493=""),"",100*SUMIFS(zips!$C:$C,zips!$B:$B,F493,zips!$E:$E,"<"&G493)/SUMIFS(zips!$C:$C,zips!$B:$B,F493,zips!$E:$E,">0"))	2025.1473	41.3386	=IF(I493="","",ROUND(G493-I493,2))	=IF(J493="","",ROUND(H493-J493,2))
MRP Liberty	2019 French Rose	Converse	TX	78109	=IFERROR(INDEX(zips!$B:$B,MATCH(E494,zips!$A:$A,0)),"")	=IFERROR(INDEX(zips!$E:$E,MATCH(E494,zips!$A:$A,0)),"")	=IF(OR(F494="",G494=""),"",100*SUMIFS(zips!$C:$C,zips!$B:$B,F494,zips!$E:$E,"<"&G494)/SUMIFS(zips!$C:$C,zips!$B:$B,F494,zips!$E:$E,">0"))	2025.1473	41.3386	=IF(I494="","",ROUND(G494-I494,2))	=IF(J494="","",ROUND(H494-J494,2))
MRP Liberty	14427 Elijah Path	San Antonio	TX	78221	=IFERROR(INDEX(zips!$B:$B,MATCH(E495,zips!$A:$A,0)),"")	=IFERROR(INDEX(zips!$E:$E,MATCH(E495,zips!$A:$A,0)),"")	=IF(OR(F495="",G495=""),"",100*SUMIFS(zips!$C:$C,zips!$B:$B,F495,zips!$E:$E,"<"&G495)/SUMIFS(zips!$C:$C,zips!$B:$B,F495,zips!$E:$E,">0"))	1145.1075	26.7496	=IF(I495="","",ROUND(G495-I495,2))	=IF(J495="","",ROUND(H495-J495,2))
MRP Liberty	11335 Evergreen Rose	Converse	TX	78109	=IFERROR(INDEX(zips!$B:$B,MATCH(E496,zips!$A:$A,0)),"")	=IFERROR(INDEX(zips!$E:$E,MATCH(E496,zips!$A:$A,0)),"")	=IF(OR(F496="",G496=""),"",100*SUMIFS(zips!$C:$C,zips!$B:$B,F496,zips!$E:$E,"<"&G496)/SUMIFS(zips!$C:$C,zips!$B:$B,F496,zips!$E:$E,">0"))	2025.1473	41.3386	=IF(I496="","",ROUND(G496-I496,2))	=IF(J496="","",ROUND(H496-J496,2))
MRP Liberty	11413 Evergreen Rose	Converse	TX	78109	=IFERROR(INDEX(zips!$B:$B,MATCH(E497,zips!$A:$A,0)),"")	=IFERROR(INDEX(zips!$E:$E,MATCH(E497,zips!$A:$A,0)),"")	=IF(OR(F497="",G497=""),"",100*SUMIFS(zips!$C:$C,zips!$B:$B,F497,zips!$E:$E,"<"&G497)/SUMIFS(zips!$C:$C,zips!$B:$B,F497,zips!$E:$E,">0"))	2025.1473	41.3386	=IF(I497="","",ROUND(G497-I497,2))	=IF(J497="","",ROUND(H497-J497,2))
MRP Liberty	2105 French Rose	Converse	TX	78109	=IFERROR(INDEX(zips!$B:$B,MATCH(E498,zips!$A:$A,0)),"")	=IFERROR(INDEX(zips!$E:$E,MATCH(E498,zips!$A:$A,0)),"")	=IF(OR(F498="",G498=""),"",100*SUMIFS(zips!$C:$C,zips!$B:$B,F498,zips!$E:$E,"<"&G498)/SUMIFS(zips!$C:$C,zips!$B:$B,F498,zips!$E:$E,">0"))	2025.1473	41.3386	=IF(I498="","",ROUND(G498-I498,2))	=IF(J498="","",ROUND(H498-J498,2))
MRP Liberty	10731 Minita Creek	San Antonio	TX	78214	=IFERROR(INDEX(zips!$B:$B,MATCH(E499,zips!$A:$A,0)),"")	=IFERROR(INDEX(zips!$E:$E,MATCH(E499,zips!$A:$A,0)),"")	=IF(OR(F499="",G499=""),"",100*SUMIFS(zips!$C:$C,zips!$B:$B,F499,zips!$E:$E,"<"&G499)/SUMIFS(zips!$C:$C,zips!$B:$B,F499,zips!$E:$E,">0"))	2628.393	51.733	=IF(I499="","",ROUND(G499-I499,2))	=IF(J499="","",ROUND(H499-J499,2))
MRP Liberty	14920 Mudstone Place	Elmendorf	TX	78112	=IFERROR(INDEX(zips!$B:$B,MATCH(E500,zips!$A:$A,0)),"")	=IFERROR(INDEX(zips!$E:$E,MATCH(E500,zips!$A:$A,0)),"")	=IF(OR(F500="",G500=""),"",100*SUMIFS(zips!$C:$C,zips!$B:$B,F500,zips!$E:$E,"<"&G500)/SUMIFS(zips!$C:$C,zips!$B:$B,F500,zips!$E:$E,">0"))	193.7209	13.3881	=IF(I500="","",ROUND(G500-I500,2))	=IF(J500="","",ROUND(H500-J500,2))
MRP Liberty	415 River Run Way	San Antonio	TX	78219	=IFERROR(INDEX(zips!$B:$B,MATCH(E501,zips!$A:$A,0)),"")	=IFERROR(INDEX(zips!$E:$E,MATCH(E501,zips!$A:$A,0)),"")	=IF(OR(F501="",G501=""),"",100*SUMIFS(zips!$C:$C,zips!$B:$B,F501,zips!$E:$E,"<"&G501)/SUMIFS(zips!$C:$C,zips!$B:$B,F501,zips!$E:$E,">0"))	1077.8527	26.0952	=IF(I501="","",ROUND(G501-I501,2))	=IF(J501="","",ROUND(H501-J501,2))
MRP Liberty	6654 Coquina Cove	Elmendorf	TX	78112	=IFERROR(INDEX(zips!$B:$B,MATCH(E502,zips!$A:$A,0)),"")	=IFERROR(INDEX(zips!$E:$E,MATCH(E502,zips!$A:$A,0)),"")	=IF(OR(F502="",G502=""),"",100*SUMIFS(zips!$C:$C,zips!$B:$B,F502,zips!$E:$E,"<"&G502)/SUMIFS(zips!$C:$C,zips!$B:$B,F502,zips!$E:$E,">0"))	193.7209	13.3881	=IF(I502="","",ROUND(G502-I502,2))	=IF(J502="","",ROUND(H502-J502,2))
MRP Liberty	6733 Marble Ridge	Elmendorf	TX	78112	=IFERROR(INDEX(zips!$B:$B,MATCH(E503,zips!$A:$A,0)),"")	=IFERROR(INDEX(zips!$E:$E,MATCH(E503,zips!$A:$A,0)),"")	=IF(OR(F503="",G503=""),"",100*SUMIFS(zips!$C:$C,zips!$B:$B,F503,zips!$E:$E,"<"&G503)/SUMIFS(zips!$C:$C,zips!$B:$B,F503,zips!$E:$E,">0"))	193.7209	13.3881	=IF(I503="","",ROUND(G503-I503,2))	=IF(J503="","",ROUND(H503-J503,2))
MRP Liberty	10519 Red Shiner Drive	San Antonio	TX	78224	=IFERROR(INDEX(zips!$B:$B,MATCH(E504,zips!$A:$A,0)),"")	=IFERROR(INDEX(zips!$E:$E,MATCH(E504,zips!$A:$A,0)),"")	=IF(OR(F504="",G504=""),"",100*SUMIFS(zips!$C:$C,zips!$B:$B,F504,zips!$E:$E,"<"&G504)/SUMIFS(zips!$C:$C,zips!$B:$B,F504,zips!$E:$E,">0"))	1355.3865	33.5093	=IF(I504="","",ROUND(G504-I504,2))	=IF(J504="","",ROUND(H504-J504,2))
MRP Liberty	6662 Coquina Cove	Elmendorf	TX	78112	=IFERROR(INDEX(zips!$B:$B,MATCH(E505,zips!$A:$A,0)),"")	=IFERROR(INDEX(zips!$E:$E,MATCH(E505,zips!$A:$A,0)),"")	=IF(OR(F505="",G505=""),"",100*SUMIFS(zips!$C:$C,zips!$B:$B,F505,zips!$E:$E,"<"&G505)/SUMIFS(zips!$C:$C,zips!$B:$B,F505,zips!$E:$E,">0"))	193.7209	13.3881	=IF(I505="","",ROUND(G505-I505,2))	=IF(J505="","",ROUND(H505-J505,2))
MRP Liberty	6614 Fiore Garden	Elmendorf	TX	78112	=IFERROR(INDEX(zips!$B:$B,MATCH(E506,zips!$A:$A,0)),"")	=IFERROR(INDEX(zips!$E:$E,MATCH(E506,zips!$A:$A,0)),"")	=IF(OR(F506="",G506=""),"",100*SUMIFS(zips!$C:$C,zips!$B:$B,F506,zips!$E:$E,"<"&G506)/SUMIFS(zips!$C:$C,zips!$B:$B,F506,zips!$E:$E,">0"))	193.7209	13.3881	=IF(I506="","",ROUND(G506-I506,2))	=IF(J506="","",ROUND(H506-J506,2))
MRP Liberty	10407 Bluegail Way	San Antonio	TX	78224	=IFERROR(INDEX(zips!$B:$B,MATCH(E507,zips!$A:$A,0)),"")	=IFERROR(INDEX(zips!$E:$E,MATCH(E507,zips!$A:$A,0)),"")	=IF(OR(F507="",G507=""),"",100*SUMIFS(zips!$C:$C,zips!$B:$B,F507,zips!$E:$E,"<"&G507)/SUMIFS(zips!$C:$C,zips!$B:$B,F507,zips!$E:$E,">0"))	1355.3865	33.5093	=IF(I507="","",ROUND(G507-I507,2))	=IF(J507="","",ROUND(H507-J507,2))
MRP Liberty	20539 Andalusite Way	San Antonio	TX	78264	=IFERROR(INDEX(zips!$B:$B,MATCH(E508,zips!$A:$A,0)),"")	=IFERROR(INDEX(zips!$E:$E,MATCH(E508,zips!$A:$A,0)),"")	=IF(OR(F508="",G508=""),"",100*SUMIFS(zips!$C:$C,zips!$B:$B,F508,zips!$E:$E,"<"&G508)/SUMIFS(zips!$C:$C,zips!$B:$B,F508,zips!$E:$E,">0"))	165.5748	11.9993	=IF(I508="","",ROUND(G508-I508,2))	=IF(J508="","",ROUND(H508-J508,2))
MRP Liberty	2823 Morganite Ring	San Antonio	TX	78264	=IFERROR(INDEX(zips!$B:$B,MATCH(E509,zips!$A:$A,0)),"")	=IFERROR(INDEX(zips!$E:$E,MATCH(E509,zips!$A:$A,0)),"")	=IF(OR(F509="",G509=""),"",100*SUMIFS(zips!$C:$C,zips!$B:$B,F509,zips!$E:$E,"<"&G509)/SUMIFS(zips!$C:$C,zips!$B:$B,F509,zips!$E:$E,">0"))	165.5748	11.9993	=IF(I509="","",ROUND(G509-I509,2))	=IF(J509="","",ROUND(H509-J509,2))
MRP Liberty	8248 Willow Crossing	San Antonio	TX	78222	=IFERROR(INDEX(zips!$B:$B,MATCH(E510,zips!$A:$A,0)),"")	=IFERROR(INDEX(zips!$E:$E,MATCH(E510,zips!$A:$A,0)),"")	=IF(OR(F510="",G510=""),"",100*SUMIFS(zips!$C:$C,zips!$B:$B,F510,zips!$E:$E,"<"&G510)/SUMIFS(zips!$C:$C,zips!$B:$B,F510,zips!$E:$E,">0"))	1310.4858	32.5437	=IF(I510="","",ROUND(G510-I510,2))	=IF(J510="","",ROUND(H510-J510,2))
MRP Liberty	9910 Onyx Path	San Antonio	TX	78223	=IFERROR(INDEX(zips!$B:$B,MATCH(E511,zips!$A:$A,0)),"")	=IFERROR(INDEX(zips!$E:$E,MATCH(E511,zips!$A:$A,0)),"")	=IF(OR(F511="",G511=""),"",100*SUMIFS(zips!$C:$C,zips!$B:$B,F511,zips!$E:$E,"<"&G511)/SUMIFS(zips!$C:$C,zips!$B:$B,F511,zips!$E:$E,">0"))	1400.5182	34.3075	=IF(I511="","",ROUND(G511-I511,2))	=IF(J511="","",ROUND(H511-J511,2))
MRP Liberty	8529 Eucalyptus Hills	San Antonio	TX	78222	=IFERROR(INDEX(zips!$B:$B,MATCH(E512,zips!$A:$A,0)),"")	=IFERROR(INDEX(zips!$E:$E,MATCH(E512,zips!$A:$A,0)),"")	=IF(OR(F512="",G512=""),"",100*SUMIFS(zips!$C:$C,zips!$B:$B,F512,zips!$E:$E,"<"&G512)/SUMIFS(zips!$C:$C,zips!$B:$B,F512,zips!$E:$E,">0"))	1310.4858	32.5437	=IF(I512="","",ROUND(G512-I512,2))	=IF(J512="","",ROUND(H512-J512,2))
MRP Liberty	6721 Marble Ridge	Elmendorf	TX	78112	=IFERROR(INDEX(zips!$B:$B,MATCH(E513,zips!$A:$A,0)),"")	=IFERROR(INDEX(zips!$E:$E,MATCH(E513,zips!$A:$A,0)),"")	=IF(OR(F513="",G513=""),"",100*SUMIFS(zips!$C:$C,zips!$B:$B,F513,zips!$E:$E,"<"&G513)/SUMIFS(zips!$C:$C,zips!$B:$B,F513,zips!$E:$E,">0"))	193.7209	13.3881	=IF(I513="","",ROUND(G513-I513,2))	=IF(J513="","",ROUND(H513-J513,2))
MRP Liberty	9939 Sherman View	Converse	TX	78109	=IFERROR(INDEX(zips!$B:$B,MATCH(E514,zips!$A:$A,0)),"")	=IFERROR(INDEX(zips!$E:$E,MATCH(E514,zips!$A:$A,0)),"")	=IF(OR(F514="",G514=""),"",100*SUMIFS(zips!$C:$C,zips!$B:$B,F514,zips!$E:$E,"<"&G514)/SUMIFS(zips!$C:$C,zips!$B:$B,F514,zips!$E:$E,">0"))	2025.1473	41.3386	=IF(I514="","",ROUND(G514-I514,2))	=IF(J514="","",ROUND(H514-J514,2))
MRP Liberty	1909 Pasture Rose	Converse	TX	78109	=IFERROR(INDEX(zips!$B:$B,MATCH(E515,zips!$A:$A,0)),"")	=IFERROR(INDEX(zips!$E:$E,MATCH(E515,zips!$A:$A,0)),"")	=IF(OR(F515="",G515=""),"",100*SUMIFS(zips!$C:$C,zips!$B:$B,F515,zips!$E:$E,"<"&G515)/SUMIFS(zips!$C:$C,zips!$B:$B,F515,zips!$E:$E,">0"))	2025.1473	41.3386	=IF(I515="","",ROUND(G515-I515,2))	=IF(J515="","",ROUND(H515-J515,2))
MRP Liberty	5244 Whirling Place	San Antonio	TX	78253	=IFERROR(INDEX(zips!$B:$B,MATCH(E516,zips!$A:$A,0)),"")	=IFERROR(INDEX(zips!$E:$E,MATCH(E516,zips!$A:$A,0)),"")	=IF(OR(F516="",G516=""),"",100*SUMIFS(zips!$C:$C,zips!$B:$B,F516,zips!$E:$E,"<"&G516)/SUMIFS(zips!$C:$C,zips!$B:$B,F516,zips!$E:$E,">0"))	1260.2428	29.9343	=IF(I516="","",ROUND(G516-I516,2))	=IF(J516="","",ROUND(H516-J516,2))
MRP Liberty	14447 Elijah Path	San Antonio	TX	78221	=IFERROR(INDEX(zips!$B:$B,MATCH(E517,zips!$A:$A,0)),"")	=IFERROR(INDEX(zips!$E:$E,MATCH(E517,zips!$A:$A,0)),"")	=IF(OR(F517="",G517=""),"",100*SUMIFS(zips!$C:$C,zips!$B:$B,F517,zips!$E:$E,"<"&G517)/SUMIFS(zips!$C:$C,zips!$B:$B,F517,zips!$E:$E,">0"))	1145.1075	26.7496	=IF(I517="","",ROUND(G517-I517,2))	=IF(J517="","",ROUND(H517-J517,2))
MRP Liberty	20555 Andalusite Way	San Antonio	TX	78264	=IFERROR(INDEX(zips!$B:$B,MATCH(E518,zips!$A:$A,0)),"")	=IFERROR(INDEX(zips!$E:$E,MATCH(E518,zips!$A:$A,0)),"")	=IF(OR(F518="",G518=""),"",100*SUMIFS(zips!$C:$C,zips!$B:$B,F518,zips!$E:$E,"<"&G518)/SUMIFS(zips!$C:$C,zips!$B:$B,F518,zips!$E:$E,">0"))	165.5748	11.9993	=IF(I518="","",ROUND(G518-I518,2))	=IF(J518="","",ROUND(H518-J518,2))
MRP Liberty	6626 Fiore Garden	Elmendorf	TX	78112	=IFERROR(INDEX(zips!$B:$B,MATCH(E519,zips!$A:$A,0)),"")	=IFERROR(INDEX(zips!$E:$E,MATCH(E519,zips!$A:$A,0)),"")	=IF(OR(F519="",G519=""),"",100*SUMIFS(zips!$C:$C,zips!$B:$B,F519,zips!$E:$E,"<"&G519)/SUMIFS(zips!$C:$C,zips!$B:$B,F519,zips!$E:$E,">0"))	193.7209	13.3881	=IF(I519="","",ROUND(G519-I519,2))	=IF(J519="","",ROUND(H519-J519,2))
MRP Liberty	423 River Run Way	San Antonio	TX	78219	=IFERROR(INDEX(zips!$B:$B,MATCH(E520,zips!$A:$A,0)),"")	=IFERROR(INDEX(zips!$E:$E,MATCH(E520,zips!$A:$A,0)),"")	=IF(OR(F520="",G520=""),"",100*SUMIFS(zips!$C:$C,zips!$B:$B,F520,zips!$E:$E,"<"&G520)/SUMIFS(zips!$C:$C,zips!$B:$B,F520,zips!$E:$E,">0"))	1077.8527	26.0952	=IF(I520="","",ROUND(G520-I520,2))	=IF(J520="","",ROUND(H520-J520,2))
MRP Liberty	6122 Smiley Blvd	San Antonio	TX	78253	=IFERROR(INDEX(zips!$B:$B,MATCH(E521,zips!$A:$A,0)),"")	=IFERROR(INDEX(zips!$E:$E,MATCH(E521,zips!$A:$A,0)),"")	=IF(OR(F521="",G521=""),"",100*SUMIFS(zips!$C:$C,zips!$B:$B,F521,zips!$E:$E,"<"&G521)/SUMIFS(zips!$C:$C,zips!$B:$B,F521,zips!$E:$E,">0"))	1260.2428	29.9343	=IF(I521="","",ROUND(G521-I521,2))	=IF(J521="","",ROUND(H521-J521,2))
MRP Liberty	20535 Andalusite Way	San Antonio	TX	78264	=IFERROR(INDEX(zips!$B:$B,MATCH(E522,zips!$A:$A,0)),"")	=IFERROR(INDEX(zips!$E:$E,MATCH(E522,zips!$A:$A,0)),"")	=IF(OR(F522="",G522=""),"",100*SUMIFS(zips!$C:$C,zips!$B:$B,F522,zips!$E:$E,"<"&G522)/SUMIFS(zips!$C:$C,zips!$B:$B,F522,zips!$E:$E,">0"))	165.5748	11.9993	=IF(I522="","",ROUND(G522-I522,2))	=IF(J522="","",ROUND(H522-J522,2))
MRP Liberty	7627 Adam Star	San Antonio	TX	78263	=IFERROR(INDEX(zips!$B:$B,MATCH(E523,zips!$A:$A,0)),"")	=IFERROR(INDEX(zips!$E:$E,MATCH(E523,zips!$A:$A,0)),"")	=IF(OR(F523="",G523=""),"",100*SUMIFS(zips!$C:$C,zips!$B:$B,F523,zips!$E:$E,"<"&G523)/SUMIFS(zips!$C:$C,zips!$B:$B,F523,zips!$E:$E,">0"))	118.1614	5.3566	=IF(I523="","",ROUND(G523-I523,2))	=IF(J523="","",ROUND(H523-J523,2))
MRP Liberty	10723 Minita Creek	San Antonio	TX	78214	=IFERROR(INDEX(zips!$B:$B,MATCH(E524,zips!$A:$A,0)),"")	=IFERROR(INDEX(zips!$E:$E,MATCH(E524,zips!$A:$A,0)),"")	=IF(OR(F524="",G524=""),"",100*SUMIFS(zips!$C:$C,zips!$B:$B,F524,zips!$E:$E,"<"&G524)/SUMIFS(zips!$C:$C,zips!$B:$B,F524,zips!$E:$E,">0"))	2628.393	51.733	=IF(I524="","",ROUND(G524-I524,2))	=IF(J524="","",ROUND(H524-J524,2))
MRP Liberty	10527 Red Shiner Drive	San Antonio	TX	78224	=IFERROR(INDEX(zips!$B:$B,MATCH(E525,zips!$A:$A,0)),"")	=IFERROR(INDEX(zips!$E:$E,MATCH(E525,zips!$A:$A,0)),"")	=IF(OR(F525="",G525=""),"",100*SUMIFS(zips!$C:$C,zips!$B:$B,F525,zips!$E:$E,"<"&G525)/SUMIFS(zips!$C:$C,zips!$B:$B,F525,zips!$E:$E,">0"))	1355.3865	33.5093	=IF(I525="","",ROUND(G525-I525,2))	=IF(J525="","",ROUND(H525-J525,2))
MRP Liberty	6815 Marble Ridge	Elmendorf	TX	78112	=IFERROR(INDEX(zips!$B:$B,MATCH(E526,zips!$A:$A,0)),"")	=IFERROR(INDEX(zips!$E:$E,MATCH(E526,zips!$A:$A,0)),"")	=IF(OR(F526="",G526=""),"",100*SUMIFS(zips!$C:$C,zips!$B:$B,F526,zips!$E:$E,"<"&G526)/SUMIFS(zips!$C:$C,zips!$B:$B,F526,zips!$E:$E,">0"))	193.7209	13.3881	=IF(I526="","",ROUND(G526-I526,2))	=IF(J526="","",ROUND(H526-J526,2))
MRP Liberty	6642 Coquina Cove	Elmendorf	TX	78112	=IFERROR(INDEX(zips!$B:$B,MATCH(E527,zips!$A:$A,0)),"")	=IFERROR(INDEX(zips!$E:$E,MATCH(E527,zips!$A:$A,0)),"")	=IF(OR(F527="",G527=""),"",100*SUMIFS(zips!$C:$C,zips!$B:$B,F527,zips!$E:$E,"<"&G527)/SUMIFS(zips!$C:$C,zips!$B:$B,F527,zips!$E:$E,">0"))	193.7209	13.3881	=IF(I527="","",ROUND(G527-I527,2))	=IF(J527="","",ROUND(H527-J527,2))
MRP Liberty	7702 India Star	San Antonio	TX	78263	=IFERROR(INDEX(zips!$B:$B,MATCH(E528,zips!$A:$A,0)),"")	=IFERROR(INDEX(zips!$E:$E,MATCH(E528,zips!$A:$A,0)),"")	=IF(OR(F528="",G528=""),"",100*SUMIFS(zips!$C:$C,zips!$B:$B,F528,zips!$E:$E,"<"&G528)/SUMIFS(zips!$C:$C,zips!$B:$B,F528,zips!$E:$E,">0"))	118.1614	5.3566	=IF(I528="","",ROUND(G528-I528,2))	=IF(J528="","",ROUND(H528-J528,2))
MRP Liberty	1929 Pasture Rose	Converse	TX	78109	=IFERROR(INDEX(zips!$B:$B,MATCH(E529,zips!$A:$A,0)),"")	=IFERROR(INDEX(zips!$E:$E,MATCH(E529,zips!$A:$A,0)),"")	=IF(OR(F529="",G529=""),"",100*SUMIFS(zips!$C:$C,zips!$B:$B,F529,zips!$E:$E,"<"&G529)/SUMIFS(zips!$C:$C,zips!$B:$B,F529,zips!$E:$E,">0"))	2025.1473	41.3386	=IF(I529="","",ROUND(G529-I529,2))	=IF(J529="","",ROUND(H529-J529,2))
MRP Liberty	20733 Maple Grove	San Antonio	TX	78264	=IFERROR(INDEX(zips!$B:$B,MATCH(E530,zips!$A:$A,0)),"")	=IFERROR(INDEX(zips!$E:$E,MATCH(E530,zips!$A:$A,0)),"")	=IF(OR(F530="",G530=""),"",100*SUMIFS(zips!$C:$C,zips!$B:$B,F530,zips!$E:$E,"<"&G530)/SUMIFS(zips!$C:$C,zips!$B:$B,F530,zips!$E:$E,">0"))	165.5748	11.9993	=IF(I530="","",ROUND(G530-I530,2))	=IF(J530="","",ROUND(H530-J530,2))
MRP Liberty	8533 Eucalptus Hills	San Antonio	TX	78222	=IFERROR(INDEX(zips!$B:$B,MATCH(E531,zips!$A:$A,0)),"")	=IFERROR(INDEX(zips!$E:$E,MATCH(E531,zips!$A:$A,0)),"")	=IF(OR(F531="",G531=""),"",100*SUMIFS(zips!$C:$C,zips!$B:$B,F531,zips!$E:$E,"<"&G531)/SUMIFS(zips!$C:$C,zips!$B:$B,F531,zips!$E:$E,">0"))	1310.4858	32.5437	=IF(I531="","",ROUND(G531-I531,2))	=IF(J531="","",ROUND(H531-J531,2))
MRP Liberty	505 Stratus Ln	Hutto	TX	78634	=IFERROR(INDEX(zips!$B:$B,MATCH(E532,zips!$A:$A,0)),"")	=IFERROR(INDEX(zips!$E:$E,MATCH(E532,zips!$A:$A,0)),"")	=IF(OR(F532="",G532=""),"",100*SUMIFS(zips!$C:$C,zips!$B:$B,F532,zips!$E:$E,"<"&G532)/SUMIFS(zips!$C:$C,zips!$B:$B,F532,zips!$E:$E,">0"))	770.8378	33.9757	=IF(I532="","",ROUND(G532-I532,2))	=IF(J532="","",ROUND(H532-J532,2))
MRP Liberty	211 Streaking Star Dr	Hutto	TX	78634	=IFERROR(INDEX(zips!$B:$B,MATCH(E533,zips!$A:$A,0)),"")	=IFERROR(INDEX(zips!$E:$E,MATCH(E533,zips!$A:$A,0)),"")	=IF(OR(F533="",G533=""),"",100*SUMIFS(zips!$C:$C,zips!$B:$B,F533,zips!$E:$E,"<"&G533)/SUMIFS(zips!$C:$C,zips!$B:$B,F533,zips!$E:$E,">0"))	770.8378	33.9757	=IF(I533="","",ROUND(G533-I533,2))	=IF(J533="","",ROUND(H533-J533,2))
MRP Liberty	144 Star Packer Ln	Jarrell	TX	76537	=IFERROR(INDEX(zips!$B:$B,MATCH(E534,zips!$A:$A,0)),"")	=IFERROR(INDEX(zips!$E:$E,MATCH(E534,zips!$A:$A,0)),"")	=IF(OR(F534="",G534=""),"",100*SUMIFS(zips!$C:$C,zips!$B:$B,F534,zips!$E:$E,"<"&G534)/SUMIFS(zips!$C:$C,zips!$B:$B,F534,zips!$E:$E,">0"))	233.4458	11.8242	=IF(I534="","",ROUND(G534-I534,2))	=IF(J534="","",ROUND(H534-J534,2))
MRP Liberty	214 Streaking Star Dr	Hutto	TX	78634	=IFERROR(INDEX(zips!$B:$B,MATCH(E535,zips!$A:$A,0)),"")	=IFERROR(INDEX(zips!$E:$E,MATCH(E535,zips!$A:$A,0)),"")	=IF(OR(F535="",G535=""),"",100*SUMIFS(zips!$C:$C,zips!$B:$B,F535,zips!$E:$E,"<"&G535)/SUMIFS(zips!$C:$C,zips!$B:$B,F535,zips!$E:$E,">0"))	770.8378	33.9757	=IF(I535="","",ROUND(G535-I535,2))	=IF(J535="","",ROUND(H535-J535,2))
MRP Liberty	121 Silent Sky Ln	Hutto	TX	78634	=IFERROR(INDEX(zips!$B:$B,MATCH(E536,zips!$A:$A,0)),"")	=IFERROR(INDEX(zips!$E:$E,MATCH(E536,zips!$A:$A,0)),"")	=IF(OR(F536="",G536=""),"",100*SUMIFS(zips!$C:$C,zips!$B:$B,F536,zips!$E:$E,"<"&G536)/SUMIFS(zips!$C:$C,zips!$B:$B,F536,zips!$E:$E,">0"))	770.8378	33.9757	=IF(I536="","",ROUND(G536-I536,2))	=IF(J536="","",ROUND(H536-J536,2))
MRP Liberty	324 Scorpius Trl	Hutto	TX	78634	=IFERROR(INDEX(zips!$B:$B,MATCH(E537,zips!$A:$A,0)),"")	=IFERROR(INDEX(zips!$E:$E,MATCH(E537,zips!$A:$A,0)),"")	=IF(OR(F537="",G537=""),"",100*SUMIFS(zips!$C:$C,zips!$B:$B,F537,zips!$E:$E,"<"&G537)/SUMIFS(zips!$C:$C,zips!$B:$B,F537,zips!$E:$E,">0"))	770.8378	33.9757	=IF(I537="","",ROUND(G537-I537,2))	=IF(J537="","",ROUND(H537-J537,2))
MRP Liberty	215 Streaking Star Dr	Hutto	TX	78634	=IFERROR(INDEX(zips!$B:$B,MATCH(E538,zips!$A:$A,0)),"")	=IFERROR(INDEX(zips!$E:$E,MATCH(E538,zips!$A:$A,0)),"")	=IF(OR(F538="",G538=""),"",100*SUMIFS(zips!$C:$C,zips!$B:$B,F538,zips!$E:$E,"<"&G538)/SUMIFS(zips!$C:$C,zips!$B:$B,F538,zips!$E:$E,">0"))	770.8378	33.9757	=IF(I538="","",ROUND(G538-I538,2))	=IF(J538="","",ROUND(H538-J538,2))
MRP Liberty	129 Evening Glow Dr	Hutto	TX	78634	=IFERROR(INDEX(zips!$B:$B,MATCH(E539,zips!$A:$A,0)),"")	=IFERROR(INDEX(zips!$E:$E,MATCH(E539,zips!$A:$A,0)),"")	=IF(OR(F539="",G539=""),"",100*SUMIFS(zips!$C:$C,zips!$B:$B,F539,zips!$E:$E,"<"&G539)/SUMIFS(zips!$C:$C,zips!$B:$B,F539,zips!$E:$E,">0"))	770.8378	33.9757	=IF(I539="","",ROUND(G539-I539,2))	=IF(J539="","",ROUND(H539-J539,2))
MRP Liberty	417 Stratus Ln	Hutto	TX	78634	=IFERROR(INDEX(zips!$B:$B,MATCH(E540,zips!$A:$A,0)),"")	=IFERROR(INDEX(zips!$E:$E,MATCH(E540,zips!$A:$A,0)),"")	=IF(OR(F540="",G540=""),"",100*SUMIFS(zips!$C:$C,zips!$B:$B,F540,zips!$E:$E,"<"&G540)/SUMIFS(zips!$C:$C,zips!$B:$B,F540,zips!$E:$E,">0"))	770.8378	33.9757	=IF(I540="","",ROUND(G540-I540,2))	=IF(J540="","",ROUND(H540-J540,2))
MRP Liberty	509 Stratus Ln	Hutto	TX	78634	=IFERROR(INDEX(zips!$B:$B,MATCH(E541,zips!$A:$A,0)),"")	=IFERROR(INDEX(zips!$E:$E,MATCH(E541,zips!$A:$A,0)),"")	=IF(OR(F541="",G541=""),"",100*SUMIFS(zips!$C:$C,zips!$B:$B,F541,zips!$E:$E,"<"&G541)/SUMIFS(zips!$C:$C,zips!$B:$B,F541,zips!$E:$E,">0"))	770.8378	33.9757	=IF(I541="","",ROUND(G541-I541,2))	=IF(J541="","",ROUND(H541-J541,2))
MRP Liberty	401 Stratus Ln	Hutto	TX	78634	=IFERROR(INDEX(zips!$B:$B,MATCH(E542,zips!$A:$A,0)),"")	=IFERROR(INDEX(zips!$E:$E,MATCH(E542,zips!$A:$A,0)),"")	=IF(OR(F542="",G542=""),"",100*SUMIFS(zips!$C:$C,zips!$B:$B,F542,zips!$E:$E,"<"&G542)/SUMIFS(zips!$C:$C,zips!$B:$B,F542,zips!$E:$E,">0"))	770.8378	33.9757	=IF(I542="","",ROUND(G542-I542,2))	=IF(J542="","",ROUND(H542-J542,2))
MRP Liberty	448 Jones Beach Ln	Jarrell	TX	76537	=IFERROR(INDEX(zips!$B:$B,MATCH(E543,zips!$A:$A,0)),"")	=IFERROR(INDEX(zips!$E:$E,MATCH(E543,zips!$A:$A,0)),"")	=IF(OR(F543="",G543=""),"",100*SUMIFS(zips!$C:$C,zips!$B:$B,F543,zips!$E:$E,"<"&G543)/SUMIFS(zips!$C:$C,zips!$B:$B,F543,zips!$E:$E,">0"))	233.4458	11.8242	=IF(I543="","",ROUND(G543-I543,2))	=IF(J543="","",ROUND(H543-J543,2))
MRP Liberty	452 Jones Beach Ln	Jarrell	TX	76537	=IFERROR(INDEX(zips!$B:$B,MATCH(E544,zips!$A:$A,0)),"")	=IFERROR(INDEX(zips!$E:$E,MATCH(E544,zips!$A:$A,0)),"")	=IF(OR(F544="",G544=""),"",100*SUMIFS(zips!$C:$C,zips!$B:$B,F544,zips!$E:$E,"<"&G544)/SUMIFS(zips!$C:$C,zips!$B:$B,F544,zips!$E:$E,">0"))	233.4458	11.8242	=IF(I544="","",ROUND(G544-I544,2))	=IF(J544="","",ROUND(H544-J544,2))
MRP Liberty	465 Jones Beach Ln	Jarrell	TX	76537	=IFERROR(INDEX(zips!$B:$B,MATCH(E545,zips!$A:$A,0)),"")	=IFERROR(INDEX(zips!$E:$E,MATCH(E545,zips!$A:$A,0)),"")	=IF(OR(F545="",G545=""),"",100*SUMIFS(zips!$C:$C,zips!$B:$B,F545,zips!$E:$E,"<"&G545)/SUMIFS(zips!$C:$C,zips!$B:$B,F545,zips!$E:$E,">0"))	233.4458	11.8242	=IF(I545="","",ROUND(G545-I545,2))	=IF(J545="","",ROUND(H545-J545,2))
MRP Liberty	1938 Peaceful Porch Way	Georgetown	TX	78633	=IFERROR(INDEX(zips!$B:$B,MATCH(E546,zips!$A:$A,0)),"")	=IFERROR(INDEX(zips!$E:$E,MATCH(E546,zips!$A:$A,0)),"")	=IF(OR(F546="",G546=""),"",100*SUMIFS(zips!$C:$C,zips!$B:$B,F546,zips!$E:$E,"<"&G546)/SUMIFS(zips!$C:$C,zips!$B:$B,F546,zips!$E:$E,">0"))	368.024	13.8316	=IF(I546="","",ROUND(G546-I546,2))	=IF(J546="","",ROUND(H546-J546,2))
MRP Liberty	500 Scorpius Trl	Hutto	TX	78634	=IFERROR(INDEX(zips!$B:$B,MATCH(E547,zips!$A:$A,0)),"")	=IFERROR(INDEX(zips!$E:$E,MATCH(E547,zips!$A:$A,0)),"")	=IF(OR(F547="",G547=""),"",100*SUMIFS(zips!$C:$C,zips!$B:$B,F547,zips!$E:$E,"<"&G547)/SUMIFS(zips!$C:$C,zips!$B:$B,F547,zips!$E:$E,">0"))	770.8378	33.9757	=IF(I547="","",ROUND(G547-I547,2))	=IF(J547="","",ROUND(H547-J547,2))
MRP Liberty	1917 Peaceful Porch Way	Georgetown	TX	78633	=IFERROR(INDEX(zips!$B:$B,MATCH(E548,zips!$A:$A,0)),"")	=IFERROR(INDEX(zips!$E:$E,MATCH(E548,zips!$A:$A,0)),"")	=IF(OR(F548="",G548=""),"",100*SUMIFS(zips!$C:$C,zips!$B:$B,F548,zips!$E:$E,"<"&G548)/SUMIFS(zips!$C:$C,zips!$B:$B,F548,zips!$E:$E,">0"))	368.024	13.8316	=IF(I548="","",ROUND(G548-I548,2))	=IF(J548="","",ROUND(H548-J548,2))
MRP Liberty	1307 Hermosa Gdns Unit #67	Georgetown	TX	78628	=IFERROR(INDEX(zips!$B:$B,MATCH(E549,zips!$A:$A,0)),"")	=IFERROR(INDEX(zips!$E:$E,MATCH(E549,zips!$A:$A,0)),"")	=IF(OR(F549="",G549=""),"",100*SUMIFS(zips!$C:$C,zips!$B:$B,F549,zips!$E:$E,"<"&G549)/SUMIFS(zips!$C:$C,zips!$B:$B,F549,zips!$E:$E,">0"))	692.612	27.0823	=IF(I549="","",ROUND(G549-I549,2))	=IF(J549="","",ROUND(H549-J549,2))
MRP Liberty	2328 Wooddale Dr	Georgetown	TX	78633	=IFERROR(INDEX(zips!$B:$B,MATCH(E550,zips!$A:$A,0)),"")	=IFERROR(INDEX(zips!$E:$E,MATCH(E550,zips!$A:$A,0)),"")	=IF(OR(F550="",G550=""),"",100*SUMIFS(zips!$C:$C,zips!$B:$B,F550,zips!$E:$E,"<"&G550)/SUMIFS(zips!$C:$C,zips!$B:$B,F550,zips!$E:$E,">0"))	368.024	13.8316	=IF(I550="","",ROUND(G550-I550,2))	=IF(J550="","",ROUND(H550-J550,2))
MRP Liberty	1403 Hermosa Gdns Unit #63	Georgetown	TX	78628	=IFERROR(INDEX(zips!$B:$B,MATCH(E551,zips!$A:$A,0)),"")	=IFERROR(INDEX(zips!$E:$E,MATCH(E551,zips!$A:$A,0)),"")	=IF(OR(F551="",G551=""),"",100*SUMIFS(zips!$C:$C,zips!$B:$B,F551,zips!$E:$E,"<"&G551)/SUMIFS(zips!$C:$C,zips!$B:$B,F551,zips!$E:$E,">0"))	692.612	27.0823	=IF(I551="","",ROUND(G551-I551,2))	=IF(J551="","",ROUND(H551-J551,2))
MRP Liberty	329 Rockies Rd	Hutto	TX	78634	=IFERROR(INDEX(zips!$B:$B,MATCH(E552,zips!$A:$A,0)),"")	=IFERROR(INDEX(zips!$E:$E,MATCH(E552,zips!$A:$A,0)),"")	=IF(OR(F552="",G552=""),"",100*SUMIFS(zips!$C:$C,zips!$B:$B,F552,zips!$E:$E,"<"&G552)/SUMIFS(zips!$C:$C,zips!$B:$B,F552,zips!$E:$E,">0"))	770.8378	33.9757	=IF(I552="","",ROUND(G552-I552,2))	=IF(J552="","",ROUND(H552-J552,2))
MRP Liberty	1605 Roaming Oak Bnd Unit #28	Georgetown	TX	78628	=IFERROR(INDEX(zips!$B:$B,MATCH(E553,zips!$A:$A,0)),"")	=IFERROR(INDEX(zips!$E:$E,MATCH(E553,zips!$A:$A,0)),"")	=IF(OR(F553="",G553=""),"",100*SUMIFS(zips!$C:$C,zips!$B:$B,F553,zips!$E:$E,"<"&G553)/SUMIFS(zips!$C:$C,zips!$B:$B,F553,zips!$E:$E,">0"))	692.612	27.0823	=IF(I553="","",ROUND(G553-I553,2))	=IF(J553="","",ROUND(H553-J553,2))
MRP Liberty	109 Scorpius Trl	Hutto	TX	78634	=IFERROR(INDEX(zips!$B:$B,MATCH(E554,zips!$A:$A,0)),"")	=IFERROR(INDEX(zips!$E:$E,MATCH(E554,zips!$A:$A,0)),"")	=IF(OR(F554="",G554=""),"",100*SUMIFS(zips!$C:$C,zips!$B:$B,F554,zips!$E:$E,"<"&G554)/SUMIFS(zips!$C:$C,zips!$B:$B,F554,zips!$E:$E,">0"))	770.8378	33.9757	=IF(I554="","",ROUND(G554-I554,2))	=IF(J554="","",ROUND(H554-J554,2))
MRP Liberty	312 Scorpius Trl	Hutto	TX	78634	=IFERROR(INDEX(zips!$B:$B,MATCH(E555,zips!$A:$A,0)),"")	=IFERROR(INDEX(zips!$E:$E,MATCH(E555,zips!$A:$A,0)),"")	=IF(OR(F555="",G555=""),"",100*SUMIFS(zips!$C:$C,zips!$B:$B,F555,zips!$E:$E,"<"&G555)/SUMIFS(zips!$C:$C,zips!$B:$B,F555,zips!$E:$E,">0"))	770.8378	33.9757	=IF(I555="","",ROUND(G555-I555,2))	=IF(J555="","",ROUND(H555-J555,2))
MRP Liberty	408 Scorpius Trl	Hutto	TX	78634	=IFERROR(INDEX(zips!$B:$B,MATCH(E556,zips!$A:$A,0)),"")	=IFERROR(INDEX(zips!$E:$E,MATCH(E556,zips!$A:$A,0)),"")	=IF(OR(F556="",G556=""),"",100*SUMIFS(zips!$C:$C,zips!$B:$B,F556,zips!$E:$E,"<"&G556)/SUMIFS(zips!$C:$C,zips!$B:$B,F556,zips!$E:$E,">0"))	770.8378	33.9757	=IF(I556="","",ROUND(G556-I556,2))	=IF(J556="","",ROUND(H556-J556,2))
MRP Liberty	404 Scorpius Trl	Hutto	TX	78634	=IFERROR(INDEX(zips!$B:$B,MATCH(E557,zips!$A:$A,0)),"")	=IFERROR(INDEX(zips!$E:$E,MATCH(E557,zips!$A:$A,0)),"")	=IF(OR(F557="",G557=""),"",100*SUMIFS(zips!$C:$C,zips!$B:$B,F557,zips!$E:$E,"<"&G557)/SUMIFS(zips!$C:$C,zips!$B:$B,F557,zips!$E:$E,">0"))	770.8378	33.9757	=IF(I557="","",ROUND(G557-I557,2))	=IF(J557="","",ROUND(H557-J557,2))
MRP Liberty	1209 Samantha Ln	College Station	TX	77845	=IFERROR(INDEX(zips!$B:$B,MATCH(E558,zips!$A:$A,0)),"")	=IFERROR(INDEX(zips!$E:$E,MATCH(E558,zips!$A:$A,0)),"")	=IF(OR(F558="",G558=""),"",100*SUMIFS(zips!$C:$C,zips!$B:$B,F558,zips!$E:$E,"<"&G558)/SUMIFS(zips!$C:$C,zips!$B:$B,F558,zips!$E:$E,">0"))	523.4093	28.7441	=IF(I558="","",ROUND(G558-I558,2))	=IF(J558="","",ROUND(H558-J558,2))
MRP Liberty	2134 Shady Oak St	Corpus Christi	TX	78410	=IFERROR(INDEX(zips!$B:$B,MATCH(E559,zips!$A:$A,0)),"")	=IFERROR(INDEX(zips!$E:$E,MATCH(E559,zips!$A:$A,0)),"")	=IF(OR(F559="",G559=""),"",100*SUMIFS(zips!$C:$C,zips!$B:$B,F559,zips!$E:$E,"<"&G559)/SUMIFS(zips!$C:$C,zips!$B:$B,F559,zips!$E:$E,">0"))	1292.8876	44.6433	=IF(I559="","",ROUND(G559-I559,2))	=IF(J559="","",ROUND(H559-J559,2))
MRP Liberty	1906 Shady Oak St	Corpus Christi	TX	78410	=IFERROR(INDEX(zips!$B:$B,MATCH(E560,zips!$A:$A,0)),"")	=IFERROR(INDEX(zips!$E:$E,MATCH(E560,zips!$A:$A,0)),"")	=IF(OR(F560="",G560=""),"",100*SUMIFS(zips!$C:$C,zips!$B:$B,F560,zips!$E:$E,"<"&G560)/SUMIFS(zips!$C:$C,zips!$B:$B,F560,zips!$E:$E,">0"))	1292.8876	44.6433	=IF(I560="","",ROUND(G560-I560,2))	=IF(J560="","",ROUND(H560-J560,2))
MRP Liberty	2034 Shady Oak St	Corpus Christi	TX	78410	=IFERROR(INDEX(zips!$B:$B,MATCH(E561,zips!$A:$A,0)),"")	=IFERROR(INDEX(zips!$E:$E,MATCH(E561,zips!$A:$A,0)),"")	=IF(OR(F561="",G561=""),"",100*SUMIFS(zips!$C:$C,zips!$B:$B,F561,zips!$E:$E,"<"&G561)/SUMIFS(zips!$C:$C,zips!$B:$B,F561,zips!$E:$E,">0"))	1292.8876	44.6433	=IF(I561="","",ROUND(G561-I561,2))	=IF(J561="","",ROUND(H561-J561,2))
MRP Liberty	1810 Shady Oak St	Corpus Christi	TX	78410	=IFERROR(INDEX(zips!$B:$B,MATCH(E562,zips!$A:$A,0)),"")	=IFERROR(INDEX(zips!$E:$E,MATCH(E562,zips!$A:$A,0)),"")	=IF(OR(F562="",G562=""),"",100*SUMIFS(zips!$C:$C,zips!$B:$B,F562,zips!$E:$E,"<"&G562)/SUMIFS(zips!$C:$C,zips!$B:$B,F562,zips!$E:$E,">0"))	1292.8876	44.6433	=IF(I562="","",ROUND(G562-I562,2))	=IF(J562="","",ROUND(H562-J562,2))
MRP Liberty	1818 Shady Oak St	Corpus Christi	TX	78410	=IFERROR(INDEX(zips!$B:$B,MATCH(E563,zips!$A:$A,0)),"")	=IFERROR(INDEX(zips!$E:$E,MATCH(E563,zips!$A:$A,0)),"")	=IF(OR(F563="",G563=""),"",100*SUMIFS(zips!$C:$C,zips!$B:$B,F563,zips!$E:$E,"<"&G563)/SUMIFS(zips!$C:$C,zips!$B:$B,F563,zips!$E:$E,">0"))	1292.8876	44.6433	=IF(I563="","",ROUND(G563-I563,2))	=IF(J563="","",ROUND(H563-J563,2))
MRP Liberty	2850 Westeros St	Corpus Christi	TX	78415	=IFERROR(INDEX(zips!$B:$B,MATCH(E564,zips!$A:$A,0)),"")	=IFERROR(INDEX(zips!$E:$E,MATCH(E564,zips!$A:$A,0)),"")	=IF(OR(F564="",G564=""),"",100*SUMIFS(zips!$C:$C,zips!$B:$B,F564,zips!$E:$E,"<"&G564)/SUMIFS(zips!$C:$C,zips!$B:$B,F564,zips!$E:$E,">0"))	383.5106	18.3046	=IF(I564="","",ROUND(G564-I564,2))	=IF(J564="","",ROUND(H564-J564,2))
MRP Liberty	23404 Flickering Sky Dr	Elgin	TX	78621	=IFERROR(INDEX(zips!$B:$B,MATCH(E565,zips!$A:$A,0)),"")	=IFERROR(INDEX(zips!$E:$E,MATCH(E565,zips!$A:$A,0)),"")	=IF(OR(F565="",G565=""),"",100*SUMIFS(zips!$C:$C,zips!$B:$B,F565,zips!$E:$E,"<"&G565)/SUMIFS(zips!$C:$C,zips!$B:$B,F565,zips!$E:$E,">0"))	156.7661	7.0016	=IF(I565="","",ROUND(G565-I565,2))	=IF(J565="","",ROUND(H565-J565,2))
MRP Liberty	23416 Flickering Sky Dr	Elgin	TX	78621	=IFERROR(INDEX(zips!$B:$B,MATCH(E566,zips!$A:$A,0)),"")	=IFERROR(INDEX(zips!$E:$E,MATCH(E566,zips!$A:$A,0)),"")	=IF(OR(F566="",G566=""),"",100*SUMIFS(zips!$C:$C,zips!$B:$B,F566,zips!$E:$E,"<"&G566)/SUMIFS(zips!$C:$C,zips!$B:$B,F566,zips!$E:$E,">0"))	156.7661	7.0016	=IF(I566="","",ROUND(G566-I566,2))	=IF(J566="","",ROUND(H566-J566,2))
MRP Liberty	13424 Trumpet Creeper Dr	Elgin	TX	78621	=IFERROR(INDEX(zips!$B:$B,MATCH(E567,zips!$A:$A,0)),"")	=IFERROR(INDEX(zips!$E:$E,MATCH(E567,zips!$A:$A,0)),"")	=IF(OR(F567="",G567=""),"",100*SUMIFS(zips!$C:$C,zips!$B:$B,F567,zips!$E:$E,"<"&G567)/SUMIFS(zips!$C:$C,zips!$B:$B,F567,zips!$E:$E,">0"))	156.7661	7.0016	=IF(I567="","",ROUND(G567-I567,2))	=IF(J567="","",ROUND(H567-J567,2))
MRP Liberty	23520 Skyrocket St	Elgin	TX	78621	=IFERROR(INDEX(zips!$B:$B,MATCH(E568,zips!$A:$A,0)),"")	=IFERROR(INDEX(zips!$E:$E,MATCH(E568,zips!$A:$A,0)),"")	=IF(OR(F568="",G568=""),"",100*SUMIFS(zips!$C:$C,zips!$B:$B,F568,zips!$E:$E,"<"&G568)/SUMIFS(zips!$C:$C,zips!$B:$B,F568,zips!$E:$E,">0"))	156.7661	7.0016	=IF(I568="","",ROUND(G568-I568,2))	=IF(J568="","",ROUND(H568-J568,2))
MRP Liberty	23816 Glowing Embers Dr	Elgin	TX	78621	=IFERROR(INDEX(zips!$B:$B,MATCH(E569,zips!$A:$A,0)),"")	=IFERROR(INDEX(zips!$E:$E,MATCH(E569,zips!$A:$A,0)),"")	=IF(OR(F569="",G569=""),"",100*SUMIFS(zips!$C:$C,zips!$B:$B,F569,zips!$E:$E,"<"&G569)/SUMIFS(zips!$C:$C,zips!$B:$B,F569,zips!$E:$E,">0"))	156.7661	7.0016	=IF(I569="","",ROUND(G569-I569,2))	=IF(J569="","",ROUND(H569-J569,2))
MRP Liberty	224 Zyra Ave	New Braunfels	TX	78130	=IFERROR(INDEX(zips!$B:$B,MATCH(E570,zips!$A:$A,0)),"")	=IFERROR(INDEX(zips!$E:$E,MATCH(E570,zips!$A:$A,0)),"")	=IF(OR(F570="",G570=""),"",100*SUMIFS(zips!$C:$C,zips!$B:$B,F570,zips!$E:$E,"<"&G570)/SUMIFS(zips!$C:$C,zips!$B:$B,F570,zips!$E:$E,">0"))	1052.2806	22.3966	=IF(I570="","",ROUND(G570-I570,2))	=IF(J570="","",ROUND(H570-J570,2))
MRP Liberty	220 Zyra Ave	New Braunfels	TX	78130	=IFERROR(INDEX(zips!$B:$B,MATCH(E571,zips!$A:$A,0)),"")	=IFERROR(INDEX(zips!$E:$E,MATCH(E571,zips!$A:$A,0)),"")	=IF(OR(F571="",G571=""),"",100*SUMIFS(zips!$C:$C,zips!$B:$B,F571,zips!$E:$E,"<"&G571)/SUMIFS(zips!$C:$C,zips!$B:$B,F571,zips!$E:$E,">0"))	1052.2806	22.3966	=IF(I571="","",ROUND(G571-I571,2))	=IF(J571="","",ROUND(H571-J571,2))
MRP Liberty	3168 Dispatch Dr	New Braunfels	TX	78130	=IFERROR(INDEX(zips!$B:$B,MATCH(E572,zips!$A:$A,0)),"")	=IFERROR(INDEX(zips!$E:$E,MATCH(E572,zips!$A:$A,0)),"")	=IF(OR(F572="",G572=""),"",100*SUMIFS(zips!$C:$C,zips!$B:$B,F572,zips!$E:$E,"<"&G572)/SUMIFS(zips!$C:$C,zips!$B:$B,F572,zips!$E:$E,">0"))	1052.2806	22.3966	=IF(I572="","",ROUND(G572-I572,2))	=IF(J572="","",ROUND(H572-J572,2))
MRP Liberty	3136 Dispatch Dr	New Braunfels	TX	78130	=IFERROR(INDEX(zips!$B:$B,MATCH(E573,zips!$A:$A,0)),"")	=IFERROR(INDEX(zips!$E:$E,MATCH(E573,zips!$A:$A,0)),"")	=IF(OR(F573="",G573=""),"",100*SUMIFS(zips!$C:$C,zips!$B:$B,F573,zips!$E:$E,"<"&G573)/SUMIFS(zips!$C:$C,zips!$B:$B,F573,zips!$E:$E,">0"))	1052.2806	22.3966	=IF(I573="","",ROUND(G573-I573,2))	=IF(J573="","",ROUND(H573-J573,2))
MRP Liberty	3116 Dispatch Dr	New Braunfels	TX	78130	=IFERROR(INDEX(zips!$B:$B,MATCH(E574,zips!$A:$A,0)),"")	=IFERROR(INDEX(zips!$E:$E,MATCH(E574,zips!$A:$A,0)),"")	=IF(OR(F574="",G574=""),"",100*SUMIFS(zips!$C:$C,zips!$B:$B,F574,zips!$E:$E,"<"&G574)/SUMIFS(zips!$C:$C,zips!$B:$B,F574,zips!$E:$E,">0"))	1052.2806	22.3966	=IF(I574="","",ROUND(G574-I574,2))	=IF(J574="","",ROUND(H574-J574,2))
MRP Liberty	3112 Dispatch Dr	New Braunfels	TX	78130	=IFERROR(INDEX(zips!$B:$B,MATCH(E575,zips!$A:$A,0)),"")	=IFERROR(INDEX(zips!$E:$E,MATCH(E575,zips!$A:$A,0)),"")	=IF(OR(F575="",G575=""),"",100*SUMIFS(zips!$C:$C,zips!$B:$B,F575,zips!$E:$E,"<"&G575)/SUMIFS(zips!$C:$C,zips!$B:$B,F575,zips!$E:$E,">0"))	1052.2806	22.3966	=IF(I575="","",ROUND(G575-I575,2))	=IF(J575="","",ROUND(H575-J575,2))
MRP Liberty	232 Zyra Ave	New Braunfels	TX	78130	=IFERROR(INDEX(zips!$B:$B,MATCH(E576,zips!$A:$A,0)),"")	=IFERROR(INDEX(zips!$E:$E,MATCH(E576,zips!$A:$A,0)),"")	=IF(OR(F576="",G576=""),"",100*SUMIFS(zips!$C:$C,zips!$B:$B,F576,zips!$E:$E,"<"&G576)/SUMIFS(zips!$C:$C,zips!$B:$B,F576,zips!$E:$E,">0"))	1052.2806	22.3966	=IF(I576="","",ROUND(G576-I576,2))	=IF(J576="","",ROUND(H576-J576,2))
MRP Liberty	265 Inyo St	New Braunfels	TX	78130	=IFERROR(INDEX(zips!$B:$B,MATCH(E577,zips!$A:$A,0)),"")	=IFERROR(INDEX(zips!$E:$E,MATCH(E577,zips!$A:$A,0)),"")	=IF(OR(F577="",G577=""),"",100*SUMIFS(zips!$C:$C,zips!$B:$B,F577,zips!$E:$E,"<"&G577)/SUMIFS(zips!$C:$C,zips!$B:$B,F577,zips!$E:$E,">0"))	1052.2806	22.3966	=IF(I577="","",ROUND(G577-I577,2))	=IF(J577="","",ROUND(H577-J577,2))
MRP Liberty	229 Inyo St	New Braunfels	TX	78130	=IFERROR(INDEX(zips!$B:$B,MATCH(E578,zips!$A:$A,0)),"")	=IFERROR(INDEX(zips!$E:$E,MATCH(E578,zips!$A:$A,0)),"")	=IF(OR(F578="",G578=""),"",100*SUMIFS(zips!$C:$C,zips!$B:$B,F578,zips!$E:$E,"<"&G578)/SUMIFS(zips!$C:$C,zips!$B:$B,F578,zips!$E:$E,">0"))	1052.2806	22.3966	=IF(I578="","",ROUND(G578-I578,2))	=IF(J578="","",ROUND(H578-J578,2))
MRP Liberty	225 Inyo St	New Braunfels	TX	78130	=IFERROR(INDEX(zips!$B:$B,MATCH(E579,zips!$A:$A,0)),"")	=IFERROR(INDEX(zips!$E:$E,MATCH(E579,zips!$A:$A,0)),"")	=IF(OR(F579="",G579=""),"",100*SUMIFS(zips!$C:$C,zips!$B:$B,F579,zips!$E:$E,"<"&G579)/SUMIFS(zips!$C:$C,zips!$B:$B,F579,zips!$E:$E,">0"))	1052.2806	22.3966	=IF(I579="","",ROUND(G579-I579,2))	=IF(J579="","",ROUND(H579-J579,2))
MRP Liberty	238 Inyo St	New Braunfels	TX	78130	=IFERROR(INDEX(zips!$B:$B,MATCH(E580,zips!$A:$A,0)),"")	=IFERROR(INDEX(zips!$E:$E,MATCH(E580,zips!$A:$A,0)),"")	=IF(OR(F580="",G580=""),"",100*SUMIFS(zips!$C:$C,zips!$B:$B,F580,zips!$E:$E,"<"&G580)/SUMIFS(zips!$C:$C,zips!$B:$B,F580,zips!$E:$E,">0"))	1052.2806	22.3966	=IF(I580="","",ROUND(G580-I580,2))	=IF(J580="","",ROUND(H580-J580,2))
MRP Liberty	236 Zyra Ave	New Braunfels	TX	78130	=IFERROR(INDEX(zips!$B:$B,MATCH(E581,zips!$A:$A,0)),"")	=IFERROR(INDEX(zips!$E:$E,MATCH(E581,zips!$A:$A,0)),"")	=IF(OR(F581="",G581=""),"",100*SUMIFS(zips!$C:$C,zips!$B:$B,F581,zips!$E:$E,"<"&G581)/SUMIFS(zips!$C:$C,zips!$B:$B,F581,zips!$E:$E,">0"))	1052.2806	22.3966	=IF(I581="","",ROUND(G581-I581,2))	=IF(J581="","",ROUND(H581-J581,2))
MRP Liberty	248 Zyra Ave	New Braunfels	TX	78130	=IFERROR(INDEX(zips!$B:$B,MATCH(E582,zips!$A:$A,0)),"")	=IFERROR(INDEX(zips!$E:$E,MATCH(E582,zips!$A:$A,0)),"")	=IF(OR(F582="",G582=""),"",100*SUMIFS(zips!$C:$C,zips!$B:$B,F582,zips!$E:$E,"<"&G582)/SUMIFS(zips!$C:$C,zips!$B:$B,F582,zips!$E:$E,">0"))	1052.2806	22.3966	=IF(I582="","",ROUND(G582-I582,2))	=IF(J582="","",ROUND(H582-J582,2))
MRP Liberty	252 Zyra Ave	New Braunfels	TX	78130	=IFERROR(INDEX(zips!$B:$B,MATCH(E583,zips!$A:$A,0)),"")	=IFERROR(INDEX(zips!$E:$E,MATCH(E583,zips!$A:$A,0)),"")	=IF(OR(F583="",G583=""),"",100*SUMIFS(zips!$C:$C,zips!$B:$B,F583,zips!$E:$E,"<"&G583)/SUMIFS(zips!$C:$C,zips!$B:$B,F583,zips!$E:$E,">0"))	1052.2806	22.3966	=IF(I583="","",ROUND(G583-I583,2))	=IF(J583="","",ROUND(H583-J583,2))
MRP Liberty	256 Zyra Ave	New Braunfels	TX	78130	=IFERROR(INDEX(zips!$B:$B,MATCH(E584,zips!$A:$A,0)),"")	=IFERROR(INDEX(zips!$E:$E,MATCH(E584,zips!$A:$A,0)),"")	=IF(OR(F584="",G584=""),"",100*SUMIFS(zips!$C:$C,zips!$B:$B,F584,zips!$E:$E,"<"&G584)/SUMIFS(zips!$C:$C,zips!$B:$B,F584,zips!$E:$E,">0"))	1052.2806	22.3966	=IF(I584="","",ROUND(G584-I584,2))	=IF(J584="","",ROUND(H584-J584,2))
MRP Liberty	264 Zyra Ave	New Braunfels	TX	78130	=IFERROR(INDEX(zips!$B:$B,MATCH(E585,zips!$A:$A,0)),"")	=IFERROR(INDEX(zips!$E:$E,MATCH(E585,zips!$A:$A,0)),"")	=IF(OR(F585="",G585=""),"",100*SUMIFS(zips!$C:$C,zips!$B:$B,F585,zips!$E:$E,"<"&G585)/SUMIFS(zips!$C:$C,zips!$B:$B,F585,zips!$E:$E,">0"))	1052.2806	22.3966	=IF(I585="","",ROUND(G585-I585,2))	=IF(J585="","",ROUND(H585-J585,2))
MRP Liberty	268 Zyra Ave	New Braunfels	TX	78130	=IFERROR(INDEX(zips!$B:$B,MATCH(E586,zips!$A:$A,0)),"")	=IFERROR(INDEX(zips!$E:$E,MATCH(E586,zips!$A:$A,0)),"")	=IF(OR(F586="",G586=""),"",100*SUMIFS(zips!$C:$C,zips!$B:$B,F586,zips!$E:$E,"<"&G586)/SUMIFS(zips!$C:$C,zips!$B:$B,F586,zips!$E:$E,">0"))	1052.2806	22.3966	=IF(I586="","",ROUND(G586-I586,2))	=IF(J586="","",ROUND(H586-J586,2))
MRP Liberty	263 Zyra Ave	New Braunfels	TX	78130	=IFERROR(INDEX(zips!$B:$B,MATCH(E587,zips!$A:$A,0)),"")	=IFERROR(INDEX(zips!$E:$E,MATCH(E587,zips!$A:$A,0)),"")	=IF(OR(F587="",G587=""),"",100*SUMIFS(zips!$C:$C,zips!$B:$B,F587,zips!$E:$E,"<"&G587)/SUMIFS(zips!$C:$C,zips!$B:$B,F587,zips!$E:$E,">0"))	1052.2806	22.3966	=IF(I587="","",ROUND(G587-I587,2))	=IF(J587="","",ROUND(H587-J587,2))
MRP Liberty	3429 Camembert St		TX	78130	=IFERROR(INDEX(zips!$B:$B,MATCH(E588,zips!$A:$A,0)),"")	=IFERROR(INDEX(zips!$E:$E,MATCH(E588,zips!$A:$A,0)),"")	=IF(OR(F588="",G588=""),"",100*SUMIFS(zips!$C:$C,zips!$B:$B,F588,zips!$E:$E,"<"&G588)/SUMIFS(zips!$C:$C,zips!$B:$B,F588,zips!$E:$E,">0"))	1052.2806	22.3966	=IF(I588="","",ROUND(G588-I588,2))	=IF(J588="","",ROUND(H588-J588,2))
MRP Liberty	3425 Camembert St		TX	78130	=IFERROR(INDEX(zips!$B:$B,MATCH(E589,zips!$A:$A,0)),"")	=IFERROR(INDEX(zips!$E:$E,MATCH(E589,zips!$A:$A,0)),"")	=IF(OR(F589="",G589=""),"",100*SUMIFS(zips!$C:$C,zips!$B:$B,F589,zips!$E:$E,"<"&G589)/SUMIFS(zips!$C:$C,zips!$B:$B,F589,zips!$E:$E,">0"))	1052.2806	22.3966	=IF(I589="","",ROUND(G589-I589,2))	=IF(J589="","",ROUND(H589-J589,2))
MRP Liberty	21726 Willow River Canyon Ln	WALLER	TX	77484	=IFERROR(INDEX(zips!$B:$B,MATCH(E590,zips!$A:$A,0)),"")	=IFERROR(INDEX(zips!$E:$E,MATCH(E590,zips!$A:$A,0)),"")	=IF(OR(F590="",G590=""),"",100*SUMIFS(zips!$C:$C,zips!$B:$B,F590,zips!$E:$E,"<"&G590)/SUMIFS(zips!$C:$C,zips!$B:$B,F590,zips!$E:$E,">0"))	91.1648	1.7648	=IF(I590="","",ROUND(G590-I590,2))	=IF(J590="","",ROUND(H590-J590,2))
MRP Liberty	18610 Tulip Creek Dr	CROSBY	TX	77532	=IFERROR(INDEX(zips!$B:$B,MATCH(E591,zips!$A:$A,0)),"")	=IFERROR(INDEX(zips!$E:$E,MATCH(E591,zips!$A:$A,0)),"")	=IF(OR(F591="",G591=""),"",100*SUMIFS(zips!$C:$C,zips!$B:$B,F591,zips!$E:$E,"<"&G591)/SUMIFS(zips!$C:$C,zips!$B:$B,F591,zips!$E:$E,">0"))	385.0292	8.4946	=IF(I591="","",ROUND(G591-I591,2))	=IF(J591="","",ROUND(H591-J591,2))
MRP Liberty	711 Salto Shipwreck Ln	CROSBY	TX	77532	=IFERROR(INDEX(zips!$B:$B,MATCH(E592,zips!$A:$A,0)),"")	=IFERROR(INDEX(zips!$E:$E,MATCH(E592,zips!$A:$A,0)),"")	=IF(OR(F592="",G592=""),"",100*SUMIFS(zips!$C:$C,zips!$B:$B,F592,zips!$E:$E,"<"&G592)/SUMIFS(zips!$C:$C,zips!$B:$B,F592,zips!$E:$E,">0"))	385.0292	8.4946	=IF(I592="","",ROUND(G592-I592,2))	=IF(J592="","",ROUND(H592-J592,2))
MRP Liberty	20211 White Dove Trl	CROSBY	TX	77532	=IFERROR(INDEX(zips!$B:$B,MATCH(E593,zips!$A:$A,0)),"")	=IFERROR(INDEX(zips!$E:$E,MATCH(E593,zips!$A:$A,0)),"")	=IF(OR(F593="",G593=""),"",100*SUMIFS(zips!$C:$C,zips!$B:$B,F593,zips!$E:$E,"<"&G593)/SUMIFS(zips!$C:$C,zips!$B:$B,F593,zips!$E:$E,">0"))	385.0292	8.4946	=IF(I593="","",ROUND(G593-I593,2))	=IF(J593="","",ROUND(H593-J593,2))
MRP Liberty	20078 Green Mallard St	CROSBY	TX	77532	=IFERROR(INDEX(zips!$B:$B,MATCH(E594,zips!$A:$A,0)),"")	=IFERROR(INDEX(zips!$E:$E,MATCH(E594,zips!$A:$A,0)),"")	=IF(OR(F594="",G594=""),"",100*SUMIFS(zips!$C:$C,zips!$B:$B,F594,zips!$E:$E,"<"&G594)/SUMIFS(zips!$C:$C,zips!$B:$B,F594,zips!$E:$E,">0"))	385.0292	8.4946	=IF(I594="","",ROUND(G594-I594,2))	=IF(J594="","",ROUND(H594-J594,2))
MRP Liberty	20074 Green Mallard St	CROSBY	TX	77532	=IFERROR(INDEX(zips!$B:$B,MATCH(E595,zips!$A:$A,0)),"")	=IFERROR(INDEX(zips!$E:$E,MATCH(E595,zips!$A:$A,0)),"")	=IF(OR(F595="",G595=""),"",100*SUMIFS(zips!$C:$C,zips!$B:$B,F595,zips!$E:$E,"<"&G595)/SUMIFS(zips!$C:$C,zips!$B:$B,F595,zips!$E:$E,">0"))	385.0292	8.4946	=IF(I595="","",ROUND(G595-I595,2))	=IF(J595="","",ROUND(H595-J595,2))
MRP Liberty	715 Salto Shipwreck Ln	CROSBY	TX	77532	=IFERROR(INDEX(zips!$B:$B,MATCH(E596,zips!$A:$A,0)),"")	=IFERROR(INDEX(zips!$E:$E,MATCH(E596,zips!$A:$A,0)),"")	=IF(OR(F596="",G596=""),"",100*SUMIFS(zips!$C:$C,zips!$B:$B,F596,zips!$E:$E,"<"&G596)/SUMIFS(zips!$C:$C,zips!$B:$B,F596,zips!$E:$E,">0"))	385.0292	8.4946	=IF(I596="","",ROUND(G596-I596,2))	=IF(J596="","",ROUND(H596-J596,2))
MRP Liberty	1534 Golden Iris Dr	CROSBY	TX	77532	=IFERROR(INDEX(zips!$B:$B,MATCH(E597,zips!$A:$A,0)),"")	=IFERROR(INDEX(zips!$E:$E,MATCH(E597,zips!$A:$A,0)),"")	=IF(OR(F597="",G597=""),"",100*SUMIFS(zips!$C:$C,zips!$B:$B,F597,zips!$E:$E,"<"&G597)/SUMIFS(zips!$C:$C,zips!$B:$B,F597,zips!$E:$E,">0"))	385.0292	8.4946	=IF(I597="","",ROUND(G597-I597,2))	=IF(J597="","",ROUND(H597-J597,2))
MRP Liberty	1539 Golden Iris Dr	CROSBY	TX	77532	=IFERROR(INDEX(zips!$B:$B,MATCH(E598,zips!$A:$A,0)),"")	=IFERROR(INDEX(zips!$E:$E,MATCH(E598,zips!$A:$A,0)),"")	=IF(OR(F598="",G598=""),"",100*SUMIFS(zips!$C:$C,zips!$B:$B,F598,zips!$E:$E,"<"&G598)/SUMIFS(zips!$C:$C,zips!$B:$B,F598,zips!$E:$E,">0"))	385.0292	8.4946	=IF(I598="","",ROUND(G598-I598,2))	=IF(J598="","",ROUND(H598-J598,2))
MRP Liberty	710 Salto Shipwreck Ln	CROSBY	TX	77532	=IFERROR(INDEX(zips!$B:$B,MATCH(E599,zips!$A:$A,0)),"")	=IFERROR(INDEX(zips!$E:$E,MATCH(E599,zips!$A:$A,0)),"")	=IF(OR(F599="",G599=""),"",100*SUMIFS(zips!$C:$C,zips!$B:$B,F599,zips!$E:$E,"<"&G599)/SUMIFS(zips!$C:$C,zips!$B:$B,F599,zips!$E:$E,">0"))	385.0292	8.4946	=IF(I599="","",ROUND(G599-I599,2))	=IF(J599="","",ROUND(H599-J599,2))
MRP Liberty	714 Salto Shipwreck Ln	CROSBY	TX	77532	=IFERROR(INDEX(zips!$B:$B,MATCH(E600,zips!$A:$A,0)),"")	=IFERROR(INDEX(zips!$E:$E,MATCH(E600,zips!$A:$A,0)),"")	=IF(OR(F600="",G600=""),"",100*SUMIFS(zips!$C:$C,zips!$B:$B,F600,zips!$E:$E,"<"&G600)/SUMIFS(zips!$C:$C,zips!$B:$B,F600,zips!$E:$E,">0"))	385.0292	8.4946	=IF(I600="","",ROUND(G600-I600,2))	=IF(J600="","",ROUND(H600-J600,2))
MRP Liberty	20103 White Dove Trl	CROSBY	TX	77532	=IFERROR(INDEX(zips!$B:$B,MATCH(E601,zips!$A:$A,0)),"")	=IFERROR(INDEX(zips!$E:$E,MATCH(E601,zips!$A:$A,0)),"")	=IF(OR(F601="",G601=""),"",100*SUMIFS(zips!$C:$C,zips!$B:$B,F601,zips!$E:$E,"<"&G601)/SUMIFS(zips!$C:$C,zips!$B:$B,F601,zips!$E:$E,">0"))	385.0292	8.4946	=IF(I601="","",ROUND(G601-I601,2))	=IF(J601="","",ROUND(H601-J601,2))
MRP Liberty	13042 Dianna Lee Dr	CROSBY	TX	77532	=IFERROR(INDEX(zips!$B:$B,MATCH(E602,zips!$A:$A,0)),"")	=IFERROR(INDEX(zips!$E:$E,MATCH(E602,zips!$A:$A,0)),"")	=IF(OR(F602="",G602=""),"",100*SUMIFS(zips!$C:$C,zips!$B:$B,F602,zips!$E:$E,"<"&G602)/SUMIFS(zips!$C:$C,zips!$B:$B,F602,zips!$E:$E,">0"))	385.0292	8.4946	=IF(I602="","",ROUND(G602-I602,2))	=IF(J602="","",ROUND(H602-J602,2))
MRP Liberty	1527 Chimney Springs Dr	CROSBY	TX	77532	=IFERROR(INDEX(zips!$B:$B,MATCH(E603,zips!$A:$A,0)),"")	=IFERROR(INDEX(zips!$E:$E,MATCH(E603,zips!$A:$A,0)),"")	=IF(OR(F603="",G603=""),"",100*SUMIFS(zips!$C:$C,zips!$B:$B,F603,zips!$E:$E,"<"&G603)/SUMIFS(zips!$C:$C,zips!$B:$B,F603,zips!$E:$E,">0"))	385.0292	8.4946	=IF(I603="","",ROUND(G603-I603,2))	=IF(J603="","",ROUND(H603-J603,2))
MRP Liberty	31308 Olivella Dr	HUFFMAN	TX	77336	=IFERROR(INDEX(zips!$B:$B,MATCH(E604,zips!$A:$A,0)),"")	=IFERROR(INDEX(zips!$E:$E,MATCH(E604,zips!$A:$A,0)),"")	=IF(OR(F604="",G604=""),"",100*SUMIFS(zips!$C:$C,zips!$B:$B,F604,zips!$E:$E,"<"&G604)/SUMIFS(zips!$C:$C,zips!$B:$B,F604,zips!$E:$E,">0"))	350.7837	8.0485	=IF(I604="","",ROUND(G604-I604,2))	=IF(J604="","",ROUND(H604-J604,2))
MRP Liberty	31320 Miggiano Ln	HUFFMAN	TX	77336	=IFERROR(INDEX(zips!$B:$B,MATCH(E605,zips!$A:$A,0)),"")	=IFERROR(INDEX(zips!$E:$E,MATCH(E605,zips!$A:$A,0)),"")	=IF(OR(F605="",G605=""),"",100*SUMIFS(zips!$C:$C,zips!$B:$B,F605,zips!$E:$E,"<"&G605)/SUMIFS(zips!$C:$C,zips!$B:$B,F605,zips!$E:$E,">0"))	350.7837	8.0485	=IF(I605="","",ROUND(G605-I605,2))	=IF(J605="","",ROUND(H605-J605,2))
MRP Liberty	31314 Olivella Dr	HUFFMAN	TX	77336	=IFERROR(INDEX(zips!$B:$B,MATCH(E606,zips!$A:$A,0)),"")	=IFERROR(INDEX(zips!$E:$E,MATCH(E606,zips!$A:$A,0)),"")	=IF(OR(F606="",G606=""),"",100*SUMIFS(zips!$C:$C,zips!$B:$B,F606,zips!$E:$E,"<"&G606)/SUMIFS(zips!$C:$C,zips!$B:$B,F606,zips!$E:$E,">0"))	350.7837	8.0485	=IF(I606="","",ROUND(G606-I606,2))	=IF(J606="","",ROUND(H606-J606,2))
MRP Liberty	722 Salto Shipwreck Ln	CROSBY	TX	77532	=IFERROR(INDEX(zips!$B:$B,MATCH(E607,zips!$A:$A,0)),"")	=IFERROR(INDEX(zips!$E:$E,MATCH(E607,zips!$A:$A,0)),"")	=IF(OR(F607="",G607=""),"",100*SUMIFS(zips!$C:$C,zips!$B:$B,F607,zips!$E:$E,"<"&G607)/SUMIFS(zips!$C:$C,zips!$B:$B,F607,zips!$E:$E,">0"))	385.0292	8.4946	=IF(I607="","",ROUND(G607-I607,2))	=IF(J607="","",ROUND(H607-J607,2))
MRP Liberty	20110 Green Mallard St	CROSBY	TX	77532	=IFERROR(INDEX(zips!$B:$B,MATCH(E608,zips!$A:$A,0)),"")	=IFERROR(INDEX(zips!$E:$E,MATCH(E608,zips!$A:$A,0)),"")	=IF(OR(F608="",G608=""),"",100*SUMIFS(zips!$C:$C,zips!$B:$B,F608,zips!$E:$E,"<"&G608)/SUMIFS(zips!$C:$C,zips!$B:$B,F608,zips!$E:$E,">0"))	385.0292	8.4946	=IF(I608="","",ROUND(G608-I608,2))	=IF(J608="","",ROUND(H608-J608,2))
MRP Liberty	718 Salto Shipwreck Ln	CROSBY	TX	77532	=IFERROR(INDEX(zips!$B:$B,MATCH(E609,zips!$A:$A,0)),"")	=IFERROR(INDEX(zips!$E:$E,MATCH(E609,zips!$A:$A,0)),"")	=IF(OR(F609="",G609=""),"",100*SUMIFS(zips!$C:$C,zips!$B:$B,F609,zips!$E:$E,"<"&G609)/SUMIFS(zips!$C:$C,zips!$B:$B,F609,zips!$E:$E,">0"))	385.0292	8.4946	=IF(I609="","",ROUND(G609-I609,2))	=IF(J609="","",ROUND(H609-J609,2))
MRP Liberty	20147 White Dove Trl	CROSBY	TX	77532	=IFERROR(INDEX(zips!$B:$B,MATCH(E610,zips!$A:$A,0)),"")	=IFERROR(INDEX(zips!$E:$E,MATCH(E610,zips!$A:$A,0)),"")	=IF(OR(F610="",G610=""),"",100*SUMIFS(zips!$C:$C,zips!$B:$B,F610,zips!$E:$E,"<"&G610)/SUMIFS(zips!$C:$C,zips!$B:$B,F610,zips!$E:$E,">0"))	385.0292	8.4946	=IF(I610="","",ROUND(G610-I610,2))	=IF(J610="","",ROUND(H610-J610,2))
MRP Liberty	20126 White Dove Trl	CROSBY	TX	77532	=IFERROR(INDEX(zips!$B:$B,MATCH(E611,zips!$A:$A,0)),"")	=IFERROR(INDEX(zips!$E:$E,MATCH(E611,zips!$A:$A,0)),"")	=IF(OR(F611="",G611=""),"",100*SUMIFS(zips!$C:$C,zips!$B:$B,F611,zips!$E:$E,"<"&G611)/SUMIFS(zips!$C:$C,zips!$B:$B,F611,zips!$E:$E,">0"))	385.0292	8.4946	=IF(I611="","",ROUND(G611-I611,2))	=IF(J611="","",ROUND(H611-J611,2))
MRP Liberty	20119 Green Mallard St	CROSBY	TX	77532	=IFERROR(INDEX(zips!$B:$B,MATCH(E612,zips!$A:$A,0)),"")	=IFERROR(INDEX(zips!$E:$E,MATCH(E612,zips!$A:$A,0)),"")	=IF(OR(F612="",G612=""),"",100*SUMIFS(zips!$C:$C,zips!$B:$B,F612,zips!$E:$E,"<"&G612)/SUMIFS(zips!$C:$C,zips!$B:$B,F612,zips!$E:$E,">0"))	385.0292	8.4946	=IF(I612="","",ROUND(G612-I612,2))	=IF(J612="","",ROUND(H612-J612,2))
MRP Liberty	16807 Spotted Oak Dr	HOCKLEY	TX	77447	=IFERROR(INDEX(zips!$B:$B,MATCH(E613,zips!$A:$A,0)),"")	=IFERROR(INDEX(zips!$E:$E,MATCH(E613,zips!$A:$A,0)),"")	=IF(OR(F613="",G613=""),"",100*SUMIFS(zips!$C:$C,zips!$B:$B,F613,zips!$E:$E,"<"&G613)/SUMIFS(zips!$C:$C,zips!$B:$B,F613,zips!$E:$E,">0"))	220.074	4.6222	=IF(I613="","",ROUND(G613-I613,2))	=IF(J613="","",ROUND(H613-J613,2))
MRP Liberty	21714 Willow River Canyon Ln	WALLER	TX	77484	=IFERROR(INDEX(zips!$B:$B,MATCH(E614,zips!$A:$A,0)),"")	=IFERROR(INDEX(zips!$E:$E,MATCH(E614,zips!$A:$A,0)),"")	=IF(OR(F614="",G614=""),"",100*SUMIFS(zips!$C:$C,zips!$B:$B,F614,zips!$E:$E,"<"&G614)/SUMIFS(zips!$C:$C,zips!$B:$B,F614,zips!$E:$E,">0"))	91.1648	1.7648	=IF(I614="","",ROUND(G614-I614,2))	=IF(J614="","",ROUND(H614-J614,2))
MRP Liberty	20126 Green Mallard St	CROSBY	TX	77532	=IFERROR(INDEX(zips!$B:$B,MATCH(E615,zips!$A:$A,0)),"")	=IFERROR(INDEX(zips!$E:$E,MATCH(E615,zips!$A:$A,0)),"")	=IF(OR(F615="",G615=""),"",100*SUMIFS(zips!$C:$C,zips!$B:$B,F615,zips!$E:$E,"<"&G615)/SUMIFS(zips!$C:$C,zips!$B:$B,F615,zips!$E:$E,">0"))	385.0292	8.4946	=IF(I615="","",ROUND(G615-I615,2))	=IF(J615="","",ROUND(H615-J615,2))
MRP Liberty	20103 Grizzle Trl	CROSBY	TX	77532	=IFERROR(INDEX(zips!$B:$B,MATCH(E616,zips!$A:$A,0)),"")	=IFERROR(INDEX(zips!$E:$E,MATCH(E616,zips!$A:$A,0)),"")	=IF(OR(F616="",G616=""),"",100*SUMIFS(zips!$C:$C,zips!$B:$B,F616,zips!$E:$E,"<"&G616)/SUMIFS(zips!$C:$C,zips!$B:$B,F616,zips!$E:$E,">0"))	385.0292	8.4946	=IF(I616="","",ROUND(G616-I616,2))	=IF(J616="","",ROUND(H616-J616,2))
MRP Liberty	16835 Spotted Oak Dr	HOCKLEY	TX	77447	=IFERROR(INDEX(zips!$B:$B,MATCH(E617,zips!$A:$A,0)),"")	=IFERROR(INDEX(zips!$E:$E,MATCH(E617,zips!$A:$A,0)),"")	=IF(OR(F617="",G617=""),"",100*SUMIFS(zips!$C:$C,zips!$B:$B,F617,zips!$E:$E,"<"&G617)/SUMIFS(zips!$C:$C,zips!$B:$B,F617,zips!$E:$E,">0"))	220.074	4.6222	=IF(I617="","",ROUND(G617-I617,2))	=IF(J617="","",ROUND(H617-J617,2))
MRP Liberty	21718 Willow River Canyon Ln	WALLER	TX	77484	=IFERROR(INDEX(zips!$B:$B,MATCH(E618,zips!$A:$A,0)),"")	=IFERROR(INDEX(zips!$E:$E,MATCH(E618,zips!$A:$A,0)),"")	=IF(OR(F618="",G618=""),"",100*SUMIFS(zips!$C:$C,zips!$B:$B,F618,zips!$E:$E,"<"&G618)/SUMIFS(zips!$C:$C,zips!$B:$B,F618,zips!$E:$E,">0"))	91.1648	1.7648	=IF(I618="","",ROUND(G618-I618,2))	=IF(J618="","",ROUND(H618-J618,2))
MRP Liberty	20134 White Dove Trl	CROSBY	TX	77532	=IFERROR(INDEX(zips!$B:$B,MATCH(E619,zips!$A:$A,0)),"")	=IFERROR(INDEX(zips!$E:$E,MATCH(E619,zips!$A:$A,0)),"")	=IF(OR(F619="",G619=""),"",100*SUMIFS(zips!$C:$C,zips!$B:$B,F619,zips!$E:$E,"<"&G619)/SUMIFS(zips!$C:$C,zips!$B:$B,F619,zips!$E:$E,">0"))	385.0292	8.4946	=IF(I619="","",ROUND(G619-I619,2))	=IF(J619="","",ROUND(H619-J619,2))
MRP Liberty	10411 Rocky Trail	Beasley	TX	77417	=IFERROR(INDEX(zips!$B:$B,MATCH(E620,zips!$A:$A,0)),"")	=IFERROR(INDEX(zips!$E:$E,MATCH(E620,zips!$A:$A,0)),"")	=IF(OR(F620="",G620=""),"",100*SUMIFS(zips!$C:$C,zips!$B:$B,F620,zips!$E:$E,"<"&G620)/SUMIFS(zips!$C:$C,zips!$B:$B,F620,zips!$E:$E,">0"))	59.2245	0.539	=IF(I620="","",ROUND(G620-I620,2))	=IF(J620="","",ROUND(H620-J620,2))
MRP Liberty	25604 Rose Creek Dr	CLEVELAND	TX	77328	=IFERROR(INDEX(zips!$B:$B,MATCH(E621,zips!$A:$A,0)),"")	=IFERROR(INDEX(zips!$E:$E,MATCH(E621,zips!$A:$A,0)),"")	=IF(OR(F621="",G621=""),"",100*SUMIFS(zips!$C:$C,zips!$B:$B,F621,zips!$E:$E,"<"&G621)/SUMIFS(zips!$C:$C,zips!$B:$B,F621,zips!$E:$E,">0"))	98.6031	1.955	=IF(I621="","",ROUND(G621-I621,2))	=IF(J621="","",ROUND(H621-J621,2))
MRP Liberty	25584 Rose Creek Dr	CLEVELAND	TX	77328	=IFERROR(INDEX(zips!$B:$B,MATCH(E622,zips!$A:$A,0)),"")	=IFERROR(INDEX(zips!$E:$E,MATCH(E622,zips!$A:$A,0)),"")	=IF(OR(F622="",G622=""),"",100*SUMIFS(zips!$C:$C,zips!$B:$B,F622,zips!$E:$E,"<"&G622)/SUMIFS(zips!$C:$C,zips!$B:$B,F622,zips!$E:$E,">0"))	98.6031	1.955	=IF(I622="","",ROUND(G622-I622,2))	=IF(J622="","",ROUND(H622-J622,2))
MRP Liberty	25572 Rose Creek Dr	CLEVELAND	TX	77328	=IFERROR(INDEX(zips!$B:$B,MATCH(E623,zips!$A:$A,0)),"")	=IFERROR(INDEX(zips!$E:$E,MATCH(E623,zips!$A:$A,0)),"")	=IF(OR(F623="",G623=""),"",100*SUMIFS(zips!$C:$C,zips!$B:$B,F623,zips!$E:$E,"<"&G623)/SUMIFS(zips!$C:$C,zips!$B:$B,F623,zips!$E:$E,">0"))	98.6031	1.955	=IF(I623="","",ROUND(G623-I623,2))	=IF(J623="","",ROUND(H623-J623,2))
MRP Liberty	25564 Rose Creek Dr	CLEVELAND	TX	77328	=IFERROR(INDEX(zips!$B:$B,MATCH(E624,zips!$A:$A,0)),"")	=IFERROR(INDEX(zips!$E:$E,MATCH(E624,zips!$A:$A,0)),"")	=IF(OR(F624="",G624=""),"",100*SUMIFS(zips!$C:$C,zips!$B:$B,F624,zips!$E:$E,"<"&G624)/SUMIFS(zips!$C:$C,zips!$B:$B,F624,zips!$E:$E,">0"))	98.6031	1.955	=IF(I624="","",ROUND(G624-I624,2))	=IF(J624="","",ROUND(H624-J624,2))
MRP Liberty	25556 Rose Creek Dr	CLEVELAND	TX	77328	=IFERROR(INDEX(zips!$B:$B,MATCH(E625,zips!$A:$A,0)),"")	=IFERROR(INDEX(zips!$E:$E,MATCH(E625,zips!$A:$A,0)),"")	=IF(OR(F625="",G625=""),"",100*SUMIFS(zips!$C:$C,zips!$B:$B,F625,zips!$E:$E,"<"&G625)/SUMIFS(zips!$C:$C,zips!$B:$B,F625,zips!$E:$E,">0"))	98.6031	1.955	=IF(I625="","",ROUND(G625-I625,2))	=IF(J625="","",ROUND(H625-J625,2))
MRP Liberty	25548 Rose Creek Dr	CLEVELAND	TX	77328	=IFERROR(INDEX(zips!$B:$B,MATCH(E626,zips!$A:$A,0)),"")	=IFERROR(INDEX(zips!$E:$E,MATCH(E626,zips!$A:$A,0)),"")	=IF(OR(F626="",G626=""),"",100*SUMIFS(zips!$C:$C,zips!$B:$B,F626,zips!$E:$E,"<"&G626)/SUMIFS(zips!$C:$C,zips!$B:$B,F626,zips!$E:$E,">0"))	98.6031	1.955	=IF(I626="","",ROUND(G626-I626,2))	=IF(J626="","",ROUND(H626-J626,2))
MRP Liberty	25536 Rose Creek Dr	CLEVELAND	TX	77328	=IFERROR(INDEX(zips!$B:$B,MATCH(E627,zips!$A:$A,0)),"")	=IFERROR(INDEX(zips!$E:$E,MATCH(E627,zips!$A:$A,0)),"")	=IF(OR(F627="",G627=""),"",100*SUMIFS(zips!$C:$C,zips!$B:$B,F627,zips!$E:$E,"<"&G627)/SUMIFS(zips!$C:$C,zips!$B:$B,F627,zips!$E:$E,">0"))	98.6031	1.955	=IF(I627="","",ROUND(G627-I627,2))	=IF(J627="","",ROUND(H627-J627,2))
MRP Liberty	25573 Rose Creek Dr	CLEVELAND	TX	77328	=IFERROR(INDEX(zips!$B:$B,MATCH(E628,zips!$A:$A,0)),"")	=IFERROR(INDEX(zips!$E:$E,MATCH(E628,zips!$A:$A,0)),"")	=IF(OR(F628="",G628=""),"",100*SUMIFS(zips!$C:$C,zips!$B:$B,F628,zips!$E:$E,"<"&G628)/SUMIFS(zips!$C:$C,zips!$B:$B,F628,zips!$E:$E,">0"))	98.6031	1.955	=IF(I628="","",ROUND(G628-I628,2))	=IF(J628="","",ROUND(H628-J628,2))
MRP Liberty	25561 Rose Creek Dr	CLEVELAND	TX	77328	=IFERROR(INDEX(zips!$B:$B,MATCH(E629,zips!$A:$A,0)),"")	=IFERROR(INDEX(zips!$E:$E,MATCH(E629,zips!$A:$A,0)),"")	=IF(OR(F629="",G629=""),"",100*SUMIFS(zips!$C:$C,zips!$B:$B,F629,zips!$E:$E,"<"&G629)/SUMIFS(zips!$C:$C,zips!$B:$B,F629,zips!$E:$E,">0"))	98.6031	1.955	=IF(I629="","",ROUND(G629-I629,2))	=IF(J629="","",ROUND(H629-J629,2))
MRP Liberty	25553 Rose Creek Dr	CLEVELAND	TX	77328	=IFERROR(INDEX(zips!$B:$B,MATCH(E630,zips!$A:$A,0)),"")	=IFERROR(INDEX(zips!$E:$E,MATCH(E630,zips!$A:$A,0)),"")	=IF(OR(F630="",G630=""),"",100*SUMIFS(zips!$C:$C,zips!$B:$B,F630,zips!$E:$E,"<"&G630)/SUMIFS(zips!$C:$C,zips!$B:$B,F630,zips!$E:$E,">0"))	98.6031	1.955	=IF(I630="","",ROUND(G630-I630,2))	=IF(J630="","",ROUND(H630-J630,2))
MRP Liberty	25545 Rose Creek Dr	CLEVELAND	TX	77328	=IFERROR(INDEX(zips!$B:$B,MATCH(E631,zips!$A:$A,0)),"")	=IFERROR(INDEX(zips!$E:$E,MATCH(E631,zips!$A:$A,0)),"")	=IF(OR(F631="",G631=""),"",100*SUMIFS(zips!$C:$C,zips!$B:$B,F631,zips!$E:$E,"<"&G631)/SUMIFS(zips!$C:$C,zips!$B:$B,F631,zips!$E:$E,">0"))	98.6031	1.955	=IF(I631="","",ROUND(G631-I631,2))	=IF(J631="","",ROUND(H631-J631,2))
MRP Liberty	25537 Rose Creek Dr	CLEVELAND	TX	77328	=IFERROR(INDEX(zips!$B:$B,MATCH(E632,zips!$A:$A,0)),"")	=IFERROR(INDEX(zips!$E:$E,MATCH(E632,zips!$A:$A,0)),"")	=IF(OR(F632="",G632=""),"",100*SUMIFS(zips!$C:$C,zips!$B:$B,F632,zips!$E:$E,"<"&G632)/SUMIFS(zips!$C:$C,zips!$B:$B,F632,zips!$E:$E,">0"))	98.6031	1.955	=IF(I632="","",ROUND(G632-I632,2))	=IF(J632="","",ROUND(H632-J632,2))
MRP Liberty	25972 Liberation Rd	CLEVELAND	TX	77328	=IFERROR(INDEX(zips!$B:$B,MATCH(E633,zips!$A:$A,0)),"")	=IFERROR(INDEX(zips!$E:$E,MATCH(E633,zips!$A:$A,0)),"")	=IF(OR(F633="",G633=""),"",100*SUMIFS(zips!$C:$C,zips!$B:$B,F633,zips!$E:$E,"<"&G633)/SUMIFS(zips!$C:$C,zips!$B:$B,F633,zips!$E:$E,">0"))	98.6031	1.955	=IF(I633="","",ROUND(G633-I633,2))	=IF(J633="","",ROUND(H633-J633,2))
MRP Liberty	226 Farray Forest Ln	MAGNOLIA	TX	77354	=IFERROR(INDEX(zips!$B:$B,MATCH(E634,zips!$A:$A,0)),"")	=IFERROR(INDEX(zips!$E:$E,MATCH(E634,zips!$A:$A,0)),"")	=IF(OR(F634="",G634=""),"",100*SUMIFS(zips!$C:$C,zips!$B:$B,F634,zips!$E:$E,"<"&G634)/SUMIFS(zips!$C:$C,zips!$B:$B,F634,zips!$E:$E,">0"))	545.446	11.1106	=IF(I634="","",ROUND(G634-I634,2))	=IF(J634="","",ROUND(H634-J634,2))
MRP Liberty	18670 Barrichello Dr	CONROE	TX	77306	=IFERROR(INDEX(zips!$B:$B,MATCH(E635,zips!$A:$A,0)),"")	=IFERROR(INDEX(zips!$E:$E,MATCH(E635,zips!$A:$A,0)),"")	=IF(OR(F635="",G635=""),"",100*SUMIFS(zips!$C:$C,zips!$B:$B,F635,zips!$E:$E,"<"&G635)/SUMIFS(zips!$C:$C,zips!$B:$B,F635,zips!$E:$E,">0"))	430.7029	8.9335	=IF(I635="","",ROUND(G635-I635,2))	=IF(J635="","",ROUND(H635-J635,2))
MRP Liberty	18676 Barrichello Dr	CONROE	TX	77306	=IFERROR(INDEX(zips!$B:$B,MATCH(E636,zips!$A:$A,0)),"")	=IFERROR(INDEX(zips!$E:$E,MATCH(E636,zips!$A:$A,0)),"")	=IF(OR(F636="",G636=""),"",100*SUMIFS(zips!$C:$C,zips!$B:$B,F636,zips!$E:$E,"<"&G636)/SUMIFS(zips!$C:$C,zips!$B:$B,F636,zips!$E:$E,">0"))	430.7029	8.9335	=IF(I636="","",ROUND(G636-I636,2))	=IF(J636="","",ROUND(H636-J636,2))
MRP Liberty	18816 Loom Dr	CONROE	TX	77306	=IFERROR(INDEX(zips!$B:$B,MATCH(E637,zips!$A:$A,0)),"")	=IFERROR(INDEX(zips!$E:$E,MATCH(E637,zips!$A:$A,0)),"")	=IF(OR(F637="",G637=""),"",100*SUMIFS(zips!$C:$C,zips!$B:$B,F637,zips!$E:$E,"<"&G637)/SUMIFS(zips!$C:$C,zips!$B:$B,F637,zips!$E:$E,">0"))	430.7029	8.9335	=IF(I637="","",ROUND(G637-I637,2))	=IF(J637="","",ROUND(H637-J637,2))
MRP Liberty	6221 Alder Creek Dr	MONTGOMERY	TX	77316	=IFERROR(INDEX(zips!$B:$B,MATCH(E638,zips!$A:$A,0)),"")	=IFERROR(INDEX(zips!$E:$E,MATCH(E638,zips!$A:$A,0)),"")	=IF(OR(F638="",G638=""),"",100*SUMIFS(zips!$C:$C,zips!$B:$B,F638,zips!$E:$E,"<"&G638)/SUMIFS(zips!$C:$C,zips!$B:$B,F638,zips!$E:$E,">0"))	247.5357	5.5069	=IF(I638="","",ROUND(G638-I638,2))	=IF(J638="","",ROUND(H638-J638,2))
MRP Liberty	13331 Wind Field Dr	MONTGOMERY	TX	77316	=IFERROR(INDEX(zips!$B:$B,MATCH(E639,zips!$A:$A,0)),"")	=IFERROR(INDEX(zips!$E:$E,MATCH(E639,zips!$A:$A,0)),"")	=IF(OR(F639="",G639=""),"",100*SUMIFS(zips!$C:$C,zips!$B:$B,F639,zips!$E:$E,"<"&G639)/SUMIFS(zips!$C:$C,zips!$B:$B,F639,zips!$E:$E,">0"))	247.5357	5.5069	=IF(I639="","",ROUND(G639-I639,2))	=IF(J639="","",ROUND(H639-J639,2))
MRP Liberty	13327 Wind Field Dr	MONTGOMERY	TX	77316	=IFERROR(INDEX(zips!$B:$B,MATCH(E640,zips!$A:$A,0)),"")	=IFERROR(INDEX(zips!$E:$E,MATCH(E640,zips!$A:$A,0)),"")	=IF(OR(F640="",G640=""),"",100*SUMIFS(zips!$C:$C,zips!$B:$B,F640,zips!$E:$E,"<"&G640)/SUMIFS(zips!$C:$C,zips!$B:$B,F640,zips!$E:$E,">0"))	247.5357	5.5069	=IF(I640="","",ROUND(G640-I640,2))	=IF(J640="","",ROUND(H640-J640,2))
MRP Liberty	11935 Noble Wood Village Dr	MAGNOLIA	TX	77354	=IFERROR(INDEX(zips!$B:$B,MATCH(E641,zips!$A:$A,0)),"")	=IFERROR(INDEX(zips!$E:$E,MATCH(E641,zips!$A:$A,0)),"")	=IF(OR(F641="",G641=""),"",100*SUMIFS(zips!$C:$C,zips!$B:$B,F641,zips!$E:$E,"<"&G641)/SUMIFS(zips!$C:$C,zips!$B:$B,F641,zips!$E:$E,">0"))	545.446	11.1106	=IF(I641="","",ROUND(G641-I641,2))	=IF(J641="","",ROUND(H641-J641,2))
MRP Liberty	11954 Noble Wood Village Dr	MAGNOLIA	TX	77354	=IFERROR(INDEX(zips!$B:$B,MATCH(E642,zips!$A:$A,0)),"")	=IFERROR(INDEX(zips!$E:$E,MATCH(E642,zips!$A:$A,0)),"")	=IF(OR(F642="",G642=""),"",100*SUMIFS(zips!$C:$C,zips!$B:$B,F642,zips!$E:$E,"<"&G642)/SUMIFS(zips!$C:$C,zips!$B:$B,F642,zips!$E:$E,">0"))	545.446	11.1106	=IF(I642="","",ROUND(G642-I642,2))	=IF(J642="","",ROUND(H642-J642,2))
MRP Liberty	16250 Bergara Bend Dr	NEW CANEY	TX	77357	=IFERROR(INDEX(zips!$B:$B,MATCH(E643,zips!$A:$A,0)),"")	=IFERROR(INDEX(zips!$E:$E,MATCH(E643,zips!$A:$A,0)),"")	=IF(OR(F643="",G643=""),"",100*SUMIFS(zips!$C:$C,zips!$B:$B,F643,zips!$E:$E,"<"&G643)/SUMIFS(zips!$C:$C,zips!$B:$B,F643,zips!$E:$E,">0"))	518.1123	10.3566	=IF(I643="","",ROUND(G643-I643,2))	=IF(J643="","",ROUND(H643-J643,2))
MRP Liberty	16241 Bergara Bend Rd	NEW CANEY	TX	77357	=IFERROR(INDEX(zips!$B:$B,MATCH(E644,zips!$A:$A,0)),"")	=IFERROR(INDEX(zips!$E:$E,MATCH(E644,zips!$A:$A,0)),"")	=IF(OR(F644="",G644=""),"",100*SUMIFS(zips!$C:$C,zips!$B:$B,F644,zips!$E:$E,"<"&G644)/SUMIFS(zips!$C:$C,zips!$B:$B,F644,zips!$E:$E,">0"))	518.1123	10.3566	=IF(I644="","",ROUND(G644-I644,2))	=IF(J644="","",ROUND(H644-J644,2))
MRP Liberty	5974 Mercer St	CONROE	TX	77303	=IFERROR(INDEX(zips!$B:$B,MATCH(E645,zips!$A:$A,0)),"")	=IFERROR(INDEX(zips!$E:$E,MATCH(E645,zips!$A:$A,0)),"")	=IF(OR(F645="",G645=""),"",100*SUMIFS(zips!$C:$C,zips!$B:$B,F645,zips!$E:$E,"<"&G645)/SUMIFS(zips!$C:$C,zips!$B:$B,F645,zips!$E:$E,">0"))	432.0935	9.1779	=IF(I645="","",ROUND(G645-I645,2))	=IF(J645="","",ROUND(H645-J645,2))
MRP Liberty	5970 Mercer St	CONROE	TX	77303	=IFERROR(INDEX(zips!$B:$B,MATCH(E646,zips!$A:$A,0)),"")	=IFERROR(INDEX(zips!$E:$E,MATCH(E646,zips!$A:$A,0)),"")	=IF(OR(F646="",G646=""),"",100*SUMIFS(zips!$C:$C,zips!$B:$B,F646,zips!$E:$E,"<"&G646)/SUMIFS(zips!$C:$C,zips!$B:$B,F646,zips!$E:$E,">0"))	432.0935	9.1779	=IF(I646="","",ROUND(G646-I646,2))	=IF(J646="","",ROUND(H646-J646,2))
MRP Liberty	5966 Mercer St	CONROE	TX	77303	=IFERROR(INDEX(zips!$B:$B,MATCH(E647,zips!$A:$A,0)),"")	=IFERROR(INDEX(zips!$E:$E,MATCH(E647,zips!$A:$A,0)),"")	=IF(OR(F647="",G647=""),"",100*SUMIFS(zips!$C:$C,zips!$B:$B,F647,zips!$E:$E,"<"&G647)/SUMIFS(zips!$C:$C,zips!$B:$B,F647,zips!$E:$E,">0"))	432.0935	9.1779	=IF(I647="","",ROUND(G647-I647,2))	=IF(J647="","",ROUND(H647-J647,2))
MRP Liberty	5999 Mercer St	CONROE	TX	77303	=IFERROR(INDEX(zips!$B:$B,MATCH(E648,zips!$A:$A,0)),"")	=IFERROR(INDEX(zips!$E:$E,MATCH(E648,zips!$A:$A,0)),"")	=IF(OR(F648="",G648=""),"",100*SUMIFS(zips!$C:$C,zips!$B:$B,F648,zips!$E:$E,"<"&G648)/SUMIFS(zips!$C:$C,zips!$B:$B,F648,zips!$E:$E,">0"))	432.0935	9.1779	=IF(I648="","",ROUND(G648-I648,2))	=IF(J648="","",ROUND(H648-J648,2))
MRP Liberty	5635 Shelford Birch Dr	CONROE	TX	77303	=IFERROR(INDEX(zips!$B:$B,MATCH(E649,zips!$A:$A,0)),"")	=IFERROR(INDEX(zips!$E:$E,MATCH(E649,zips!$A:$A,0)),"")	=IF(OR(F649="",G649=""),"",100*SUMIFS(zips!$C:$C,zips!$B:$B,F649,zips!$E:$E,"<"&G649)/SUMIFS(zips!$C:$C,zips!$B:$B,F649,zips!$E:$E,">0"))	432.0935	9.1779	=IF(I649="","",ROUND(G649-I649,2))	=IF(J649="","",ROUND(H649-J649,2))
MRP Liberty	433 Acorn Rd	Princeton	TX	75407	=IFERROR(INDEX(zips!$B:$B,MATCH(E650,zips!$A:$A,0)),"")	=IFERROR(INDEX(zips!$E:$E,MATCH(E650,zips!$A:$A,0)),"")	=IF(OR(F650="",G650=""),"",100*SUMIFS(zips!$C:$C,zips!$B:$B,F650,zips!$E:$E,"<"&G650)/SUMIFS(zips!$C:$C,zips!$B:$B,F650,zips!$E:$E,">0"))	579.3036	12.5997	=IF(I650="","",ROUND(G650-I650,2))	=IF(J650="","",ROUND(H650-J650,2))
MRP Liberty	429 Acorn Rd	Princeton	TX	75407	=IFERROR(INDEX(zips!$B:$B,MATCH(E651,zips!$A:$A,0)),"")	=IFERROR(INDEX(zips!$E:$E,MATCH(E651,zips!$A:$A,0)),"")	=IF(OR(F651="",G651=""),"",100*SUMIFS(zips!$C:$C,zips!$B:$B,F651,zips!$E:$E,"<"&G651)/SUMIFS(zips!$C:$C,zips!$B:$B,F651,zips!$E:$E,">0"))	579.3036	12.5997	=IF(I651="","",ROUND(G651-I651,2))	=IF(J651="","",ROUND(H651-J651,2))
MRP Liberty	417 Acorn Rd	Princeton	TX	75407	=IFERROR(INDEX(zips!$B:$B,MATCH(E652,zips!$A:$A,0)),"")	=IFERROR(INDEX(zips!$E:$E,MATCH(E652,zips!$A:$A,0)),"")	=IF(OR(F652="",G652=""),"",100*SUMIFS(zips!$C:$C,zips!$B:$B,F652,zips!$E:$E,"<"&G652)/SUMIFS(zips!$C:$C,zips!$B:$B,F652,zips!$E:$E,">0"))	579.3036	12.5997	=IF(I652="","",ROUND(G652-I652,2))	=IF(J652="","",ROUND(H652-J652,2))
MRP Liberty	413 Acorn Rd	Princeton	TX	75407	=IFERROR(INDEX(zips!$B:$B,MATCH(E653,zips!$A:$A,0)),"")	=IFERROR(INDEX(zips!$E:$E,MATCH(E653,zips!$A:$A,0)),"")	=IF(OR(F653="",G653=""),"",100*SUMIFS(zips!$C:$C,zips!$B:$B,F653,zips!$E:$E,"<"&G653)/SUMIFS(zips!$C:$C,zips!$B:$B,F653,zips!$E:$E,">0"))	579.3036	12.5997	=IF(I653="","",ROUND(G653-I653,2))	=IF(J653="","",ROUND(H653-J653,2))
MRP Liberty	323 Acorn Rd	Princeton	TX	75407	=IFERROR(INDEX(zips!$B:$B,MATCH(E654,zips!$A:$A,0)),"")	=IFERROR(INDEX(zips!$E:$E,MATCH(E654,zips!$A:$A,0)),"")	=IF(OR(F654="",G654=""),"",100*SUMIFS(zips!$C:$C,zips!$B:$B,F654,zips!$E:$E,"<"&G654)/SUMIFS(zips!$C:$C,zips!$B:$B,F654,zips!$E:$E,">0"))	579.3036	12.5997	=IF(I654="","",ROUND(G654-I654,2))	=IF(J654="","",ROUND(H654-J654,2))
MRP Liberty	319 Acorn Rd	Princeton	TX	75407	=IFERROR(INDEX(zips!$B:$B,MATCH(E655,zips!$A:$A,0)),"")	=IFERROR(INDEX(zips!$E:$E,MATCH(E655,zips!$A:$A,0)),"")	=IF(OR(F655="",G655=""),"",100*SUMIFS(zips!$C:$C,zips!$B:$B,F655,zips!$E:$E,"<"&G655)/SUMIFS(zips!$C:$C,zips!$B:$B,F655,zips!$E:$E,">0"))	579.3036	12.5997	=IF(I655="","",ROUND(G655-I655,2))	=IF(J655="","",ROUND(H655-J655,2))
MRP Liberty	4961 Praline Dr	Princeton	TX	75407	=IFERROR(INDEX(zips!$B:$B,MATCH(E656,zips!$A:$A,0)),"")	=IFERROR(INDEX(zips!$E:$E,MATCH(E656,zips!$A:$A,0)),"")	=IF(OR(F656="",G656=""),"",100*SUMIFS(zips!$C:$C,zips!$B:$B,F656,zips!$E:$E,"<"&G656)/SUMIFS(zips!$C:$C,zips!$B:$B,F656,zips!$E:$E,">0"))	579.3036	12.5997	=IF(I656="","",ROUND(G656-I656,2))	=IF(J656="","",ROUND(H656-J656,2))
MRP Liberty	4949 Praline Dr	Princeton	TX	75407	=IFERROR(INDEX(zips!$B:$B,MATCH(E657,zips!$A:$A,0)),"")	=IFERROR(INDEX(zips!$E:$E,MATCH(E657,zips!$A:$A,0)),"")	=IF(OR(F657="",G657=""),"",100*SUMIFS(zips!$C:$C,zips!$B:$B,F657,zips!$E:$E,"<"&G657)/SUMIFS(zips!$C:$C,zips!$B:$B,F657,zips!$E:$E,">0"))	579.3036	12.5997	=IF(I657="","",ROUND(G657-I657,2))	=IF(J657="","",ROUND(H657-J657,2))
MRP Liberty	4945 Praline Dr	Princeton	TX	75407	=IFERROR(INDEX(zips!$B:$B,MATCH(E658,zips!$A:$A,0)),"")	=IFERROR(INDEX(zips!$E:$E,MATCH(E658,zips!$A:$A,0)),"")	=IF(OR(F658="",G658=""),"",100*SUMIFS(zips!$C:$C,zips!$B:$B,F658,zips!$E:$E,"<"&G658)/SUMIFS(zips!$C:$C,zips!$B:$B,F658,zips!$E:$E,">0"))	579.3036	12.5997	=IF(I658="","",ROUND(G658-I658,2))	=IF(J658="","",ROUND(H658-J658,2))
MRP Liberty	4933 Praline Dr	Princeton	TX	75407	=IFERROR(INDEX(zips!$B:$B,MATCH(E659,zips!$A:$A,0)),"")	=IFERROR(INDEX(zips!$E:$E,MATCH(E659,zips!$A:$A,0)),"")	=IF(OR(F659="",G659=""),"",100*SUMIFS(zips!$C:$C,zips!$B:$B,F659,zips!$E:$E,"<"&G659)/SUMIFS(zips!$C:$C,zips!$B:$B,F659,zips!$E:$E,">0"))	579.3036	12.5997	=IF(I659="","",ROUND(G659-I659,2))	=IF(J659="","",ROUND(H659-J659,2))
MRP Liberty	4929 Praline Dr	Princeton	TX	75407	=IFERROR(INDEX(zips!$B:$B,MATCH(E660,zips!$A:$A,0)),"")	=IFERROR(INDEX(zips!$E:$E,MATCH(E660,zips!$A:$A,0)),"")	=IF(OR(F660="",G660=""),"",100*SUMIFS(zips!$C:$C,zips!$B:$B,F660,zips!$E:$E,"<"&G660)/SUMIFS(zips!$C:$C,zips!$B:$B,F660,zips!$E:$E,">0"))	579.3036	12.5997	=IF(I660="","",ROUND(G660-I660,2))	=IF(J660="","",ROUND(H660-J660,2))
MRP Liberty	4925 Praline Dr	Princeton	TX	75407	=IFERROR(INDEX(zips!$B:$B,MATCH(E661,zips!$A:$A,0)),"")	=IFERROR(INDEX(zips!$E:$E,MATCH(E661,zips!$A:$A,0)),"")	=IF(OR(F661="",G661=""),"",100*SUMIFS(zips!$C:$C,zips!$B:$B,F661,zips!$E:$E,"<"&G661)/SUMIFS(zips!$C:$C,zips!$B:$B,F661,zips!$E:$E,">0"))	579.3036	12.5997	=IF(I661="","",ROUND(G661-I661,2))	=IF(J661="","",ROUND(H661-J661,2))
MRP Liberty	4917 Praline Dr	Princeton	TX	75407	=IFERROR(INDEX(zips!$B:$B,MATCH(E662,zips!$A:$A,0)),"")	=IFERROR(INDEX(zips!$E:$E,MATCH(E662,zips!$A:$A,0)),"")	=IF(OR(F662="",G662=""),"",100*SUMIFS(zips!$C:$C,zips!$B:$B,F662,zips!$E:$E,"<"&G662)/SUMIFS(zips!$C:$C,zips!$B:$B,F662,zips!$E:$E,">0"))	579.3036	12.5997	=IF(I662="","",ROUND(G662-I662,2))	=IF(J662="","",ROUND(H662-J662,2))
MRP Liberty	4913 Praline Dr	Princeton	TX	75407	=IFERROR(INDEX(zips!$B:$B,MATCH(E663,zips!$A:$A,0)),"")	=IFERROR(INDEX(zips!$E:$E,MATCH(E663,zips!$A:$A,0)),"")	=IF(OR(F663="",G663=""),"",100*SUMIFS(zips!$C:$C,zips!$B:$B,F663,zips!$E:$E,"<"&G663)/SUMIFS(zips!$C:$C,zips!$B:$B,F663,zips!$E:$E,">0"))	579.3036	12.5997	=IF(I663="","",ROUND(G663-I663,2))	=IF(J663="","",ROUND(H663-J663,2))
MRP Liberty	2850 Daybreak Blvd	Princeton	TX	75407	=IFERROR(INDEX(zips!$B:$B,MATCH(E664,zips!$A:$A,0)),"")	=IFERROR(INDEX(zips!$E:$E,MATCH(E664,zips!$A:$A,0)),"")	=IF(OR(F664="",G664=""),"",100*SUMIFS(zips!$C:$C,zips!$B:$B,F664,zips!$E:$E,"<"&G664)/SUMIFS(zips!$C:$C,zips!$B:$B,F664,zips!$E:$E,">0"))	579.3036	12.5997	=IF(I664="","",ROUND(G664-I664,2))	=IF(J664="","",ROUND(H664-J664,2))
MRP Liberty	2851 Evensong Dr	Princeton	TX	75407	=IFERROR(INDEX(zips!$B:$B,MATCH(E665,zips!$A:$A,0)),"")	=IFERROR(INDEX(zips!$E:$E,MATCH(E665,zips!$A:$A,0)),"")	=IF(OR(F665="",G665=""),"",100*SUMIFS(zips!$C:$C,zips!$B:$B,F665,zips!$E:$E,"<"&G665)/SUMIFS(zips!$C:$C,zips!$B:$B,F665,zips!$E:$E,">0"))	579.3036	12.5997	=IF(I665="","",ROUND(G665-I665,2))	=IF(J665="","",ROUND(H665-J665,2))
MRP Liberty	1009 Emory Way	Princeton	TX	75407	=IFERROR(INDEX(zips!$B:$B,MATCH(E666,zips!$A:$A,0)),"")	=IFERROR(INDEX(zips!$E:$E,MATCH(E666,zips!$A:$A,0)),"")	=IF(OR(F666="",G666=""),"",100*SUMIFS(zips!$C:$C,zips!$B:$B,F666,zips!$E:$E,"<"&G666)/SUMIFS(zips!$C:$C,zips!$B:$B,F666,zips!$E:$E,">0"))	579.3036	12.5997	=IF(I666="","",ROUND(G666-I666,2))	=IF(J666="","",ROUND(H666-J666,2))
MRP Liberty	5334 Cinnamon Ln	Princeton	TX	75407	=IFERROR(INDEX(zips!$B:$B,MATCH(E667,zips!$A:$A,0)),"")	=IFERROR(INDEX(zips!$E:$E,MATCH(E667,zips!$A:$A,0)),"")	=IF(OR(F667="",G667=""),"",100*SUMIFS(zips!$C:$C,zips!$B:$B,F667,zips!$E:$E,"<"&G667)/SUMIFS(zips!$C:$C,zips!$B:$B,F667,zips!$E:$E,">0"))	579.3036	12.5997	=IF(I667="","",ROUND(G667-I667,2))	=IF(J667="","",ROUND(H667-J667,2))
MRP Liberty	629 Caraway Trl	Princeton	TX	75407	=IFERROR(INDEX(zips!$B:$B,MATCH(E668,zips!$A:$A,0)),"")	=IFERROR(INDEX(zips!$E:$E,MATCH(E668,zips!$A:$A,0)),"")	=IF(OR(F668="",G668=""),"",100*SUMIFS(zips!$C:$C,zips!$B:$B,F668,zips!$E:$E,"<"&G668)/SUMIFS(zips!$C:$C,zips!$B:$B,F668,zips!$E:$E,">0"))	579.3036	12.5997	=IF(I668="","",ROUND(G668-I668,2))	=IF(J668="","",ROUND(H668-J668,2))
MRP Liberty	621 Caraway Trl	Princeton	TX	75407	=IFERROR(INDEX(zips!$B:$B,MATCH(E669,zips!$A:$A,0)),"")	=IFERROR(INDEX(zips!$E:$E,MATCH(E669,zips!$A:$A,0)),"")	=IF(OR(F669="",G669=""),"",100*SUMIFS(zips!$C:$C,zips!$B:$B,F669,zips!$E:$E,"<"&G669)/SUMIFS(zips!$C:$C,zips!$B:$B,F669,zips!$E:$E,">0"))	579.3036	12.5997	=IF(I669="","",ROUND(G669-I669,2))	=IF(J669="","",ROUND(H669-J669,2))
MRP Liberty	1103 Bunting Meadow Rd	Princeton	TX	75407	=IFERROR(INDEX(zips!$B:$B,MATCH(E670,zips!$A:$A,0)),"")	=IFERROR(INDEX(zips!$E:$E,MATCH(E670,zips!$A:$A,0)),"")	=IF(OR(F670="",G670=""),"",100*SUMIFS(zips!$C:$C,zips!$B:$B,F670,zips!$E:$E,"<"&G670)/SUMIFS(zips!$C:$C,zips!$B:$B,F670,zips!$E:$E,">0"))	579.3036	12.5997	=IF(I670="","",ROUND(G670-I670,2))	=IF(J670="","",ROUND(H670-J670,2))
MRP Liberty	626 Kinglet Ln	Princeton	TX	75407	=IFERROR(INDEX(zips!$B:$B,MATCH(E671,zips!$A:$A,0)),"")	=IFERROR(INDEX(zips!$E:$E,MATCH(E671,zips!$A:$A,0)),"")	=IF(OR(F671="",G671=""),"",100*SUMIFS(zips!$C:$C,zips!$B:$B,F671,zips!$E:$E,"<"&G671)/SUMIFS(zips!$C:$C,zips!$B:$B,F671,zips!$E:$E,">0"))	579.3036	12.5997	=IF(I671="","",ROUND(G671-I671,2))	=IF(J671="","",ROUND(H671-J671,2))
MRP Liberty	515 Kinglet Ln	Princeton	TX	75407	=IFERROR(INDEX(zips!$B:$B,MATCH(E672,zips!$A:$A,0)),"")	=IFERROR(INDEX(zips!$E:$E,MATCH(E672,zips!$A:$A,0)),"")	=IF(OR(F672="",G672=""),"",100*SUMIFS(zips!$C:$C,zips!$B:$B,F672,zips!$E:$E,"<"&G672)/SUMIFS(zips!$C:$C,zips!$B:$B,F672,zips!$E:$E,">0"))	579.3036	12.5997	=IF(I672="","",ROUND(G672-I672,2))	=IF(J672="","",ROUND(H672-J672,2))
MRP Liberty	609 Kinglet Ln	Princeton	TX	75407	=IFERROR(INDEX(zips!$B:$B,MATCH(E673,zips!$A:$A,0)),"")	=IFERROR(INDEX(zips!$E:$E,MATCH(E673,zips!$A:$A,0)),"")	=IF(OR(F673="",G673=""),"",100*SUMIFS(zips!$C:$C,zips!$B:$B,F673,zips!$E:$E,"<"&G673)/SUMIFS(zips!$C:$C,zips!$B:$B,F673,zips!$E:$E,">0"))	579.3036	12.5997	=IF(I673="","",ROUND(G673-I673,2))	=IF(J673="","",ROUND(H673-J673,2))
MRP Liberty	612 Sandhill Crane Ln	Princeton	TX	75407	=IFERROR(INDEX(zips!$B:$B,MATCH(E674,zips!$A:$A,0)),"")	=IFERROR(INDEX(zips!$E:$E,MATCH(E674,zips!$A:$A,0)),"")	=IF(OR(F674="",G674=""),"",100*SUMIFS(zips!$C:$C,zips!$B:$B,F674,zips!$E:$E,"<"&G674)/SUMIFS(zips!$C:$C,zips!$B:$B,F674,zips!$E:$E,">0"))	579.3036	12.5997	=IF(I674="","",ROUND(G674-I674,2))	=IF(J674="","",ROUND(H674-J674,2))
MRP Liberty	528 Sandhill Crane Ln	Princeton	TX	75407	=IFERROR(INDEX(zips!$B:$B,MATCH(E675,zips!$A:$A,0)),"")	=IFERROR(INDEX(zips!$E:$E,MATCH(E675,zips!$A:$A,0)),"")	=IF(OR(F675="",G675=""),"",100*SUMIFS(zips!$C:$C,zips!$B:$B,F675,zips!$E:$E,"<"&G675)/SUMIFS(zips!$C:$C,zips!$B:$B,F675,zips!$E:$E,">0"))	579.3036	12.5997	=IF(I675="","",ROUND(G675-I675,2))	=IF(J675="","",ROUND(H675-J675,2))
MRP Liberty	515 Finch Cir	Princeton	TX	75407	=IFERROR(INDEX(zips!$B:$B,MATCH(E676,zips!$A:$A,0)),"")	=IFERROR(INDEX(zips!$E:$E,MATCH(E676,zips!$A:$A,0)),"")	=IF(OR(F676="",G676=""),"",100*SUMIFS(zips!$C:$C,zips!$B:$B,F676,zips!$E:$E,"<"&G676)/SUMIFS(zips!$C:$C,zips!$B:$B,F676,zips!$E:$E,">0"))	579.3036	12.5997	=IF(I676="","",ROUND(G676-I676,2))	=IF(J676="","",ROUND(H676-J676,2))
MRP Liberty	6229 Sandpiper Ln	Princeton	TX	75407	=IFERROR(INDEX(zips!$B:$B,MATCH(E677,zips!$A:$A,0)),"")	=IFERROR(INDEX(zips!$E:$E,MATCH(E677,zips!$A:$A,0)),"")	=IF(OR(F677="",G677=""),"",100*SUMIFS(zips!$C:$C,zips!$B:$B,F677,zips!$E:$E,"<"&G677)/SUMIFS(zips!$C:$C,zips!$B:$B,F677,zips!$E:$E,">0"))	579.3036	12.5997	=IF(I677="","",ROUND(G677-I677,2))	=IF(J677="","",ROUND(H677-J677,2))
MRP Liberty	6233 Sandpiper Ln	Princeton	TX	75407	=IFERROR(INDEX(zips!$B:$B,MATCH(E678,zips!$A:$A,0)),"")	=IFERROR(INDEX(zips!$E:$E,MATCH(E678,zips!$A:$A,0)),"")	=IF(OR(F678="",G678=""),"",100*SUMIFS(zips!$C:$C,zips!$B:$B,F678,zips!$E:$E,"<"&G678)/SUMIFS(zips!$C:$C,zips!$B:$B,F678,zips!$E:$E,">0"))	579.3036	12.5997	=IF(I678="","",ROUND(G678-I678,2))	=IF(J678="","",ROUND(H678-J678,2))
MRP Liberty	6225 Sandpiper Ln	Princeton	TX	75407	=IFERROR(INDEX(zips!$B:$B,MATCH(E679,zips!$A:$A,0)),"")	=IFERROR(INDEX(zips!$E:$E,MATCH(E679,zips!$A:$A,0)),"")	=IF(OR(F679="",G679=""),"",100*SUMIFS(zips!$C:$C,zips!$B:$B,F679,zips!$E:$E,"<"&G679)/SUMIFS(zips!$C:$C,zips!$B:$B,F679,zips!$E:$E,">0"))	579.3036	12.5997	=IF(I679="","",ROUND(G679-I679,2))	=IF(J679="","",ROUND(H679-J679,2))
MRP Liberty	6221 Sandpiper Ln	Princeton	TX	75407	=IFERROR(INDEX(zips!$B:$B,MATCH(E680,zips!$A:$A,0)),"")	=IFERROR(INDEX(zips!$E:$E,MATCH(E680,zips!$A:$A,0)),"")	=IF(OR(F680="",G680=""),"",100*SUMIFS(zips!$C:$C,zips!$B:$B,F680,zips!$E:$E,"<"&G680)/SUMIFS(zips!$C:$C,zips!$B:$B,F680,zips!$E:$E,">0"))	579.3036	12.5997	=IF(I680="","",ROUND(G680-I680,2))	=IF(J680="","",ROUND(H680-J680,2))
MRP Liberty	6219 Sandpiper Ln	Princeton	TX	75407	=IFERROR(INDEX(zips!$B:$B,MATCH(E681,zips!$A:$A,0)),"")	=IFERROR(INDEX(zips!$E:$E,MATCH(E681,zips!$A:$A,0)),"")	=IF(OR(F681="",G681=""),"",100*SUMIFS(zips!$C:$C,zips!$B:$B,F681,zips!$E:$E,"<"&G681)/SUMIFS(zips!$C:$C,zips!$B:$B,F681,zips!$E:$E,">0"))	579.3036	12.5997	=IF(I681="","",ROUND(G681-I681,2))	=IF(J681="","",ROUND(H681-J681,2))
MRP Liberty	6217 Sandpiper Ln	Princeton	TX	75407	=IFERROR(INDEX(zips!$B:$B,MATCH(E682,zips!$A:$A,0)),"")	=IFERROR(INDEX(zips!$E:$E,MATCH(E682,zips!$A:$A,0)),"")	=IF(OR(F682="",G682=""),"",100*SUMIFS(zips!$C:$C,zips!$B:$B,F682,zips!$E:$E,"<"&G682)/SUMIFS(zips!$C:$C,zips!$B:$B,F682,zips!$E:$E,">0"))	579.3036	12.5997	=IF(I682="","",ROUND(G682-I682,2))	=IF(J682="","",ROUND(H682-J682,2))
MRP Liberty	6302 Pelican Ln	Princeton	TX	75407	=IFERROR(INDEX(zips!$B:$B,MATCH(E683,zips!$A:$A,0)),"")	=IFERROR(INDEX(zips!$E:$E,MATCH(E683,zips!$A:$A,0)),"")	=IF(OR(F683="",G683=""),"",100*SUMIFS(zips!$C:$C,zips!$B:$B,F683,zips!$E:$E,"<"&G683)/SUMIFS(zips!$C:$C,zips!$B:$B,F683,zips!$E:$E,">0"))	579.3036	12.5997	=IF(I683="","",ROUND(G683-I683,2))	=IF(J683="","",ROUND(H683-J683,2))
MRP Liberty	6300 Pelican Ln	Princeton	TX	75407	=IFERROR(INDEX(zips!$B:$B,MATCH(E684,zips!$A:$A,0)),"")	=IFERROR(INDEX(zips!$E:$E,MATCH(E684,zips!$A:$A,0)),"")	=IF(OR(F684="",G684=""),"",100*SUMIFS(zips!$C:$C,zips!$B:$B,F684,zips!$E:$E,"<"&G684)/SUMIFS(zips!$C:$C,zips!$B:$B,F684,zips!$E:$E,">0"))	579.3036	12.5997	=IF(I684="","",ROUND(G684-I684,2))	=IF(J684="","",ROUND(H684-J684,2))
MRP Liberty	6232 Pelican Ln	Princeton	TX	75407	=IFERROR(INDEX(zips!$B:$B,MATCH(E685,zips!$A:$A,0)),"")	=IFERROR(INDEX(zips!$E:$E,MATCH(E685,zips!$A:$A,0)),"")	=IF(OR(F685="",G685=""),"",100*SUMIFS(zips!$C:$C,zips!$B:$B,F685,zips!$E:$E,"<"&G685)/SUMIFS(zips!$C:$C,zips!$B:$B,F685,zips!$E:$E,">0"))	579.3036	12.5997	=IF(I685="","",ROUND(G685-I685,2))	=IF(J685="","",ROUND(H685-J685,2))
MRP Liberty	6230 Pelican Ln	Princeton	TX	75407	=IFERROR(INDEX(zips!$B:$B,MATCH(E686,zips!$A:$A,0)),"")	=IFERROR(INDEX(zips!$E:$E,MATCH(E686,zips!$A:$A,0)),"")	=IF(OR(F686="",G686=""),"",100*SUMIFS(zips!$C:$C,zips!$B:$B,F686,zips!$E:$E,"<"&G686)/SUMIFS(zips!$C:$C,zips!$B:$B,F686,zips!$E:$E,">0"))	579.3036	12.5997	=IF(I686="","",ROUND(G686-I686,2))	=IF(J686="","",ROUND(H686-J686,2))
MRP Liberty	6228 Pelican Ln	Princeton	TX	75407	=IFERROR(INDEX(zips!$B:$B,MATCH(E687,zips!$A:$A,0)),"")	=IFERROR(INDEX(zips!$E:$E,MATCH(E687,zips!$A:$A,0)),"")	=IF(OR(F687="",G687=""),"",100*SUMIFS(zips!$C:$C,zips!$B:$B,F687,zips!$E:$E,"<"&G687)/SUMIFS(zips!$C:$C,zips!$B:$B,F687,zips!$E:$E,">0"))	579.3036	12.5997	=IF(I687="","",ROUND(G687-I687,2))	=IF(J687="","",ROUND(H687-J687,2))
MRP Liberty	6224 Pelican Ln	Princeton	TX	75407	=IFERROR(INDEX(zips!$B:$B,MATCH(E688,zips!$A:$A,0)),"")	=IFERROR(INDEX(zips!$E:$E,MATCH(E688,zips!$A:$A,0)),"")	=IF(OR(F688="",G688=""),"",100*SUMIFS(zips!$C:$C,zips!$B:$B,F688,zips!$E:$E,"<"&G688)/SUMIFS(zips!$C:$C,zips!$B:$B,F688,zips!$E:$E,">0"))	579.3036	12.5997	=IF(I688="","",ROUND(G688-I688,2))	=IF(J688="","",ROUND(H688-J688,2))
MRP Liberty	6222 Pelican Ln	Princeton	TX	75407	=IFERROR(INDEX(zips!$B:$B,MATCH(E689,zips!$A:$A,0)),"")	=IFERROR(INDEX(zips!$E:$E,MATCH(E689,zips!$A:$A,0)),"")	=IF(OR(F689="",G689=""),"",100*SUMIFS(zips!$C:$C,zips!$B:$B,F689,zips!$E:$E,"<"&G689)/SUMIFS(zips!$C:$C,zips!$B:$B,F689,zips!$E:$E,">0"))	579.3036	12.5997	=IF(I689="","",ROUND(G689-I689,2))	=IF(J689="","",ROUND(H689-J689,2))
MRP Liberty	6226 Pelican Ln	Princeton	TX	75407	=IFERROR(INDEX(zips!$B:$B,MATCH(E690,zips!$A:$A,0)),"")	=IFERROR(INDEX(zips!$E:$E,MATCH(E690,zips!$A:$A,0)),"")	=IF(OR(F690="",G690=""),"",100*SUMIFS(zips!$C:$C,zips!$B:$B,F690,zips!$E:$E,"<"&G690)/SUMIFS(zips!$C:$C,zips!$B:$B,F690,zips!$E:$E,">0"))	579.3036	12.5997	=IF(I690="","",ROUND(G690-I690,2))	=IF(J690="","",ROUND(H690-J690,2))
MRP Liberty	2232 Tierra Madre Blvd	Fort Worth	TX	76108	=IFERROR(INDEX(zips!$B:$B,MATCH(E691,zips!$A:$A,0)),"")	=IFERROR(INDEX(zips!$E:$E,MATCH(E691,zips!$A:$A,0)),"")	=IF(OR(F691="",G691=""),"",100*SUMIFS(zips!$C:$C,zips!$B:$B,F691,zips!$E:$E,"<"&G691)/SUMIFS(zips!$C:$C,zips!$B:$B,F691,zips!$E:$E,">0"))	1038.7061	20.1545	=IF(I691="","",ROUND(G691-I691,2))	=IF(J691="","",ROUND(H691-J691,2))
MRP Liberty	10756 Gun Barrel St	Fort Worth	TX	76108	=IFERROR(INDEX(zips!$B:$B,MATCH(E692,zips!$A:$A,0)),"")	=IFERROR(INDEX(zips!$E:$E,MATCH(E692,zips!$A:$A,0)),"")	=IF(OR(F692="",G692=""),"",100*SUMIFS(zips!$C:$C,zips!$B:$B,F692,zips!$E:$E,"<"&G692)/SUMIFS(zips!$C:$C,zips!$B:$B,F692,zips!$E:$E,">0"))	1038.7061	20.1545	=IF(I692="","",ROUND(G692-I692,2))	=IF(J692="","",ROUND(H692-J692,2))
MRP Liberty	10748 Gun Barrel St	Fort Worth	TX	76108	=IFERROR(INDEX(zips!$B:$B,MATCH(E693,zips!$A:$A,0)),"")	=IFERROR(INDEX(zips!$E:$E,MATCH(E693,zips!$A:$A,0)),"")	=IF(OR(F693="",G693=""),"",100*SUMIFS(zips!$C:$C,zips!$B:$B,F693,zips!$E:$E,"<"&G693)/SUMIFS(zips!$C:$C,zips!$B:$B,F693,zips!$E:$E,">0"))	1038.7061	20.1545	=IF(I693="","",ROUND(G693-I693,2))	=IF(J693="","",ROUND(H693-J693,2))
MRP Liberty	9217 Schram Rd	Fort Worth	TX	76179	=IFERROR(INDEX(zips!$B:$B,MATCH(E694,zips!$A:$A,0)),"")	=IFERROR(INDEX(zips!$E:$E,MATCH(E694,zips!$A:$A,0)),"")	=IF(OR(F694="",G694=""),"",100*SUMIFS(zips!$C:$C,zips!$B:$B,F694,zips!$E:$E,"<"&G694)/SUMIFS(zips!$C:$C,zips!$B:$B,F694,zips!$E:$E,">0"))	1474.423	25.5145	=IF(I694="","",ROUND(G694-I694,2))	=IF(J694="","",ROUND(H694-J694,2))
MRP Liberty	5009 Draper Ridge Dr	Fort Worth	TX	76179	=IFERROR(INDEX(zips!$B:$B,MATCH(E695,zips!$A:$A,0)),"")	=IFERROR(INDEX(zips!$E:$E,MATCH(E695,zips!$A:$A,0)),"")	=IF(OR(F695="",G695=""),"",100*SUMIFS(zips!$C:$C,zips!$B:$B,F695,zips!$E:$E,"<"&G695)/SUMIFS(zips!$C:$C,zips!$B:$B,F695,zips!$E:$E,">0"))	1474.423	25.5145	=IF(I695="","",ROUND(G695-I695,2))	=IF(J695="","",ROUND(H695-J695,2))
MRP Liberty	1228 Tufted Dr	Fort Worth	TX	76134	=IFERROR(INDEX(zips!$B:$B,MATCH(E696,zips!$A:$A,0)),"")	=IFERROR(INDEX(zips!$E:$E,MATCH(E696,zips!$A:$A,0)),"")	=IF(OR(F696="",G696=""),"",100*SUMIFS(zips!$C:$C,zips!$B:$B,F696,zips!$E:$E,"<"&G696)/SUMIFS(zips!$C:$C,zips!$B:$B,F696,zips!$E:$E,">0"))	3394.9785	54.5318	=IF(I696="","",ROUND(G696-I696,2))	=IF(J696="","",ROUND(H696-J696,2))
MRP Liberty	644 Marilynn Way	Grandview	TX	76050	=IFERROR(INDEX(zips!$B:$B,MATCH(E697,zips!$A:$A,0)),"")	=IFERROR(INDEX(zips!$E:$E,MATCH(E697,zips!$A:$A,0)),"")	=IF(OR(F697="",G697=""),"",100*SUMIFS(zips!$C:$C,zips!$B:$B,F697,zips!$E:$E,"<"&G697)/SUMIFS(zips!$C:$C,zips!$B:$B,F697,zips!$E:$E,">0"))	51.6317	0.3851	=IF(I697="","",ROUND(G697-I697,2))	=IF(J697="","",ROUND(H697-J697,2))
MRP Liberty	665 Marilynn Way	Grandview	TX	76050	=IFERROR(INDEX(zips!$B:$B,MATCH(E698,zips!$A:$A,0)),"")	=IFERROR(INDEX(zips!$E:$E,MATCH(E698,zips!$A:$A,0)),"")	=IF(OR(F698="",G698=""),"",100*SUMIFS(zips!$C:$C,zips!$B:$B,F698,zips!$E:$E,"<"&G698)/SUMIFS(zips!$C:$C,zips!$B:$B,F698,zips!$E:$E,">0"))	51.6317	0.3851	=IF(I698="","",ROUND(G698-I698,2))	=IF(J698="","",ROUND(H698-J698,2))
MRP Liberty	1224 Finch Dr	Keene (Cleburne per CoStar)	TX	76031	=IFERROR(INDEX(zips!$B:$B,MATCH(E699,zips!$A:$A,0)),"")	=IFERROR(INDEX(zips!$E:$E,MATCH(E699,zips!$A:$A,0)),"")	=IF(OR(F699="",G699=""),"",100*SUMIFS(zips!$C:$C,zips!$B:$B,F699,zips!$E:$E,"<"&G699)/SUMIFS(zips!$C:$C,zips!$B:$B,F699,zips!$E:$E,">0"))	257.7794	7.3088	=IF(I699="","",ROUND(G699-I699,2))	=IF(J699="","",ROUND(H699-J699,2))
MRP Liberty	921 Prestonwood Ln	Cleburne	TX	76031	=IFERROR(INDEX(zips!$B:$B,MATCH(E700,zips!$A:$A,0)),"")	=IFERROR(INDEX(zips!$E:$E,MATCH(E700,zips!$A:$A,0)),"")	=IF(OR(F700="",G700=""),"",100*SUMIFS(zips!$C:$C,zips!$B:$B,F700,zips!$E:$E,"<"&G700)/SUMIFS(zips!$C:$C,zips!$B:$B,F700,zips!$E:$E,">0"))	257.7794	7.3088	=IF(I700="","",ROUND(G700-I700,2))	=IF(J700="","",ROUND(H700-J700,2))
MRP Liberty	948 Prestonwood Ln	Cleburne	TX	76031	=IFERROR(INDEX(zips!$B:$B,MATCH(E701,zips!$A:$A,0)),"")	=IFERROR(INDEX(zips!$E:$E,MATCH(E701,zips!$A:$A,0)),"")	=IF(OR(F701="",G701=""),"",100*SUMIFS(zips!$C:$C,zips!$B:$B,F701,zips!$E:$E,"<"&G701)/SUMIFS(zips!$C:$C,zips!$B:$B,F701,zips!$E:$E,">0"))	257.7794	7.3088	=IF(I701="","",ROUND(G701-I701,2))	=IF(J701="","",ROUND(H701-J701,2))
MRP Liberty	2116 Marshall Dr	Cleburne	TX	76058	=IFERROR(INDEX(zips!$B:$B,MATCH(E702,zips!$A:$A,0)),"")	=IFERROR(INDEX(zips!$E:$E,MATCH(E702,zips!$A:$A,0)),"")	=IF(OR(F702="",G702=""),"",100*SUMIFS(zips!$C:$C,zips!$B:$B,F702,zips!$E:$E,"<"&G702)/SUMIFS(zips!$C:$C,zips!$B:$B,F702,zips!$E:$E,">0"))	414.5839	10.1151	=IF(I702="","",ROUND(G702-I702,2))	=IF(J702="","",ROUND(H702-J702,2))
MRP Liberty	6211 Sandpiper Ln	Princeton	TX	75407	=IFERROR(INDEX(zips!$B:$B,MATCH(E703,zips!$A:$A,0)),"")	=IFERROR(INDEX(zips!$E:$E,MATCH(E703,zips!$A:$A,0)),"")	=IF(OR(F703="",G703=""),"",100*SUMIFS(zips!$C:$C,zips!$B:$B,F703,zips!$E:$E,"<"&G703)/SUMIFS(zips!$C:$C,zips!$B:$B,F703,zips!$E:$E,">0"))	579.3036	12.5997	=IF(I703="","",ROUND(G703-I703,2))	=IF(J703="","",ROUND(H703-J703,2))
MRP Liberty	6213 Sandpiper Ln	Princeton	TX	75407	=IFERROR(INDEX(zips!$B:$B,MATCH(E704,zips!$A:$A,0)),"")	=IFERROR(INDEX(zips!$E:$E,MATCH(E704,zips!$A:$A,0)),"")	=IF(OR(F704="",G704=""),"",100*SUMIFS(zips!$C:$C,zips!$B:$B,F704,zips!$E:$E,"<"&G704)/SUMIFS(zips!$C:$C,zips!$B:$B,F704,zips!$E:$E,">0"))	579.3036	12.5997	=IF(I704="","",ROUND(G704-I704,2))	=IF(J704="","",ROUND(H704-J704,2))
MRP Liberty	6215 Sandpiper Ln	Princeton	TX	75407	=IFERROR(INDEX(zips!$B:$B,MATCH(E705,zips!$A:$A,0)),"")	=IFERROR(INDEX(zips!$E:$E,MATCH(E705,zips!$A:$A,0)),"")	=IF(OR(F705="",G705=""),"",100*SUMIFS(zips!$C:$C,zips!$B:$B,F705,zips!$E:$E,"<"&G705)/SUMIFS(zips!$C:$C,zips!$B:$B,F705,zips!$E:$E,">0"))	579.3036	12.5997	=IF(I705="","",ROUND(G705-I705,2))	=IF(J705="","",ROUND(H705-J705,2))
MRP Liberty	6216 Pelican Ln	Princeton	TX	75407	=IFERROR(INDEX(zips!$B:$B,MATCH(E706,zips!$A:$A,0)),"")	=IFERROR(INDEX(zips!$E:$E,MATCH(E706,zips!$A:$A,0)),"")	=IF(OR(F706="",G706=""),"",100*SUMIFS(zips!$C:$C,zips!$B:$B,F706,zips!$E:$E,"<"&G706)/SUMIFS(zips!$C:$C,zips!$B:$B,F706,zips!$E:$E,">0"))	579.3036	12.5997	=IF(I706="","",ROUND(G706-I706,2))	=IF(J706="","",ROUND(H706-J706,2))
MRP Liberty	6218 Pelican Ln	Princeton	TX	75407	=IFERROR(INDEX(zips!$B:$B,MATCH(E707,zips!$A:$A,0)),"")	=IFERROR(INDEX(zips!$E:$E,MATCH(E707,zips!$A:$A,0)),"")	=IF(OR(F707="",G707=""),"",100*SUMIFS(zips!$C:$C,zips!$B:$B,F707,zips!$E:$E,"<"&G707)/SUMIFS(zips!$C:$C,zips!$B:$B,F707,zips!$E:$E,">0"))	579.3036	12.5997	=IF(I707="","",ROUND(G707-I707,2))	=IF(J707="","",ROUND(H707-J707,2))
MRP Liberty	6220 Pelican Ln	Princeton	TX	75407	=IFERROR(INDEX(zips!$B:$B,MATCH(E708,zips!$A:$A,0)),"")	=IFERROR(INDEX(zips!$E:$E,MATCH(E708,zips!$A:$A,0)),"")	=IF(OR(F708="",G708=""),"",100*SUMIFS(zips!$C:$C,zips!$B:$B,F708,zips!$E:$E,"<"&G708)/SUMIFS(zips!$C:$C,zips!$B:$B,F708,zips!$E:$E,">0"))	579.3036	12.5997	=IF(I708="","",ROUND(G708-I708,2))	=IF(J708="","",ROUND(H708-J708,2))
MRP Liberty	634 Kinglet Ln	Princeton	TX	75407	=IFERROR(INDEX(zips!$B:$B,MATCH(E709,zips!$A:$A,0)),"")	=IFERROR(INDEX(zips!$E:$E,MATCH(E709,zips!$A:$A,0)),"")	=IF(OR(F709="",G709=""),"",100*SUMIFS(zips!$C:$C,zips!$B:$B,F709,zips!$E:$E,"<"&G709)/SUMIFS(zips!$C:$C,zips!$B:$B,F709,zips!$E:$E,">0"))	579.3036	12.5997	=IF(I709="","",ROUND(G709-I709,2))	=IF(J709="","",ROUND(H709-J709,2))
MRP Liberty	645 Caraway Trl	Princeton	TX	75407	=IFERROR(INDEX(zips!$B:$B,MATCH(E710,zips!$A:$A,0)),"")	=IFERROR(INDEX(zips!$E:$E,MATCH(E710,zips!$A:$A,0)),"")	=IF(OR(F710="",G710=""),"",100*SUMIFS(zips!$C:$C,zips!$B:$B,F710,zips!$E:$E,"<"&G710)/SUMIFS(zips!$C:$C,zips!$B:$B,F710,zips!$E:$E,">0"))	579.3036	12.5997	=IF(I710="","",ROUND(G710-I710,2))	=IF(J710="","",ROUND(H710-J710,2))
MRP Liberty	5331 Cinnamon Ln	Princeton	TX	75407	=IFERROR(INDEX(zips!$B:$B,MATCH(E711,zips!$A:$A,0)),"")	=IFERROR(INDEX(zips!$E:$E,MATCH(E711,zips!$A:$A,0)),"")	=IF(OR(F711="",G711=""),"",100*SUMIFS(zips!$C:$C,zips!$B:$B,F711,zips!$E:$E,"<"&G711)/SUMIFS(zips!$C:$C,zips!$B:$B,F711,zips!$E:$E,">0"))	579.3036	12.5997	=IF(I711="","",ROUND(G711-I711,2))	=IF(J711="","",ROUND(H711-J711,2))
MRP Liberty	1508 Paisley Dr	Pensacola	FL	32533	=IFERROR(INDEX(zips!$B:$B,MATCH(E712,zips!$A:$A,0)),"")	=IFERROR(INDEX(zips!$E:$E,MATCH(E712,zips!$A:$A,0)),"")	=IF(OR(F712="",G712=""),"",100*SUMIFS(zips!$C:$C,zips!$B:$B,F712,zips!$E:$E,"<"&G712)/SUMIFS(zips!$C:$C,zips!$B:$B,F712,zips!$E:$E,">0"))	409.9185	25.1894	=IF(I712="","",ROUND(G712-I712,2))	=IF(J712="","",ROUND(H712-J712,2))
MRP Liberty	831 Bella Terra Way	Pensacola	FL	32533	=IFERROR(INDEX(zips!$B:$B,MATCH(E713,zips!$A:$A,0)),"")	=IFERROR(INDEX(zips!$E:$E,MATCH(E713,zips!$A:$A,0)),"")	=IF(OR(F713="",G713=""),"",100*SUMIFS(zips!$C:$C,zips!$B:$B,F713,zips!$E:$E,"<"&G713)/SUMIFS(zips!$C:$C,zips!$B:$B,F713,zips!$E:$E,">0"))	409.9185	25.1894	=IF(I713="","",ROUND(G713-I713,2))	=IF(J713="","",ROUND(H713-J713,2))
MRP Liberty	7182 Season Dr		FL	32570	=IFERROR(INDEX(zips!$B:$B,MATCH(E714,zips!$A:$A,0)),"")	=IFERROR(INDEX(zips!$E:$E,MATCH(E714,zips!$A:$A,0)),"")	=IF(OR(F714="",G714=""),"",100*SUMIFS(zips!$C:$C,zips!$B:$B,F714,zips!$E:$E,"<"&G714)/SUMIFS(zips!$C:$C,zips!$B:$B,F714,zips!$E:$E,">0"))	118.748	3.9478	=IF(I714="","",ROUND(G714-I714,2))	=IF(J714="","",ROUND(H714-J714,2))
MRP Liberty	5346 Azimuth Way		FL	32583	=IFERROR(INDEX(zips!$B:$B,MATCH(E715,zips!$A:$A,0)),"")	=IFERROR(INDEX(zips!$E:$E,MATCH(E715,zips!$A:$A,0)),"")	=IF(OR(F715="",G715=""),"",100*SUMIFS(zips!$C:$C,zips!$B:$B,F715,zips!$E:$E,"<"&G715)/SUMIFS(zips!$C:$C,zips!$B:$B,F715,zips!$E:$E,">0"))	251.1934	10.9564	=IF(I715="","",ROUND(G715-I715,2))	=IF(J715="","",ROUND(H715-J715,2))
MRP Liberty	5337 Azimuth Way		FL	32583	=IFERROR(INDEX(zips!$B:$B,MATCH(E716,zips!$A:$A,0)),"")	=IFERROR(INDEX(zips!$E:$E,MATCH(E716,zips!$A:$A,0)),"")	=IF(OR(F716="",G716=""),"",100*SUMIFS(zips!$C:$C,zips!$B:$B,F716,zips!$E:$E,"<"&G716)/SUMIFS(zips!$C:$C,zips!$B:$B,F716,zips!$E:$E,">0"))	251.1934	10.9564	=IF(I716="","",ROUND(G716-I716,2))	=IF(J716="","",ROUND(H716-J716,2))
MRP Liberty	5341 Azimuth Way		FL	32583	=IFERROR(INDEX(zips!$B:$B,MATCH(E717,zips!$A:$A,0)),"")	=IFERROR(INDEX(zips!$E:$E,MATCH(E717,zips!$A:$A,0)),"")	=IF(OR(F717="",G717=""),"",100*SUMIFS(zips!$C:$C,zips!$B:$B,F717,zips!$E:$E,"<"&G717)/SUMIFS(zips!$C:$C,zips!$B:$B,F717,zips!$E:$E,">0"))	251.1934	10.9564	=IF(I717="","",ROUND(G717-I717,2))	=IF(J717="","",ROUND(H717-J717,2))
MRP Liberty	5345 Azimuth Way		FL	32583	=IFERROR(INDEX(zips!$B:$B,MATCH(E718,zips!$A:$A,0)),"")	=IFERROR(INDEX(zips!$E:$E,MATCH(E718,zips!$A:$A,0)),"")	=IF(OR(F718="",G718=""),"",100*SUMIFS(zips!$C:$C,zips!$B:$B,F718,zips!$E:$E,"<"&G718)/SUMIFS(zips!$C:$C,zips!$B:$B,F718,zips!$E:$E,">0"))	251.1934	10.9564	=IF(I718="","",ROUND(G718-I718,2))	=IF(J718="","",ROUND(H718-J718,2))
MRP Liberty	5333 Azimuth Way		FL	32583	=IFERROR(INDEX(zips!$B:$B,MATCH(E719,zips!$A:$A,0)),"")	=IFERROR(INDEX(zips!$E:$E,MATCH(E719,zips!$A:$A,0)),"")	=IF(OR(F719="",G719=""),"",100*SUMIFS(zips!$C:$C,zips!$B:$B,F719,zips!$E:$E,"<"&G719)/SUMIFS(zips!$C:$C,zips!$B:$B,F719,zips!$E:$E,">0"))	251.1934	10.9564	=IF(I719="","",ROUND(G719-I719,2))	=IF(J719="","",ROUND(H719-J719,2))
MRP Liberty	7195 Season Dr		FL	32570	=IFERROR(INDEX(zips!$B:$B,MATCH(E720,zips!$A:$A,0)),"")	=IFERROR(INDEX(zips!$E:$E,MATCH(E720,zips!$A:$A,0)),"")	=IF(OR(F720="",G720=""),"",100*SUMIFS(zips!$C:$C,zips!$B:$B,F720,zips!$E:$E,"<"&G720)/SUMIFS(zips!$C:$C,zips!$B:$B,F720,zips!$E:$E,">0"))	118.748	3.9478	=IF(I720="","",ROUND(G720-I720,2))	=IF(J720="","",ROUND(H720-J720,2))
MRP Liberty	7177 Season Dr		FL	32570	=IFERROR(INDEX(zips!$B:$B,MATCH(E721,zips!$A:$A,0)),"")	=IFERROR(INDEX(zips!$E:$E,MATCH(E721,zips!$A:$A,0)),"")	=IF(OR(F721="",G721=""),"",100*SUMIFS(zips!$C:$C,zips!$B:$B,F721,zips!$E:$E,"<"&G721)/SUMIFS(zips!$C:$C,zips!$B:$B,F721,zips!$E:$E,">0"))	118.748	3.9478	=IF(I721="","",ROUND(G721-I721,2))	=IF(J721="","",ROUND(H721-J721,2))
MRP Liberty	5353 Azimuth Way		FL	32583	=IFERROR(INDEX(zips!$B:$B,MATCH(E722,zips!$A:$A,0)),"")	=IFERROR(INDEX(zips!$E:$E,MATCH(E722,zips!$A:$A,0)),"")	=IF(OR(F722="",G722=""),"",100*SUMIFS(zips!$C:$C,zips!$B:$B,F722,zips!$E:$E,"<"&G722)/SUMIFS(zips!$C:$C,zips!$B:$B,F722,zips!$E:$E,">0"))	251.1934	10.9564	=IF(I722="","",ROUND(G722-I722,2))	=IF(J722="","",ROUND(H722-J722,2))
MRP Liberty	7756 Three Mile View Dr		FL	32583	=IFERROR(INDEX(zips!$B:$B,MATCH(E723,zips!$A:$A,0)),"")	=IFERROR(INDEX(zips!$E:$E,MATCH(E723,zips!$A:$A,0)),"")	=IF(OR(F723="",G723=""),"",100*SUMIFS(zips!$C:$C,zips!$B:$B,F723,zips!$E:$E,"<"&G723)/SUMIFS(zips!$C:$C,zips!$B:$B,F723,zips!$E:$E,">0"))	251.1934	10.9564	=IF(I723="","",ROUND(G723-I723,2))	=IF(J723="","",ROUND(H723-J723,2))
MRP Liberty	6521 Buckthorn Cir		FL	32571	=IFERROR(INDEX(zips!$B:$B,MATCH(E724,zips!$A:$A,0)),"")	=IFERROR(INDEX(zips!$E:$E,MATCH(E724,zips!$A:$A,0)),"")	=IF(OR(F724="",G724=""),"",100*SUMIFS(zips!$C:$C,zips!$B:$B,F724,zips!$E:$E,"<"&G724)/SUMIFS(zips!$C:$C,zips!$B:$B,F724,zips!$E:$E,">0"))	365.7482	17.1149	=IF(I724="","",ROUND(G724-I724,2))	=IF(J724="","",ROUND(H724-J724,2))
MRP Liberty	7189 Season Dr		FL	32570	=IFERROR(INDEX(zips!$B:$B,MATCH(E725,zips!$A:$A,0)),"")	=IFERROR(INDEX(zips!$E:$E,MATCH(E725,zips!$A:$A,0)),"")	=IF(OR(F725="",G725=""),"",100*SUMIFS(zips!$C:$C,zips!$B:$B,F725,zips!$E:$E,"<"&G725)/SUMIFS(zips!$C:$C,zips!$B:$B,F725,zips!$E:$E,">0"))	118.748	3.9478	=IF(I725="","",ROUND(G725-I725,2))	=IF(J725="","",ROUND(H725-J725,2))
MRP Liberty	6324 Buccaneer Way	Laurel Hill	FL	32567	=IFERROR(INDEX(zips!$B:$B,MATCH(E726,zips!$A:$A,0)),"")	=IFERROR(INDEX(zips!$E:$E,MATCH(E726,zips!$A:$A,0)),"")	=IF(OR(F726="",G726=""),"",100*SUMIFS(zips!$C:$C,zips!$B:$B,F726,zips!$E:$E,"<"&G726)/SUMIFS(zips!$C:$C,zips!$B:$B,F726,zips!$E:$E,">0"))	33.1794	6.9661	=IF(I726="","",ROUND(G726-I726,2))	=IF(J726="","",ROUND(H726-J726,2))
MRP Liberty	6323 Rio Almarante Rd	Laurel Hill	FL	32567	=IFERROR(INDEX(zips!$B:$B,MATCH(E727,zips!$A:$A,0)),"")	=IFERROR(INDEX(zips!$E:$E,MATCH(E727,zips!$A:$A,0)),"")	=IF(OR(F727="",G727=""),"",100*SUMIFS(zips!$C:$C,zips!$B:$B,F727,zips!$E:$E,"<"&G727)/SUMIFS(zips!$C:$C,zips!$B:$B,F727,zips!$E:$E,">0"))	33.1794	6.9661	=IF(I727="","",ROUND(G727-I727,2))	=IF(J727="","",ROUND(H727-J727,2))
MRP Liberty	8744 Whitman Dr	Chesterfield	VA	23832	=IFERROR(INDEX(zips!$B:$B,MATCH(E728,zips!$A:$A,0)),"")	=IFERROR(INDEX(zips!$E:$E,MATCH(E728,zips!$A:$A,0)),"")	=IF(OR(F728="",G728=""),"",100*SUMIFS(zips!$C:$C,zips!$B:$B,F728,zips!$E:$E,"<"&G728)/SUMIFS(zips!$C:$C,zips!$B:$B,F728,zips!$E:$E,">0"))	1021.1649	41.2085	=IF(I728="","",ROUND(G728-I728,2))	=IF(J728="","",ROUND(H728-J728,2))
MRP Liberty	5009 Skyline Way Ne	Cleveland	TN	37312	=IFERROR(INDEX(zips!$B:$B,MATCH(E729,zips!$A:$A,0)),"")	=IFERROR(INDEX(zips!$E:$E,MATCH(E729,zips!$A:$A,0)),"")	=IF(OR(F729="",G729=""),"",100*SUMIFS(zips!$C:$C,zips!$B:$B,F729,zips!$E:$E,"<"&G729)/SUMIFS(zips!$C:$C,zips!$B:$B,F729,zips!$E:$E,">0"))	572.657	45.8363	=IF(I729="","",ROUND(G729-I729,2))	=IF(J729="","",ROUND(H729-J729,2))
MRP Liberty	1214 Leyland Pass Ne	Cleveland	TN	37323	=IFERROR(INDEX(zips!$B:$B,MATCH(E730,zips!$A:$A,0)),"")	=IFERROR(INDEX(zips!$E:$E,MATCH(E730,zips!$A:$A,0)),"")	=IF(OR(F730="",G730=""),"",100*SUMIFS(zips!$C:$C,zips!$B:$B,F730,zips!$E:$E,"<"&G730)/SUMIFS(zips!$C:$C,zips!$B:$B,F730,zips!$E:$E,">0"))	268.4187	21.3093	=IF(I730="","",ROUND(G730-I730,2))	=IF(J730="","",ROUND(H730-J730,2))
MRP Liberty	1223 Leyland Pass Ne	Cleveland	TN	37323	=IFERROR(INDEX(zips!$B:$B,MATCH(E731,zips!$A:$A,0)),"")	=IFERROR(INDEX(zips!$E:$E,MATCH(E731,zips!$A:$A,0)),"")	=IF(OR(F731="",G731=""),"",100*SUMIFS(zips!$C:$C,zips!$B:$B,F731,zips!$E:$E,"<"&G731)/SUMIFS(zips!$C:$C,zips!$B:$B,F731,zips!$E:$E,">0"))	268.4187	21.3093	=IF(I731="","",ROUND(G731-I731,2))	=IF(J731="","",ROUND(H731-J731,2))
MRP Liberty	1213 Leyland Pass Ne	Cleveland	TN	37323	=IFERROR(INDEX(zips!$B:$B,MATCH(E732,zips!$A:$A,0)),"")	=IFERROR(INDEX(zips!$E:$E,MATCH(E732,zips!$A:$A,0)),"")	=IF(OR(F732="",G732=""),"",100*SUMIFS(zips!$C:$C,zips!$B:$B,F732,zips!$E:$E,"<"&G732)/SUMIFS(zips!$C:$C,zips!$B:$B,F732,zips!$E:$E,">0"))	268.4187	21.3093	=IF(I732="","",ROUND(G732-I732,2))	=IF(J732="","",ROUND(H732-J732,2))
MRP Liberty	5159 Skyline Way Ne	Cleveland	TN	37312	=IFERROR(INDEX(zips!$B:$B,MATCH(E733,zips!$A:$A,0)),"")	=IFERROR(INDEX(zips!$E:$E,MATCH(E733,zips!$A:$A,0)),"")	=IF(OR(F733="",G733=""),"",100*SUMIFS(zips!$C:$C,zips!$B:$B,F733,zips!$E:$E,"<"&G733)/SUMIFS(zips!$C:$C,zips!$B:$B,F733,zips!$E:$E,">0"))	572.657	45.8363	=IF(I733="","",ROUND(G733-I733,2))	=IF(J733="","",ROUND(H733-J733,2))
MRP Liberty	1218 Leyland Pass Ne	Cleveland	TN	37323	=IFERROR(INDEX(zips!$B:$B,MATCH(E734,zips!$A:$A,0)),"")	=IFERROR(INDEX(zips!$E:$E,MATCH(E734,zips!$A:$A,0)),"")	=IF(OR(F734="",G734=""),"",100*SUMIFS(zips!$C:$C,zips!$B:$B,F734,zips!$E:$E,"<"&G734)/SUMIFS(zips!$C:$C,zips!$B:$B,F734,zips!$E:$E,">0"))	268.4187	21.3093	=IF(I734="","",ROUND(G734-I734,2))	=IF(J734="","",ROUND(H734-J734,2))
MRP Liberty	1217 Leyland Pass Ne	Cleveland	TN	37323	=IFERROR(INDEX(zips!$B:$B,MATCH(E735,zips!$A:$A,0)),"")	=IFERROR(INDEX(zips!$E:$E,MATCH(E735,zips!$A:$A,0)),"")	=IF(OR(F735="",G735=""),"",100*SUMIFS(zips!$C:$C,zips!$B:$B,F735,zips!$E:$E,"<"&G735)/SUMIFS(zips!$C:$C,zips!$B:$B,F735,zips!$E:$E,">0"))	268.4187	21.3093	=IF(I735="","",ROUND(G735-I735,2))	=IF(J735="","",ROUND(H735-J735,2))
MRP Liberty	112 Challenger Way	Cullman	AL	35055	=IFERROR(INDEX(zips!$B:$B,MATCH(E736,zips!$A:$A,0)),"")	=IFERROR(INDEX(zips!$E:$E,MATCH(E736,zips!$A:$A,0)),"")	=IF(OR(F736="",G736=""),"",100*SUMIFS(zips!$C:$C,zips!$B:$B,F736,zips!$E:$E,"<"&G736)/SUMIFS(zips!$C:$C,zips!$B:$B,F736,zips!$E:$E,">0"))	364.0253	73.706	=IF(I736="","",ROUND(G736-I736,2))	=IF(J736="","",ROUND(H736-J736,2))
MRP Liberty	116 Challenger Way	Cullman	AL	35055	=IFERROR(INDEX(zips!$B:$B,MATCH(E737,zips!$A:$A,0)),"")	=IFERROR(INDEX(zips!$E:$E,MATCH(E737,zips!$A:$A,0)),"")	=IF(OR(F737="",G737=""),"",100*SUMIFS(zips!$C:$C,zips!$B:$B,F737,zips!$E:$E,"<"&G737)/SUMIFS(zips!$C:$C,zips!$B:$B,F737,zips!$E:$E,">0"))	364.0253	73.706	=IF(I737="","",ROUND(G737-I737,2))	=IF(J737="","",ROUND(H737-J737,2))
MRP Liberty	149 Challenger Way	Cullman	AL	35055	=IFERROR(INDEX(zips!$B:$B,MATCH(E738,zips!$A:$A,0)),"")	=IFERROR(INDEX(zips!$E:$E,MATCH(E738,zips!$A:$A,0)),"")	=IF(OR(F738="",G738=""),"",100*SUMIFS(zips!$C:$C,zips!$B:$B,F738,zips!$E:$E,"<"&G738)/SUMIFS(zips!$C:$C,zips!$B:$B,F738,zips!$E:$E,">0"))	364.0253	73.706	=IF(I738="","",ROUND(G738-I738,2))	=IF(J738="","",ROUND(H738-J738,2))
MRP Liberty	181 River Rock Street	Lincoln	AL	35096	=IFERROR(INDEX(zips!$B:$B,MATCH(E739,zips!$A:$A,0)),"")	=IFERROR(INDEX(zips!$E:$E,MATCH(E739,zips!$A:$A,0)),"")	=IF(OR(F739="",G739=""),"",100*SUMIFS(zips!$C:$C,zips!$B:$B,F739,zips!$E:$E,"<"&G739)/SUMIFS(zips!$C:$C,zips!$B:$B,F739,zips!$E:$E,">0"))	116.9079	66.1322	=IF(I739="","",ROUND(G739-I739,2))	=IF(J739="","",ROUND(H739-J739,2))
MRP Liberty	101 River Rock Street	Lincoln	AL	35096	=IFERROR(INDEX(zips!$B:$B,MATCH(E740,zips!$A:$A,0)),"")	=IFERROR(INDEX(zips!$E:$E,MATCH(E740,zips!$A:$A,0)),"")	=IF(OR(F740="",G740=""),"",100*SUMIFS(zips!$C:$C,zips!$B:$B,F740,zips!$E:$E,"<"&G740)/SUMIFS(zips!$C:$C,zips!$B:$B,F740,zips!$E:$E,">0"))	116.9079	66.1322	=IF(I740="","",ROUND(G740-I740,2))	=IF(J740="","",ROUND(H740-J740,2))
MRP Liberty	126 College Park Drive	Childersburg	AL	35044	=IFERROR(INDEX(zips!$B:$B,MATCH(E741,zips!$A:$A,0)),"")	=IFERROR(INDEX(zips!$E:$E,MATCH(E741,zips!$A:$A,0)),"")	=IF(OR(F741="",G741=""),"",100*SUMIFS(zips!$C:$C,zips!$B:$B,F741,zips!$E:$E,"<"&G741)/SUMIFS(zips!$C:$C,zips!$B:$B,F741,zips!$E:$E,">0"))	114.5862	55.5481	=IF(I741="","",ROUND(G741-I741,2))	=IF(J741="","",ROUND(H741-J741,2))
MRP Liberty	164 College Park Drive	Childersburg	AL	35044	=IFERROR(INDEX(zips!$B:$B,MATCH(E742,zips!$A:$A,0)),"")	=IFERROR(INDEX(zips!$E:$E,MATCH(E742,zips!$A:$A,0)),"")	=IF(OR(F742="",G742=""),"",100*SUMIFS(zips!$C:$C,zips!$B:$B,F742,zips!$E:$E,"<"&G742)/SUMIFS(zips!$C:$C,zips!$B:$B,F742,zips!$E:$E,">0"))	114.5862	55.5481	=IF(I742="","",ROUND(G742-I742,2))	=IF(J742="","",ROUND(H742-J742,2))
MRP Liberty	174 College Park Drive	Childersburg	AL	35044	=IFERROR(INDEX(zips!$B:$B,MATCH(E743,zips!$A:$A,0)),"")	=IFERROR(INDEX(zips!$E:$E,MATCH(E743,zips!$A:$A,0)),"")	=IF(OR(F743="",G743=""),"",100*SUMIFS(zips!$C:$C,zips!$B:$B,F743,zips!$E:$E,"<"&G743)/SUMIFS(zips!$C:$C,zips!$B:$B,F743,zips!$E:$E,">0"))	114.5862	55.5481	=IF(I743="","",ROUND(G743-I743,2))	=IF(J743="","",ROUND(H743-J743,2))
MRP Liberty	117 Dogwood Street	Childersburg	AL	35044	=IFERROR(INDEX(zips!$B:$B,MATCH(E744,zips!$A:$A,0)),"")	=IFERROR(INDEX(zips!$E:$E,MATCH(E744,zips!$A:$A,0)),"")	=IF(OR(F744="",G744=""),"",100*SUMIFS(zips!$C:$C,zips!$B:$B,F744,zips!$E:$E,"<"&G744)/SUMIFS(zips!$C:$C,zips!$B:$B,F744,zips!$E:$E,">0"))	114.5862	55.5481	=IF(I744="","",ROUND(G744-I744,2))	=IF(J744="","",ROUND(H744-J744,2))
MRP Liberty	20 Taylor Lane	Childersburg	AL	35044	=IFERROR(INDEX(zips!$B:$B,MATCH(E745,zips!$A:$A,0)),"")	=IFERROR(INDEX(zips!$E:$E,MATCH(E745,zips!$A:$A,0)),"")	=IF(OR(F745="",G745=""),"",100*SUMIFS(zips!$C:$C,zips!$B:$B,F745,zips!$E:$E,"<"&G745)/SUMIFS(zips!$C:$C,zips!$B:$B,F745,zips!$E:$E,">0"))	114.5862	55.5481	=IF(I745="","",ROUND(G745-I745,2))	=IF(J745="","",ROUND(H745-J745,2))
MRP Liberty	28 Taylor Lane	Childersburg	AL	35044	=IFERROR(INDEX(zips!$B:$B,MATCH(E746,zips!$A:$A,0)),"")	=IFERROR(INDEX(zips!$E:$E,MATCH(E746,zips!$A:$A,0)),"")	=IF(OR(F746="",G746=""),"",100*SUMIFS(zips!$C:$C,zips!$B:$B,F746,zips!$E:$E,"<"&G746)/SUMIFS(zips!$C:$C,zips!$B:$B,F746,zips!$E:$E,">0"))	114.5862	55.5481	=IF(I746="","",ROUND(G746-I746,2))	=IF(J746="","",ROUND(H746-J746,2))
MRP Liberty	42 Taylor Lane	Childersburg	AL	35044	=IFERROR(INDEX(zips!$B:$B,MATCH(E747,zips!$A:$A,0)),"")	=IFERROR(INDEX(zips!$E:$E,MATCH(E747,zips!$A:$A,0)),"")	=IF(OR(F747="",G747=""),"",100*SUMIFS(zips!$C:$C,zips!$B:$B,F747,zips!$E:$E,"<"&G747)/SUMIFS(zips!$C:$C,zips!$B:$B,F747,zips!$E:$E,">0"))	114.5862	55.5481	=IF(I747="","",ROUND(G747-I747,2))	=IF(J747="","",ROUND(H747-J747,2))
MRP Liberty	15712 Ruthie Lynn Dr	Athens	AL	35613	=IFERROR(INDEX(zips!$B:$B,MATCH(E748,zips!$A:$A,0)),"")	=IFERROR(INDEX(zips!$E:$E,MATCH(E748,zips!$A:$A,0)),"")	=IF(OR(F748="",G748=""),"",100*SUMIFS(zips!$C:$C,zips!$B:$B,F748,zips!$E:$E,"<"&G748)/SUMIFS(zips!$C:$C,zips!$B:$B,F748,zips!$E:$E,">0"))	322.4107	27.2371	=IF(I748="","",ROUND(G748-I748,2))	=IF(J748="","",ROUND(H748-J748,2))
MRP Liberty	22620 Donahue Dr	Athens	AL	35613	=IFERROR(INDEX(zips!$B:$B,MATCH(E749,zips!$A:$A,0)),"")	=IFERROR(INDEX(zips!$E:$E,MATCH(E749,zips!$A:$A,0)),"")	=IF(OR(F749="",G749=""),"",100*SUMIFS(zips!$C:$C,zips!$B:$B,F749,zips!$E:$E,"<"&G749)/SUMIFS(zips!$C:$C,zips!$B:$B,F749,zips!$E:$E,">0"))	322.4107	27.2371	=IF(I749="","",ROUND(G749-I749,2))	=IF(J749="","",ROUND(H749-J749,2))
MRP Liberty	17775 Emma Jo Lane	Athens	AL	35611	=IFERROR(INDEX(zips!$B:$B,MATCH(E750,zips!$A:$A,0)),"")	=IFERROR(INDEX(zips!$E:$E,MATCH(E750,zips!$A:$A,0)),"")	=IF(OR(F750="",G750=""),"",100*SUMIFS(zips!$C:$C,zips!$B:$B,F750,zips!$E:$E,"<"&G750)/SUMIFS(zips!$C:$C,zips!$B:$B,F750,zips!$E:$E,">0"))	252.7182	16.7697	=IF(I750="","",ROUND(G750-I750,2))	=IF(J750="","",ROUND(H750-J750,2))
MRP Liberty	4024 Mckenzie Drive Sw	Decatur	AL	35603	=IFERROR(INDEX(zips!$B:$B,MATCH(E751,zips!$A:$A,0)),"")	=IFERROR(INDEX(zips!$E:$E,MATCH(E751,zips!$A:$A,0)),"")	=IF(OR(F751="",G751=""),"",100*SUMIFS(zips!$C:$C,zips!$B:$B,F751,zips!$E:$E,"<"&G751)/SUMIFS(zips!$C:$C,zips!$B:$B,F751,zips!$E:$E,">0"))	448.7414	59.2152	=IF(I751="","",ROUND(G751-I751,2))	=IF(J751="","",ROUND(H751-J751,2))
MRP Liberty	4013 White River Road	Decatur	AL	35603	=IFERROR(INDEX(zips!$B:$B,MATCH(E752,zips!$A:$A,0)),"")	=IFERROR(INDEX(zips!$E:$E,MATCH(E752,zips!$A:$A,0)),"")	=IF(OR(F752="",G752=""),"",100*SUMIFS(zips!$C:$C,zips!$B:$B,F752,zips!$E:$E,"<"&G752)/SUMIFS(zips!$C:$C,zips!$B:$B,F752,zips!$E:$E,">0"))	448.7414	59.2152	=IF(I752="","",ROUND(G752-I752,2))	=IF(J752="","",ROUND(H752-J752,2))
MRP Liberty	4019 White River Road	Decatur	AL	35603	=IFERROR(INDEX(zips!$B:$B,MATCH(E753,zips!$A:$A,0)),"")	=IFERROR(INDEX(zips!$E:$E,MATCH(E753,zips!$A:$A,0)),"")	=IF(OR(F753="",G753=""),"",100*SUMIFS(zips!$C:$C,zips!$B:$B,F753,zips!$E:$E,"<"&G753)/SUMIFS(zips!$C:$C,zips!$B:$B,F753,zips!$E:$E,">0"))	448.7414	59.2152	=IF(I753="","",ROUND(G753-I753,2))	=IF(J753="","",ROUND(H753-J753,2))
MRP Liberty	222 N River Birch Way	Warner Robins	GA	31093	=IFERROR(INDEX(zips!$B:$B,MATCH(E754,zips!$A:$A,0)),"")	=IFERROR(INDEX(zips!$E:$E,MATCH(E754,zips!$A:$A,0)),"")	=IF(OR(F754="",G754=""),"",100*SUMIFS(zips!$C:$C,zips!$B:$B,F754,zips!$E:$E,"<"&G754)/SUMIFS(zips!$C:$C,zips!$B:$B,F754,zips!$E:$E,">0"))	1319.473	55.0382	=IF(I754="","",ROUND(G754-I754,2))	=IF(J754="","",ROUND(H754-J754,2))
MRP Liberty	215 N River Birch Way	Warner Robins	GA	31093	=IFERROR(INDEX(zips!$B:$B,MATCH(E755,zips!$A:$A,0)),"")	=IFERROR(INDEX(zips!$E:$E,MATCH(E755,zips!$A:$A,0)),"")	=IF(OR(F755="",G755=""),"",100*SUMIFS(zips!$C:$C,zips!$B:$B,F755,zips!$E:$E,"<"&G755)/SUMIFS(zips!$C:$C,zips!$B:$B,F755,zips!$E:$E,">0"))	1319.473	55.0382	=IF(I755="","",ROUND(G755-I755,2))	=IF(J755="","",ROUND(H755-J755,2))
MRP Liberty	111 Calpurnia St	Warner Robins	GA	31093	=IFERROR(INDEX(zips!$B:$B,MATCH(E756,zips!$A:$A,0)),"")	=IFERROR(INDEX(zips!$E:$E,MATCH(E756,zips!$A:$A,0)),"")	=IF(OR(F756="",G756=""),"",100*SUMIFS(zips!$C:$C,zips!$B:$B,F756,zips!$E:$E,"<"&G756)/SUMIFS(zips!$C:$C,zips!$B:$B,F756,zips!$E:$E,">0"))	1319.473	55.0382	=IF(I756="","",ROUND(G756-I756,2))	=IF(J756="","",ROUND(H756-J756,2))
MRP Liberty	102 Winged Elm Grv	Warner Robins	GA	31093	=IFERROR(INDEX(zips!$B:$B,MATCH(E757,zips!$A:$A,0)),"")	=IFERROR(INDEX(zips!$E:$E,MATCH(E757,zips!$A:$A,0)),"")	=IF(OR(F757="",G757=""),"",100*SUMIFS(zips!$C:$C,zips!$B:$B,F757,zips!$E:$E,"<"&G757)/SUMIFS(zips!$C:$C,zips!$B:$B,F757,zips!$E:$E,">0"))	1319.473	55.0382	=IF(I757="","",ROUND(G757-I757,2))	=IF(J757="","",ROUND(H757-J757,2))
MRP Liberty	112 S River Birch Way	Warner Robins	GA	31093	=IFERROR(INDEX(zips!$B:$B,MATCH(E758,zips!$A:$A,0)),"")	=IFERROR(INDEX(zips!$E:$E,MATCH(E758,zips!$A:$A,0)),"")	=IF(OR(F758="",G758=""),"",100*SUMIFS(zips!$C:$C,zips!$B:$B,F758,zips!$E:$E,"<"&G758)/SUMIFS(zips!$C:$C,zips!$B:$B,F758,zips!$E:$E,">0"))	1319.473	55.0382	=IF(I758="","",ROUND(G758-I758,2))	=IF(J758="","",ROUND(H758-J758,2))
MRP Liberty	114 S River Birch Way	Warner Robins	GA	31093	=IFERROR(INDEX(zips!$B:$B,MATCH(E759,zips!$A:$A,0)),"")	=IFERROR(INDEX(zips!$E:$E,MATCH(E759,zips!$A:$A,0)),"")	=IF(OR(F759="",G759=""),"",100*SUMIFS(zips!$C:$C,zips!$B:$B,F759,zips!$E:$E,"<"&G759)/SUMIFS(zips!$C:$C,zips!$B:$B,F759,zips!$E:$E,">0"))	1319.473	55.0382	=IF(I759="","",ROUND(G759-I759,2))	=IF(J759="","",ROUND(H759-J759,2))
MRP Liberty	120 S River Birch Way	Warner Robins	GA	31093	=IFERROR(INDEX(zips!$B:$B,MATCH(E760,zips!$A:$A,0)),"")	=IFERROR(INDEX(zips!$E:$E,MATCH(E760,zips!$A:$A,0)),"")	=IF(OR(F760="",G760=""),"",100*SUMIFS(zips!$C:$C,zips!$B:$B,F760,zips!$E:$E,"<"&G760)/SUMIFS(zips!$C:$C,zips!$B:$B,F760,zips!$E:$E,">0"))	1319.473	55.0382	=IF(I760="","",ROUND(G760-I760,2))	=IF(J760="","",ROUND(H760-J760,2))
MRP Liberty	104 Prospect Ave	Perry	GA	31069	=IFERROR(INDEX(zips!$B:$B,MATCH(E761,zips!$A:$A,0)),"")	=IFERROR(INDEX(zips!$E:$E,MATCH(E761,zips!$A:$A,0)),"")	=IF(OR(F761="",G761=""),"",100*SUMIFS(zips!$C:$C,zips!$B:$B,F761,zips!$E:$E,"<"&G761)/SUMIFS(zips!$C:$C,zips!$B:$B,F761,zips!$E:$E,">0"))	221.3214	14.5521	=IF(I761="","",ROUND(G761-I761,2))	=IF(J761="","",ROUND(H761-J761,2))
MRP Liberty	102 Prospect Ave	Perry	GA	31069	=IFERROR(INDEX(zips!$B:$B,MATCH(E762,zips!$A:$A,0)),"")	=IFERROR(INDEX(zips!$E:$E,MATCH(E762,zips!$A:$A,0)),"")	=IF(OR(F762="",G762=""),"",100*SUMIFS(zips!$C:$C,zips!$B:$B,F762,zips!$E:$E,"<"&G762)/SUMIFS(zips!$C:$C,zips!$B:$B,F762,zips!$E:$E,">0"))	221.3214	14.5521	=IF(I762="","",ROUND(G762-I762,2))	=IF(J762="","",ROUND(H762-J762,2))
MRP Liberty	209 Ensemble Blvd	Perry	GA	31069	=IFERROR(INDEX(zips!$B:$B,MATCH(E763,zips!$A:$A,0)),"")	=IFERROR(INDEX(zips!$E:$E,MATCH(E763,zips!$A:$A,0)),"")	=IF(OR(F763="",G763=""),"",100*SUMIFS(zips!$C:$C,zips!$B:$B,F763,zips!$E:$E,"<"&G763)/SUMIFS(zips!$C:$C,zips!$B:$B,F763,zips!$E:$E,">0"))	221.3214	14.5521	=IF(I763="","",ROUND(G763-I763,2))	=IF(J763="","",ROUND(H763-J763,2))
MRP Liberty	148 Shenandoah Ln	LaGrange	GA	30241	=IFERROR(INDEX(zips!$B:$B,MATCH(E764,zips!$A:$A,0)),"")	=IFERROR(INDEX(zips!$E:$E,MATCH(E764,zips!$A:$A,0)),"")	=IF(OR(F764="",G764=""),"",100*SUMIFS(zips!$C:$C,zips!$B:$B,F764,zips!$E:$E,"<"&G764)/SUMIFS(zips!$C:$C,zips!$B:$B,F764,zips!$E:$E,">0"))	221.4117	42.4242	=IF(I764="","",ROUND(G764-I764,2))	=IF(J764="","",ROUND(H764-J764,2))
MRP Liberty	138 Shenandoah Ln	LaGrange	GA	30241	=IFERROR(INDEX(zips!$B:$B,MATCH(E765,zips!$A:$A,0)),"")	=IFERROR(INDEX(zips!$E:$E,MATCH(E765,zips!$A:$A,0)),"")	=IF(OR(F765="",G765=""),"",100*SUMIFS(zips!$C:$C,zips!$B:$B,F765,zips!$E:$E,"<"&G765)/SUMIFS(zips!$C:$C,zips!$B:$B,F765,zips!$E:$E,">0"))	221.4117	42.4242	=IF(I765="","",ROUND(G765-I765,2))	=IF(J765="","",ROUND(H765-J765,2))
MRP Liberty	7 Gulfstream Dr	LaGrange	GA	30241	=IFERROR(INDEX(zips!$B:$B,MATCH(E766,zips!$A:$A,0)),"")	=IFERROR(INDEX(zips!$E:$E,MATCH(E766,zips!$A:$A,0)),"")	=IF(OR(F766="",G766=""),"",100*SUMIFS(zips!$C:$C,zips!$B:$B,F766,zips!$E:$E,"<"&G766)/SUMIFS(zips!$C:$C,zips!$B:$B,F766,zips!$E:$E,">0"))	221.4117	42.4242	=IF(I766="","",ROUND(G766-I766,2))	=IF(J766="","",ROUND(H766-J766,2))
MRP Liberty	11 Gulfstream Dr	LaGrange	GA	30241	=IFERROR(INDEX(zips!$B:$B,MATCH(E767,zips!$A:$A,0)),"")	=IFERROR(INDEX(zips!$E:$E,MATCH(E767,zips!$A:$A,0)),"")	=IF(OR(F767="",G767=""),"",100*SUMIFS(zips!$C:$C,zips!$B:$B,F767,zips!$E:$E,"<"&G767)/SUMIFS(zips!$C:$C,zips!$B:$B,F767,zips!$E:$E,">0"))	221.4117	42.4242	=IF(I767="","",ROUND(G767-I767,2))	=IF(J767="","",ROUND(H767-J767,2))
MRP Liberty	17 Gulfstream Dr	LaGrange	GA	30241	=IFERROR(INDEX(zips!$B:$B,MATCH(E768,zips!$A:$A,0)),"")	=IFERROR(INDEX(zips!$E:$E,MATCH(E768,zips!$A:$A,0)),"")	=IF(OR(F768="",G768=""),"",100*SUMIFS(zips!$C:$C,zips!$B:$B,F768,zips!$E:$E,"<"&G768)/SUMIFS(zips!$C:$C,zips!$B:$B,F768,zips!$E:$E,">0"))	221.4117	42.4242	=IF(I768="","",ROUND(G768-I768,2))	=IF(J768="","",ROUND(H768-J768,2))
MRP Liberty	8 Gulfstream Dr	LaGrange	GA	30241	=IFERROR(INDEX(zips!$B:$B,MATCH(E769,zips!$A:$A,0)),"")	=IFERROR(INDEX(zips!$E:$E,MATCH(E769,zips!$A:$A,0)),"")	=IF(OR(F769="",G769=""),"",100*SUMIFS(zips!$C:$C,zips!$B:$B,F769,zips!$E:$E,"<"&G769)/SUMIFS(zips!$C:$C,zips!$B:$B,F769,zips!$E:$E,">0"))	221.4117	42.4242	=IF(I769="","",ROUND(G769-I769,2))	=IF(J769="","",ROUND(H769-J769,2))
MRP Liberty	196 Summertown Dr	Statesboro	GA	30461	=IFERROR(INDEX(zips!$B:$B,MATCH(E770,zips!$A:$A,0)),"")	=IFERROR(INDEX(zips!$E:$E,MATCH(E770,zips!$A:$A,0)),"")	=IF(OR(F770="",G770=""),"",100*SUMIFS(zips!$C:$C,zips!$B:$B,F770,zips!$E:$E,"<"&G770)/SUMIFS(zips!$C:$C,zips!$B:$B,F770,zips!$E:$E,">0"))	107.4329	14.4481	=IF(I770="","",ROUND(G770-I770,2))	=IF(J770="","",ROUND(H770-J770,2))
MRP Liberty	2990 Willow Creek Dr	Watkinsville	GA	30677	=IFERROR(INDEX(zips!$B:$B,MATCH(E771,zips!$A:$A,0)),"")	=IFERROR(INDEX(zips!$E:$E,MATCH(E771,zips!$A:$A,0)),"")	=IF(OR(F771="",G771=""),"",100*SUMIFS(zips!$C:$C,zips!$B:$B,F771,zips!$E:$E,"<"&G771)/SUMIFS(zips!$C:$C,zips!$B:$B,F771,zips!$E:$E,">0"))	175.6477	26.1286	=IF(I771="","",ROUND(G771-I771,2))	=IF(J771="","",ROUND(H771-J771,2))
MRP Liberty	2870 Willow Creek Dr	Watkinsville	GA	30677	=IFERROR(INDEX(zips!$B:$B,MATCH(E772,zips!$A:$A,0)),"")	=IFERROR(INDEX(zips!$E:$E,MATCH(E772,zips!$A:$A,0)),"")	=IF(OR(F772="",G772=""),"",100*SUMIFS(zips!$C:$C,zips!$B:$B,F772,zips!$E:$E,"<"&G772)/SUMIFS(zips!$C:$C,zips!$B:$B,F772,zips!$E:$E,">0"))	175.6477	26.1286	=IF(I772="","",ROUND(G772-I772,2))	=IF(J772="","",ROUND(H772-J772,2))
MRP Liberty	274 Pondview Dr	Athens	GA	30605	=IFERROR(INDEX(zips!$B:$B,MATCH(E773,zips!$A:$A,0)),"")	=IFERROR(INDEX(zips!$E:$E,MATCH(E773,zips!$A:$A,0)),"")	=IF(OR(F773="",G773=""),"",100*SUMIFS(zips!$C:$C,zips!$B:$B,F773,zips!$E:$E,"<"&G773)/SUMIFS(zips!$C:$C,zips!$B:$B,F773,zips!$E:$E,">0"))	1093.7263	61.8285	=IF(I773="","",ROUND(G773-I773,2))	=IF(J773="","",ROUND(H773-J773,2))
MRP Liberty	278 Pondview Dr	Athens	GA	30605	=IFERROR(INDEX(zips!$B:$B,MATCH(E774,zips!$A:$A,0)),"")	=IFERROR(INDEX(zips!$E:$E,MATCH(E774,zips!$A:$A,0)),"")	=IF(OR(F774="",G774=""),"",100*SUMIFS(zips!$C:$C,zips!$B:$B,F774,zips!$E:$E,"<"&G774)/SUMIFS(zips!$C:$C,zips!$B:$B,F774,zips!$E:$E,">0"))	1093.7263	61.8285	=IF(I774="","",ROUND(G774-I774,2))	=IF(J774="","",ROUND(H774-J774,2))
MRP Liberty	291 Pondview Dr	Athens	GA	30605	=IFERROR(INDEX(zips!$B:$B,MATCH(E775,zips!$A:$A,0)),"")	=IFERROR(INDEX(zips!$E:$E,MATCH(E775,zips!$A:$A,0)),"")	=IF(OR(F775="",G775=""),"",100*SUMIFS(zips!$C:$C,zips!$B:$B,F775,zips!$E:$E,"<"&G775)/SUMIFS(zips!$C:$C,zips!$B:$B,F775,zips!$E:$E,">0"))	1093.7263	61.8285	=IF(I775="","",ROUND(G775-I775,2))	=IF(J775="","",ROUND(H775-J775,2))
MRP Liberty	287 Pondview Dr	Athens	GA	30605	=IFERROR(INDEX(zips!$B:$B,MATCH(E776,zips!$A:$A,0)),"")	=IFERROR(INDEX(zips!$E:$E,MATCH(E776,zips!$A:$A,0)),"")	=IF(OR(F776="",G776=""),"",100*SUMIFS(zips!$C:$C,zips!$B:$B,F776,zips!$E:$E,"<"&G776)/SUMIFS(zips!$C:$C,zips!$B:$B,F776,zips!$E:$E,">0"))	1093.7263	61.8285	=IF(I776="","",ROUND(G776-I776,2))	=IF(J776="","",ROUND(H776-J776,2))
MRP Liberty	7519 Madrid Manor	Richmond	TX	77469	=IFERROR(INDEX(zips!$B:$B,MATCH(E777,zips!$A:$A,0)),"")	=IFERROR(INDEX(zips!$E:$E,MATCH(E777,zips!$A:$A,0)),"")	=IF(OR(F777="",G777=""),"",100*SUMIFS(zips!$C:$C,zips!$B:$B,F777,zips!$E:$E,"<"&G777)/SUMIFS(zips!$C:$C,zips!$B:$B,F777,zips!$E:$E,">0"))	610.3945	12.2952	=IF(I777="","",ROUND(G777-I777,2))	=IF(J777="","",ROUND(H777-J777,2))
MRP Liberty	7515 Madrid Manor	Richmond	TX	77469	=IFERROR(INDEX(zips!$B:$B,MATCH(E778,zips!$A:$A,0)),"")	=IFERROR(INDEX(zips!$E:$E,MATCH(E778,zips!$A:$A,0)),"")	=IF(OR(F778="",G778=""),"",100*SUMIFS(zips!$C:$C,zips!$B:$B,F778,zips!$E:$E,"<"&G778)/SUMIFS(zips!$C:$C,zips!$B:$B,F778,zips!$E:$E,">0"))	610.3945	12.2952	=IF(I778="","",ROUND(G778-I778,2))	=IF(J778="","",ROUND(H778-J778,2))
MRP Liberty	4906 Valencia Forest	Richmond	TX	77469	=IFERROR(INDEX(zips!$B:$B,MATCH(E779,zips!$A:$A,0)),"")	=IFERROR(INDEX(zips!$E:$E,MATCH(E779,zips!$A:$A,0)),"")	=IF(OR(F779="",G779=""),"",100*SUMIFS(zips!$C:$C,zips!$B:$B,F779,zips!$E:$E,"<"&G779)/SUMIFS(zips!$C:$C,zips!$B:$B,F779,zips!$E:$E,">0"))	610.3945	12.2952	=IF(I779="","",ROUND(G779-I779,2))	=IF(J779="","",ROUND(H779-J779,2))
MRP Liberty	7518 Madrid Manor	Richmond	TX	77469	=IFERROR(INDEX(zips!$B:$B,MATCH(E780,zips!$A:$A,0)),"")	=IFERROR(INDEX(zips!$E:$E,MATCH(E780,zips!$A:$A,0)),"")	=IF(OR(F780="",G780=""),"",100*SUMIFS(zips!$C:$C,zips!$B:$B,F780,zips!$E:$E,"<"&G780)/SUMIFS(zips!$C:$C,zips!$B:$B,F780,zips!$E:$E,">0"))	610.3945	12.2952	=IF(I780="","",ROUND(G780-I780,2))	=IF(J780="","",ROUND(H780-J780,2))
MRP Liberty	4926 Valencia Forest	Richmond	TX	77469	=IFERROR(INDEX(zips!$B:$B,MATCH(E781,zips!$A:$A,0)),"")	=IFERROR(INDEX(zips!$E:$E,MATCH(E781,zips!$A:$A,0)),"")	=IF(OR(F781="",G781=""),"",100*SUMIFS(zips!$C:$C,zips!$B:$B,F781,zips!$E:$E,"<"&G781)/SUMIFS(zips!$C:$C,zips!$B:$B,F781,zips!$E:$E,">0"))	610.3945	12.2952	=IF(I781="","",ROUND(G781-I781,2))	=IF(J781="","",ROUND(H781-J781,2))
MRP Liberty	4922 Valencia Forest	Richmond	TX	77469	=IFERROR(INDEX(zips!$B:$B,MATCH(E782,zips!$A:$A,0)),"")	=IFERROR(INDEX(zips!$E:$E,MATCH(E782,zips!$A:$A,0)),"")	=IF(OR(F782="",G782=""),"",100*SUMIFS(zips!$C:$C,zips!$B:$B,F782,zips!$E:$E,"<"&G782)/SUMIFS(zips!$C:$C,zips!$B:$B,F782,zips!$E:$E,">0"))	610.3945	12.2952	=IF(I782="","",ROUND(G782-I782,2))	=IF(J782="","",ROUND(H782-J782,2))
MRP Liberty	102 Heritage Groves Road	Bertram	TX	78605	=IFERROR(INDEX(zips!$B:$B,MATCH(E783,zips!$A:$A,0)),"")	=IFERROR(INDEX(zips!$E:$E,MATCH(E783,zips!$A:$A,0)),"")	=IF(OR(F783="",G783=""),"",100*SUMIFS(zips!$C:$C,zips!$B:$B,F783,zips!$E:$E,"<"&G783)/SUMIFS(zips!$C:$C,zips!$B:$B,F783,zips!$E:$E,">0"))			=IF(I783="","",ROUND(G783-I783,2))	=IF(J783="","",ROUND(H783-J783,2))
MRP Liberty	101 Bertram Oaks Drive	Bertram	TX	78605	=IFERROR(INDEX(zips!$B:$B,MATCH(E784,zips!$A:$A,0)),"")	=IFERROR(INDEX(zips!$E:$E,MATCH(E784,zips!$A:$A,0)),"")	=IF(OR(F784="",G784=""),"",100*SUMIFS(zips!$C:$C,zips!$B:$B,F784,zips!$E:$E,"<"&G784)/SUMIFS(zips!$C:$C,zips!$B:$B,F784,zips!$E:$E,">0"))			=IF(I784="","",ROUND(G784-I784,2))	=IF(J784="","",ROUND(H784-J784,2))
MRP Liberty	7201 S Maple Av W	Broken Arrow	OK	74011	=IFERROR(INDEX(zips!$B:$B,MATCH(E785,zips!$A:$A,0)),"")	=IFERROR(INDEX(zips!$E:$E,MATCH(E785,zips!$A:$A,0)),"")	=IF(OR(F785="",G785=""),"",100*SUMIFS(zips!$C:$C,zips!$B:$B,F785,zips!$E:$E,"<"&G785)/SUMIFS(zips!$C:$C,zips!$B:$B,F785,zips!$E:$E,">0"))	1391.7145	53.1078	=IF(I785="","",ROUND(G785-I785,2))	=IF(J785="","",ROUND(H785-J785,2))
MRP Liberty	1303 W Decatur Pl S	Broken Arrow	OK	74011	=IFERROR(INDEX(zips!$B:$B,MATCH(E786,zips!$A:$A,0)),"")	=IFERROR(INDEX(zips!$E:$E,MATCH(E786,zips!$A:$A,0)),"")	=IF(OR(F786="",G786=""),"",100*SUMIFS(zips!$C:$C,zips!$B:$B,F786,zips!$E:$E,"<"&G786)/SUMIFS(zips!$C:$C,zips!$B:$B,F786,zips!$E:$E,">0"))	1391.7145	53.1078	=IF(I786="","",ROUND(G786-I786,2))	=IF(J786="","",ROUND(H786-J786,2))
MRP Liberty	2026 W 30Th Ave	Stillwater	OK	74074	=IFERROR(INDEX(zips!$B:$B,MATCH(E787,zips!$A:$A,0)),"")	=IFERROR(INDEX(zips!$E:$E,MATCH(E787,zips!$A:$A,0)),"")	=IF(OR(F787="",G787=""),"",100*SUMIFS(zips!$C:$C,zips!$B:$B,F787,zips!$E:$E,"<"&G787)/SUMIFS(zips!$C:$C,zips!$B:$B,F787,zips!$E:$E,">0"))	250.7459	27.989	=IF(I787="","",ROUND(G787-I787,2))	=IF(J787="","",ROUND(H787-J787,2))
MRP Liberty	2022 W 30Th Ave	Stillwater	OK	74074	=IFERROR(INDEX(zips!$B:$B,MATCH(E788,zips!$A:$A,0)),"")	=IFERROR(INDEX(zips!$E:$E,MATCH(E788,zips!$A:$A,0)),"")	=IF(OR(F788="",G788=""),"",100*SUMIFS(zips!$C:$C,zips!$B:$B,F788,zips!$E:$E,"<"&G788)/SUMIFS(zips!$C:$C,zips!$B:$B,F788,zips!$E:$E,">0"))	250.7459	27.989	=IF(I788="","",ROUND(G788-I788,2))	=IF(J788="","",ROUND(H788-J788,2))
MRP Liberty	2102 W 30Th Pl	Stillwater	OK	74074	=IFERROR(INDEX(zips!$B:$B,MATCH(E789,zips!$A:$A,0)),"")	=IFERROR(INDEX(zips!$E:$E,MATCH(E789,zips!$A:$A,0)),"")	=IF(OR(F789="",G789=""),"",100*SUMIFS(zips!$C:$C,zips!$B:$B,F789,zips!$E:$E,"<"&G789)/SUMIFS(zips!$C:$C,zips!$B:$B,F789,zips!$E:$E,">0"))	250.7459	27.989	=IF(I789="","",ROUND(G789-I789,2))	=IF(J789="","",ROUND(H789-J789,2))
MRP Liberty	2025 W 30Th Pl	Stillwater	OK	74074	=IFERROR(INDEX(zips!$B:$B,MATCH(E790,zips!$A:$A,0)),"")	=IFERROR(INDEX(zips!$E:$E,MATCH(E790,zips!$A:$A,0)),"")	=IF(OR(F790="",G790=""),"",100*SUMIFS(zips!$C:$C,zips!$B:$B,F790,zips!$E:$E,"<"&G790)/SUMIFS(zips!$C:$C,zips!$B:$B,F790,zips!$E:$E,">0"))	250.7459	27.989	=IF(I790="","",ROUND(G790-I790,2))	=IF(J790="","",ROUND(H790-J790,2))
MRP Liberty	18 Orchid St		OK	74010	=IFERROR(INDEX(zips!$B:$B,MATCH(E791,zips!$A:$A,0)),"")	=IFERROR(INDEX(zips!$E:$E,MATCH(E791,zips!$A:$A,0)),"")	=IF(OR(F791="",G791=""),"",100*SUMIFS(zips!$C:$C,zips!$B:$B,F791,zips!$E:$E,"<"&G791)/SUMIFS(zips!$C:$C,zips!$B:$B,F791,zips!$E:$E,">0"))	31.9945	3.053	=IF(I791="","",ROUND(G791-I791,2))	=IF(J791="","",ROUND(H791-J791,2))
MRP Liberty	17 Orchid St		OK	74010	=IFERROR(INDEX(zips!$B:$B,MATCH(E792,zips!$A:$A,0)),"")	=IFERROR(INDEX(zips!$E:$E,MATCH(E792,zips!$A:$A,0)),"")	=IF(OR(F792="",G792=""),"",100*SUMIFS(zips!$C:$C,zips!$B:$B,F792,zips!$E:$E,"<"&G792)/SUMIFS(zips!$C:$C,zips!$B:$B,F792,zips!$E:$E,">0"))	31.9945	3.053	=IF(I792="","",ROUND(G792-I792,2))	=IF(J792="","",ROUND(H792-J792,2))
MRP Liberty	20660 Meadow St		OK	74039	=IFERROR(INDEX(zips!$B:$B,MATCH(E793,zips!$A:$A,0)),"")	=IFERROR(INDEX(zips!$E:$E,MATCH(E793,zips!$A:$A,0)),"")	=IF(OR(F793="",G793=""),"",100*SUMIFS(zips!$C:$C,zips!$B:$B,F793,zips!$E:$E,"<"&G793)/SUMIFS(zips!$C:$C,zips!$B:$B,F793,zips!$E:$E,">0"))	58.3306	8.4932	=IF(I793="","",ROUND(G793-I793,2))	=IF(J793="","",ROUND(H793-J793,2))
MRP Liberty	20614 Meadow St		OK	74039	=IFERROR(INDEX(zips!$B:$B,MATCH(E794,zips!$A:$A,0)),"")	=IFERROR(INDEX(zips!$E:$E,MATCH(E794,zips!$A:$A,0)),"")	=IF(OR(F794="",G794=""),"",100*SUMIFS(zips!$C:$C,zips!$B:$B,F794,zips!$E:$E,"<"&G794)/SUMIFS(zips!$C:$C,zips!$B:$B,F794,zips!$E:$E,">0"))	58.3306	8.4932	=IF(I794="","",ROUND(G794-I794,2))	=IF(J794="","",ROUND(H794-J794,2))
MRP Liberty	5203 Great Percheron Dr	Indianapolis	IN	46239	=IFERROR(INDEX(zips!$B:$B,MATCH(E795,zips!$A:$A,0)),"")	=IFERROR(INDEX(zips!$E:$E,MATCH(E795,zips!$A:$A,0)),"")	=IF(OR(F795="",G795=""),"",100*SUMIFS(zips!$C:$C,zips!$B:$B,F795,zips!$E:$E,"<"&G795)/SUMIFS(zips!$C:$C,zips!$B:$B,F795,zips!$E:$E,">0"))	1182.0723	38.1618	=IF(I795="","",ROUND(G795-I795,2))	=IF(J795="","",ROUND(H795-J795,2))
MRP Liberty	5202 Great Percheron Dr	Indianapolis	IN	46239	=IFERROR(INDEX(zips!$B:$B,MATCH(E796,zips!$A:$A,0)),"")	=IFERROR(INDEX(zips!$E:$E,MATCH(E796,zips!$A:$A,0)),"")	=IF(OR(F796="",G796=""),"",100*SUMIFS(zips!$C:$C,zips!$B:$B,F796,zips!$E:$E,"<"&G796)/SUMIFS(zips!$C:$C,zips!$B:$B,F796,zips!$E:$E,">0"))	1182.0723	38.1618	=IF(I796="","",ROUND(G796-I796,2))	=IF(J796="","",ROUND(H796-J796,2))
MRP Liberty	8264 Grand Appaloosa Way	Indianapolis	IN	46239	=IFERROR(INDEX(zips!$B:$B,MATCH(E797,zips!$A:$A,0)),"")	=IFERROR(INDEX(zips!$E:$E,MATCH(E797,zips!$A:$A,0)),"")	=IF(OR(F797="",G797=""),"",100*SUMIFS(zips!$C:$C,zips!$B:$B,F797,zips!$E:$E,"<"&G797)/SUMIFS(zips!$C:$C,zips!$B:$B,F797,zips!$E:$E,">0"))	1182.0723	38.1618	=IF(I797="","",ROUND(G797-I797,2))	=IF(J797="","",ROUND(H797-J797,2))
MRP Liberty	11860 Cotterill Way	Indianapolis	IN	46235	=IFERROR(INDEX(zips!$B:$B,MATCH(E798,zips!$A:$A,0)),"")	=IFERROR(INDEX(zips!$E:$E,MATCH(E798,zips!$A:$A,0)),"")	=IF(OR(F798="",G798=""),"",100*SUMIFS(zips!$C:$C,zips!$B:$B,F798,zips!$E:$E,"<"&G798)/SUMIFS(zips!$C:$C,zips!$B:$B,F798,zips!$E:$E,">0"))	3746.6861	92.9303	=IF(I798="","",ROUND(G798-I798,2))	=IF(J798="","",ROUND(H798-J798,2))
MRP Liberty	1852 Werner Ln	Westfield	IN	46074	=IFERROR(INDEX(zips!$B:$B,MATCH(E799,zips!$A:$A,0)),"")	=IFERROR(INDEX(zips!$E:$E,MATCH(E799,zips!$A:$A,0)),"")	=IF(OR(F799="",G799=""),"",100*SUMIFS(zips!$C:$C,zips!$B:$B,F799,zips!$E:$E,"<"&G799)/SUMIFS(zips!$C:$C,zips!$B:$B,F799,zips!$E:$E,">0"))	1265.7595	41.5777	=IF(I799="","",ROUND(G799-I799,2))	=IF(J799="","",ROUND(H799-J799,2))
MRP Liberty	1864 Werner Ln	Westfield	IN	46074	=IFERROR(INDEX(zips!$B:$B,MATCH(E800,zips!$A:$A,0)),"")	=IFERROR(INDEX(zips!$E:$E,MATCH(E800,zips!$A:$A,0)),"")	=IF(OR(F800="",G800=""),"",100*SUMIFS(zips!$C:$C,zips!$B:$B,F800,zips!$E:$E,"<"&G800)/SUMIFS(zips!$C:$C,zips!$B:$B,F800,zips!$E:$E,">0"))	1265.7595	41.5777	=IF(I800="","",ROUND(G800-I800,2))	=IF(J800="","",ROUND(H800-J800,2))
MRP Liberty	1870 Werner Ln	Westfield	IN	46074	=IFERROR(INDEX(zips!$B:$B,MATCH(E801,zips!$A:$A,0)),"")	=IFERROR(INDEX(zips!$E:$E,MATCH(E801,zips!$A:$A,0)),"")	=IF(OR(F801="",G801=""),"",100*SUMIFS(zips!$C:$C,zips!$B:$B,F801,zips!$E:$E,"<"&G801)/SUMIFS(zips!$C:$C,zips!$B:$B,F801,zips!$E:$E,">0"))	1265.7595	41.5777	=IF(I801="","",ROUND(G801-I801,2))	=IF(J801="","",ROUND(H801-J801,2))
MRP Liberty	1876 Werner Ln	Westfield	IN	46074	=IFERROR(INDEX(zips!$B:$B,MATCH(E802,zips!$A:$A,0)),"")	=IFERROR(INDEX(zips!$E:$E,MATCH(E802,zips!$A:$A,0)),"")	=IF(OR(F802="",G802=""),"",100*SUMIFS(zips!$C:$C,zips!$B:$B,F802,zips!$E:$E,"<"&G802)/SUMIFS(zips!$C:$C,zips!$B:$B,F802,zips!$E:$E,">0"))	1265.7595	41.5777	=IF(I802="","",ROUND(G802-I802,2))	=IF(J802="","",ROUND(H802-J802,2))
MRP Liberty	1882 Werner Ln	Westfield	IN	46074	=IFERROR(INDEX(zips!$B:$B,MATCH(E803,zips!$A:$A,0)),"")	=IFERROR(INDEX(zips!$E:$E,MATCH(E803,zips!$A:$A,0)),"")	=IF(OR(F803="",G803=""),"",100*SUMIFS(zips!$C:$C,zips!$B:$B,F803,zips!$E:$E,"<"&G803)/SUMIFS(zips!$C:$C,zips!$B:$B,F803,zips!$E:$E,">0"))	1265.7595	41.5777	=IF(I803="","",ROUND(G803-I803,2))	=IF(J803="","",ROUND(H803-J803,2))
MRP Liberty	4054 Oxford Glen Dr	CLAREMONT	NC	28610	=IFERROR(INDEX(zips!$B:$B,MATCH(E804,zips!$A:$A,0)),"")	=IFERROR(INDEX(zips!$E:$E,MATCH(E804,zips!$A:$A,0)),"")	=IF(OR(F804="",G804=""),"",100*SUMIFS(zips!$C:$C,zips!$B:$B,F804,zips!$E:$E,"<"&G804)/SUMIFS(zips!$C:$C,zips!$B:$B,F804,zips!$E:$E,">0"))	273.6156	51.2466	=IF(I804="","",ROUND(G804-I804,2))	=IF(J804="","",ROUND(H804-J804,2))
MRP Liberty	4066 Oxford Glen Dr	CLAREMONT	NC	28610	=IFERROR(INDEX(zips!$B:$B,MATCH(E805,zips!$A:$A,0)),"")	=IFERROR(INDEX(zips!$E:$E,MATCH(E805,zips!$A:$A,0)),"")	=IF(OR(F805="",G805=""),"",100*SUMIFS(zips!$C:$C,zips!$B:$B,F805,zips!$E:$E,"<"&G805)/SUMIFS(zips!$C:$C,zips!$B:$B,F805,zips!$E:$E,">0"))	273.6156	51.2466	=IF(I805="","",ROUND(G805-I805,2))	=IF(J805="","",ROUND(H805-J805,2))
MRP Liberty	4072 Oxford Glen Dr	CLAREMONT	NC	28610	=IFERROR(INDEX(zips!$B:$B,MATCH(E806,zips!$A:$A,0)),"")	=IFERROR(INDEX(zips!$E:$E,MATCH(E806,zips!$A:$A,0)),"")	=IF(OR(F806="",G806=""),"",100*SUMIFS(zips!$C:$C,zips!$B:$B,F806,zips!$E:$E,"<"&G806)/SUMIFS(zips!$C:$C,zips!$B:$B,F806,zips!$E:$E,">0"))	273.6156	51.2466	=IF(I806="","",ROUND(G806-I806,2))	=IF(J806="","",ROUND(H806-J806,2))
MRP Liberty	4075 Oxford Glen Dr	CLAREMONT	NC	28610	=IFERROR(INDEX(zips!$B:$B,MATCH(E807,zips!$A:$A,0)),"")	=IFERROR(INDEX(zips!$E:$E,MATCH(E807,zips!$A:$A,0)),"")	=IF(OR(F807="",G807=""),"",100*SUMIFS(zips!$C:$C,zips!$B:$B,F807,zips!$E:$E,"<"&G807)/SUMIFS(zips!$C:$C,zips!$B:$B,F807,zips!$E:$E,">0"))	273.6156	51.2466	=IF(I807="","",ROUND(G807-I807,2))	=IF(J807="","",ROUND(H807-J807,2))
MRP Liberty	4078 Oxford Glen Dr	CLAREMONT	NC	28610	=IFERROR(INDEX(zips!$B:$B,MATCH(E808,zips!$A:$A,0)),"")	=IFERROR(INDEX(zips!$E:$E,MATCH(E808,zips!$A:$A,0)),"")	=IF(OR(F808="",G808=""),"",100*SUMIFS(zips!$C:$C,zips!$B:$B,F808,zips!$E:$E,"<"&G808)/SUMIFS(zips!$C:$C,zips!$B:$B,F808,zips!$E:$E,">0"))	273.6156	51.2466	=IF(I808="","",ROUND(G808-I808,2))	=IF(J808="","",ROUND(H808-J808,2))
MRP Liberty	4081 Oxford Glen Dr	CLAREMONT	NC	28610	=IFERROR(INDEX(zips!$B:$B,MATCH(E809,zips!$A:$A,0)),"")	=IFERROR(INDEX(zips!$E:$E,MATCH(E809,zips!$A:$A,0)),"")	=IF(OR(F809="",G809=""),"",100*SUMIFS(zips!$C:$C,zips!$B:$B,F809,zips!$E:$E,"<"&G809)/SUMIFS(zips!$C:$C,zips!$B:$B,F809,zips!$E:$E,">0"))	273.6156	51.2466	=IF(I809="","",ROUND(G809-I809,2))	=IF(J809="","",ROUND(H809-J809,2))
MRP Liberty	4084 Oxford Glen Dr	CLAREMONT	NC	28610	=IFERROR(INDEX(zips!$B:$B,MATCH(E810,zips!$A:$A,0)),"")	=IFERROR(INDEX(zips!$E:$E,MATCH(E810,zips!$A:$A,0)),"")	=IF(OR(F810="",G810=""),"",100*SUMIFS(zips!$C:$C,zips!$B:$B,F810,zips!$E:$E,"<"&G810)/SUMIFS(zips!$C:$C,zips!$B:$B,F810,zips!$E:$E,">0"))	273.6156	51.2466	=IF(I810="","",ROUND(G810-I810,2))	=IF(J810="","",ROUND(H810-J810,2))
MRP Liberty	4087 Oxford Glen Dr	CLAREMONT	NC	28610	=IFERROR(INDEX(zips!$B:$B,MATCH(E811,zips!$A:$A,0)),"")	=IFERROR(INDEX(zips!$E:$E,MATCH(E811,zips!$A:$A,0)),"")	=IF(OR(F811="",G811=""),"",100*SUMIFS(zips!$C:$C,zips!$B:$B,F811,zips!$E:$E,"<"&G811)/SUMIFS(zips!$C:$C,zips!$B:$B,F811,zips!$E:$E,">0"))	273.6156	51.2466	=IF(I811="","",ROUND(G811-I811,2))	=IF(J811="","",ROUND(H811-J811,2))
MRP Liberty	4090 Oxford Glen Dr	CLAREMONT	NC	28610	=IFERROR(INDEX(zips!$B:$B,MATCH(E812,zips!$A:$A,0)),"")	=IFERROR(INDEX(zips!$E:$E,MATCH(E812,zips!$A:$A,0)),"")	=IF(OR(F812="",G812=""),"",100*SUMIFS(zips!$C:$C,zips!$B:$B,F812,zips!$E:$E,"<"&G812)/SUMIFS(zips!$C:$C,zips!$B:$B,F812,zips!$E:$E,">0"))	273.6156	51.2466	=IF(I812="","",ROUND(G812-I812,2))	=IF(J812="","",ROUND(H812-J812,2))
MRP Liberty	4093 Oxford Glen Dr	CLAREMONT	NC	28610	=IFERROR(INDEX(zips!$B:$B,MATCH(E813,zips!$A:$A,0)),"")	=IFERROR(INDEX(zips!$E:$E,MATCH(E813,zips!$A:$A,0)),"")	=IF(OR(F813="",G813=""),"",100*SUMIFS(zips!$C:$C,zips!$B:$B,F813,zips!$E:$E,"<"&G813)/SUMIFS(zips!$C:$C,zips!$B:$B,F813,zips!$E:$E,">0"))	273.6156	51.2466	=IF(I813="","",ROUND(G813-I813,2))	=IF(J813="","",ROUND(H813-J813,2))
MRP Liberty	4096 Oxford Glen Dr	CLAREMONT	NC	28610	=IFERROR(INDEX(zips!$B:$B,MATCH(E814,zips!$A:$A,0)),"")	=IFERROR(INDEX(zips!$E:$E,MATCH(E814,zips!$A:$A,0)),"")	=IF(OR(F814="",G814=""),"",100*SUMIFS(zips!$C:$C,zips!$B:$B,F814,zips!$E:$E,"<"&G814)/SUMIFS(zips!$C:$C,zips!$B:$B,F814,zips!$E:$E,">0"))	273.6156	51.2466	=IF(I814="","",ROUND(G814-I814,2))	=IF(J814="","",ROUND(H814-J814,2))
MRP Liberty	4099 Oxford Glen Dr	CLAREMONT	NC	28610	=IFERROR(INDEX(zips!$B:$B,MATCH(E815,zips!$A:$A,0)),"")	=IFERROR(INDEX(zips!$E:$E,MATCH(E815,zips!$A:$A,0)),"")	=IF(OR(F815="",G815=""),"",100*SUMIFS(zips!$C:$C,zips!$B:$B,F815,zips!$E:$E,"<"&G815)/SUMIFS(zips!$C:$C,zips!$B:$B,F815,zips!$E:$E,">0"))	273.6156	51.2466	=IF(I815="","",ROUND(G815-I815,2))	=IF(J815="","",ROUND(H815-J815,2))
MRP Liberty	4102 Oxford Glen Dr	CLAREMONT	NC	28610	=IFERROR(INDEX(zips!$B:$B,MATCH(E816,zips!$A:$A,0)),"")	=IFERROR(INDEX(zips!$E:$E,MATCH(E816,zips!$A:$A,0)),"")	=IF(OR(F816="",G816=""),"",100*SUMIFS(zips!$C:$C,zips!$B:$B,F816,zips!$E:$E,"<"&G816)/SUMIFS(zips!$C:$C,zips!$B:$B,F816,zips!$E:$E,">0"))	273.6156	51.2466	=IF(I816="","",ROUND(G816-I816,2))	=IF(J816="","",ROUND(H816-J816,2))
MRP Liberty	4105 Oxford Glen Dr	CLAREMONT	NC	28610	=IFERROR(INDEX(zips!$B:$B,MATCH(E817,zips!$A:$A,0)),"")	=IFERROR(INDEX(zips!$E:$E,MATCH(E817,zips!$A:$A,0)),"")	=IF(OR(F817="",G817=""),"",100*SUMIFS(zips!$C:$C,zips!$B:$B,F817,zips!$E:$E,"<"&G817)/SUMIFS(zips!$C:$C,zips!$B:$B,F817,zips!$E:$E,">0"))	273.6156	51.2466	=IF(I817="","",ROUND(G817-I817,2))	=IF(J817="","",ROUND(H817-J817,2))
MRP Liberty	4108 Oxford Glen Dr	CLAREMONT	NC	28610	=IFERROR(INDEX(zips!$B:$B,MATCH(E818,zips!$A:$A,0)),"")	=IFERROR(INDEX(zips!$E:$E,MATCH(E818,zips!$A:$A,0)),"")	=IF(OR(F818="",G818=""),"",100*SUMIFS(zips!$C:$C,zips!$B:$B,F818,zips!$E:$E,"<"&G818)/SUMIFS(zips!$C:$C,zips!$B:$B,F818,zips!$E:$E,">0"))	273.6156	51.2466	=IF(I818="","",ROUND(G818-I818,2))	=IF(J818="","",ROUND(H818-J818,2))
MRP Liberty	4114 Oxford Glen Dr	CLAREMONT	NC	28610	=IFERROR(INDEX(zips!$B:$B,MATCH(E819,zips!$A:$A,0)),"")	=IFERROR(INDEX(zips!$E:$E,MATCH(E819,zips!$A:$A,0)),"")	=IF(OR(F819="",G819=""),"",100*SUMIFS(zips!$C:$C,zips!$B:$B,F819,zips!$E:$E,"<"&G819)/SUMIFS(zips!$C:$C,zips!$B:$B,F819,zips!$E:$E,">0"))	273.6156	51.2466	=IF(I819="","",ROUND(G819-I819,2))	=IF(J819="","",ROUND(H819-J819,2))
MRP Liberty	4117 Oxford Glen Dr	CLAREMONT	NC	28610	=IFERROR(INDEX(zips!$B:$B,MATCH(E820,zips!$A:$A,0)),"")	=IFERROR(INDEX(zips!$E:$E,MATCH(E820,zips!$A:$A,0)),"")	=IF(OR(F820="",G820=""),"",100*SUMIFS(zips!$C:$C,zips!$B:$B,F820,zips!$E:$E,"<"&G820)/SUMIFS(zips!$C:$C,zips!$B:$B,F820,zips!$E:$E,">0"))	273.6156	51.2466	=IF(I820="","",ROUND(G820-I820,2))	=IF(J820="","",ROUND(H820-J820,2))
MRP Liberty	4126 Oxford Glen Dr	CLAREMONT	NC	28610	=IFERROR(INDEX(zips!$B:$B,MATCH(E821,zips!$A:$A,0)),"")	=IFERROR(INDEX(zips!$E:$E,MATCH(E821,zips!$A:$A,0)),"")	=IF(OR(F821="",G821=""),"",100*SUMIFS(zips!$C:$C,zips!$B:$B,F821,zips!$E:$E,"<"&G821)/SUMIFS(zips!$C:$C,zips!$B:$B,F821,zips!$E:$E,">0"))	273.6156	51.2466	=IF(I821="","",ROUND(G821-I821,2))	=IF(J821="","",ROUND(H821-J821,2))
MRP Liberty	3120 E Middlebrooke Xing	Odenville	AL	35120	=IFERROR(INDEX(zips!$B:$B,MATCH(E822,zips!$A:$A,0)),"")	=IFERROR(INDEX(zips!$E:$E,MATCH(E822,zips!$A:$A,0)),"")	=IF(OR(F822="",G822=""),"",100*SUMIFS(zips!$C:$C,zips!$B:$B,F822,zips!$E:$E,"<"&G822)/SUMIFS(zips!$C:$C,zips!$B:$B,F822,zips!$E:$E,">0"))	250.5191	24.5555	=IF(I822="","",ROUND(G822-I822,2))	=IF(J822="","",ROUND(H822-J822,2))
MRP Liberty	3100 E Middlebrooke Xing	Odenville	AL	35120	=IFERROR(INDEX(zips!$B:$B,MATCH(E823,zips!$A:$A,0)),"")	=IFERROR(INDEX(zips!$E:$E,MATCH(E823,zips!$A:$A,0)),"")	=IF(OR(F823="",G823=""),"",100*SUMIFS(zips!$C:$C,zips!$B:$B,F823,zips!$E:$E,"<"&G823)/SUMIFS(zips!$C:$C,zips!$B:$B,F823,zips!$E:$E,">0"))	250.5191	24.5555	=IF(I823="","",ROUND(G823-I823,2))	=IF(J823="","",ROUND(H823-J823,2))
MRP Liberty	3015 E Middlebrooke Xing	Odenville	AL	35120	=IFERROR(INDEX(zips!$B:$B,MATCH(E824,zips!$A:$A,0)),"")	=IFERROR(INDEX(zips!$E:$E,MATCH(E824,zips!$A:$A,0)),"")	=IF(OR(F824="",G824=""),"",100*SUMIFS(zips!$C:$C,zips!$B:$B,F824,zips!$E:$E,"<"&G824)/SUMIFS(zips!$C:$C,zips!$B:$B,F824,zips!$E:$E,">0"))	250.5191	24.5555	=IF(I824="","",ROUND(G824-I824,2))	=IF(J824="","",ROUND(H824-J824,2))
MRP Liberty	102 Southfork Drive	Beebe	AR	72012	=IFERROR(INDEX(zips!$B:$B,MATCH(E825,zips!$A:$A,0)),"")	=IFERROR(INDEX(zips!$E:$E,MATCH(E825,zips!$A:$A,0)),"")	=IF(OR(F825="",G825=""),"",100*SUMIFS(zips!$C:$C,zips!$B:$B,F825,zips!$E:$E,"<"&G825)/SUMIFS(zips!$C:$C,zips!$B:$B,F825,zips!$E:$E,">0"))	142.0447	82.0667	=IF(I825="","",ROUND(G825-I825,2))	=IF(J825="","",ROUND(H825-J825,2))
MRP Liberty	103 E Concord Road	Mayflower	AR	72106	=IFERROR(INDEX(zips!$B:$B,MATCH(E826,zips!$A:$A,0)),"")	=IFERROR(INDEX(zips!$E:$E,MATCH(E826,zips!$A:$A,0)),"")	=IF(OR(F826="",G826=""),"",100*SUMIFS(zips!$C:$C,zips!$B:$B,F826,zips!$E:$E,"<"&G826)/SUMIFS(zips!$C:$C,zips!$B:$B,F826,zips!$E:$E,">0"))	109.235	10.9506	=IF(I826="","",ROUND(G826-I826,2))	=IF(J826="","",ROUND(H826-J826,2))
MRP Liberty	Maddison Rachael (Stagecoach Meadows Lot 238)	Cabot	AR	72023	=IFERROR(INDEX(zips!$B:$B,MATCH(E827,zips!$A:$A,0)),"")	=IFERROR(INDEX(zips!$E:$E,MATCH(E827,zips!$A:$A,0)),"")	=IF(OR(F827="",G827=""),"",100*SUMIFS(zips!$C:$C,zips!$B:$B,F827,zips!$E:$E,"<"&G827)/SUMIFS(zips!$C:$C,zips!$B:$B,F827,zips!$E:$E,">0"))	374.729	40.6923	=IF(I827="","",ROUND(G827-I827,2))	=IF(J827="","",ROUND(H827-J827,2))
MRP Liberty	Maddison Rachael (Stagecoach Meadows Lot 239)	Cabot	AR	72023	=IFERROR(INDEX(zips!$B:$B,MATCH(E828,zips!$A:$A,0)),"")	=IFERROR(INDEX(zips!$E:$E,MATCH(E828,zips!$A:$A,0)),"")	=IF(OR(F828="",G828=""),"",100*SUMIFS(zips!$C:$C,zips!$B:$B,F828,zips!$E:$E,"<"&G828)/SUMIFS(zips!$C:$C,zips!$B:$B,F828,zips!$E:$E,">0"))	374.729	40.6923	=IF(I828="","",ROUND(G828-I828,2))	=IF(J828="","",ROUND(H828-J828,2))
MRP Liberty	Maddison Rachael (Stagecoach Meadows Lot 247)	Cabot	AR	72023	=IFERROR(INDEX(zips!$B:$B,MATCH(E829,zips!$A:$A,0)),"")	=IFERROR(INDEX(zips!$E:$E,MATCH(E829,zips!$A:$A,0)),"")	=IF(OR(F829="",G829=""),"",100*SUMIFS(zips!$C:$C,zips!$B:$B,F829,zips!$E:$E,"<"&G829)/SUMIFS(zips!$C:$C,zips!$B:$B,F829,zips!$E:$E,">0"))	374.729	40.6923	=IF(I829="","",ROUND(G829-I829,2))	=IF(J829="","",ROUND(H829-J829,2))
MRP Liberty	Nona Ruth Ln (Stagecoach Meadows Lot 258)	Cabot	AR	72023	=IFERROR(INDEX(zips!$B:$B,MATCH(E830,zips!$A:$A,0)),"")	=IFERROR(INDEX(zips!$E:$E,MATCH(E830,zips!$A:$A,0)),"")	=IF(OR(F830="",G830=""),"",100*SUMIFS(zips!$C:$C,zips!$B:$B,F830,zips!$E:$E,"<"&G830)/SUMIFS(zips!$C:$C,zips!$B:$B,F830,zips!$E:$E,">0"))	374.729	40.6923	=IF(I830="","",ROUND(G830-I830,2))	=IF(J830="","",ROUND(H830-J830,2))
MRP Liberty	Nona Ruth Ln (Stagecoach Meadows Lot 259)	Cabot	AR	72023	=IFERROR(INDEX(zips!$B:$B,MATCH(E831,zips!$A:$A,0)),"")	=IFERROR(INDEX(zips!$E:$E,MATCH(E831,zips!$A:$A,0)),"")	=IF(OR(F831="",G831=""),"",100*SUMIFS(zips!$C:$C,zips!$B:$B,F831,zips!$E:$E,"<"&G831)/SUMIFS(zips!$C:$C,zips!$B:$B,F831,zips!$E:$E,">0"))	374.729	40.6923	=IF(I831="","",ROUND(G831-I831,2))	=IF(J831="","",ROUND(H831-J831,2))
MRP Liberty	Nona Ruth Ln (Stagecoach Meadows Lot 260)	Cabot	AR	72023	=IFERROR(INDEX(zips!$B:$B,MATCH(E832,zips!$A:$A,0)),"")	=IFERROR(INDEX(zips!$E:$E,MATCH(E832,zips!$A:$A,0)),"")	=IF(OR(F832="",G832=""),"",100*SUMIFS(zips!$C:$C,zips!$B:$B,F832,zips!$E:$E,"<"&G832)/SUMIFS(zips!$C:$C,zips!$B:$B,F832,zips!$E:$E,">0"))	374.729	40.6923	=IF(I832="","",ROUND(G832-I832,2))	=IF(J832="","",ROUND(H832-J832,2))
MRP Liberty	1228 Leyland Pass Ne	Cleveland	TN	37323	=IFERROR(INDEX(zips!$B:$B,MATCH(E833,zips!$A:$A,0)),"")	=IFERROR(INDEX(zips!$E:$E,MATCH(E833,zips!$A:$A,0)),"")	=IF(OR(F833="",G833=""),"",100*SUMIFS(zips!$C:$C,zips!$B:$B,F833,zips!$E:$E,"<"&G833)/SUMIFS(zips!$C:$C,zips!$B:$B,F833,zips!$E:$E,">0"))	268.4187	21.3093	=IF(I833="","",ROUND(G833-I833,2))	=IF(J833="","",ROUND(H833-J833,2))
MRP Liberty	1610 Windrose Bend	Angleton	TX	77515	=IFERROR(INDEX(zips!$B:$B,MATCH(E834,zips!$A:$A,0)),"")	=IFERROR(INDEX(zips!$E:$E,MATCH(E834,zips!$A:$A,0)),"")	=IF(OR(F834="",G834=""),"",100*SUMIFS(zips!$C:$C,zips!$B:$B,F834,zips!$E:$E,"<"&G834)/SUMIFS(zips!$C:$C,zips!$B:$B,F834,zips!$E:$E,">0"))	161.8072	3.8387	=IF(I834="","",ROUND(G834-I834,2))	=IF(J834="","",ROUND(H834-J834,2))
MRP Liberty	1931 Starlight St	Angleton	TX	77515	=IFERROR(INDEX(zips!$B:$B,MATCH(E835,zips!$A:$A,0)),"")	=IFERROR(INDEX(zips!$E:$E,MATCH(E835,zips!$A:$A,0)),"")	=IF(OR(F835="",G835=""),"",100*SUMIFS(zips!$C:$C,zips!$B:$B,F835,zips!$E:$E,"<"&G835)/SUMIFS(zips!$C:$C,zips!$B:$B,F835,zips!$E:$E,">0"))	161.8072	3.8387	=IF(I835="","",ROUND(G835-I835,2))	=IF(J835="","",ROUND(H835-J835,2))
MRP Liberty	1918 Stargazer Ln	Angleton	TX	77515	=IFERROR(INDEX(zips!$B:$B,MATCH(E836,zips!$A:$A,0)),"")	=IFERROR(INDEX(zips!$E:$E,MATCH(E836,zips!$A:$A,0)),"")	=IF(OR(F836="",G836=""),"",100*SUMIFS(zips!$C:$C,zips!$B:$B,F836,zips!$E:$E,"<"&G836)/SUMIFS(zips!$C:$C,zips!$B:$B,F836,zips!$E:$E,">0"))	161.8072	3.8387	=IF(I836="","",ROUND(G836-I836,2))	=IF(J836="","",ROUND(H836-J836,2))
MRP Liberty	1614 Windrose Bend	Angleton	TX	77515	=IFERROR(INDEX(zips!$B:$B,MATCH(E837,zips!$A:$A,0)),"")	=IFERROR(INDEX(zips!$E:$E,MATCH(E837,zips!$A:$A,0)),"")	=IF(OR(F837="",G837=""),"",100*SUMIFS(zips!$C:$C,zips!$B:$B,F837,zips!$E:$E,"<"&G837)/SUMIFS(zips!$C:$C,zips!$B:$B,F837,zips!$E:$E,">0"))	161.8072	3.8387	=IF(I837="","",ROUND(G837-I837,2))	=IF(J837="","",ROUND(H837-J837,2))
MRP Liberty	1510 Gentle Wind Ct	Angleton	TX	77515	=IFERROR(INDEX(zips!$B:$B,MATCH(E838,zips!$A:$A,0)),"")	=IFERROR(INDEX(zips!$E:$E,MATCH(E838,zips!$A:$A,0)),"")	=IF(OR(F838="",G838=""),"",100*SUMIFS(zips!$C:$C,zips!$B:$B,F838,zips!$E:$E,"<"&G838)/SUMIFS(zips!$C:$C,zips!$B:$B,F838,zips!$E:$E,">0"))	161.8072	3.8387	=IF(I838="","",ROUND(G838-I838,2))	=IF(J838="","",ROUND(H838-J838,2))
MRP Liberty	1939 Starlight St	Angleton	TX	77515	=IFERROR(INDEX(zips!$B:$B,MATCH(E839,zips!$A:$A,0)),"")	=IFERROR(INDEX(zips!$E:$E,MATCH(E839,zips!$A:$A,0)),"")	=IF(OR(F839="",G839=""),"",100*SUMIFS(zips!$C:$C,zips!$B:$B,F839,zips!$E:$E,"<"&G839)/SUMIFS(zips!$C:$C,zips!$B:$B,F839,zips!$E:$E,">0"))	161.8072	3.8387	=IF(I839="","",ROUND(G839-I839,2))	=IF(J839="","",ROUND(H839-J839,2))
MRP Liberty	1926 Starlight St	Angleton	TX	77515	=IFERROR(INDEX(zips!$B:$B,MATCH(E840,zips!$A:$A,0)),"")	=IFERROR(INDEX(zips!$E:$E,MATCH(E840,zips!$A:$A,0)),"")	=IF(OR(F840="",G840=""),"",100*SUMIFS(zips!$C:$C,zips!$B:$B,F840,zips!$E:$E,"<"&G840)/SUMIFS(zips!$C:$C,zips!$B:$B,F840,zips!$E:$E,">0"))	161.8072	3.8387	=IF(I840="","",ROUND(G840-I840,2))	=IF(J840="","",ROUND(H840-J840,2))
MRP Liberty	3614 Atlas Point Ln	Angleton	TX	77515	=IFERROR(INDEX(zips!$B:$B,MATCH(E841,zips!$A:$A,0)),"")	=IFERROR(INDEX(zips!$E:$E,MATCH(E841,zips!$A:$A,0)),"")	=IF(OR(F841="",G841=""),"",100*SUMIFS(zips!$C:$C,zips!$B:$B,F841,zips!$E:$E,"<"&G841)/SUMIFS(zips!$C:$C,zips!$B:$B,F841,zips!$E:$E,">0"))	161.8072	3.8387	=IF(I841="","",ROUND(G841-I841,2))	=IF(J841="","",ROUND(H841-J841,2))
MRP Liberty	1931 Stargazer Ln	Angleton	TX	77515	=IFERROR(INDEX(zips!$B:$B,MATCH(E842,zips!$A:$A,0)),"")	=IFERROR(INDEX(zips!$E:$E,MATCH(E842,zips!$A:$A,0)),"")	=IF(OR(F842="",G842=""),"",100*SUMIFS(zips!$C:$C,zips!$B:$B,F842,zips!$E:$E,"<"&G842)/SUMIFS(zips!$C:$C,zips!$B:$B,F842,zips!$E:$E,">0"))	161.8072	3.8387	=IF(I842="","",ROUND(G842-I842,2))	=IF(J842="","",ROUND(H842-J842,2))
MRP Liberty	1918 Starlight St	Angleton	TX	77515	=IFERROR(INDEX(zips!$B:$B,MATCH(E843,zips!$A:$A,0)),"")	=IFERROR(INDEX(zips!$E:$E,MATCH(E843,zips!$A:$A,0)),"")	=IF(OR(F843="",G843=""),"",100*SUMIFS(zips!$C:$C,zips!$B:$B,F843,zips!$E:$E,"<"&G843)/SUMIFS(zips!$C:$C,zips!$B:$B,F843,zips!$E:$E,">0"))	161.8072	3.8387	=IF(I843="","",ROUND(G843-I843,2))	=IF(J843="","",ROUND(H843-J843,2))
MRP Liberty	2118 Parks Edge Ln	Angleton	TX	77515	=IFERROR(INDEX(zips!$B:$B,MATCH(E844,zips!$A:$A,0)),"")	=IFERROR(INDEX(zips!$E:$E,MATCH(E844,zips!$A:$A,0)),"")	=IF(OR(F844="",G844=""),"",100*SUMIFS(zips!$C:$C,zips!$B:$B,F844,zips!$E:$E,"<"&G844)/SUMIFS(zips!$C:$C,zips!$B:$B,F844,zips!$E:$E,">0"))	161.8072	3.8387	=IF(I844="","",ROUND(G844-I844,2))	=IF(J844="","",ROUND(H844-J844,2))
MRP Liberty	3619 Atlas Point Ln	Angleton	TX	77515	=IFERROR(INDEX(zips!$B:$B,MATCH(E845,zips!$A:$A,0)),"")	=IFERROR(INDEX(zips!$E:$E,MATCH(E845,zips!$A:$A,0)),"")	=IF(OR(F845="",G845=""),"",100*SUMIFS(zips!$C:$C,zips!$B:$B,F845,zips!$E:$E,"<"&G845)/SUMIFS(zips!$C:$C,zips!$B:$B,F845,zips!$E:$E,">0"))	161.8072	3.8387	=IF(I845="","",ROUND(G845-I845,2))	=IF(J845="","",ROUND(H845-J845,2))
MRP Liberty	2123 Mosaic Valley Ct	Angleton	TX	77515	=IFERROR(INDEX(zips!$B:$B,MATCH(E846,zips!$A:$A,0)),"")	=IFERROR(INDEX(zips!$E:$E,MATCH(E846,zips!$A:$A,0)),"")	=IF(OR(F846="",G846=""),"",100*SUMIFS(zips!$C:$C,zips!$B:$B,F846,zips!$E:$E,"<"&G846)/SUMIFS(zips!$C:$C,zips!$B:$B,F846,zips!$E:$E,">0"))	161.8072	3.8387	=IF(I846="","",ROUND(G846-I846,2))	=IF(J846="","",ROUND(H846-J846,2))
MRP Liberty	8011 Jasper Meadows Way	Angleton	TX	77515	=IFERROR(INDEX(zips!$B:$B,MATCH(E847,zips!$A:$A,0)),"")	=IFERROR(INDEX(zips!$E:$E,MATCH(E847,zips!$A:$A,0)),"")	=IF(OR(F847="",G847=""),"",100*SUMIFS(zips!$C:$C,zips!$B:$B,F847,zips!$E:$E,"<"&G847)/SUMIFS(zips!$C:$C,zips!$B:$B,F847,zips!$E:$E,">0"))	161.8072	3.8387	=IF(I847="","",ROUND(G847-I847,2))	=IF(J847="","",ROUND(H847-J847,2))
MRP Liberty	7933 Morganite Mist Dr	Angleton	TX	77515	=IFERROR(INDEX(zips!$B:$B,MATCH(E848,zips!$A:$A,0)),"")	=IFERROR(INDEX(zips!$E:$E,MATCH(E848,zips!$A:$A,0)),"")	=IF(OR(F848="",G848=""),"",100*SUMIFS(zips!$C:$C,zips!$B:$B,F848,zips!$E:$E,"<"&G848)/SUMIFS(zips!$C:$C,zips!$B:$B,F848,zips!$E:$E,">0"))	161.8072	3.8387	=IF(I848="","",ROUND(G848-I848,2))	=IF(J848="","",ROUND(H848-J848,2))
MRP Liberty	8031 Topaz Ridge Dr	Angleton	TX	77515	=IFERROR(INDEX(zips!$B:$B,MATCH(E849,zips!$A:$A,0)),"")	=IFERROR(INDEX(zips!$E:$E,MATCH(E849,zips!$A:$A,0)),"")	=IF(OR(F849="",G849=""),"",100*SUMIFS(zips!$C:$C,zips!$B:$B,F849,zips!$E:$E,"<"&G849)/SUMIFS(zips!$C:$C,zips!$B:$B,F849,zips!$E:$E,">0"))	161.8072	3.8387	=IF(I849="","",ROUND(G849-I849,2))	=IF(J849="","",ROUND(H849-J849,2))
MRP Liberty	229 Hidden Meadows Drive	Sherman	TX	75092	=IFERROR(INDEX(zips!$B:$B,MATCH(E850,zips!$A:$A,0)),"")	=IFERROR(INDEX(zips!$E:$E,MATCH(E850,zips!$A:$A,0)),"")	=IF(OR(F850="",G850=""),"",100*SUMIFS(zips!$C:$C,zips!$B:$B,F850,zips!$E:$E,"<"&G850)/SUMIFS(zips!$C:$C,zips!$B:$B,F850,zips!$E:$E,">0"))	240.1959	45.5121	=IF(I850="","",ROUND(G850-I850,2))	=IF(J850="","",ROUND(H850-J850,2))
MRP Liberty	406 Mcnelly Lane	Sherman	TX	75092	=IFERROR(INDEX(zips!$B:$B,MATCH(E851,zips!$A:$A,0)),"")	=IFERROR(INDEX(zips!$E:$E,MATCH(E851,zips!$A:$A,0)),"")	=IF(OR(F851="",G851=""),"",100*SUMIFS(zips!$C:$C,zips!$B:$B,F851,zips!$E:$E,"<"&G851)/SUMIFS(zips!$C:$C,zips!$B:$B,F851,zips!$E:$E,">0"))	240.1959	45.5121	=IF(I851="","",ROUND(G851-I851,2))	=IF(J851="","",ROUND(H851-J851,2))
MRP Liberty	3932 Superior Place	Sherman	TX	75090	=IFERROR(INDEX(zips!$B:$B,MATCH(E852,zips!$A:$A,0)),"")	=IFERROR(INDEX(zips!$E:$E,MATCH(E852,zips!$A:$A,0)),"")	=IF(OR(F852="",G852=""),"",100*SUMIFS(zips!$C:$C,zips!$B:$B,F852,zips!$E:$E,"<"&G852)/SUMIFS(zips!$C:$C,zips!$B:$B,F852,zips!$E:$E,">0"))	334.5345	64.6749	=IF(I852="","",ROUND(G852-I852,2))	=IF(J852="","",ROUND(H852-J852,2))
MRP Liberty	2730 Johnson Dr	Sherman	TX	75090	=IFERROR(INDEX(zips!$B:$B,MATCH(E853,zips!$A:$A,0)),"")	=IFERROR(INDEX(zips!$E:$E,MATCH(E853,zips!$A:$A,0)),"")	=IF(OR(F853="",G853=""),"",100*SUMIFS(zips!$C:$C,zips!$B:$B,F853,zips!$E:$E,"<"&G853)/SUMIFS(zips!$C:$C,zips!$B:$B,F853,zips!$E:$E,">0"))	334.5345	64.6749	=IF(I853="","",ROUND(G853-I853,2))	=IF(J853="","",ROUND(H853-J853,2))
MRP Liberty	3928 Superior Place	Sherman	TX	75090	=IFERROR(INDEX(zips!$B:$B,MATCH(E854,zips!$A:$A,0)),"")	=IFERROR(INDEX(zips!$E:$E,MATCH(E854,zips!$A:$A,0)),"")	=IF(OR(F854="",G854=""),"",100*SUMIFS(zips!$C:$C,zips!$B:$B,F854,zips!$E:$E,"<"&G854)/SUMIFS(zips!$C:$C,zips!$B:$B,F854,zips!$E:$E,">0"))	334.5345	64.6749	=IF(I854="","",ROUND(G854-I854,2))	=IF(J854="","",ROUND(H854-J854,2))
MRP Liberty	3920 Superior Place	Sherman	TX	75090	=IFERROR(INDEX(zips!$B:$B,MATCH(E855,zips!$A:$A,0)),"")	=IFERROR(INDEX(zips!$E:$E,MATCH(E855,zips!$A:$A,0)),"")	=IF(OR(F855="",G855=""),"",100*SUMIFS(zips!$C:$C,zips!$B:$B,F855,zips!$E:$E,"<"&G855)/SUMIFS(zips!$C:$C,zips!$B:$B,F855,zips!$E:$E,">0"))	334.5345	64.6749	=IF(I855="","",ROUND(G855-I855,2))	=IF(J855="","",ROUND(H855-J855,2))
MRP Liberty	209 Hidden Meadows Drive	Sherman	TX	75092	=IFERROR(INDEX(zips!$B:$B,MATCH(E856,zips!$A:$A,0)),"")	=IFERROR(INDEX(zips!$E:$E,MATCH(E856,zips!$A:$A,0)),"")	=IF(OR(F856="",G856=""),"",100*SUMIFS(zips!$C:$C,zips!$B:$B,F856,zips!$E:$E,"<"&G856)/SUMIFS(zips!$C:$C,zips!$B:$B,F856,zips!$E:$E,">0"))	240.1959	45.5121	=IF(I856="","",ROUND(G856-I856,2))	=IF(J856="","",ROUND(H856-J856,2))
MRP Liberty	205 Hidden Meadows Drive	Sherman	TX	75092	=IFERROR(INDEX(zips!$B:$B,MATCH(E857,zips!$A:$A,0)),"")	=IFERROR(INDEX(zips!$E:$E,MATCH(E857,zips!$A:$A,0)),"")	=IF(OR(F857="",G857=""),"",100*SUMIFS(zips!$C:$C,zips!$B:$B,F857,zips!$E:$E,"<"&G857)/SUMIFS(zips!$C:$C,zips!$B:$B,F857,zips!$E:$E,">0"))	240.1959	45.5121	=IF(I857="","",ROUND(G857-I857,2))	=IF(J857="","",ROUND(H857-J857,2))
MRP Liberty	225 Hidden Meadows Drive	Sherman	TX	75092	=IFERROR(INDEX(zips!$B:$B,MATCH(E858,zips!$A:$A,0)),"")	=IFERROR(INDEX(zips!$E:$E,MATCH(E858,zips!$A:$A,0)),"")	=IF(OR(F858="",G858=""),"",100*SUMIFS(zips!$C:$C,zips!$B:$B,F858,zips!$E:$E,"<"&G858)/SUMIFS(zips!$C:$C,zips!$B:$B,F858,zips!$E:$E,">0"))	240.1959	45.5121	=IF(I858="","",ROUND(G858-I858,2))	=IF(J858="","",ROUND(H858-J858,2))
MRP Liberty	3704 Waterbury Way	Sherman	TX	75092	=IFERROR(INDEX(zips!$B:$B,MATCH(E859,zips!$A:$A,0)),"")	=IFERROR(INDEX(zips!$E:$E,MATCH(E859,zips!$A:$A,0)),"")	=IF(OR(F859="",G859=""),"",100*SUMIFS(zips!$C:$C,zips!$B:$B,F859,zips!$E:$E,"<"&G859)/SUMIFS(zips!$C:$C,zips!$B:$B,F859,zips!$E:$E,">0"))	240.1959	45.5121	=IF(I859="","",ROUND(G859-I859,2))	=IF(J859="","",ROUND(H859-J859,2))
MRP Liberty	2718 Johnson Dr	Sherman	TX	75090	=IFERROR(INDEX(zips!$B:$B,MATCH(E860,zips!$A:$A,0)),"")	=IFERROR(INDEX(zips!$E:$E,MATCH(E860,zips!$A:$A,0)),"")	=IF(OR(F860="",G860=""),"",100*SUMIFS(zips!$C:$C,zips!$B:$B,F860,zips!$E:$E,"<"&G860)/SUMIFS(zips!$C:$C,zips!$B:$B,F860,zips!$E:$E,">0"))	334.5345	64.6749	=IF(I860="","",ROUND(G860-I860,2))	=IF(J860="","",ROUND(H860-J860,2))
MRP Liberty	241 Hidden Meadows Drive	Sherman	TX	75092	=IFERROR(INDEX(zips!$B:$B,MATCH(E861,zips!$A:$A,0)),"")	=IFERROR(INDEX(zips!$E:$E,MATCH(E861,zips!$A:$A,0)),"")	=IF(OR(F861="",G861=""),"",100*SUMIFS(zips!$C:$C,zips!$B:$B,F861,zips!$E:$E,"<"&G861)/SUMIFS(zips!$C:$C,zips!$B:$B,F861,zips!$E:$E,">0"))	240.1959	45.5121	=IF(I861="","",ROUND(G861-I861,2))	=IF(J861="","",ROUND(H861-J861,2))
MRP Liberty	217 Hidden Meadows Drive	Sherman	TX	75092	=IFERROR(INDEX(zips!$B:$B,MATCH(E862,zips!$A:$A,0)),"")	=IFERROR(INDEX(zips!$E:$E,MATCH(E862,zips!$A:$A,0)),"")	=IF(OR(F862="",G862=""),"",100*SUMIFS(zips!$C:$C,zips!$B:$B,F862,zips!$E:$E,"<"&G862)/SUMIFS(zips!$C:$C,zips!$B:$B,F862,zips!$E:$E,">0"))	240.1959	45.5121	=IF(I862="","",ROUND(G862-I862,2))	=IF(J862="","",ROUND(H862-J862,2))
MRP Liberty	233 Hidden Meadows Drive	Sherman	TX	75092	=IFERROR(INDEX(zips!$B:$B,MATCH(E863,zips!$A:$A,0)),"")	=IFERROR(INDEX(zips!$E:$E,MATCH(E863,zips!$A:$A,0)),"")	=IF(OR(F863="",G863=""),"",100*SUMIFS(zips!$C:$C,zips!$B:$B,F863,zips!$E:$E,"<"&G863)/SUMIFS(zips!$C:$C,zips!$B:$B,F863,zips!$E:$E,">0"))	240.1959	45.5121	=IF(I863="","",ROUND(G863-I863,2))	=IF(J863="","",ROUND(H863-J863,2))
MRP Liberty	226 Hidden Meadows Drive	Sherman	TX	75092	=IFERROR(INDEX(zips!$B:$B,MATCH(E864,zips!$A:$A,0)),"")	=IFERROR(INDEX(zips!$E:$E,MATCH(E864,zips!$A:$A,0)),"")	=IF(OR(F864="",G864=""),"",100*SUMIFS(zips!$C:$C,zips!$B:$B,F864,zips!$E:$E,"<"&G864)/SUMIFS(zips!$C:$C,zips!$B:$B,F864,zips!$E:$E,">0"))	240.1959	45.5121	=IF(I864="","",ROUND(G864-I864,2))	=IF(J864="","",ROUND(H864-J864,2))
MRP Liberty	2714 Johnson Dr	Sherman	TX	75090	=IFERROR(INDEX(zips!$B:$B,MATCH(E865,zips!$A:$A,0)),"")	=IFERROR(INDEX(zips!$E:$E,MATCH(E865,zips!$A:$A,0)),"")	=IF(OR(F865="",G865=""),"",100*SUMIFS(zips!$C:$C,zips!$B:$B,F865,zips!$E:$E,"<"&G865)/SUMIFS(zips!$C:$C,zips!$B:$B,F865,zips!$E:$E,">0"))	334.5345	64.6749	=IF(I865="","",ROUND(G865-I865,2))	=IF(J865="","",ROUND(H865-J865,2))
MRP Liberty	2725 Johnson Dr	Sherman	TX	75090	=IFERROR(INDEX(zips!$B:$B,MATCH(E866,zips!$A:$A,0)),"")	=IFERROR(INDEX(zips!$E:$E,MATCH(E866,zips!$A:$A,0)),"")	=IF(OR(F866="",G866=""),"",100*SUMIFS(zips!$C:$C,zips!$B:$B,F866,zips!$E:$E,"<"&G866)/SUMIFS(zips!$C:$C,zips!$B:$B,F866,zips!$E:$E,">0"))	334.5345	64.6749	=IF(I866="","",ROUND(G866-I866,2))	=IF(J866="","",ROUND(H866-J866,2))
MRP Liberty	201 Hidden Meadows Drive	Sherman	TX	75092	=IFERROR(INDEX(zips!$B:$B,MATCH(E867,zips!$A:$A,0)),"")	=IFERROR(INDEX(zips!$E:$E,MATCH(E867,zips!$A:$A,0)),"")	=IF(OR(F867="",G867=""),"",100*SUMIFS(zips!$C:$C,zips!$B:$B,F867,zips!$E:$E,"<"&G867)/SUMIFS(zips!$C:$C,zips!$B:$B,F867,zips!$E:$E,">0"))	240.1959	45.5121	=IF(I867="","",ROUND(G867-I867,2))	=IF(J867="","",ROUND(H867-J867,2))
MRP Liberty	213 Hidden Meadows Drive	Sherman	TX	75092	=IFERROR(INDEX(zips!$B:$B,MATCH(E868,zips!$A:$A,0)),"")	=IFERROR(INDEX(zips!$E:$E,MATCH(E868,zips!$A:$A,0)),"")	=IF(OR(F868="",G868=""),"",100*SUMIFS(zips!$C:$C,zips!$B:$B,F868,zips!$E:$E,"<"&G868)/SUMIFS(zips!$C:$C,zips!$B:$B,F868,zips!$E:$E,">0"))	240.1959	45.5121	=IF(I868="","",ROUND(G868-I868,2))	=IF(J868="","",ROUND(H868-J868,2))
MRP Liberty	221 Hidden Meadows Drive	Sherman	TX	75092	=IFERROR(INDEX(zips!$B:$B,MATCH(E869,zips!$A:$A,0)),"")	=IFERROR(INDEX(zips!$E:$E,MATCH(E869,zips!$A:$A,0)),"")	=IF(OR(F869="",G869=""),"",100*SUMIFS(zips!$C:$C,zips!$B:$B,F869,zips!$E:$E,"<"&G869)/SUMIFS(zips!$C:$C,zips!$B:$B,F869,zips!$E:$E,">0"))	240.1959	45.5121	=IF(I869="","",ROUND(G869-I869,2))	=IF(J869="","",ROUND(H869-J869,2))
MRP Liberty	214 Hidden Meadows Drive	Sherman	TX	75092	=IFERROR(INDEX(zips!$B:$B,MATCH(E870,zips!$A:$A,0)),"")	=IFERROR(INDEX(zips!$E:$E,MATCH(E870,zips!$A:$A,0)),"")	=IF(OR(F870="",G870=""),"",100*SUMIFS(zips!$C:$C,zips!$B:$B,F870,zips!$E:$E,"<"&G870)/SUMIFS(zips!$C:$C,zips!$B:$B,F870,zips!$E:$E,">0"))	240.1959	45.5121	=IF(I870="","",ROUND(G870-I870,2))	=IF(J870="","",ROUND(H870-J870,2))
MRP Liberty	1348 Alfred Street	Sherman/Howe area	TX	75459	=IFERROR(INDEX(zips!$B:$B,MATCH(E871,zips!$A:$A,0)),"")	=IFERROR(INDEX(zips!$E:$E,MATCH(E871,zips!$A:$A,0)),"")	=IF(OR(F871="",G871=""),"",100*SUMIFS(zips!$C:$C,zips!$B:$B,F871,zips!$E:$E,"<"&G871)/SUMIFS(zips!$C:$C,zips!$B:$B,F871,zips!$E:$E,">0"))	80.9469	21.5095	=IF(I871="","",ROUND(G871-I871,2))	=IF(J871="","",ROUND(H871-J871,2))
MRP Liberty	3700 Waterbury Way	Sherman	TX	75092	=IFERROR(INDEX(zips!$B:$B,MATCH(E872,zips!$A:$A,0)),"")	=IFERROR(INDEX(zips!$E:$E,MATCH(E872,zips!$A:$A,0)),"")	=IF(OR(F872="",G872=""),"",100*SUMIFS(zips!$C:$C,zips!$B:$B,F872,zips!$E:$E,"<"&G872)/SUMIFS(zips!$C:$C,zips!$B:$B,F872,zips!$E:$E,">0"))	240.1959	45.5121	=IF(I872="","",ROUND(G872-I872,2))	=IF(J872="","",ROUND(H872-J872,2))
MRP Liberty	3909 Superior Place	Sherman	TX	75090	=IFERROR(INDEX(zips!$B:$B,MATCH(E873,zips!$A:$A,0)),"")	=IFERROR(INDEX(zips!$E:$E,MATCH(E873,zips!$A:$A,0)),"")	=IF(OR(F873="",G873=""),"",100*SUMIFS(zips!$C:$C,zips!$B:$B,F873,zips!$E:$E,"<"&G873)/SUMIFS(zips!$C:$C,zips!$B:$B,F873,zips!$E:$E,">0"))	334.5345	64.6749	=IF(I873="","",ROUND(G873-I873,2))	=IF(J873="","",ROUND(H873-J873,2))
MRP Liberty	202 Hidden Meadows Drive	Sherman	TX	75092	=IFERROR(INDEX(zips!$B:$B,MATCH(E874,zips!$A:$A,0)),"")	=IFERROR(INDEX(zips!$E:$E,MATCH(E874,zips!$A:$A,0)),"")	=IF(OR(F874="",G874=""),"",100*SUMIFS(zips!$C:$C,zips!$B:$B,F874,zips!$E:$E,"<"&G874)/SUMIFS(zips!$C:$C,zips!$B:$B,F874,zips!$E:$E,">0"))	240.1959	45.5121	=IF(I874="","",ROUND(G874-I874,2))	=IF(J874="","",ROUND(H874-J874,2))
MRP Liberty	2734 Johnson Drive	Sherman	TX	75092	=IFERROR(INDEX(zips!$B:$B,MATCH(E875,zips!$A:$A,0)),"")	=IFERROR(INDEX(zips!$E:$E,MATCH(E875,zips!$A:$A,0)),"")	=IF(OR(F875="",G875=""),"",100*SUMIFS(zips!$C:$C,zips!$B:$B,F875,zips!$E:$E,"<"&G875)/SUMIFS(zips!$C:$C,zips!$B:$B,F875,zips!$E:$E,">0"))	240.1959	45.5121	=IF(I875="","",ROUND(G875-I875,2))	=IF(J875="","",ROUND(H875-J875,2))
MRP Liberty	206 Hidden Meadows Drive	Sherman	TX	75092	=IFERROR(INDEX(zips!$B:$B,MATCH(E876,zips!$A:$A,0)),"")	=IFERROR(INDEX(zips!$E:$E,MATCH(E876,zips!$A:$A,0)),"")	=IF(OR(F876="",G876=""),"",100*SUMIFS(zips!$C:$C,zips!$B:$B,F876,zips!$E:$E,"<"&G876)/SUMIFS(zips!$C:$C,zips!$B:$B,F876,zips!$E:$E,">0"))	240.1959	45.5121	=IF(I876="","",ROUND(G876-I876,2))	=IF(J876="","",ROUND(H876-J876,2))
MRP Liberty	237 Hidden Meadows Drive	Sherman	TX	75092	=IFERROR(INDEX(zips!$B:$B,MATCH(E877,zips!$A:$A,0)),"")	=IFERROR(INDEX(zips!$E:$E,MATCH(E877,zips!$A:$A,0)),"")	=IF(OR(F877="",G877=""),"",100*SUMIFS(zips!$C:$C,zips!$B:$B,F877,zips!$E:$E,"<"&G877)/SUMIFS(zips!$C:$C,zips!$B:$B,F877,zips!$E:$E,">0"))	240.1959	45.5121	=IF(I877="","",ROUND(G877-I877,2))	=IF(J877="","",ROUND(H877-J877,2))
MRP Liberty	213 Cattail Lane	Sherman	TX	75092	=IFERROR(INDEX(zips!$B:$B,MATCH(E878,zips!$A:$A,0)),"")	=IFERROR(INDEX(zips!$E:$E,MATCH(E878,zips!$A:$A,0)),"")	=IF(OR(F878="",G878=""),"",100*SUMIFS(zips!$C:$C,zips!$B:$B,F878,zips!$E:$E,"<"&G878)/SUMIFS(zips!$C:$C,zips!$B:$B,F878,zips!$E:$E,">0"))	240.1959	45.5121	=IF(I878="","",ROUND(G878-I878,2))	=IF(J878="","",ROUND(H878-J878,2))
MRP Liberty	1408 Alfred Street	Sherman/Howe area	TX	75459	=IFERROR(INDEX(zips!$B:$B,MATCH(E879,zips!$A:$A,0)),"")	=IFERROR(INDEX(zips!$E:$E,MATCH(E879,zips!$A:$A,0)),"")	=IF(OR(F879="",G879=""),"",100*SUMIFS(zips!$C:$C,zips!$B:$B,F879,zips!$E:$E,"<"&G879)/SUMIFS(zips!$C:$C,zips!$B:$B,F879,zips!$E:$E,">0"))	80.9469	21.5095	=IF(I879="","",ROUND(G879-I879,2))	=IF(J879="","",ROUND(H879-J879,2))
MRP Liberty	218 Hidden Meadows Drive	Sherman	TX	75092	=IFERROR(INDEX(zips!$B:$B,MATCH(E880,zips!$A:$A,0)),"")	=IFERROR(INDEX(zips!$E:$E,MATCH(E880,zips!$A:$A,0)),"")	=IF(OR(F880="",G880=""),"",100*SUMIFS(zips!$C:$C,zips!$B:$B,F880,zips!$E:$E,"<"&G880)/SUMIFS(zips!$C:$C,zips!$B:$B,F880,zips!$E:$E,">0"))	240.1959	45.5121	=IF(I880="","",ROUND(G880-I880,2))	=IF(J880="","",ROUND(H880-J880,2))
MRP Liberty	2737 Johnson Dr	Sherman	TX	75090	=IFERROR(INDEX(zips!$B:$B,MATCH(E881,zips!$A:$A,0)),"")	=IFERROR(INDEX(zips!$E:$E,MATCH(E881,zips!$A:$A,0)),"")	=IF(OR(F881="",G881=""),"",100*SUMIFS(zips!$C:$C,zips!$B:$B,F881,zips!$E:$E,"<"&G881)/SUMIFS(zips!$C:$C,zips!$B:$B,F881,zips!$E:$E,">0"))	334.5345	64.6749	=IF(I881="","",ROUND(G881-I881,2))	=IF(J881="","",ROUND(H881-J881,2))
MRP Liberty	3913 Superior Place	Sherman	TX	75090	=IFERROR(INDEX(zips!$B:$B,MATCH(E882,zips!$A:$A,0)),"")	=IFERROR(INDEX(zips!$E:$E,MATCH(E882,zips!$A:$A,0)),"")	=IF(OR(F882="",G882=""),"",100*SUMIFS(zips!$C:$C,zips!$B:$B,F882,zips!$E:$E,"<"&G882)/SUMIFS(zips!$C:$C,zips!$B:$B,F882,zips!$E:$E,">0"))	334.5345	64.6749	=IF(I882="","",ROUND(G882-I882,2))	=IF(J882="","",ROUND(H882-J882,2))
MRP Liberty	817 Sw 9Th St	Newcastle	OK	73065	=IFERROR(INDEX(zips!$B:$B,MATCH(E883,zips!$A:$A,0)),"")	=IFERROR(INDEX(zips!$E:$E,MATCH(E883,zips!$A:$A,0)),"")	=IF(OR(F883="",G883=""),"",100*SUMIFS(zips!$C:$C,zips!$B:$B,F883,zips!$E:$E,"<"&G883)/SUMIFS(zips!$C:$C,zips!$B:$B,F883,zips!$E:$E,">0"))	214.9973	19.4033	=IF(I883="","",ROUND(G883-I883,2))	=IF(J883="","",ROUND(H883-J883,2))
MRP Liberty	841 Sw 9Th St	Newcastle	OK	73065	=IFERROR(INDEX(zips!$B:$B,MATCH(E884,zips!$A:$A,0)),"")	=IFERROR(INDEX(zips!$E:$E,MATCH(E884,zips!$A:$A,0)),"")	=IF(OR(F884="",G884=""),"",100*SUMIFS(zips!$C:$C,zips!$B:$B,F884,zips!$E:$E,"<"&G884)/SUMIFS(zips!$C:$C,zips!$B:$B,F884,zips!$E:$E,">0"))	214.9973	19.4033	=IF(I884="","",ROUND(G884-I884,2))	=IF(J884="","",ROUND(H884-J884,2))
MRP Liberty	1201 Saddle Dr	Guthrie	OK	73044	=IFERROR(INDEX(zips!$B:$B,MATCH(E885,zips!$A:$A,0)),"")	=IFERROR(INDEX(zips!$E:$E,MATCH(E885,zips!$A:$A,0)),"")	=IF(OR(F885="",G885=""),"",100*SUMIFS(zips!$C:$C,zips!$B:$B,F885,zips!$E:$E,"<"&G885)/SUMIFS(zips!$C:$C,zips!$B:$B,F885,zips!$E:$E,">0"))	95.4597	6.6894	=IF(I885="","",ROUND(G885-I885,2))	=IF(J885="","",ROUND(H885-J885,2))
MRP Liberty	5418 Nicole Dr	Tuttle	OK	73089	=IFERROR(INDEX(zips!$B:$B,MATCH(E886,zips!$A:$A,0)),"")	=IFERROR(INDEX(zips!$E:$E,MATCH(E886,zips!$A:$A,0)),"")	=IF(OR(F886="",G886=""),"",100*SUMIFS(zips!$C:$C,zips!$B:$B,F886,zips!$E:$E,"<"&G886)/SUMIFS(zips!$C:$C,zips!$B:$B,F886,zips!$E:$E,">0"))	130.8965	13.2828	=IF(I886="","",ROUND(G886-I886,2))	=IF(J886="","",ROUND(H886-J886,2))
MRP Liberty	43154 Prairie Ranch Rd	Shawnee	OK	74804	=IFERROR(INDEX(zips!$B:$B,MATCH(E887,zips!$A:$A,0)),"")	=IFERROR(INDEX(zips!$E:$E,MATCH(E887,zips!$A:$A,0)),"")	=IF(OR(F887="",G887=""),"",100*SUMIFS(zips!$C:$C,zips!$B:$B,F887,zips!$E:$E,"<"&G887)/SUMIFS(zips!$C:$C,zips!$B:$B,F887,zips!$E:$E,">0"))	223.5225	42.9377	=IF(I887="","",ROUND(G887-I887,2))	=IF(J887="","",ROUND(H887-J887,2))
MRP Liberty	43120 Prairie Ranch Rd	Shawnee	OK	74804	=IFERROR(INDEX(zips!$B:$B,MATCH(E888,zips!$A:$A,0)),"")	=IFERROR(INDEX(zips!$E:$E,MATCH(E888,zips!$A:$A,0)),"")	=IF(OR(F888="",G888=""),"",100*SUMIFS(zips!$C:$C,zips!$B:$B,F888,zips!$E:$E,"<"&G888)/SUMIFS(zips!$C:$C,zips!$B:$B,F888,zips!$E:$E,">0"))	223.5225	42.9377	=IF(I888="","",ROUND(G888-I888,2))	=IF(J888="","",ROUND(H888-J888,2))
MRP Liberty	43090 Green Grass Cir	Shawnee	OK	74804	=IFERROR(INDEX(zips!$B:$B,MATCH(E889,zips!$A:$A,0)),"")	=IFERROR(INDEX(zips!$E:$E,MATCH(E889,zips!$A:$A,0)),"")	=IF(OR(F889="",G889=""),"",100*SUMIFS(zips!$C:$C,zips!$B:$B,F889,zips!$E:$E,"<"&G889)/SUMIFS(zips!$C:$C,zips!$B:$B,F889,zips!$E:$E,">0"))	223.5225	42.9377	=IF(I889="","",ROUND(G889-I889,2))	=IF(J889="","",ROUND(H889-J889,2))
MRP Liberty	43129 Prairie Ranch Rd	Shawnee	OK	74804	=IFERROR(INDEX(zips!$B:$B,MATCH(E890,zips!$A:$A,0)),"")	=IFERROR(INDEX(zips!$E:$E,MATCH(E890,zips!$A:$A,0)),"")	=IF(OR(F890="",G890=""),"",100*SUMIFS(zips!$C:$C,zips!$B:$B,F890,zips!$E:$E,"<"&G890)/SUMIFS(zips!$C:$C,zips!$B:$B,F890,zips!$E:$E,">0"))	223.5225	42.9377	=IF(I890="","",ROUND(G890-I890,2))	=IF(J890="","",ROUND(H890-J890,2))
MRP Liberty	43087 Green Grass Cir	Shawnee	OK	74804	=IFERROR(INDEX(zips!$B:$B,MATCH(E891,zips!$A:$A,0)),"")	=IFERROR(INDEX(zips!$E:$E,MATCH(E891,zips!$A:$A,0)),"")	=IF(OR(F891="",G891=""),"",100*SUMIFS(zips!$C:$C,zips!$B:$B,F891,zips!$E:$E,"<"&G891)/SUMIFS(zips!$C:$C,zips!$B:$B,F891,zips!$E:$E,">0"))	223.5225	42.9377	=IF(I891="","",ROUND(G891-I891,2))	=IF(J891="","",ROUND(H891-J891,2))
MRP Liberty	43206 Prairie Ranch Rd	Shawnee	OK	74804	=IFERROR(INDEX(zips!$B:$B,MATCH(E892,zips!$A:$A,0)),"")	=IFERROR(INDEX(zips!$E:$E,MATCH(E892,zips!$A:$A,0)),"")	=IF(OR(F892="",G892=""),"",100*SUMIFS(zips!$C:$C,zips!$B:$B,F892,zips!$E:$E,"<"&G892)/SUMIFS(zips!$C:$C,zips!$B:$B,F892,zips!$E:$E,">0"))	223.5225	42.9377	=IF(I892="","",ROUND(G892-I892,2))	=IF(J892="","",ROUND(H892-J892,2))
MRP Liberty	43172 Prairie Ranch Rd	Shawnee	OK	74804	=IFERROR(INDEX(zips!$B:$B,MATCH(E893,zips!$A:$A,0)),"")	=IFERROR(INDEX(zips!$E:$E,MATCH(E893,zips!$A:$A,0)),"")	=IF(OR(F893="",G893=""),"",100*SUMIFS(zips!$C:$C,zips!$B:$B,F893,zips!$E:$E,"<"&G893)/SUMIFS(zips!$C:$C,zips!$B:$B,F893,zips!$E:$E,">0"))	223.5225	42.9377	=IF(I893="","",ROUND(G893-I893,2))	=IF(J893="","",ROUND(H893-J893,2))
MRP Liberty	40981 Shawnee Meadows Dr	Shawnee	OK	74804	=IFERROR(INDEX(zips!$B:$B,MATCH(E894,zips!$A:$A,0)),"")	=IFERROR(INDEX(zips!$E:$E,MATCH(E894,zips!$A:$A,0)),"")	=IF(OR(F894="",G894=""),"",100*SUMIFS(zips!$C:$C,zips!$B:$B,F894,zips!$E:$E,"<"&G894)/SUMIFS(zips!$C:$C,zips!$B:$B,F894,zips!$E:$E,">0"))	223.5225	42.9377	=IF(I894="","",ROUND(G894-I894,2))	=IF(J894="","",ROUND(H894-J894,2))
MRP Liberty	43160 Prairie Ranch Rd	Shawnee	OK	74804	=IFERROR(INDEX(zips!$B:$B,MATCH(E895,zips!$A:$A,0)),"")	=IFERROR(INDEX(zips!$E:$E,MATCH(E895,zips!$A:$A,0)),"")	=IF(OR(F895="",G895=""),"",100*SUMIFS(zips!$C:$C,zips!$B:$B,F895,zips!$E:$E,"<"&G895)/SUMIFS(zips!$C:$C,zips!$B:$B,F895,zips!$E:$E,">0"))	223.5225	42.9377	=IF(I895="","",ROUND(G895-I895,2))	=IF(J895="","",ROUND(H895-J895,2))
MRP Liberty	40972 Alpine Meadow Dr	Shawnee	OK	74804	=IFERROR(INDEX(zips!$B:$B,MATCH(E896,zips!$A:$A,0)),"")	=IFERROR(INDEX(zips!$E:$E,MATCH(E896,zips!$A:$A,0)),"")	=IF(OR(F896="",G896=""),"",100*SUMIFS(zips!$C:$C,zips!$B:$B,F896,zips!$E:$E,"<"&G896)/SUMIFS(zips!$C:$C,zips!$B:$B,F896,zips!$E:$E,">0"))	223.5225	42.9377	=IF(I896="","",ROUND(G896-I896,2))	=IF(J896="","",ROUND(H896-J896,2))
MRP Liberty	40976 Alpine Meadow Dr	Shawnee	OK	74804	=IFERROR(INDEX(zips!$B:$B,MATCH(E897,zips!$A:$A,0)),"")	=IFERROR(INDEX(zips!$E:$E,MATCH(E897,zips!$A:$A,0)),"")	=IF(OR(F897="",G897=""),"",100*SUMIFS(zips!$C:$C,zips!$B:$B,F897,zips!$E:$E,"<"&G897)/SUMIFS(zips!$C:$C,zips!$B:$B,F897,zips!$E:$E,">0"))	223.5225	42.9377	=IF(I897="","",ROUND(G897-I897,2))	=IF(J897="","",ROUND(H897-J897,2))
MRP Liberty	43126 Prairie Ranch Rd	Shawnee	OK	74804	=IFERROR(INDEX(zips!$B:$B,MATCH(E898,zips!$A:$A,0)),"")	=IFERROR(INDEX(zips!$E:$E,MATCH(E898,zips!$A:$A,0)),"")	=IF(OR(F898="",G898=""),"",100*SUMIFS(zips!$C:$C,zips!$B:$B,F898,zips!$E:$E,"<"&G898)/SUMIFS(zips!$C:$C,zips!$B:$B,F898,zips!$E:$E,">0"))	223.5225	42.9377	=IF(I898="","",ROUND(G898-I898,2))	=IF(J898="","",ROUND(H898-J898,2))
MRP Liberty	40969 Shawnee Meadows Dr	Shawnee	OK	74804	=IFERROR(INDEX(zips!$B:$B,MATCH(E899,zips!$A:$A,0)),"")	=IFERROR(INDEX(zips!$E:$E,MATCH(E899,zips!$A:$A,0)),"")	=IF(OR(F899="",G899=""),"",100*SUMIFS(zips!$C:$C,zips!$B:$B,F899,zips!$E:$E,"<"&G899)/SUMIFS(zips!$C:$C,zips!$B:$B,F899,zips!$E:$E,">0"))	223.5225	42.9377	=IF(I899="","",ROUND(G899-I899,2))	=IF(J899="","",ROUND(H899-J899,2))
MRP Liberty	40979 Alpine Meadow Dr	Shawnee	OK	74804	=IFERROR(INDEX(zips!$B:$B,MATCH(E900,zips!$A:$A,0)),"")	=IFERROR(INDEX(zips!$E:$E,MATCH(E900,zips!$A:$A,0)),"")	=IF(OR(F900="",G900=""),"",100*SUMIFS(zips!$C:$C,zips!$B:$B,F900,zips!$E:$E,"<"&G900)/SUMIFS(zips!$C:$C,zips!$B:$B,F900,zips!$E:$E,">0"))	223.5225	42.9377	=IF(I900="","",ROUND(G900-I900,2))	=IF(J900="","",ROUND(H900-J900,2))
MRP Liberty	9839 Poppy Dr	Shawnee	OK	74804	=IFERROR(INDEX(zips!$B:$B,MATCH(E901,zips!$A:$A,0)),"")	=IFERROR(INDEX(zips!$E:$E,MATCH(E901,zips!$A:$A,0)),"")	=IF(OR(F901="",G901=""),"",100*SUMIFS(zips!$C:$C,zips!$B:$B,F901,zips!$E:$E,"<"&G901)/SUMIFS(zips!$C:$C,zips!$B:$B,F901,zips!$E:$E,">0"))	223.5225	42.9377	=IF(I901="","",ROUND(G901-I901,2))	=IF(J901="","",ROUND(H901-J901,2))
MRP Liberty	9835 Poppy Dr	Shawnee	OK	74804	=IFERROR(INDEX(zips!$B:$B,MATCH(E902,zips!$A:$A,0)),"")	=IFERROR(INDEX(zips!$E:$E,MATCH(E902,zips!$A:$A,0)),"")	=IF(OR(F902="",G902=""),"",100*SUMIFS(zips!$C:$C,zips!$B:$B,F902,zips!$E:$E,"<"&G902)/SUMIFS(zips!$C:$C,zips!$B:$B,F902,zips!$E:$E,">0"))	223.5225	42.9377	=IF(I902="","",ROUND(G902-I902,2))	=IF(J902="","",ROUND(H902-J902,2))
MRP Liberty	1214 Saddle Dr	Guthrie	OK	73044	=IFERROR(INDEX(zips!$B:$B,MATCH(E903,zips!$A:$A,0)),"")	=IFERROR(INDEX(zips!$E:$E,MATCH(E903,zips!$A:$A,0)),"")	=IF(OR(F903="",G903=""),"",100*SUMIFS(zips!$C:$C,zips!$B:$B,F903,zips!$E:$E,"<"&G903)/SUMIFS(zips!$C:$C,zips!$B:$B,F903,zips!$E:$E,">0"))	95.4597	6.6894	=IF(I903="","",ROUND(G903-I903,2))	=IF(J903="","",ROUND(H903-J903,2))
MRP Liberty	1211 Saddle Dr	Guthrie	OK	73044	=IFERROR(INDEX(zips!$B:$B,MATCH(E904,zips!$A:$A,0)),"")	=IFERROR(INDEX(zips!$E:$E,MATCH(E904,zips!$A:$A,0)),"")	=IF(OR(F904="",G904=""),"",100*SUMIFS(zips!$C:$C,zips!$B:$B,F904,zips!$E:$E,"<"&G904)/SUMIFS(zips!$C:$C,zips!$B:$B,F904,zips!$E:$E,">0"))	95.4597	6.6894	=IF(I904="","",ROUND(G904-I904,2))	=IF(J904="","",ROUND(H904-J904,2))
MRP Liberty	1122 Colt Dr	Guthrie	OK	73044	=IFERROR(INDEX(zips!$B:$B,MATCH(E905,zips!$A:$A,0)),"")	=IFERROR(INDEX(zips!$E:$E,MATCH(E905,zips!$A:$A,0)),"")	=IF(OR(F905="",G905=""),"",100*SUMIFS(zips!$C:$C,zips!$B:$B,F905,zips!$E:$E,"<"&G905)/SUMIFS(zips!$C:$C,zips!$B:$B,F905,zips!$E:$E,">0"))	95.4597	6.6894	=IF(I905="","",ROUND(G905-I905,2))	=IF(J905="","",ROUND(H905-J905,2))
MRP Liberty	1212 Saddle Dr	Guthrie	OK	73044	=IFERROR(INDEX(zips!$B:$B,MATCH(E906,zips!$A:$A,0)),"")	=IFERROR(INDEX(zips!$E:$E,MATCH(E906,zips!$A:$A,0)),"")	=IF(OR(F906="",G906=""),"",100*SUMIFS(zips!$C:$C,zips!$B:$B,F906,zips!$E:$E,"<"&G906)/SUMIFS(zips!$C:$C,zips!$B:$B,F906,zips!$E:$E,">0"))	95.4597	6.6894	=IF(I906="","",ROUND(G906-I906,2))	=IF(J906="","",ROUND(H906-J906,2))
MRP Liberty	1206 Saddle Dr	Guthrie	OK	73044	=IFERROR(INDEX(zips!$B:$B,MATCH(E907,zips!$A:$A,0)),"")	=IFERROR(INDEX(zips!$E:$E,MATCH(E907,zips!$A:$A,0)),"")	=IF(OR(F907="",G907=""),"",100*SUMIFS(zips!$C:$C,zips!$B:$B,F907,zips!$E:$E,"<"&G907)/SUMIFS(zips!$C:$C,zips!$B:$B,F907,zips!$E:$E,">0"))	95.4597	6.6894	=IF(I907="","",ROUND(G907-I907,2))	=IF(J907="","",ROUND(H907-J907,2))
MRP Liberty	920196 Wallace Ave	Wellston	OK	74881	=IFERROR(INDEX(zips!$B:$B,MATCH(E908,zips!$A:$A,0)),"")	=IFERROR(INDEX(zips!$E:$E,MATCH(E908,zips!$A:$A,0)),"")	=IF(OR(F908="",G908=""),"",100*SUMIFS(zips!$C:$C,zips!$B:$B,F908,zips!$E:$E,"<"&G908)/SUMIFS(zips!$C:$C,zips!$B:$B,F908,zips!$E:$E,">0"))	32.5263	2.9261	=IF(I908="","",ROUND(G908-I908,2))	=IF(J908="","",ROUND(H908-J908,2))
MRP Liberty	920161 Wallace Ave	Wellston	OK	74881	=IFERROR(INDEX(zips!$B:$B,MATCH(E909,zips!$A:$A,0)),"")	=IFERROR(INDEX(zips!$E:$E,MATCH(E909,zips!$A:$A,0)),"")	=IF(OR(F909="",G909=""),"",100*SUMIFS(zips!$C:$C,zips!$B:$B,F909,zips!$E:$E,"<"&G909)/SUMIFS(zips!$C:$C,zips!$B:$B,F909,zips!$E:$E,">0"))	32.5263	2.9261	=IF(I909="","",ROUND(G909-I909,2))	=IF(J909="","",ROUND(H909-J909,2))
MRP Liberty	920179 Wallace Ave	Wellston	OK	74881	=IFERROR(INDEX(zips!$B:$B,MATCH(E910,zips!$A:$A,0)),"")	=IFERROR(INDEX(zips!$E:$E,MATCH(E910,zips!$A:$A,0)),"")	=IF(OR(F910="",G910=""),"",100*SUMIFS(zips!$C:$C,zips!$B:$B,F910,zips!$E:$E,"<"&G910)/SUMIFS(zips!$C:$C,zips!$B:$B,F910,zips!$E:$E,">0"))	32.5263	2.9261	=IF(I910="","",ROUND(G910-I910,2))	=IF(J910="","",ROUND(H910-J910,2))
MRP Liberty	920160 Green Street	Wellston	OK	74881	=IFERROR(INDEX(zips!$B:$B,MATCH(E911,zips!$A:$A,0)),"")	=IFERROR(INDEX(zips!$E:$E,MATCH(E911,zips!$A:$A,0)),"")	=IF(OR(F911="",G911=""),"",100*SUMIFS(zips!$C:$C,zips!$B:$B,F911,zips!$E:$E,"<"&G911)/SUMIFS(zips!$C:$C,zips!$B:$B,F911,zips!$E:$E,">0"))	32.5263	2.9261	=IF(I911="","",ROUND(G911-I911,2))	=IF(J911="","",ROUND(H911-J911,2))
MRP Liberty	920178 Green Street	Wellston	OK	74881	=IFERROR(INDEX(zips!$B:$B,MATCH(E912,zips!$A:$A,0)),"")	=IFERROR(INDEX(zips!$E:$E,MATCH(E912,zips!$A:$A,0)),"")	=IF(OR(F912="",G912=""),"",100*SUMIFS(zips!$C:$C,zips!$B:$B,F912,zips!$E:$E,"<"&G912)/SUMIFS(zips!$C:$C,zips!$B:$B,F912,zips!$E:$E,">0"))	32.5263	2.9261	=IF(I912="","",ROUND(G912-I912,2))	=IF(J912="","",ROUND(H912-J912,2))
MRP Liberty	920206 Wallace Ave	Wellston	OK	74881	=IFERROR(INDEX(zips!$B:$B,MATCH(E913,zips!$A:$A,0)),"")	=IFERROR(INDEX(zips!$E:$E,MATCH(E913,zips!$A:$A,0)),"")	=IF(OR(F913="",G913=""),"",100*SUMIFS(zips!$C:$C,zips!$B:$B,F913,zips!$E:$E,"<"&G913)/SUMIFS(zips!$C:$C,zips!$B:$B,F913,zips!$E:$E,">0"))	32.5263	2.9261	=IF(I913="","",ROUND(G913-I913,2))	=IF(J913="","",ROUND(H913-J913,2))
MRP Liberty	920206 Green Street	Wellston	OK	74881	=IFERROR(INDEX(zips!$B:$B,MATCH(E914,zips!$A:$A,0)),"")	=IFERROR(INDEX(zips!$E:$E,MATCH(E914,zips!$A:$A,0)),"")	=IF(OR(F914="",G914=""),"",100*SUMIFS(zips!$C:$C,zips!$B:$B,F914,zips!$E:$E,"<"&G914)/SUMIFS(zips!$C:$C,zips!$B:$B,F914,zips!$E:$E,">0"))	32.5263	2.9261	=IF(I914="","",ROUND(G914-I914,2))	=IF(J914="","",ROUND(H914-J914,2))
MRP Liberty	404 Silas Dr	Tuttle	OK	73089	=IFERROR(INDEX(zips!$B:$B,MATCH(E915,zips!$A:$A,0)),"")	=IFERROR(INDEX(zips!$E:$E,MATCH(E915,zips!$A:$A,0)),"")	=IF(OR(F915="",G915=""),"",100*SUMIFS(zips!$C:$C,zips!$B:$B,F915,zips!$E:$E,"<"&G915)/SUMIFS(zips!$C:$C,zips!$B:$B,F915,zips!$E:$E,">0"))	130.8965	13.2828	=IF(I915="","",ROUND(G915-I915,2))	=IF(J915="","",ROUND(H915-J915,2))
MRP Liberty	416 Silas Dr	Tuttle	OK	73089	=IFERROR(INDEX(zips!$B:$B,MATCH(E916,zips!$A:$A,0)),"")	=IFERROR(INDEX(zips!$E:$E,MATCH(E916,zips!$A:$A,0)),"")	=IF(OR(F916="",G916=""),"",100*SUMIFS(zips!$C:$C,zips!$B:$B,F916,zips!$E:$E,"<"&G916)/SUMIFS(zips!$C:$C,zips!$B:$B,F916,zips!$E:$E,">0"))	130.8965	13.2828	=IF(I916="","",ROUND(G916-I916,2))	=IF(J916="","",ROUND(H916-J916,2))
MRP Liberty	420 Silas Dr	Tuttle	OK	73089	=IFERROR(INDEX(zips!$B:$B,MATCH(E917,zips!$A:$A,0)),"")	=IFERROR(INDEX(zips!$E:$E,MATCH(E917,zips!$A:$A,0)),"")	=IF(OR(F917="",G917=""),"",100*SUMIFS(zips!$C:$C,zips!$B:$B,F917,zips!$E:$E,"<"&G917)/SUMIFS(zips!$C:$C,zips!$B:$B,F917,zips!$E:$E,">0"))	130.8965	13.2828	=IF(I917="","",ROUND(G917-I917,2))	=IF(J917="","",ROUND(H917-J917,2))
MRP Liberty	5421 Daxton Drive	Tuttle	OK	73089	=IFERROR(INDEX(zips!$B:$B,MATCH(E918,zips!$A:$A,0)),"")	=IFERROR(INDEX(zips!$E:$E,MATCH(E918,zips!$A:$A,0)),"")	=IF(OR(F918="",G918=""),"",100*SUMIFS(zips!$C:$C,zips!$B:$B,F918,zips!$E:$E,"<"&G918)/SUMIFS(zips!$C:$C,zips!$B:$B,F918,zips!$E:$E,">0"))	130.8965	13.2828	=IF(I918="","",ROUND(G918-I918,2))	=IF(J918="","",ROUND(H918-J918,2))
MRP Liberty	5429 Daxton Drive	Tuttle	OK	73089	=IFERROR(INDEX(zips!$B:$B,MATCH(E919,zips!$A:$A,0)),"")	=IFERROR(INDEX(zips!$E:$E,MATCH(E919,zips!$A:$A,0)),"")	=IF(OR(F919="",G919=""),"",100*SUMIFS(zips!$C:$C,zips!$B:$B,F919,zips!$E:$E,"<"&G919)/SUMIFS(zips!$C:$C,zips!$B:$B,F919,zips!$E:$E,">0"))	130.8965	13.2828	=IF(I919="","",ROUND(G919-I919,2))	=IF(J919="","",ROUND(H919-J919,2))
MRP Liberty	4822 Nw 16Th Lane	Ocala	FL	34482	=IFERROR(INDEX(zips!$B:$B,MATCH(E920,zips!$A:$A,0)),"")	=IFERROR(INDEX(zips!$E:$E,MATCH(E920,zips!$A:$A,0)),"")	=IF(OR(F920="",G920=""),"",100*SUMIFS(zips!$C:$C,zips!$B:$B,F920,zips!$E:$E,"<"&G920)/SUMIFS(zips!$C:$C,zips!$B:$B,F920,zips!$E:$E,">0"))	234.755	18.9966	=IF(I920="","",ROUND(G920-I920,2))	=IF(J920="","",ROUND(H920-J920,2))
MRP Liberty	9212 Country House Dr	Jacksonville	FL	32219	=IFERROR(INDEX(zips!$B:$B,MATCH(E921,zips!$A:$A,0)),"")	=IFERROR(INDEX(zips!$E:$E,MATCH(E921,zips!$A:$A,0)),"")	=IF(OR(F921="",G921=""),"",100*SUMIFS(zips!$C:$C,zips!$B:$B,F921,zips!$E:$E,"<"&G921)/SUMIFS(zips!$C:$C,zips!$B:$B,F921,zips!$E:$E,">0"))	218.4837	9.8513	=IF(I921="","",ROUND(G921-I921,2))	=IF(J921="","",ROUND(H921-J921,2))
MRP Liberty	217 Trinity River Holw	San Marcos	TX	78666	=IFERROR(INDEX(zips!$B:$B,MATCH(E922,zips!$A:$A,0)),"")	=IFERROR(INDEX(zips!$E:$E,MATCH(E922,zips!$A:$A,0)),"")	=IF(OR(F922="",G922=""),"",100*SUMIFS(zips!$C:$C,zips!$B:$B,F922,zips!$E:$E,"<"&G922)/SUMIFS(zips!$C:$C,zips!$B:$B,F922,zips!$E:$E,">0"))	456.3106	16.8744	=IF(I922="","",ROUND(G922-I922,2))	=IF(J922="","",ROUND(H922-J922,2))
MRP Liberty	213 Trinity River Holw	San Marcos	TX	78666	=IFERROR(INDEX(zips!$B:$B,MATCH(E923,zips!$A:$A,0)),"")	=IFERROR(INDEX(zips!$E:$E,MATCH(E923,zips!$A:$A,0)),"")	=IF(OR(F923="",G923=""),"",100*SUMIFS(zips!$C:$C,zips!$B:$B,F923,zips!$E:$E,"<"&G923)/SUMIFS(zips!$C:$C,zips!$B:$B,F923,zips!$E:$E,">0"))	456.3106	16.8744	=IF(I923="","",ROUND(G923-I923,2))	=IF(J923="","",ROUND(H923-J923,2))
MRP Liberty	150 Spotbill Ct	Kyle	TX	78640	=IFERROR(INDEX(zips!$B:$B,MATCH(E924,zips!$A:$A,0)),"")	=IFERROR(INDEX(zips!$E:$E,MATCH(E924,zips!$A:$A,0)),"")	=IF(OR(F924="",G924=""),"",100*SUMIFS(zips!$C:$C,zips!$B:$B,F924,zips!$E:$E,"<"&G924)/SUMIFS(zips!$C:$C,zips!$B:$B,F924,zips!$E:$E,">0"))	797.785	35.7957	=IF(I924="","",ROUND(G924-I924,2))	=IF(J924="","",ROUND(H924-J924,2))
MRP Liberty	156 Caitlyn Pkwy	Smithfield	NC	27577	=IFERROR(INDEX(zips!$B:$B,MATCH(E925,zips!$A:$A,0)),"")	=IFERROR(INDEX(zips!$E:$E,MATCH(E925,zips!$A:$A,0)),"")	=IF(OR(F925="",G925=""),"",100*SUMIFS(zips!$C:$C,zips!$B:$B,F925,zips!$E:$E,"<"&G925)/SUMIFS(zips!$C:$C,zips!$B:$B,F925,zips!$E:$E,">0"))	259.8056	10.465	=IF(I925="","",ROUND(G925-I925,2))	=IF(J925="","",ROUND(H925-J925,2))
MRP Liberty	212 Caitlyn Pkwy	Smithfield	NC	27577	=IFERROR(INDEX(zips!$B:$B,MATCH(E926,zips!$A:$A,0)),"")	=IFERROR(INDEX(zips!$E:$E,MATCH(E926,zips!$A:$A,0)),"")	=IF(OR(F926="",G926=""),"",100*SUMIFS(zips!$C:$C,zips!$B:$B,F926,zips!$E:$E,"<"&G926)/SUMIFS(zips!$C:$C,zips!$B:$B,F926,zips!$E:$E,">0"))	259.8056	10.465	=IF(I926="","",ROUND(G926-I926,2))	=IF(J926="","",ROUND(H926-J926,2))
MRP Liberty	162 Caitlyn Pkwy	Smithfield	NC	27577	=IFERROR(INDEX(zips!$B:$B,MATCH(E927,zips!$A:$A,0)),"")	=IFERROR(INDEX(zips!$E:$E,MATCH(E927,zips!$A:$A,0)),"")	=IF(OR(F927="",G927=""),"",100*SUMIFS(zips!$C:$C,zips!$B:$B,F927,zips!$E:$E,"<"&G927)/SUMIFS(zips!$C:$C,zips!$B:$B,F927,zips!$E:$E,">0"))	259.8056	10.465	=IF(I927="","",ROUND(G927-I927,2))	=IF(J927="","",ROUND(H927-J927,2))
MRP Liberty	169 Caitlyn Pkwy	Smithfield	NC	27577	=IFERROR(INDEX(zips!$B:$B,MATCH(E928,zips!$A:$A,0)),"")	=IFERROR(INDEX(zips!$E:$E,MATCH(E928,zips!$A:$A,0)),"")	=IF(OR(F928="",G928=""),"",100*SUMIFS(zips!$C:$C,zips!$B:$B,F928,zips!$E:$E,"<"&G928)/SUMIFS(zips!$C:$C,zips!$B:$B,F928,zips!$E:$E,">0"))	259.8056	10.465	=IF(I928="","",ROUND(G928-I928,2))	=IF(J928="","",ROUND(H928-J928,2))
MRP Liberty	155 Digging Time Ave	Princeton	NC	27569	=IFERROR(INDEX(zips!$B:$B,MATCH(E929,zips!$A:$A,0)),"")	=IFERROR(INDEX(zips!$E:$E,MATCH(E929,zips!$A:$A,0)),"")	=IF(OR(F929="",G929=""),"",100*SUMIFS(zips!$C:$C,zips!$B:$B,F929,zips!$E:$E,"<"&G929)/SUMIFS(zips!$C:$C,zips!$B:$B,F929,zips!$E:$E,">0"))	104.9303	1.4692	=IF(I929="","",ROUND(G929-I929,2))	=IF(J929="","",ROUND(H929-J929,2))
MRP Liberty	215 Digging Time Ave	Princeton	NC	27569	=IFERROR(INDEX(zips!$B:$B,MATCH(E930,zips!$A:$A,0)),"")	=IFERROR(INDEX(zips!$E:$E,MATCH(E930,zips!$A:$A,0)),"")	=IF(OR(F930="",G930=""),"",100*SUMIFS(zips!$C:$C,zips!$B:$B,F930,zips!$E:$E,"<"&G930)/SUMIFS(zips!$C:$C,zips!$B:$B,F930,zips!$E:$E,">0"))	104.9303	1.4692	=IF(I930="","",ROUND(G930-I930,2))	=IF(J930="","",ROUND(H930-J930,2))
MRP Liberty	53 S Annrose Dr	Princeton	NC	27569	=IFERROR(INDEX(zips!$B:$B,MATCH(E931,zips!$A:$A,0)),"")	=IFERROR(INDEX(zips!$E:$E,MATCH(E931,zips!$A:$A,0)),"")	=IF(OR(F931="",G931=""),"",100*SUMIFS(zips!$C:$C,zips!$B:$B,F931,zips!$E:$E,"<"&G931)/SUMIFS(zips!$C:$C,zips!$B:$B,F931,zips!$E:$E,">0"))	104.9303	1.4692	=IF(I931="","",ROUND(G931-I931,2))	=IF(J931="","",ROUND(H931-J931,2))
MRP Liberty	255 Digging Time Ave	Princeton	NC	27569	=IFERROR(INDEX(zips!$B:$B,MATCH(E932,zips!$A:$A,0)),"")	=IFERROR(INDEX(zips!$E:$E,MATCH(E932,zips!$A:$A,0)),"")	=IF(OR(F932="",G932=""),"",100*SUMIFS(zips!$C:$C,zips!$B:$B,F932,zips!$E:$E,"<"&G932)/SUMIFS(zips!$C:$C,zips!$B:$B,F932,zips!$E:$E,">0"))	104.9303	1.4692	=IF(I932="","",ROUND(G932-I932,2))	=IF(J932="","",ROUND(H932-J932,2))
MRP Liberty	113 Caitlyn Pkwy	Smithfield	NC	27577	=IFERROR(INDEX(zips!$B:$B,MATCH(E933,zips!$A:$A,0)),"")	=IFERROR(INDEX(zips!$E:$E,MATCH(E933,zips!$A:$A,0)),"")	=IF(OR(F933="",G933=""),"",100*SUMIFS(zips!$C:$C,zips!$B:$B,F933,zips!$E:$E,"<"&G933)/SUMIFS(zips!$C:$C,zips!$B:$B,F933,zips!$E:$E,">0"))	259.8056	10.465	=IF(I933="","",ROUND(G933-I933,2))	=IF(J933="","",ROUND(H933-J933,2))
MRP Liberty	3816 Prudent Ct	Florence	SC	29501	=IFERROR(INDEX(zips!$B:$B,MATCH(E934,zips!$A:$A,0)),"")	=IFERROR(INDEX(zips!$E:$E,MATCH(E934,zips!$A:$A,0)),"")	=IF(OR(F934="",G934=""),"",100*SUMIFS(zips!$C:$C,zips!$B:$B,F934,zips!$E:$E,"<"&G934)/SUMIFS(zips!$C:$C,zips!$B:$B,F934,zips!$E:$E,">0"))	901.8033	77.2486	=IF(I934="","",ROUND(G934-I934,2))	=IF(J934="","",ROUND(H934-J934,2))
MRP Liberty	3829 Prudent Ct	Florence	SC	29501	=IFERROR(INDEX(zips!$B:$B,MATCH(E935,zips!$A:$A,0)),"")	=IFERROR(INDEX(zips!$E:$E,MATCH(E935,zips!$A:$A,0)),"")	=IF(OR(F935="",G935=""),"",100*SUMIFS(zips!$C:$C,zips!$B:$B,F935,zips!$E:$E,"<"&G935)/SUMIFS(zips!$C:$C,zips!$B:$B,F935,zips!$E:$E,">0"))	901.8033	77.2486	=IF(I935="","",ROUND(G935-I935,2))	=IF(J935="","",ROUND(H935-J935,2))
MRP Liberty	532 Resolute St	Florence	SC	29501	=IFERROR(INDEX(zips!$B:$B,MATCH(E936,zips!$A:$A,0)),"")	=IFERROR(INDEX(zips!$E:$E,MATCH(E936,zips!$A:$A,0)),"")	=IF(OR(F936="",G936=""),"",100*SUMIFS(zips!$C:$C,zips!$B:$B,F936,zips!$E:$E,"<"&G936)/SUMIFS(zips!$C:$C,zips!$B:$B,F936,zips!$E:$E,">0"))	901.8033	77.2486	=IF(I936="","",ROUND(G936-I936,2))	=IF(J936="","",ROUND(H936-J936,2))
MRP Liberty	3824 Prudent Ct	Florence	SC	29501	=IFERROR(INDEX(zips!$B:$B,MATCH(E937,zips!$A:$A,0)),"")	=IFERROR(INDEX(zips!$E:$E,MATCH(E937,zips!$A:$A,0)),"")	=IF(OR(F937="",G937=""),"",100*SUMIFS(zips!$C:$C,zips!$B:$B,F937,zips!$E:$E,"<"&G937)/SUMIFS(zips!$C:$C,zips!$B:$B,F937,zips!$E:$E,">0"))	901.8033	77.2486	=IF(I937="","",ROUND(G937-I937,2))	=IF(J937="","",ROUND(H937-J937,2))
MRP Liberty	539 Resolute St	Florence	SC	29501	=IFERROR(INDEX(zips!$B:$B,MATCH(E938,zips!$A:$A,0)),"")	=IFERROR(INDEX(zips!$E:$E,MATCH(E938,zips!$A:$A,0)),"")	=IF(OR(F938="",G938=""),"",100*SUMIFS(zips!$C:$C,zips!$B:$B,F938,zips!$E:$E,"<"&G938)/SUMIFS(zips!$C:$C,zips!$B:$B,F938,zips!$E:$E,">0"))	901.8033	77.2486	=IF(I938="","",ROUND(G938-I938,2))	=IF(J938="","",ROUND(H938-J938,2))
MRP Liberty	512 Resolute St	Florence	SC	29501	=IFERROR(INDEX(zips!$B:$B,MATCH(E939,zips!$A:$A,0)),"")	=IFERROR(INDEX(zips!$E:$E,MATCH(E939,zips!$A:$A,0)),"")	=IF(OR(F939="",G939=""),"",100*SUMIFS(zips!$C:$C,zips!$B:$B,F939,zips!$E:$E,"<"&G939)/SUMIFS(zips!$C:$C,zips!$B:$B,F939,zips!$E:$E,">0"))	901.8033	77.2486	=IF(I939="","",ROUND(G939-I939,2))	=IF(J939="","",ROUND(H939-J939,2))
MRP Liberty	511 Resolute St	Florence	SC	29501	=IFERROR(INDEX(zips!$B:$B,MATCH(E940,zips!$A:$A,0)),"")	=IFERROR(INDEX(zips!$E:$E,MATCH(E940,zips!$A:$A,0)),"")	=IF(OR(F940="",G940=""),"",100*SUMIFS(zips!$C:$C,zips!$B:$B,F940,zips!$E:$E,"<"&G940)/SUMIFS(zips!$C:$C,zips!$B:$B,F940,zips!$E:$E,">0"))	901.8033	77.2486	=IF(I940="","",ROUND(G940-I940,2))	=IF(J940="","",ROUND(H940-J940,2))
MRP Liberty	3821 Prudent Ct	Florence	SC	29501	=IFERROR(INDEX(zips!$B:$B,MATCH(E941,zips!$A:$A,0)),"")	=IFERROR(INDEX(zips!$E:$E,MATCH(E941,zips!$A:$A,0)),"")	=IF(OR(F941="",G941=""),"",100*SUMIFS(zips!$C:$C,zips!$B:$B,F941,zips!$E:$E,"<"&G941)/SUMIFS(zips!$C:$C,zips!$B:$B,F941,zips!$E:$E,">0"))	901.8033	77.2486	=IF(I941="","",ROUND(G941-I941,2))	=IF(J941="","",ROUND(H941-J941,2))
MRP Liberty	536 Resolute St	Florence	SC	29501	=IFERROR(INDEX(zips!$B:$B,MATCH(E942,zips!$A:$A,0)),"")	=IFERROR(INDEX(zips!$E:$E,MATCH(E942,zips!$A:$A,0)),"")	=IF(OR(F942="",G942=""),"",100*SUMIFS(zips!$C:$C,zips!$B:$B,F942,zips!$E:$E,"<"&G942)/SUMIFS(zips!$C:$C,zips!$B:$B,F942,zips!$E:$E,">0"))	901.8033	77.2486	=IF(I942="","",ROUND(G942-I942,2))	=IF(J942="","",ROUND(H942-J942,2))
MRP Liberty	3820 Prudent Ct	Florence	SC	29501	=IFERROR(INDEX(zips!$B:$B,MATCH(E943,zips!$A:$A,0)),"")	=IFERROR(INDEX(zips!$E:$E,MATCH(E943,zips!$A:$A,0)),"")	=IF(OR(F943="",G943=""),"",100*SUMIFS(zips!$C:$C,zips!$B:$B,F943,zips!$E:$E,"<"&G943)/SUMIFS(zips!$C:$C,zips!$B:$B,F943,zips!$E:$E,">0"))	901.8033	77.2486	=IF(I943="","",ROUND(G943-I943,2))	=IF(J943="","",ROUND(H943-J943,2))
MRP Liberty	524 Resolute St	Florence	SC	29501	=IFERROR(INDEX(zips!$B:$B,MATCH(E944,zips!$A:$A,0)),"")	=IFERROR(INDEX(zips!$E:$E,MATCH(E944,zips!$A:$A,0)),"")	=IF(OR(F944="",G944=""),"",100*SUMIFS(zips!$C:$C,zips!$B:$B,F944,zips!$E:$E,"<"&G944)/SUMIFS(zips!$C:$C,zips!$B:$B,F944,zips!$E:$E,">0"))	901.8033	77.2486	=IF(I944="","",ROUND(G944-I944,2))	=IF(J944="","",ROUND(H944-J944,2))
MRP Liberty	520 Resolute St	Florence	SC	29501	=IFERROR(INDEX(zips!$B:$B,MATCH(E945,zips!$A:$A,0)),"")	=IFERROR(INDEX(zips!$E:$E,MATCH(E945,zips!$A:$A,0)),"")	=IF(OR(F945="",G945=""),"",100*SUMIFS(zips!$C:$C,zips!$B:$B,F945,zips!$E:$E,"<"&G945)/SUMIFS(zips!$C:$C,zips!$B:$B,F945,zips!$E:$E,">0"))	901.8033	77.2486	=IF(I945="","",ROUND(G945-I945,2))	=IF(J945="","",ROUND(H945-J945,2))
MRP Liberty	3825 Prudent Ct	Florence	SC	29501	=IFERROR(INDEX(zips!$B:$B,MATCH(E946,zips!$A:$A,0)),"")	=IFERROR(INDEX(zips!$E:$E,MATCH(E946,zips!$A:$A,0)),"")	=IF(OR(F946="",G946=""),"",100*SUMIFS(zips!$C:$C,zips!$B:$B,F946,zips!$E:$E,"<"&G946)/SUMIFS(zips!$C:$C,zips!$B:$B,F946,zips!$E:$E,">0"))	901.8033	77.2486	=IF(I946="","",ROUND(G946-I946,2))	=IF(J946="","",ROUND(H946-J946,2))
MRP Liberty	3813 Prudent Ct	Florence	SC	29501	=IFERROR(INDEX(zips!$B:$B,MATCH(E947,zips!$A:$A,0)),"")	=IFERROR(INDEX(zips!$E:$E,MATCH(E947,zips!$A:$A,0)),"")	=IF(OR(F947="",G947=""),"",100*SUMIFS(zips!$C:$C,zips!$B:$B,F947,zips!$E:$E,"<"&G947)/SUMIFS(zips!$C:$C,zips!$B:$B,F947,zips!$E:$E,">0"))	901.8033	77.2486	=IF(I947="","",ROUND(G947-I947,2))	=IF(J947="","",ROUND(H947-J947,2))
MRP Liberty	3817 Prudent Ct	Florence	SC	29501	=IFERROR(INDEX(zips!$B:$B,MATCH(E948,zips!$A:$A,0)),"")	=IFERROR(INDEX(zips!$E:$E,MATCH(E948,zips!$A:$A,0)),"")	=IF(OR(F948="",G948=""),"",100*SUMIFS(zips!$C:$C,zips!$B:$B,F948,zips!$E:$E,"<"&G948)/SUMIFS(zips!$C:$C,zips!$B:$B,F948,zips!$E:$E,">0"))	901.8033	77.2486	=IF(I948="","",ROUND(G948-I948,2))	=IF(J948="","",ROUND(H948-J948,2))
MRP Liberty	130 Green Thistle Way	Summerville	SC	29483	=IFERROR(INDEX(zips!$B:$B,MATCH(E949,zips!$A:$A,0)),"")	=IFERROR(INDEX(zips!$E:$E,MATCH(E949,zips!$A:$A,0)),"")	=IF(OR(F949="",G949=""),"",100*SUMIFS(zips!$C:$C,zips!$B:$B,F949,zips!$E:$E,"<"&G949)/SUMIFS(zips!$C:$C,zips!$B:$B,F949,zips!$E:$E,">0"))	1068.1626	44.9131	=IF(I949="","",ROUND(G949-I949,2))	=IF(J949="","",ROUND(H949-J949,2))
MRP Liberty	128 Green Thistle Way	Summerville	SC	29483	=IFERROR(INDEX(zips!$B:$B,MATCH(E950,zips!$A:$A,0)),"")	=IFERROR(INDEX(zips!$E:$E,MATCH(E950,zips!$A:$A,0)),"")	=IF(OR(F950="",G950=""),"",100*SUMIFS(zips!$C:$C,zips!$B:$B,F950,zips!$E:$E,"<"&G950)/SUMIFS(zips!$C:$C,zips!$B:$B,F950,zips!$E:$E,">0"))	1068.1626	44.9131	=IF(I950="","",ROUND(G950-I950,2))	=IF(J950="","",ROUND(H950-J950,2))
MRP Liberty	127 Green Thistle Way	Summerville	SC	29483	=IFERROR(INDEX(zips!$B:$B,MATCH(E951,zips!$A:$A,0)),"")	=IFERROR(INDEX(zips!$E:$E,MATCH(E951,zips!$A:$A,0)),"")	=IF(OR(F951="",G951=""),"",100*SUMIFS(zips!$C:$C,zips!$B:$B,F951,zips!$E:$E,"<"&G951)/SUMIFS(zips!$C:$C,zips!$B:$B,F951,zips!$E:$E,">0"))	1068.1626	44.9131	=IF(I951="","",ROUND(G951-I951,2))	=IF(J951="","",ROUND(H951-J951,2))
MRP Liberty	129 Green Thistle Way	Summerville	SC	29483	=IFERROR(INDEX(zips!$B:$B,MATCH(E952,zips!$A:$A,0)),"")	=IFERROR(INDEX(zips!$E:$E,MATCH(E952,zips!$A:$A,0)),"")	=IF(OR(F952="",G952=""),"",100*SUMIFS(zips!$C:$C,zips!$B:$B,F952,zips!$E:$E,"<"&G952)/SUMIFS(zips!$C:$C,zips!$B:$B,F952,zips!$E:$E,">0"))	1068.1626	44.9131	=IF(I952="","",ROUND(G952-I952,2))	=IF(J952="","",ROUND(H952-J952,2))
MRP Liberty	143 Green Thistle Way	Summerville	SC	29483	=IFERROR(INDEX(zips!$B:$B,MATCH(E953,zips!$A:$A,0)),"")	=IFERROR(INDEX(zips!$E:$E,MATCH(E953,zips!$A:$A,0)),"")	=IF(OR(F953="",G953=""),"",100*SUMIFS(zips!$C:$C,zips!$B:$B,F953,zips!$E:$E,"<"&G953)/SUMIFS(zips!$C:$C,zips!$B:$B,F953,zips!$E:$E,">0"))	1068.1626	44.9131	=IF(I953="","",ROUND(G953-I953,2))	=IF(J953="","",ROUND(H953-J953,2))
MRP Liberty	139 Green Thistle Way	Summerville	SC	29483	=IFERROR(INDEX(zips!$B:$B,MATCH(E954,zips!$A:$A,0)),"")	=IFERROR(INDEX(zips!$E:$E,MATCH(E954,zips!$A:$A,0)),"")	=IF(OR(F954="",G954=""),"",100*SUMIFS(zips!$C:$C,zips!$B:$B,F954,zips!$E:$E,"<"&G954)/SUMIFS(zips!$C:$C,zips!$B:$B,F954,zips!$E:$E,">0"))	1068.1626	44.9131	=IF(I954="","",ROUND(G954-I954,2))	=IF(J954="","",ROUND(H954-J954,2))
MRP Liberty	145 Green Thistle Way	Summerville	SC	29483	=IFERROR(INDEX(zips!$B:$B,MATCH(E955,zips!$A:$A,0)),"")	=IFERROR(INDEX(zips!$E:$E,MATCH(E955,zips!$A:$A,0)),"")	=IF(OR(F955="",G955=""),"",100*SUMIFS(zips!$C:$C,zips!$B:$B,F955,zips!$E:$E,"<"&G955)/SUMIFS(zips!$C:$C,zips!$B:$B,F955,zips!$E:$E,">0"))	1068.1626	44.9131	=IF(I955="","",ROUND(G955-I955,2))	=IF(J955="","",ROUND(H955-J955,2))
MRP Liberty	165 Green Thistle Way	Summerville	SC	29483	=IFERROR(INDEX(zips!$B:$B,MATCH(E956,zips!$A:$A,0)),"")	=IFERROR(INDEX(zips!$E:$E,MATCH(E956,zips!$A:$A,0)),"")	=IF(OR(F956="",G956=""),"",100*SUMIFS(zips!$C:$C,zips!$B:$B,F956,zips!$E:$E,"<"&G956)/SUMIFS(zips!$C:$C,zips!$B:$B,F956,zips!$E:$E,">0"))	1068.1626	44.9131	=IF(I956="","",ROUND(G956-I956,2))	=IF(J956="","",ROUND(H956-J956,2))
MRP Liberty	20559 Andalusite Way	San Antonio	TX	78264	=IFERROR(INDEX(zips!$B:$B,MATCH(E957,zips!$A:$A,0)),"")	=IFERROR(INDEX(zips!$E:$E,MATCH(E957,zips!$A:$A,0)),"")	=IF(OR(F957="",G957=""),"",100*SUMIFS(zips!$C:$C,zips!$B:$B,F957,zips!$E:$E,"<"&G957)/SUMIFS(zips!$C:$C,zips!$B:$B,F957,zips!$E:$E,">0"))	165.5748	11.9993	=IF(I957="","",ROUND(G957-I957,2))	=IF(J957="","",ROUND(H957-J957,2))
MRP Liberty	5633 Jasper Pl	San Antonio	TX	78223	=IFERROR(INDEX(zips!$B:$B,MATCH(E958,zips!$A:$A,0)),"")	=IFERROR(INDEX(zips!$E:$E,MATCH(E958,zips!$A:$A,0)),"")	=IF(OR(F958="",G958=""),"",100*SUMIFS(zips!$C:$C,zips!$B:$B,F958,zips!$E:$E,"<"&G958)/SUMIFS(zips!$C:$C,zips!$B:$B,F958,zips!$E:$E,">0"))	1400.5182	34.3075	=IF(I958="","",ROUND(G958-I958,2))	=IF(J958="","",ROUND(H958-J958,2))
MRP Liberty	6100 Gunn Ridge Dr	College Station	TX	77845	=IFERROR(INDEX(zips!$B:$B,MATCH(E959,zips!$A:$A,0)),"")	=IFERROR(INDEX(zips!$E:$E,MATCH(E959,zips!$A:$A,0)),"")	=IF(OR(F959="",G959=""),"",100*SUMIFS(zips!$C:$C,zips!$B:$B,F959,zips!$E:$E,"<"&G959)/SUMIFS(zips!$C:$C,zips!$B:$B,F959,zips!$E:$E,">0"))	523.4093	28.7441	=IF(I959="","",ROUND(G959-I959,2))	=IF(J959="","",ROUND(H959-J959,2))
MRP Liberty	6096 Gunn Ridge Drive	College Station	TX	77845	=IFERROR(INDEX(zips!$B:$B,MATCH(E960,zips!$A:$A,0)),"")	=IFERROR(INDEX(zips!$E:$E,MATCH(E960,zips!$A:$A,0)),"")	=IF(OR(F960="",G960=""),"",100*SUMIFS(zips!$C:$C,zips!$B:$B,F960,zips!$E:$E,"<"&G960)/SUMIFS(zips!$C:$C,zips!$B:$B,F960,zips!$E:$E,">0"))	523.4093	28.7441	=IF(I960="","",ROUND(G960-I960,2))	=IF(J960="","",ROUND(H960-J960,2))
MRP Liberty	21614 Colonial Meadow Creek Trl	WALLER	TX	77484	=IFERROR(INDEX(zips!$B:$B,MATCH(E961,zips!$A:$A,0)),"")	=IFERROR(INDEX(zips!$E:$E,MATCH(E961,zips!$A:$A,0)),"")	=IF(OR(F961="",G961=""),"",100*SUMIFS(zips!$C:$C,zips!$B:$B,F961,zips!$E:$E,"<"&G961)/SUMIFS(zips!$C:$C,zips!$B:$B,F961,zips!$E:$E,">0"))	91.1648	1.7648	=IF(I961="","",ROUND(G961-I961,2))	=IF(J961="","",ROUND(H961-J961,2))
MRP Liberty	21622 Colonial Meadow Creek Trl	WALLER	TX	77484	=IFERROR(INDEX(zips!$B:$B,MATCH(E962,zips!$A:$A,0)),"")	=IFERROR(INDEX(zips!$E:$E,MATCH(E962,zips!$A:$A,0)),"")	=IF(OR(F962="",G962=""),"",100*SUMIFS(zips!$C:$C,zips!$B:$B,F962,zips!$E:$E,"<"&G962)/SUMIFS(zips!$C:$C,zips!$B:$B,F962,zips!$E:$E,">0"))	91.1648	1.7648	=IF(I962="","",ROUND(G962-I962,2))	=IF(J962="","",ROUND(H962-J962,2))
MRP Liberty	12831 Shaily Faith Court	CROSBY	TX	77532	=IFERROR(INDEX(zips!$B:$B,MATCH(E963,zips!$A:$A,0)),"")	=IFERROR(INDEX(zips!$E:$E,MATCH(E963,zips!$A:$A,0)),"")	=IF(OR(F963="",G963=""),"",100*SUMIFS(zips!$C:$C,zips!$B:$B,F963,zips!$E:$E,"<"&G963)/SUMIFS(zips!$C:$C,zips!$B:$B,F963,zips!$E:$E,">0"))	385.0292	8.4946	=IF(I963="","",ROUND(G963-I963,2))	=IF(J963="","",ROUND(H963-J963,2))
MRP Liberty	12835 Shaily Faith Court	CROSBY	TX	77532	=IFERROR(INDEX(zips!$B:$B,MATCH(E964,zips!$A:$A,0)),"")	=IFERROR(INDEX(zips!$E:$E,MATCH(E964,zips!$A:$A,0)),"")	=IF(OR(F964="",G964=""),"",100*SUMIFS(zips!$C:$C,zips!$B:$B,F964,zips!$E:$E,"<"&G964)/SUMIFS(zips!$C:$C,zips!$B:$B,F964,zips!$E:$E,">0"))	385.0292	8.4946	=IF(I964="","",ROUND(G964-I964,2))	=IF(J964="","",ROUND(H964-J964,2))
MRP Liberty	21610 Colonial Meadow Creek Trl	WALLER	TX	77484	=IFERROR(INDEX(zips!$B:$B,MATCH(E965,zips!$A:$A,0)),"")	=IFERROR(INDEX(zips!$E:$E,MATCH(E965,zips!$A:$A,0)),"")	=IF(OR(F965="",G965=""),"",100*SUMIFS(zips!$C:$C,zips!$B:$B,F965,zips!$E:$E,"<"&G965)/SUMIFS(zips!$C:$C,zips!$B:$B,F965,zips!$E:$E,">0"))	91.1648	1.7648	=IF(I965="","",ROUND(G965-I965,2))	=IF(J965="","",ROUND(H965-J965,2))
MRP Liberty	21602 Colonial Meadow Creek Trl	WALLER	TX	77484	=IFERROR(INDEX(zips!$B:$B,MATCH(E966,zips!$A:$A,0)),"")	=IFERROR(INDEX(zips!$E:$E,MATCH(E966,zips!$A:$A,0)),"")	=IF(OR(F966="",G966=""),"",100*SUMIFS(zips!$C:$C,zips!$B:$B,F966,zips!$E:$E,"<"&G966)/SUMIFS(zips!$C:$C,zips!$B:$B,F966,zips!$E:$E,">0"))	91.1648	1.7648	=IF(I966="","",ROUND(G966-I966,2))	=IF(J966="","",ROUND(H966-J966,2))
MRP Liberty	21606 Colonial Meadow Creek Trl	WALLER	TX	77484	=IFERROR(INDEX(zips!$B:$B,MATCH(E967,zips!$A:$A,0)),"")	=IFERROR(INDEX(zips!$E:$E,MATCH(E967,zips!$A:$A,0)),"")	=IF(OR(F967="",G967=""),"",100*SUMIFS(zips!$C:$C,zips!$B:$B,F967,zips!$E:$E,"<"&G967)/SUMIFS(zips!$C:$C,zips!$B:$B,F967,zips!$E:$E,">0"))	91.1648	1.7648	=IF(I967="","",ROUND(G967-I967,2))	=IF(J967="","",ROUND(H967-J967,2))
MRP Liberty	289 Bay Springs Blvd	Defuniak Springs	FL	32435	=IFERROR(INDEX(zips!$B:$B,MATCH(E968,zips!$A:$A,0)),"")	=IFERROR(INDEX(zips!$E:$E,MATCH(E968,zips!$A:$A,0)),"")	=IF(OR(F968="",G968=""),"",100*SUMIFS(zips!$C:$C,zips!$B:$B,F968,zips!$E:$E,"<"&G968)/SUMIFS(zips!$C:$C,zips!$B:$B,F968,zips!$E:$E,">0"))	46.5047	8.5903	=IF(I968="","",ROUND(G968-I968,2))	=IF(J968="","",ROUND(H968-J968,2))
MRP Liberty	235 Bay Springs Blvd	Defuniak Springs	FL	32435	=IFERROR(INDEX(zips!$B:$B,MATCH(E969,zips!$A:$A,0)),"")	=IFERROR(INDEX(zips!$E:$E,MATCH(E969,zips!$A:$A,0)),"")	=IF(OR(F969="",G969=""),"",100*SUMIFS(zips!$C:$C,zips!$B:$B,F969,zips!$E:$E,"<"&G969)/SUMIFS(zips!$C:$C,zips!$B:$B,F969,zips!$E:$E,">0"))	46.5047	8.5903	=IF(I969="","",ROUND(G969-I969,2))	=IF(J969="","",ROUND(H969-J969,2))
MRP Liberty	62 Mapleview Dr	Defuniak Springs	FL	32435	=IFERROR(INDEX(zips!$B:$B,MATCH(E970,zips!$A:$A,0)),"")	=IFERROR(INDEX(zips!$E:$E,MATCH(E970,zips!$A:$A,0)),"")	=IF(OR(F970="",G970=""),"",100*SUMIFS(zips!$C:$C,zips!$B:$B,F970,zips!$E:$E,"<"&G970)/SUMIFS(zips!$C:$C,zips!$B:$B,F970,zips!$E:$E,">0"))	46.5047	8.5903	=IF(I970="","",ROUND(G970-I970,2))	=IF(J970="","",ROUND(H970-J970,2))
MRP Liberty	31 Lago Ln	Freeport	FL	32439	=IFERROR(INDEX(zips!$B:$B,MATCH(E971,zips!$A:$A,0)),"")	=IFERROR(INDEX(zips!$E:$E,MATCH(E971,zips!$A:$A,0)),"")	=IF(OR(F971="",G971=""),"",100*SUMIFS(zips!$C:$C,zips!$B:$B,F971,zips!$E:$E,"<"&G971)/SUMIFS(zips!$C:$C,zips!$B:$B,F971,zips!$E:$E,">0"))	158.1696	17.1257	=IF(I971="","",ROUND(G971-I971,2))	=IF(J971="","",ROUND(H971-J971,2))
MRP Liberty	36 Lago Ln	Freeport	FL	32439	=IFERROR(INDEX(zips!$B:$B,MATCH(E972,zips!$A:$A,0)),"")	=IFERROR(INDEX(zips!$E:$E,MATCH(E972,zips!$A:$A,0)),"")	=IF(OR(F972="",G972=""),"",100*SUMIFS(zips!$C:$C,zips!$B:$B,F972,zips!$E:$E,"<"&G972)/SUMIFS(zips!$C:$C,zips!$B:$B,F972,zips!$E:$E,">0"))	158.1696	17.1257	=IF(I972="","",ROUND(G972-I972,2))	=IF(J972="","",ROUND(H972-J972,2))
MRP Liberty	365 Lago Ln	Freeport	FL	32439	=IFERROR(INDEX(zips!$B:$B,MATCH(E973,zips!$A:$A,0)),"")	=IFERROR(INDEX(zips!$E:$E,MATCH(E973,zips!$A:$A,0)),"")	=IF(OR(F973="",G973=""),"",100*SUMIFS(zips!$C:$C,zips!$B:$B,F973,zips!$E:$E,"<"&G973)/SUMIFS(zips!$C:$C,zips!$B:$B,F973,zips!$E:$E,">0"))	158.1696	17.1257	=IF(I973="","",ROUND(G973-I973,2))	=IF(J973="","",ROUND(H973-J973,2))
MRP Liberty	41 Lago Ln	Freeport	FL	32439	=IFERROR(INDEX(zips!$B:$B,MATCH(E974,zips!$A:$A,0)),"")	=IFERROR(INDEX(zips!$E:$E,MATCH(E974,zips!$A:$A,0)),"")	=IF(OR(F974="",G974=""),"",100*SUMIFS(zips!$C:$C,zips!$B:$B,F974,zips!$E:$E,"<"&G974)/SUMIFS(zips!$C:$C,zips!$B:$B,F974,zips!$E:$E,">0"))	158.1696	17.1257	=IF(I974="","",ROUND(G974-I974,2))	=IF(J974="","",ROUND(H974-J974,2))
MRP Liberty	353 Lago Ln	Freeport	FL	32439	=IFERROR(INDEX(zips!$B:$B,MATCH(E975,zips!$A:$A,0)),"")	=IFERROR(INDEX(zips!$E:$E,MATCH(E975,zips!$A:$A,0)),"")	=IF(OR(F975="",G975=""),"",100*SUMIFS(zips!$C:$C,zips!$B:$B,F975,zips!$E:$E,"<"&G975)/SUMIFS(zips!$C:$C,zips!$B:$B,F975,zips!$E:$E,">0"))	158.1696	17.1257	=IF(I975="","",ROUND(G975-I975,2))	=IF(J975="","",ROUND(H975-J975,2))
MRP Liberty	1541 Ellsworth Circle Sw	Palm Bay	FL	32908	=IFERROR(INDEX(zips!$B:$B,MATCH(E976,zips!$A:$A,0)),"")	=IFERROR(INDEX(zips!$E:$E,MATCH(E976,zips!$A:$A,0)),"")	=IF(OR(F976="",G976=""),"",100*SUMIFS(zips!$C:$C,zips!$B:$B,F976,zips!$E:$E,"<"&G976)/SUMIFS(zips!$C:$C,zips!$B:$B,F976,zips!$E:$E,">0"))	779.7687	32.3239	=IF(I976="","",ROUND(G976-I976,2))	=IF(J976="","",ROUND(H976-J976,2))
MRP Liberty	1591 Ellsworth Circle Sw	Palm Bay	FL	32908	=IFERROR(INDEX(zips!$B:$B,MATCH(E977,zips!$A:$A,0)),"")	=IFERROR(INDEX(zips!$E:$E,MATCH(E977,zips!$A:$A,0)),"")	=IF(OR(F977="",G977=""),"",100*SUMIFS(zips!$C:$C,zips!$B:$B,F977,zips!$E:$E,"<"&G977)/SUMIFS(zips!$C:$C,zips!$B:$B,F977,zips!$E:$E,">0"))	779.7687	32.3239	=IF(I977="","",ROUND(G977-I977,2))	=IF(J977="","",ROUND(H977-J977,2))
MRP Liberty	1571 Ellsworth Circle Sw	Palm Bay	FL	32908	=IFERROR(INDEX(zips!$B:$B,MATCH(E978,zips!$A:$A,0)),"")	=IFERROR(INDEX(zips!$E:$E,MATCH(E978,zips!$A:$A,0)),"")	=IF(OR(F978="",G978=""),"",100*SUMIFS(zips!$C:$C,zips!$B:$B,F978,zips!$E:$E,"<"&G978)/SUMIFS(zips!$C:$C,zips!$B:$B,F978,zips!$E:$E,">0"))	779.7687	32.3239	=IF(I978="","",ROUND(G978-I978,2))	=IF(J978="","",ROUND(H978-J978,2))
MRP Liberty	1612 Ellsworth Circle Sw	Palm Bay	FL	32908	=IFERROR(INDEX(zips!$B:$B,MATCH(E979,zips!$A:$A,0)),"")	=IFERROR(INDEX(zips!$E:$E,MATCH(E979,zips!$A:$A,0)),"")	=IF(OR(F979="",G979=""),"",100*SUMIFS(zips!$C:$C,zips!$B:$B,F979,zips!$E:$E,"<"&G979)/SUMIFS(zips!$C:$C,zips!$B:$B,F979,zips!$E:$E,">0"))	779.7687	32.3239	=IF(I979="","",ROUND(G979-I979,2))	=IF(J979="","",ROUND(H979-J979,2))
MRP Liberty	1631 Ellsworth Circle Sw	Palm Bay	FL	32908	=IFERROR(INDEX(zips!$B:$B,MATCH(E980,zips!$A:$A,0)),"")	=IFERROR(INDEX(zips!$E:$E,MATCH(E980,zips!$A:$A,0)),"")	=IF(OR(F980="",G980=""),"",100*SUMIFS(zips!$C:$C,zips!$B:$B,F980,zips!$E:$E,"<"&G980)/SUMIFS(zips!$C:$C,zips!$B:$B,F980,zips!$E:$E,">0"))	779.7687	32.3239	=IF(I980="","",ROUND(G980-I980,2))	=IF(J980="","",ROUND(H980-J980,2))
MRP Liberty	1641 Ellsworth Circle Sw	Palm Bay	FL	32908	=IFERROR(INDEX(zips!$B:$B,MATCH(E981,zips!$A:$A,0)),"")	=IFERROR(INDEX(zips!$E:$E,MATCH(E981,zips!$A:$A,0)),"")	=IF(OR(F981="",G981=""),"",100*SUMIFS(zips!$C:$C,zips!$B:$B,F981,zips!$E:$E,"<"&G981)/SUMIFS(zips!$C:$C,zips!$B:$B,F981,zips!$E:$E,">0"))	779.7687	32.3239	=IF(I981="","",ROUND(G981-I981,2))	=IF(J981="","",ROUND(H981-J981,2))
MRP Liberty	1581 Ellsworth Circle Sw	Palm Bay	FL	32908	=IFERROR(INDEX(zips!$B:$B,MATCH(E982,zips!$A:$A,0)),"")	=IFERROR(INDEX(zips!$E:$E,MATCH(E982,zips!$A:$A,0)),"")	=IF(OR(F982="",G982=""),"",100*SUMIFS(zips!$C:$C,zips!$B:$B,F982,zips!$E:$E,"<"&G982)/SUMIFS(zips!$C:$C,zips!$B:$B,F982,zips!$E:$E,">0"))	779.7687	32.3239	=IF(I982="","",ROUND(G982-I982,2))	=IF(J982="","",ROUND(H982-J982,2))
MRP Liberty	1601 Ellsworth Circle Sw	Palm Bay	FL	32908	=IFERROR(INDEX(zips!$B:$B,MATCH(E983,zips!$A:$A,0)),"")	=IFERROR(INDEX(zips!$E:$E,MATCH(E983,zips!$A:$A,0)),"")	=IF(OR(F983="",G983=""),"",100*SUMIFS(zips!$C:$C,zips!$B:$B,F983,zips!$E:$E,"<"&G983)/SUMIFS(zips!$C:$C,zips!$B:$B,F983,zips!$E:$E,">0"))	779.7687	32.3239	=IF(I983="","",ROUND(G983-I983,2))	=IF(J983="","",ROUND(H983-J983,2))
MRP Liberty	1880 Bayou Avenue Sw	Palm Bay	FL	32908	=IFERROR(INDEX(zips!$B:$B,MATCH(E984,zips!$A:$A,0)),"")	=IFERROR(INDEX(zips!$E:$E,MATCH(E984,zips!$A:$A,0)),"")	=IF(OR(F984="",G984=""),"",100*SUMIFS(zips!$C:$C,zips!$B:$B,F984,zips!$E:$E,"<"&G984)/SUMIFS(zips!$C:$C,zips!$B:$B,F984,zips!$E:$E,">0"))	779.7687	32.3239	=IF(I984="","",ROUND(G984-I984,2))	=IF(J984="","",ROUND(H984-J984,2))
MRP Liberty	1561 Ellsworth Circle Sw	Palm Bay	FL	32908	=IFERROR(INDEX(zips!$B:$B,MATCH(E985,zips!$A:$A,0)),"")	=IFERROR(INDEX(zips!$E:$E,MATCH(E985,zips!$A:$A,0)),"")	=IF(OR(F985="",G985=""),"",100*SUMIFS(zips!$C:$C,zips!$B:$B,F985,zips!$E:$E,"<"&G985)/SUMIFS(zips!$C:$C,zips!$B:$B,F985,zips!$E:$E,">0"))	779.7687	32.3239	=IF(I985="","",ROUND(G985-I985,2))	=IF(J985="","",ROUND(H985-J985,2))
MRP Liberty	1652 Ellsworth Circle Sw	Palm Bay	FL	32908	=IFERROR(INDEX(zips!$B:$B,MATCH(E986,zips!$A:$A,0)),"")	=IFERROR(INDEX(zips!$E:$E,MATCH(E986,zips!$A:$A,0)),"")	=IF(OR(F986="",G986=""),"",100*SUMIFS(zips!$C:$C,zips!$B:$B,F986,zips!$E:$E,"<"&G986)/SUMIFS(zips!$C:$C,zips!$B:$B,F986,zips!$E:$E,">0"))	779.7687	32.3239	=IF(I986="","",ROUND(G986-I986,2))	=IF(J986="","",ROUND(H986-J986,2))
MRP Liberty	3833 Alwyn Cashe Ave	Panama City	FL	32404	=IFERROR(INDEX(zips!$B:$B,MATCH(E987,zips!$A:$A,0)),"")	=IFERROR(INDEX(zips!$E:$E,MATCH(E987,zips!$A:$A,0)),"")	=IF(OR(F987="",G987=""),"",100*SUMIFS(zips!$C:$C,zips!$B:$B,F987,zips!$E:$E,"<"&G987)/SUMIFS(zips!$C:$C,zips!$B:$B,F987,zips!$E:$E,">0"))	311.8784	23.4924	=IF(I987="","",ROUND(G987-I987,2))	=IF(J987="","",ROUND(H987-J987,2))
MRP Liberty	3800 Wall St	Panama City	FL	32404	=IFERROR(INDEX(zips!$B:$B,MATCH(E988,zips!$A:$A,0)),"")	=IFERROR(INDEX(zips!$E:$E,MATCH(E988,zips!$A:$A,0)),"")	=IF(OR(F988="",G988=""),"",100*SUMIFS(zips!$C:$C,zips!$B:$B,F988,zips!$E:$E,"<"&G988)/SUMIFS(zips!$C:$C,zips!$B:$B,F988,zips!$E:$E,">0"))	311.8784	23.4924	=IF(I988="","",ROUND(G988-I988,2))	=IF(J988="","",ROUND(H988-J988,2))
MRP Liberty	368 Baylor St	Panama City	FL	32409	=IFERROR(INDEX(zips!$B:$B,MATCH(E989,zips!$A:$A,0)),"")	=IFERROR(INDEX(zips!$E:$E,MATCH(E989,zips!$A:$A,0)),"")	=IF(OR(F989="",G989=""),"",100*SUMIFS(zips!$C:$C,zips!$B:$B,F989,zips!$E:$E,"<"&G989)/SUMIFS(zips!$C:$C,zips!$B:$B,F989,zips!$E:$E,">0"))	86.3904	9.5705	=IF(I989="","",ROUND(G989-I989,2))	=IF(J989="","",ROUND(H989-J989,2))
MRP Liberty	229 Maegans Way	Panama City	FL	32409	=IFERROR(INDEX(zips!$B:$B,MATCH(E990,zips!$A:$A,0)),"")	=IFERROR(INDEX(zips!$E:$E,MATCH(E990,zips!$A:$A,0)),"")	=IF(OR(F990="",G990=""),"",100*SUMIFS(zips!$C:$C,zips!$B:$B,F990,zips!$E:$E,"<"&G990)/SUMIFS(zips!$C:$C,zips!$B:$B,F990,zips!$E:$E,">0"))	86.3904	9.5705	=IF(I990="","",ROUND(G990-I990,2))	=IF(J990="","",ROUND(H990-J990,2))
MRP Liberty	12279 Rylann St	Panama City	FL	32409	=IFERROR(INDEX(zips!$B:$B,MATCH(E991,zips!$A:$A,0)),"")	=IFERROR(INDEX(zips!$E:$E,MATCH(E991,zips!$A:$A,0)),"")	=IF(OR(F991="",G991=""),"",100*SUMIFS(zips!$C:$C,zips!$B:$B,F991,zips!$E:$E,"<"&G991)/SUMIFS(zips!$C:$C,zips!$B:$B,F991,zips!$E:$E,">0"))	86.3904	9.5705	=IF(I991="","",ROUND(G991-I991,2))	=IF(J991="","",ROUND(H991-J991,2))
MRP Liberty	12275 Rylann St	Panama City	FL	32409	=IFERROR(INDEX(zips!$B:$B,MATCH(E992,zips!$A:$A,0)),"")	=IFERROR(INDEX(zips!$E:$E,MATCH(E992,zips!$A:$A,0)),"")	=IF(OR(F992="",G992=""),"",100*SUMIFS(zips!$C:$C,zips!$B:$B,F992,zips!$E:$E,"<"&G992)/SUMIFS(zips!$C:$C,zips!$B:$B,F992,zips!$E:$E,">0"))	86.3904	9.5705	=IF(I992="","",ROUND(G992-I992,2))	=IF(J992="","",ROUND(H992-J992,2))
MRP Liberty	308 Baylor St	Panama City	FL	32409	=IFERROR(INDEX(zips!$B:$B,MATCH(E993,zips!$A:$A,0)),"")	=IFERROR(INDEX(zips!$E:$E,MATCH(E993,zips!$A:$A,0)),"")	=IF(OR(F993="",G993=""),"",100*SUMIFS(zips!$C:$C,zips!$B:$B,F993,zips!$E:$E,"<"&G993)/SUMIFS(zips!$C:$C,zips!$B:$B,F993,zips!$E:$E,">0"))	86.3904	9.5705	=IF(I993="","",ROUND(G993-I993,2))	=IF(J993="","",ROUND(H993-J993,2))
MRP Liberty	233 Maegans Way	Panama City	FL	32409	=IFERROR(INDEX(zips!$B:$B,MATCH(E994,zips!$A:$A,0)),"")	=IFERROR(INDEX(zips!$E:$E,MATCH(E994,zips!$A:$A,0)),"")	=IF(OR(F994="",G994=""),"",100*SUMIFS(zips!$C:$C,zips!$B:$B,F994,zips!$E:$E,"<"&G994)/SUMIFS(zips!$C:$C,zips!$B:$B,F994,zips!$E:$E,">0"))	86.3904	9.5705	=IF(I994="","",ROUND(G994-I994,2))	=IF(J994="","",ROUND(H994-J994,2))
MRP Liberty	12283 Rylann St	Panama City	FL	32409	=IFERROR(INDEX(zips!$B:$B,MATCH(E995,zips!$A:$A,0)),"")	=IFERROR(INDEX(zips!$E:$E,MATCH(E995,zips!$A:$A,0)),"")	=IF(OR(F995="",G995=""),"",100*SUMIFS(zips!$C:$C,zips!$B:$B,F995,zips!$E:$E,"<"&G995)/SUMIFS(zips!$C:$C,zips!$B:$B,F995,zips!$E:$E,">0"))	86.3904	9.5705	=IF(I995="","",ROUND(G995-I995,2))	=IF(J995="","",ROUND(H995-J995,2))
MRP Liberty	352 Baylor St	Panama City	FL	32409	=IFERROR(INDEX(zips!$B:$B,MATCH(E996,zips!$A:$A,0)),"")	=IFERROR(INDEX(zips!$E:$E,MATCH(E996,zips!$A:$A,0)),"")	=IF(OR(F996="",G996=""),"",100*SUMIFS(zips!$C:$C,zips!$B:$B,F996,zips!$E:$E,"<"&G996)/SUMIFS(zips!$C:$C,zips!$B:$B,F996,zips!$E:$E,">0"))	86.3904	9.5705	=IF(I996="","",ROUND(G996-I996,2))	=IF(J996="","",ROUND(H996-J996,2))
MRP Liberty	12271 Rylann St	Panama City	FL	32409	=IFERROR(INDEX(zips!$B:$B,MATCH(E997,zips!$A:$A,0)),"")	=IFERROR(INDEX(zips!$E:$E,MATCH(E997,zips!$A:$A,0)),"")	=IF(OR(F997="",G997=""),"",100*SUMIFS(zips!$C:$C,zips!$B:$B,F997,zips!$E:$E,"<"&G997)/SUMIFS(zips!$C:$C,zips!$B:$B,F997,zips!$E:$E,">0"))	86.3904	9.5705	=IF(I997="","",ROUND(G997-I997,2))	=IF(J997="","",ROUND(H997-J997,2))
MRP Liberty	228 Maegans Way	Panama City	FL	32409	=IFERROR(INDEX(zips!$B:$B,MATCH(E998,zips!$A:$A,0)),"")	=IFERROR(INDEX(zips!$E:$E,MATCH(E998,zips!$A:$A,0)),"")	=IF(OR(F998="",G998=""),"",100*SUMIFS(zips!$C:$C,zips!$B:$B,F998,zips!$E:$E,"<"&G998)/SUMIFS(zips!$C:$C,zips!$B:$B,F998,zips!$E:$E,">0"))	86.3904	9.5705	=IF(I998="","",ROUND(G998-I998,2))	=IF(J998="","",ROUND(H998-J998,2))
MRP Liberty	304 Baylor St	Panama City	FL	32409	=IFERROR(INDEX(zips!$B:$B,MATCH(E999,zips!$A:$A,0)),"")	=IFERROR(INDEX(zips!$E:$E,MATCH(E999,zips!$A:$A,0)),"")	=IF(OR(F999="",G999=""),"",100*SUMIFS(zips!$C:$C,zips!$B:$B,F999,zips!$E:$E,"<"&G999)/SUMIFS(zips!$C:$C,zips!$B:$B,F999,zips!$E:$E,">0"))	86.3904	9.5705	=IF(I999="","",ROUND(G999-I999,2))	=IF(J999="","",ROUND(H999-J999,2))
MRP Liberty	4815 George Cunningham Loop	Temple	TX	76502	=IFERROR(INDEX(zips!$B:$B,MATCH(E1000,zips!$A:$A,0)),"")	=IFERROR(INDEX(zips!$E:$E,MATCH(E1000,zips!$A:$A,0)),"")	=IF(OR(F1000="",G1000=""),"",100*SUMIFS(zips!$C:$C,zips!$B:$B,F1000,zips!$E:$E,"<"&G1000)/SUMIFS(zips!$C:$C,zips!$B:$B,F1000,zips!$E:$E,">0"))	878.2543	68.8029	=IF(I1000="","",ROUND(G1000-I1000,2))	=IF(J1000="","",ROUND(H1000-J1000,2))
MRP Liberty	1232 Magnolia Trl	Wilmer	TX	75172	=IFERROR(INDEX(zips!$B:$B,MATCH(E1001,zips!$A:$A,0)),"")	=IFERROR(INDEX(zips!$E:$E,MATCH(E1001,zips!$A:$A,0)),"")	=IF(OR(F1001="",G1001=""),"",100*SUMIFS(zips!$C:$C,zips!$B:$B,F1001,zips!$E:$E,"<"&G1001)/SUMIFS(zips!$C:$C,zips!$B:$B,F1001,zips!$E:$E,">0"))	520.0106	12.4638	=IF(I1001="","",ROUND(G1001-I1001,2))	=IF(J1001="","",ROUND(H1001-J1001,2))
MRP Liberty	1240 Magnolia Trl	Wilmer	TX	75172	=IFERROR(INDEX(zips!$B:$B,MATCH(E1002,zips!$A:$A,0)),"")	=IFERROR(INDEX(zips!$E:$E,MATCH(E1002,zips!$A:$A,0)),"")	=IF(OR(F1002="",G1002=""),"",100*SUMIFS(zips!$C:$C,zips!$B:$B,F1002,zips!$E:$E,"<"&G1002)/SUMIFS(zips!$C:$C,zips!$B:$B,F1002,zips!$E:$E,">0"))	520.0106	12.4638	=IF(I1002="","",ROUND(G1002-I1002,2))	=IF(J1002="","",ROUND(H1002-J1002,2))
MRP Liberty	1252 Magnolia Trl	Wilmer	TX	75172	=IFERROR(INDEX(zips!$B:$B,MATCH(E1003,zips!$A:$A,0)),"")	=IFERROR(INDEX(zips!$E:$E,MATCH(E1003,zips!$A:$A,0)),"")	=IF(OR(F1003="",G1003=""),"",100*SUMIFS(zips!$C:$C,zips!$B:$B,F1003,zips!$E:$E,"<"&G1003)/SUMIFS(zips!$C:$C,zips!$B:$B,F1003,zips!$E:$E,">0"))	520.0106	12.4638	=IF(I1003="","",ROUND(G1003-I1003,2))	=IF(J1003="","",ROUND(H1003-J1003,2))
MRP Liberty	15736 Plum Brook Dr	Conroe	TX	77303	=IFERROR(INDEX(zips!$B:$B,MATCH(E1004,zips!$A:$A,0)),"")	=IFERROR(INDEX(zips!$E:$E,MATCH(E1004,zips!$A:$A,0)),"")	=IF(OR(F1004="",G1004=""),"",100*SUMIFS(zips!$C:$C,zips!$B:$B,F1004,zips!$E:$E,"<"&G1004)/SUMIFS(zips!$C:$C,zips!$B:$B,F1004,zips!$E:$E,">0"))	432.0935	9.1779	=IF(I1004="","",ROUND(G1004-I1004,2))	=IF(J1004="","",ROUND(H1004-J1004,2))
MRP Liberty	267 Carnation Ave	Sanford	NC	27330	=IFERROR(INDEX(zips!$B:$B,MATCH(E1005,zips!$A:$A,0)),"")	=IFERROR(INDEX(zips!$E:$E,MATCH(E1005,zips!$A:$A,0)),"")	=IF(OR(F1005="",G1005=""),"",100*SUMIFS(zips!$C:$C,zips!$B:$B,F1005,zips!$E:$E,"<"&G1005)/SUMIFS(zips!$C:$C,zips!$B:$B,F1005,zips!$E:$E,">0"))	196.8353	0.0	=IF(I1005="","",ROUND(G1005-I1005,2))	=IF(J1005="","",ROUND(H1005-J1005,2))
MRP Liberty	263 Carnation Ave	Sanford	NC	27330	=IFERROR(INDEX(zips!$B:$B,MATCH(E1006,zips!$A:$A,0)),"")	=IFERROR(INDEX(zips!$E:$E,MATCH(E1006,zips!$A:$A,0)),"")	=IF(OR(F1006="",G1006=""),"",100*SUMIFS(zips!$C:$C,zips!$B:$B,F1006,zips!$E:$E,"<"&G1006)/SUMIFS(zips!$C:$C,zips!$B:$B,F1006,zips!$E:$E,">0"))	196.8353	0.0	=IF(I1006="","",ROUND(G1006-I1006,2))	=IF(J1006="","",ROUND(H1006-J1006,2))
MRP Liberty	269 Carnation Ave	Sanford	NC	27330	=IFERROR(INDEX(zips!$B:$B,MATCH(E1007,zips!$A:$A,0)),"")	=IFERROR(INDEX(zips!$E:$E,MATCH(E1007,zips!$A:$A,0)),"")	=IF(OR(F1007="",G1007=""),"",100*SUMIFS(zips!$C:$C,zips!$B:$B,F1007,zips!$E:$E,"<"&G1007)/SUMIFS(zips!$C:$C,zips!$B:$B,F1007,zips!$E:$E,">0"))	196.8353	0.0	=IF(I1007="","",ROUND(G1007-I1007,2))	=IF(J1007="","",ROUND(H1007-J1007,2))
MRP Liberty	265 Carnation Ave	Sanford	NC	27330	=IFERROR(INDEX(zips!$B:$B,MATCH(E1008,zips!$A:$A,0)),"")	=IFERROR(INDEX(zips!$E:$E,MATCH(E1008,zips!$A:$A,0)),"")	=IF(OR(F1008="",G1008=""),"",100*SUMIFS(zips!$C:$C,zips!$B:$B,F1008,zips!$E:$E,"<"&G1008)/SUMIFS(zips!$C:$C,zips!$B:$B,F1008,zips!$E:$E,">0"))	196.8353	0.0	=IF(I1008="","",ROUND(G1008-I1008,2))	=IF(J1008="","",ROUND(H1008-J1008,2))
MRP Liberty	261 Carnation Ave	Sanford	NC	27330	=IFERROR(INDEX(zips!$B:$B,MATCH(E1009,zips!$A:$A,0)),"")	=IFERROR(INDEX(zips!$E:$E,MATCH(E1009,zips!$A:$A,0)),"")	=IF(OR(F1009="",G1009=""),"",100*SUMIFS(zips!$C:$C,zips!$B:$B,F1009,zips!$E:$E,"<"&G1009)/SUMIFS(zips!$C:$C,zips!$B:$B,F1009,zips!$E:$E,">0"))	196.8353	0.0	=IF(I1009="","",ROUND(G1009-I1009,2))	=IF(J1009="","",ROUND(H1009-J1009,2))
MRP Liberty	529 Giovanni Dr	Sanford	NC	27330	=IFERROR(INDEX(zips!$B:$B,MATCH(E1010,zips!$A:$A,0)),"")	=IFERROR(INDEX(zips!$E:$E,MATCH(E1010,zips!$A:$A,0)),"")	=IF(OR(F1010="",G1010=""),"",100*SUMIFS(zips!$C:$C,zips!$B:$B,F1010,zips!$E:$E,"<"&G1010)/SUMIFS(zips!$C:$C,zips!$B:$B,F1010,zips!$E:$E,">0"))	196.8353	0.0	=IF(I1010="","",ROUND(G1010-I1010,2))	=IF(J1010="","",ROUND(H1010-J1010,2))
MRP Liberty	110 Angelica Dr	Sanford	NC	27330	=IFERROR(INDEX(zips!$B:$B,MATCH(E1011,zips!$A:$A,0)),"")	=IFERROR(INDEX(zips!$E:$E,MATCH(E1011,zips!$A:$A,0)),"")	=IF(OR(F1011="",G1011=""),"",100*SUMIFS(zips!$C:$C,zips!$B:$B,F1011,zips!$E:$E,"<"&G1011)/SUMIFS(zips!$C:$C,zips!$B:$B,F1011,zips!$E:$E,">0"))	196.8353	0.0	=IF(I1011="","",ROUND(G1011-I1011,2))	=IF(J1011="","",ROUND(H1011-J1011,2))
MRP Liberty	109 Angelica Dr	Sanford	NC	27330	=IFERROR(INDEX(zips!$B:$B,MATCH(E1012,zips!$A:$A,0)),"")	=IFERROR(INDEX(zips!$E:$E,MATCH(E1012,zips!$A:$A,0)),"")	=IF(OR(F1012="",G1012=""),"",100*SUMIFS(zips!$C:$C,zips!$B:$B,F1012,zips!$E:$E,"<"&G1012)/SUMIFS(zips!$C:$C,zips!$B:$B,F1012,zips!$E:$E,">0"))	196.8353	0.0	=IF(I1012="","",ROUND(G1012-I1012,2))	=IF(J1012="","",ROUND(H1012-J1012,2))
MRP Liberty	1834 Broom Maker Drive	Bessemer City	NC	28016	=IFERROR(INDEX(zips!$B:$B,MATCH(E1013,zips!$A:$A,0)),"")	=IFERROR(INDEX(zips!$E:$E,MATCH(E1013,zips!$A:$A,0)),"")	=IF(OR(F1013="",G1013=""),"",100*SUMIFS(zips!$C:$C,zips!$B:$B,F1013,zips!$E:$E,"<"&G1013)/SUMIFS(zips!$C:$C,zips!$B:$B,F1013,zips!$E:$E,">0"))	299.7975	12.3121	=IF(I1013="","",ROUND(G1013-I1013,2))	=IF(J1013="","",ROUND(H1013-J1013,2))
MRP Liberty	1830 Broom Maker Drive	Bessemer City	NC	28016	=IFERROR(INDEX(zips!$B:$B,MATCH(E1014,zips!$A:$A,0)),"")	=IFERROR(INDEX(zips!$E:$E,MATCH(E1014,zips!$A:$A,0)),"")	=IF(OR(F1014="",G1014=""),"",100*SUMIFS(zips!$C:$C,zips!$B:$B,F1014,zips!$E:$E,"<"&G1014)/SUMIFS(zips!$C:$C,zips!$B:$B,F1014,zips!$E:$E,">0"))	299.7975	12.3121	=IF(I1014="","",ROUND(G1014-I1014,2))	=IF(J1014="","",ROUND(H1014-J1014,2))
MRP Liberty	1827 Broom Maker Drive	Bessemer City	NC	28016	=IFERROR(INDEX(zips!$B:$B,MATCH(E1015,zips!$A:$A,0)),"")	=IFERROR(INDEX(zips!$E:$E,MATCH(E1015,zips!$A:$A,0)),"")	=IF(OR(F1015="",G1015=""),"",100*SUMIFS(zips!$C:$C,zips!$B:$B,F1015,zips!$E:$E,"<"&G1015)/SUMIFS(zips!$C:$C,zips!$B:$B,F1015,zips!$E:$E,">0"))	299.7975	12.3121	=IF(I1015="","",ROUND(G1015-I1015,2))	=IF(J1015="","",ROUND(H1015-J1015,2))
MRP Liberty	400 Park Slope Way	Youngsville	NC	27596	=IFERROR(INDEX(zips!$B:$B,MATCH(E1016,zips!$A:$A,0)),"")	=IFERROR(INDEX(zips!$E:$E,MATCH(E1016,zips!$A:$A,0)),"")	=IF(OR(F1016="",G1016=""),"",100*SUMIFS(zips!$C:$C,zips!$B:$B,F1016,zips!$E:$E,"<"&G1016)/SUMIFS(zips!$C:$C,zips!$B:$B,F1016,zips!$E:$E,">0"))	370.5934	12.292	=IF(I1016="","",ROUND(G1016-I1016,2))	=IF(J1016="","",ROUND(H1016-J1016,2))
Invitation Homes	12785 W Milton Drive			85383	=IFERROR(INDEX(zips!$B:$B,MATCH(E1017,zips!$A:$A,0)),"")	=IFERROR(INDEX(zips!$E:$E,MATCH(E1017,zips!$A:$A,0)),"")	=IF(OR(F1017="",G1017=""),"",100*SUMIFS(zips!$C:$C,zips!$B:$B,F1017,zips!$E:$E,"<"&G1017)/SUMIFS(zips!$C:$C,zips!$B:$B,F1017,zips!$E:$E,">0"))	459.8513	9.7805	=IF(I1017="","",ROUND(G1017-I1017,2))	=IF(J1017="","",ROUND(H1017-J1017,2))
Invitation Homes	3736 W Ghost Flower Ct			85086	=IFERROR(INDEX(zips!$B:$B,MATCH(E1018,zips!$A:$A,0)),"")	=IFERROR(INDEX(zips!$E:$E,MATCH(E1018,zips!$A:$A,0)),"")	=IF(OR(F1018="",G1018=""),"",100*SUMIFS(zips!$C:$C,zips!$B:$B,F1018,zips!$E:$E,"<"&G1018)/SUMIFS(zips!$C:$C,zips!$B:$B,F1018,zips!$E:$E,">0"))	706.9688	15.0272	=IF(I1018="","",ROUND(G1018-I1018,2))	=IF(J1018="","",ROUND(H1018-J1018,2))
Invitation Homes	1082 Clogger Ln			80817	=IFERROR(INDEX(zips!$B:$B,MATCH(E1019,zips!$A:$A,0)),"")	=IFERROR(INDEX(zips!$E:$E,MATCH(E1019,zips!$A:$A,0)),"")	=IF(OR(F1019="",G1019=""),"",100*SUMIFS(zips!$C:$C,zips!$B:$B,F1019,zips!$E:$E,"<"&G1019)/SUMIFS(zips!$C:$C,zips!$B:$B,F1019,zips!$E:$E,">0"))	270.2766	13.4937	=IF(I1019="","",ROUND(G1019-I1019,2))	=IF(J1019="","",ROUND(H1019-J1019,2))
Invitation Homes	517 Turf Trail Pl			80817	=IFERROR(INDEX(zips!$B:$B,MATCH(E1020,zips!$A:$A,0)),"")	=IFERROR(INDEX(zips!$E:$E,MATCH(E1020,zips!$A:$A,0)),"")	=IF(OR(F1020="",G1020=""),"",100*SUMIFS(zips!$C:$C,zips!$B:$B,F1020,zips!$E:$E,"<"&G1020)/SUMIFS(zips!$C:$C,zips!$B:$B,F1020,zips!$E:$E,">0"))	270.2766	13.4937	=IF(I1020="","",ROUND(G1020-I1020,2))	=IF(J1020="","",ROUND(H1020-J1020,2))
Invitation Homes	6020 Wisteria Dr			80919	=IFERROR(INDEX(zips!$B:$B,MATCH(E1021,zips!$A:$A,0)),"")	=IFERROR(INDEX(zips!$E:$E,MATCH(E1021,zips!$A:$A,0)),"")	=IF(OR(F1021="",G1021=""),"",100*SUMIFS(zips!$C:$C,zips!$B:$B,F1021,zips!$E:$E,"<"&G1021)/SUMIFS(zips!$C:$C,zips!$B:$B,F1021,zips!$E:$E,">0"))	1006.1011	33.716	=IF(I1021="","",ROUND(G1021-I1021,2))	=IF(J1021="","",ROUND(H1021-J1021,2))
Invitation Homes	1351 Oswego St			80904	=IFERROR(INDEX(zips!$B:$B,MATCH(E1022,zips!$A:$A,0)),"")	=IFERROR(INDEX(zips!$E:$E,MATCH(E1022,zips!$A:$A,0)),"")	=IF(OR(F1022="",G1022=""),"",100*SUMIFS(zips!$C:$C,zips!$B:$B,F1022,zips!$E:$E,"<"&G1022)/SUMIFS(zips!$C:$C,zips!$B:$B,F1022,zips!$E:$E,">0"))	1913.4133	39.0616	=IF(I1022="","",ROUND(G1022-I1022,2))	=IF(J1022="","",ROUND(H1022-J1022,2))
Invitation Homes	7980 Dakota Ridge Pl			80920	=IFERROR(INDEX(zips!$B:$B,MATCH(E1023,zips!$A:$A,0)),"")	=IFERROR(INDEX(zips!$E:$E,MATCH(E1023,zips!$A:$A,0)),"")	=IF(OR(F1023="",G1023=""),"",100*SUMIFS(zips!$C:$C,zips!$B:$B,F1023,zips!$E:$E,"<"&G1023)/SUMIFS(zips!$C:$C,zips!$B:$B,F1023,zips!$E:$E,">0"))	3072.7229	56.7637	=IF(I1023="","",ROUND(G1023-I1023,2))	=IF(J1023="","",ROUND(H1023-J1023,2))
Invitation Homes	231 Masters Dr			80104	=IFERROR(INDEX(zips!$B:$B,MATCH(E1024,zips!$A:$A,0)),"")	=IFERROR(INDEX(zips!$E:$E,MATCH(E1024,zips!$A:$A,0)),"")	=IF(OR(F1024="",G1024=""),"",100*SUMIFS(zips!$C:$C,zips!$B:$B,F1024,zips!$E:$E,"<"&G1024)/SUMIFS(zips!$C:$C,zips!$B:$B,F1024,zips!$E:$E,">0"))	515.9113	6.6454	=IF(I1024="","",ROUND(G1024-I1024,2))	=IF(J1024="","",ROUND(H1024-J1024,2))
Invitation Homes	7403 Middle Bay Way			80817	=IFERROR(INDEX(zips!$B:$B,MATCH(E1025,zips!$A:$A,0)),"")	=IFERROR(INDEX(zips!$E:$E,MATCH(E1025,zips!$A:$A,0)),"")	=IF(OR(F1025="",G1025=""),"",100*SUMIFS(zips!$C:$C,zips!$B:$B,F1025,zips!$E:$E,"<"&G1025)/SUMIFS(zips!$C:$C,zips!$B:$B,F1025,zips!$E:$E,">0"))	270.2766	13.4937	=IF(I1025="","",ROUND(G1025-I1025,2))	=IF(J1025="","",ROUND(H1025-J1025,2))
Invitation Homes	616 Rye Ridge Rd			80817	=IFERROR(INDEX(zips!$B:$B,MATCH(E1026,zips!$A:$A,0)),"")	=IFERROR(INDEX(zips!$E:$E,MATCH(E1026,zips!$A:$A,0)),"")	=IF(OR(F1026="",G1026=""),"",100*SUMIFS(zips!$C:$C,zips!$B:$B,F1026,zips!$E:$E,"<"&G1026)/SUMIFS(zips!$C:$C,zips!$B:$B,F1026,zips!$E:$E,">0"))	270.2766	13.4937	=IF(I1026="","",ROUND(G1026-I1026,2))	=IF(J1026="","",ROUND(H1026-J1026,2))
Invitation Homes	779 Ridgebury Pl			80817	=IFERROR(INDEX(zips!$B:$B,MATCH(E1027,zips!$A:$A,0)),"")	=IFERROR(INDEX(zips!$E:$E,MATCH(E1027,zips!$A:$A,0)),"")	=IF(OR(F1027="",G1027=""),"",100*SUMIFS(zips!$C:$C,zips!$B:$B,F1027,zips!$E:$E,"<"&G1027)/SUMIFS(zips!$C:$C,zips!$B:$B,F1027,zips!$E:$E,">0"))	270.2766	13.4937	=IF(I1027="","",ROUND(G1027-I1027,2))	=IF(J1027="","",ROUND(H1027-J1027,2))
Invitation Homes	2148 Bent Tree Ln			80817	=IFERROR(INDEX(zips!$B:$B,MATCH(E1028,zips!$A:$A,0)),"")	=IFERROR(INDEX(zips!$E:$E,MATCH(E1028,zips!$A:$A,0)),"")	=IF(OR(F1028="",G1028=""),"",100*SUMIFS(zips!$C:$C,zips!$B:$B,F1028,zips!$E:$E,"<"&G1028)/SUMIFS(zips!$C:$C,zips!$B:$B,F1028,zips!$E:$E,">0"))	270.2766	13.4937	=IF(I1028="","",ROUND(G1028-I1028,2))	=IF(J1028="","",ROUND(H1028-J1028,2))
Invitation Homes	1245 Lords Hill Dr			80817	=IFERROR(INDEX(zips!$B:$B,MATCH(E1029,zips!$A:$A,0)),"")	=IFERROR(INDEX(zips!$E:$E,MATCH(E1029,zips!$A:$A,0)),"")	=IF(OR(F1029="",G1029=""),"",100*SUMIFS(zips!$C:$C,zips!$B:$B,F1029,zips!$E:$E,"<"&G1029)/SUMIFS(zips!$C:$C,zips!$B:$B,F1029,zips!$E:$E,">0"))	270.2766	13.4937	=IF(I1029="","",ROUND(G1029-I1029,2))	=IF(J1029="","",ROUND(H1029-J1029,2))
Invitation Homes	77 Landoe Ln			80911	=IFERROR(INDEX(zips!$B:$B,MATCH(E1030,zips!$A:$A,0)),"")	=IFERROR(INDEX(zips!$E:$E,MATCH(E1030,zips!$A:$A,0)),"")	=IF(OR(F1030="",G1030=""),"",100*SUMIFS(zips!$C:$C,zips!$B:$B,F1030,zips!$E:$E,"<"&G1030)/SUMIFS(zips!$C:$C,zips!$B:$B,F1030,zips!$E:$E,">0"))	3086.9487	61.9713	=IF(I1030="","",ROUND(G1030-I1030,2))	=IF(J1030="","",ROUND(H1030-J1030,2))
Invitation Homes	10737 Darneal Dr			80817	=IFERROR(INDEX(zips!$B:$B,MATCH(E1031,zips!$A:$A,0)),"")	=IFERROR(INDEX(zips!$E:$E,MATCH(E1031,zips!$A:$A,0)),"")	=IF(OR(F1031="",G1031=""),"",100*SUMIFS(zips!$C:$C,zips!$B:$B,F1031,zips!$E:$E,"<"&G1031)/SUMIFS(zips!$C:$C,zips!$B:$B,F1031,zips!$E:$E,">0"))	270.2766	13.4937	=IF(I1031="","",ROUND(G1031-I1031,2))	=IF(J1031="","",ROUND(H1031-J1031,2))
Invitation Homes	10864 Nolin Dr			80925	=IFERROR(INDEX(zips!$B:$B,MATCH(E1032,zips!$A:$A,0)),"")	=IFERROR(INDEX(zips!$E:$E,MATCH(E1032,zips!$A:$A,0)),"")	=IF(OR(F1032="",G1032=""),"",100*SUMIFS(zips!$C:$C,zips!$B:$B,F1032,zips!$E:$E,"<"&G1032)/SUMIFS(zips!$C:$C,zips!$B:$B,F1032,zips!$E:$E,">0"))	592.6029	21.9399	=IF(I1032="","",ROUND(G1032-I1032,2))	=IF(J1032="","",ROUND(H1032-J1032,2))
Invitation Homes	8334 Syrabi Pl			80925	=IFERROR(INDEX(zips!$B:$B,MATCH(E1033,zips!$A:$A,0)),"")	=IFERROR(INDEX(zips!$E:$E,MATCH(E1033,zips!$A:$A,0)),"")	=IF(OR(F1033="",G1033=""),"",100*SUMIFS(zips!$C:$C,zips!$B:$B,F1033,zips!$E:$E,"<"&G1033)/SUMIFS(zips!$C:$C,zips!$B:$B,F1033,zips!$E:$E,">0"))	592.6029	21.9399	=IF(I1033="","",ROUND(G1033-I1033,2))	=IF(J1033="","",ROUND(H1033-J1033,2))
Invitation Homes	10003 Seawolf Dr			80925	=IFERROR(INDEX(zips!$B:$B,MATCH(E1034,zips!$A:$A,0)),"")	=IFERROR(INDEX(zips!$E:$E,MATCH(E1034,zips!$A:$A,0)),"")	=IF(OR(F1034="",G1034=""),"",100*SUMIFS(zips!$C:$C,zips!$B:$B,F1034,zips!$E:$E,"<"&G1034)/SUMIFS(zips!$C:$C,zips!$B:$B,F1034,zips!$E:$E,">0"))	592.6029	21.9399	=IF(I1034="","",ROUND(G1034-I1034,2))	=IF(J1034="","",ROUND(H1034-J1034,2))
Invitation Homes	10394 Silver Stirrup Dr			80925	=IFERROR(INDEX(zips!$B:$B,MATCH(E1035,zips!$A:$A,0)),"")	=IFERROR(INDEX(zips!$E:$E,MATCH(E1035,zips!$A:$A,0)),"")	=IF(OR(F1035="",G1035=""),"",100*SUMIFS(zips!$C:$C,zips!$B:$B,F1035,zips!$E:$E,"<"&G1035)/SUMIFS(zips!$C:$C,zips!$B:$B,F1035,zips!$E:$E,">0"))	592.6029	21.9399	=IF(I1035="","",ROUND(G1035-I1035,2))	=IF(J1035="","",ROUND(H1035-J1035,2))
Invitation Homes	6128 Cast Iron Dr			80925	=IFERROR(INDEX(zips!$B:$B,MATCH(E1036,zips!$A:$A,0)),"")	=IFERROR(INDEX(zips!$E:$E,MATCH(E1036,zips!$A:$A,0)),"")	=IF(OR(F1036="",G1036=""),"",100*SUMIFS(zips!$C:$C,zips!$B:$B,F1036,zips!$E:$E,"<"&G1036)/SUMIFS(zips!$C:$C,zips!$B:$B,F1036,zips!$E:$E,">0"))	592.6029	21.9399	=IF(I1036="","",ROUND(G1036-I1036,2))	=IF(J1036="","",ROUND(H1036-J1036,2))
Invitation Homes	11771 Mission Peak Place			80925	=IFERROR(INDEX(zips!$B:$B,MATCH(E1037,zips!$A:$A,0)),"")	=IFERROR(INDEX(zips!$E:$E,MATCH(E1037,zips!$A:$A,0)),"")	=IF(OR(F1037="",G1037=""),"",100*SUMIFS(zips!$C:$C,zips!$B:$B,F1037,zips!$E:$E,"<"&G1037)/SUMIFS(zips!$C:$C,zips!$B:$B,F1037,zips!$E:$E,">0"))	592.6029	21.9399	=IF(I1037="","",ROUND(G1037-I1037,2))	=IF(J1037="","",ROUND(H1037-J1037,2))
Invitation Homes	11203 Bufflehead Ln			80925	=IFERROR(INDEX(zips!$B:$B,MATCH(E1038,zips!$A:$A,0)),"")	=IFERROR(INDEX(zips!$E:$E,MATCH(E1038,zips!$A:$A,0)),"")	=IF(OR(F1038="",G1038=""),"",100*SUMIFS(zips!$C:$C,zips!$B:$B,F1038,zips!$E:$E,"<"&G1038)/SUMIFS(zips!$C:$C,zips!$B:$B,F1038,zips!$E:$E,">0"))	592.6029	21.9399	=IF(I1038="","",ROUND(G1038-I1038,2))	=IF(J1038="","",ROUND(H1038-J1038,2))
Invitation Homes	11259 Bufflehead Ln			80925	=IFERROR(INDEX(zips!$B:$B,MATCH(E1039,zips!$A:$A,0)),"")	=IFERROR(INDEX(zips!$E:$E,MATCH(E1039,zips!$A:$A,0)),"")	=IF(OR(F1039="",G1039=""),"",100*SUMIFS(zips!$C:$C,zips!$B:$B,F1039,zips!$E:$E,"<"&G1039)/SUMIFS(zips!$C:$C,zips!$B:$B,F1039,zips!$E:$E,">0"))	592.6029	21.9399	=IF(I1039="","",ROUND(G1039-I1039,2))	=IF(J1039="","",ROUND(H1039-J1039,2))
Invitation Homes	6223 Yellowthroat Ter			80925	=IFERROR(INDEX(zips!$B:$B,MATCH(E1040,zips!$A:$A,0)),"")	=IFERROR(INDEX(zips!$E:$E,MATCH(E1040,zips!$A:$A,0)),"")	=IF(OR(F1040="",G1040=""),"",100*SUMIFS(zips!$C:$C,zips!$B:$B,F1040,zips!$E:$E,"<"&G1040)/SUMIFS(zips!$C:$C,zips!$B:$B,F1040,zips!$E:$E,">0"))	592.6029	21.9399	=IF(I1040="","",ROUND(G1040-I1040,2))	=IF(J1040="","",ROUND(H1040-J1040,2))
Invitation Homes	6190 Bobolink Trl			80925	=IFERROR(INDEX(zips!$B:$B,MATCH(E1041,zips!$A:$A,0)),"")	=IFERROR(INDEX(zips!$E:$E,MATCH(E1041,zips!$A:$A,0)),"")	=IF(OR(F1041="",G1041=""),"",100*SUMIFS(zips!$C:$C,zips!$B:$B,F1041,zips!$E:$E,"<"&G1041)/SUMIFS(zips!$C:$C,zips!$B:$B,F1041,zips!$E:$E,">0"))	592.6029	21.9399	=IF(I1041="","",ROUND(G1041-I1041,2))	=IF(J1041="","",ROUND(H1041-J1041,2))
Invitation Homes	11457 Whistling Duck Wy			80925	=IFERROR(INDEX(zips!$B:$B,MATCH(E1042,zips!$A:$A,0)),"")	=IFERROR(INDEX(zips!$E:$E,MATCH(E1042,zips!$A:$A,0)),"")	=IF(OR(F1042="",G1042=""),"",100*SUMIFS(zips!$C:$C,zips!$B:$B,F1042,zips!$E:$E,"<"&G1042)/SUMIFS(zips!$C:$C,zips!$B:$B,F1042,zips!$E:$E,">0"))	592.6029	21.9399	=IF(I1042="","",ROUND(G1042-I1042,2))	=IF(J1042="","",ROUND(H1042-J1042,2))
Invitation Homes	11441 Whistling Duck Wy			80925	=IFERROR(INDEX(zips!$B:$B,MATCH(E1043,zips!$A:$A,0)),"")	=IFERROR(INDEX(zips!$E:$E,MATCH(E1043,zips!$A:$A,0)),"")	=IF(OR(F1043="",G1043=""),"",100*SUMIFS(zips!$C:$C,zips!$B:$B,F1043,zips!$E:$E,"<"&G1043)/SUMIFS(zips!$C:$C,zips!$B:$B,F1043,zips!$E:$E,">0"))	592.6029	21.9399	=IF(I1043="","",ROUND(G1043-I1043,2))	=IF(J1043="","",ROUND(H1043-J1043,2))
Invitation Homes	4445 Witches Hollow Ln			80911	=IFERROR(INDEX(zips!$B:$B,MATCH(E1044,zips!$A:$A,0)),"")	=IFERROR(INDEX(zips!$E:$E,MATCH(E1044,zips!$A:$A,0)),"")	=IF(OR(F1044="",G1044=""),"",100*SUMIFS(zips!$C:$C,zips!$B:$B,F1044,zips!$E:$E,"<"&G1044)/SUMIFS(zips!$C:$C,zips!$B:$B,F1044,zips!$E:$E,">0"))	3086.9487	61.9713	=IF(I1044="","",ROUND(G1044-I1044,2))	=IF(J1044="","",ROUND(H1044-J1044,2))
Invitation Homes	5260 Water Dipper Rd			80911	=IFERROR(INDEX(zips!$B:$B,MATCH(E1045,zips!$A:$A,0)),"")	=IFERROR(INDEX(zips!$E:$E,MATCH(E1045,zips!$A:$A,0)),"")	=IF(OR(F1045="",G1045=""),"",100*SUMIFS(zips!$C:$C,zips!$B:$B,F1045,zips!$E:$E,"<"&G1045)/SUMIFS(zips!$C:$C,zips!$B:$B,F1045,zips!$E:$E,">0"))	3086.9487	61.9713	=IF(I1045="","",ROUND(G1045-I1045,2))	=IF(J1045="","",ROUND(H1045-J1045,2))
Invitation Homes	2410 Payne Cir W			80916	=IFERROR(INDEX(zips!$B:$B,MATCH(E1046,zips!$A:$A,0)),"")	=IFERROR(INDEX(zips!$E:$E,MATCH(E1046,zips!$A:$A,0)),"")	=IF(OR(F1046="",G1046=""),"",100*SUMIFS(zips!$C:$C,zips!$B:$B,F1046,zips!$E:$E,"<"&G1046)/SUMIFS(zips!$C:$C,zips!$B:$B,F1046,zips!$E:$E,">0"))	2206.5797	41.9782	=IF(I1046="","",ROUND(G1046-I1046,2))	=IF(J1046="","",ROUND(H1046-J1046,2))
Invitation Homes	4875 Gami Way			80911	=IFERROR(INDEX(zips!$B:$B,MATCH(E1047,zips!$A:$A,0)),"")	=IFERROR(INDEX(zips!$E:$E,MATCH(E1047,zips!$A:$A,0)),"")	=IF(OR(F1047="",G1047=""),"",100*SUMIFS(zips!$C:$C,zips!$B:$B,F1047,zips!$E:$E,"<"&G1047)/SUMIFS(zips!$C:$C,zips!$B:$B,F1047,zips!$E:$E,">0"))	3086.9487	61.9713	=IF(I1047="","",ROUND(G1047-I1047,2))	=IF(J1047="","",ROUND(H1047-J1047,2))
Invitation Homes	6041 San Mateo Dr			80911	=IFERROR(INDEX(zips!$B:$B,MATCH(E1048,zips!$A:$A,0)),"")	=IFERROR(INDEX(zips!$E:$E,MATCH(E1048,zips!$A:$A,0)),"")	=IF(OR(F1048="",G1048=""),"",100*SUMIFS(zips!$C:$C,zips!$B:$B,F1048,zips!$E:$E,"<"&G1048)/SUMIFS(zips!$C:$C,zips!$B:$B,F1048,zips!$E:$E,">0"))	3086.9487	61.9713	=IF(I1048="","",ROUND(G1048-I1048,2))	=IF(J1048="","",ROUND(H1048-J1048,2))
Invitation Homes	4915 San Amels Way			80911	=IFERROR(INDEX(zips!$B:$B,MATCH(E1049,zips!$A:$A,0)),"")	=IFERROR(INDEX(zips!$E:$E,MATCH(E1049,zips!$A:$A,0)),"")	=IF(OR(F1049="",G1049=""),"",100*SUMIFS(zips!$C:$C,zips!$B:$B,F1049,zips!$E:$E,"<"&G1049)/SUMIFS(zips!$C:$C,zips!$B:$B,F1049,zips!$E:$E,">0"))	3086.9487	61.9713	=IF(I1049="","",ROUND(G1049-I1049,2))	=IF(J1049="","",ROUND(H1049-J1049,2))
Invitation Homes	3249 Inspiration Dr			80917	=IFERROR(INDEX(zips!$B:$B,MATCH(E1050,zips!$A:$A,0)),"")	=IFERROR(INDEX(zips!$E:$E,MATCH(E1050,zips!$A:$A,0)),"")	=IF(OR(F1050="",G1050=""),"",100*SUMIFS(zips!$C:$C,zips!$B:$B,F1050,zips!$E:$E,"<"&G1050)/SUMIFS(zips!$C:$C,zips!$B:$B,F1050,zips!$E:$E,">0"))	5519.772	95.7705	=IF(I1050="","",ROUND(G1050-I1050,2))	=IF(J1050="","",ROUND(H1050-J1050,2))
Invitation Homes	3255 Richmond Dr			80922	=IFERROR(INDEX(zips!$B:$B,MATCH(E1051,zips!$A:$A,0)),"")	=IFERROR(INDEX(zips!$E:$E,MATCH(E1051,zips!$A:$A,0)),"")	=IF(OR(F1051="",G1051=""),"",100*SUMIFS(zips!$C:$C,zips!$B:$B,F1051,zips!$E:$E,"<"&G1051)/SUMIFS(zips!$C:$C,zips!$B:$B,F1051,zips!$E:$E,">0"))	5214.1386	91.6228	=IF(I1051="","",ROUND(G1051-I1051,2))	=IF(J1051="","",ROUND(H1051-J1051,2))
Invitation Homes	7070 Battle Mountain Rd			80922	=IFERROR(INDEX(zips!$B:$B,MATCH(E1052,zips!$A:$A,0)),"")	=IFERROR(INDEX(zips!$E:$E,MATCH(E1052,zips!$A:$A,0)),"")	=IF(OR(F1052="",G1052=""),"",100*SUMIFS(zips!$C:$C,zips!$B:$B,F1052,zips!$E:$E,"<"&G1052)/SUMIFS(zips!$C:$C,zips!$B:$B,F1052,zips!$E:$E,">0"))	5214.1386	91.6228	=IF(I1052="","",ROUND(G1052-I1052,2))	=IF(J1052="","",ROUND(H1052-J1052,2))
Invitation Homes	6580 Northwind Dr			80918	=IFERROR(INDEX(zips!$B:$B,MATCH(E1053,zips!$A:$A,0)),"")	=IFERROR(INDEX(zips!$E:$E,MATCH(E1053,zips!$A:$A,0)),"")	=IF(OR(F1053="",G1053=""),"",100*SUMIFS(zips!$C:$C,zips!$B:$B,F1053,zips!$E:$E,"<"&G1053)/SUMIFS(zips!$C:$C,zips!$B:$B,F1053,zips!$E:$E,">0"))	4029.9591	71.3358	=IF(I1053="","",ROUND(G1053-I1053,2))	=IF(J1053="","",ROUND(H1053-J1053,2))
Invitation Homes	6010 Grapevine Dr			80923	=IFERROR(INDEX(zips!$B:$B,MATCH(E1054,zips!$A:$A,0)),"")	=IFERROR(INDEX(zips!$E:$E,MATCH(E1054,zips!$A:$A,0)),"")	=IF(OR(F1054="",G1054=""),"",100*SUMIFS(zips!$C:$C,zips!$B:$B,F1054,zips!$E:$E,"<"&G1054)/SUMIFS(zips!$C:$C,zips!$B:$B,F1054,zips!$E:$E,">0"))	4628.9191	82.8639	=IF(I1054="","",ROUND(G1054-I1054,2))	=IF(J1054="","",ROUND(H1054-J1054,2))
Invitation Homes	4708 Skywriter Cir			80922	=IFERROR(INDEX(zips!$B:$B,MATCH(E1055,zips!$A:$A,0)),"")	=IFERROR(INDEX(zips!$E:$E,MATCH(E1055,zips!$A:$A,0)),"")	=IF(OR(F1055="",G1055=""),"",100*SUMIFS(zips!$C:$C,zips!$B:$B,F1055,zips!$E:$E,"<"&G1055)/SUMIFS(zips!$C:$C,zips!$B:$B,F1055,zips!$E:$E,">0"))	5214.1386	91.6228	=IF(I1055="","",ROUND(G1055-I1055,2))	=IF(J1055="","",ROUND(H1055-J1055,2))
Invitation Homes	7524 Stormy Way			80922	=IFERROR(INDEX(zips!$B:$B,MATCH(E1056,zips!$A:$A,0)),"")	=IFERROR(INDEX(zips!$E:$E,MATCH(E1056,zips!$A:$A,0)),"")	=IF(OR(F1056="",G1056=""),"",100*SUMIFS(zips!$C:$C,zips!$B:$B,F1056,zips!$E:$E,"<"&G1056)/SUMIFS(zips!$C:$C,zips!$B:$B,F1056,zips!$E:$E,">0"))	5214.1386	91.6228	=IF(I1056="","",ROUND(G1056-I1056,2))	=IF(J1056="","",ROUND(H1056-J1056,2))
Invitation Homes	5798 Charlotte Pkwy			80923	=IFERROR(INDEX(zips!$B:$B,MATCH(E1057,zips!$A:$A,0)),"")	=IFERROR(INDEX(zips!$E:$E,MATCH(E1057,zips!$A:$A,0)),"")	=IF(OR(F1057="",G1057=""),"",100*SUMIFS(zips!$C:$C,zips!$B:$B,F1057,zips!$E:$E,"<"&G1057)/SUMIFS(zips!$C:$C,zips!$B:$B,F1057,zips!$E:$E,">0"))	4628.9191	82.8639	=IF(I1057="","",ROUND(G1057-I1057,2))	=IF(J1057="","",ROUND(H1057-J1057,2))
Invitation Homes	6023 Poudre Way			80923	=IFERROR(INDEX(zips!$B:$B,MATCH(E1058,zips!$A:$A,0)),"")	=IFERROR(INDEX(zips!$E:$E,MATCH(E1058,zips!$A:$A,0)),"")	=IF(OR(F1058="",G1058=""),"",100*SUMIFS(zips!$C:$C,zips!$B:$B,F1058,zips!$E:$E,"<"&G1058)/SUMIFS(zips!$C:$C,zips!$B:$B,F1058,zips!$E:$E,">0"))	4628.9191	82.8639	=IF(I1058="","",ROUND(G1058-I1058,2))	=IF(J1058="","",ROUND(H1058-J1058,2))
Invitation Homes	4251 Prairie Agate Dr			80938	=IFERROR(INDEX(zips!$B:$B,MATCH(E1059,zips!$A:$A,0)),"")	=IFERROR(INDEX(zips!$E:$E,MATCH(E1059,zips!$A:$A,0)),"")	=IF(OR(F1059="",G1059=""),"",100*SUMIFS(zips!$C:$C,zips!$B:$B,F1059,zips!$E:$E,"<"&G1059)/SUMIFS(zips!$C:$C,zips!$B:$B,F1059,zips!$E:$E,">0"))			=IF(I1059="","",ROUND(G1059-I1059,2))	=IF(J1059="","",ROUND(H1059-J1059,2))
Invitation Homes	5873 Uptop Point			80927	=IFERROR(INDEX(zips!$B:$B,MATCH(E1060,zips!$A:$A,0)),"")	=IFERROR(INDEX(zips!$E:$E,MATCH(E1060,zips!$A:$A,0)),"")	=IF(OR(F1060="",G1060=""),"",100*SUMIFS(zips!$C:$C,zips!$B:$B,F1060,zips!$E:$E,"<"&G1060)/SUMIFS(zips!$C:$C,zips!$B:$B,F1060,zips!$E:$E,">0"))	1547.7197	37.4747	=IF(I1060="","",ROUND(G1060-I1060,2))	=IF(J1060="","",ROUND(H1060-J1060,2))
Invitation Homes	5867 Uptop Point			80927	=IFERROR(INDEX(zips!$B:$B,MATCH(E1061,zips!$A:$A,0)),"")	=IFERROR(INDEX(zips!$E:$E,MATCH(E1061,zips!$A:$A,0)),"")	=IF(OR(F1061="",G1061=""),"",100*SUMIFS(zips!$C:$C,zips!$B:$B,F1061,zips!$E:$E,"<"&G1061)/SUMIFS(zips!$C:$C,zips!$B:$B,F1061,zips!$E:$E,">0"))	1547.7197	37.4747	=IF(I1061="","",ROUND(G1061-I1061,2))	=IF(J1061="","",ROUND(H1061-J1061,2))
Invitation Homes	9350 Oro City Loop			80927	=IFERROR(INDEX(zips!$B:$B,MATCH(E1062,zips!$A:$A,0)),"")	=IFERROR(INDEX(zips!$E:$E,MATCH(E1062,zips!$A:$A,0)),"")	=IF(OR(F1062="",G1062=""),"",100*SUMIFS(zips!$C:$C,zips!$B:$B,F1062,zips!$E:$E,"<"&G1062)/SUMIFS(zips!$C:$C,zips!$B:$B,F1062,zips!$E:$E,">0"))	1547.7197	37.4747	=IF(I1062="","",ROUND(G1062-I1062,2))	=IF(J1062="","",ROUND(H1062-J1062,2))
Invitation Homes	9354 Oro City Loop			80927	=IFERROR(INDEX(zips!$B:$B,MATCH(E1063,zips!$A:$A,0)),"")	=IFERROR(INDEX(zips!$E:$E,MATCH(E1063,zips!$A:$A,0)),"")	=IF(OR(F1063="",G1063=""),"",100*SUMIFS(zips!$C:$C,zips!$B:$B,F1063,zips!$E:$E,"<"&G1063)/SUMIFS(zips!$C:$C,zips!$B:$B,F1063,zips!$E:$E,">0"))	1547.7197	37.4747	=IF(I1063="","",ROUND(G1063-I1063,2))	=IF(J1063="","",ROUND(H1063-J1063,2))
Invitation Homes	9358 Oro City Loop			80927	=IFERROR(INDEX(zips!$B:$B,MATCH(E1064,zips!$A:$A,0)),"")	=IFERROR(INDEX(zips!$E:$E,MATCH(E1064,zips!$A:$A,0)),"")	=IF(OR(F1064="",G1064=""),"",100*SUMIFS(zips!$C:$C,zips!$B:$B,F1064,zips!$E:$E,"<"&G1064)/SUMIFS(zips!$C:$C,zips!$B:$B,F1064,zips!$E:$E,">0"))	1547.7197	37.4747	=IF(I1064="","",ROUND(G1064-I1064,2))	=IF(J1064="","",ROUND(H1064-J1064,2))
Invitation Homes	9401 Oro City Loop			80927	=IFERROR(INDEX(zips!$B:$B,MATCH(E1065,zips!$A:$A,0)),"")	=IFERROR(INDEX(zips!$E:$E,MATCH(E1065,zips!$A:$A,0)),"")	=IF(OR(F1065="",G1065=""),"",100*SUMIFS(zips!$C:$C,zips!$B:$B,F1065,zips!$E:$E,"<"&G1065)/SUMIFS(zips!$C:$C,zips!$B:$B,F1065,zips!$E:$E,">0"))	1547.7197	37.4747	=IF(I1065="","",ROUND(G1065-I1065,2))	=IF(J1065="","",ROUND(H1065-J1065,2))
Invitation Homes	9387 Oro City Loop			80927	=IFERROR(INDEX(zips!$B:$B,MATCH(E1066,zips!$A:$A,0)),"")	=IFERROR(INDEX(zips!$E:$E,MATCH(E1066,zips!$A:$A,0)),"")	=IF(OR(F1066="",G1066=""),"",100*SUMIFS(zips!$C:$C,zips!$B:$B,F1066,zips!$E:$E,"<"&G1066)/SUMIFS(zips!$C:$C,zips!$B:$B,F1066,zips!$E:$E,">0"))	1547.7197	37.4747	=IF(I1066="","",ROUND(G1066-I1066,2))	=IF(J1066="","",ROUND(H1066-J1066,2))
Invitation Homes	9374 Oro City Loop			80927	=IFERROR(INDEX(zips!$B:$B,MATCH(E1067,zips!$A:$A,0)),"")	=IFERROR(INDEX(zips!$E:$E,MATCH(E1067,zips!$A:$A,0)),"")	=IF(OR(F1067="",G1067=""),"",100*SUMIFS(zips!$C:$C,zips!$B:$B,F1067,zips!$E:$E,"<"&G1067)/SUMIFS(zips!$C:$C,zips!$B:$B,F1067,zips!$E:$E,">0"))	1547.7197	37.4747	=IF(I1067="","",ROUND(G1067-I1067,2))	=IF(J1067="","",ROUND(H1067-J1067,2))
Invitation Homes	9370 Oro City Loop			80927	=IFERROR(INDEX(zips!$B:$B,MATCH(E1068,zips!$A:$A,0)),"")	=IFERROR(INDEX(zips!$E:$E,MATCH(E1068,zips!$A:$A,0)),"")	=IF(OR(F1068="",G1068=""),"",100*SUMIFS(zips!$C:$C,zips!$B:$B,F1068,zips!$E:$E,"<"&G1068)/SUMIFS(zips!$C:$C,zips!$B:$B,F1068,zips!$E:$E,">0"))	1547.7197	37.4747	=IF(I1068="","",ROUND(G1068-I1068,2))	=IF(J1068="","",ROUND(H1068-J1068,2))
Invitation Homes	7740 Lindsey Dr			80920	=IFERROR(INDEX(zips!$B:$B,MATCH(E1069,zips!$A:$A,0)),"")	=IFERROR(INDEX(zips!$E:$E,MATCH(E1069,zips!$A:$A,0)),"")	=IF(OR(F1069="",G1069=""),"",100*SUMIFS(zips!$C:$C,zips!$B:$B,F1069,zips!$E:$E,"<"&G1069)/SUMIFS(zips!$C:$C,zips!$B:$B,F1069,zips!$E:$E,">0"))	3072.7229	56.7637	=IF(I1069="","",ROUND(G1069-I1069,2))	=IF(J1069="","",ROUND(H1069-J1069,2))
Invitation Homes	13583 Arriba Dr			80106	=IFERROR(INDEX(zips!$B:$B,MATCH(E1070,zips!$A:$A,0)),"")	=IFERROR(INDEX(zips!$E:$E,MATCH(E1070,zips!$A:$A,0)),"")	=IF(OR(F1070="",G1070=""),"",100*SUMIFS(zips!$C:$C,zips!$B:$B,F1070,zips!$E:$E,"<"&G1070)/SUMIFS(zips!$C:$C,zips!$B:$B,F1070,zips!$E:$E,">0"))	25.7605	1.8631	=IF(I1070="","",ROUND(G1070-I1070,2))	=IF(J1070="","",ROUND(H1070-J1070,2))
Invitation Homes	1036 Crystal Springs Pl			92026	=IFERROR(INDEX(zips!$B:$B,MATCH(E1071,zips!$A:$A,0)),"")	=IFERROR(INDEX(zips!$E:$E,MATCH(E1071,zips!$A:$A,0)),"")	=IF(OR(F1071="",G1071=""),"",100*SUMIFS(zips!$C:$C,zips!$B:$B,F1071,zips!$E:$E,"<"&G1071)/SUMIFS(zips!$C:$C,zips!$B:$B,F1071,zips!$E:$E,">0"))	1470.9912	15.1857	=IF(I1071="","",ROUND(G1071-I1071,2))	=IF(J1071="","",ROUND(H1071-J1071,2))
Invitation Homes	42078 Pacific Grove Way			92591	=IFERROR(INDEX(zips!$B:$B,MATCH(E1072,zips!$A:$A,0)),"")	=IFERROR(INDEX(zips!$E:$E,MATCH(E1072,zips!$A:$A,0)),"")	=IF(OR(F1072="",G1072=""),"",100*SUMIFS(zips!$C:$C,zips!$B:$B,F1072,zips!$E:$E,"<"&G1072)/SUMIFS(zips!$C:$C,zips!$B:$B,F1072,zips!$E:$E,">0"))	2419.4728	53.3068	=IF(I1072="","",ROUND(G1072-I1072,2))	=IF(J1072="","",ROUND(H1072-J1072,2))
Invitation Homes	22902 Timber Ln			92595	=IFERROR(INDEX(zips!$B:$B,MATCH(E1073,zips!$A:$A,0)),"")	=IFERROR(INDEX(zips!$E:$E,MATCH(E1073,zips!$A:$A,0)),"")	=IF(OR(F1073="",G1073=""),"",100*SUMIFS(zips!$C:$C,zips!$B:$B,F1073,zips!$E:$E,"<"&G1073)/SUMIFS(zips!$C:$C,zips!$B:$B,F1073,zips!$E:$E,">0"))	1600.1206	38.2207	=IF(I1073="","",ROUND(G1073-I1073,2))	=IF(J1073="","",ROUND(H1073-J1073,2))
Invitation Homes	35189 Pashal Pl			92595	=IFERROR(INDEX(zips!$B:$B,MATCH(E1074,zips!$A:$A,0)),"")	=IFERROR(INDEX(zips!$E:$E,MATCH(E1074,zips!$A:$A,0)),"")	=IF(OR(F1074="",G1074=""),"",100*SUMIFS(zips!$C:$C,zips!$B:$B,F1074,zips!$E:$E,"<"&G1074)/SUMIFS(zips!$C:$C,zips!$B:$B,F1074,zips!$E:$E,">0"))	1600.1206	38.2207	=IF(I1074="","",ROUND(G1074-I1074,2))	=IF(J1074="","",ROUND(H1074-J1074,2))
Invitation Homes	27125 Calendula St			92883	=IFERROR(INDEX(zips!$B:$B,MATCH(E1075,zips!$A:$A,0)),"")	=IFERROR(INDEX(zips!$E:$E,MATCH(E1075,zips!$A:$A,0)),"")	=IF(OR(F1075="",G1075=""),"",100*SUMIFS(zips!$C:$C,zips!$B:$B,F1075,zips!$E:$E,"<"&G1075)/SUMIFS(zips!$C:$C,zips!$B:$B,F1075,zips!$E:$E,">0"))	692.1469	15.9901	=IF(I1075="","",ROUND(G1075-I1075,2))	=IF(J1075="","",ROUND(H1075-J1075,2))
Invitation Homes	30468 Blume Cir			92584	=IFERROR(INDEX(zips!$B:$B,MATCH(E1076,zips!$A:$A,0)),"")	=IFERROR(INDEX(zips!$E:$E,MATCH(E1076,zips!$A:$A,0)),"")	=IF(OR(F1076="",G1076=""),"",100*SUMIFS(zips!$C:$C,zips!$B:$B,F1076,zips!$E:$E,"<"&G1076)/SUMIFS(zips!$C:$C,zips!$B:$B,F1076,zips!$E:$E,">0"))	1977.0861	45.144	=IF(I1076="","",ROUND(G1076-I1076,2))	=IF(J1076="","",ROUND(H1076-J1076,2))
Invitation Homes	27217 Sands Dr			92586	=IFERROR(INDEX(zips!$B:$B,MATCH(E1077,zips!$A:$A,0)),"")	=IFERROR(INDEX(zips!$E:$E,MATCH(E1077,zips!$A:$A,0)),"")	=IF(OR(F1077="",G1077=""),"",100*SUMIFS(zips!$C:$C,zips!$B:$B,F1077,zips!$E:$E,"<"&G1077)/SUMIFS(zips!$C:$C,zips!$B:$B,F1077,zips!$E:$E,">0"))	3006.8228	68.3317	=IF(I1077="","",ROUND(G1077-I1077,2))	=IF(J1077="","",ROUND(H1077-J1077,2))
Invitation Homes	27180 Goldstone Drive			92586	=IFERROR(INDEX(zips!$B:$B,MATCH(E1078,zips!$A:$A,0)),"")	=IFERROR(INDEX(zips!$E:$E,MATCH(E1078,zips!$A:$A,0)),"")	=IF(OR(F1078="",G1078=""),"",100*SUMIFS(zips!$C:$C,zips!$B:$B,F1078,zips!$E:$E,"<"&G1078)/SUMIFS(zips!$C:$C,zips!$B:$B,F1078,zips!$E:$E,">0"))	3006.8228	68.3317	=IF(I1078="","",ROUND(G1078-I1078,2))	=IF(J1078="","",ROUND(H1078-J1078,2))
Invitation Homes	25146 Mountain Violet Way			92586	=IFERROR(INDEX(zips!$B:$B,MATCH(E1079,zips!$A:$A,0)),"")	=IFERROR(INDEX(zips!$E:$E,MATCH(E1079,zips!$A:$A,0)),"")	=IF(OR(F1079="",G1079=""),"",100*SUMIFS(zips!$C:$C,zips!$B:$B,F1079,zips!$E:$E,"<"&G1079)/SUMIFS(zips!$C:$C,zips!$B:$B,F1079,zips!$E:$E,">0"))	3006.8228	68.3317	=IF(I1079="","",ROUND(G1079-I1079,2))	=IF(J1079="","",ROUND(H1079-J1079,2))
Invitation Homes	25191 Zircon Road			92586	=IFERROR(INDEX(zips!$B:$B,MATCH(E1080,zips!$A:$A,0)),"")	=IFERROR(INDEX(zips!$E:$E,MATCH(E1080,zips!$A:$A,0)),"")	=IF(OR(F1080="",G1080=""),"",100*SUMIFS(zips!$C:$C,zips!$B:$B,F1080,zips!$E:$E,"<"&G1080)/SUMIFS(zips!$C:$C,zips!$B:$B,F1080,zips!$E:$E,">0"))	3006.8228	68.3317	=IF(I1080="","",ROUND(G1080-I1080,2))	=IF(J1080="","",ROUND(H1080-J1080,2))
Invitation Homes	41612 Mayberry Ave			92544	=IFERROR(INDEX(zips!$B:$B,MATCH(E1081,zips!$A:$A,0)),"")	=IFERROR(INDEX(zips!$E:$E,MATCH(E1081,zips!$A:$A,0)),"")	=IF(OR(F1081="",G1081=""),"",100*SUMIFS(zips!$C:$C,zips!$B:$B,F1081,zips!$E:$E,"<"&G1081)/SUMIFS(zips!$C:$C,zips!$B:$B,F1081,zips!$E:$E,">0"))	302.635	8.4017	=IF(I1081="","",ROUND(G1081-I1081,2))	=IF(J1081="","",ROUND(H1081-J1081,2))
Invitation Homes	5483 S 236Th Avenue			85326	=IFERROR(INDEX(zips!$B:$B,MATCH(E1082,zips!$A:$A,0)),"")	=IFERROR(INDEX(zips!$E:$E,MATCH(E1082,zips!$A:$A,0)),"")	=IF(OR(F1082="",G1082=""),"",100*SUMIFS(zips!$C:$C,zips!$B:$B,F1082,zips!$E:$E,"<"&G1082)/SUMIFS(zips!$C:$C,zips!$B:$B,F1082,zips!$E:$E,">0"))	153.0383	4.4192	=IF(I1082="","",ROUND(G1082-I1082,2))	=IF(J1082="","",ROUND(H1082-J1082,2))
Invitation Homes	25358 W Romley Rd			85326	=IFERROR(INDEX(zips!$B:$B,MATCH(E1083,zips!$A:$A,0)),"")	=IFERROR(INDEX(zips!$E:$E,MATCH(E1083,zips!$A:$A,0)),"")	=IF(OR(F1083="",G1083=""),"",100*SUMIFS(zips!$C:$C,zips!$B:$B,F1083,zips!$E:$E,"<"&G1083)/SUMIFS(zips!$C:$C,zips!$B:$B,F1083,zips!$E:$E,">0"))	153.0383	4.4192	=IF(I1083="","",ROUND(G1083-I1083,2))	=IF(J1083="","",ROUND(H1083-J1083,2))
Invitation Homes	25288 W Chipman Rd			85326	=IFERROR(INDEX(zips!$B:$B,MATCH(E1084,zips!$A:$A,0)),"")	=IFERROR(INDEX(zips!$E:$E,MATCH(E1084,zips!$A:$A,0)),"")	=IF(OR(F1084="",G1084=""),"",100*SUMIFS(zips!$C:$C,zips!$B:$B,F1084,zips!$E:$E,"<"&G1084)/SUMIFS(zips!$C:$C,zips!$B:$B,F1084,zips!$E:$E,">0"))	153.0383	4.4192	=IF(I1084="","",ROUND(G1084-I1084,2))	=IF(J1084="","",ROUND(H1084-J1084,2))
Invitation Homes	25330 W Romley Rd			85326	=IFERROR(INDEX(zips!$B:$B,MATCH(E1085,zips!$A:$A,0)),"")	=IFERROR(INDEX(zips!$E:$E,MATCH(E1085,zips!$A:$A,0)),"")	=IF(OR(F1085="",G1085=""),"",100*SUMIFS(zips!$C:$C,zips!$B:$B,F1085,zips!$E:$E,"<"&G1085)/SUMIFS(zips!$C:$C,zips!$B:$B,F1085,zips!$E:$E,">0"))	153.0383	4.4192	=IF(I1085="","",ROUND(G1085-I1085,2))	=IF(J1085="","",ROUND(H1085-J1085,2))
Invitation Homes	25239 W Chipman Rd			85326	=IFERROR(INDEX(zips!$B:$B,MATCH(E1086,zips!$A:$A,0)),"")	=IFERROR(INDEX(zips!$E:$E,MATCH(E1086,zips!$A:$A,0)),"")	=IF(OR(F1086="",G1086=""),"",100*SUMIFS(zips!$C:$C,zips!$B:$B,F1086,zips!$E:$E,"<"&G1086)/SUMIFS(zips!$C:$C,zips!$B:$B,F1086,zips!$E:$E,">0"))	153.0383	4.4192	=IF(I1086="","",ROUND(G1086-I1086,2))	=IF(J1086="","",ROUND(H1086-J1086,2))
Invitation Homes	25216 W Chipman Rd			85326	=IFERROR(INDEX(zips!$B:$B,MATCH(E1087,zips!$A:$A,0)),"")	=IFERROR(INDEX(zips!$E:$E,MATCH(E1087,zips!$A:$A,0)),"")	=IF(OR(F1087="",G1087=""),"",100*SUMIFS(zips!$C:$C,zips!$B:$B,F1087,zips!$E:$E,"<"&G1087)/SUMIFS(zips!$C:$C,zips!$B:$B,F1087,zips!$E:$E,">0"))	153.0383	4.4192	=IF(I1087="","",ROUND(G1087-I1087,2))	=IF(J1087="","",ROUND(H1087-J1087,2))
Invitation Homes	25842 W Gibson Ln			85326	=IFERROR(INDEX(zips!$B:$B,MATCH(E1088,zips!$A:$A,0)),"")	=IFERROR(INDEX(zips!$E:$E,MATCH(E1088,zips!$A:$A,0)),"")	=IF(OR(F1088="",G1088=""),"",100*SUMIFS(zips!$C:$C,zips!$B:$B,F1088,zips!$E:$E,"<"&G1088)/SUMIFS(zips!$C:$C,zips!$B:$B,F1088,zips!$E:$E,">0"))	153.0383	4.4192	=IF(I1088="","",ROUND(G1088-I1088,2))	=IF(J1088="","",ROUND(H1088-J1088,2))
Invitation Homes	23818 W Atlanta Ave			85326	=IFERROR(INDEX(zips!$B:$B,MATCH(E1089,zips!$A:$A,0)),"")	=IFERROR(INDEX(zips!$E:$E,MATCH(E1089,zips!$A:$A,0)),"")	=IF(OR(F1089="",G1089=""),"",100*SUMIFS(zips!$C:$C,zips!$B:$B,F1089,zips!$E:$E,"<"&G1089)/SUMIFS(zips!$C:$C,zips!$B:$B,F1089,zips!$E:$E,">0"))	153.0383	4.4192	=IF(I1089="","",ROUND(G1089-I1089,2))	=IF(J1089="","",ROUND(H1089-J1089,2))
Invitation Homes	2293 N Riley Rd			85396	=IFERROR(INDEX(zips!$B:$B,MATCH(E1090,zips!$A:$A,0)),"")	=IFERROR(INDEX(zips!$E:$E,MATCH(E1090,zips!$A:$A,0)),"")	=IF(OR(F1090="",G1090=""),"",100*SUMIFS(zips!$C:$C,zips!$B:$B,F1090,zips!$E:$E,"<"&G1090)/SUMIFS(zips!$C:$C,zips!$B:$B,F1090,zips!$E:$E,">0"))	386.2884	8.8323	=IF(I1090="","",ROUND(G1090-I1090,2))	=IF(J1090="","",ROUND(H1090-J1090,2))
Invitation Homes	2419 N Riley Rd			85396	=IFERROR(INDEX(zips!$B:$B,MATCH(E1091,zips!$A:$A,0)),"")	=IFERROR(INDEX(zips!$E:$E,MATCH(E1091,zips!$A:$A,0)),"")	=IF(OR(F1091="",G1091=""),"",100*SUMIFS(zips!$C:$C,zips!$B:$B,F1091,zips!$E:$E,"<"&G1091)/SUMIFS(zips!$C:$C,zips!$B:$B,F1091,zips!$E:$E,">0"))	386.2884	8.8323	=IF(I1091="","",ROUND(G1091-I1091,2))	=IF(J1091="","",ROUND(H1091-J1091,2))
Invitation Homes	21207 W Alvarado Rd			85396	=IFERROR(INDEX(zips!$B:$B,MATCH(E1092,zips!$A:$A,0)),"")	=IFERROR(INDEX(zips!$E:$E,MATCH(E1092,zips!$A:$A,0)),"")	=IF(OR(F1092="",G1092=""),"",100*SUMIFS(zips!$C:$C,zips!$B:$B,F1092,zips!$E:$E,"<"&G1092)/SUMIFS(zips!$C:$C,zips!$B:$B,F1092,zips!$E:$E,">0"))	386.2884	8.8323	=IF(I1092="","",ROUND(G1092-I1092,2))	=IF(J1092="","",ROUND(H1092-J1092,2))
Invitation Homes	21130 W Cypress St			85396	=IFERROR(INDEX(zips!$B:$B,MATCH(E1093,zips!$A:$A,0)),"")	=IFERROR(INDEX(zips!$E:$E,MATCH(E1093,zips!$A:$A,0)),"")	=IF(OR(F1093="",G1093=""),"",100*SUMIFS(zips!$C:$C,zips!$B:$B,F1093,zips!$E:$E,"<"&G1093)/SUMIFS(zips!$C:$C,zips!$B:$B,F1093,zips!$E:$E,">0"))	386.2884	8.8323	=IF(I1093="","",ROUND(G1093-I1093,2))	=IF(J1093="","",ROUND(H1093-J1093,2))
Invitation Homes	20088 N Wilford Ave			85138	=IFERROR(INDEX(zips!$B:$B,MATCH(E1094,zips!$A:$A,0)),"")	=IFERROR(INDEX(zips!$E:$E,MATCH(E1094,zips!$A:$A,0)),"")	=IF(OR(F1094="",G1094=""),"",100*SUMIFS(zips!$C:$C,zips!$B:$B,F1094,zips!$E:$E,"<"&G1094)/SUMIFS(zips!$C:$C,zips!$B:$B,F1094,zips!$E:$E,">0"))	617.6047	12.6767	=IF(I1094="","",ROUND(G1094-I1094,2))	=IF(J1094="","",ROUND(H1094-J1094,2))
Invitation Homes	7315 W Magdalena Ln			85339	=IFERROR(INDEX(zips!$B:$B,MATCH(E1095,zips!$A:$A,0)),"")	=IFERROR(INDEX(zips!$E:$E,MATCH(E1095,zips!$A:$A,0)),"")	=IF(OR(F1095="",G1095=""),"",100*SUMIFS(zips!$C:$C,zips!$B:$B,F1095,zips!$E:$E,"<"&G1095)/SUMIFS(zips!$C:$C,zips!$B:$B,F1095,zips!$E:$E,">0"))	209.0463	6.2544	=IF(I1095="","",ROUND(G1095-I1095,2))	=IF(J1095="","",ROUND(H1095-J1095,2))
Invitation Homes	7713 W Glass Ln			85339	=IFERROR(INDEX(zips!$B:$B,MATCH(E1096,zips!$A:$A,0)),"")	=IFERROR(INDEX(zips!$E:$E,MATCH(E1096,zips!$A:$A,0)),"")	=IF(OR(F1096="",G1096=""),"",100*SUMIFS(zips!$C:$C,zips!$B:$B,F1096,zips!$E:$E,"<"&G1096)/SUMIFS(zips!$C:$C,zips!$B:$B,F1096,zips!$E:$E,">0"))	209.0463	6.2544	=IF(I1096="","",ROUND(G1096-I1096,2))	=IF(J1096="","",ROUND(H1096-J1096,2))
Invitation Homes	7343 W St Charles Ave			85339	=IFERROR(INDEX(zips!$B:$B,MATCH(E1097,zips!$A:$A,0)),"")	=IFERROR(INDEX(zips!$E:$E,MATCH(E1097,zips!$A:$A,0)),"")	=IF(OR(F1097="",G1097=""),"",100*SUMIFS(zips!$C:$C,zips!$B:$B,F1097,zips!$E:$E,"<"&G1097)/SUMIFS(zips!$C:$C,zips!$B:$B,F1097,zips!$E:$E,">0"))	209.0463	6.2544	=IF(I1097="","",ROUND(G1097-I1097,2))	=IF(J1097="","",ROUND(H1097-J1097,2))
Invitation Homes	4733 W Ardmore Rd			85339	=IFERROR(INDEX(zips!$B:$B,MATCH(E1098,zips!$A:$A,0)),"")	=IFERROR(INDEX(zips!$E:$E,MATCH(E1098,zips!$A:$A,0)),"")	=IF(OR(F1098="",G1098=""),"",100*SUMIFS(zips!$C:$C,zips!$B:$B,F1098,zips!$E:$E,"<"&G1098)/SUMIFS(zips!$C:$C,zips!$B:$B,F1098,zips!$E:$E,">0"))	209.0463	6.2544	=IF(I1098="","",ROUND(G1098-I1098,2))	=IF(J1098="","",ROUND(H1098-J1098,2))
Invitation Homes	4614 W Valencia Dr			85339	=IFERROR(INDEX(zips!$B:$B,MATCH(E1099,zips!$A:$A,0)),"")	=IFERROR(INDEX(zips!$E:$E,MATCH(E1099,zips!$A:$A,0)),"")	=IF(OR(F1099="",G1099=""),"",100*SUMIFS(zips!$C:$C,zips!$B:$B,F1099,zips!$E:$E,"<"&G1099)/SUMIFS(zips!$C:$C,zips!$B:$B,F1099,zips!$E:$E,">0"))	209.0463	6.2544	=IF(I1099="","",ROUND(G1099-I1099,2))	=IF(J1099="","",ROUND(H1099-J1099,2))
Invitation Homes	5413 W Park St			85339	=IFERROR(INDEX(zips!$B:$B,MATCH(E1100,zips!$A:$A,0)),"")	=IFERROR(INDEX(zips!$E:$E,MATCH(E1100,zips!$A:$A,0)),"")	=IF(OR(F1100="",G1100=""),"",100*SUMIFS(zips!$C:$C,zips!$B:$B,F1100,zips!$E:$E,"<"&G1100)/SUMIFS(zips!$C:$C,zips!$B:$B,F1100,zips!$E:$E,">0"))	209.0463	6.2544	=IF(I1100="","",ROUND(G1100-I1100,2))	=IF(J1100="","",ROUND(H1100-J1100,2))
Invitation Homes	5431 W Shumway Farm Rd			85339	=IFERROR(INDEX(zips!$B:$B,MATCH(E1101,zips!$A:$A,0)),"")	=IFERROR(INDEX(zips!$E:$E,MATCH(E1101,zips!$A:$A,0)),"")	=IF(OR(F1101="",G1101=""),"",100*SUMIFS(zips!$C:$C,zips!$B:$B,F1101,zips!$E:$E,"<"&G1101)/SUMIFS(zips!$C:$C,zips!$B:$B,F1101,zips!$E:$E,">0"))	209.0463	6.2544	=IF(I1101="","",ROUND(G1101-I1101,2))	=IF(J1101="","",ROUND(H1101-J1101,2))
Invitation Homes	5216 W Shumway Farm Rd			85339	=IFERROR(INDEX(zips!$B:$B,MATCH(E1102,zips!$A:$A,0)),"")	=IFERROR(INDEX(zips!$E:$E,MATCH(E1102,zips!$A:$A,0)),"")	=IF(OR(F1102="",G1102=""),"",100*SUMIFS(zips!$C:$C,zips!$B:$B,F1102,zips!$E:$E,"<"&G1102)/SUMIFS(zips!$C:$C,zips!$B:$B,F1102,zips!$E:$E,">0"))	209.0463	6.2544	=IF(I1102="","",ROUND(G1102-I1102,2))	=IF(J1102="","",ROUND(H1102-J1102,2))
Invitation Homes	4921 W St Anne Ave			85339	=IFERROR(INDEX(zips!$B:$B,MATCH(E1103,zips!$A:$A,0)),"")	=IFERROR(INDEX(zips!$E:$E,MATCH(E1103,zips!$A:$A,0)),"")	=IF(OR(F1103="",G1103=""),"",100*SUMIFS(zips!$C:$C,zips!$B:$B,F1103,zips!$E:$E,"<"&G1103)/SUMIFS(zips!$C:$C,zips!$B:$B,F1103,zips!$E:$E,">0"))	209.0463	6.2544	=IF(I1103="","",ROUND(G1103-I1103,2))	=IF(J1103="","",ROUND(H1103-J1103,2))
Invitation Homes	4601 W Park St			85339	=IFERROR(INDEX(zips!$B:$B,MATCH(E1104,zips!$A:$A,0)),"")	=IFERROR(INDEX(zips!$E:$E,MATCH(E1104,zips!$A:$A,0)),"")	=IF(OR(F1104="",G1104=""),"",100*SUMIFS(zips!$C:$C,zips!$B:$B,F1104,zips!$E:$E,"<"&G1104)/SUMIFS(zips!$C:$C,zips!$B:$B,F1104,zips!$E:$E,">0"))	209.0463	6.2544	=IF(I1104="","",ROUND(G1104-I1104,2))	=IF(J1104="","",ROUND(H1104-J1104,2))
Invitation Homes	4210 W Irwin Ave			85041	=IFERROR(INDEX(zips!$B:$B,MATCH(E1105,zips!$A:$A,0)),"")	=IFERROR(INDEX(zips!$E:$E,MATCH(E1105,zips!$A:$A,0)),"")	=IF(OR(F1105="",G1105=""),"",100*SUMIFS(zips!$C:$C,zips!$B:$B,F1105,zips!$E:$E,"<"&G1105)/SUMIFS(zips!$C:$C,zips!$B:$B,F1105,zips!$E:$E,">0"))	3995.0594	55.8303	=IF(I1105="","",ROUND(G1105-I1105,2))	=IF(J1105="","",ROUND(H1105-J1105,2))
Invitation Homes	43927 W Caven Dr			85138	=IFERROR(INDEX(zips!$B:$B,MATCH(E1106,zips!$A:$A,0)),"")	=IFERROR(INDEX(zips!$E:$E,MATCH(E1106,zips!$A:$A,0)),"")	=IF(OR(F1106="",G1106=""),"",100*SUMIFS(zips!$C:$C,zips!$B:$B,F1106,zips!$E:$E,"<"&G1106)/SUMIFS(zips!$C:$C,zips!$B:$B,F1106,zips!$E:$E,">0"))	617.6047	12.6767	=IF(I1106="","",ROUND(G1106-I1106,2))	=IF(J1106="","",ROUND(H1106-J1106,2))
Invitation Homes	43935 W Wild Horse Trl			85138	=IFERROR(INDEX(zips!$B:$B,MATCH(E1107,zips!$A:$A,0)),"")	=IFERROR(INDEX(zips!$E:$E,MATCH(E1107,zips!$A:$A,0)),"")	=IF(OR(F1107="",G1107=""),"",100*SUMIFS(zips!$C:$C,zips!$B:$B,F1107,zips!$E:$E,"<"&G1107)/SUMIFS(zips!$C:$C,zips!$B:$B,F1107,zips!$E:$E,">0"))	617.6047	12.6767	=IF(I1107="","",ROUND(G1107-I1107,2))	=IF(J1107="","",ROUND(H1107-J1107,2))
Invitation Homes	43290 W Griffis			85138	=IFERROR(INDEX(zips!$B:$B,MATCH(E1108,zips!$A:$A,0)),"")	=IFERROR(INDEX(zips!$E:$E,MATCH(E1108,zips!$A:$A,0)),"")	=IF(OR(F1108="",G1108=""),"",100*SUMIFS(zips!$C:$C,zips!$B:$B,F1108,zips!$E:$E,"<"&G1108)/SUMIFS(zips!$C:$C,zips!$B:$B,F1108,zips!$E:$E,">0"))	617.6047	12.6767	=IF(I1108="","",ROUND(G1108-I1108,2))	=IF(J1108="","",ROUND(H1108-J1108,2))
Invitation Homes	44063 W Snow Dr			85138	=IFERROR(INDEX(zips!$B:$B,MATCH(E1109,zips!$A:$A,0)),"")	=IFERROR(INDEX(zips!$E:$E,MATCH(E1109,zips!$A:$A,0)),"")	=IF(OR(F1109="",G1109=""),"",100*SUMIFS(zips!$C:$C,zips!$B:$B,F1109,zips!$E:$E,"<"&G1109)/SUMIFS(zips!$C:$C,zips!$B:$B,F1109,zips!$E:$E,">0"))	617.6047	12.6767	=IF(I1109="","",ROUND(G1109-I1109,2))	=IF(J1109="","",ROUND(H1109-J1109,2))
Invitation Homes	36058 W Santa Barbara Ave			85138	=IFERROR(INDEX(zips!$B:$B,MATCH(E1110,zips!$A:$A,0)),"")	=IFERROR(INDEX(zips!$E:$E,MATCH(E1110,zips!$A:$A,0)),"")	=IF(OR(F1110="",G1110=""),"",100*SUMIFS(zips!$C:$C,zips!$B:$B,F1110,zips!$E:$E,"<"&G1110)/SUMIFS(zips!$C:$C,zips!$B:$B,F1110,zips!$E:$E,">0"))	617.6047	12.6767	=IF(I1110="","",ROUND(G1110-I1110,2))	=IF(J1110="","",ROUND(H1110-J1110,2))
Invitation Homes	40637 W Williams Way			85138	=IFERROR(INDEX(zips!$B:$B,MATCH(E1111,zips!$A:$A,0)),"")	=IFERROR(INDEX(zips!$E:$E,MATCH(E1111,zips!$A:$A,0)),"")	=IF(OR(F1111="",G1111=""),"",100*SUMIFS(zips!$C:$C,zips!$B:$B,F1111,zips!$E:$E,"<"&G1111)/SUMIFS(zips!$C:$C,zips!$B:$B,F1111,zips!$E:$E,">0"))	617.6047	12.6767	=IF(I1111="","",ROUND(G1111-I1111,2))	=IF(J1111="","",ROUND(H1111-J1111,2))
Invitation Homes	37977 W Merced St			85138	=IFERROR(INDEX(zips!$B:$B,MATCH(E1112,zips!$A:$A,0)),"")	=IFERROR(INDEX(zips!$E:$E,MATCH(E1112,zips!$A:$A,0)),"")	=IF(OR(F1112="",G1112=""),"",100*SUMIFS(zips!$C:$C,zips!$B:$B,F1112,zips!$E:$E,"<"&G1112)/SUMIFS(zips!$C:$C,zips!$B:$B,F1112,zips!$E:$E,">0"))	617.6047	12.6767	=IF(I1112="","",ROUND(G1112-I1112,2))	=IF(J1112="","",ROUND(H1112-J1112,2))
Invitation Homes	16205 S 17Th Dr			85045	=IFERROR(INDEX(zips!$B:$B,MATCH(E1113,zips!$A:$A,0)),"")	=IFERROR(INDEX(zips!$E:$E,MATCH(E1113,zips!$A:$A,0)),"")	=IF(OR(F1113="",G1113=""),"",100*SUMIFS(zips!$C:$C,zips!$B:$B,F1113,zips!$E:$E,"<"&G1113)/SUMIFS(zips!$C:$C,zips!$B:$B,F1113,zips!$E:$E,">0"))	1877.3917	29.542	=IF(I1113="","",ROUND(G1113-I1113,2))	=IF(J1113="","",ROUND(H1113-J1113,2))
Invitation Homes	3921 W Pollack St			85041	=IFERROR(INDEX(zips!$B:$B,MATCH(E1114,zips!$A:$A,0)),"")	=IFERROR(INDEX(zips!$E:$E,MATCH(E1114,zips!$A:$A,0)),"")	=IF(OR(F1114="",G1114=""),"",100*SUMIFS(zips!$C:$C,zips!$B:$B,F1114,zips!$E:$E,"<"&G1114)/SUMIFS(zips!$C:$C,zips!$B:$B,F1114,zips!$E:$E,">0"))	3995.0594	55.8303	=IF(I1114="","",ROUND(G1114-I1114,2))	=IF(J1114="","",ROUND(H1114-J1114,2))
Invitation Homes	3713 W Glass Ln			85041	=IFERROR(INDEX(zips!$B:$B,MATCH(E1115,zips!$A:$A,0)),"")	=IFERROR(INDEX(zips!$E:$E,MATCH(E1115,zips!$A:$A,0)),"")	=IF(OR(F1115="",G1115=""),"",100*SUMIFS(zips!$C:$C,zips!$B:$B,F1115,zips!$E:$E,"<"&G1115)/SUMIFS(zips!$C:$C,zips!$B:$B,F1115,zips!$E:$E,">0"))	3995.0594	55.8303	=IF(I1115="","",ROUND(G1115-I1115,2))	=IF(J1115="","",ROUND(H1115-J1115,2))
Invitation Homes	2425 W Ellis St			85041	=IFERROR(INDEX(zips!$B:$B,MATCH(E1116,zips!$A:$A,0)),"")	=IFERROR(INDEX(zips!$E:$E,MATCH(E1116,zips!$A:$A,0)),"")	=IF(OR(F1116="",G1116=""),"",100*SUMIFS(zips!$C:$C,zips!$B:$B,F1116,zips!$E:$E,"<"&G1116)/SUMIFS(zips!$C:$C,zips!$B:$B,F1116,zips!$E:$E,">0"))	3995.0594	55.8303	=IF(I1116="","",ROUND(G1116-I1116,2))	=IF(J1116="","",ROUND(H1116-J1116,2))
Invitation Homes	2310 W Saint Kateri Dr			85041	=IFERROR(INDEX(zips!$B:$B,MATCH(E1117,zips!$A:$A,0)),"")	=IFERROR(INDEX(zips!$E:$E,MATCH(E1117,zips!$A:$A,0)),"")	=IF(OR(F1117="",G1117=""),"",100*SUMIFS(zips!$C:$C,zips!$B:$B,F1117,zips!$E:$E,"<"&G1117)/SUMIFS(zips!$C:$C,zips!$B:$B,F1117,zips!$E:$E,">0"))	3995.0594	55.8303	=IF(I1117="","",ROUND(G1117-I1117,2))	=IF(J1117="","",ROUND(H1117-J1117,2))
Invitation Homes	5726 S 27Th Dr			85041	=IFERROR(INDEX(zips!$B:$B,MATCH(E1118,zips!$A:$A,0)),"")	=IFERROR(INDEX(zips!$E:$E,MATCH(E1118,zips!$A:$A,0)),"")	=IF(OR(F1118="",G1118=""),"",100*SUMIFS(zips!$C:$C,zips!$B:$B,F1118,zips!$E:$E,"<"&G1118)/SUMIFS(zips!$C:$C,zips!$B:$B,F1118,zips!$E:$E,">0"))	3995.0594	55.8303	=IF(I1118="","",ROUND(G1118-I1118,2))	=IF(J1118="","",ROUND(H1118-J1118,2))
Invitation Homes	114 E Beth Dr			85042	=IFERROR(INDEX(zips!$B:$B,MATCH(E1119,zips!$A:$A,0)),"")	=IFERROR(INDEX(zips!$E:$E,MATCH(E1119,zips!$A:$A,0)),"")	=IF(OR(F1119="",G1119=""),"",100*SUMIFS(zips!$C:$C,zips!$B:$B,F1119,zips!$E:$E,"<"&G1119)/SUMIFS(zips!$C:$C,zips!$B:$B,F1119,zips!$E:$E,">0"))	2343.9107	34.3248	=IF(I1119="","",ROUND(G1119-I1119,2))	=IF(J1119="","",ROUND(H1119-J1119,2))
Invitation Homes	8818 S 9Th St			85042	=IFERROR(INDEX(zips!$B:$B,MATCH(E1120,zips!$A:$A,0)),"")	=IFERROR(INDEX(zips!$E:$E,MATCH(E1120,zips!$A:$A,0)),"")	=IF(OR(F1120="",G1120=""),"",100*SUMIFS(zips!$C:$C,zips!$B:$B,F1120,zips!$E:$E,"<"&G1120)/SUMIFS(zips!$C:$C,zips!$B:$B,F1120,zips!$E:$E,">0"))	2343.9107	34.3248	=IF(I1120="","",ROUND(G1120-I1120,2))	=IF(J1120="","",ROUND(H1120-J1120,2))
Invitation Homes	1532 W Burgess Ln			85041	=IFERROR(INDEX(zips!$B:$B,MATCH(E1121,zips!$A:$A,0)),"")	=IFERROR(INDEX(zips!$E:$E,MATCH(E1121,zips!$A:$A,0)),"")	=IF(OR(F1121="",G1121=""),"",100*SUMIFS(zips!$C:$C,zips!$B:$B,F1121,zips!$E:$E,"<"&G1121)/SUMIFS(zips!$C:$C,zips!$B:$B,F1121,zips!$E:$E,">0"))	3995.0594	55.8303	=IF(I1121="","",ROUND(G1121-I1121,2))	=IF(J1121="","",ROUND(H1121-J1121,2))
Invitation Homes	7223 S 3Rd Ave			85041	=IFERROR(INDEX(zips!$B:$B,MATCH(E1122,zips!$A:$A,0)),"")	=IFERROR(INDEX(zips!$E:$E,MATCH(E1122,zips!$A:$A,0)),"")	=IF(OR(F1122="",G1122=""),"",100*SUMIFS(zips!$C:$C,zips!$B:$B,F1122,zips!$E:$E,"<"&G1122)/SUMIFS(zips!$C:$C,zips!$B:$B,F1122,zips!$E:$E,">0"))	3995.0594	55.8303	=IF(I1122="","",ROUND(G1122-I1122,2))	=IF(J1122="","",ROUND(H1122-J1122,2))
Invitation Homes	7529 S 14Th St			85042	=IFERROR(INDEX(zips!$B:$B,MATCH(E1123,zips!$A:$A,0)),"")	=IFERROR(INDEX(zips!$E:$E,MATCH(E1123,zips!$A:$A,0)),"")	=IF(OR(F1123="",G1123=""),"",100*SUMIFS(zips!$C:$C,zips!$B:$B,F1123,zips!$E:$E,"<"&G1123)/SUMIFS(zips!$C:$C,zips!$B:$B,F1123,zips!$E:$E,">0"))	2343.9107	34.3248	=IF(I1123="","",ROUND(G1123-I1123,2))	=IF(J1123="","",ROUND(H1123-J1123,2))
Invitation Homes	2710 W Minton Dr			85282	=IFERROR(INDEX(zips!$B:$B,MATCH(E1124,zips!$A:$A,0)),"")	=IFERROR(INDEX(zips!$E:$E,MATCH(E1124,zips!$A:$A,0)),"")	=IF(OR(F1124="",G1124=""),"",100*SUMIFS(zips!$C:$C,zips!$B:$B,F1124,zips!$E:$E,"<"&G1124)/SUMIFS(zips!$C:$C,zips!$B:$B,F1124,zips!$E:$E,">0"))	4910.8848	70.6306	=IF(I1124="","",ROUND(G1124-I1124,2))	=IF(J1124="","",ROUND(H1124-J1124,2))
Invitation Homes	5829 S 42Nd St			85040	=IFERROR(INDEX(zips!$B:$B,MATCH(E1125,zips!$A:$A,0)),"")	=IFERROR(INDEX(zips!$E:$E,MATCH(E1125,zips!$A:$A,0)),"")	=IF(OR(F1125="",G1125=""),"",100*SUMIFS(zips!$C:$C,zips!$B:$B,F1125,zips!$E:$E,"<"&G1125)/SUMIFS(zips!$C:$C,zips!$B:$B,F1125,zips!$E:$E,">0"))	3296.5674	45.4164	=IF(I1125="","",ROUND(G1125-I1125,2))	=IF(J1125="","",ROUND(H1125-J1125,2))
Invitation Homes	520 W Musket Pl			85286	=IFERROR(INDEX(zips!$B:$B,MATCH(E1126,zips!$A:$A,0)),"")	=IFERROR(INDEX(zips!$E:$E,MATCH(E1126,zips!$A:$A,0)),"")	=IF(OR(F1126="",G1126=""),"",100*SUMIFS(zips!$C:$C,zips!$B:$B,F1126,zips!$E:$E,"<"&G1126)/SUMIFS(zips!$C:$C,zips!$B:$B,F1126,zips!$E:$E,">0"))	3134.5066	43.575	=IF(I1126="","",ROUND(G1126-I1126,2))	=IF(J1126="","",ROUND(H1126-J1126,2))
Invitation Homes	297 S 95Th St			85224	=IFERROR(INDEX(zips!$B:$B,MATCH(E1127,zips!$A:$A,0)),"")	=IFERROR(INDEX(zips!$E:$E,MATCH(E1127,zips!$A:$A,0)),"")	=IF(OR(F1127="",G1127=""),"",100*SUMIFS(zips!$C:$C,zips!$B:$B,F1127,zips!$E:$E,"<"&G1127)/SUMIFS(zips!$C:$C,zips!$B:$B,F1127,zips!$E:$E,">0"))	5124.5491	71.7356	=IF(I1127="","",ROUND(G1127-I1127,2))	=IF(J1127="","",ROUND(H1127-J1127,2))
Invitation Homes	2125 W Chicago St			85224	=IFERROR(INDEX(zips!$B:$B,MATCH(E1128,zips!$A:$A,0)),"")	=IFERROR(INDEX(zips!$E:$E,MATCH(E1128,zips!$A:$A,0)),"")	=IF(OR(F1128="",G1128=""),"",100*SUMIFS(zips!$C:$C,zips!$B:$B,F1128,zips!$E:$E,"<"&G1128)/SUMIFS(zips!$C:$C,zips!$B:$B,F1128,zips!$E:$E,">0"))	5124.5491	71.7356	=IF(I1128="","",ROUND(G1128-I1128,2))	=IF(J1128="","",ROUND(H1128-J1128,2))
Invitation Homes	714 W Detroit Street			85225	=IFERROR(INDEX(zips!$B:$B,MATCH(E1129,zips!$A:$A,0)),"")	=IFERROR(INDEX(zips!$E:$E,MATCH(E1129,zips!$A:$A,0)),"")	=IF(OR(F1129="",G1129=""),"",100*SUMIFS(zips!$C:$C,zips!$B:$B,F1129,zips!$E:$E,"<"&G1129)/SUMIFS(zips!$C:$C,zips!$B:$B,F1129,zips!$E:$E,">0"))	5776.5522	84.4941	=IF(I1129="","",ROUND(G1129-I1129,2))	=IF(J1129="","",ROUND(H1129-J1129,2))
Invitation Homes	715 N Judd Ave			85226	=IFERROR(INDEX(zips!$B:$B,MATCH(E1130,zips!$A:$A,0)),"")	=IFERROR(INDEX(zips!$E:$E,MATCH(E1130,zips!$A:$A,0)),"")	=IF(OR(F1130="",G1130=""),"",100*SUMIFS(zips!$C:$C,zips!$B:$B,F1130,zips!$E:$E,"<"&G1130)/SUMIFS(zips!$C:$C,zips!$B:$B,F1130,zips!$E:$E,">0"))	1065.7823	21.5539	=IF(I1130="","",ROUND(G1130-I1130,2))	=IF(J1130="","",ROUND(H1130-J1130,2))
Invitation Homes	2717 W Estrella Drive			85224	=IFERROR(INDEX(zips!$B:$B,MATCH(E1131,zips!$A:$A,0)),"")	=IFERROR(INDEX(zips!$E:$E,MATCH(E1131,zips!$A:$A,0)),"")	=IF(OR(F1131="",G1131=""),"",100*SUMIFS(zips!$C:$C,zips!$B:$B,F1131,zips!$E:$E,"<"&G1131)/SUMIFS(zips!$C:$C,zips!$B:$B,F1131,zips!$E:$E,">0"))	5124.5491	71.7356	=IF(I1131="","",ROUND(G1131-I1131,2))	=IF(J1131="","",ROUND(H1131-J1131,2))
Invitation Homes	805 W Harvard Dr			85283	=IFERROR(INDEX(zips!$B:$B,MATCH(E1132,zips!$A:$A,0)),"")	=IFERROR(INDEX(zips!$E:$E,MATCH(E1132,zips!$A:$A,0)),"")	=IF(OR(F1132="",G1132=""),"",100*SUMIFS(zips!$C:$C,zips!$B:$B,F1132,zips!$E:$E,"<"&G1132)/SUMIFS(zips!$C:$C,zips!$B:$B,F1132,zips!$E:$E,">0"))	5300.6684	74.4222	=IF(I1132="","",ROUND(G1132-I1132,2))	=IF(J1132="","",ROUND(H1132-J1132,2))
Invitation Homes	617 E Carmen St			85283	=IFERROR(INDEX(zips!$B:$B,MATCH(E1133,zips!$A:$A,0)),"")	=IFERROR(INDEX(zips!$E:$E,MATCH(E1133,zips!$A:$A,0)),"")	=IF(OR(F1133="",G1133=""),"",100*SUMIFS(zips!$C:$C,zips!$B:$B,F1133,zips!$E:$E,"<"&G1133)/SUMIFS(zips!$C:$C,zips!$B:$B,F1133,zips!$E:$E,">0"))	5300.6684	74.4222	=IF(I1133="","",ROUND(G1133-I1133,2))	=IF(J1133="","",ROUND(H1133-J1133,2))
Invitation Homes	4823 S Roberts Rd			85282	=IFERROR(INDEX(zips!$B:$B,MATCH(E1134,zips!$A:$A,0)),"")	=IFERROR(INDEX(zips!$E:$E,MATCH(E1134,zips!$A:$A,0)),"")	=IF(OR(F1134="",G1134=""),"",100*SUMIFS(zips!$C:$C,zips!$B:$B,F1134,zips!$E:$E,"<"&G1134)/SUMIFS(zips!$C:$C,zips!$B:$B,F1134,zips!$E:$E,">0"))	4910.8848	70.6306	=IF(I1134="","",ROUND(G1134-I1134,2))	=IF(J1134="","",ROUND(H1134-J1134,2))
Invitation Homes	436 W La Jolla Drive			85282	=IFERROR(INDEX(zips!$B:$B,MATCH(E1135,zips!$A:$A,0)),"")	=IFERROR(INDEX(zips!$E:$E,MATCH(E1135,zips!$A:$A,0)),"")	=IF(OR(F1135="",G1135=""),"",100*SUMIFS(zips!$C:$C,zips!$B:$B,F1135,zips!$E:$E,"<"&G1135)/SUMIFS(zips!$C:$C,zips!$B:$B,F1135,zips!$E:$E,">0"))	4910.8848	70.6306	=IF(I1135="","",ROUND(G1135-I1135,2))	=IF(J1135="","",ROUND(H1135-J1135,2))
Invitation Homes	617 E La Jolla Drive			85282	=IFERROR(INDEX(zips!$B:$B,MATCH(E1136,zips!$A:$A,0)),"")	=IFERROR(INDEX(zips!$E:$E,MATCH(E1136,zips!$A:$A,0)),"")	=IF(OR(F1136="",G1136=""),"",100*SUMIFS(zips!$C:$C,zips!$B:$B,F1136,zips!$E:$E,"<"&G1136)/SUMIFS(zips!$C:$C,zips!$B:$B,F1136,zips!$E:$E,">0"))	4910.8848	70.6306	=IF(I1136="","",ROUND(G1136-I1136,2))	=IF(J1136="","",ROUND(H1136-J1136,2))
Invitation Homes	6744 S Lakeshore Drive			85283	=IFERROR(INDEX(zips!$B:$B,MATCH(E1137,zips!$A:$A,0)),"")	=IFERROR(INDEX(zips!$E:$E,MATCH(E1137,zips!$A:$A,0)),"")	=IF(OR(F1137="",G1137=""),"",100*SUMIFS(zips!$C:$C,zips!$B:$B,F1137,zips!$E:$E,"<"&G1137)/SUMIFS(zips!$C:$C,zips!$B:$B,F1137,zips!$E:$E,">0"))	5300.6684	74.4222	=IF(I1137="","",ROUND(G1137-I1137,2))	=IF(J1137="","",ROUND(H1137-J1137,2))
Invitation Homes	2612 W Summit Pl			85224	=IFERROR(INDEX(zips!$B:$B,MATCH(E1138,zips!$A:$A,0)),"")	=IFERROR(INDEX(zips!$E:$E,MATCH(E1138,zips!$A:$A,0)),"")	=IF(OR(F1138="",G1138=""),"",100*SUMIFS(zips!$C:$C,zips!$B:$B,F1138,zips!$E:$E,"<"&G1138)/SUMIFS(zips!$C:$C,zips!$B:$B,F1138,zips!$E:$E,">0"))	5124.5491	71.7356	=IF(I1138="","",ROUND(G1138-I1138,2))	=IF(J1138="","",ROUND(H1138-J1138,2))
Invitation Homes	943 E Manhatton Dr			85282	=IFERROR(INDEX(zips!$B:$B,MATCH(E1139,zips!$A:$A,0)),"")	=IFERROR(INDEX(zips!$E:$E,MATCH(E1139,zips!$A:$A,0)),"")	=IF(OR(F1139="",G1139=""),"",100*SUMIFS(zips!$C:$C,zips!$B:$B,F1139,zips!$E:$E,"<"&G1139)/SUMIFS(zips!$C:$C,zips!$B:$B,F1139,zips!$E:$E,">0"))	4910.8848	70.6306	=IF(I1139="","",ROUND(G1139-I1139,2))	=IF(J1139="","",ROUND(H1139-J1139,2))
Invitation Homes	3410 S Terrace Rd			85282	=IFERROR(INDEX(zips!$B:$B,MATCH(E1140,zips!$A:$A,0)),"")	=IFERROR(INDEX(zips!$E:$E,MATCH(E1140,zips!$A:$A,0)),"")	=IF(OR(F1140="",G1140=""),"",100*SUMIFS(zips!$C:$C,zips!$B:$B,F1140,zips!$E:$E,"<"&G1140)/SUMIFS(zips!$C:$C,zips!$B:$B,F1140,zips!$E:$E,">0"))	4910.8848	70.6306	=IF(I1140="","",ROUND(G1140-I1140,2))	=IF(J1140="","",ROUND(H1140-J1140,2))
Invitation Homes	1140 E Malibu Dr			85282	=IFERROR(INDEX(zips!$B:$B,MATCH(E1141,zips!$A:$A,0)),"")	=IFERROR(INDEX(zips!$E:$E,MATCH(E1141,zips!$A:$A,0)),"")	=IF(OR(F1141="",G1141=""),"",100*SUMIFS(zips!$C:$C,zips!$B:$B,F1141,zips!$E:$E,"<"&G1141)/SUMIFS(zips!$C:$C,zips!$B:$B,F1141,zips!$E:$E,">0"))	4910.8848	70.6306	=IF(I1141="","",ROUND(G1141-I1141,2))	=IF(J1141="","",ROUND(H1141-J1141,2))
Invitation Homes	1412 E Hermosa Dr			85282	=IFERROR(INDEX(zips!$B:$B,MATCH(E1142,zips!$A:$A,0)),"")	=IFERROR(INDEX(zips!$E:$E,MATCH(E1142,zips!$A:$A,0)),"")	=IF(OR(F1142="",G1142=""),"",100*SUMIFS(zips!$C:$C,zips!$B:$B,F1142,zips!$E:$E,"<"&G1142)/SUMIFS(zips!$C:$C,zips!$B:$B,F1142,zips!$E:$E,">0"))	4910.8848	70.6306	=IF(I1142="","",ROUND(G1142-I1142,2))	=IF(J1142="","",ROUND(H1142-J1142,2))
Invitation Homes	3029 S Country Club Way			85282	=IFERROR(INDEX(zips!$B:$B,MATCH(E1143,zips!$A:$A,0)),"")	=IFERROR(INDEX(zips!$E:$E,MATCH(E1143,zips!$A:$A,0)),"")	=IF(OR(F1143="",G1143=""),"",100*SUMIFS(zips!$C:$C,zips!$B:$B,F1143,zips!$E:$E,"<"&G1143)/SUMIFS(zips!$C:$C,zips!$B:$B,F1143,zips!$E:$E,">0"))	4910.8848	70.6306	=IF(I1143="","",ROUND(G1143-I1143,2))	=IF(J1143="","",ROUND(H1143-J1143,2))
Invitation Homes	2310 E Riviera Drive			85282	=IFERROR(INDEX(zips!$B:$B,MATCH(E1144,zips!$A:$A,0)),"")	=IFERROR(INDEX(zips!$E:$E,MATCH(E1144,zips!$A:$A,0)),"")	=IF(OR(F1144="",G1144=""),"",100*SUMIFS(zips!$C:$C,zips!$B:$B,F1144,zips!$E:$E,"<"&G1144)/SUMIFS(zips!$C:$C,zips!$B:$B,F1144,zips!$E:$E,">0"))	4910.8848	70.6306	=IF(I1144="","",ROUND(G1144-I1144,2))	=IF(J1144="","",ROUND(H1144-J1144,2))
Invitation Homes	601 W Shannon Street			85225	=IFERROR(INDEX(zips!$B:$B,MATCH(E1145,zips!$A:$A,0)),"")	=IFERROR(INDEX(zips!$E:$E,MATCH(E1145,zips!$A:$A,0)),"")	=IF(OR(F1145="",G1145=""),"",100*SUMIFS(zips!$C:$C,zips!$B:$B,F1145,zips!$E:$E,"<"&G1145)/SUMIFS(zips!$C:$C,zips!$B:$B,F1145,zips!$E:$E,">0"))	5776.5522	84.4941	=IF(I1145="","",ROUND(G1145-I1145,2))	=IF(J1145="","",ROUND(H1145-J1145,2))
Invitation Homes	557 W Caroline Lane			85225	=IFERROR(INDEX(zips!$B:$B,MATCH(E1146,zips!$A:$A,0)),"")	=IFERROR(INDEX(zips!$E:$E,MATCH(E1146,zips!$A:$A,0)),"")	=IF(OR(F1146="",G1146=""),"",100*SUMIFS(zips!$C:$C,zips!$B:$B,F1146,zips!$E:$E,"<"&G1146)/SUMIFS(zips!$C:$C,zips!$B:$B,F1146,zips!$E:$E,">0"))	5776.5522	84.4941	=IF(I1146="","",ROUND(G1146-I1146,2))	=IF(J1146="","",ROUND(H1146-J1146,2))
Invitation Homes	2500 N Cholla St			85224	=IFERROR(INDEX(zips!$B:$B,MATCH(E1147,zips!$A:$A,0)),"")	=IFERROR(INDEX(zips!$E:$E,MATCH(E1147,zips!$A:$A,0)),"")	=IF(OR(F1147="",G1147=""),"",100*SUMIFS(zips!$C:$C,zips!$B:$B,F1147,zips!$E:$E,"<"&G1147)/SUMIFS(zips!$C:$C,zips!$B:$B,F1147,zips!$E:$E,">0"))	5124.5491	71.7356	=IF(I1147="","",ROUND(G1147-I1147,2))	=IF(J1147="","",ROUND(H1147-J1147,2))
Invitation Homes	2703 N Dakota St			85225	=IFERROR(INDEX(zips!$B:$B,MATCH(E1148,zips!$A:$A,0)),"")	=IFERROR(INDEX(zips!$E:$E,MATCH(E1148,zips!$A:$A,0)),"")	=IF(OR(F1148="",G1148=""),"",100*SUMIFS(zips!$C:$C,zips!$B:$B,F1148,zips!$E:$E,"<"&G1148)/SUMIFS(zips!$C:$C,zips!$B:$B,F1148,zips!$E:$E,">0"))	5776.5522	84.4941	=IF(I1148="","",ROUND(G1148-I1148,2))	=IF(J1148="","",ROUND(H1148-J1148,2))
Invitation Homes	500 E Kent Ave			85225	=IFERROR(INDEX(zips!$B:$B,MATCH(E1149,zips!$A:$A,0)),"")	=IFERROR(INDEX(zips!$E:$E,MATCH(E1149,zips!$A:$A,0)),"")	=IF(OR(F1149="",G1149=""),"",100*SUMIFS(zips!$C:$C,zips!$B:$B,F1149,zips!$E:$E,"<"&G1149)/SUMIFS(zips!$C:$C,zips!$B:$B,F1149,zips!$E:$E,">0"))	5776.5522	84.4941	=IF(I1149="","",ROUND(G1149-I1149,2))	=IF(J1149="","",ROUND(H1149-J1149,2))
Invitation Homes	1391 E Gary Dr			85225	=IFERROR(INDEX(zips!$B:$B,MATCH(E1150,zips!$A:$A,0)),"")	=IFERROR(INDEX(zips!$E:$E,MATCH(E1150,zips!$A:$A,0)),"")	=IF(OR(F1150="",G1150=""),"",100*SUMIFS(zips!$C:$C,zips!$B:$B,F1150,zips!$E:$E,"<"&G1150)/SUMIFS(zips!$C:$C,zips!$B:$B,F1150,zips!$E:$E,">0"))	5776.5522	84.4941	=IF(I1150="","",ROUND(G1150-I1150,2))	=IF(J1150="","",ROUND(H1150-J1150,2))
Invitation Homes	917 W Lindner Ave			85210	=IFERROR(INDEX(zips!$B:$B,MATCH(E1151,zips!$A:$A,0)),"")	=IFERROR(INDEX(zips!$E:$E,MATCH(E1151,zips!$A:$A,0)),"")	=IF(OR(F1151="",G1151=""),"",100*SUMIFS(zips!$C:$C,zips!$B:$B,F1151,zips!$E:$E,"<"&G1151)/SUMIFS(zips!$C:$C,zips!$B:$B,F1151,zips!$E:$E,">0"))	5977.402	87.2072	=IF(I1151="","",ROUND(G1151-I1151,2))	=IF(J1151="","",ROUND(H1151-J1151,2))
Invitation Homes	2155 W Kiva Ave			85202	=IFERROR(INDEX(zips!$B:$B,MATCH(E1152,zips!$A:$A,0)),"")	=IFERROR(INDEX(zips!$E:$E,MATCH(E1152,zips!$A:$A,0)),"")	=IF(OR(F1152="",G1152=""),"",100*SUMIFS(zips!$C:$C,zips!$B:$B,F1152,zips!$E:$E,"<"&G1152)/SUMIFS(zips!$C:$C,zips!$B:$B,F1152,zips!$E:$E,">0"))	6300.8339	88.017	=IF(I1152="","",ROUND(G1152-I1152,2))	=IF(J1152="","",ROUND(H1152-J1152,2))
Invitation Homes	18371 W Vista Norte St			85338	=IFERROR(INDEX(zips!$B:$B,MATCH(E1153,zips!$A:$A,0)),"")	=IFERROR(INDEX(zips!$E:$E,MATCH(E1153,zips!$A:$A,0)),"")	=IF(OR(F1153="",G1153=""),"",100*SUMIFS(zips!$C:$C,zips!$B:$B,F1153,zips!$E:$E,"<"&G1153)/SUMIFS(zips!$C:$C,zips!$B:$B,F1153,zips!$E:$E,">0"))	847.7211	16.5175	=IF(I1153="","",ROUND(G1153-I1153,2))	=IF(J1153="","",ROUND(H1153-J1153,2))
Invitation Homes	17187 W Ashley Dr			85338	=IFERROR(INDEX(zips!$B:$B,MATCH(E1154,zips!$A:$A,0)),"")	=IFERROR(INDEX(zips!$E:$E,MATCH(E1154,zips!$A:$A,0)),"")	=IF(OR(F1154="",G1154=""),"",100*SUMIFS(zips!$C:$C,zips!$B:$B,F1154,zips!$E:$E,"<"&G1154)/SUMIFS(zips!$C:$C,zips!$B:$B,F1154,zips!$E:$E,">0"))	847.7211	16.5175	=IF(I1154="","",ROUND(G1154-I1154,2))	=IF(J1154="","",ROUND(H1154-J1154,2))
Invitation Homes	20113 W Jackson St			85326	=IFERROR(INDEX(zips!$B:$B,MATCH(E1155,zips!$A:$A,0)),"")	=IFERROR(INDEX(zips!$E:$E,MATCH(E1155,zips!$A:$A,0)),"")	=IF(OR(F1155="",G1155=""),"",100*SUMIFS(zips!$C:$C,zips!$B:$B,F1155,zips!$E:$E,"<"&G1155)/SUMIFS(zips!$C:$C,zips!$B:$B,F1155,zips!$E:$E,">0"))	153.0383	4.4192	=IF(I1155="","",ROUND(G1155-I1155,2))	=IF(J1155="","",ROUND(H1155-J1155,2))
Invitation Homes	19743 W Harrison St			85326	=IFERROR(INDEX(zips!$B:$B,MATCH(E1156,zips!$A:$A,0)),"")	=IFERROR(INDEX(zips!$E:$E,MATCH(E1156,zips!$A:$A,0)),"")	=IF(OR(F1156="",G1156=""),"",100*SUMIFS(zips!$C:$C,zips!$B:$B,F1156,zips!$E:$E,"<"&G1156)/SUMIFS(zips!$C:$C,zips!$B:$B,F1156,zips!$E:$E,">0"))	153.0383	4.4192	=IF(I1156="","",ROUND(G1156-I1156,2))	=IF(J1156="","",ROUND(H1156-J1156,2))
Invitation Homes	19304 W Madison St			85326	=IFERROR(INDEX(zips!$B:$B,MATCH(E1157,zips!$A:$A,0)),"")	=IFERROR(INDEX(zips!$E:$E,MATCH(E1157,zips!$A:$A,0)),"")	=IF(OR(F1157="",G1157=""),"",100*SUMIFS(zips!$C:$C,zips!$B:$B,F1157,zips!$E:$E,"<"&G1157)/SUMIFS(zips!$C:$C,zips!$B:$B,F1157,zips!$E:$E,">0"))	153.0383	4.4192	=IF(I1157="","",ROUND(G1157-I1157,2))	=IF(J1157="","",ROUND(H1157-J1157,2))
Invitation Homes	375 North 167Th Dr			85338	=IFERROR(INDEX(zips!$B:$B,MATCH(E1158,zips!$A:$A,0)),"")	=IFERROR(INDEX(zips!$E:$E,MATCH(E1158,zips!$A:$A,0)),"")	=IF(OR(F1158="",G1158=""),"",100*SUMIFS(zips!$C:$C,zips!$B:$B,F1158,zips!$E:$E,"<"&G1158)/SUMIFS(zips!$C:$C,zips!$B:$B,F1158,zips!$E:$E,">0"))	847.7211	16.5175	=IF(I1158="","",ROUND(G1158-I1158,2))	=IF(J1158="","",ROUND(H1158-J1158,2))
Invitation Homes	16029 W Miami St			85338	=IFERROR(INDEX(zips!$B:$B,MATCH(E1159,zips!$A:$A,0)),"")	=IFERROR(INDEX(zips!$E:$E,MATCH(E1159,zips!$A:$A,0)),"")	=IF(OR(F1159="",G1159=""),"",100*SUMIFS(zips!$C:$C,zips!$B:$B,F1159,zips!$E:$E,"<"&G1159)/SUMIFS(zips!$C:$C,zips!$B:$B,F1159,zips!$E:$E,">0"))	847.7211	16.5175	=IF(I1159="","",ROUND(G1159-I1159,2))	=IF(J1159="","",ROUND(H1159-J1159,2))
Invitation Homes	15816 W Apache St			85338	=IFERROR(INDEX(zips!$B:$B,MATCH(E1160,zips!$A:$A,0)),"")	=IFERROR(INDEX(zips!$E:$E,MATCH(E1160,zips!$A:$A,0)),"")	=IF(OR(F1160="",G1160=""),"",100*SUMIFS(zips!$C:$C,zips!$B:$B,F1160,zips!$E:$E,"<"&G1160)/SUMIFS(zips!$C:$C,zips!$B:$B,F1160,zips!$E:$E,">0"))	847.7211	16.5175	=IF(I1160="","",ROUND(G1160-I1160,2))	=IF(J1160="","",ROUND(H1160-J1160,2))
Invitation Homes	16168 W Sherman St			85338	=IFERROR(INDEX(zips!$B:$B,MATCH(E1161,zips!$A:$A,0)),"")	=IFERROR(INDEX(zips!$E:$E,MATCH(E1161,zips!$A:$A,0)),"")	=IF(OR(F1161="",G1161=""),"",100*SUMIFS(zips!$C:$C,zips!$B:$B,F1161,zips!$E:$E,"<"&G1161)/SUMIFS(zips!$C:$C,zips!$B:$B,F1161,zips!$E:$E,">0"))	847.7211	16.5175	=IF(I1161="","",ROUND(G1161-I1161,2))	=IF(J1161="","",ROUND(H1161-J1161,2))
Invitation Homes	15890 W Pima Street			85338	=IFERROR(INDEX(zips!$B:$B,MATCH(E1162,zips!$A:$A,0)),"")	=IFERROR(INDEX(zips!$E:$E,MATCH(E1162,zips!$A:$A,0)),"")	=IF(OR(F1162="",G1162=""),"",100*SUMIFS(zips!$C:$C,zips!$B:$B,F1162,zips!$E:$E,"<"&G1162)/SUMIFS(zips!$C:$C,zips!$B:$B,F1162,zips!$E:$E,">0"))	847.7211	16.5175	=IF(I1162="","",ROUND(G1162-I1162,2))	=IF(J1162="","",ROUND(H1162-J1162,2))
Invitation Homes	537 S 150Th Dr			85338	=IFERROR(INDEX(zips!$B:$B,MATCH(E1163,zips!$A:$A,0)),"")	=IFERROR(INDEX(zips!$E:$E,MATCH(E1163,zips!$A:$A,0)),"")	=IF(OR(F1163="",G1163=""),"",100*SUMIFS(zips!$C:$C,zips!$B:$B,F1163,zips!$E:$E,"<"&G1163)/SUMIFS(zips!$C:$C,zips!$B:$B,F1163,zips!$E:$E,">0"))	847.7211	16.5175	=IF(I1163="","",ROUND(G1163-I1163,2))	=IF(J1163="","",ROUND(H1163-J1163,2))
Invitation Homes	711 S 3Rd St			85323	=IFERROR(INDEX(zips!$B:$B,MATCH(E1164,zips!$A:$A,0)),"")	=IFERROR(INDEX(zips!$E:$E,MATCH(E1164,zips!$A:$A,0)),"")	=IF(OR(F1164="",G1164=""),"",100*SUMIFS(zips!$C:$C,zips!$B:$B,F1164,zips!$E:$E,"<"&G1164)/SUMIFS(zips!$C:$C,zips!$B:$B,F1164,zips!$E:$E,">0"))	2627.2056	38.5105	=IF(I1164="","",ROUND(G1164-I1164,2))	=IF(J1164="","",ROUND(H1164-J1164,2))
Invitation Homes	1189 N 163Rd Ln			85338	=IFERROR(INDEX(zips!$B:$B,MATCH(E1165,zips!$A:$A,0)),"")	=IFERROR(INDEX(zips!$E:$E,MATCH(E1165,zips!$A:$A,0)),"")	=IF(OR(F1165="",G1165=""),"",100*SUMIFS(zips!$C:$C,zips!$B:$B,F1165,zips!$E:$E,"<"&G1165)/SUMIFS(zips!$C:$C,zips!$B:$B,F1165,zips!$E:$E,">0"))	847.7211	16.5175	=IF(I1165="","",ROUND(G1165-I1165,2))	=IF(J1165="","",ROUND(H1165-J1165,2))
Invitation Homes	43 N 123Rd Dr			85323	=IFERROR(INDEX(zips!$B:$B,MATCH(E1166,zips!$A:$A,0)),"")	=IFERROR(INDEX(zips!$E:$E,MATCH(E1166,zips!$A:$A,0)),"")	=IF(OR(F1166="",G1166=""),"",100*SUMIFS(zips!$C:$C,zips!$B:$B,F1166,zips!$E:$E,"<"&G1166)/SUMIFS(zips!$C:$C,zips!$B:$B,F1166,zips!$E:$E,">0"))	2627.2056	38.5105	=IF(I1166="","",ROUND(G1166-I1166,2))	=IF(J1166="","",ROUND(H1166-J1166,2))
Invitation Homes	2686 N 131St Dr			85395	=IFERROR(INDEX(zips!$B:$B,MATCH(E1167,zips!$A:$A,0)),"")	=IFERROR(INDEX(zips!$E:$E,MATCH(E1167,zips!$A:$A,0)),"")	=IF(OR(F1167="",G1167=""),"",100*SUMIFS(zips!$C:$C,zips!$B:$B,F1167,zips!$E:$E,"<"&G1167)/SUMIFS(zips!$C:$C,zips!$B:$B,F1167,zips!$E:$E,">0"))	2082.0422	30.4961	=IF(I1167="","",ROUND(G1167-I1167,2))	=IF(J1167="","",ROUND(H1167-J1167,2))
Invitation Homes	12727 W Edgemont Ave			85392	=IFERROR(INDEX(zips!$B:$B,MATCH(E1168,zips!$A:$A,0)),"")	=IFERROR(INDEX(zips!$E:$E,MATCH(E1168,zips!$A:$A,0)),"")	=IF(OR(F1168="",G1168=""),"",100*SUMIFS(zips!$C:$C,zips!$B:$B,F1168,zips!$E:$E,"<"&G1168)/SUMIFS(zips!$C:$C,zips!$B:$B,F1168,zips!$E:$E,">0"))	4036.1371	57.6708	=IF(I1168="","",ROUND(G1168-I1168,2))	=IF(J1168="","",ROUND(H1168-J1168,2))
Invitation Homes	12537 W Cambridge Ave			85392	=IFERROR(INDEX(zips!$B:$B,MATCH(E1169,zips!$A:$A,0)),"")	=IFERROR(INDEX(zips!$E:$E,MATCH(E1169,zips!$A:$A,0)),"")	=IF(OR(F1169="",G1169=""),"",100*SUMIFS(zips!$C:$C,zips!$B:$B,F1169,zips!$E:$E,"<"&G1169)/SUMIFS(zips!$C:$C,zips!$B:$B,F1169,zips!$E:$E,">0"))	4036.1371	57.6708	=IF(I1169="","",ROUND(G1169-I1169,2))	=IF(J1169="","",ROUND(H1169-J1169,2))
Invitation Homes	19609 W Roma Ave			85340	=IFERROR(INDEX(zips!$B:$B,MATCH(E1170,zips!$A:$A,0)),"")	=IFERROR(INDEX(zips!$E:$E,MATCH(E1170,zips!$A:$A,0)),"")	=IF(OR(F1170="",G1170=""),"",100*SUMIFS(zips!$C:$C,zips!$B:$B,F1170,zips!$E:$E,"<"&G1170)/SUMIFS(zips!$C:$C,zips!$B:$B,F1170,zips!$E:$E,">0"))	1242.0282	24.2839	=IF(I1170="","",ROUND(G1170-I1170,2))	=IF(J1170="","",ROUND(H1170-J1170,2))
Invitation Homes	5819 N 196Th Ln			85340	=IFERROR(INDEX(zips!$B:$B,MATCH(E1171,zips!$A:$A,0)),"")	=IFERROR(INDEX(zips!$E:$E,MATCH(E1171,zips!$A:$A,0)),"")	=IF(OR(F1171="",G1171=""),"",100*SUMIFS(zips!$C:$C,zips!$B:$B,F1171,zips!$E:$E,"<"&G1171)/SUMIFS(zips!$C:$C,zips!$B:$B,F1171,zips!$E:$E,">0"))	1242.0282	24.2839	=IF(I1171="","",ROUND(G1171-I1171,2))	=IF(J1171="","",ROUND(H1171-J1171,2))
Invitation Homes	5036 N 189Th Gl			85340	=IFERROR(INDEX(zips!$B:$B,MATCH(E1172,zips!$A:$A,0)),"")	=IFERROR(INDEX(zips!$E:$E,MATCH(E1172,zips!$A:$A,0)),"")	=IF(OR(F1172="",G1172=""),"",100*SUMIFS(zips!$C:$C,zips!$B:$B,F1172,zips!$E:$E,"<"&G1172)/SUMIFS(zips!$C:$C,zips!$B:$B,F1172,zips!$E:$E,">0"))	1242.0282	24.2839	=IF(I1172="","",ROUND(G1172-I1172,2))	=IF(J1172="","",ROUND(H1172-J1172,2))
Invitation Homes	5040 N 189Th Gl			85340	=IFERROR(INDEX(zips!$B:$B,MATCH(E1173,zips!$A:$A,0)),"")	=IFERROR(INDEX(zips!$E:$E,MATCH(E1173,zips!$A:$A,0)),"")	=IF(OR(F1173="",G1173=""),"",100*SUMIFS(zips!$C:$C,zips!$B:$B,F1173,zips!$E:$E,"<"&G1173)/SUMIFS(zips!$C:$C,zips!$B:$B,F1173,zips!$E:$E,">0"))	1242.0282	24.2839	=IF(I1173="","",ROUND(G1173-I1173,2))	=IF(J1173="","",ROUND(H1173-J1173,2))
Invitation Homes	18981 W Reade Ave			85340	=IFERROR(INDEX(zips!$B:$B,MATCH(E1174,zips!$A:$A,0)),"")	=IFERROR(INDEX(zips!$E:$E,MATCH(E1174,zips!$A:$A,0)),"")	=IF(OR(F1174="",G1174=""),"",100*SUMIFS(zips!$C:$C,zips!$B:$B,F1174,zips!$E:$E,"<"&G1174)/SUMIFS(zips!$C:$C,zips!$B:$B,F1174,zips!$E:$E,">0"))	1242.0282	24.2839	=IF(I1174="","",ROUND(G1174-I1174,2))	=IF(J1174="","",ROUND(H1174-J1174,2))
Invitation Homes	18977 W Reade Ave			85340	=IFERROR(INDEX(zips!$B:$B,MATCH(E1175,zips!$A:$A,0)),"")	=IFERROR(INDEX(zips!$E:$E,MATCH(E1175,zips!$A:$A,0)),"")	=IF(OR(F1175="",G1175=""),"",100*SUMIFS(zips!$C:$C,zips!$B:$B,F1175,zips!$E:$E,"<"&G1175)/SUMIFS(zips!$C:$C,zips!$B:$B,F1175,zips!$E:$E,">0"))	1242.0282	24.2839	=IF(I1175="","",ROUND(G1175-I1175,2))	=IF(J1175="","",ROUND(H1175-J1175,2))
Invitation Homes	18919 W Pasadena Ave			85340	=IFERROR(INDEX(zips!$B:$B,MATCH(E1176,zips!$A:$A,0)),"")	=IFERROR(INDEX(zips!$E:$E,MATCH(E1176,zips!$A:$A,0)),"")	=IF(OR(F1176="",G1176=""),"",100*SUMIFS(zips!$C:$C,zips!$B:$B,F1176,zips!$E:$E,"<"&G1176)/SUMIFS(zips!$C:$C,zips!$B:$B,F1176,zips!$E:$E,">0"))	1242.0282	24.2839	=IF(I1176="","",ROUND(G1176-I1176,2))	=IF(J1176="","",ROUND(H1176-J1176,2))
Invitation Homes	5005 N 189Th Drive			85340	=IFERROR(INDEX(zips!$B:$B,MATCH(E1177,zips!$A:$A,0)),"")	=IFERROR(INDEX(zips!$E:$E,MATCH(E1177,zips!$A:$A,0)),"")	=IF(OR(F1177="",G1177=""),"",100*SUMIFS(zips!$C:$C,zips!$B:$B,F1177,zips!$E:$E,"<"&G1177)/SUMIFS(zips!$C:$C,zips!$B:$B,F1177,zips!$E:$E,">0"))	1242.0282	24.2839	=IF(I1177="","",ROUND(G1177-I1177,2))	=IF(J1177="","",ROUND(H1177-J1177,2))
Invitation Homes	5030 N 189Th Drive			85340	=IFERROR(INDEX(zips!$B:$B,MATCH(E1178,zips!$A:$A,0)),"")	=IFERROR(INDEX(zips!$E:$E,MATCH(E1178,zips!$A:$A,0)),"")	=IF(OR(F1178="",G1178=""),"",100*SUMIFS(zips!$C:$C,zips!$B:$B,F1178,zips!$E:$E,"<"&G1178)/SUMIFS(zips!$C:$C,zips!$B:$B,F1178,zips!$E:$E,">0"))	1242.0282	24.2839	=IF(I1178="","",ROUND(G1178-I1178,2))	=IF(J1178="","",ROUND(H1178-J1178,2))
Invitation Homes	5038 N 189Th Drive			85340	=IFERROR(INDEX(zips!$B:$B,MATCH(E1179,zips!$A:$A,0)),"")	=IFERROR(INDEX(zips!$E:$E,MATCH(E1179,zips!$A:$A,0)),"")	=IF(OR(F1179="",G1179=""),"",100*SUMIFS(zips!$C:$C,zips!$B:$B,F1179,zips!$E:$E,"<"&G1179)/SUMIFS(zips!$C:$C,zips!$B:$B,F1179,zips!$E:$E,">0"))	1242.0282	24.2839	=IF(I1179="","",ROUND(G1179-I1179,2))	=IF(J1179="","",ROUND(H1179-J1179,2))
Invitation Homes	5046 N 189Th Drive			85340	=IFERROR(INDEX(zips!$B:$B,MATCH(E1180,zips!$A:$A,0)),"")	=IFERROR(INDEX(zips!$E:$E,MATCH(E1180,zips!$A:$A,0)),"")	=IF(OR(F1180="",G1180=""),"",100*SUMIFS(zips!$C:$C,zips!$B:$B,F1180,zips!$E:$E,"<"&G1180)/SUMIFS(zips!$C:$C,zips!$B:$B,F1180,zips!$E:$E,">0"))	1242.0282	24.2839	=IF(I1180="","",ROUND(G1180-I1180,2))	=IF(J1180="","",ROUND(H1180-J1180,2))
Invitation Homes	5050 N 189Th Drive			85340	=IFERROR(INDEX(zips!$B:$B,MATCH(E1181,zips!$A:$A,0)),"")	=IFERROR(INDEX(zips!$E:$E,MATCH(E1181,zips!$A:$A,0)),"")	=IF(OR(F1181="",G1181=""),"",100*SUMIFS(zips!$C:$C,zips!$B:$B,F1181,zips!$E:$E,"<"&G1181)/SUMIFS(zips!$C:$C,zips!$B:$B,F1181,zips!$E:$E,">0"))	1242.0282	24.2839	=IF(I1181="","",ROUND(G1181-I1181,2))	=IF(J1181="","",ROUND(H1181-J1181,2))
Invitation Homes	5111 N 189Th Drive			85340	=IFERROR(INDEX(zips!$B:$B,MATCH(E1182,zips!$A:$A,0)),"")	=IFERROR(INDEX(zips!$E:$E,MATCH(E1182,zips!$A:$A,0)),"")	=IF(OR(F1182="",G1182=""),"",100*SUMIFS(zips!$C:$C,zips!$B:$B,F1182,zips!$E:$E,"<"&G1182)/SUMIFS(zips!$C:$C,zips!$B:$B,F1182,zips!$E:$E,">0"))	1242.0282	24.2839	=IF(I1182="","",ROUND(G1182-I1182,2))	=IF(J1182="","",ROUND(H1182-J1182,2))
Invitation Homes	5119 N 189Th Drive			85340	=IFERROR(INDEX(zips!$B:$B,MATCH(E1183,zips!$A:$A,0)),"")	=IFERROR(INDEX(zips!$E:$E,MATCH(E1183,zips!$A:$A,0)),"")	=IF(OR(F1183="",G1183=""),"",100*SUMIFS(zips!$C:$C,zips!$B:$B,F1183,zips!$E:$E,"<"&G1183)/SUMIFS(zips!$C:$C,zips!$B:$B,F1183,zips!$E:$E,">0"))	1242.0282	24.2839	=IF(I1183="","",ROUND(G1183-I1183,2))	=IF(J1183="","",ROUND(H1183-J1183,2))
Invitation Homes	18914 W Reade Ave			85340	=IFERROR(INDEX(zips!$B:$B,MATCH(E1184,zips!$A:$A,0)),"")	=IFERROR(INDEX(zips!$E:$E,MATCH(E1184,zips!$A:$A,0)),"")	=IF(OR(F1184="",G1184=""),"",100*SUMIFS(zips!$C:$C,zips!$B:$B,F1184,zips!$E:$E,"<"&G1184)/SUMIFS(zips!$C:$C,zips!$B:$B,F1184,zips!$E:$E,">0"))	1242.0282	24.2839	=IF(I1184="","",ROUND(G1184-I1184,2))	=IF(J1184="","",ROUND(H1184-J1184,2))
Invitation Homes	18908 W Reade Ave			85340	=IFERROR(INDEX(zips!$B:$B,MATCH(E1185,zips!$A:$A,0)),"")	=IFERROR(INDEX(zips!$E:$E,MATCH(E1185,zips!$A:$A,0)),"")	=IF(OR(F1185="",G1185=""),"",100*SUMIFS(zips!$C:$C,zips!$B:$B,F1185,zips!$E:$E,"<"&G1185)/SUMIFS(zips!$C:$C,zips!$B:$B,F1185,zips!$E:$E,">0"))	1242.0282	24.2839	=IF(I1185="","",ROUND(G1185-I1185,2))	=IF(J1185="","",ROUND(H1185-J1185,2))
Invitation Homes	14317 W Weldon Ave			85395	=IFERROR(INDEX(zips!$B:$B,MATCH(E1186,zips!$A:$A,0)),"")	=IFERROR(INDEX(zips!$E:$E,MATCH(E1186,zips!$A:$A,0)),"")	=IF(OR(F1186="",G1186=""),"",100*SUMIFS(zips!$C:$C,zips!$B:$B,F1186,zips!$E:$E,"<"&G1186)/SUMIFS(zips!$C:$C,zips!$B:$B,F1186,zips!$E:$E,">0"))	2082.0422	30.4961	=IF(I1186="","",ROUND(G1186-I1186,2))	=IF(J1186="","",ROUND(H1186-J1186,2))
Invitation Homes	12532 W Cercado Ln			85340	=IFERROR(INDEX(zips!$B:$B,MATCH(E1187,zips!$A:$A,0)),"")	=IFERROR(INDEX(zips!$E:$E,MATCH(E1187,zips!$A:$A,0)),"")	=IF(OR(F1187="",G1187=""),"",100*SUMIFS(zips!$C:$C,zips!$B:$B,F1187,zips!$E:$E,"<"&G1187)/SUMIFS(zips!$C:$C,zips!$B:$B,F1187,zips!$E:$E,">0"))	1242.0282	24.2839	=IF(I1187="","",ROUND(G1187-I1187,2))	=IF(J1187="","",ROUND(H1187-J1187,2))
Invitation Homes	2125 S 114Th Lane			85323	=IFERROR(INDEX(zips!$B:$B,MATCH(E1188,zips!$A:$A,0)),"")	=IFERROR(INDEX(zips!$E:$E,MATCH(E1188,zips!$A:$A,0)),"")	=IF(OR(F1188="",G1188=""),"",100*SUMIFS(zips!$C:$C,zips!$B:$B,F1188,zips!$E:$E,"<"&G1188)/SUMIFS(zips!$C:$C,zips!$B:$B,F1188,zips!$E:$E,">0"))	2627.2056	38.5105	=IF(I1188="","",ROUND(G1188-I1188,2))	=IF(J1188="","",ROUND(H1188-J1188,2))
Invitation Homes	12170 W Yavapai Ln			85323	=IFERROR(INDEX(zips!$B:$B,MATCH(E1189,zips!$A:$A,0)),"")	=IFERROR(INDEX(zips!$E:$E,MATCH(E1189,zips!$A:$A,0)),"")	=IF(OR(F1189="",G1189=""),"",100*SUMIFS(zips!$C:$C,zips!$B:$B,F1189,zips!$E:$E,"<"&G1189)/SUMIFS(zips!$C:$C,zips!$B:$B,F1189,zips!$E:$E,">0"))	2627.2056	38.5105	=IF(I1189="","",ROUND(G1189-I1189,2))	=IF(J1189="","",ROUND(H1189-J1189,2))
Invitation Homes	11322 W Hadley St			85323	=IFERROR(INDEX(zips!$B:$B,MATCH(E1190,zips!$A:$A,0)),"")	=IFERROR(INDEX(zips!$E:$E,MATCH(E1190,zips!$A:$A,0)),"")	=IF(OR(F1190="",G1190=""),"",100*SUMIFS(zips!$C:$C,zips!$B:$B,F1190,zips!$E:$E,"<"&G1190)/SUMIFS(zips!$C:$C,zips!$B:$B,F1190,zips!$E:$E,">0"))	2627.2056	38.5105	=IF(I1190="","",ROUND(G1190-I1190,2))	=IF(J1190="","",ROUND(H1190-J1190,2))
Invitation Homes	10775 W Joblanca Rd			85323	=IFERROR(INDEX(zips!$B:$B,MATCH(E1191,zips!$A:$A,0)),"")	=IFERROR(INDEX(zips!$E:$E,MATCH(E1191,zips!$A:$A,0)),"")	=IF(OR(F1191="",G1191=""),"",100*SUMIFS(zips!$C:$C,zips!$B:$B,F1191,zips!$E:$E,"<"&G1191)/SUMIFS(zips!$C:$C,zips!$B:$B,F1191,zips!$E:$E,">0"))	2627.2056	38.5105	=IF(I1191="","",ROUND(G1191-I1191,2))	=IF(J1191="","",ROUND(H1191-J1191,2))
Invitation Homes	10237 W Chipman Rd			85353	=IFERROR(INDEX(zips!$B:$B,MATCH(E1192,zips!$A:$A,0)),"")	=IFERROR(INDEX(zips!$E:$E,MATCH(E1192,zips!$A:$A,0)),"")	=IF(OR(F1192="",G1192=""),"",100*SUMIFS(zips!$C:$C,zips!$B:$B,F1192,zips!$E:$E,"<"&G1192)/SUMIFS(zips!$C:$C,zips!$B:$B,F1192,zips!$E:$E,">0"))	2086.8698	31.2808	=IF(I1192="","",ROUND(G1192-I1192,2))	=IF(J1192="","",ROUND(H1192-J1192,2))
Invitation Homes	10136 W Williams St			85353	=IFERROR(INDEX(zips!$B:$B,MATCH(E1193,zips!$A:$A,0)),"")	=IFERROR(INDEX(zips!$E:$E,MATCH(E1193,zips!$A:$A,0)),"")	=IF(OR(F1193="",G1193=""),"",100*SUMIFS(zips!$C:$C,zips!$B:$B,F1193,zips!$E:$E,"<"&G1193)/SUMIFS(zips!$C:$C,zips!$B:$B,F1193,zips!$E:$E,">0"))	2086.8698	31.2808	=IF(I1193="","",ROUND(G1193-I1193,2))	=IF(J1193="","",ROUND(H1193-J1193,2))
Invitation Homes	10002 W Crown King Road			85353	=IFERROR(INDEX(zips!$B:$B,MATCH(E1194,zips!$A:$A,0)),"")	=IFERROR(INDEX(zips!$E:$E,MATCH(E1194,zips!$A:$A,0)),"")	=IF(OR(F1194="",G1194=""),"",100*SUMIFS(zips!$C:$C,zips!$B:$B,F1194,zips!$E:$E,"<"&G1194)/SUMIFS(zips!$C:$C,zips!$B:$B,F1194,zips!$E:$E,">0"))	2086.8698	31.2808	=IF(I1194="","",ROUND(G1194-I1194,2))	=IF(J1194="","",ROUND(H1194-J1194,2))
Invitation Homes	3122 S 93Rd Ln			85353	=IFERROR(INDEX(zips!$B:$B,MATCH(E1195,zips!$A:$A,0)),"")	=IFERROR(INDEX(zips!$E:$E,MATCH(E1195,zips!$A:$A,0)),"")	=IF(OR(F1195="",G1195=""),"",100*SUMIFS(zips!$C:$C,zips!$B:$B,F1195,zips!$E:$E,"<"&G1195)/SUMIFS(zips!$C:$C,zips!$B:$B,F1195,zips!$E:$E,">0"))	2086.8698	31.2808	=IF(I1195="","",ROUND(G1195-I1195,2))	=IF(J1195="","",ROUND(H1195-J1195,2))
Invitation Homes	9327 W Williams St			85353	=IFERROR(INDEX(zips!$B:$B,MATCH(E1196,zips!$A:$A,0)),"")	=IFERROR(INDEX(zips!$E:$E,MATCH(E1196,zips!$A:$A,0)),"")	=IF(OR(F1196="",G1196=""),"",100*SUMIFS(zips!$C:$C,zips!$B:$B,F1196,zips!$E:$E,"<"&G1196)/SUMIFS(zips!$C:$C,zips!$B:$B,F1196,zips!$E:$E,">0"))	2086.8698	31.2808	=IF(I1196="","",ROUND(G1196-I1196,2))	=IF(J1196="","",ROUND(H1196-J1196,2))
Invitation Homes	8421 W Miami St			85353	=IFERROR(INDEX(zips!$B:$B,MATCH(E1197,zips!$A:$A,0)),"")	=IFERROR(INDEX(zips!$E:$E,MATCH(E1197,zips!$A:$A,0)),"")	=IF(OR(F1197="",G1197=""),"",100*SUMIFS(zips!$C:$C,zips!$B:$B,F1197,zips!$E:$E,"<"&G1197)/SUMIFS(zips!$C:$C,zips!$B:$B,F1197,zips!$E:$E,">0"))	2086.8698	31.2808	=IF(I1197="","",ROUND(G1197-I1197,2))	=IF(J1197="","",ROUND(H1197-J1197,2))
Invitation Homes	9022 W Toronto Way			85353	=IFERROR(INDEX(zips!$B:$B,MATCH(E1198,zips!$A:$A,0)),"")	=IFERROR(INDEX(zips!$E:$E,MATCH(E1198,zips!$A:$A,0)),"")	=IF(OR(F1198="",G1198=""),"",100*SUMIFS(zips!$C:$C,zips!$B:$B,F1198,zips!$E:$E,"<"&G1198)/SUMIFS(zips!$C:$C,zips!$B:$B,F1198,zips!$E:$E,">0"))	2086.8698	31.2808	=IF(I1198="","",ROUND(G1198-I1198,2))	=IF(J1198="","",ROUND(H1198-J1198,2))
Invitation Homes	2258 S 88 Drive			85353	=IFERROR(INDEX(zips!$B:$B,MATCH(E1199,zips!$A:$A,0)),"")	=IFERROR(INDEX(zips!$E:$E,MATCH(E1199,zips!$A:$A,0)),"")	=IF(OR(F1199="",G1199=""),"",100*SUMIFS(zips!$C:$C,zips!$B:$B,F1199,zips!$E:$E,"<"&G1199)/SUMIFS(zips!$C:$C,zips!$B:$B,F1199,zips!$E:$E,">0"))	2086.8698	31.2808	=IF(I1199="","",ROUND(G1199-I1199,2))	=IF(J1199="","",ROUND(H1199-J1199,2))
Invitation Homes	217 N 107Th Dr			85323	=IFERROR(INDEX(zips!$B:$B,MATCH(E1200,zips!$A:$A,0)),"")	=IFERROR(INDEX(zips!$E:$E,MATCH(E1200,zips!$A:$A,0)),"")	=IF(OR(F1200="",G1200=""),"",100*SUMIFS(zips!$C:$C,zips!$B:$B,F1200,zips!$E:$E,"<"&G1200)/SUMIFS(zips!$C:$C,zips!$B:$B,F1200,zips!$E:$E,">0"))	2627.2056	38.5105	=IF(I1200="","",ROUND(G1200-I1200,2))	=IF(J1200="","",ROUND(H1200-J1200,2))
Invitation Homes	1850 N 120Th Drive			85392	=IFERROR(INDEX(zips!$B:$B,MATCH(E1201,zips!$A:$A,0)),"")	=IFERROR(INDEX(zips!$E:$E,MATCH(E1201,zips!$A:$A,0)),"")	=IF(OR(F1201="",G1201=""),"",100*SUMIFS(zips!$C:$C,zips!$B:$B,F1201,zips!$E:$E,"<"&G1201)/SUMIFS(zips!$C:$C,zips!$B:$B,F1201,zips!$E:$E,">0"))	4036.1371	57.6708	=IF(I1201="","",ROUND(G1201-I1201,2))	=IF(J1201="","",ROUND(H1201-J1201,2))
Invitation Homes	10613 West La Reata Ave			85392	=IFERROR(INDEX(zips!$B:$B,MATCH(E1202,zips!$A:$A,0)),"")	=IFERROR(INDEX(zips!$E:$E,MATCH(E1202,zips!$A:$A,0)),"")	=IF(OR(F1202="",G1202=""),"",100*SUMIFS(zips!$C:$C,zips!$B:$B,F1202,zips!$E:$E,"<"&G1202)/SUMIFS(zips!$C:$C,zips!$B:$B,F1202,zips!$E:$E,">0"))	4036.1371	57.6708	=IF(I1202="","",ROUND(G1202-I1202,2))	=IF(J1202="","",ROUND(H1202-J1202,2))
Invitation Homes	8554 W Holly St			85037	=IFERROR(INDEX(zips!$B:$B,MATCH(E1203,zips!$A:$A,0)),"")	=IFERROR(INDEX(zips!$E:$E,MATCH(E1203,zips!$A:$A,0)),"")	=IF(OR(F1203="",G1203=""),"",100*SUMIFS(zips!$C:$C,zips!$B:$B,F1203,zips!$E:$E,"<"&G1203)/SUMIFS(zips!$C:$C,zips!$B:$B,F1203,zips!$E:$E,">0"))	6486.6088	88.8136	=IF(I1203="","",ROUND(G1203-I1203,2))	=IF(J1203="","",ROUND(H1203-J1203,2))
Invitation Homes	8329 W Lewis Ave			85037	=IFERROR(INDEX(zips!$B:$B,MATCH(E1204,zips!$A:$A,0)),"")	=IFERROR(INDEX(zips!$E:$E,MATCH(E1204,zips!$A:$A,0)),"")	=IF(OR(F1204="",G1204=""),"",100*SUMIFS(zips!$C:$C,zips!$B:$B,F1204,zips!$E:$E,"<"&G1204)/SUMIFS(zips!$C:$C,zips!$B:$B,F1204,zips!$E:$E,">0"))	6486.6088	88.8136	=IF(I1204="","",ROUND(G1204-I1204,2))	=IF(J1204="","",ROUND(H1204-J1204,2))
Invitation Homes	3068 N 87Th Ave			85037	=IFERROR(INDEX(zips!$B:$B,MATCH(E1205,zips!$A:$A,0)),"")	=IFERROR(INDEX(zips!$E:$E,MATCH(E1205,zips!$A:$A,0)),"")	=IF(OR(F1205="",G1205=""),"",100*SUMIFS(zips!$C:$C,zips!$B:$B,F1205,zips!$E:$E,"<"&G1205)/SUMIFS(zips!$C:$C,zips!$B:$B,F1205,zips!$E:$E,">0"))	6486.6088	88.8136	=IF(I1205="","",ROUND(G1205-I1205,2))	=IF(J1205="","",ROUND(H1205-J1205,2))
Invitation Homes	6309 W Nez Perce Street			85043	=IFERROR(INDEX(zips!$B:$B,MATCH(E1206,zips!$A:$A,0)),"")	=IFERROR(INDEX(zips!$E:$E,MATCH(E1206,zips!$A:$A,0)),"")	=IF(OR(F1206="",G1206=""),"",100*SUMIFS(zips!$C:$C,zips!$B:$B,F1206,zips!$E:$E,"<"&G1206)/SUMIFS(zips!$C:$C,zips!$B:$B,F1206,zips!$E:$E,">0"))	1950.1182	29.6932	=IF(I1206="","",ROUND(G1206-I1206,2))	=IF(J1206="","",ROUND(H1206-J1206,2))
Invitation Homes	3927 S 53Rd Drive			85043	=IFERROR(INDEX(zips!$B:$B,MATCH(E1207,zips!$A:$A,0)),"")	=IFERROR(INDEX(zips!$E:$E,MATCH(E1207,zips!$A:$A,0)),"")	=IF(OR(F1207="",G1207=""),"",100*SUMIFS(zips!$C:$C,zips!$B:$B,F1207,zips!$E:$E,"<"&G1207)/SUMIFS(zips!$C:$C,zips!$B:$B,F1207,zips!$E:$E,">0"))	1950.1182	29.6932	=IF(I1207="","",ROUND(G1207-I1207,2))	=IF(J1207="","",ROUND(H1207-J1207,2))
Invitation Homes	116 N 66Th Ln			85043	=IFERROR(INDEX(zips!$B:$B,MATCH(E1208,zips!$A:$A,0)),"")	=IFERROR(INDEX(zips!$E:$E,MATCH(E1208,zips!$A:$A,0)),"")	=IF(OR(F1208="",G1208=""),"",100*SUMIFS(zips!$C:$C,zips!$B:$B,F1208,zips!$E:$E,"<"&G1208)/SUMIFS(zips!$C:$C,zips!$B:$B,F1208,zips!$E:$E,">0"))	1950.1182	29.6932	=IF(I1208="","",ROUND(G1208-I1208,2))	=IF(J1208="","",ROUND(H1208-J1208,2))
Invitation Homes	6928 W Garfield St			85043	=IFERROR(INDEX(zips!$B:$B,MATCH(E1209,zips!$A:$A,0)),"")	=IFERROR(INDEX(zips!$E:$E,MATCH(E1209,zips!$A:$A,0)),"")	=IF(OR(F1209="",G1209=""),"",100*SUMIFS(zips!$C:$C,zips!$B:$B,F1209,zips!$E:$E,"<"&G1209)/SUMIFS(zips!$C:$C,zips!$B:$B,F1209,zips!$E:$E,">0"))	1950.1182	29.6932	=IF(I1209="","",ROUND(G1209-I1209,2))	=IF(J1209="","",ROUND(H1209-J1209,2))
Invitation Homes	6542 W Granada Road			85035	=IFERROR(INDEX(zips!$B:$B,MATCH(E1210,zips!$A:$A,0)),"")	=IFERROR(INDEX(zips!$E:$E,MATCH(E1210,zips!$A:$A,0)),"")	=IF(OR(F1210="",G1210=""),"",100*SUMIFS(zips!$C:$C,zips!$B:$B,F1210,zips!$E:$E,"<"&G1210)/SUMIFS(zips!$C:$C,zips!$B:$B,F1210,zips!$E:$E,">0"))	9292.7091	97.765	=IF(I1210="","",ROUND(G1210-I1210,2))	=IF(J1210="","",ROUND(H1210-J1210,2))
Invitation Homes	10467 W Sunflower Pl			85392	=IFERROR(INDEX(zips!$B:$B,MATCH(E1211,zips!$A:$A,0)),"")	=IFERROR(INDEX(zips!$E:$E,MATCH(E1211,zips!$A:$A,0)),"")	=IF(OR(F1211="",G1211=""),"",100*SUMIFS(zips!$C:$C,zips!$B:$B,F1211,zips!$E:$E,"<"&G1211)/SUMIFS(zips!$C:$C,zips!$B:$B,F1211,zips!$E:$E,">0"))	4036.1371	57.6708	=IF(I1211="","",ROUND(G1211-I1211,2))	=IF(J1211="","",ROUND(H1211-J1211,2))
Invitation Homes	8437 W Turney Ave			85037	=IFERROR(INDEX(zips!$B:$B,MATCH(E1212,zips!$A:$A,0)),"")	=IFERROR(INDEX(zips!$E:$E,MATCH(E1212,zips!$A:$A,0)),"")	=IF(OR(F1212="",G1212=""),"",100*SUMIFS(zips!$C:$C,zips!$B:$B,F1212,zips!$E:$E,"<"&G1212)/SUMIFS(zips!$C:$C,zips!$B:$B,F1212,zips!$E:$E,">0"))	6486.6088	88.8136	=IF(I1212="","",ROUND(G1212-I1212,2))	=IF(J1212="","",ROUND(H1212-J1212,2))
Invitation Homes	8544 W Elm St			85037	=IFERROR(INDEX(zips!$B:$B,MATCH(E1213,zips!$A:$A,0)),"")	=IFERROR(INDEX(zips!$E:$E,MATCH(E1213,zips!$A:$A,0)),"")	=IF(OR(F1213="",G1213=""),"",100*SUMIFS(zips!$C:$C,zips!$B:$B,F1213,zips!$E:$E,"<"&G1213)/SUMIFS(zips!$C:$C,zips!$B:$B,F1213,zips!$E:$E,">0"))	6486.6088	88.8136	=IF(I1213="","",ROUND(G1213-I1213,2))	=IF(J1213="","",ROUND(H1213-J1213,2))
Invitation Homes	11354 W Ruth Ave			85345	=IFERROR(INDEX(zips!$B:$B,MATCH(E1214,zips!$A:$A,0)),"")	=IFERROR(INDEX(zips!$E:$E,MATCH(E1214,zips!$A:$A,0)),"")	=IF(OR(F1214="",G1214=""),"",100*SUMIFS(zips!$C:$C,zips!$B:$B,F1214,zips!$E:$E,"<"&G1214)/SUMIFS(zips!$C:$C,zips!$B:$B,F1214,zips!$E:$E,">0"))	4872.0939	69.3771	=IF(I1214="","",ROUND(G1214-I1214,2))	=IF(J1214="","",ROUND(H1214-J1214,2))
Invitation Homes	8672 N 110Th Ave			85345	=IFERROR(INDEX(zips!$B:$B,MATCH(E1215,zips!$A:$A,0)),"")	=IFERROR(INDEX(zips!$E:$E,MATCH(E1215,zips!$A:$A,0)),"")	=IF(OR(F1215="",G1215=""),"",100*SUMIFS(zips!$C:$C,zips!$B:$B,F1215,zips!$E:$E,"<"&G1215)/SUMIFS(zips!$C:$C,zips!$B:$B,F1215,zips!$E:$E,">0"))	4872.0939	69.3771	=IF(I1215="","",ROUND(G1215-I1215,2))	=IF(J1215="","",ROUND(H1215-J1215,2))
Invitation Homes	10504 W Griswold Rd			85345	=IFERROR(INDEX(zips!$B:$B,MATCH(E1216,zips!$A:$A,0)),"")	=IFERROR(INDEX(zips!$E:$E,MATCH(E1216,zips!$A:$A,0)),"")	=IF(OR(F1216="",G1216=""),"",100*SUMIFS(zips!$C:$C,zips!$B:$B,F1216,zips!$E:$E,"<"&G1216)/SUMIFS(zips!$C:$C,zips!$B:$B,F1216,zips!$E:$E,">0"))	4872.0939	69.3771	=IF(I1216="","",ROUND(G1216-I1216,2))	=IF(J1216="","",ROUND(H1216-J1216,2))
Invitation Homes	8826 W Lamar Rd			85305	=IFERROR(INDEX(zips!$B:$B,MATCH(E1217,zips!$A:$A,0)),"")	=IFERROR(INDEX(zips!$E:$E,MATCH(E1217,zips!$A:$A,0)),"")	=IF(OR(F1217="",G1217=""),"",100*SUMIFS(zips!$C:$C,zips!$B:$B,F1217,zips!$E:$E,"<"&G1217)/SUMIFS(zips!$C:$C,zips!$B:$B,F1217,zips!$E:$E,">0"))	2686.9494	39.4554	=IF(I1217="","",ROUND(G1217-I1217,2))	=IF(J1217="","",ROUND(H1217-J1217,2))
Invitation Homes	9626 W Mission Ln			85345	=IFERROR(INDEX(zips!$B:$B,MATCH(E1218,zips!$A:$A,0)),"")	=IFERROR(INDEX(zips!$E:$E,MATCH(E1218,zips!$A:$A,0)),"")	=IF(OR(F1218="",G1218=""),"",100*SUMIFS(zips!$C:$C,zips!$B:$B,F1218,zips!$E:$E,"<"&G1218)/SUMIFS(zips!$C:$C,zips!$B:$B,F1218,zips!$E:$E,">0"))	4872.0939	69.3771	=IF(I1218="","",ROUND(G1218-I1218,2))	=IF(J1218="","",ROUND(H1218-J1218,2))
Invitation Homes	8182 N 88Th Ln			85345	=IFERROR(INDEX(zips!$B:$B,MATCH(E1219,zips!$A:$A,0)),"")	=IFERROR(INDEX(zips!$E:$E,MATCH(E1219,zips!$A:$A,0)),"")	=IF(OR(F1219="",G1219=""),"",100*SUMIFS(zips!$C:$C,zips!$B:$B,F1219,zips!$E:$E,"<"&G1219)/SUMIFS(zips!$C:$C,zips!$B:$B,F1219,zips!$E:$E,">0"))	4872.0939	69.3771	=IF(I1219="","",ROUND(G1219-I1219,2))	=IF(J1219="","",ROUND(H1219-J1219,2))
Invitation Homes	4131 N 74Th Dr			85033	=IFERROR(INDEX(zips!$B:$B,MATCH(E1220,zips!$A:$A,0)),"")	=IFERROR(INDEX(zips!$E:$E,MATCH(E1220,zips!$A:$A,0)),"")	=IF(OR(F1220="",G1220=""),"",100*SUMIFS(zips!$C:$C,zips!$B:$B,F1220,zips!$E:$E,"<"&G1220)/SUMIFS(zips!$C:$C,zips!$B:$B,F1220,zips!$E:$E,">0"))	9518.4701	98.8193	=IF(I1220="","",ROUND(G1220-I1220,2))	=IF(J1220="","",ROUND(H1220-J1220,2))
Invitation Homes	7625 W Turney Ave			85033	=IFERROR(INDEX(zips!$B:$B,MATCH(E1221,zips!$A:$A,0)),"")	=IFERROR(INDEX(zips!$E:$E,MATCH(E1221,zips!$A:$A,0)),"")	=IF(OR(F1221="",G1221=""),"",100*SUMIFS(zips!$C:$C,zips!$B:$B,F1221,zips!$E:$E,"<"&G1221)/SUMIFS(zips!$C:$C,zips!$B:$B,F1221,zips!$E:$E,">0"))	9518.4701	98.8193	=IF(I1221="","",ROUND(G1221-I1221,2))	=IF(J1221="","",ROUND(H1221-J1221,2))
Invitation Homes	6939 W San Miguel Ave			85303	=IFERROR(INDEX(zips!$B:$B,MATCH(E1222,zips!$A:$A,0)),"")	=IFERROR(INDEX(zips!$E:$E,MATCH(E1222,zips!$A:$A,0)),"")	=IF(OR(F1222="",G1222=""),"",100*SUMIFS(zips!$C:$C,zips!$B:$B,F1222,zips!$E:$E,"<"&G1222)/SUMIFS(zips!$C:$C,zips!$B:$B,F1222,zips!$E:$E,">0"))	5145.6268	72.715	=IF(I1222="","",ROUND(G1222-I1222,2))	=IF(J1222="","",ROUND(H1222-J1222,2))
Invitation Homes	5031 N 65Th Avenue			85301	=IFERROR(INDEX(zips!$B:$B,MATCH(E1223,zips!$A:$A,0)),"")	=IFERROR(INDEX(zips!$E:$E,MATCH(E1223,zips!$A:$A,0)),"")	=IF(OR(F1223="",G1223=""),"",100*SUMIFS(zips!$C:$C,zips!$B:$B,F1223,zips!$E:$E,"<"&G1223)/SUMIFS(zips!$C:$C,zips!$B:$B,F1223,zips!$E:$E,">0"))	7191.7955	93.4787	=IF(I1223="","",ROUND(G1223-I1223,2))	=IF(J1223="","",ROUND(H1223-J1223,2))
Invitation Homes	7149 W Cavalier Dr			85303	=IFERROR(INDEX(zips!$B:$B,MATCH(E1224,zips!$A:$A,0)),"")	=IFERROR(INDEX(zips!$E:$E,MATCH(E1224,zips!$A:$A,0)),"")	=IF(OR(F1224="",G1224=""),"",100*SUMIFS(zips!$C:$C,zips!$B:$B,F1224,zips!$E:$E,"<"&G1224)/SUMIFS(zips!$C:$C,zips!$B:$B,F1224,zips!$E:$E,">0"))	5145.6268	72.715	=IF(I1224="","",ROUND(G1224-I1224,2))	=IF(J1224="","",ROUND(H1224-J1224,2))
Invitation Homes	6408 W Keim Dr			85301	=IFERROR(INDEX(zips!$B:$B,MATCH(E1225,zips!$A:$A,0)),"")	=IFERROR(INDEX(zips!$E:$E,MATCH(E1225,zips!$A:$A,0)),"")	=IF(OR(F1225="",G1225=""),"",100*SUMIFS(zips!$C:$C,zips!$B:$B,F1225,zips!$E:$E,"<"&G1225)/SUMIFS(zips!$C:$C,zips!$B:$B,F1225,zips!$E:$E,">0"))	7191.7955	93.4787	=IF(I1225="","",ROUND(G1225-I1225,2))	=IF(J1225="","",ROUND(H1225-J1225,2))
Invitation Homes	7005 N 76Th Dr			85303	=IFERROR(INDEX(zips!$B:$B,MATCH(E1226,zips!$A:$A,0)),"")	=IFERROR(INDEX(zips!$E:$E,MATCH(E1226,zips!$A:$A,0)),"")	=IF(OR(F1226="",G1226=""),"",100*SUMIFS(zips!$C:$C,zips!$B:$B,F1226,zips!$E:$E,"<"&G1226)/SUMIFS(zips!$C:$C,zips!$B:$B,F1226,zips!$E:$E,">0"))	5145.6268	72.715	=IF(I1226="","",ROUND(G1226-I1226,2))	=IF(J1226="","",ROUND(H1226-J1226,2))
Invitation Homes	6960 W Cactus Wren Dr			85303	=IFERROR(INDEX(zips!$B:$B,MATCH(E1227,zips!$A:$A,0)),"")	=IFERROR(INDEX(zips!$E:$E,MATCH(E1227,zips!$A:$A,0)),"")	=IF(OR(F1227="",G1227=""),"",100*SUMIFS(zips!$C:$C,zips!$B:$B,F1227,zips!$E:$E,"<"&G1227)/SUMIFS(zips!$C:$C,zips!$B:$B,F1227,zips!$E:$E,">0"))	5145.6268	72.715	=IF(I1227="","",ROUND(G1227-I1227,2))	=IF(J1227="","",ROUND(H1227-J1227,2))
Invitation Homes	7349 N 70Th Dr			85303	=IFERROR(INDEX(zips!$B:$B,MATCH(E1228,zips!$A:$A,0)),"")	=IFERROR(INDEX(zips!$E:$E,MATCH(E1228,zips!$A:$A,0)),"")	=IF(OR(F1228="",G1228=""),"",100*SUMIFS(zips!$C:$C,zips!$B:$B,F1228,zips!$E:$E,"<"&G1228)/SUMIFS(zips!$C:$C,zips!$B:$B,F1228,zips!$E:$E,">0"))	5145.6268	72.715	=IF(I1228="","",ROUND(G1228-I1228,2))	=IF(J1228="","",ROUND(H1228-J1228,2))
Invitation Homes	4803 W Gardenia Ave			85301	=IFERROR(INDEX(zips!$B:$B,MATCH(E1229,zips!$A:$A,0)),"")	=IFERROR(INDEX(zips!$E:$E,MATCH(E1229,zips!$A:$A,0)),"")	=IF(OR(F1229="",G1229=""),"",100*SUMIFS(zips!$C:$C,zips!$B:$B,F1229,zips!$E:$E,"<"&G1229)/SUMIFS(zips!$C:$C,zips!$B:$B,F1229,zips!$E:$E,">0"))	7191.7955	93.4787	=IF(I1229="","",ROUND(G1229-I1229,2))	=IF(J1229="","",ROUND(H1229-J1229,2))
Invitation Homes	5653 W Desert Jewel Dr			85302	=IFERROR(INDEX(zips!$B:$B,MATCH(E1230,zips!$A:$A,0)),"")	=IFERROR(INDEX(zips!$E:$E,MATCH(E1230,zips!$A:$A,0)),"")	=IF(OR(F1230="",G1230=""),"",100*SUMIFS(zips!$C:$C,zips!$B:$B,F1230,zips!$E:$E,"<"&G1230)/SUMIFS(zips!$C:$C,zips!$B:$B,F1230,zips!$E:$E,">0"))	6709.1998	91.7388	=IF(I1230="","",ROUND(G1230-I1230,2))	=IF(J1230="","",ROUND(H1230-J1230,2))
Invitation Homes	5320 W Barbara Ave			85302	=IFERROR(INDEX(zips!$B:$B,MATCH(E1231,zips!$A:$A,0)),"")	=IFERROR(INDEX(zips!$E:$E,MATCH(E1231,zips!$A:$A,0)),"")	=IF(OR(F1231="",G1231=""),"",100*SUMIFS(zips!$C:$C,zips!$B:$B,F1231,zips!$E:$E,"<"&G1231)/SUMIFS(zips!$C:$C,zips!$B:$B,F1231,zips!$E:$E,">0"))	6709.1998	91.7388	=IF(I1231="","",ROUND(G1231-I1231,2))	=IF(J1231="","",ROUND(H1231-J1231,2))
Invitation Homes	4844 W Townley Avenue			85302	=IFERROR(INDEX(zips!$B:$B,MATCH(E1232,zips!$A:$A,0)),"")	=IFERROR(INDEX(zips!$E:$E,MATCH(E1232,zips!$A:$A,0)),"")	=IF(OR(F1232="",G1232=""),"",100*SUMIFS(zips!$C:$C,zips!$B:$B,F1232,zips!$E:$E,"<"&G1232)/SUMIFS(zips!$C:$C,zips!$B:$B,F1232,zips!$E:$E,">0"))	6709.1998	91.7388	=IF(I1232="","",ROUND(G1232-I1232,2))	=IF(J1232="","",ROUND(H1232-J1232,2))
Invitation Homes	16604 W Sierra St			85388	=IFERROR(INDEX(zips!$B:$B,MATCH(E1233,zips!$A:$A,0)),"")	=IFERROR(INDEX(zips!$E:$E,MATCH(E1233,zips!$A:$A,0)),"")	=IF(OR(F1233="",G1233=""),"",100*SUMIFS(zips!$C:$C,zips!$B:$B,F1233,zips!$E:$E,"<"&G1233)/SUMIFS(zips!$C:$C,zips!$B:$B,F1233,zips!$E:$E,">0"))	2725.0292	39.7894	=IF(I1233="","",ROUND(G1233-I1233,2))	=IF(J1233="","",ROUND(H1233-J1233,2))
Invitation Homes	17744 W Calavar Rd			85388	=IFERROR(INDEX(zips!$B:$B,MATCH(E1234,zips!$A:$A,0)),"")	=IFERROR(INDEX(zips!$E:$E,MATCH(E1234,zips!$A:$A,0)),"")	=IF(OR(F1234="",G1234=""),"",100*SUMIFS(zips!$C:$C,zips!$B:$B,F1234,zips!$E:$E,"<"&G1234)/SUMIFS(zips!$C:$C,zips!$B:$B,F1234,zips!$E:$E,">0"))	2725.0292	39.7894	=IF(I1234="","",ROUND(G1234-I1234,2))	=IF(J1234="","",ROUND(H1234-J1234,2))
Invitation Homes	17617 W Voltaire St			85388	=IFERROR(INDEX(zips!$B:$B,MATCH(E1235,zips!$A:$A,0)),"")	=IFERROR(INDEX(zips!$E:$E,MATCH(E1235,zips!$A:$A,0)),"")	=IF(OR(F1235="",G1235=""),"",100*SUMIFS(zips!$C:$C,zips!$B:$B,F1235,zips!$E:$E,"<"&G1235)/SUMIFS(zips!$C:$C,zips!$B:$B,F1235,zips!$E:$E,">0"))	2725.0292	39.7894	=IF(I1235="","",ROUND(G1235-I1235,2))	=IF(J1235="","",ROUND(H1235-J1235,2))
Invitation Homes	17838 W Ventura St			85388	=IFERROR(INDEX(zips!$B:$B,MATCH(E1236,zips!$A:$A,0)),"")	=IFERROR(INDEX(zips!$E:$E,MATCH(E1236,zips!$A:$A,0)),"")	=IF(OR(F1236="",G1236=""),"",100*SUMIFS(zips!$C:$C,zips!$B:$B,F1236,zips!$E:$E,"<"&G1236)/SUMIFS(zips!$C:$C,zips!$B:$B,F1236,zips!$E:$E,">0"))	2725.0292	39.7894	=IF(I1236="","",ROUND(G1236-I1236,2))	=IF(J1236="","",ROUND(H1236-J1236,2))
Invitation Homes	17762 W Watson Ln			85388	=IFERROR(INDEX(zips!$B:$B,MATCH(E1237,zips!$A:$A,0)),"")	=IFERROR(INDEX(zips!$E:$E,MATCH(E1237,zips!$A:$A,0)),"")	=IF(OR(F1237="",G1237=""),"",100*SUMIFS(zips!$C:$C,zips!$B:$B,F1237,zips!$E:$E,"<"&G1237)/SUMIFS(zips!$C:$C,zips!$B:$B,F1237,zips!$E:$E,">0"))	2725.0292	39.7894	=IF(I1237="","",ROUND(G1237-I1237,2))	=IF(J1237="","",ROUND(H1237-J1237,2))
Invitation Homes	18553 W Mariposa Dr			85374	=IFERROR(INDEX(zips!$B:$B,MATCH(E1238,zips!$A:$A,0)),"")	=IFERROR(INDEX(zips!$E:$E,MATCH(E1238,zips!$A:$A,0)),"")	=IF(OR(F1238="",G1238=""),"",100*SUMIFS(zips!$C:$C,zips!$B:$B,F1238,zips!$E:$E,"<"&G1238)/SUMIFS(zips!$C:$C,zips!$B:$B,F1238,zips!$E:$E,">0"))	3203.3633	44.5861	=IF(I1238="","",ROUND(G1238-I1238,2))	=IF(J1238="","",ROUND(H1238-J1238,2))
Invitation Homes	17774 W Carmen Dr			85388	=IFERROR(INDEX(zips!$B:$B,MATCH(E1239,zips!$A:$A,0)),"")	=IFERROR(INDEX(zips!$E:$E,MATCH(E1239,zips!$A:$A,0)),"")	=IF(OR(F1239="",G1239=""),"",100*SUMIFS(zips!$C:$C,zips!$B:$B,F1239,zips!$E:$E,"<"&G1239)/SUMIFS(zips!$C:$C,zips!$B:$B,F1239,zips!$E:$E,">0"))	2725.0292	39.7894	=IF(I1239="","",ROUND(G1239-I1239,2))	=IF(J1239="","",ROUND(H1239-J1239,2))
Invitation Homes	17291 N 184Th Drive			85374	=IFERROR(INDEX(zips!$B:$B,MATCH(E1240,zips!$A:$A,0)),"")	=IFERROR(INDEX(zips!$E:$E,MATCH(E1240,zips!$A:$A,0)),"")	=IF(OR(F1240="",G1240=""),"",100*SUMIFS(zips!$C:$C,zips!$B:$B,F1240,zips!$E:$E,"<"&G1240)/SUMIFS(zips!$C:$C,zips!$B:$B,F1240,zips!$E:$E,">0"))	3203.3633	44.5861	=IF(I1240="","",ROUND(G1240-I1240,2))	=IF(J1240="","",ROUND(H1240-J1240,2))
Invitation Homes	17026 W Stevenage St			85374	=IFERROR(INDEX(zips!$B:$B,MATCH(E1241,zips!$A:$A,0)),"")	=IFERROR(INDEX(zips!$E:$E,MATCH(E1241,zips!$A:$A,0)),"")	=IF(OR(F1241="",G1241=""),"",100*SUMIFS(zips!$C:$C,zips!$B:$B,F1241,zips!$E:$E,"<"&G1241)/SUMIFS(zips!$C:$C,zips!$B:$B,F1241,zips!$E:$E,">0"))	3203.3633	44.5861	=IF(I1241="","",ROUND(G1241-I1241,2))	=IF(J1241="","",ROUND(H1241-J1241,2))
Invitation Homes	15444 W Cortez St			85379	=IFERROR(INDEX(zips!$B:$B,MATCH(E1242,zips!$A:$A,0)),"")	=IFERROR(INDEX(zips!$E:$E,MATCH(E1242,zips!$A:$A,0)),"")	=IF(OR(F1242="",G1242=""),"",100*SUMIFS(zips!$C:$C,zips!$B:$B,F1242,zips!$E:$E,"<"&G1242)/SUMIFS(zips!$C:$C,zips!$B:$B,F1242,zips!$E:$E,">0"))	4629.9572	66.8993	=IF(I1242="","",ROUND(G1242-I1242,2))	=IF(J1242="","",ROUND(H1242-J1242,2))
Invitation Homes	15120 W Mercer Ln			85379	=IFERROR(INDEX(zips!$B:$B,MATCH(E1243,zips!$A:$A,0)),"")	=IFERROR(INDEX(zips!$E:$E,MATCH(E1243,zips!$A:$A,0)),"")	=IF(OR(F1243="",G1243=""),"",100*SUMIFS(zips!$C:$C,zips!$B:$B,F1243,zips!$E:$E,"<"&G1243)/SUMIFS(zips!$C:$C,zips!$B:$B,F1243,zips!$E:$E,">0"))	4629.9572	66.8993	=IF(I1243="","",ROUND(G1243-I1243,2))	=IF(J1243="","",ROUND(H1243-J1243,2))
Invitation Homes	13310 N 149Th Ave			85379	=IFERROR(INDEX(zips!$B:$B,MATCH(E1244,zips!$A:$A,0)),"")	=IFERROR(INDEX(zips!$E:$E,MATCH(E1244,zips!$A:$A,0)),"")	=IF(OR(F1244="",G1244=""),"",100*SUMIFS(zips!$C:$C,zips!$B:$B,F1244,zips!$E:$E,"<"&G1244)/SUMIFS(zips!$C:$C,zips!$B:$B,F1244,zips!$E:$E,">0"))	4629.9572	66.8993	=IF(I1244="","",ROUND(G1244-I1244,2))	=IF(J1244="","",ROUND(H1244-J1244,2))
Invitation Homes	14758 W Columbine Drive			85379	=IFERROR(INDEX(zips!$B:$B,MATCH(E1245,zips!$A:$A,0)),"")	=IFERROR(INDEX(zips!$E:$E,MATCH(E1245,zips!$A:$A,0)),"")	=IF(OR(F1245="",G1245=""),"",100*SUMIFS(zips!$C:$C,zips!$B:$B,F1245,zips!$E:$E,"<"&G1245)/SUMIFS(zips!$C:$C,zips!$B:$B,F1245,zips!$E:$E,">0"))	4629.9572	66.8993	=IF(I1245="","",ROUND(G1245-I1245,2))	=IF(J1245="","",ROUND(H1245-J1245,2))
Invitation Homes	15322 W Boca Raton Rd			85379	=IFERROR(INDEX(zips!$B:$B,MATCH(E1246,zips!$A:$A,0)),"")	=IFERROR(INDEX(zips!$E:$E,MATCH(E1246,zips!$A:$A,0)),"")	=IF(OR(F1246="",G1246=""),"",100*SUMIFS(zips!$C:$C,zips!$B:$B,F1246,zips!$E:$E,"<"&G1246)/SUMIFS(zips!$C:$C,zips!$B:$B,F1246,zips!$E:$E,">0"))	4629.9572	66.8993	=IF(I1246="","",ROUND(G1246-I1246,2))	=IF(J1246="","",ROUND(H1246-J1246,2))
Invitation Homes	14682 W Mandalay Ln			85379	=IFERROR(INDEX(zips!$B:$B,MATCH(E1247,zips!$A:$A,0)),"")	=IFERROR(INDEX(zips!$E:$E,MATCH(E1247,zips!$A:$A,0)),"")	=IF(OR(F1247="",G1247=""),"",100*SUMIFS(zips!$C:$C,zips!$B:$B,F1247,zips!$E:$E,"<"&G1247)/SUMIFS(zips!$C:$C,zips!$B:$B,F1247,zips!$E:$E,">0"))	4629.9572	66.8993	=IF(I1247="","",ROUND(G1247-I1247,2))	=IF(J1247="","",ROUND(H1247-J1247,2))
Invitation Homes	12833 W Paradise Dr			85335	=IFERROR(INDEX(zips!$B:$B,MATCH(E1248,zips!$A:$A,0)),"")	=IFERROR(INDEX(zips!$E:$E,MATCH(E1248,zips!$A:$A,0)),"")	=IF(OR(F1248="",G1248=""),"",100*SUMIFS(zips!$C:$C,zips!$B:$B,F1248,zips!$E:$E,"<"&G1248)/SUMIFS(zips!$C:$C,zips!$B:$B,F1248,zips!$E:$E,">0"))	2991.4823	42.8486	=IF(I1248="","",ROUND(G1248-I1248,2))	=IF(J1248="","",ROUND(H1248-J1248,2))
Invitation Homes	14105 W Dahlia Dr			85379	=IFERROR(INDEX(zips!$B:$B,MATCH(E1249,zips!$A:$A,0)),"")	=IFERROR(INDEX(zips!$E:$E,MATCH(E1249,zips!$A:$A,0)),"")	=IF(OR(F1249="",G1249=""),"",100*SUMIFS(zips!$C:$C,zips!$B:$B,F1249,zips!$E:$E,"<"&G1249)/SUMIFS(zips!$C:$C,zips!$B:$B,F1249,zips!$E:$E,">0"))	4629.9572	66.8993	=IF(I1249="","",ROUND(G1249-I1249,2))	=IF(J1249="","",ROUND(H1249-J1249,2))
Invitation Homes	12871 W Rosewood Dr			85335	=IFERROR(INDEX(zips!$B:$B,MATCH(E1250,zips!$A:$A,0)),"")	=IFERROR(INDEX(zips!$E:$E,MATCH(E1250,zips!$A:$A,0)),"")	=IF(OR(F1250="",G1250=""),"",100*SUMIFS(zips!$C:$C,zips!$B:$B,F1250,zips!$E:$E,"<"&G1250)/SUMIFS(zips!$C:$C,zips!$B:$B,F1250,zips!$E:$E,">0"))	2991.4823	42.8486	=IF(I1250="","",ROUND(G1250-I1250,2))	=IF(J1250="","",ROUND(H1250-J1250,2))
Invitation Homes	13010 W Rosewood Dr			85335	=IFERROR(INDEX(zips!$B:$B,MATCH(E1251,zips!$A:$A,0)),"")	=IFERROR(INDEX(zips!$E:$E,MATCH(E1251,zips!$A:$A,0)),"")	=IF(OR(F1251="",G1251=""),"",100*SUMIFS(zips!$C:$C,zips!$B:$B,F1251,zips!$E:$E,"<"&G1251)/SUMIFS(zips!$C:$C,zips!$B:$B,F1251,zips!$E:$E,">0"))	2991.4823	42.8486	=IF(I1251="","",ROUND(G1251-I1251,2))	=IF(J1251="","",ROUND(H1251-J1251,2))
Invitation Homes	15230 N 162Nd Ln			85379	=IFERROR(INDEX(zips!$B:$B,MATCH(E1252,zips!$A:$A,0)),"")	=IFERROR(INDEX(zips!$E:$E,MATCH(E1252,zips!$A:$A,0)),"")	=IF(OR(F1252="",G1252=""),"",100*SUMIFS(zips!$C:$C,zips!$B:$B,F1252,zips!$E:$E,"<"&G1252)/SUMIFS(zips!$C:$C,zips!$B:$B,F1252,zips!$E:$E,">0"))	4629.9572	66.8993	=IF(I1252="","",ROUND(G1252-I1252,2))	=IF(J1252="","",ROUND(H1252-J1252,2))
Invitation Homes	16251 W Statler St			85374	=IFERROR(INDEX(zips!$B:$B,MATCH(E1253,zips!$A:$A,0)),"")	=IFERROR(INDEX(zips!$E:$E,MATCH(E1253,zips!$A:$A,0)),"")	=IF(OR(F1253="",G1253=""),"",100*SUMIFS(zips!$C:$C,zips!$B:$B,F1253,zips!$E:$E,"<"&G1253)/SUMIFS(zips!$C:$C,zips!$B:$B,F1253,zips!$E:$E,">0"))	3203.3633	44.5861	=IF(I1253="","",ROUND(G1253-I1253,2))	=IF(J1253="","",ROUND(H1253-J1253,2))
Invitation Homes	16231 W Cottonwood St			85374	=IFERROR(INDEX(zips!$B:$B,MATCH(E1254,zips!$A:$A,0)),"")	=IFERROR(INDEX(zips!$E:$E,MATCH(E1254,zips!$A:$A,0)),"")	=IF(OR(F1254="",G1254=""),"",100*SUMIFS(zips!$C:$C,zips!$B:$B,F1254,zips!$E:$E,"<"&G1254)/SUMIFS(zips!$C:$C,zips!$B:$B,F1254,zips!$E:$E,">0"))	3203.3633	44.5861	=IF(I1254="","",ROUND(G1254-I1254,2))	=IF(J1254="","",ROUND(H1254-J1254,2))
Invitation Homes	16105 N 159Th Dr			85374	=IFERROR(INDEX(zips!$B:$B,MATCH(E1255,zips!$A:$A,0)),"")	=IFERROR(INDEX(zips!$E:$E,MATCH(E1255,zips!$A:$A,0)),"")	=IF(OR(F1255="",G1255=""),"",100*SUMIFS(zips!$C:$C,zips!$B:$B,F1255,zips!$E:$E,"<"&G1255)/SUMIFS(zips!$C:$C,zips!$B:$B,F1255,zips!$E:$E,">0"))	3203.3633	44.5861	=IF(I1255="","",ROUND(G1255-I1255,2))	=IF(J1255="","",ROUND(H1255-J1255,2))
Invitation Homes	15263 N 153Rd Drive			85379	=IFERROR(INDEX(zips!$B:$B,MATCH(E1256,zips!$A:$A,0)),"")	=IFERROR(INDEX(zips!$E:$E,MATCH(E1256,zips!$A:$A,0)),"")	=IF(OR(F1256="",G1256=""),"",100*SUMIFS(zips!$C:$C,zips!$B:$B,F1256,zips!$E:$E,"<"&G1256)/SUMIFS(zips!$C:$C,zips!$B:$B,F1256,zips!$E:$E,">0"))	4629.9572	66.8993	=IF(I1256="","",ROUND(G1256-I1256,2))	=IF(J1256="","",ROUND(H1256-J1256,2))
Invitation Homes	15107 W Evening Star Trl			85374	=IFERROR(INDEX(zips!$B:$B,MATCH(E1257,zips!$A:$A,0)),"")	=IFERROR(INDEX(zips!$E:$E,MATCH(E1257,zips!$A:$A,0)),"")	=IF(OR(F1257="",G1257=""),"",100*SUMIFS(zips!$C:$C,zips!$B:$B,F1257,zips!$E:$E,"<"&G1257)/SUMIFS(zips!$C:$C,zips!$B:$B,F1257,zips!$E:$E,">0"))	3203.3633	44.5861	=IF(I1257="","",ROUND(G1257-I1257,2))	=IF(J1257="","",ROUND(H1257-J1257,2))
Invitation Homes	15012 N 140Th Ave			85379	=IFERROR(INDEX(zips!$B:$B,MATCH(E1258,zips!$A:$A,0)),"")	=IFERROR(INDEX(zips!$E:$E,MATCH(E1258,zips!$A:$A,0)),"")	=IF(OR(F1258="",G1258=""),"",100*SUMIFS(zips!$C:$C,zips!$B:$B,F1258,zips!$E:$E,"<"&G1258)/SUMIFS(zips!$C:$C,zips!$B:$B,F1258,zips!$E:$E,">0"))	4629.9572	66.8993	=IF(I1258="","",ROUND(G1258-I1258,2))	=IF(J1258="","",ROUND(H1258-J1258,2))
Invitation Homes	13578 W Port Au Prince Ln			85379	=IFERROR(INDEX(zips!$B:$B,MATCH(E1259,zips!$A:$A,0)),"")	=IFERROR(INDEX(zips!$E:$E,MATCH(E1259,zips!$A:$A,0)),"")	=IF(OR(F1259="",G1259=""),"",100*SUMIFS(zips!$C:$C,zips!$B:$B,F1259,zips!$E:$E,"<"&G1259)/SUMIFS(zips!$C:$C,zips!$B:$B,F1259,zips!$E:$E,">0"))	4629.9572	66.8993	=IF(I1259="","",ROUND(G1259-I1259,2))	=IF(J1259="","",ROUND(H1259-J1259,2))
Invitation Homes	18490 W Louise Dr			85387	=IFERROR(INDEX(zips!$B:$B,MATCH(E1260,zips!$A:$A,0)),"")	=IFERROR(INDEX(zips!$E:$E,MATCH(E1260,zips!$A:$A,0)),"")	=IF(OR(F1260="",G1260=""),"",100*SUMIFS(zips!$C:$C,zips!$B:$B,F1260,zips!$E:$E,"<"&G1260)/SUMIFS(zips!$C:$C,zips!$B:$B,F1260,zips!$E:$E,">0"))	318.8618	8.1737	=IF(I1260="","",ROUND(G1260-I1260,2))	=IF(J1260="","",ROUND(H1260-J1260,2))
Invitation Homes	18262 W Williams Rd			85387	=IFERROR(INDEX(zips!$B:$B,MATCH(E1261,zips!$A:$A,0)),"")	=IFERROR(INDEX(zips!$E:$E,MATCH(E1261,zips!$A:$A,0)),"")	=IF(OR(F1261="",G1261=""),"",100*SUMIFS(zips!$C:$C,zips!$B:$B,F1261,zips!$E:$E,"<"&G1261)/SUMIFS(zips!$C:$C,zips!$B:$B,F1261,zips!$E:$E,">0"))	318.8618	8.1737	=IF(I1261="","",ROUND(G1261-I1261,2))	=IF(J1261="","",ROUND(H1261-J1261,2))
Invitation Homes	18064 W Carlota Ln			85387	=IFERROR(INDEX(zips!$B:$B,MATCH(E1262,zips!$A:$A,0)),"")	=IFERROR(INDEX(zips!$E:$E,MATCH(E1262,zips!$A:$A,0)),"")	=IF(OR(F1262="",G1262=""),"",100*SUMIFS(zips!$C:$C,zips!$B:$B,F1262,zips!$E:$E,"<"&G1262)/SUMIFS(zips!$C:$C,zips!$B:$B,F1262,zips!$E:$E,">0"))	318.8618	8.1737	=IF(I1262="","",ROUND(G1262-I1262,2))	=IF(J1262="","",ROUND(H1262-J1262,2))
Invitation Homes	18190 W Ida Ln			85387	=IFERROR(INDEX(zips!$B:$B,MATCH(E1263,zips!$A:$A,0)),"")	=IFERROR(INDEX(zips!$E:$E,MATCH(E1263,zips!$A:$A,0)),"")	=IF(OR(F1263="",G1263=""),"",100*SUMIFS(zips!$C:$C,zips!$B:$B,F1263,zips!$E:$E,"<"&G1263)/SUMIFS(zips!$C:$C,zips!$B:$B,F1263,zips!$E:$E,">0"))	318.8618	8.1737	=IF(I1263="","",ROUND(G1263-I1263,2))	=IF(J1263="","",ROUND(H1263-J1263,2))
Invitation Homes	17490 W Molly Ln			85387	=IFERROR(INDEX(zips!$B:$B,MATCH(E1264,zips!$A:$A,0)),"")	=IFERROR(INDEX(zips!$E:$E,MATCH(E1264,zips!$A:$A,0)),"")	=IF(OR(F1264="",G1264=""),"",100*SUMIFS(zips!$C:$C,zips!$B:$B,F1264,zips!$E:$E,"<"&G1264)/SUMIFS(zips!$C:$C,zips!$B:$B,F1264,zips!$E:$E,">0"))	318.8618	8.1737	=IF(I1264="","",ROUND(G1264-I1264,2))	=IF(J1264="","",ROUND(H1264-J1264,2))
Invitation Homes	25777 N 163Rd Dr			85387	=IFERROR(INDEX(zips!$B:$B,MATCH(E1265,zips!$A:$A,0)),"")	=IFERROR(INDEX(zips!$E:$E,MATCH(E1265,zips!$A:$A,0)),"")	=IF(OR(F1265="",G1265=""),"",100*SUMIFS(zips!$C:$C,zips!$B:$B,F1265,zips!$E:$E,"<"&G1265)/SUMIFS(zips!$C:$C,zips!$B:$B,F1265,zips!$E:$E,">0"))	318.8618	8.1737	=IF(I1265="","",ROUND(G1265-I1265,2))	=IF(J1265="","",ROUND(H1265-J1265,2))
Invitation Homes	16442 W Remuda Dr			85387	=IFERROR(INDEX(zips!$B:$B,MATCH(E1266,zips!$A:$A,0)),"")	=IFERROR(INDEX(zips!$E:$E,MATCH(E1266,zips!$A:$A,0)),"")	=IF(OR(F1266="",G1266=""),"",100*SUMIFS(zips!$C:$C,zips!$B:$B,F1266,zips!$E:$E,"<"&G1266)/SUMIFS(zips!$C:$C,zips!$B:$B,F1266,zips!$E:$E,">0"))	318.8618	8.1737	=IF(I1266="","",ROUND(G1266-I1266,2))	=IF(J1266="","",ROUND(H1266-J1266,2))
Invitation Homes	17470 W Oberlin Way			85387	=IFERROR(INDEX(zips!$B:$B,MATCH(E1267,zips!$A:$A,0)),"")	=IFERROR(INDEX(zips!$E:$E,MATCH(E1267,zips!$A:$A,0)),"")	=IF(OR(F1267="",G1267=""),"",100*SUMIFS(zips!$C:$C,zips!$B:$B,F1267,zips!$E:$E,"<"&G1267)/SUMIFS(zips!$C:$C,zips!$B:$B,F1267,zips!$E:$E,">0"))	318.8618	8.1737	=IF(I1267="","",ROUND(G1267-I1267,2))	=IF(J1267="","",ROUND(H1267-J1267,2))
Invitation Homes	11718 W Laurel Ln			85335	=IFERROR(INDEX(zips!$B:$B,MATCH(E1268,zips!$A:$A,0)),"")	=IFERROR(INDEX(zips!$E:$E,MATCH(E1268,zips!$A:$A,0)),"")	=IF(OR(F1268="",G1268=""),"",100*SUMIFS(zips!$C:$C,zips!$B:$B,F1268,zips!$E:$E,"<"&G1268)/SUMIFS(zips!$C:$C,zips!$B:$B,F1268,zips!$E:$E,">0"))	2991.4823	42.8486	=IF(I1268="","",ROUND(G1268-I1268,2))	=IF(J1268="","",ROUND(H1268-J1268,2))
Invitation Homes	11509 W Wethersfield Rd			85335	=IFERROR(INDEX(zips!$B:$B,MATCH(E1269,zips!$A:$A,0)),"")	=IFERROR(INDEX(zips!$E:$E,MATCH(E1269,zips!$A:$A,0)),"")	=IF(OR(F1269="",G1269=""),"",100*SUMIFS(zips!$C:$C,zips!$B:$B,F1269,zips!$E:$E,"<"&G1269)/SUMIFS(zips!$C:$C,zips!$B:$B,F1269,zips!$E:$E,">0"))	2991.4823	42.8486	=IF(I1269="","",ROUND(G1269-I1269,2))	=IF(J1269="","",ROUND(H1269-J1269,2))
Invitation Homes	12230 W Aster Dr			85335	=IFERROR(INDEX(zips!$B:$B,MATCH(E1270,zips!$A:$A,0)),"")	=IFERROR(INDEX(zips!$E:$E,MATCH(E1270,zips!$A:$A,0)),"")	=IF(OR(F1270="",G1270=""),"",100*SUMIFS(zips!$C:$C,zips!$B:$B,F1270,zips!$E:$E,"<"&G1270)/SUMIFS(zips!$C:$C,zips!$B:$B,F1270,zips!$E:$E,">0"))	2991.4823	42.8486	=IF(I1270="","",ROUND(G1270-I1270,2))	=IF(J1270="","",ROUND(H1270-J1270,2))
Invitation Homes	11506 W Corrine Dr			85335	=IFERROR(INDEX(zips!$B:$B,MATCH(E1271,zips!$A:$A,0)),"")	=IFERROR(INDEX(zips!$E:$E,MATCH(E1271,zips!$A:$A,0)),"")	=IF(OR(F1271="",G1271=""),"",100*SUMIFS(zips!$C:$C,zips!$B:$B,F1271,zips!$E:$E,"<"&G1271)/SUMIFS(zips!$C:$C,zips!$B:$B,F1271,zips!$E:$E,">0"))	2991.4823	42.8486	=IF(I1271="","",ROUND(G1271-I1271,2))	=IF(J1271="","",ROUND(H1271-J1271,2))
Invitation Homes	8934 W Paradise Dr			85345	=IFERROR(INDEX(zips!$B:$B,MATCH(E1272,zips!$A:$A,0)),"")	=IFERROR(INDEX(zips!$E:$E,MATCH(E1272,zips!$A:$A,0)),"")	=IF(OR(F1272="",G1272=""),"",100*SUMIFS(zips!$C:$C,zips!$B:$B,F1272,zips!$E:$E,"<"&G1272)/SUMIFS(zips!$C:$C,zips!$B:$B,F1272,zips!$E:$E,">0"))	4872.0939	69.3771	=IF(I1272="","",ROUND(G1272-I1272,2))	=IF(J1272="","",ROUND(H1272-J1272,2))
Invitation Homes	11134 N 82Nd Dr			85345	=IFERROR(INDEX(zips!$B:$B,MATCH(E1273,zips!$A:$A,0)),"")	=IFERROR(INDEX(zips!$E:$E,MATCH(E1273,zips!$A:$A,0)),"")	=IF(OR(F1273="",G1273=""),"",100*SUMIFS(zips!$C:$C,zips!$B:$B,F1273,zips!$E:$E,"<"&G1273)/SUMIFS(zips!$C:$C,zips!$B:$B,F1273,zips!$E:$E,">0"))	4872.0939	69.3771	=IF(I1273="","",ROUND(G1273-I1273,2))	=IF(J1273="","",ROUND(H1273-J1273,2))
Invitation Homes	8403 W Windrose Dr			85381	=IFERROR(INDEX(zips!$B:$B,MATCH(E1274,zips!$A:$A,0)),"")	=IFERROR(INDEX(zips!$E:$E,MATCH(E1274,zips!$A:$A,0)),"")	=IF(OR(F1274="",G1274=""),"",100*SUMIFS(zips!$C:$C,zips!$B:$B,F1274,zips!$E:$E,"<"&G1274)/SUMIFS(zips!$C:$C,zips!$B:$B,F1274,zips!$E:$E,">0"))	4031.6294	57.1255	=IF(I1274="","",ROUND(G1274-I1274,2))	=IF(J1274="","",ROUND(H1274-J1274,2))
Invitation Homes	9145 W Evans Dr			85381	=IFERROR(INDEX(zips!$B:$B,MATCH(E1275,zips!$A:$A,0)),"")	=IFERROR(INDEX(zips!$E:$E,MATCH(E1275,zips!$A:$A,0)),"")	=IF(OR(F1275="",G1275=""),"",100*SUMIFS(zips!$C:$C,zips!$B:$B,F1275,zips!$E:$E,"<"&G1275)/SUMIFS(zips!$C:$C,zips!$B:$B,F1275,zips!$E:$E,">0"))	4031.6294	57.1255	=IF(I1275="","",ROUND(G1275-I1275,2))	=IF(J1275="","",ROUND(H1275-J1275,2))
Invitation Homes	14424 N 87Th Dr			85381	=IFERROR(INDEX(zips!$B:$B,MATCH(E1276,zips!$A:$A,0)),"")	=IFERROR(INDEX(zips!$E:$E,MATCH(E1276,zips!$A:$A,0)),"")	=IF(OR(F1276="",G1276=""),"",100*SUMIFS(zips!$C:$C,zips!$B:$B,F1276,zips!$E:$E,"<"&G1276)/SUMIFS(zips!$C:$C,zips!$B:$B,F1276,zips!$E:$E,">0"))	4031.6294	57.1255	=IF(I1276="","",ROUND(G1276-I1276,2))	=IF(J1276="","",ROUND(H1276-J1276,2))
Invitation Homes	11530 West Porcupine Court			85378	=IFERROR(INDEX(zips!$B:$B,MATCH(E1277,zips!$A:$A,0)),"")	=IFERROR(INDEX(zips!$E:$E,MATCH(E1277,zips!$A:$A,0)),"")	=IF(OR(F1277="",G1277=""),"",100*SUMIFS(zips!$C:$C,zips!$B:$B,F1277,zips!$E:$E,"<"&G1277)/SUMIFS(zips!$C:$C,zips!$B:$B,F1277,zips!$E:$E,">0"))	2611.3889	38.3199	=IF(I1277="","",ROUND(G1277-I1277,2))	=IF(J1277="","",ROUND(H1277-J1277,2))
Invitation Homes	11348 West Madisen Ellise Dr			85378	=IFERROR(INDEX(zips!$B:$B,MATCH(E1278,zips!$A:$A,0)),"")	=IFERROR(INDEX(zips!$E:$E,MATCH(E1278,zips!$A:$A,0)),"")	=IF(OR(F1278="",G1278=""),"",100*SUMIFS(zips!$C:$C,zips!$B:$B,F1278,zips!$E:$E,"<"&G1278)/SUMIFS(zips!$C:$C,zips!$B:$B,F1278,zips!$E:$E,">0"))	2611.3889	38.3199	=IF(I1278="","",ROUND(G1278-I1278,2))	=IF(J1278="","",ROUND(H1278-J1278,2))
Invitation Homes	15958 N 90Th Ave			85382	=IFERROR(INDEX(zips!$B:$B,MATCH(E1279,zips!$A:$A,0)),"")	=IFERROR(INDEX(zips!$E:$E,MATCH(E1279,zips!$A:$A,0)),"")	=IF(OR(F1279="",G1279=""),"",100*SUMIFS(zips!$C:$C,zips!$B:$B,F1279,zips!$E:$E,"<"&G1279)/SUMIFS(zips!$C:$C,zips!$B:$B,F1279,zips!$E:$E,">0"))	4346.9799	62.0655	=IF(I1279="","",ROUND(G1279-I1279,2))	=IF(J1279="","",ROUND(H1279-J1279,2))
Invitation Homes	17474 N 92Nd Gln			85382	=IFERROR(INDEX(zips!$B:$B,MATCH(E1280,zips!$A:$A,0)),"")	=IFERROR(INDEX(zips!$E:$E,MATCH(E1280,zips!$A:$A,0)),"")	=IF(OR(F1280="",G1280=""),"",100*SUMIFS(zips!$C:$C,zips!$B:$B,F1280,zips!$E:$E,"<"&G1280)/SUMIFS(zips!$C:$C,zips!$B:$B,F1280,zips!$E:$E,">0"))	4346.9799	62.0655	=IF(I1280="","",ROUND(G1280-I1280,2))	=IF(J1280="","",ROUND(H1280-J1280,2))
Invitation Homes	8728 W Meadow Dr			85382	=IFERROR(INDEX(zips!$B:$B,MATCH(E1281,zips!$A:$A,0)),"")	=IFERROR(INDEX(zips!$E:$E,MATCH(E1281,zips!$A:$A,0)),"")	=IF(OR(F1281="",G1281=""),"",100*SUMIFS(zips!$C:$C,zips!$B:$B,F1281,zips!$E:$E,"<"&G1281)/SUMIFS(zips!$C:$C,zips!$B:$B,F1281,zips!$E:$E,">0"))	4346.9799	62.0655	=IF(I1281="","",ROUND(G1281-I1281,2))	=IF(J1281="","",ROUND(H1281-J1281,2))
Invitation Homes	8722 W Greenbrian Dr			85382	=IFERROR(INDEX(zips!$B:$B,MATCH(E1282,zips!$A:$A,0)),"")	=IFERROR(INDEX(zips!$E:$E,MATCH(E1282,zips!$A:$A,0)),"")	=IF(OR(F1282="",G1282=""),"",100*SUMIFS(zips!$C:$C,zips!$B:$B,F1282,zips!$E:$E,"<"&G1282)/SUMIFS(zips!$C:$C,zips!$B:$B,F1282,zips!$E:$E,">0"))	4346.9799	62.0655	=IF(I1282="","",ROUND(G1282-I1282,2))	=IF(J1282="","",ROUND(H1282-J1282,2))
Invitation Homes	7643 W Beryl Avenue			85345	=IFERROR(INDEX(zips!$B:$B,MATCH(E1283,zips!$A:$A,0)),"")	=IFERROR(INDEX(zips!$E:$E,MATCH(E1283,zips!$A:$A,0)),"")	=IF(OR(F1283="",G1283=""),"",100*SUMIFS(zips!$C:$C,zips!$B:$B,F1283,zips!$E:$E,"<"&G1283)/SUMIFS(zips!$C:$C,zips!$B:$B,F1283,zips!$E:$E,">0"))	4872.0939	69.3771	=IF(I1283="","",ROUND(G1283-I1283,2))	=IF(J1283="","",ROUND(H1283-J1283,2))
Invitation Homes	11102 N 79Th Ave			85345	=IFERROR(INDEX(zips!$B:$B,MATCH(E1284,zips!$A:$A,0)),"")	=IFERROR(INDEX(zips!$E:$E,MATCH(E1284,zips!$A:$A,0)),"")	=IF(OR(F1284="",G1284=""),"",100*SUMIFS(zips!$C:$C,zips!$B:$B,F1284,zips!$E:$E,"<"&G1284)/SUMIFS(zips!$C:$C,zips!$B:$B,F1284,zips!$E:$E,">0"))	4872.0939	69.3771	=IF(I1284="","",ROUND(G1284-I1284,2))	=IF(J1284="","",ROUND(H1284-J1284,2))
Invitation Homes	7546 W Jenan Dr			85345	=IFERROR(INDEX(zips!$B:$B,MATCH(E1285,zips!$A:$A,0)),"")	=IFERROR(INDEX(zips!$E:$E,MATCH(E1285,zips!$A:$A,0)),"")	=IF(OR(F1285="",G1285=""),"",100*SUMIFS(zips!$C:$C,zips!$B:$B,F1285,zips!$E:$E,"<"&G1285)/SUMIFS(zips!$C:$C,zips!$B:$B,F1285,zips!$E:$E,">0"))	4872.0939	69.3771	=IF(I1285="","",ROUND(G1285-I1285,2))	=IF(J1285="","",ROUND(H1285-J1285,2))
Invitation Homes	6222 W Cortez Street			85304	=IFERROR(INDEX(zips!$B:$B,MATCH(E1286,zips!$A:$A,0)),"")	=IFERROR(INDEX(zips!$E:$E,MATCH(E1286,zips!$A:$A,0)),"")	=IF(OR(F1286="",G1286=""),"",100*SUMIFS(zips!$C:$C,zips!$B:$B,F1286,zips!$E:$E,"<"&G1286)/SUMIFS(zips!$C:$C,zips!$B:$B,F1286,zips!$E:$E,">0"))	5443.8141	76.8048	=IF(I1286="","",ROUND(G1286-I1286,2))	=IF(J1286="","",ROUND(H1286-J1286,2))
Invitation Homes	13167 N 81St Avenue			85381	=IFERROR(INDEX(zips!$B:$B,MATCH(E1287,zips!$A:$A,0)),"")	=IFERROR(INDEX(zips!$E:$E,MATCH(E1287,zips!$A:$A,0)),"")	=IF(OR(F1287="",G1287=""),"",100*SUMIFS(zips!$C:$C,zips!$B:$B,F1287,zips!$E:$E,"<"&G1287)/SUMIFS(zips!$C:$C,zips!$B:$B,F1287,zips!$E:$E,">0"))	4031.6294	57.1255	=IF(I1287="","",ROUND(G1287-I1287,2))	=IF(J1287="","",ROUND(H1287-J1287,2))
Invitation Homes	7918 W Dreyfus Dr			85381	=IFERROR(INDEX(zips!$B:$B,MATCH(E1288,zips!$A:$A,0)),"")	=IFERROR(INDEX(zips!$E:$E,MATCH(E1288,zips!$A:$A,0)),"")	=IF(OR(F1288="",G1288=""),"",100*SUMIFS(zips!$C:$C,zips!$B:$B,F1288,zips!$E:$E,"<"&G1288)/SUMIFS(zips!$C:$C,zips!$B:$B,F1288,zips!$E:$E,">0"))	4031.6294	57.1255	=IF(I1288="","",ROUND(G1288-I1288,2))	=IF(J1288="","",ROUND(H1288-J1288,2))
Invitation Homes	5321 W Riviera Dr			85304	=IFERROR(INDEX(zips!$B:$B,MATCH(E1289,zips!$A:$A,0)),"")	=IFERROR(INDEX(zips!$E:$E,MATCH(E1289,zips!$A:$A,0)),"")	=IF(OR(F1289="",G1289=""),"",100*SUMIFS(zips!$C:$C,zips!$B:$B,F1289,zips!$E:$E,"<"&G1289)/SUMIFS(zips!$C:$C,zips!$B:$B,F1289,zips!$E:$E,">0"))	5443.8141	76.8048	=IF(I1289="","",ROUND(G1289-I1289,2))	=IF(J1289="","",ROUND(H1289-J1289,2))
Invitation Homes	4438 W Mercer Ln			85304	=IFERROR(INDEX(zips!$B:$B,MATCH(E1290,zips!$A:$A,0)),"")	=IFERROR(INDEX(zips!$E:$E,MATCH(E1290,zips!$A:$A,0)),"")	=IF(OR(F1290="",G1290=""),"",100*SUMIFS(zips!$C:$C,zips!$B:$B,F1290,zips!$E:$E,"<"&G1290)/SUMIFS(zips!$C:$C,zips!$B:$B,F1290,zips!$E:$E,">0"))	5443.8141	76.8048	=IF(I1290="","",ROUND(G1290-I1290,2))	=IF(J1290="","",ROUND(H1290-J1290,2))
Invitation Homes	10845 N 44Th Lane			85304	=IFERROR(INDEX(zips!$B:$B,MATCH(E1291,zips!$A:$A,0)),"")	=IFERROR(INDEX(zips!$E:$E,MATCH(E1291,zips!$A:$A,0)),"")	=IF(OR(F1291="",G1291=""),"",100*SUMIFS(zips!$C:$C,zips!$B:$B,F1291,zips!$E:$E,"<"&G1291)/SUMIFS(zips!$C:$C,zips!$B:$B,F1291,zips!$E:$E,">0"))	5443.8141	76.8048	=IF(I1291="","",ROUND(G1291-I1291,2))	=IF(J1291="","",ROUND(H1291-J1291,2))
Invitation Homes	11447 N 43Rd Dr			85304	=IFERROR(INDEX(zips!$B:$B,MATCH(E1292,zips!$A:$A,0)),"")	=IFERROR(INDEX(zips!$E:$E,MATCH(E1292,zips!$A:$A,0)),"")	=IF(OR(F1292="",G1292=""),"",100*SUMIFS(zips!$C:$C,zips!$B:$B,F1292,zips!$E:$E,"<"&G1292)/SUMIFS(zips!$C:$C,zips!$B:$B,F1292,zips!$E:$E,">0"))	5443.8141	76.8048	=IF(I1292="","",ROUND(G1292-I1292,2))	=IF(J1292="","",ROUND(H1292-J1292,2))
Invitation Homes	4107 W Desert Hills Dr			85029	=IFERROR(INDEX(zips!$B:$B,MATCH(E1293,zips!$A:$A,0)),"")	=IFERROR(INDEX(zips!$E:$E,MATCH(E1293,zips!$A:$A,0)),"")	=IF(OR(F1293="",G1293=""),"",100*SUMIFS(zips!$C:$C,zips!$B:$B,F1293,zips!$E:$E,"<"&G1293)/SUMIFS(zips!$C:$C,zips!$B:$B,F1293,zips!$E:$E,">0"))	5282.9967	73.4199	=IF(I1293="","",ROUND(G1293-I1293,2))	=IF(J1293="","",ROUND(H1293-J1293,2))
Invitation Homes	12402 N 49Th Ave			85304	=IFERROR(INDEX(zips!$B:$B,MATCH(E1294,zips!$A:$A,0)),"")	=IFERROR(INDEX(zips!$E:$E,MATCH(E1294,zips!$A:$A,0)),"")	=IF(OR(F1294="",G1294=""),"",100*SUMIFS(zips!$C:$C,zips!$B:$B,F1294,zips!$E:$E,"<"&G1294)/SUMIFS(zips!$C:$C,zips!$B:$B,F1294,zips!$E:$E,">0"))	5443.8141	76.8048	=IF(I1294="","",ROUND(G1294-I1294,2))	=IF(J1294="","",ROUND(H1294-J1294,2))
Invitation Homes	14240 N 50Th Lane			85306	=IFERROR(INDEX(zips!$B:$B,MATCH(E1295,zips!$A:$A,0)),"")	=IFERROR(INDEX(zips!$E:$E,MATCH(E1295,zips!$A:$A,0)),"")	=IF(OR(F1295="",G1295=""),"",100*SUMIFS(zips!$C:$C,zips!$B:$B,F1295,zips!$E:$E,"<"&G1295)/SUMIFS(zips!$C:$C,zips!$B:$B,F1295,zips!$E:$E,">0"))	4217.2131	60.9757	=IF(I1295="","",ROUND(G1295-I1295,2))	=IF(J1295="","",ROUND(H1295-J1295,2))
Invitation Homes	6722 W Kings Ave			85382	=IFERROR(INDEX(zips!$B:$B,MATCH(E1296,zips!$A:$A,0)),"")	=IFERROR(INDEX(zips!$E:$E,MATCH(E1296,zips!$A:$A,0)),"")	=IF(OR(F1296="",G1296=""),"",100*SUMIFS(zips!$C:$C,zips!$B:$B,F1296,zips!$E:$E,"<"&G1296)/SUMIFS(zips!$C:$C,zips!$B:$B,F1296,zips!$E:$E,">0"))	4346.9799	62.0655	=IF(I1296="","",ROUND(G1296-I1296,2))	=IF(J1296="","",ROUND(H1296-J1296,2))
Invitation Homes	6515 W Phelps Rd			85306	=IFERROR(INDEX(zips!$B:$B,MATCH(E1297,zips!$A:$A,0)),"")	=IFERROR(INDEX(zips!$E:$E,MATCH(E1297,zips!$A:$A,0)),"")	=IF(OR(F1297="",G1297=""),"",100*SUMIFS(zips!$C:$C,zips!$B:$B,F1297,zips!$E:$E,"<"&G1297)/SUMIFS(zips!$C:$C,zips!$B:$B,F1297,zips!$E:$E,">0"))	4217.2131	60.9757	=IF(I1297="","",ROUND(G1297-I1297,2))	=IF(J1297="","",ROUND(H1297-J1297,2))
Invitation Homes	6340 W Grandview Rd			85306	=IFERROR(INDEX(zips!$B:$B,MATCH(E1298,zips!$A:$A,0)),"")	=IFERROR(INDEX(zips!$E:$E,MATCH(E1298,zips!$A:$A,0)),"")	=IF(OR(F1298="",G1298=""),"",100*SUMIFS(zips!$C:$C,zips!$B:$B,F1298,zips!$E:$E,"<"&G1298)/SUMIFS(zips!$C:$C,zips!$B:$B,F1298,zips!$E:$E,">0"))	4217.2131	60.9757	=IF(I1298="","",ROUND(G1298-I1298,2))	=IF(J1298="","",ROUND(H1298-J1298,2))
Invitation Homes	5816 W Carol Ann Way			85306	=IFERROR(INDEX(zips!$B:$B,MATCH(E1299,zips!$A:$A,0)),"")	=IFERROR(INDEX(zips!$E:$E,MATCH(E1299,zips!$A:$A,0)),"")	=IF(OR(F1299="",G1299=""),"",100*SUMIFS(zips!$C:$C,zips!$B:$B,F1299,zips!$E:$E,"<"&G1299)/SUMIFS(zips!$C:$C,zips!$B:$B,F1299,zips!$E:$E,">0"))	4217.2131	60.9757	=IF(I1299="","",ROUND(G1299-I1299,2))	=IF(J1299="","",ROUND(H1299-J1299,2))
Invitation Homes	16424 N 51St Dr			85306	=IFERROR(INDEX(zips!$B:$B,MATCH(E1300,zips!$A:$A,0)),"")	=IFERROR(INDEX(zips!$E:$E,MATCH(E1300,zips!$A:$A,0)),"")	=IF(OR(F1300="",G1300=""),"",100*SUMIFS(zips!$C:$C,zips!$B:$B,F1300,zips!$E:$E,"<"&G1300)/SUMIFS(zips!$C:$C,zips!$B:$B,F1300,zips!$E:$E,">0"))	4217.2131	60.9757	=IF(I1300="","",ROUND(G1300-I1300,2))	=IF(J1300="","",ROUND(H1300-J1300,2))
Invitation Homes	17614 N 42Nd Ln			85308	=IFERROR(INDEX(zips!$B:$B,MATCH(E1301,zips!$A:$A,0)),"")	=IFERROR(INDEX(zips!$E:$E,MATCH(E1301,zips!$A:$A,0)),"")	=IF(OR(F1301="",G1301=""),"",100*SUMIFS(zips!$C:$C,zips!$B:$B,F1301,zips!$E:$E,"<"&G1301)/SUMIFS(zips!$C:$C,zips!$B:$B,F1301,zips!$E:$E,">0"))	3854.6498	52.1259	=IF(I1301="","",ROUND(G1301-I1301,2))	=IF(J1301="","",ROUND(H1301-J1301,2))
Invitation Homes	4913 W Wescott Drive			85308	=IFERROR(INDEX(zips!$B:$B,MATCH(E1302,zips!$A:$A,0)),"")	=IFERROR(INDEX(zips!$E:$E,MATCH(E1302,zips!$A:$A,0)),"")	=IF(OR(F1302="",G1302=""),"",100*SUMIFS(zips!$C:$C,zips!$B:$B,F1302,zips!$E:$E,"<"&G1302)/SUMIFS(zips!$C:$C,zips!$B:$B,F1302,zips!$E:$E,">0"))	3854.6498	52.1259	=IF(I1302="","",ROUND(G1302-I1302,2))	=IF(J1302="","",ROUND(H1302-J1302,2))
Invitation Homes	19001 N 46Th Ave			85308	=IFERROR(INDEX(zips!$B:$B,MATCH(E1303,zips!$A:$A,0)),"")	=IFERROR(INDEX(zips!$E:$E,MATCH(E1303,zips!$A:$A,0)),"")	=IF(OR(F1303="",G1303=""),"",100*SUMIFS(zips!$C:$C,zips!$B:$B,F1303,zips!$E:$E,"<"&G1303)/SUMIFS(zips!$C:$C,zips!$B:$B,F1303,zips!$E:$E,">0"))	3854.6498	52.1259	=IF(I1303="","",ROUND(G1303-I1303,2))	=IF(J1303="","",ROUND(H1303-J1303,2))
Invitation Homes	22075 N 103Rd Ln Lot 450			85383	=IFERROR(INDEX(zips!$B:$B,MATCH(E1304,zips!$A:$A,0)),"")	=IFERROR(INDEX(zips!$E:$E,MATCH(E1304,zips!$A:$A,0)),"")	=IF(OR(F1304="",G1304=""),"",100*SUMIFS(zips!$C:$C,zips!$B:$B,F1304,zips!$E:$E,"<"&G1304)/SUMIFS(zips!$C:$C,zips!$B:$B,F1304,zips!$E:$E,">0"))	459.8513	9.7805	=IF(I1304="","",ROUND(G1304-I1304,2))	=IF(J1304="","",ROUND(H1304-J1304,2))
Invitation Homes	11727 W Foothill Court			85373	=IFERROR(INDEX(zips!$B:$B,MATCH(E1305,zips!$A:$A,0)),"")	=IFERROR(INDEX(zips!$E:$E,MATCH(E1305,zips!$A:$A,0)),"")	=IF(OR(F1305="",G1305=""),"",100*SUMIFS(zips!$C:$C,zips!$B:$B,F1305,zips!$E:$E,"<"&G1305)/SUMIFS(zips!$C:$C,zips!$B:$B,F1305,zips!$E:$E,">0"))	1854.631	29.1185	=IF(I1305="","",ROUND(G1305-I1305,2))	=IF(J1305="","",ROUND(H1305-J1305,2))
Invitation Homes	9861 W Tonopah Dr			85382	=IFERROR(INDEX(zips!$B:$B,MATCH(E1306,zips!$A:$A,0)),"")	=IFERROR(INDEX(zips!$E:$E,MATCH(E1306,zips!$A:$A,0)),"")	=IF(OR(F1306="",G1306=""),"",100*SUMIFS(zips!$C:$C,zips!$B:$B,F1306,zips!$E:$E,"<"&G1306)/SUMIFS(zips!$C:$C,zips!$B:$B,F1306,zips!$E:$E,">0"))	4346.9799	62.0655	=IF(I1306="","",ROUND(G1306-I1306,2))	=IF(J1306="","",ROUND(H1306-J1306,2))
Invitation Homes	8337 W Andrea Dr			85383	=IFERROR(INDEX(zips!$B:$B,MATCH(E1307,zips!$A:$A,0)),"")	=IFERROR(INDEX(zips!$E:$E,MATCH(E1307,zips!$A:$A,0)),"")	=IF(OR(F1307="",G1307=""),"",100*SUMIFS(zips!$C:$C,zips!$B:$B,F1307,zips!$E:$E,"<"&G1307)/SUMIFS(zips!$C:$C,zips!$B:$B,F1307,zips!$E:$E,">0"))	459.8513	9.7805	=IF(I1307="","",ROUND(G1307-I1307,2))	=IF(J1307="","",ROUND(H1307-J1307,2))
Invitation Homes	20316 N 81St Drive			85382	=IFERROR(INDEX(zips!$B:$B,MATCH(E1308,zips!$A:$A,0)),"")	=IFERROR(INDEX(zips!$E:$E,MATCH(E1308,zips!$A:$A,0)),"")	=IF(OR(F1308="",G1308=""),"",100*SUMIFS(zips!$C:$C,zips!$B:$B,F1308,zips!$E:$E,"<"&G1308)/SUMIFS(zips!$C:$C,zips!$B:$B,F1308,zips!$E:$E,">0"))	4346.9799	62.0655	=IF(I1308="","",ROUND(G1308-I1308,2))	=IF(J1308="","",ROUND(H1308-J1308,2))
Invitation Homes	4415 W Creedance Boulevard			85310	=IFERROR(INDEX(zips!$B:$B,MATCH(E1309,zips!$A:$A,0)),"")	=IFERROR(INDEX(zips!$E:$E,MATCH(E1309,zips!$A:$A,0)),"")	=IF(OR(F1309="",G1309=""),"",100*SUMIFS(zips!$C:$C,zips!$B:$B,F1309,zips!$E:$E,"<"&G1309)/SUMIFS(zips!$C:$C,zips!$B:$B,F1309,zips!$E:$E,">0"))	2138.0137	32.1931	=IF(I1309="","",ROUND(G1309-I1309,2))	=IF(J1309="","",ROUND(H1309-J1309,2))
Invitation Homes	6349 W Buckskin Trl			85083	=IFERROR(INDEX(zips!$B:$B,MATCH(E1310,zips!$A:$A,0)),"")	=IFERROR(INDEX(zips!$E:$E,MATCH(E1310,zips!$A:$A,0)),"")	=IF(OR(F1310="",G1310=""),"",100*SUMIFS(zips!$C:$C,zips!$B:$B,F1310,zips!$E:$E,"<"&G1310)/SUMIFS(zips!$C:$C,zips!$B:$B,F1310,zips!$E:$E,">0"))	1065.0309	21.1236	=IF(I1310="","",ROUND(G1310-I1310,2))	=IF(J1310="","",ROUND(H1310-J1310,2))
Invitation Homes	27424 N 63Rd Dr			85083	=IFERROR(INDEX(zips!$B:$B,MATCH(E1311,zips!$A:$A,0)),"")	=IFERROR(INDEX(zips!$E:$E,MATCH(E1311,zips!$A:$A,0)),"")	=IF(OR(F1311="",G1311=""),"",100*SUMIFS(zips!$C:$C,zips!$B:$B,F1311,zips!$E:$E,"<"&G1311)/SUMIFS(zips!$C:$C,zips!$B:$B,F1311,zips!$E:$E,">0"))	1065.0309	21.1236	=IF(I1311="","",ROUND(G1311-I1311,2))	=IF(J1311="","",ROUND(H1311-J1311,2))
Invitation Homes	3630 E Oak St			85008	=IFERROR(INDEX(zips!$B:$B,MATCH(E1312,zips!$A:$A,0)),"")	=IFERROR(INDEX(zips!$E:$E,MATCH(E1312,zips!$A:$A,0)),"")	=IF(OR(F1312="",G1312=""),"",100*SUMIFS(zips!$C:$C,zips!$B:$B,F1312,zips!$E:$E,"<"&G1312)/SUMIFS(zips!$C:$C,zips!$B:$B,F1312,zips!$E:$E,">0"))	5916.7726	85.9806	=IF(I1312="","",ROUND(G1312-I1312,2))	=IF(J1312="","",ROUND(H1312-J1312,2))
Invitation Homes	5003 E Virginia Ave			85008	=IFERROR(INDEX(zips!$B:$B,MATCH(E1313,zips!$A:$A,0)),"")	=IFERROR(INDEX(zips!$E:$E,MATCH(E1313,zips!$A:$A,0)),"")	=IF(OR(F1313="",G1313=""),"",100*SUMIFS(zips!$C:$C,zips!$B:$B,F1313,zips!$E:$E,"<"&G1313)/SUMIFS(zips!$C:$C,zips!$B:$B,F1313,zips!$E:$E,">0"))	5916.7726	85.9806	=IF(I1313="","",ROUND(G1313-I1313,2))	=IF(J1313="","",ROUND(H1313-J1313,2))
Invitation Homes	2928 W San Juan Ave			85017	=IFERROR(INDEX(zips!$B:$B,MATCH(E1314,zips!$A:$A,0)),"")	=IFERROR(INDEX(zips!$E:$E,MATCH(E1314,zips!$A:$A,0)),"")	=IF(OR(F1314="",G1314=""),"",100*SUMIFS(zips!$C:$C,zips!$B:$B,F1314,zips!$E:$E,"<"&G1314)/SUMIFS(zips!$C:$C,zips!$B:$B,F1314,zips!$E:$E,">0"))	8424.0927	96.0055	=IF(I1314="","",ROUND(G1314-I1314,2))	=IF(J1314="","",ROUND(H1314-J1314,2))
Invitation Homes	2944 W Solano Dr N			85017	=IFERROR(INDEX(zips!$B:$B,MATCH(E1315,zips!$A:$A,0)),"")	=IFERROR(INDEX(zips!$E:$E,MATCH(E1315,zips!$A:$A,0)),"")	=IF(OR(F1315="",G1315=""),"",100*SUMIFS(zips!$C:$C,zips!$B:$B,F1315,zips!$E:$E,"<"&G1315)/SUMIFS(zips!$C:$C,zips!$B:$B,F1315,zips!$E:$E,">0"))	8424.0927	96.0055	=IF(I1315="","",ROUND(G1315-I1315,2))	=IF(J1315="","",ROUND(H1315-J1315,2))
Invitation Homes	3514 W Royal Palm Rd			85051	=IFERROR(INDEX(zips!$B:$B,MATCH(E1316,zips!$A:$A,0)),"")	=IFERROR(INDEX(zips!$E:$E,MATCH(E1316,zips!$A:$A,0)),"")	=IF(OR(F1316="",G1316=""),"",100*SUMIFS(zips!$C:$C,zips!$B:$B,F1316,zips!$E:$E,"<"&G1316)/SUMIFS(zips!$C:$C,zips!$B:$B,F1316,zips!$E:$E,">0"))	7156.073	92.5565	=IF(I1316="","",ROUND(G1316-I1316,2))	=IF(J1316="","",ROUND(H1316-J1316,2))
Invitation Homes	3725 W Barnes Ln			85051	=IFERROR(INDEX(zips!$B:$B,MATCH(E1317,zips!$A:$A,0)),"")	=IFERROR(INDEX(zips!$E:$E,MATCH(E1317,zips!$A:$A,0)),"")	=IF(OR(F1317="",G1317=""),"",100*SUMIFS(zips!$C:$C,zips!$B:$B,F1317,zips!$E:$E,"<"&G1317)/SUMIFS(zips!$C:$C,zips!$B:$B,F1317,zips!$E:$E,">0"))	7156.073	92.5565	=IF(I1317="","",ROUND(G1317-I1317,2))	=IF(J1317="","",ROUND(H1317-J1317,2))
Invitation Homes	8835 N 29Th Ave			85051	=IFERROR(INDEX(zips!$B:$B,MATCH(E1318,zips!$A:$A,0)),"")	=IFERROR(INDEX(zips!$E:$E,MATCH(E1318,zips!$A:$A,0)),"")	=IF(OR(F1318="",G1318=""),"",100*SUMIFS(zips!$C:$C,zips!$B:$B,F1318,zips!$E:$E,"<"&G1318)/SUMIFS(zips!$C:$C,zips!$B:$B,F1318,zips!$E:$E,">0"))	7156.073	92.5565	=IF(I1318="","",ROUND(G1318-I1318,2))	=IF(J1318="","",ROUND(H1318-J1318,2))
Invitation Homes	816 W 18Th St			85281	=IFERROR(INDEX(zips!$B:$B,MATCH(E1319,zips!$A:$A,0)),"")	=IFERROR(INDEX(zips!$E:$E,MATCH(E1319,zips!$A:$A,0)),"")	=IF(OR(F1319="",G1319=""),"",100*SUMIFS(zips!$C:$C,zips!$B:$B,F1319,zips!$E:$E,"<"&G1319)/SUMIFS(zips!$C:$C,zips!$B:$B,F1319,zips!$E:$E,">0"))	5314.5476	75.3708	=IF(I1319="","",ROUND(G1319-I1319,2))	=IF(J1319="","",ROUND(H1319-J1319,2))
Invitation Homes	1922 E Balboa Dr			85282	=IFERROR(INDEX(zips!$B:$B,MATCH(E1320,zips!$A:$A,0)),"")	=IFERROR(INDEX(zips!$E:$E,MATCH(E1320,zips!$A:$A,0)),"")	=IF(OR(F1320="",G1320=""),"",100*SUMIFS(zips!$C:$C,zips!$B:$B,F1320,zips!$E:$E,"<"&G1320)/SUMIFS(zips!$C:$C,zips!$B:$B,F1320,zips!$E:$E,">0"))	4910.8848	70.6306	=IF(I1320="","",ROUND(G1320-I1320,2))	=IF(J1320="","",ROUND(H1320-J1320,2))
Invitation Homes	8708 E Palm Ln			85257	=IFERROR(INDEX(zips!$B:$B,MATCH(E1321,zips!$A:$A,0)),"")	=IFERROR(INDEX(zips!$E:$E,MATCH(E1321,zips!$A:$A,0)),"")	=IF(OR(F1321="",G1321=""),"",100*SUMIFS(zips!$C:$C,zips!$B:$B,F1321,zips!$E:$E,"<"&G1321)/SUMIFS(zips!$C:$C,zips!$B:$B,F1321,zips!$E:$E,">0"))	4231.7215	61.4764	=IF(I1321="","",ROUND(G1321-I1321,2))	=IF(J1321="","",ROUND(H1321-J1321,2))
Invitation Homes	8252 E Monte Vista Rd			85257	=IFERROR(INDEX(zips!$B:$B,MATCH(E1322,zips!$A:$A,0)),"")	=IFERROR(INDEX(zips!$E:$E,MATCH(E1322,zips!$A:$A,0)),"")	=IF(OR(F1322="",G1322=""),"",100*SUMIFS(zips!$C:$C,zips!$B:$B,F1322,zips!$E:$E,"<"&G1322)/SUMIFS(zips!$C:$C,zips!$B:$B,F1322,zips!$E:$E,">0"))	4231.7215	61.4764	=IF(I1322="","",ROUND(G1322-I1322,2))	=IF(J1322="","",ROUND(H1322-J1322,2))
Invitation Homes	1641 W 6Th Dr			85202	=IFERROR(INDEX(zips!$B:$B,MATCH(E1323,zips!$A:$A,0)),"")	=IFERROR(INDEX(zips!$E:$E,MATCH(E1323,zips!$A:$A,0)),"")	=IF(OR(F1323="",G1323=""),"",100*SUMIFS(zips!$C:$C,zips!$B:$B,F1323,zips!$E:$E,"<"&G1323)/SUMIFS(zips!$C:$C,zips!$B:$B,F1323,zips!$E:$E,">0"))	6300.8339	88.017	=IF(I1323="","",ROUND(G1323-I1323,2))	=IF(J1323="","",ROUND(H1323-J1323,2))
Invitation Homes	456 E 6Th Dr Unit A			85204	=IFERROR(INDEX(zips!$B:$B,MATCH(E1324,zips!$A:$A,0)),"")	=IFERROR(INDEX(zips!$E:$E,MATCH(E1324,zips!$A:$A,0)),"")	=IF(OR(F1324="",G1324=""),"",100*SUMIFS(zips!$C:$C,zips!$B:$B,F1324,zips!$E:$E,"<"&G1324)/SUMIFS(zips!$C:$C,zips!$B:$B,F1324,zips!$E:$E,">0"))	6562.172	90.4206	=IF(I1324="","",ROUND(G1324-I1324,2))	=IF(J1324="","",ROUND(H1324-J1324,2))
Invitation Homes	607 S Pioneer			85204	=IFERROR(INDEX(zips!$B:$B,MATCH(E1325,zips!$A:$A,0)),"")	=IFERROR(INDEX(zips!$E:$E,MATCH(E1325,zips!$A:$A,0)),"")	=IF(OR(F1325="",G1325=""),"",100*SUMIFS(zips!$C:$C,zips!$B:$B,F1325,zips!$E:$E,"<"&G1325)/SUMIFS(zips!$C:$C,zips!$B:$B,F1325,zips!$E:$E,">0"))	6562.172	90.4206	=IF(I1325="","",ROUND(G1325-I1325,2))	=IF(J1325="","",ROUND(H1325-J1325,2))
Invitation Homes	561 E Franklin Ave			85204	=IFERROR(INDEX(zips!$B:$B,MATCH(E1326,zips!$A:$A,0)),"")	=IFERROR(INDEX(zips!$E:$E,MATCH(E1326,zips!$A:$A,0)),"")	=IF(OR(F1326="",G1326=""),"",100*SUMIFS(zips!$C:$C,zips!$B:$B,F1326,zips!$E:$E,"<"&G1326)/SUMIFS(zips!$C:$C,zips!$B:$B,F1326,zips!$E:$E,">0"))	6562.172	90.4206	=IF(I1326="","",ROUND(G1326-I1326,2))	=IF(J1326="","",ROUND(H1326-J1326,2))
Invitation Homes	9801 N 37Th Dr			85051	=IFERROR(INDEX(zips!$B:$B,MATCH(E1327,zips!$A:$A,0)),"")	=IFERROR(INDEX(zips!$E:$E,MATCH(E1327,zips!$A:$A,0)),"")	=IF(OR(F1327="",G1327=""),"",100*SUMIFS(zips!$C:$C,zips!$B:$B,F1327,zips!$E:$E,"<"&G1327)/SUMIFS(zips!$C:$C,zips!$B:$B,F1327,zips!$E:$E,">0"))	7156.073	92.5565	=IF(I1327="","",ROUND(G1327-I1327,2))	=IF(J1327="","",ROUND(H1327-J1327,2))
Invitation Homes	3415 W Shaw Butte Dr			85029	=IFERROR(INDEX(zips!$B:$B,MATCH(E1328,zips!$A:$A,0)),"")	=IFERROR(INDEX(zips!$E:$E,MATCH(E1328,zips!$A:$A,0)),"")	=IF(OR(F1328="",G1328=""),"",100*SUMIFS(zips!$C:$C,zips!$B:$B,F1328,zips!$E:$E,"<"&G1328)/SUMIFS(zips!$C:$C,zips!$B:$B,F1328,zips!$E:$E,">0"))	5282.9967	73.4199	=IF(I1328="","",ROUND(G1328-I1328,2))	=IF(J1328="","",ROUND(H1328-J1328,2))
Invitation Homes	4111 W Wethersfield Road			85029	=IFERROR(INDEX(zips!$B:$B,MATCH(E1329,zips!$A:$A,0)),"")	=IFERROR(INDEX(zips!$E:$E,MATCH(E1329,zips!$A:$A,0)),"")	=IF(OR(F1329="",G1329=""),"",100*SUMIFS(zips!$C:$C,zips!$B:$B,F1329,zips!$E:$E,"<"&G1329)/SUMIFS(zips!$C:$C,zips!$B:$B,F1329,zips!$E:$E,">0"))	5282.9967	73.4199	=IF(I1329="","",ROUND(G1329-I1329,2))	=IF(J1329="","",ROUND(H1329-J1329,2))
Invitation Homes	3943 W Windrose Dr			85029	=IFERROR(INDEX(zips!$B:$B,MATCH(E1330,zips!$A:$A,0)),"")	=IFERROR(INDEX(zips!$E:$E,MATCH(E1330,zips!$A:$A,0)),"")	=IF(OR(F1330="",G1330=""),"",100*SUMIFS(zips!$C:$C,zips!$B:$B,F1330,zips!$E:$E,"<"&G1330)/SUMIFS(zips!$C:$C,zips!$B:$B,F1330,zips!$E:$E,">0"))	5282.9967	73.4199	=IF(I1330="","",ROUND(G1330-I1330,2))	=IF(J1330="","",ROUND(H1330-J1330,2))
Invitation Homes	3949 W Windrose Dr			85029	=IFERROR(INDEX(zips!$B:$B,MATCH(E1331,zips!$A:$A,0)),"")	=IFERROR(INDEX(zips!$E:$E,MATCH(E1331,zips!$A:$A,0)),"")	=IF(OR(F1331="",G1331=""),"",100*SUMIFS(zips!$C:$C,zips!$B:$B,F1331,zips!$E:$E,"<"&G1331)/SUMIFS(zips!$C:$C,zips!$B:$B,F1331,zips!$E:$E,">0"))	5282.9967	73.4199	=IF(I1331="","",ROUND(G1331-I1331,2))	=IF(J1331="","",ROUND(H1331-J1331,2))
Invitation Homes	3819 W Columbine Drive			85029	=IFERROR(INDEX(zips!$B:$B,MATCH(E1332,zips!$A:$A,0)),"")	=IFERROR(INDEX(zips!$E:$E,MATCH(E1332,zips!$A:$A,0)),"")	=IF(OR(F1332="",G1332=""),"",100*SUMIFS(zips!$C:$C,zips!$B:$B,F1332,zips!$E:$E,"<"&G1332)/SUMIFS(zips!$C:$C,zips!$B:$B,F1332,zips!$E:$E,">0"))	5282.9967	73.4199	=IF(I1332="","",ROUND(G1332-I1332,2))	=IF(J1332="","",ROUND(H1332-J1332,2))
Invitation Homes	1407 W Thunderbird Rd			85023	=IFERROR(INDEX(zips!$B:$B,MATCH(E1333,zips!$A:$A,0)),"")	=IFERROR(INDEX(zips!$E:$E,MATCH(E1333,zips!$A:$A,0)),"")	=IF(OR(F1333="",G1333=""),"",100*SUMIFS(zips!$C:$C,zips!$B:$B,F1333,zips!$E:$E,"<"&G1333)/SUMIFS(zips!$C:$C,zips!$B:$B,F1333,zips!$E:$E,">0"))	4672.1975	68.6749	=IF(I1333="","",ROUND(G1333-I1333,2))	=IF(J1333="","",ROUND(H1333-J1333,2))
Invitation Homes	1631 W Helena Drive			85023	=IFERROR(INDEX(zips!$B:$B,MATCH(E1334,zips!$A:$A,0)),"")	=IFERROR(INDEX(zips!$E:$E,MATCH(E1334,zips!$A:$A,0)),"")	=IF(OR(F1334="",G1334=""),"",100*SUMIFS(zips!$C:$C,zips!$B:$B,F1334,zips!$E:$E,"<"&G1334)/SUMIFS(zips!$C:$C,zips!$B:$B,F1334,zips!$E:$E,">0"))	4672.1975	68.6749	=IF(I1334="","",ROUND(G1334-I1334,2))	=IF(J1334="","",ROUND(H1334-J1334,2))
Invitation Homes	17244 N 13Th Ave			85023	=IFERROR(INDEX(zips!$B:$B,MATCH(E1335,zips!$A:$A,0)),"")	=IFERROR(INDEX(zips!$E:$E,MATCH(E1335,zips!$A:$A,0)),"")	=IF(OR(F1335="",G1335=""),"",100*SUMIFS(zips!$C:$C,zips!$B:$B,F1335,zips!$E:$E,"<"&G1335)/SUMIFS(zips!$C:$C,zips!$B:$B,F1335,zips!$E:$E,">0"))	4672.1975	68.6749	=IF(I1335="","",ROUND(G1335-I1335,2))	=IF(J1335="","",ROUND(H1335-J1335,2))
Invitation Homes	1531 W Villa Rita Dr			85023	=IFERROR(INDEX(zips!$B:$B,MATCH(E1336,zips!$A:$A,0)),"")	=IFERROR(INDEX(zips!$E:$E,MATCH(E1336,zips!$A:$A,0)),"")	=IF(OR(F1336="",G1336=""),"",100*SUMIFS(zips!$C:$C,zips!$B:$B,F1336,zips!$E:$E,"<"&G1336)/SUMIFS(zips!$C:$C,zips!$B:$B,F1336,zips!$E:$E,">0"))	4672.1975	68.6749	=IF(I1336="","",ROUND(G1336-I1336,2))	=IF(J1336="","",ROUND(H1336-J1336,2))
Invitation Homes	401 E Morrow Dr			85024	=IFERROR(INDEX(zips!$B:$B,MATCH(E1337,zips!$A:$A,0)),"")	=IFERROR(INDEX(zips!$E:$E,MATCH(E1337,zips!$A:$A,0)),"")	=IF(OR(F1337="",G1337=""),"",100*SUMIFS(zips!$C:$C,zips!$B:$B,F1337,zips!$E:$E,"<"&G1337)/SUMIFS(zips!$C:$C,zips!$B:$B,F1337,zips!$E:$E,">0"))	2190.4274	32.5907	=IF(I1337="","",ROUND(G1337-I1337,2))	=IF(J1337="","",ROUND(H1337-J1337,2))
Invitation Homes	517 E Kerry Lane			85024	=IFERROR(INDEX(zips!$B:$B,MATCH(E1338,zips!$A:$A,0)),"")	=IFERROR(INDEX(zips!$E:$E,MATCH(E1338,zips!$A:$A,0)),"")	=IF(OR(F1338="",G1338=""),"",100*SUMIFS(zips!$C:$C,zips!$B:$B,F1338,zips!$E:$E,"<"&G1338)/SUMIFS(zips!$C:$C,zips!$B:$B,F1338,zips!$E:$E,">0"))	2190.4274	32.5907	=IF(I1338="","",ROUND(G1338-I1338,2))	=IF(J1338="","",ROUND(H1338-J1338,2))
Invitation Homes	3831 E Surrey Ave			85032	=IFERROR(INDEX(zips!$B:$B,MATCH(E1339,zips!$A:$A,0)),"")	=IFERROR(INDEX(zips!$E:$E,MATCH(E1339,zips!$A:$A,0)),"")	=IF(OR(F1339="",G1339=""),"",100*SUMIFS(zips!$C:$C,zips!$B:$B,F1339,zips!$E:$E,"<"&G1339)/SUMIFS(zips!$C:$C,zips!$B:$B,F1339,zips!$E:$E,">0"))	5698.2124	81.6517	=IF(I1339="","",ROUND(G1339-I1339,2))	=IF(J1339="","",ROUND(H1339-J1339,2))
Invitation Homes	3814 E Willow Ave			85032	=IFERROR(INDEX(zips!$B:$B,MATCH(E1340,zips!$A:$A,0)),"")	=IFERROR(INDEX(zips!$E:$E,MATCH(E1340,zips!$A:$A,0)),"")	=IF(OR(F1340="",G1340=""),"",100*SUMIFS(zips!$C:$C,zips!$B:$B,F1340,zips!$E:$E,"<"&G1340)/SUMIFS(zips!$C:$C,zips!$B:$B,F1340,zips!$E:$E,">0"))	5698.2124	81.6517	=IF(I1340="","",ROUND(G1340-I1340,2))	=IF(J1340="","",ROUND(H1340-J1340,2))
Invitation Homes	3922 E Emile Zola Ave			85032	=IFERROR(INDEX(zips!$B:$B,MATCH(E1341,zips!$A:$A,0)),"")	=IFERROR(INDEX(zips!$E:$E,MATCH(E1341,zips!$A:$A,0)),"")	=IF(OR(F1341="",G1341=""),"",100*SUMIFS(zips!$C:$C,zips!$B:$B,F1341,zips!$E:$E,"<"&G1341)/SUMIFS(zips!$C:$C,zips!$B:$B,F1341,zips!$E:$E,">0"))	5698.2124	81.6517	=IF(I1341="","",ROUND(G1341-I1341,2))	=IF(J1341="","",ROUND(H1341-J1341,2))
Invitation Homes	13620 N 38Th St			85032	=IFERROR(INDEX(zips!$B:$B,MATCH(E1342,zips!$A:$A,0)),"")	=IFERROR(INDEX(zips!$E:$E,MATCH(E1342,zips!$A:$A,0)),"")	=IF(OR(F1342="",G1342=""),"",100*SUMIFS(zips!$C:$C,zips!$B:$B,F1342,zips!$E:$E,"<"&G1342)/SUMIFS(zips!$C:$C,zips!$B:$B,F1342,zips!$E:$E,">0"))	5698.2124	81.6517	=IF(I1342="","",ROUND(G1342-I1342,2))	=IF(J1342="","",ROUND(H1342-J1342,2))
Invitation Homes	2307 E Hillery Dr			85022	=IFERROR(INDEX(zips!$B:$B,MATCH(E1343,zips!$A:$A,0)),"")	=IFERROR(INDEX(zips!$E:$E,MATCH(E1343,zips!$A:$A,0)),"")	=IF(OR(F1343="",G1343=""),"",100*SUMIFS(zips!$C:$C,zips!$B:$B,F1343,zips!$E:$E,"<"&G1343)/SUMIFS(zips!$C:$C,zips!$B:$B,F1343,zips!$E:$E,">0"))	5583.2358	80.1627	=IF(I1343="","",ROUND(G1343-I1343,2))	=IF(J1343="","",ROUND(H1343-J1343,2))
Invitation Homes	1433 E Utopia Road			85024	=IFERROR(INDEX(zips!$B:$B,MATCH(E1344,zips!$A:$A,0)),"")	=IFERROR(INDEX(zips!$E:$E,MATCH(E1344,zips!$A:$A,0)),"")	=IF(OR(F1344="",G1344=""),"",100*SUMIFS(zips!$C:$C,zips!$B:$B,F1344,zips!$E:$E,"<"&G1344)/SUMIFS(zips!$C:$C,zips!$B:$B,F1344,zips!$E:$E,">0"))	2190.4274	32.5907	=IF(I1344="","",ROUND(G1344-I1344,2))	=IF(J1344="","",ROUND(H1344-J1344,2))
Invitation Homes	2502 E Villa Rita Dr			85032	=IFERROR(INDEX(zips!$B:$B,MATCH(E1345,zips!$A:$A,0)),"")	=IFERROR(INDEX(zips!$E:$E,MATCH(E1345,zips!$A:$A,0)),"")	=IF(OR(F1345="",G1345=""),"",100*SUMIFS(zips!$C:$C,zips!$B:$B,F1345,zips!$E:$E,"<"&G1345)/SUMIFS(zips!$C:$C,zips!$B:$B,F1345,zips!$E:$E,">0"))	5698.2124	81.6517	=IF(I1345="","",ROUND(G1345-I1345,2))	=IF(J1345="","",ROUND(H1345-J1345,2))
Invitation Homes	2720 E Michelle Dr			85032	=IFERROR(INDEX(zips!$B:$B,MATCH(E1346,zips!$A:$A,0)),"")	=IFERROR(INDEX(zips!$E:$E,MATCH(E1346,zips!$A:$A,0)),"")	=IF(OR(F1346="",G1346=""),"",100*SUMIFS(zips!$C:$C,zips!$B:$B,F1346,zips!$E:$E,"<"&G1346)/SUMIFS(zips!$C:$C,zips!$B:$B,F1346,zips!$E:$E,">0"))	5698.2124	81.6517	=IF(I1346="","",ROUND(G1346-I1346,2))	=IF(J1346="","",ROUND(H1346-J1346,2))
Invitation Homes	14428 N 33Rd Pl			85032	=IFERROR(INDEX(zips!$B:$B,MATCH(E1347,zips!$A:$A,0)),"")	=IFERROR(INDEX(zips!$E:$E,MATCH(E1347,zips!$A:$A,0)),"")	=IF(OR(F1347="",G1347=""),"",100*SUMIFS(zips!$C:$C,zips!$B:$B,F1347,zips!$E:$E,"<"&G1347)/SUMIFS(zips!$C:$C,zips!$B:$B,F1347,zips!$E:$E,">0"))	5698.2124	81.6517	=IF(I1347="","",ROUND(G1347-I1347,2))	=IF(J1347="","",ROUND(H1347-J1347,2))
Invitation Homes	14845 N 37Th Pl			85032	=IFERROR(INDEX(zips!$B:$B,MATCH(E1348,zips!$A:$A,0)),"")	=IFERROR(INDEX(zips!$E:$E,MATCH(E1348,zips!$A:$A,0)),"")	=IF(OR(F1348="",G1348=""),"",100*SUMIFS(zips!$C:$C,zips!$B:$B,F1348,zips!$E:$E,"<"&G1348)/SUMIFS(zips!$C:$C,zips!$B:$B,F1348,zips!$E:$E,">0"))	5698.2124	81.6517	=IF(I1348="","",ROUND(G1348-I1348,2))	=IF(J1348="","",ROUND(H1348-J1348,2))
Invitation Homes	3221 W Irma Lane			85027	=IFERROR(INDEX(zips!$B:$B,MATCH(E1349,zips!$A:$A,0)),"")	=IFERROR(INDEX(zips!$E:$E,MATCH(E1349,zips!$A:$A,0)),"")	=IF(OR(F1349="",G1349=""),"",100*SUMIFS(zips!$C:$C,zips!$B:$B,F1349,zips!$E:$E,"<"&G1349)/SUMIFS(zips!$C:$C,zips!$B:$B,F1349,zips!$E:$E,">0"))	3323.0481	46.8126	=IF(I1349="","",ROUND(G1349-I1349,2))	=IF(J1349="","",ROUND(H1349-J1349,2))
Invitation Homes	3302 West Tina Ln			85027	=IFERROR(INDEX(zips!$B:$B,MATCH(E1350,zips!$A:$A,0)),"")	=IFERROR(INDEX(zips!$E:$E,MATCH(E1350,zips!$A:$A,0)),"")	=IF(OR(F1350="",G1350=""),"",100*SUMIFS(zips!$C:$C,zips!$B:$B,F1350,zips!$E:$E,"<"&G1350)/SUMIFS(zips!$C:$C,zips!$B:$B,F1350,zips!$E:$E,">0"))	3323.0481	46.8126	=IF(I1350="","",ROUND(G1350-I1350,2))	=IF(J1350="","",ROUND(H1350-J1350,2))
Invitation Homes	4044 W Camino Del Rio			85310	=IFERROR(INDEX(zips!$B:$B,MATCH(E1351,zips!$A:$A,0)),"")	=IFERROR(INDEX(zips!$E:$E,MATCH(E1351,zips!$A:$A,0)),"")	=IF(OR(F1351="",G1351=""),"",100*SUMIFS(zips!$C:$C,zips!$B:$B,F1351,zips!$E:$E,"<"&G1351)/SUMIFS(zips!$C:$C,zips!$B:$B,F1351,zips!$E:$E,">0"))	2138.0137	32.1931	=IF(I1351="","",ROUND(G1351-I1351,2))	=IF(J1351="","",ROUND(H1351-J1351,2))
Invitation Homes	23606 N 38Th Ave			85310	=IFERROR(INDEX(zips!$B:$B,MATCH(E1352,zips!$A:$A,0)),"")	=IFERROR(INDEX(zips!$E:$E,MATCH(E1352,zips!$A:$A,0)),"")	=IF(OR(F1352="",G1352=""),"",100*SUMIFS(zips!$C:$C,zips!$B:$B,F1352,zips!$E:$E,"<"&G1352)/SUMIFS(zips!$C:$C,zips!$B:$B,F1352,zips!$E:$E,">0"))	2138.0137	32.1931	=IF(I1352="","",ROUND(G1352-I1352,2))	=IF(J1352="","",ROUND(H1352-J1352,2))
Invitation Homes	4057 W Cielo Grande			85310	=IFERROR(INDEX(zips!$B:$B,MATCH(E1353,zips!$A:$A,0)),"")	=IFERROR(INDEX(zips!$E:$E,MATCH(E1353,zips!$A:$A,0)),"")	=IF(OR(F1353="",G1353=""),"",100*SUMIFS(zips!$C:$C,zips!$B:$B,F1353,zips!$E:$E,"<"&G1353)/SUMIFS(zips!$C:$C,zips!$B:$B,F1353,zips!$E:$E,">0"))	2138.0137	32.1931	=IF(I1353="","",ROUND(G1353-I1353,2))	=IF(J1353="","",ROUND(H1353-J1353,2))
Invitation Homes	3711 W Camino Real			85310	=IFERROR(INDEX(zips!$B:$B,MATCH(E1354,zips!$A:$A,0)),"")	=IFERROR(INDEX(zips!$E:$E,MATCH(E1354,zips!$A:$A,0)),"")	=IF(OR(F1354="",G1354=""),"",100*SUMIFS(zips!$C:$C,zips!$B:$B,F1354,zips!$E:$E,"<"&G1354)/SUMIFS(zips!$C:$C,zips!$B:$B,F1354,zips!$E:$E,">0"))	2138.0137	32.1931	=IF(I1354="","",ROUND(G1354-I1354,2))	=IF(J1354="","",ROUND(H1354-J1354,2))
Invitation Homes	1771 W Menadota Dr			85027	=IFERROR(INDEX(zips!$B:$B,MATCH(E1355,zips!$A:$A,0)),"")	=IFERROR(INDEX(zips!$E:$E,MATCH(E1355,zips!$A:$A,0)),"")	=IF(OR(F1355="",G1355=""),"",100*SUMIFS(zips!$C:$C,zips!$B:$B,F1355,zips!$E:$E,"<"&G1355)/SUMIFS(zips!$C:$C,zips!$B:$B,F1355,zips!$E:$E,">0"))	3323.0481	46.8126	=IF(I1355="","",ROUND(G1355-I1355,2))	=IF(J1355="","",ROUND(H1355-J1355,2))
Invitation Homes	20233 N 13Th Avenue			85027	=IFERROR(INDEX(zips!$B:$B,MATCH(E1356,zips!$A:$A,0)),"")	=IFERROR(INDEX(zips!$E:$E,MATCH(E1356,zips!$A:$A,0)),"")	=IF(OR(F1356="",G1356=""),"",100*SUMIFS(zips!$C:$C,zips!$B:$B,F1356,zips!$E:$E,"<"&G1356)/SUMIFS(zips!$C:$C,zips!$B:$B,F1356,zips!$E:$E,">0"))	3323.0481	46.8126	=IF(I1356="","",ROUND(G1356-I1356,2))	=IF(J1356="","",ROUND(H1356-J1356,2))
Invitation Homes	514 E Marco Polo Rd			85024	=IFERROR(INDEX(zips!$B:$B,MATCH(E1357,zips!$A:$A,0)),"")	=IFERROR(INDEX(zips!$E:$E,MATCH(E1357,zips!$A:$A,0)),"")	=IF(OR(F1357="",G1357=""),"",100*SUMIFS(zips!$C:$C,zips!$B:$B,F1357,zips!$E:$E,"<"&G1357)/SUMIFS(zips!$C:$C,zips!$B:$B,F1357,zips!$E:$E,">0"))	2190.4274	32.5907	=IF(I1357="","",ROUND(G1357-I1357,2))	=IF(J1357="","",ROUND(H1357-J1357,2))
Invitation Homes	19818 N 8Th Pl			85024	=IFERROR(INDEX(zips!$B:$B,MATCH(E1358,zips!$A:$A,0)),"")	=IFERROR(INDEX(zips!$E:$E,MATCH(E1358,zips!$A:$A,0)),"")	=IF(OR(F1358="",G1358=""),"",100*SUMIFS(zips!$C:$C,zips!$B:$B,F1358,zips!$E:$E,"<"&G1358)/SUMIFS(zips!$C:$C,zips!$B:$B,F1358,zips!$E:$E,">0"))	2190.4274	32.5907	=IF(I1358="","",ROUND(G1358-I1358,2))	=IF(J1358="","",ROUND(H1358-J1358,2))
Invitation Homes	3024 West Running Deer Trail			85083	=IFERROR(INDEX(zips!$B:$B,MATCH(E1359,zips!$A:$A,0)),"")	=IFERROR(INDEX(zips!$E:$E,MATCH(E1359,zips!$A:$A,0)),"")	=IF(OR(F1359="",G1359=""),"",100*SUMIFS(zips!$C:$C,zips!$B:$B,F1359,zips!$E:$E,"<"&G1359)/SUMIFS(zips!$C:$C,zips!$B:$B,F1359,zips!$E:$E,">0"))	1065.0309	21.1236	=IF(I1359="","",ROUND(G1359-I1359,2))	=IF(J1359="","",ROUND(H1359-J1359,2))
Invitation Homes	27921 N 23Rd Dr			85085	=IFERROR(INDEX(zips!$B:$B,MATCH(E1360,zips!$A:$A,0)),"")	=IFERROR(INDEX(zips!$E:$E,MATCH(E1360,zips!$A:$A,0)),"")	=IF(OR(F1360="",G1360=""),"",100*SUMIFS(zips!$C:$C,zips!$B:$B,F1360,zips!$E:$E,"<"&G1360)/SUMIFS(zips!$C:$C,zips!$B:$B,F1360,zips!$E:$E,">0"))	790.4927	15.9066	=IF(I1360="","",ROUND(G1360-I1360,2))	=IF(J1360="","",ROUND(H1360-J1360,2))
Invitation Homes	4112 E Cherry Hills Dr			85249	=IFERROR(INDEX(zips!$B:$B,MATCH(E1361,zips!$A:$A,0)),"")	=IFERROR(INDEX(zips!$E:$E,MATCH(E1361,zips!$A:$A,0)),"")	=IF(OR(F1361="",G1361=""),"",100*SUMIFS(zips!$C:$C,zips!$B:$B,F1361,zips!$E:$E,"<"&G1361)/SUMIFS(zips!$C:$C,zips!$B:$B,F1361,zips!$E:$E,">0"))	3346.4353	47.603	=IF(I1361="","",ROUND(G1361-I1361,2))	=IF(J1361="","",ROUND(H1361-J1361,2))
Invitation Homes	7035 S San Jacinto Ct			85298	=IFERROR(INDEX(zips!$B:$B,MATCH(E1362,zips!$A:$A,0)),"")	=IFERROR(INDEX(zips!$E:$E,MATCH(E1362,zips!$A:$A,0)),"")	=IF(OR(F1362="",G1362=""),"",100*SUMIFS(zips!$C:$C,zips!$B:$B,F1362,zips!$E:$E,"<"&G1362)/SUMIFS(zips!$C:$C,zips!$B:$B,F1362,zips!$E:$E,">0"))	2778.1252	40.8833	=IF(I1362="","",ROUND(G1362-I1362,2))	=IF(J1362="","",ROUND(H1362-J1362,2))
Invitation Homes	2629 W Prospector Way			85142	=IFERROR(INDEX(zips!$B:$B,MATCH(E1363,zips!$A:$A,0)),"")	=IFERROR(INDEX(zips!$E:$E,MATCH(E1363,zips!$A:$A,0)),"")	=IF(OR(F1363="",G1363=""),"",100*SUMIFS(zips!$C:$C,zips!$B:$B,F1363,zips!$E:$E,"<"&G1363)/SUMIFS(zips!$C:$C,zips!$B:$B,F1363,zips!$E:$E,">0"))	860.539	17.8242	=IF(I1363="","",ROUND(G1363-I1363,2))	=IF(J1363="","",ROUND(H1363-J1363,2))
Invitation Homes	23226 N Serenity Trail			85132	=IFERROR(INDEX(zips!$B:$B,MATCH(E1364,zips!$A:$A,0)),"")	=IFERROR(INDEX(zips!$E:$E,MATCH(E1364,zips!$A:$A,0)),"")	=IF(OR(F1364="",G1364=""),"",100*SUMIFS(zips!$C:$C,zips!$B:$B,F1364,zips!$E:$E,"<"&G1364)/SUMIFS(zips!$C:$C,zips!$B:$B,F1364,zips!$E:$E,">0"))	64.5447	1.7193	=IF(I1364="","",ROUND(G1364-I1364,2))	=IF(J1364="","",ROUND(H1364-J1364,2))
Invitation Homes	4110 E Sierrita Rd			85143	=IFERROR(INDEX(zips!$B:$B,MATCH(E1365,zips!$A:$A,0)),"")	=IFERROR(INDEX(zips!$E:$E,MATCH(E1365,zips!$A:$A,0)),"")	=IF(OR(F1365="",G1365=""),"",100*SUMIFS(zips!$C:$C,zips!$B:$B,F1365,zips!$E:$E,"<"&G1365)/SUMIFS(zips!$C:$C,zips!$B:$B,F1365,zips!$E:$E,">0"))	1327.482	26.9581	=IF(I1365="","",ROUND(G1365-I1365,2))	=IF(J1365="","",ROUND(H1365-J1365,2))
Invitation Homes	28588 N Rainfall Dr			85143	=IFERROR(INDEX(zips!$B:$B,MATCH(E1366,zips!$A:$A,0)),"")	=IFERROR(INDEX(zips!$E:$E,MATCH(E1366,zips!$A:$A,0)),"")	=IF(OR(F1366="",G1366=""),"",100*SUMIFS(zips!$C:$C,zips!$B:$B,F1366,zips!$E:$E,"<"&G1366)/SUMIFS(zips!$C:$C,zips!$B:$B,F1366,zips!$E:$E,">0"))	1327.482	26.9581	=IF(I1366="","",ROUND(G1366-I1366,2))	=IF(J1366="","",ROUND(H1366-J1366,2))
Invitation Homes	1715 E Desert Moon Trl			85143	=IFERROR(INDEX(zips!$B:$B,MATCH(E1367,zips!$A:$A,0)),"")	=IFERROR(INDEX(zips!$E:$E,MATCH(E1367,zips!$A:$A,0)),"")	=IF(OR(F1367="",G1367=""),"",100*SUMIFS(zips!$C:$C,zips!$B:$B,F1367,zips!$E:$E,"<"&G1367)/SUMIFS(zips!$C:$C,zips!$B:$B,F1367,zips!$E:$E,">0"))	1327.482	26.9581	=IF(I1367="","",ROUND(G1367-I1367,2))	=IF(J1367="","",ROUND(H1367-J1367,2))
Invitation Homes	3185 W Dancer Ln			85142	=IFERROR(INDEX(zips!$B:$B,MATCH(E1368,zips!$A:$A,0)),"")	=IFERROR(INDEX(zips!$E:$E,MATCH(E1368,zips!$A:$A,0)),"")	=IF(OR(F1368="",G1368=""),"",100*SUMIFS(zips!$C:$C,zips!$B:$B,F1368,zips!$E:$E,"<"&G1368)/SUMIFS(zips!$C:$C,zips!$B:$B,F1368,zips!$E:$E,">0"))	860.539	17.8242	=IF(I1368="","",ROUND(G1368-I1368,2))	=IF(J1368="","",ROUND(H1368-J1368,2))
Invitation Homes	2453 W Mericrest Way			85142	=IFERROR(INDEX(zips!$B:$B,MATCH(E1369,zips!$A:$A,0)),"")	=IFERROR(INDEX(zips!$E:$E,MATCH(E1369,zips!$A:$A,0)),"")	=IF(OR(F1369="",G1369=""),"",100*SUMIFS(zips!$C:$C,zips!$B:$B,F1369,zips!$E:$E,"<"&G1369)/SUMIFS(zips!$C:$C,zips!$B:$B,F1369,zips!$E:$E,">0"))	860.539	17.8242	=IF(I1369="","",ROUND(G1369-I1369,2))	=IF(J1369="","",ROUND(H1369-J1369,2))
Invitation Homes	3179 W Belle Ave			85142	=IFERROR(INDEX(zips!$B:$B,MATCH(E1370,zips!$A:$A,0)),"")	=IFERROR(INDEX(zips!$E:$E,MATCH(E1370,zips!$A:$A,0)),"")	=IF(OR(F1370="",G1370=""),"",100*SUMIFS(zips!$C:$C,zips!$B:$B,F1370,zips!$E:$E,"<"&G1370)/SUMIFS(zips!$C:$C,zips!$B:$B,F1370,zips!$E:$E,">0"))	860.539	17.8242	=IF(I1370="","",ROUND(G1370-I1370,2))	=IF(J1370="","",ROUND(H1370-J1370,2))
Invitation Homes	1544 W San Tan Hills Dr			85142	=IFERROR(INDEX(zips!$B:$B,MATCH(E1371,zips!$A:$A,0)),"")	=IFERROR(INDEX(zips!$E:$E,MATCH(E1371,zips!$A:$A,0)),"")	=IF(OR(F1371="",G1371=""),"",100*SUMIFS(zips!$C:$C,zips!$B:$B,F1371,zips!$E:$E,"<"&G1371)/SUMIFS(zips!$C:$C,zips!$B:$B,F1371,zips!$E:$E,">0"))	860.539	17.8242	=IF(I1371="","",ROUND(G1371-I1371,2))	=IF(J1371="","",ROUND(H1371-J1371,2))
Invitation Homes	1903 W Gold Mine Way			85142	=IFERROR(INDEX(zips!$B:$B,MATCH(E1372,zips!$A:$A,0)),"")	=IFERROR(INDEX(zips!$E:$E,MATCH(E1372,zips!$A:$A,0)),"")	=IF(OR(F1372="",G1372=""),"",100*SUMIFS(zips!$C:$C,zips!$B:$B,F1372,zips!$E:$E,"<"&G1372)/SUMIFS(zips!$C:$C,zips!$B:$B,F1372,zips!$E:$E,">0"))	860.539	17.8242	=IF(I1372="","",ROUND(G1372-I1372,2))	=IF(J1372="","",ROUND(H1372-J1372,2))
Invitation Homes	34927 N Mirandesa Dr			85143	=IFERROR(INDEX(zips!$B:$B,MATCH(E1373,zips!$A:$A,0)),"")	=IFERROR(INDEX(zips!$E:$E,MATCH(E1373,zips!$A:$A,0)),"")	=IF(OR(F1373="",G1373=""),"",100*SUMIFS(zips!$C:$C,zips!$B:$B,F1373,zips!$E:$E,"<"&G1373)/SUMIFS(zips!$C:$C,zips!$B:$B,F1373,zips!$E:$E,">0"))	1327.482	26.9581	=IF(I1373="","",ROUND(G1373-I1373,2))	=IF(J1373="","",ROUND(H1373-J1373,2))
Invitation Homes	1711 W Quick Draw Way			85142	=IFERROR(INDEX(zips!$B:$B,MATCH(E1374,zips!$A:$A,0)),"")	=IFERROR(INDEX(zips!$E:$E,MATCH(E1374,zips!$A:$A,0)),"")	=IF(OR(F1374="",G1374=""),"",100*SUMIFS(zips!$C:$C,zips!$B:$B,F1374,zips!$E:$E,"<"&G1374)/SUMIFS(zips!$C:$C,zips!$B:$B,F1374,zips!$E:$E,">0"))	860.539	17.8242	=IF(I1374="","",ROUND(G1374-I1374,2))	=IF(J1374="","",ROUND(H1374-J1374,2))
Invitation Homes	1374 W Matthews Dr			85143	=IFERROR(INDEX(zips!$B:$B,MATCH(E1375,zips!$A:$A,0)),"")	=IFERROR(INDEX(zips!$E:$E,MATCH(E1375,zips!$A:$A,0)),"")	=IF(OR(F1375="",G1375=""),"",100*SUMIFS(zips!$C:$C,zips!$B:$B,F1375,zips!$E:$E,"<"&G1375)/SUMIFS(zips!$C:$C,zips!$B:$B,F1375,zips!$E:$E,">0"))	1327.482	26.9581	=IF(I1375="","",ROUND(G1375-I1375,2))	=IF(J1375="","",ROUND(H1375-J1375,2))
Invitation Homes	977 W Jersey Way			85143	=IFERROR(INDEX(zips!$B:$B,MATCH(E1376,zips!$A:$A,0)),"")	=IFERROR(INDEX(zips!$E:$E,MATCH(E1376,zips!$A:$A,0)),"")	=IF(OR(F1376="",G1376=""),"",100*SUMIFS(zips!$C:$C,zips!$B:$B,F1376,zips!$E:$E,"<"&G1376)/SUMIFS(zips!$C:$C,zips!$B:$B,F1376,zips!$E:$E,">0"))	1327.482	26.9581	=IF(I1376="","",ROUND(G1376-I1376,2))	=IF(J1376="","",ROUND(H1376-J1376,2))
Invitation Homes	1063 W Brangus Way			85143	=IFERROR(INDEX(zips!$B:$B,MATCH(E1377,zips!$A:$A,0)),"")	=IFERROR(INDEX(zips!$E:$E,MATCH(E1377,zips!$A:$A,0)),"")	=IF(OR(F1377="",G1377=""),"",100*SUMIFS(zips!$C:$C,zips!$B:$B,F1377,zips!$E:$E,"<"&G1377)/SUMIFS(zips!$C:$C,zips!$B:$B,F1377,zips!$E:$E,">0"))	1327.482	26.9581	=IF(I1377="","",ROUND(G1377-I1377,2))	=IF(J1377="","",ROUND(H1377-J1377,2))
Invitation Homes	447 W Corriente Ct			85143	=IFERROR(INDEX(zips!$B:$B,MATCH(E1378,zips!$A:$A,0)),"")	=IFERROR(INDEX(zips!$E:$E,MATCH(E1378,zips!$A:$A,0)),"")	=IF(OR(F1378="",G1378=""),"",100*SUMIFS(zips!$C:$C,zips!$B:$B,F1378,zips!$E:$E,"<"&G1378)/SUMIFS(zips!$C:$C,zips!$B:$B,F1378,zips!$E:$E,">0"))	1327.482	26.9581	=IF(I1378="","",ROUND(G1378-I1378,2))	=IF(J1378="","",ROUND(H1378-J1378,2))
Invitation Homes	395 W White Sands Dr			85140	=IFERROR(INDEX(zips!$B:$B,MATCH(E1379,zips!$A:$A,0)),"")	=IFERROR(INDEX(zips!$E:$E,MATCH(E1379,zips!$A:$A,0)),"")	=IF(OR(F1379="",G1379=""),"",100*SUMIFS(zips!$C:$C,zips!$B:$B,F1379,zips!$E:$E,"<"&G1379)/SUMIFS(zips!$C:$C,zips!$B:$B,F1379,zips!$E:$E,">0"))	619.9313	13.738	=IF(I1379="","",ROUND(G1379-I1379,2))	=IF(J1379="","",ROUND(H1379-J1379,2))
Invitation Homes	3961 E French Trotter St			85140	=IFERROR(INDEX(zips!$B:$B,MATCH(E1380,zips!$A:$A,0)),"")	=IFERROR(INDEX(zips!$E:$E,MATCH(E1380,zips!$A:$A,0)),"")	=IF(OR(F1380="",G1380=""),"",100*SUMIFS(zips!$C:$C,zips!$B:$B,F1380,zips!$E:$E,"<"&G1380)/SUMIFS(zips!$C:$C,zips!$B:$B,F1380,zips!$E:$E,">0"))	619.9313	13.738	=IF(I1380="","",ROUND(G1380-I1380,2))	=IF(J1380="","",ROUND(H1380-J1380,2))
Invitation Homes	3648 E Janelle Way			85298	=IFERROR(INDEX(zips!$B:$B,MATCH(E1381,zips!$A:$A,0)),"")	=IFERROR(INDEX(zips!$E:$E,MATCH(E1381,zips!$A:$A,0)),"")	=IF(OR(F1381="",G1381=""),"",100*SUMIFS(zips!$C:$C,zips!$B:$B,F1381,zips!$E:$E,"<"&G1381)/SUMIFS(zips!$C:$C,zips!$B:$B,F1381,zips!$E:$E,">0"))	2778.1252	40.8833	=IF(I1381="","",ROUND(G1381-I1381,2))	=IF(J1381="","",ROUND(H1381-J1381,2))
Invitation Homes	3352 E Chickadee Road			85297	=IFERROR(INDEX(zips!$B:$B,MATCH(E1382,zips!$A:$A,0)),"")	=IFERROR(INDEX(zips!$E:$E,MATCH(E1382,zips!$A:$A,0)),"")	=IF(OR(F1382="",G1382=""),"",100*SUMIFS(zips!$C:$C,zips!$B:$B,F1382,zips!$E:$E,"<"&G1382)/SUMIFS(zips!$C:$C,zips!$B:$B,F1382,zips!$E:$E,">0"))	3312.3602	46.0921	=IF(I1382="","",ROUND(G1382-I1382,2))	=IF(J1382="","",ROUND(H1382-J1382,2))
Invitation Homes	4162 S Ponderosa Dr			85297	=IFERROR(INDEX(zips!$B:$B,MATCH(E1383,zips!$A:$A,0)),"")	=IFERROR(INDEX(zips!$E:$E,MATCH(E1383,zips!$A:$A,0)),"")	=IF(OR(F1383="",G1383=""),"",100*SUMIFS(zips!$C:$C,zips!$B:$B,F1383,zips!$E:$E,"<"&G1383)/SUMIFS(zips!$C:$C,zips!$B:$B,F1383,zips!$E:$E,">0"))	3312.3602	46.0921	=IF(I1383="","",ROUND(G1383-I1383,2))	=IF(J1383="","",ROUND(H1383-J1383,2))
Invitation Homes	3836 E Narrowleaf Dr			85298	=IFERROR(INDEX(zips!$B:$B,MATCH(E1384,zips!$A:$A,0)),"")	=IFERROR(INDEX(zips!$E:$E,MATCH(E1384,zips!$A:$A,0)),"")	=IF(OR(F1384="",G1384=""),"",100*SUMIFS(zips!$C:$C,zips!$B:$B,F1384,zips!$E:$E,"<"&G1384)/SUMIFS(zips!$C:$C,zips!$B:$B,F1384,zips!$E:$E,">0"))	2778.1252	40.8833	=IF(I1384="","",ROUND(G1384-I1384,2))	=IF(J1384="","",ROUND(H1384-J1384,2))
Invitation Homes	4699 W Feather Plume Dr			85142	=IFERROR(INDEX(zips!$B:$B,MATCH(E1385,zips!$A:$A,0)),"")	=IFERROR(INDEX(zips!$E:$E,MATCH(E1385,zips!$A:$A,0)),"")	=IF(OR(F1385="",G1385=""),"",100*SUMIFS(zips!$C:$C,zips!$B:$B,F1385,zips!$E:$E,"<"&G1385)/SUMIFS(zips!$C:$C,zips!$B:$B,F1385,zips!$E:$E,">0"))	860.539	17.8242	=IF(I1385="","",ROUND(G1385-I1385,2))	=IF(J1385="","",ROUND(H1385-J1385,2))
Invitation Homes	3810 E Chickadee Rd			85297	=IFERROR(INDEX(zips!$B:$B,MATCH(E1386,zips!$A:$A,0)),"")	=IFERROR(INDEX(zips!$E:$E,MATCH(E1386,zips!$A:$A,0)),"")	=IF(OR(F1386="",G1386=""),"",100*SUMIFS(zips!$C:$C,zips!$B:$B,F1386,zips!$E:$E,"<"&G1386)/SUMIFS(zips!$C:$C,zips!$B:$B,F1386,zips!$E:$E,">0"))	3312.3602	46.0921	=IF(I1386="","",ROUND(G1386-I1386,2))	=IF(J1386="","",ROUND(H1386-J1386,2))
Invitation Homes	3915 S Napa Ln			85297	=IFERROR(INDEX(zips!$B:$B,MATCH(E1387,zips!$A:$A,0)),"")	=IFERROR(INDEX(zips!$E:$E,MATCH(E1387,zips!$A:$A,0)),"")	=IF(OR(F1387="",G1387=""),"",100*SUMIFS(zips!$C:$C,zips!$B:$B,F1387,zips!$E:$E,"<"&G1387)/SUMIFS(zips!$C:$C,zips!$B:$B,F1387,zips!$E:$E,">0"))	3312.3602	46.0921	=IF(I1387="","",ROUND(G1387-I1387,2))	=IF(J1387="","",ROUND(H1387-J1387,2))
Invitation Homes	3917 S Rim Rd			85297	=IFERROR(INDEX(zips!$B:$B,MATCH(E1388,zips!$A:$A,0)),"")	=IFERROR(INDEX(zips!$E:$E,MATCH(E1388,zips!$A:$A,0)),"")	=IF(OR(F1388="",G1388=""),"",100*SUMIFS(zips!$C:$C,zips!$B:$B,F1388,zips!$E:$E,"<"&G1388)/SUMIFS(zips!$C:$C,zips!$B:$B,F1388,zips!$E:$E,">0"))	3312.3602	46.0921	=IF(I1388="","",ROUND(G1388-I1388,2))	=IF(J1388="","",ROUND(H1388-J1388,2))
Invitation Homes	4764 E Bonanza Rd			85297	=IFERROR(INDEX(zips!$B:$B,MATCH(E1389,zips!$A:$A,0)),"")	=IFERROR(INDEX(zips!$E:$E,MATCH(E1389,zips!$A:$A,0)),"")	=IF(OR(F1389="",G1389=""),"",100*SUMIFS(zips!$C:$C,zips!$B:$B,F1389,zips!$E:$E,"<"&G1389)/SUMIFS(zips!$C:$C,zips!$B:$B,F1389,zips!$E:$E,">0"))	3312.3602	46.0921	=IF(I1389="","",ROUND(G1389-I1389,2))	=IF(J1389="","",ROUND(H1389-J1389,2))
Invitation Homes	2270 S Wallrade Ln			85295	=IFERROR(INDEX(zips!$B:$B,MATCH(E1390,zips!$A:$A,0)),"")	=IFERROR(INDEX(zips!$E:$E,MATCH(E1390,zips!$A:$A,0)),"")	=IF(OR(F1390="",G1390=""),"",100*SUMIFS(zips!$C:$C,zips!$B:$B,F1390,zips!$E:$E,"<"&G1390)/SUMIFS(zips!$C:$C,zips!$B:$B,F1390,zips!$E:$E,">0"))	4535.7824	65.6487	=IF(I1390="","",ROUND(G1390-I1390,2))	=IF(J1390="","",ROUND(H1390-J1390,2))
Invitation Homes	9915 E Tiburon Avenue			85212	=IFERROR(INDEX(zips!$B:$B,MATCH(E1391,zips!$A:$A,0)),"")	=IFERROR(INDEX(zips!$E:$E,MATCH(E1391,zips!$A:$A,0)),"")	=IF(OR(F1391="",G1391=""),"",100*SUMIFS(zips!$C:$C,zips!$B:$B,F1391,zips!$E:$E,"<"&G1391)/SUMIFS(zips!$C:$C,zips!$B:$B,F1391,zips!$E:$E,">0"))	1307.1779	25.9357	=IF(I1391="","",ROUND(G1391-I1391,2))	=IF(J1391="","",ROUND(H1391-J1391,2))
Invitation Homes	114 E Palomino Dr			85296	=IFERROR(INDEX(zips!$B:$B,MATCH(E1392,zips!$A:$A,0)),"")	=IFERROR(INDEX(zips!$E:$E,MATCH(E1392,zips!$A:$A,0)),"")	=IF(OR(F1392="",G1392=""),"",100*SUMIFS(zips!$C:$C,zips!$B:$B,F1392,zips!$E:$E,"<"&G1392)/SUMIFS(zips!$C:$C,zips!$B:$B,F1392,zips!$E:$E,">0"))	4461.222	63.8459	=IF(I1392="","",ROUND(G1392-I1392,2))	=IF(J1392="","",ROUND(H1392-J1392,2))
Invitation Homes	364 S Bermuda Dr			85296	=IFERROR(INDEX(zips!$B:$B,MATCH(E1393,zips!$A:$A,0)),"")	=IFERROR(INDEX(zips!$E:$E,MATCH(E1393,zips!$A:$A,0)),"")	=IF(OR(F1393="",G1393=""),"",100*SUMIFS(zips!$C:$C,zips!$B:$B,F1393,zips!$E:$E,"<"&G1393)/SUMIFS(zips!$C:$C,zips!$B:$B,F1393,zips!$E:$E,">0"))	4461.222	63.8459	=IF(I1393="","",ROUND(G1393-I1393,2))	=IF(J1393="","",ROUND(H1393-J1393,2))
Invitation Homes	1757 S Voyager Dr			85295	=IFERROR(INDEX(zips!$B:$B,MATCH(E1394,zips!$A:$A,0)),"")	=IFERROR(INDEX(zips!$E:$E,MATCH(E1394,zips!$A:$A,0)),"")	=IF(OR(F1394="",G1394=""),"",100*SUMIFS(zips!$C:$C,zips!$B:$B,F1394,zips!$E:$E,"<"&G1394)/SUMIFS(zips!$C:$C,zips!$B:$B,F1394,zips!$E:$E,">0"))	4535.7824	65.6487	=IF(I1394="","",ROUND(G1394-I1394,2))	=IF(J1394="","",ROUND(H1394-J1394,2))
Invitation Homes	2640 E Megan St			85295	=IFERROR(INDEX(zips!$B:$B,MATCH(E1395,zips!$A:$A,0)),"")	=IFERROR(INDEX(zips!$E:$E,MATCH(E1395,zips!$A:$A,0)),"")	=IF(OR(F1395="",G1395=""),"",100*SUMIFS(zips!$C:$C,zips!$B:$B,F1395,zips!$E:$E,"<"&G1395)/SUMIFS(zips!$C:$C,zips!$B:$B,F1395,zips!$E:$E,">0"))	4535.7824	65.6487	=IF(I1395="","",ROUND(G1395-I1395,2))	=IF(J1395="","",ROUND(H1395-J1395,2))
Invitation Homes	2731 E Bart St			85295	=IFERROR(INDEX(zips!$B:$B,MATCH(E1396,zips!$A:$A,0)),"")	=IFERROR(INDEX(zips!$E:$E,MATCH(E1396,zips!$A:$A,0)),"")	=IF(OR(F1396="",G1396=""),"",100*SUMIFS(zips!$C:$C,zips!$B:$B,F1396,zips!$E:$E,"<"&G1396)/SUMIFS(zips!$C:$C,zips!$B:$B,F1396,zips!$E:$E,">0"))	4535.7824	65.6487	=IF(I1396="","",ROUND(G1396-I1396,2))	=IF(J1396="","",ROUND(H1396-J1396,2))
Invitation Homes	3379 E Constitution Dr			85296	=IFERROR(INDEX(zips!$B:$B,MATCH(E1397,zips!$A:$A,0)),"")	=IFERROR(INDEX(zips!$E:$E,MATCH(E1397,zips!$A:$A,0)),"")	=IF(OR(F1397="",G1397=""),"",100*SUMIFS(zips!$C:$C,zips!$B:$B,F1397,zips!$E:$E,"<"&G1397)/SUMIFS(zips!$C:$C,zips!$B:$B,F1397,zips!$E:$E,">0"))	4461.222	63.8459	=IF(I1397="","",ROUND(G1397-I1397,2))	=IF(J1397="","",ROUND(H1397-J1397,2))
Invitation Homes	1477 S Sinova Ave			85296	=IFERROR(INDEX(zips!$B:$B,MATCH(E1398,zips!$A:$A,0)),"")	=IFERROR(INDEX(zips!$E:$E,MATCH(E1398,zips!$A:$A,0)),"")	=IF(OR(F1398="",G1398=""),"",100*SUMIFS(zips!$C:$C,zips!$B:$B,F1398,zips!$E:$E,"<"&G1398)/SUMIFS(zips!$C:$C,zips!$B:$B,F1398,zips!$E:$E,">0"))	4461.222	63.8459	=IF(I1398="","",ROUND(G1398-I1398,2))	=IF(J1398="","",ROUND(H1398-J1398,2))
Invitation Homes	1483 S Colt Dr			85296	=IFERROR(INDEX(zips!$B:$B,MATCH(E1399,zips!$A:$A,0)),"")	=IFERROR(INDEX(zips!$E:$E,MATCH(E1399,zips!$A:$A,0)),"")	=IF(OR(F1399="",G1399=""),"",100*SUMIFS(zips!$C:$C,zips!$B:$B,F1399,zips!$E:$E,"<"&G1399)/SUMIFS(zips!$C:$C,zips!$B:$B,F1399,zips!$E:$E,">0"))	4461.222	63.8459	=IF(I1399="","",ROUND(G1399-I1399,2))	=IF(J1399="","",ROUND(H1399-J1399,2))
Invitation Homes	1472 S Colt Dr			85296	=IFERROR(INDEX(zips!$B:$B,MATCH(E1400,zips!$A:$A,0)),"")	=IFERROR(INDEX(zips!$E:$E,MATCH(E1400,zips!$A:$A,0)),"")	=IF(OR(F1400="",G1400=""),"",100*SUMIFS(zips!$C:$C,zips!$B:$B,F1400,zips!$E:$E,"<"&G1400)/SUMIFS(zips!$C:$C,zips!$B:$B,F1400,zips!$E:$E,">0"))	4461.222	63.8459	=IF(I1400="","",ROUND(G1400-I1400,2))	=IF(J1400="","",ROUND(H1400-J1400,2))
Invitation Homes	3385 E Liberty Ln			85296	=IFERROR(INDEX(zips!$B:$B,MATCH(E1401,zips!$A:$A,0)),"")	=IFERROR(INDEX(zips!$E:$E,MATCH(E1401,zips!$A:$A,0)),"")	=IF(OR(F1401="",G1401=""),"",100*SUMIFS(zips!$C:$C,zips!$B:$B,F1401,zips!$E:$E,"<"&G1401)/SUMIFS(zips!$C:$C,zips!$B:$B,F1401,zips!$E:$E,">0"))	4461.222	63.8459	=IF(I1401="","",ROUND(G1401-I1401,2))	=IF(J1401="","",ROUND(H1401-J1401,2))
Invitation Homes	3392 E Liberty Ln			85296	=IFERROR(INDEX(zips!$B:$B,MATCH(E1402,zips!$A:$A,0)),"")	=IFERROR(INDEX(zips!$E:$E,MATCH(E1402,zips!$A:$A,0)),"")	=IF(OR(F1402="",G1402=""),"",100*SUMIFS(zips!$C:$C,zips!$B:$B,F1402,zips!$E:$E,"<"&G1402)/SUMIFS(zips!$C:$C,zips!$B:$B,F1402,zips!$E:$E,">0"))	4461.222	63.8459	=IF(I1402="","",ROUND(G1402-I1402,2))	=IF(J1402="","",ROUND(H1402-J1402,2))
Invitation Homes	3376 E Liberty Ln			85296	=IFERROR(INDEX(zips!$B:$B,MATCH(E1403,zips!$A:$A,0)),"")	=IFERROR(INDEX(zips!$E:$E,MATCH(E1403,zips!$A:$A,0)),"")	=IF(OR(F1403="",G1403=""),"",100*SUMIFS(zips!$C:$C,zips!$B:$B,F1403,zips!$E:$E,"<"&G1403)/SUMIFS(zips!$C:$C,zips!$B:$B,F1403,zips!$E:$E,">0"))	4461.222	63.8459	=IF(I1403="","",ROUND(G1403-I1403,2))	=IF(J1403="","",ROUND(H1403-J1403,2))
Invitation Homes	3642 E Constitution Dr			85296	=IFERROR(INDEX(zips!$B:$B,MATCH(E1404,zips!$A:$A,0)),"")	=IFERROR(INDEX(zips!$E:$E,MATCH(E1404,zips!$A:$A,0)),"")	=IF(OR(F1404="",G1404=""),"",100*SUMIFS(zips!$C:$C,zips!$B:$B,F1404,zips!$E:$E,"<"&G1404)/SUMIFS(zips!$C:$C,zips!$B:$B,F1404,zips!$E:$E,">0"))	4461.222	63.8459	=IF(I1404="","",ROUND(G1404-I1404,2))	=IF(J1404="","",ROUND(H1404-J1404,2))
Invitation Homes	1413 S Ponderosa Dr			85296	=IFERROR(INDEX(zips!$B:$B,MATCH(E1405,zips!$A:$A,0)),"")	=IFERROR(INDEX(zips!$E:$E,MATCH(E1405,zips!$A:$A,0)),"")	=IF(OR(F1405="",G1405=""),"",100*SUMIFS(zips!$C:$C,zips!$B:$B,F1405,zips!$E:$E,"<"&G1405)/SUMIFS(zips!$C:$C,zips!$B:$B,F1405,zips!$E:$E,">0"))	4461.222	63.8459	=IF(I1405="","",ROUND(G1405-I1405,2))	=IF(J1405="","",ROUND(H1405-J1405,2))
Invitation Homes	1407 S Moccasin Trl			85296	=IFERROR(INDEX(zips!$B:$B,MATCH(E1406,zips!$A:$A,0)),"")	=IFERROR(INDEX(zips!$E:$E,MATCH(E1406,zips!$A:$A,0)),"")	=IF(OR(F1406="",G1406=""),"",100*SUMIFS(zips!$C:$C,zips!$B:$B,F1406,zips!$E:$E,"<"&G1406)/SUMIFS(zips!$C:$C,zips!$B:$B,F1406,zips!$E:$E,">0"))	4461.222	63.8459	=IF(I1406="","",ROUND(G1406-I1406,2))	=IF(J1406="","",ROUND(H1406-J1406,2))
Invitation Homes	1375 S Moccasin Trl			85296	=IFERROR(INDEX(zips!$B:$B,MATCH(E1407,zips!$A:$A,0)),"")	=IFERROR(INDEX(zips!$E:$E,MATCH(E1407,zips!$A:$A,0)),"")	=IF(OR(F1407="",G1407=""),"",100*SUMIFS(zips!$C:$C,zips!$B:$B,F1407,zips!$E:$E,"<"&G1407)/SUMIFS(zips!$C:$C,zips!$B:$B,F1407,zips!$E:$E,">0"))	4461.222	63.8459	=IF(I1407="","",ROUND(G1407-I1407,2))	=IF(J1407="","",ROUND(H1407-J1407,2))
Invitation Homes	1370 S Ponderosa Dr			85296	=IFERROR(INDEX(zips!$B:$B,MATCH(E1408,zips!$A:$A,0)),"")	=IFERROR(INDEX(zips!$E:$E,MATCH(E1408,zips!$A:$A,0)),"")	=IF(OR(F1408="",G1408=""),"",100*SUMIFS(zips!$C:$C,zips!$B:$B,F1408,zips!$E:$E,"<"&G1408)/SUMIFS(zips!$C:$C,zips!$B:$B,F1408,zips!$E:$E,">0"))	4461.222	63.8459	=IF(I1408="","",ROUND(G1408-I1408,2))	=IF(J1408="","",ROUND(H1408-J1408,2))
Invitation Homes	1382 S Ponderosa Dr			85296	=IFERROR(INDEX(zips!$B:$B,MATCH(E1409,zips!$A:$A,0)),"")	=IFERROR(INDEX(zips!$E:$E,MATCH(E1409,zips!$A:$A,0)),"")	=IF(OR(F1409="",G1409=""),"",100*SUMIFS(zips!$C:$C,zips!$B:$B,F1409,zips!$E:$E,"<"&G1409)/SUMIFS(zips!$C:$C,zips!$B:$B,F1409,zips!$E:$E,">0"))	4461.222	63.8459	=IF(I1409="","",ROUND(G1409-I1409,2))	=IF(J1409="","",ROUND(H1409-J1409,2))
Invitation Homes	1373 S Ponderosa Dr			85296	=IFERROR(INDEX(zips!$B:$B,MATCH(E1410,zips!$A:$A,0)),"")	=IFERROR(INDEX(zips!$E:$E,MATCH(E1410,zips!$A:$A,0)),"")	=IF(OR(F1410="",G1410=""),"",100*SUMIFS(zips!$C:$C,zips!$B:$B,F1410,zips!$E:$E,"<"&G1410)/SUMIFS(zips!$C:$C,zips!$B:$B,F1410,zips!$E:$E,">0"))	4461.222	63.8459	=IF(I1410="","",ROUND(G1410-I1410,2))	=IF(J1410="","",ROUND(H1410-J1410,2))
Invitation Homes	2361 E Pinto Dr			85296	=IFERROR(INDEX(zips!$B:$B,MATCH(E1411,zips!$A:$A,0)),"")	=IFERROR(INDEX(zips!$E:$E,MATCH(E1411,zips!$A:$A,0)),"")	=IF(OR(F1411="",G1411=""),"",100*SUMIFS(zips!$C:$C,zips!$B:$B,F1411,zips!$E:$E,"<"&G1411)/SUMIFS(zips!$C:$C,zips!$B:$B,F1411,zips!$E:$E,">0"))	4461.222	63.8459	=IF(I1411="","",ROUND(G1411-I1411,2))	=IF(J1411="","",ROUND(H1411-J1411,2))
Invitation Homes	75 W San Remo Street			85233	=IFERROR(INDEX(zips!$B:$B,MATCH(E1412,zips!$A:$A,0)),"")	=IFERROR(INDEX(zips!$E:$E,MATCH(E1412,zips!$A:$A,0)),"")	=IF(OR(F1412="",G1412=""),"",100*SUMIFS(zips!$C:$C,zips!$B:$B,F1412,zips!$E:$E,"<"&G1412)/SUMIFS(zips!$C:$C,zips!$B:$B,F1412,zips!$E:$E,">0"))	3922.16	54.135	=IF(I1412="","",ROUND(G1412-I1412,2))	=IF(J1412="","",ROUND(H1412-J1412,2))
Invitation Homes	1822 S 39Th St Unit 121			85206	=IFERROR(INDEX(zips!$B:$B,MATCH(E1413,zips!$A:$A,0)),"")	=IFERROR(INDEX(zips!$E:$E,MATCH(E1413,zips!$A:$A,0)),"")	=IF(OR(F1413="",G1413=""),"",100*SUMIFS(zips!$C:$C,zips!$B:$B,F1413,zips!$E:$E,"<"&G1413)/SUMIFS(zips!$C:$C,zips!$B:$B,F1413,zips!$E:$E,">0"))	3930.5422	54.9022	=IF(I1413="","",ROUND(G1413-I1413,2))	=IF(J1413="","",ROUND(H1413-J1413,2))
Invitation Homes	1704 S 39Th St Unit 9			85206	=IFERROR(INDEX(zips!$B:$B,MATCH(E1414,zips!$A:$A,0)),"")	=IFERROR(INDEX(zips!$E:$E,MATCH(E1414,zips!$A:$A,0)),"")	=IF(OR(F1414="",G1414=""),"",100*SUMIFS(zips!$C:$C,zips!$B:$B,F1414,zips!$E:$E,"<"&G1414)/SUMIFS(zips!$C:$C,zips!$B:$B,F1414,zips!$E:$E,">0"))	3930.5422	54.9022	=IF(I1414="","",ROUND(G1414-I1414,2))	=IF(J1414="","",ROUND(H1414-J1414,2))
Invitation Homes	3515 E Bartlett Dr			85234	=IFERROR(INDEX(zips!$B:$B,MATCH(E1415,zips!$A:$A,0)),"")	=IFERROR(INDEX(zips!$E:$E,MATCH(E1415,zips!$A:$A,0)),"")	=IF(OR(F1415="",G1415=""),"",100*SUMIFS(zips!$C:$C,zips!$B:$B,F1415,zips!$E:$E,"<"&G1415)/SUMIFS(zips!$C:$C,zips!$B:$B,F1415,zips!$E:$E,">0"))	4106.171	59.9814	=IF(I1415="","",ROUND(G1415-I1415,2))	=IF(J1415="","",ROUND(H1415-J1415,2))
Invitation Homes	1538 S Avocet Street			85296	=IFERROR(INDEX(zips!$B:$B,MATCH(E1416,zips!$A:$A,0)),"")	=IFERROR(INDEX(zips!$E:$E,MATCH(E1416,zips!$A:$A,0)),"")	=IF(OR(F1416="",G1416=""),"",100*SUMIFS(zips!$C:$C,zips!$B:$B,F1416,zips!$E:$E,"<"&G1416)/SUMIFS(zips!$C:$C,zips!$B:$B,F1416,zips!$E:$E,">0"))	4461.222	63.8459	=IF(I1416="","",ROUND(G1416-I1416,2))	=IF(J1416="","",ROUND(H1416-J1416,2))
Invitation Homes	4084 E Windsor Dr			85296	=IFERROR(INDEX(zips!$B:$B,MATCH(E1417,zips!$A:$A,0)),"")	=IFERROR(INDEX(zips!$E:$E,MATCH(E1417,zips!$A:$A,0)),"")	=IF(OR(F1417="",G1417=""),"",100*SUMIFS(zips!$C:$C,zips!$B:$B,F1417,zips!$E:$E,"<"&G1417)/SUMIFS(zips!$C:$C,zips!$B:$B,F1417,zips!$E:$E,">0"))	4461.222	63.8459	=IF(I1417="","",ROUND(G1417-I1417,2))	=IF(J1417="","",ROUND(H1417-J1417,2))
Invitation Homes	4698 E Olney Ave			85234	=IFERROR(INDEX(zips!$B:$B,MATCH(E1418,zips!$A:$A,0)),"")	=IFERROR(INDEX(zips!$E:$E,MATCH(E1418,zips!$A:$A,0)),"")	=IF(OR(F1418="",G1418=""),"",100*SUMIFS(zips!$C:$C,zips!$B:$B,F1418,zips!$E:$E,"<"&G1418)/SUMIFS(zips!$C:$C,zips!$B:$B,F1418,zips!$E:$E,">0"))	4106.171	59.9814	=IF(I1418="","",ROUND(G1418-I1418,2))	=IF(J1418="","",ROUND(H1418-J1418,2))
Invitation Homes	496 N Ranger Trl			85234	=IFERROR(INDEX(zips!$B:$B,MATCH(E1419,zips!$A:$A,0)),"")	=IFERROR(INDEX(zips!$E:$E,MATCH(E1419,zips!$A:$A,0)),"")	=IF(OR(F1419="",G1419=""),"",100*SUMIFS(zips!$C:$C,zips!$B:$B,F1419,zips!$E:$E,"<"&G1419)/SUMIFS(zips!$C:$C,zips!$B:$B,F1419,zips!$E:$E,">0"))	4106.171	59.9814	=IF(I1419="","",ROUND(G1419-I1419,2))	=IF(J1419="","",ROUND(H1419-J1419,2))
Invitation Homes	4610 E Laurel Ct			85234	=IFERROR(INDEX(zips!$B:$B,MATCH(E1420,zips!$A:$A,0)),"")	=IFERROR(INDEX(zips!$E:$E,MATCH(E1420,zips!$A:$A,0)),"")	=IF(OR(F1420="",G1420=""),"",100*SUMIFS(zips!$C:$C,zips!$B:$B,F1420,zips!$E:$E,"<"&G1420)/SUMIFS(zips!$C:$C,zips!$B:$B,F1420,zips!$E:$E,">0"))	4106.171	59.9814	=IF(I1420="","",ROUND(G1420-I1420,2))	=IF(J1420="","",ROUND(H1420-J1420,2))
Invitation Homes	4602 E Scott Avenue			85234	=IFERROR(INDEX(zips!$B:$B,MATCH(E1421,zips!$A:$A,0)),"")	=IFERROR(INDEX(zips!$E:$E,MATCH(E1421,zips!$A:$A,0)),"")	=IF(OR(F1421="",G1421=""),"",100*SUMIFS(zips!$C:$C,zips!$B:$B,F1421,zips!$E:$E,"<"&G1421)/SUMIFS(zips!$C:$C,zips!$B:$B,F1421,zips!$E:$E,">0"))	4106.171	59.9814	=IF(I1421="","",ROUND(G1421-I1421,2))	=IF(J1421="","",ROUND(H1421-J1421,2))
Invitation Homes	4645 E Towne Ln			85234	=IFERROR(INDEX(zips!$B:$B,MATCH(E1422,zips!$A:$A,0)),"")	=IFERROR(INDEX(zips!$E:$E,MATCH(E1422,zips!$A:$A,0)),"")	=IF(OR(F1422="",G1422=""),"",100*SUMIFS(zips!$C:$C,zips!$B:$B,F1422,zips!$E:$E,"<"&G1422)/SUMIFS(zips!$C:$C,zips!$B:$B,F1422,zips!$E:$E,">0"))	4106.171	59.9814	=IF(I1422="","",ROUND(G1422-I1422,2))	=IF(J1422="","",ROUND(H1422-J1422,2))
Invitation Homes	7354 E Naranja Ave			85209	=IFERROR(INDEX(zips!$B:$B,MATCH(E1423,zips!$A:$A,0)),"")	=IFERROR(INDEX(zips!$E:$E,MATCH(E1423,zips!$A:$A,0)),"")	=IF(OR(F1423="",G1423=""),"",100*SUMIFS(zips!$C:$C,zips!$B:$B,F1423,zips!$E:$E,"<"&G1423)/SUMIFS(zips!$C:$C,zips!$B:$B,F1423,zips!$E:$E,">0"))	3577.4516	51.2708	=IF(I1423="","",ROUND(G1423-I1423,2))	=IF(J1423="","",ROUND(H1423-J1423,2))
Invitation Homes	2638 S Raven			85209	=IFERROR(INDEX(zips!$B:$B,MATCH(E1424,zips!$A:$A,0)),"")	=IFERROR(INDEX(zips!$E:$E,MATCH(E1424,zips!$A:$A,0)),"")	=IF(OR(F1424="",G1424=""),"",100*SUMIFS(zips!$C:$C,zips!$B:$B,F1424,zips!$E:$E,"<"&G1424)/SUMIFS(zips!$C:$C,zips!$B:$B,F1424,zips!$E:$E,">0"))	3577.4516	51.2708	=IF(I1424="","",ROUND(G1424-I1424,2))	=IF(J1424="","",ROUND(H1424-J1424,2))
Invitation Homes	7348 E Lomita Ave			85209	=IFERROR(INDEX(zips!$B:$B,MATCH(E1425,zips!$A:$A,0)),"")	=IFERROR(INDEX(zips!$E:$E,MATCH(E1425,zips!$A:$A,0)),"")	=IF(OR(F1425="",G1425=""),"",100*SUMIFS(zips!$C:$C,zips!$B:$B,F1425,zips!$E:$E,"<"&G1425)/SUMIFS(zips!$C:$C,zips!$B:$B,F1425,zips!$E:$E,">0"))	3577.4516	51.2708	=IF(I1425="","",ROUND(G1425-I1425,2))	=IF(J1425="","",ROUND(H1425-J1425,2))
Invitation Homes	1520 S Sandal			85206	=IFERROR(INDEX(zips!$B:$B,MATCH(E1426,zips!$A:$A,0)),"")	=IFERROR(INDEX(zips!$E:$E,MATCH(E1426,zips!$A:$A,0)),"")	=IF(OR(F1426="",G1426=""),"",100*SUMIFS(zips!$C:$C,zips!$B:$B,F1426,zips!$E:$E,"<"&G1426)/SUMIFS(zips!$C:$C,zips!$B:$B,F1426,zips!$E:$E,">0"))	3930.5422	54.9022	=IF(I1426="","",ROUND(G1426-I1426,2))	=IF(J1426="","",ROUND(H1426-J1426,2))
Invitation Homes	5814 E Hampton Ave			85206	=IFERROR(INDEX(zips!$B:$B,MATCH(E1427,zips!$A:$A,0)),"")	=IFERROR(INDEX(zips!$E:$E,MATCH(E1427,zips!$A:$A,0)),"")	=IF(OR(F1427="",G1427=""),"",100*SUMIFS(zips!$C:$C,zips!$B:$B,F1427,zips!$E:$E,"<"&G1427)/SUMIFS(zips!$C:$C,zips!$B:$B,F1427,zips!$E:$E,">0"))	3930.5422	54.9022	=IF(I1427="","",ROUND(G1427-I1427,2))	=IF(J1427="","",ROUND(H1427-J1427,2))
Invitation Homes	1148 S Sawyer			85208	=IFERROR(INDEX(zips!$B:$B,MATCH(E1428,zips!$A:$A,0)),"")	=IFERROR(INDEX(zips!$E:$E,MATCH(E1428,zips!$A:$A,0)),"")	=IF(OR(F1428="",G1428=""),"",100*SUMIFS(zips!$C:$C,zips!$B:$B,F1428,zips!$E:$E,"<"&G1428)/SUMIFS(zips!$C:$C,zips!$B:$B,F1428,zips!$E:$E,">0"))	4647.5068	67.9077	=IF(I1428="","",ROUND(G1428-I1428,2))	=IF(J1428="","",ROUND(H1428-J1428,2))
Invitation Homes	8740 East Kiowa Ave			85209	=IFERROR(INDEX(zips!$B:$B,MATCH(E1429,zips!$A:$A,0)),"")	=IFERROR(INDEX(zips!$E:$E,MATCH(E1429,zips!$A:$A,0)),"")	=IF(OR(F1429="",G1429=""),"",100*SUMIFS(zips!$C:$C,zips!$B:$B,F1429,zips!$E:$E,"<"&G1429)/SUMIFS(zips!$C:$C,zips!$B:$B,F1429,zips!$E:$E,">0"))	3577.4516	51.2708	=IF(I1429="","",ROUND(G1429-I1429,2))	=IF(J1429="","",ROUND(H1429-J1429,2))
Invitation Homes	8043 E Jacob Ave			85209	=IFERROR(INDEX(zips!$B:$B,MATCH(E1430,zips!$A:$A,0)),"")	=IFERROR(INDEX(zips!$E:$E,MATCH(E1430,zips!$A:$A,0)),"")	=IF(OR(F1430="",G1430=""),"",100*SUMIFS(zips!$C:$C,zips!$B:$B,F1430,zips!$E:$E,"<"&G1430)/SUMIFS(zips!$C:$C,zips!$B:$B,F1430,zips!$E:$E,">0"))	3577.4516	51.2708	=IF(I1430="","",ROUND(G1430-I1430,2))	=IF(J1430="","",ROUND(H1430-J1430,2))
Invitation Homes	2048 S 87Th St			85209	=IFERROR(INDEX(zips!$B:$B,MATCH(E1431,zips!$A:$A,0)),"")	=IFERROR(INDEX(zips!$E:$E,MATCH(E1431,zips!$A:$A,0)),"")	=IF(OR(F1431="",G1431=""),"",100*SUMIFS(zips!$C:$C,zips!$B:$B,F1431,zips!$E:$E,"<"&G1431)/SUMIFS(zips!$C:$C,zips!$B:$B,F1431,zips!$E:$E,">0"))	3577.4516	51.2708	=IF(I1431="","",ROUND(G1431-I1431,2))	=IF(J1431="","",ROUND(H1431-J1431,2))
Invitation Homes	2107 S Gordon			85209	=IFERROR(INDEX(zips!$B:$B,MATCH(E1432,zips!$A:$A,0)),"")	=IFERROR(INDEX(zips!$E:$E,MATCH(E1432,zips!$A:$A,0)),"")	=IF(OR(F1432="",G1432=""),"",100*SUMIFS(zips!$C:$C,zips!$B:$B,F1432,zips!$E:$E,"<"&G1432)/SUMIFS(zips!$C:$C,zips!$B:$B,F1432,zips!$E:$E,">0"))	3577.4516	51.2708	=IF(I1432="","",ROUND(G1432-I1432,2))	=IF(J1432="","",ROUND(H1432-J1432,2))
Invitation Homes	9430 E Jan Ave			85209	=IFERROR(INDEX(zips!$B:$B,MATCH(E1433,zips!$A:$A,0)),"")	=IFERROR(INDEX(zips!$E:$E,MATCH(E1433,zips!$A:$A,0)),"")	=IF(OR(F1433="",G1433=""),"",100*SUMIFS(zips!$C:$C,zips!$B:$B,F1433,zips!$E:$E,"<"&G1433)/SUMIFS(zips!$C:$C,zips!$B:$B,F1433,zips!$E:$E,">0"))	3577.4516	51.2708	=IF(I1433="","",ROUND(G1433-I1433,2))	=IF(J1433="","",ROUND(H1433-J1433,2))
Invitation Homes	22546 E Tierra Grande			85142	=IFERROR(INDEX(zips!$B:$B,MATCH(E1434,zips!$A:$A,0)),"")	=IFERROR(INDEX(zips!$E:$E,MATCH(E1434,zips!$A:$A,0)),"")	=IF(OR(F1434="",G1434=""),"",100*SUMIFS(zips!$C:$C,zips!$B:$B,F1434,zips!$E:$E,"<"&G1434)/SUMIFS(zips!$C:$C,zips!$B:$B,F1434,zips!$E:$E,">0"))	860.539	17.8242	=IF(I1434="","",ROUND(G1434-I1434,2))	=IF(J1434="","",ROUND(H1434-J1434,2))
Invitation Homes	351 W Powell Dr			85140	=IFERROR(INDEX(zips!$B:$B,MATCH(E1435,zips!$A:$A,0)),"")	=IFERROR(INDEX(zips!$E:$E,MATCH(E1435,zips!$A:$A,0)),"")	=IF(OR(F1435="",G1435=""),"",100*SUMIFS(zips!$C:$C,zips!$B:$B,F1435,zips!$E:$E,"<"&G1435)/SUMIFS(zips!$C:$C,zips!$B:$B,F1435,zips!$E:$E,">0"))	619.9313	13.738	=IF(I1435="","",ROUND(G1435-I1435,2))	=IF(J1435="","",ROUND(H1435-J1435,2))
Invitation Homes	858 E Nardini St			85140	=IFERROR(INDEX(zips!$B:$B,MATCH(E1436,zips!$A:$A,0)),"")	=IFERROR(INDEX(zips!$E:$E,MATCH(E1436,zips!$A:$A,0)),"")	=IF(OR(F1436="",G1436=""),"",100*SUMIFS(zips!$C:$C,zips!$B:$B,F1436,zips!$E:$E,"<"&G1436)/SUMIFS(zips!$C:$C,zips!$B:$B,F1436,zips!$E:$E,">0"))	619.9313	13.738	=IF(I1436="","",ROUND(G1436-I1436,2))	=IF(J1436="","",ROUND(H1436-J1436,2))
Invitation Homes	833 E Impreria St			85140	=IFERROR(INDEX(zips!$B:$B,MATCH(E1437,zips!$A:$A,0)),"")	=IFERROR(INDEX(zips!$E:$E,MATCH(E1437,zips!$A:$A,0)),"")	=IF(OR(F1437="",G1437=""),"",100*SUMIFS(zips!$C:$C,zips!$B:$B,F1437,zips!$E:$E,"<"&G1437)/SUMIFS(zips!$C:$C,zips!$B:$B,F1437,zips!$E:$E,">0"))	619.9313	13.738	=IF(I1437="","",ROUND(G1437-I1437,2))	=IF(J1437="","",ROUND(H1437-J1437,2))
Invitation Homes	38508 N La Grange Ln			85140	=IFERROR(INDEX(zips!$B:$B,MATCH(E1438,zips!$A:$A,0)),"")	=IFERROR(INDEX(zips!$E:$E,MATCH(E1438,zips!$A:$A,0)),"")	=IF(OR(F1438="",G1438=""),"",100*SUMIFS(zips!$C:$C,zips!$B:$B,F1438,zips!$E:$E,"<"&G1438)/SUMIFS(zips!$C:$C,zips!$B:$B,F1438,zips!$E:$E,">0"))	619.9313	13.738	=IF(I1438="","",ROUND(G1438-I1438,2))	=IF(J1438="","",ROUND(H1438-J1438,2))
Invitation Homes	38559 N Dolores Dr			85140	=IFERROR(INDEX(zips!$B:$B,MATCH(E1439,zips!$A:$A,0)),"")	=IFERROR(INDEX(zips!$E:$E,MATCH(E1439,zips!$A:$A,0)),"")	=IF(OR(F1439="",G1439=""),"",100*SUMIFS(zips!$C:$C,zips!$B:$B,F1439,zips!$E:$E,"<"&G1439)/SUMIFS(zips!$C:$C,zips!$B:$B,F1439,zips!$E:$E,">0"))	619.9313	13.738	=IF(I1439="","",ROUND(G1439-I1439,2))	=IF(J1439="","",ROUND(H1439-J1439,2))
Invitation Homes	11337 E Roscoe Ave			85212	=IFERROR(INDEX(zips!$B:$B,MATCH(E1440,zips!$A:$A,0)),"")	=IFERROR(INDEX(zips!$E:$E,MATCH(E1440,zips!$A:$A,0)),"")	=IF(OR(F1440="",G1440=""),"",100*SUMIFS(zips!$C:$C,zips!$B:$B,F1440,zips!$E:$E,"<"&G1440)/SUMIFS(zips!$C:$C,zips!$B:$B,F1440,zips!$E:$E,">0"))	1307.1779	25.9357	=IF(I1440="","",ROUND(G1440-I1440,2))	=IF(J1440="","",ROUND(H1440-J1440,2))
Invitation Homes	2848 South 106Th Pl			85212	=IFERROR(INDEX(zips!$B:$B,MATCH(E1441,zips!$A:$A,0)),"")	=IFERROR(INDEX(zips!$E:$E,MATCH(E1441,zips!$A:$A,0)),"")	=IF(OR(F1441="",G1441=""),"",100*SUMIFS(zips!$C:$C,zips!$B:$B,F1441,zips!$E:$E,"<"&G1441)/SUMIFS(zips!$C:$C,zips!$B:$B,F1441,zips!$E:$E,">0"))	1307.1779	25.9357	=IF(I1441="","",ROUND(G1441-I1441,2))	=IF(J1441="","",ROUND(H1441-J1441,2))
Invitation Homes	10135 E Isleta Ave			85209	=IFERROR(INDEX(zips!$B:$B,MATCH(E1442,zips!$A:$A,0)),"")	=IFERROR(INDEX(zips!$E:$E,MATCH(E1442,zips!$A:$A,0)),"")	=IF(OR(F1442="",G1442=""),"",100*SUMIFS(zips!$C:$C,zips!$B:$B,F1442,zips!$E:$E,"<"&G1442)/SUMIFS(zips!$C:$C,zips!$B:$B,F1442,zips!$E:$E,">0"))	3577.4516	51.2708	=IF(I1442="","",ROUND(G1442-I1442,2))	=IF(J1442="","",ROUND(H1442-J1442,2))
Invitation Homes	10214 E Isleta Ave			85209	=IFERROR(INDEX(zips!$B:$B,MATCH(E1443,zips!$A:$A,0)),"")	=IFERROR(INDEX(zips!$E:$E,MATCH(E1443,zips!$A:$A,0)),"")	=IF(OR(F1443="",G1443=""),"",100*SUMIFS(zips!$C:$C,zips!$B:$B,F1443,zips!$E:$E,"<"&G1443)/SUMIFS(zips!$C:$C,zips!$B:$B,F1443,zips!$E:$E,">0"))	3577.4516	51.2708	=IF(I1443="","",ROUND(G1443-I1443,2))	=IF(J1443="","",ROUND(H1443-J1443,2))
Invitation Homes	11333 E Elena Ave			85208	=IFERROR(INDEX(zips!$B:$B,MATCH(E1444,zips!$A:$A,0)),"")	=IFERROR(INDEX(zips!$E:$E,MATCH(E1444,zips!$A:$A,0)),"")	=IF(OR(F1444="",G1444=""),"",100*SUMIFS(zips!$C:$C,zips!$B:$B,F1444,zips!$E:$E,"<"&G1444)/SUMIFS(zips!$C:$C,zips!$B:$B,F1444,zips!$E:$E,">0"))	4647.5068	67.9077	=IF(I1444="","",ROUND(G1444-I1444,2))	=IF(J1444="","",ROUND(H1444-J1444,2))
Invitation Homes	3246 S Bowman Rd			85119	=IFERROR(INDEX(zips!$B:$B,MATCH(E1445,zips!$A:$A,0)),"")	=IFERROR(INDEX(zips!$E:$E,MATCH(E1445,zips!$A:$A,0)),"")	=IF(OR(F1445="",G1445=""),"",100*SUMIFS(zips!$C:$C,zips!$B:$B,F1445,zips!$E:$E,"<"&G1445)/SUMIFS(zips!$C:$C,zips!$B:$B,F1445,zips!$E:$E,">0"))	559.6809	12.1575	=IF(I1445="","",ROUND(G1445-I1445,2))	=IF(J1445="","",ROUND(H1445-J1445,2))
Invitation Homes	2136 E Bramble Ave			85204	=IFERROR(INDEX(zips!$B:$B,MATCH(E1446,zips!$A:$A,0)),"")	=IFERROR(INDEX(zips!$E:$E,MATCH(E1446,zips!$A:$A,0)),"")	=IF(OR(F1446="",G1446=""),"",100*SUMIFS(zips!$C:$C,zips!$B:$B,F1446,zips!$E:$E,"<"&G1446)/SUMIFS(zips!$C:$C,zips!$B:$B,F1446,zips!$E:$E,">0"))	6562.172	90.4206	=IF(I1446="","",ROUND(G1446-I1446,2))	=IF(J1446="","",ROUND(H1446-J1446,2))
Invitation Homes	254 N 25Th St			85213	=IFERROR(INDEX(zips!$B:$B,MATCH(E1447,zips!$A:$A,0)),"")	=IFERROR(INDEX(zips!$E:$E,MATCH(E1447,zips!$A:$A,0)),"")	=IF(OR(F1447="",G1447=""),"",100*SUMIFS(zips!$C:$C,zips!$B:$B,F1447,zips!$E:$E,"<"&G1447)/SUMIFS(zips!$C:$C,zips!$B:$B,F1447,zips!$E:$E,">0"))	4048.926	59.2247	=IF(I1447="","",ROUND(G1447-I1447,2))	=IF(J1447="","",ROUND(H1447-J1447,2))
Invitation Homes	3035 E Hermosa Vista Dr			85213	=IFERROR(INDEX(zips!$B:$B,MATCH(E1448,zips!$A:$A,0)),"")	=IFERROR(INDEX(zips!$E:$E,MATCH(E1448,zips!$A:$A,0)),"")	=IF(OR(F1448="",G1448=""),"",100*SUMIFS(zips!$C:$C,zips!$B:$B,F1448,zips!$E:$E,"<"&G1448)/SUMIFS(zips!$C:$C,zips!$B:$B,F1448,zips!$E:$E,">0"))	4048.926	59.2247	=IF(I1448="","",ROUND(G1448-I1448,2))	=IF(J1448="","",ROUND(H1448-J1448,2))
Invitation Homes	6145 E Covina Street			85205	=IFERROR(INDEX(zips!$B:$B,MATCH(E1449,zips!$A:$A,0)),"")	=IFERROR(INDEX(zips!$E:$E,MATCH(E1449,zips!$A:$A,0)),"")	=IF(OR(F1449="",G1449=""),"",100*SUMIFS(zips!$C:$C,zips!$B:$B,F1449,zips!$E:$E,"<"&G1449)/SUMIFS(zips!$C:$C,zips!$B:$B,F1449,zips!$E:$E,">0"))	4413.4663	62.9395	=IF(I1449="","",ROUND(G1449-I1449,2))	=IF(J1449="","",ROUND(H1449-J1449,2))
Invitation Homes	6129 E Colby Street			85205	=IFERROR(INDEX(zips!$B:$B,MATCH(E1450,zips!$A:$A,0)),"")	=IFERROR(INDEX(zips!$E:$E,MATCH(E1450,zips!$A:$A,0)),"")	=IF(OR(F1450="",G1450=""),"",100*SUMIFS(zips!$C:$C,zips!$B:$B,F1450,zips!$E:$E,"<"&G1450)/SUMIFS(zips!$C:$C,zips!$B:$B,F1450,zips!$E:$E,">0"))	4413.4663	62.9395	=IF(I1450="","",ROUND(G1450-I1450,2))	=IF(J1450="","",ROUND(H1450-J1450,2))
Invitation Homes	5831 E Ellis St			85205	=IFERROR(INDEX(zips!$B:$B,MATCH(E1451,zips!$A:$A,0)),"")	=IFERROR(INDEX(zips!$E:$E,MATCH(E1451,zips!$A:$A,0)),"")	=IF(OR(F1451="",G1451=""),"",100*SUMIFS(zips!$C:$C,zips!$B:$B,F1451,zips!$E:$E,"<"&G1451)/SUMIFS(zips!$C:$C,zips!$B:$B,F1451,zips!$E:$E,">0"))	4413.4663	62.9395	=IF(I1451="","",ROUND(G1451-I1451,2))	=IF(J1451="","",ROUND(H1451-J1451,2))
Invitation Homes	9544 E Bramble Ave			85208	=IFERROR(INDEX(zips!$B:$B,MATCH(E1452,zips!$A:$A,0)),"")	=IFERROR(INDEX(zips!$E:$E,MATCH(E1452,zips!$A:$A,0)),"")	=IF(OR(F1452="",G1452=""),"",100*SUMIFS(zips!$C:$C,zips!$B:$B,F1452,zips!$E:$E,"<"&G1452)/SUMIFS(zips!$C:$C,zips!$B:$B,F1452,zips!$E:$E,">0"))	4647.5068	67.9077	=IF(I1452="","",ROUND(G1452-I1452,2))	=IF(J1452="","",ROUND(H1452-J1452,2))
Invitation Homes	613 N Overland			85207	=IFERROR(INDEX(zips!$B:$B,MATCH(E1453,zips!$A:$A,0)),"")	=IFERROR(INDEX(zips!$E:$E,MATCH(E1453,zips!$A:$A,0)),"")	=IF(OR(F1453="",G1453=""),"",100*SUMIFS(zips!$C:$C,zips!$B:$B,F1453,zips!$E:$E,"<"&G1453)/SUMIFS(zips!$C:$C,zips!$B:$B,F1453,zips!$E:$E,">0"))	1706.2587	27.7999	=IF(I1453="","",ROUND(G1453-I1453,2))	=IF(J1453="","",ROUND(H1453-J1453,2))
Invitation Homes	5924 E Norwood St			85215	=IFERROR(INDEX(zips!$B:$B,MATCH(E1454,zips!$A:$A,0)),"")	=IFERROR(INDEX(zips!$E:$E,MATCH(E1454,zips!$A:$A,0)),"")	=IF(OR(F1454="",G1454=""),"",100*SUMIFS(zips!$C:$C,zips!$B:$B,F1454,zips!$E:$E,"<"&G1454)/SUMIFS(zips!$C:$C,zips!$B:$B,F1454,zips!$E:$E,">0"))	200.4105	5.9178	=IF(I1454="","",ROUND(G1454-I1454,2))	=IF(J1454="","",ROUND(H1454-J1454,2))
Invitation Homes	419 S Sabrina			85208	=IFERROR(INDEX(zips!$B:$B,MATCH(E1455,zips!$A:$A,0)),"")	=IFERROR(INDEX(zips!$E:$E,MATCH(E1455,zips!$A:$A,0)),"")	=IF(OR(F1455="",G1455=""),"",100*SUMIFS(zips!$C:$C,zips!$B:$B,F1455,zips!$E:$E,"<"&G1455)/SUMIFS(zips!$C:$C,zips!$B:$B,F1455,zips!$E:$E,">0"))	4647.5068	67.9077	=IF(I1455="","",ROUND(G1455-I1455,2))	=IF(J1455="","",ROUND(H1455-J1455,2))
Invitation Homes	11008 E Delta Ave			85208	=IFERROR(INDEX(zips!$B:$B,MATCH(E1456,zips!$A:$A,0)),"")	=IFERROR(INDEX(zips!$E:$E,MATCH(E1456,zips!$A:$A,0)),"")	=IF(OR(F1456="",G1456=""),"",100*SUMIFS(zips!$C:$C,zips!$B:$B,F1456,zips!$E:$E,"<"&G1456)/SUMIFS(zips!$C:$C,zips!$B:$B,F1456,zips!$E:$E,">0"))	4647.5068	67.9077	=IF(I1456="","",ROUND(G1456-I1456,2))	=IF(J1456="","",ROUND(H1456-J1456,2))
Invitation Homes	431 White Birch Ln			27501	=IFERROR(INDEX(zips!$B:$B,MATCH(E1457,zips!$A:$A,0)),"")	=IFERROR(INDEX(zips!$E:$E,MATCH(E1457,zips!$A:$A,0)),"")	=IF(OR(F1457="",G1457=""),"",100*SUMIFS(zips!$C:$C,zips!$B:$B,F1457,zips!$E:$E,"<"&G1457)/SUMIFS(zips!$C:$C,zips!$B:$B,F1457,zips!$E:$E,">0"))	369.7216	37.7288	=IF(I1457="","",ROUND(G1457-I1457,2))	=IF(J1457="","",ROUND(H1457-J1457,2))
Invitation Homes	35 Thistle Patch Pl			27501	=IFERROR(INDEX(zips!$B:$B,MATCH(E1458,zips!$A:$A,0)),"")	=IFERROR(INDEX(zips!$E:$E,MATCH(E1458,zips!$A:$A,0)),"")	=IF(OR(F1458="",G1458=""),"",100*SUMIFS(zips!$C:$C,zips!$B:$B,F1458,zips!$E:$E,"<"&G1458)/SUMIFS(zips!$C:$C,zips!$B:$B,F1458,zips!$E:$E,">0"))	369.7216	37.7288	=IF(I1458="","",ROUND(G1458-I1458,2))	=IF(J1458="","",ROUND(H1458-J1458,2))
Invitation Homes	76 Thistle Patch Pl			27501	=IFERROR(INDEX(zips!$B:$B,MATCH(E1459,zips!$A:$A,0)),"")	=IFERROR(INDEX(zips!$E:$E,MATCH(E1459,zips!$A:$A,0)),"")	=IF(OR(F1459="",G1459=""),"",100*SUMIFS(zips!$C:$C,zips!$B:$B,F1459,zips!$E:$E,"<"&G1459)/SUMIFS(zips!$C:$C,zips!$B:$B,F1459,zips!$E:$E,">0"))	369.7216	37.7288	=IF(I1459="","",ROUND(G1459-I1459,2))	=IF(J1459="","",ROUND(H1459-J1459,2))
Invitation Homes	158 Thistle Patch Pl			27501	=IFERROR(INDEX(zips!$B:$B,MATCH(E1460,zips!$A:$A,0)),"")	=IFERROR(INDEX(zips!$E:$E,MATCH(E1460,zips!$A:$A,0)),"")	=IF(OR(F1460="",G1460=""),"",100*SUMIFS(zips!$C:$C,zips!$B:$B,F1460,zips!$E:$E,"<"&G1460)/SUMIFS(zips!$C:$C,zips!$B:$B,F1460,zips!$E:$E,">0"))	369.7216	37.7288	=IF(I1460="","",ROUND(G1460-I1460,2))	=IF(J1460="","",ROUND(H1460-J1460,2))
Invitation Homes	140 Thistle Patch Pl			27501	=IFERROR(INDEX(zips!$B:$B,MATCH(E1461,zips!$A:$A,0)),"")	=IFERROR(INDEX(zips!$E:$E,MATCH(E1461,zips!$A:$A,0)),"")	=IF(OR(F1461="",G1461=""),"",100*SUMIFS(zips!$C:$C,zips!$B:$B,F1461,zips!$E:$E,"<"&G1461)/SUMIFS(zips!$C:$C,zips!$B:$B,F1461,zips!$E:$E,">0"))	369.7216	37.7288	=IF(I1461="","",ROUND(G1461-I1461,2))	=IF(J1461="","",ROUND(H1461-J1461,2))
Invitation Homes	613 Adams Point Dr			27529	=IFERROR(INDEX(zips!$B:$B,MATCH(E1462,zips!$A:$A,0)),"")	=IFERROR(INDEX(zips!$E:$E,MATCH(E1462,zips!$A:$A,0)),"")	=IF(OR(F1462="",G1462=""),"",100*SUMIFS(zips!$C:$C,zips!$B:$B,F1462,zips!$E:$E,"<"&G1462)/SUMIFS(zips!$C:$C,zips!$B:$B,F1462,zips!$E:$E,">0"))	956.6235	35.1182	=IF(I1462="","",ROUND(G1462-I1462,2))	=IF(J1462="","",ROUND(H1462-J1462,2))
Invitation Homes	10612 Chelsea Dr			27603	=IFERROR(INDEX(zips!$B:$B,MATCH(E1463,zips!$A:$A,0)),"")	=IFERROR(INDEX(zips!$E:$E,MATCH(E1463,zips!$A:$A,0)),"")	=IF(OR(F1463="",G1463=""),"",100*SUMIFS(zips!$C:$C,zips!$B:$B,F1463,zips!$E:$E,"<"&G1463)/SUMIFS(zips!$C:$C,zips!$B:$B,F1463,zips!$E:$E,">0"))	1047.1291	41.9792	=IF(I1463="","",ROUND(G1463-I1463,2))	=IF(J1463="","",ROUND(H1463-J1463,2))
Invitation Homes	2912 Buckboard Ln			27603	=IFERROR(INDEX(zips!$B:$B,MATCH(E1464,zips!$A:$A,0)),"")	=IFERROR(INDEX(zips!$E:$E,MATCH(E1464,zips!$A:$A,0)),"")	=IF(OR(F1464="",G1464=""),"",100*SUMIFS(zips!$C:$C,zips!$B:$B,F1464,zips!$E:$E,"<"&G1464)/SUMIFS(zips!$C:$C,zips!$B:$B,F1464,zips!$E:$E,">0"))	1047.1291	41.9792	=IF(I1464="","",ROUND(G1464-I1464,2))	=IF(J1464="","",ROUND(H1464-J1464,2))
Invitation Homes	1216 Arbor Greene Dr			27529	=IFERROR(INDEX(zips!$B:$B,MATCH(E1465,zips!$A:$A,0)),"")	=IFERROR(INDEX(zips!$E:$E,MATCH(E1465,zips!$A:$A,0)),"")	=IF(OR(F1465="",G1465=""),"",100*SUMIFS(zips!$C:$C,zips!$B:$B,F1465,zips!$E:$E,"<"&G1465)/SUMIFS(zips!$C:$C,zips!$B:$B,F1465,zips!$E:$E,">0"))	956.6235	35.1182	=IF(I1465="","",ROUND(G1465-I1465,2))	=IF(J1465="","",ROUND(H1465-J1465,2))
Invitation Homes	584 Bridger Dr			27529	=IFERROR(INDEX(zips!$B:$B,MATCH(E1466,zips!$A:$A,0)),"")	=IFERROR(INDEX(zips!$E:$E,MATCH(E1466,zips!$A:$A,0)),"")	=IF(OR(F1466="",G1466=""),"",100*SUMIFS(zips!$C:$C,zips!$B:$B,F1466,zips!$E:$E,"<"&G1466)/SUMIFS(zips!$C:$C,zips!$B:$B,F1466,zips!$E:$E,">0"))	956.6235	35.1182	=IF(I1466="","",ROUND(G1466-I1466,2))	=IF(J1466="","",ROUND(H1466-J1466,2))
Invitation Homes	576 Bridger Dr			27529	=IFERROR(INDEX(zips!$B:$B,MATCH(E1467,zips!$A:$A,0)),"")	=IFERROR(INDEX(zips!$E:$E,MATCH(E1467,zips!$A:$A,0)),"")	=IF(OR(F1467="",G1467=""),"",100*SUMIFS(zips!$C:$C,zips!$B:$B,F1467,zips!$E:$E,"<"&G1467)/SUMIFS(zips!$C:$C,zips!$B:$B,F1467,zips!$E:$E,">0"))	956.6235	35.1182	=IF(I1467="","",ROUND(G1467-I1467,2))	=IF(J1467="","",ROUND(H1467-J1467,2))
Invitation Homes	564 Bridger Dr			27529	=IFERROR(INDEX(zips!$B:$B,MATCH(E1468,zips!$A:$A,0)),"")	=IFERROR(INDEX(zips!$E:$E,MATCH(E1468,zips!$A:$A,0)),"")	=IF(OR(F1468="",G1468=""),"",100*SUMIFS(zips!$C:$C,zips!$B:$B,F1468,zips!$E:$E,"<"&G1468)/SUMIFS(zips!$C:$C,zips!$B:$B,F1468,zips!$E:$E,">0"))	956.6235	35.1182	=IF(I1468="","",ROUND(G1468-I1468,2))	=IF(J1468="","",ROUND(H1468-J1468,2))
Invitation Homes	552 Bridger Dr			27529	=IFERROR(INDEX(zips!$B:$B,MATCH(E1469,zips!$A:$A,0)),"")	=IFERROR(INDEX(zips!$E:$E,MATCH(E1469,zips!$A:$A,0)),"")	=IF(OR(F1469="",G1469=""),"",100*SUMIFS(zips!$C:$C,zips!$B:$B,F1469,zips!$E:$E,"<"&G1469)/SUMIFS(zips!$C:$C,zips!$B:$B,F1469,zips!$E:$E,">0"))	956.6235	35.1182	=IF(I1469="","",ROUND(G1469-I1469,2))	=IF(J1469="","",ROUND(H1469-J1469,2))
Invitation Homes	124 Rock Fish Ln			27529	=IFERROR(INDEX(zips!$B:$B,MATCH(E1470,zips!$A:$A,0)),"")	=IFERROR(INDEX(zips!$E:$E,MATCH(E1470,zips!$A:$A,0)),"")	=IF(OR(F1470="",G1470=""),"",100*SUMIFS(zips!$C:$C,zips!$B:$B,F1470,zips!$E:$E,"<"&G1470)/SUMIFS(zips!$C:$C,zips!$B:$B,F1470,zips!$E:$E,">0"))	956.6235	35.1182	=IF(I1470="","",ROUND(G1470-I1470,2))	=IF(J1470="","",ROUND(H1470-J1470,2))
Invitation Homes	251 Chadford Pl			27520	=IFERROR(INDEX(zips!$B:$B,MATCH(E1471,zips!$A:$A,0)),"")	=IFERROR(INDEX(zips!$E:$E,MATCH(E1471,zips!$A:$A,0)),"")	=IF(OR(F1471="",G1471=""),"",100*SUMIFS(zips!$C:$C,zips!$B:$B,F1471,zips!$E:$E,"<"&G1471)/SUMIFS(zips!$C:$C,zips!$B:$B,F1471,zips!$E:$E,">0"))	687.4912	22.0683	=IF(I1471="","",ROUND(G1471-I1471,2))	=IF(J1471="","",ROUND(H1471-J1471,2))
Invitation Homes	185 Red Angus Dr			27577	=IFERROR(INDEX(zips!$B:$B,MATCH(E1472,zips!$A:$A,0)),"")	=IFERROR(INDEX(zips!$E:$E,MATCH(E1472,zips!$A:$A,0)),"")	=IF(OR(F1472="",G1472=""),"",100*SUMIFS(zips!$C:$C,zips!$B:$B,F1472,zips!$E:$E,"<"&G1472)/SUMIFS(zips!$C:$C,zips!$B:$B,F1472,zips!$E:$E,">0"))	259.8056	10.465	=IF(I1472="","",ROUND(G1472-I1472,2))	=IF(J1472="","",ROUND(H1472-J1472,2))
Invitation Homes	252 Saddle Mare St			27520	=IFERROR(INDEX(zips!$B:$B,MATCH(E1473,zips!$A:$A,0)),"")	=IFERROR(INDEX(zips!$E:$E,MATCH(E1473,zips!$A:$A,0)),"")	=IF(OR(F1473="",G1473=""),"",100*SUMIFS(zips!$C:$C,zips!$B:$B,F1473,zips!$E:$E,"<"&G1473)/SUMIFS(zips!$C:$C,zips!$B:$B,F1473,zips!$E:$E,">0"))	687.4912	22.0683	=IF(I1473="","",ROUND(G1473-I1473,2))	=IF(J1473="","",ROUND(H1473-J1473,2))
Invitation Homes	109 Woodsorrell Ct			27529	=IFERROR(INDEX(zips!$B:$B,MATCH(E1474,zips!$A:$A,0)),"")	=IFERROR(INDEX(zips!$E:$E,MATCH(E1474,zips!$A:$A,0)),"")	=IF(OR(F1474="",G1474=""),"",100*SUMIFS(zips!$C:$C,zips!$B:$B,F1474,zips!$E:$E,"<"&G1474)/SUMIFS(zips!$C:$C,zips!$B:$B,F1474,zips!$E:$E,">0"))	956.6235	35.1182	=IF(I1474="","",ROUND(G1474-I1474,2))	=IF(J1474="","",ROUND(H1474-J1474,2))
Invitation Homes	227 Atkinson Farm Cir			27529	=IFERROR(INDEX(zips!$B:$B,MATCH(E1475,zips!$A:$A,0)),"")	=IFERROR(INDEX(zips!$E:$E,MATCH(E1475,zips!$A:$A,0)),"")	=IF(OR(F1475="",G1475=""),"",100*SUMIFS(zips!$C:$C,zips!$B:$B,F1475,zips!$E:$E,"<"&G1475)/SUMIFS(zips!$C:$C,zips!$B:$B,F1475,zips!$E:$E,">0"))	956.6235	35.1182	=IF(I1475="","",ROUND(G1475-I1475,2))	=IF(J1475="","",ROUND(H1475-J1475,2))
Invitation Homes	9341 Carley Cir			27529	=IFERROR(INDEX(zips!$B:$B,MATCH(E1476,zips!$A:$A,0)),"")	=IFERROR(INDEX(zips!$E:$E,MATCH(E1476,zips!$A:$A,0)),"")	=IF(OR(F1476="",G1476=""),"",100*SUMIFS(zips!$C:$C,zips!$B:$B,F1476,zips!$E:$E,"<"&G1476)/SUMIFS(zips!$C:$C,zips!$B:$B,F1476,zips!$E:$E,">0"))	956.6235	35.1182	=IF(I1476="","",ROUND(G1476-I1476,2))	=IF(J1476="","",ROUND(H1476-J1476,2))
Invitation Homes	105 Breezewood Ln			27520	=IFERROR(INDEX(zips!$B:$B,MATCH(E1477,zips!$A:$A,0)),"")	=IFERROR(INDEX(zips!$E:$E,MATCH(E1477,zips!$A:$A,0)),"")	=IF(OR(F1477="",G1477=""),"",100*SUMIFS(zips!$C:$C,zips!$B:$B,F1477,zips!$E:$E,"<"&G1477)/SUMIFS(zips!$C:$C,zips!$B:$B,F1477,zips!$E:$E,">0"))	687.4912	22.0683	=IF(I1477="","",ROUND(G1477-I1477,2))	=IF(J1477="","",ROUND(H1477-J1477,2))
Invitation Homes	213 Walnut Creek Dr			27520	=IFERROR(INDEX(zips!$B:$B,MATCH(E1478,zips!$A:$A,0)),"")	=IFERROR(INDEX(zips!$E:$E,MATCH(E1478,zips!$A:$A,0)),"")	=IF(OR(F1478="",G1478=""),"",100*SUMIFS(zips!$C:$C,zips!$B:$B,F1478,zips!$E:$E,"<"&G1478)/SUMIFS(zips!$C:$C,zips!$B:$B,F1478,zips!$E:$E,">0"))	687.4912	22.0683	=IF(I1478="","",ROUND(G1478-I1478,2))	=IF(J1478="","",ROUND(H1478-J1478,2))
Invitation Homes	525 Averasboro Dr			27520	=IFERROR(INDEX(zips!$B:$B,MATCH(E1479,zips!$A:$A,0)),"")	=IFERROR(INDEX(zips!$E:$E,MATCH(E1479,zips!$A:$A,0)),"")	=IF(OR(F1479="",G1479=""),"",100*SUMIFS(zips!$C:$C,zips!$B:$B,F1479,zips!$E:$E,"<"&G1479)/SUMIFS(zips!$C:$C,zips!$B:$B,F1479,zips!$E:$E,">0"))	687.4912	22.0683	=IF(I1479="","",ROUND(G1479-I1479,2))	=IF(J1479="","",ROUND(H1479-J1479,2))
Invitation Homes	776 Champion St			27520	=IFERROR(INDEX(zips!$B:$B,MATCH(E1480,zips!$A:$A,0)),"")	=IFERROR(INDEX(zips!$E:$E,MATCH(E1480,zips!$A:$A,0)),"")	=IF(OR(F1480="",G1480=""),"",100*SUMIFS(zips!$C:$C,zips!$B:$B,F1480,zips!$E:$E,"<"&G1480)/SUMIFS(zips!$C:$C,zips!$B:$B,F1480,zips!$E:$E,">0"))	687.4912	22.0683	=IF(I1480="","",ROUND(G1480-I1480,2))	=IF(J1480="","",ROUND(H1480-J1480,2))
Invitation Homes	84 Hemlock Green Ln			27527	=IFERROR(INDEX(zips!$B:$B,MATCH(E1481,zips!$A:$A,0)),"")	=IFERROR(INDEX(zips!$E:$E,MATCH(E1481,zips!$A:$A,0)),"")	=IF(OR(F1481="",G1481=""),"",100*SUMIFS(zips!$C:$C,zips!$B:$B,F1481,zips!$E:$E,"<"&G1481)/SUMIFS(zips!$C:$C,zips!$B:$B,F1481,zips!$E:$E,">0"))	815.9339	30.9206	=IF(I1481="","",ROUND(G1481-I1481,2))	=IF(J1481="","",ROUND(H1481-J1481,2))
Invitation Homes	22 Trailing Oak Trl			27527	=IFERROR(INDEX(zips!$B:$B,MATCH(E1482,zips!$A:$A,0)),"")	=IFERROR(INDEX(zips!$E:$E,MATCH(E1482,zips!$A:$A,0)),"")	=IF(OR(F1482="",G1482=""),"",100*SUMIFS(zips!$C:$C,zips!$B:$B,F1482,zips!$E:$E,"<"&G1482)/SUMIFS(zips!$C:$C,zips!$B:$B,F1482,zips!$E:$E,">0"))	815.9339	30.9206	=IF(I1482="","",ROUND(G1482-I1482,2))	=IF(J1482="","",ROUND(H1482-J1482,2))
Invitation Homes	127 Verrazano Place			27527	=IFERROR(INDEX(zips!$B:$B,MATCH(E1483,zips!$A:$A,0)),"")	=IFERROR(INDEX(zips!$E:$E,MATCH(E1483,zips!$A:$A,0)),"")	=IF(OR(F1483="",G1483=""),"",100*SUMIFS(zips!$C:$C,zips!$B:$B,F1483,zips!$E:$E,"<"&G1483)/SUMIFS(zips!$C:$C,zips!$B:$B,F1483,zips!$E:$E,">0"))	815.9339	30.9206	=IF(I1483="","",ROUND(G1483-I1483,2))	=IF(J1483="","",ROUND(H1483-J1483,2))
Invitation Homes	162 Crawford Parkway			27520	=IFERROR(INDEX(zips!$B:$B,MATCH(E1484,zips!$A:$A,0)),"")	=IFERROR(INDEX(zips!$E:$E,MATCH(E1484,zips!$A:$A,0)),"")	=IF(OR(F1484="",G1484=""),"",100*SUMIFS(zips!$C:$C,zips!$B:$B,F1484,zips!$E:$E,"<"&G1484)/SUMIFS(zips!$C:$C,zips!$B:$B,F1484,zips!$E:$E,">0"))	687.4912	22.0683	=IF(I1484="","",ROUND(G1484-I1484,2))	=IF(J1484="","",ROUND(H1484-J1484,2))
Invitation Homes	60 Big Horn Ln			27527	=IFERROR(INDEX(zips!$B:$B,MATCH(E1485,zips!$A:$A,0)),"")	=IFERROR(INDEX(zips!$E:$E,MATCH(E1485,zips!$A:$A,0)),"")	=IF(OR(F1485="",G1485=""),"",100*SUMIFS(zips!$C:$C,zips!$B:$B,F1485,zips!$E:$E,"<"&G1485)/SUMIFS(zips!$C:$C,zips!$B:$B,F1485,zips!$E:$E,">0"))	815.9339	30.9206	=IF(I1485="","",ROUND(G1485-I1485,2))	=IF(J1485="","",ROUND(H1485-J1485,2))
Invitation Homes	911 Buckingham Rd			27529	=IFERROR(INDEX(zips!$B:$B,MATCH(E1486,zips!$A:$A,0)),"")	=IFERROR(INDEX(zips!$E:$E,MATCH(E1486,zips!$A:$A,0)),"")	=IF(OR(F1486="",G1486=""),"",100*SUMIFS(zips!$C:$C,zips!$B:$B,F1486,zips!$E:$E,"<"&G1486)/SUMIFS(zips!$C:$C,zips!$B:$B,F1486,zips!$E:$E,">0"))	956.6235	35.1182	=IF(I1486="","",ROUND(G1486-I1486,2))	=IF(J1486="","",ROUND(H1486-J1486,2))
Invitation Homes	4719 Forestdale Rd			27603	=IFERROR(INDEX(zips!$B:$B,MATCH(E1487,zips!$A:$A,0)),"")	=IFERROR(INDEX(zips!$E:$E,MATCH(E1487,zips!$A:$A,0)),"")	=IF(OR(F1487="",G1487=""),"",100*SUMIFS(zips!$C:$C,zips!$B:$B,F1487,zips!$E:$E,"<"&G1487)/SUMIFS(zips!$C:$C,zips!$B:$B,F1487,zips!$E:$E,">0"))	1047.1291	41.9792	=IF(I1487="","",ROUND(G1487-I1487,2))	=IF(J1487="","",ROUND(H1487-J1487,2))
Invitation Homes	416 Weston Ridge Run			27529	=IFERROR(INDEX(zips!$B:$B,MATCH(E1488,zips!$A:$A,0)),"")	=IFERROR(INDEX(zips!$E:$E,MATCH(E1488,zips!$A:$A,0)),"")	=IF(OR(F1488="",G1488=""),"",100*SUMIFS(zips!$C:$C,zips!$B:$B,F1488,zips!$E:$E,"<"&G1488)/SUMIFS(zips!$C:$C,zips!$B:$B,F1488,zips!$E:$E,">0"))	956.6235	35.1182	=IF(I1488="","",ROUND(G1488-I1488,2))	=IF(J1488="","",ROUND(H1488-J1488,2))
Invitation Homes	3437 Ferdilah Ln			27610	=IFERROR(INDEX(zips!$B:$B,MATCH(E1489,zips!$A:$A,0)),"")	=IFERROR(INDEX(zips!$E:$E,MATCH(E1489,zips!$A:$A,0)),"")	=IF(OR(F1489="",G1489=""),"",100*SUMIFS(zips!$C:$C,zips!$B:$B,F1489,zips!$E:$E,"<"&G1489)/SUMIFS(zips!$C:$C,zips!$B:$B,F1489,zips!$E:$E,">0"))	1776.1753	60.821	=IF(I1489="","",ROUND(G1489-I1489,2))	=IF(J1489="","",ROUND(H1489-J1489,2))
Invitation Homes	2842 Filbert St			27610	=IFERROR(INDEX(zips!$B:$B,MATCH(E1490,zips!$A:$A,0)),"")	=IFERROR(INDEX(zips!$E:$E,MATCH(E1490,zips!$A:$A,0)),"")	=IF(OR(F1490="",G1490=""),"",100*SUMIFS(zips!$C:$C,zips!$B:$B,F1490,zips!$E:$E,"<"&G1490)/SUMIFS(zips!$C:$C,zips!$B:$B,F1490,zips!$E:$E,">0"))	1776.1753	60.821	=IF(I1490="","",ROUND(G1490-I1490,2))	=IF(J1490="","",ROUND(H1490-J1490,2))
Invitation Homes	4925 Delta Lake Dr			27612	=IFERROR(INDEX(zips!$B:$B,MATCH(E1491,zips!$A:$A,0)),"")	=IFERROR(INDEX(zips!$E:$E,MATCH(E1491,zips!$A:$A,0)),"")	=IF(OR(F1491="",G1491=""),"",100*SUMIFS(zips!$C:$C,zips!$B:$B,F1491,zips!$E:$E,"<"&G1491)/SUMIFS(zips!$C:$C,zips!$B:$B,F1491,zips!$E:$E,">0"))	2437.372	78.6953	=IF(I1491="","",ROUND(G1491-I1491,2))	=IF(J1491="","",ROUND(H1491-J1491,2))
Invitation Homes	3610 Brideveil Ct			27610	=IFERROR(INDEX(zips!$B:$B,MATCH(E1492,zips!$A:$A,0)),"")	=IFERROR(INDEX(zips!$E:$E,MATCH(E1492,zips!$A:$A,0)),"")	=IF(OR(F1492="",G1492=""),"",100*SUMIFS(zips!$C:$C,zips!$B:$B,F1492,zips!$E:$E,"<"&G1492)/SUMIFS(zips!$C:$C,zips!$B:$B,F1492,zips!$E:$E,">0"))	1776.1753	60.821	=IF(I1492="","",ROUND(G1492-I1492,2))	=IF(J1492="","",ROUND(H1492-J1492,2))
Invitation Homes	4616 Castlebar Dr			27604	=IFERROR(INDEX(zips!$B:$B,MATCH(E1493,zips!$A:$A,0)),"")	=IFERROR(INDEX(zips!$E:$E,MATCH(E1493,zips!$A:$A,0)),"")	=IF(OR(F1493="",G1493=""),"",100*SUMIFS(zips!$C:$C,zips!$B:$B,F1493,zips!$E:$E,"<"&G1493)/SUMIFS(zips!$C:$C,zips!$B:$B,F1493,zips!$E:$E,">0"))	2305.3275	71.249	=IF(I1493="","",ROUND(G1493-I1493,2))	=IF(J1493="","",ROUND(H1493-J1493,2))
Invitation Homes	3927 Laurel Glen Dr			27610	=IFERROR(INDEX(zips!$B:$B,MATCH(E1494,zips!$A:$A,0)),"")	=IFERROR(INDEX(zips!$E:$E,MATCH(E1494,zips!$A:$A,0)),"")	=IF(OR(F1494="",G1494=""),"",100*SUMIFS(zips!$C:$C,zips!$B:$B,F1494,zips!$E:$E,"<"&G1494)/SUMIFS(zips!$C:$C,zips!$B:$B,F1494,zips!$E:$E,">0"))	1776.1753	60.821	=IF(I1494="","",ROUND(G1494-I1494,2))	=IF(J1494="","",ROUND(H1494-J1494,2))
Invitation Homes	6809 Shane Dr			27610	=IFERROR(INDEX(zips!$B:$B,MATCH(E1495,zips!$A:$A,0)),"")	=IFERROR(INDEX(zips!$E:$E,MATCH(E1495,zips!$A:$A,0)),"")	=IF(OR(F1495="",G1495=""),"",100*SUMIFS(zips!$C:$C,zips!$B:$B,F1495,zips!$E:$E,"<"&G1495)/SUMIFS(zips!$C:$C,zips!$B:$B,F1495,zips!$E:$E,">0"))	1776.1753	60.821	=IF(I1495="","",ROUND(G1495-I1495,2))	=IF(J1495="","",ROUND(H1495-J1495,2))
Invitation Homes	6813 Planting Ct			27610	=IFERROR(INDEX(zips!$B:$B,MATCH(E1496,zips!$A:$A,0)),"")	=IFERROR(INDEX(zips!$E:$E,MATCH(E1496,zips!$A:$A,0)),"")	=IF(OR(F1496="",G1496=""),"",100*SUMIFS(zips!$C:$C,zips!$B:$B,F1496,zips!$E:$E,"<"&G1496)/SUMIFS(zips!$C:$C,zips!$B:$B,F1496,zips!$E:$E,">0"))	1776.1753	60.821	=IF(I1496="","",ROUND(G1496-I1496,2))	=IF(J1496="","",ROUND(H1496-J1496,2))
Invitation Homes	4117 Bay Rum Ln			27610	=IFERROR(INDEX(zips!$B:$B,MATCH(E1497,zips!$A:$A,0)),"")	=IFERROR(INDEX(zips!$E:$E,MATCH(E1497,zips!$A:$A,0)),"")	=IF(OR(F1497="",G1497=""),"",100*SUMIFS(zips!$C:$C,zips!$B:$B,F1497,zips!$E:$E,"<"&G1497)/SUMIFS(zips!$C:$C,zips!$B:$B,F1497,zips!$E:$E,">0"))	1776.1753	60.821	=IF(I1497="","",ROUND(G1497-I1497,2))	=IF(J1497="","",ROUND(H1497-J1497,2))
Invitation Homes	3501 Mackinac Island Ln			27610	=IFERROR(INDEX(zips!$B:$B,MATCH(E1498,zips!$A:$A,0)),"")	=IFERROR(INDEX(zips!$E:$E,MATCH(E1498,zips!$A:$A,0)),"")	=IF(OR(F1498="",G1498=""),"",100*SUMIFS(zips!$C:$C,zips!$B:$B,F1498,zips!$E:$E,"<"&G1498)/SUMIFS(zips!$C:$C,zips!$B:$B,F1498,zips!$E:$E,">0"))	1776.1753	60.821	=IF(I1498="","",ROUND(G1498-I1498,2))	=IF(J1498="","",ROUND(H1498-J1498,2))
Invitation Homes	5601 Rudolph Ct			27610	=IFERROR(INDEX(zips!$B:$B,MATCH(E1499,zips!$A:$A,0)),"")	=IFERROR(INDEX(zips!$E:$E,MATCH(E1499,zips!$A:$A,0)),"")	=IF(OR(F1499="",G1499=""),"",100*SUMIFS(zips!$C:$C,zips!$B:$B,F1499,zips!$E:$E,"<"&G1499)/SUMIFS(zips!$C:$C,zips!$B:$B,F1499,zips!$E:$E,">0"))	1776.1753	60.821	=IF(I1499="","",ROUND(G1499-I1499,2))	=IF(J1499="","",ROUND(H1499-J1499,2))
Invitation Homes	5003 Stony Falls Way			27545	=IFERROR(INDEX(zips!$B:$B,MATCH(E1500,zips!$A:$A,0)),"")	=IFERROR(INDEX(zips!$E:$E,MATCH(E1500,zips!$A:$A,0)),"")	=IF(OR(F1500="",G1500=""),"",100*SUMIFS(zips!$C:$C,zips!$B:$B,F1500,zips!$E:$E,"<"&G1500)/SUMIFS(zips!$C:$C,zips!$B:$B,F1500,zips!$E:$E,">0"))	1066.4518	45.6292	=IF(I1500="","",ROUND(G1500-I1500,2))	=IF(J1500="","",ROUND(H1500-J1500,2))
Invitation Homes	5428 Emerald Spring Dr			27545	=IFERROR(INDEX(zips!$B:$B,MATCH(E1501,zips!$A:$A,0)),"")	=IFERROR(INDEX(zips!$E:$E,MATCH(E1501,zips!$A:$A,0)),"")	=IF(OR(F1501="",G1501=""),"",100*SUMIFS(zips!$C:$C,zips!$B:$B,F1501,zips!$E:$E,"<"&G1501)/SUMIFS(zips!$C:$C,zips!$B:$B,F1501,zips!$E:$E,">0"))	1066.4518	45.6292	=IF(I1501="","",ROUND(G1501-I1501,2))	=IF(J1501="","",ROUND(H1501-J1501,2))
Invitation Homes	5012 Royal Dornoch Dr			27604	=IFERROR(INDEX(zips!$B:$B,MATCH(E1502,zips!$A:$A,0)),"")	=IFERROR(INDEX(zips!$E:$E,MATCH(E1502,zips!$A:$A,0)),"")	=IF(OR(F1502="",G1502=""),"",100*SUMIFS(zips!$C:$C,zips!$B:$B,F1502,zips!$E:$E,"<"&G1502)/SUMIFS(zips!$C:$C,zips!$B:$B,F1502,zips!$E:$E,">0"))	2305.3275	71.249	=IF(I1502="","",ROUND(G1502-I1502,2))	=IF(J1502="","",ROUND(H1502-J1502,2))
Invitation Homes	2349 Lazy River Dr			27610	=IFERROR(INDEX(zips!$B:$B,MATCH(E1503,zips!$A:$A,0)),"")	=IFERROR(INDEX(zips!$E:$E,MATCH(E1503,zips!$A:$A,0)),"")	=IF(OR(F1503="",G1503=""),"",100*SUMIFS(zips!$C:$C,zips!$B:$B,F1503,zips!$E:$E,"<"&G1503)/SUMIFS(zips!$C:$C,zips!$B:$B,F1503,zips!$E:$E,">0"))	1776.1753	60.821	=IF(I1503="","",ROUND(G1503-I1503,2))	=IF(J1503="","",ROUND(H1503-J1503,2))
Invitation Homes	1209 Riverbirch Dr			27545	=IFERROR(INDEX(zips!$B:$B,MATCH(E1504,zips!$A:$A,0)),"")	=IFERROR(INDEX(zips!$E:$E,MATCH(E1504,zips!$A:$A,0)),"")	=IF(OR(F1504="",G1504=""),"",100*SUMIFS(zips!$C:$C,zips!$B:$B,F1504,zips!$E:$E,"<"&G1504)/SUMIFS(zips!$C:$C,zips!$B:$B,F1504,zips!$E:$E,">0"))	1066.4518	45.6292	=IF(I1504="","",ROUND(G1504-I1504,2))	=IF(J1504="","",ROUND(H1504-J1504,2))
Invitation Homes	2406 Ferdinand Dr			27545	=IFERROR(INDEX(zips!$B:$B,MATCH(E1505,zips!$A:$A,0)),"")	=IFERROR(INDEX(zips!$E:$E,MATCH(E1505,zips!$A:$A,0)),"")	=IF(OR(F1505="",G1505=""),"",100*SUMIFS(zips!$C:$C,zips!$B:$B,F1505,zips!$E:$E,"<"&G1505)/SUMIFS(zips!$C:$C,zips!$B:$B,F1505,zips!$E:$E,">0"))	1066.4518	45.6292	=IF(I1505="","",ROUND(G1505-I1505,2))	=IF(J1505="","",ROUND(H1505-J1505,2))
Invitation Homes	3706 Wyndcliff Ct			27616	=IFERROR(INDEX(zips!$B:$B,MATCH(E1506,zips!$A:$A,0)),"")	=IFERROR(INDEX(zips!$E:$E,MATCH(E1506,zips!$A:$A,0)),"")	=IF(OR(F1506="",G1506=""),"",100*SUMIFS(zips!$C:$C,zips!$B:$B,F1506,zips!$E:$E,"<"&G1506)/SUMIFS(zips!$C:$C,zips!$B:$B,F1506,zips!$E:$E,">0"))	2715.9732	81.4395	=IF(I1506="","",ROUND(G1506-I1506,2))	=IF(J1506="","",ROUND(H1506-J1506,2))
Invitation Homes	935 Greenville Way			27545	=IFERROR(INDEX(zips!$B:$B,MATCH(E1507,zips!$A:$A,0)),"")	=IFERROR(INDEX(zips!$E:$E,MATCH(E1507,zips!$A:$A,0)),"")	=IF(OR(F1507="",G1507=""),"",100*SUMIFS(zips!$C:$C,zips!$B:$B,F1507,zips!$E:$E,"<"&G1507)/SUMIFS(zips!$C:$C,zips!$B:$B,F1507,zips!$E:$E,">0"))	1066.4518	45.6292	=IF(I1507="","",ROUND(G1507-I1507,2))	=IF(J1507="","",ROUND(H1507-J1507,2))
Invitation Homes	806 Holiday Park Lane			27545	=IFERROR(INDEX(zips!$B:$B,MATCH(E1508,zips!$A:$A,0)),"")	=IFERROR(INDEX(zips!$E:$E,MATCH(E1508,zips!$A:$A,0)),"")	=IF(OR(F1508="",G1508=""),"",100*SUMIFS(zips!$C:$C,zips!$B:$B,F1508,zips!$E:$E,"<"&G1508)/SUMIFS(zips!$C:$C,zips!$B:$B,F1508,zips!$E:$E,">0"))	1066.4518	45.6292	=IF(I1508="","",ROUND(G1508-I1508,2))	=IF(J1508="","",ROUND(H1508-J1508,2))
Invitation Homes	951 Greenville Way			27545	=IFERROR(INDEX(zips!$B:$B,MATCH(E1509,zips!$A:$A,0)),"")	=IFERROR(INDEX(zips!$E:$E,MATCH(E1509,zips!$A:$A,0)),"")	=IF(OR(F1509="",G1509=""),"",100*SUMIFS(zips!$C:$C,zips!$B:$B,F1509,zips!$E:$E,"<"&G1509)/SUMIFS(zips!$C:$C,zips!$B:$B,F1509,zips!$E:$E,">0"))	1066.4518	45.6292	=IF(I1509="","",ROUND(G1509-I1509,2))	=IF(J1509="","",ROUND(H1509-J1509,2))
Invitation Homes	954 Greenville Way			27545	=IFERROR(INDEX(zips!$B:$B,MATCH(E1510,zips!$A:$A,0)),"")	=IFERROR(INDEX(zips!$E:$E,MATCH(E1510,zips!$A:$A,0)),"")	=IF(OR(F1510="",G1510=""),"",100*SUMIFS(zips!$C:$C,zips!$B:$B,F1510,zips!$E:$E,"<"&G1510)/SUMIFS(zips!$C:$C,zips!$B:$B,F1510,zips!$E:$E,">0"))	1066.4518	45.6292	=IF(I1510="","",ROUND(G1510-I1510,2))	=IF(J1510="","",ROUND(H1510-J1510,2))
Invitation Homes	837 Holiday Park Lane			27545	=IFERROR(INDEX(zips!$B:$B,MATCH(E1511,zips!$A:$A,0)),"")	=IFERROR(INDEX(zips!$E:$E,MATCH(E1511,zips!$A:$A,0)),"")	=IF(OR(F1511="",G1511=""),"",100*SUMIFS(zips!$C:$C,zips!$B:$B,F1511,zips!$E:$E,"<"&G1511)/SUMIFS(zips!$C:$C,zips!$B:$B,F1511,zips!$E:$E,">0"))	1066.4518	45.6292	=IF(I1511="","",ROUND(G1511-I1511,2))	=IF(J1511="","",ROUND(H1511-J1511,2))
Invitation Homes	1009 Greenville Way			27545	=IFERROR(INDEX(zips!$B:$B,MATCH(E1512,zips!$A:$A,0)),"")	=IFERROR(INDEX(zips!$E:$E,MATCH(E1512,zips!$A:$A,0)),"")	=IF(OR(F1512="",G1512=""),"",100*SUMIFS(zips!$C:$C,zips!$B:$B,F1512,zips!$E:$E,"<"&G1512)/SUMIFS(zips!$C:$C,zips!$B:$B,F1512,zips!$E:$E,">0"))	1066.4518	45.6292	=IF(I1512="","",ROUND(G1512-I1512,2))	=IF(J1512="","",ROUND(H1512-J1512,2))
Invitation Homes	814 Hilton Park Loop			27545	=IFERROR(INDEX(zips!$B:$B,MATCH(E1513,zips!$A:$A,0)),"")	=IFERROR(INDEX(zips!$E:$E,MATCH(E1513,zips!$A:$A,0)),"")	=IF(OR(F1513="",G1513=""),"",100*SUMIFS(zips!$C:$C,zips!$B:$B,F1513,zips!$E:$E,"<"&G1513)/SUMIFS(zips!$C:$C,zips!$B:$B,F1513,zips!$E:$E,">0"))	1066.4518	45.6292	=IF(I1513="","",ROUND(G1513-I1513,2))	=IF(J1513="","",ROUND(H1513-J1513,2))
Invitation Homes	1163 Greenville Way			27591	=IFERROR(INDEX(zips!$B:$B,MATCH(E1514,zips!$A:$A,0)),"")	=IFERROR(INDEX(zips!$E:$E,MATCH(E1514,zips!$A:$A,0)),"")	=IF(OR(F1514="",G1514=""),"",100*SUMIFS(zips!$C:$C,zips!$B:$B,F1514,zips!$E:$E,"<"&G1514)/SUMIFS(zips!$C:$C,zips!$B:$B,F1514,zips!$E:$E,">0"))	401.3536	13.6191	=IF(I1514="","",ROUND(G1514-I1514,2))	=IF(J1514="","",ROUND(H1514-J1514,2))
Invitation Homes	206 Park Ave			27577	=IFERROR(INDEX(zips!$B:$B,MATCH(E1515,zips!$A:$A,0)),"")	=IFERROR(INDEX(zips!$E:$E,MATCH(E1515,zips!$A:$A,0)),"")	=IF(OR(F1515="",G1515=""),"",100*SUMIFS(zips!$C:$C,zips!$B:$B,F1515,zips!$E:$E,"<"&G1515)/SUMIFS(zips!$C:$C,zips!$B:$B,F1515,zips!$E:$E,">0"))	259.8056	10.465	=IF(I1515="","",ROUND(G1515-I1515,2))	=IF(J1515="","",ROUND(H1515-J1515,2))
Invitation Homes	428 Cloverdale Dr			27520	=IFERROR(INDEX(zips!$B:$B,MATCH(E1516,zips!$A:$A,0)),"")	=IFERROR(INDEX(zips!$E:$E,MATCH(E1516,zips!$A:$A,0)),"")	=IF(OR(F1516="",G1516=""),"",100*SUMIFS(zips!$C:$C,zips!$B:$B,F1516,zips!$E:$E,"<"&G1516)/SUMIFS(zips!$C:$C,zips!$B:$B,F1516,zips!$E:$E,">0"))	687.4912	22.0683	=IF(I1516="","",ROUND(G1516-I1516,2))	=IF(J1516="","",ROUND(H1516-J1516,2))
Invitation Homes	305 W Watson St			27576	=IFERROR(INDEX(zips!$B:$B,MATCH(E1517,zips!$A:$A,0)),"")	=IFERROR(INDEX(zips!$E:$E,MATCH(E1517,zips!$A:$A,0)),"")	=IF(OR(F1517="",G1517=""),"",100*SUMIFS(zips!$C:$C,zips!$B:$B,F1517,zips!$E:$E,"<"&G1517)/SUMIFS(zips!$C:$C,zips!$B:$B,F1517,zips!$E:$E,">0"))	247.233	9.102	=IF(I1517="","",ROUND(G1517-I1517,2))	=IF(J1517="","",ROUND(H1517-J1517,2))
Invitation Homes	295 Wildlife Parkway			27527	=IFERROR(INDEX(zips!$B:$B,MATCH(E1518,zips!$A:$A,0)),"")	=IFERROR(INDEX(zips!$E:$E,MATCH(E1518,zips!$A:$A,0)),"")	=IF(OR(F1518="",G1518=""),"",100*SUMIFS(zips!$C:$C,zips!$B:$B,F1518,zips!$E:$E,"<"&G1518)/SUMIFS(zips!$C:$C,zips!$B:$B,F1518,zips!$E:$E,">0"))	815.9339	30.9206	=IF(I1518="","",ROUND(G1518-I1518,2))	=IF(J1518="","",ROUND(H1518-J1518,2))
Invitation Homes	79 Fig Berry St			27527	=IFERROR(INDEX(zips!$B:$B,MATCH(E1519,zips!$A:$A,0)),"")	=IFERROR(INDEX(zips!$E:$E,MATCH(E1519,zips!$A:$A,0)),"")	=IF(OR(F1519="",G1519=""),"",100*SUMIFS(zips!$C:$C,zips!$B:$B,F1519,zips!$E:$E,"<"&G1519)/SUMIFS(zips!$C:$C,zips!$B:$B,F1519,zips!$E:$E,">0"))	815.9339	30.9206	=IF(I1519="","",ROUND(G1519-I1519,2))	=IF(J1519="","",ROUND(H1519-J1519,2))
Invitation Homes	245 Mattox St			27591	=IFERROR(INDEX(zips!$B:$B,MATCH(E1520,zips!$A:$A,0)),"")	=IFERROR(INDEX(zips!$E:$E,MATCH(E1520,zips!$A:$A,0)),"")	=IF(OR(F1520="",G1520=""),"",100*SUMIFS(zips!$C:$C,zips!$B:$B,F1520,zips!$E:$E,"<"&G1520)/SUMIFS(zips!$C:$C,zips!$B:$B,F1520,zips!$E:$E,">0"))	401.3536	13.6191	=IF(I1520="","",ROUND(G1520-I1520,2))	=IF(J1520="","",ROUND(H1520-J1520,2))
Invitation Homes	2106 King Malcolm Ln			27597	=IFERROR(INDEX(zips!$B:$B,MATCH(E1521,zips!$A:$A,0)),"")	=IFERROR(INDEX(zips!$E:$E,MATCH(E1521,zips!$A:$A,0)),"")	=IF(OR(F1521="",G1521=""),"",100*SUMIFS(zips!$C:$C,zips!$B:$B,F1521,zips!$E:$E,"<"&G1521)/SUMIFS(zips!$C:$C,zips!$B:$B,F1521,zips!$E:$E,">0"))	244.8089	7.1356	=IF(I1521="","",ROUND(G1521-I1521,2))	=IF(J1521="","",ROUND(H1521-J1521,2))
Invitation Homes	2008 Watsonia Dr			27597	=IFERROR(INDEX(zips!$B:$B,MATCH(E1522,zips!$A:$A,0)),"")	=IFERROR(INDEX(zips!$E:$E,MATCH(E1522,zips!$A:$A,0)),"")	=IF(OR(F1522="",G1522=""),"",100*SUMIFS(zips!$C:$C,zips!$B:$B,F1522,zips!$E:$E,"<"&G1522)/SUMIFS(zips!$C:$C,zips!$B:$B,F1522,zips!$E:$E,">0"))	244.8089	7.1356	=IF(I1522="","",ROUND(G1522-I1522,2))	=IF(J1522="","",ROUND(H1522-J1522,2))
Invitation Homes	4204 Prelude St			27616	=IFERROR(INDEX(zips!$B:$B,MATCH(E1523,zips!$A:$A,0)),"")	=IFERROR(INDEX(zips!$E:$E,MATCH(E1523,zips!$A:$A,0)),"")	=IF(OR(F1523="",G1523=""),"",100*SUMIFS(zips!$C:$C,zips!$B:$B,F1523,zips!$E:$E,"<"&G1523)/SUMIFS(zips!$C:$C,zips!$B:$B,F1523,zips!$E:$E,">0"))	2715.9732	81.4395	=IF(I1523="","",ROUND(G1523-I1523,2))	=IF(J1523="","",ROUND(H1523-J1523,2))
Invitation Homes	3108 Gross Ave			27587	=IFERROR(INDEX(zips!$B:$B,MATCH(E1524,zips!$A:$A,0)),"")	=IFERROR(INDEX(zips!$E:$E,MATCH(E1524,zips!$A:$A,0)),"")	=IF(OR(F1524="",G1524=""),"",100*SUMIFS(zips!$C:$C,zips!$B:$B,F1524,zips!$E:$E,"<"&G1524)/SUMIFS(zips!$C:$C,zips!$B:$B,F1524,zips!$E:$E,">0"))	779.0916	25.3676	=IF(I1524="","",ROUND(G1524-I1524,2))	=IF(J1524="","",ROUND(H1524-J1524,2))
Invitation Homes	3620 Willow Stone Ln			27587	=IFERROR(INDEX(zips!$B:$B,MATCH(E1525,zips!$A:$A,0)),"")	=IFERROR(INDEX(zips!$E:$E,MATCH(E1525,zips!$A:$A,0)),"")	=IF(OR(F1525="",G1525=""),"",100*SUMIFS(zips!$C:$C,zips!$B:$B,F1525,zips!$E:$E,"<"&G1525)/SUMIFS(zips!$C:$C,zips!$B:$B,F1525,zips!$E:$E,">0"))	779.0916	25.3676	=IF(I1525="","",ROUND(G1525-I1525,2))	=IF(J1525="","",ROUND(H1525-J1525,2))
Invitation Homes	4701 Jersey Pine Drive			27571	=IFERROR(INDEX(zips!$B:$B,MATCH(E1526,zips!$A:$A,0)),"")	=IFERROR(INDEX(zips!$E:$E,MATCH(E1526,zips!$A:$A,0)),"")	=IF(OR(F1526="",G1526=""),"",100*SUMIFS(zips!$C:$C,zips!$B:$B,F1526,zips!$E:$E,"<"&G1526)/SUMIFS(zips!$C:$C,zips!$B:$B,F1526,zips!$E:$E,">0"))	1832.5447	66.2568	=IF(I1526="","",ROUND(G1526-I1526,2))	=IF(J1526="","",ROUND(H1526-J1526,2))
Invitation Homes	1316 Lowenstein St			27587	=IFERROR(INDEX(zips!$B:$B,MATCH(E1527,zips!$A:$A,0)),"")	=IFERROR(INDEX(zips!$E:$E,MATCH(E1527,zips!$A:$A,0)),"")	=IF(OR(F1527="",G1527=""),"",100*SUMIFS(zips!$C:$C,zips!$B:$B,F1527,zips!$E:$E,"<"&G1527)/SUMIFS(zips!$C:$C,zips!$B:$B,F1527,zips!$E:$E,">0"))	779.0916	25.3676	=IF(I1527="","",ROUND(G1527-I1527,2))	=IF(J1527="","",ROUND(H1527-J1527,2))
Invitation Homes	6413 Willowlawn Dr			27587	=IFERROR(INDEX(zips!$B:$B,MATCH(E1528,zips!$A:$A,0)),"")	=IFERROR(INDEX(zips!$E:$E,MATCH(E1528,zips!$A:$A,0)),"")	=IF(OR(F1528="",G1528=""),"",100*SUMIFS(zips!$C:$C,zips!$B:$B,F1528,zips!$E:$E,"<"&G1528)/SUMIFS(zips!$C:$C,zips!$B:$B,F1528,zips!$E:$E,">0"))	779.0916	25.3676	=IF(I1528="","",ROUND(G1528-I1528,2))	=IF(J1528="","",ROUND(H1528-J1528,2))
Invitation Homes	1709 Fern Hollow Trl			27587	=IFERROR(INDEX(zips!$B:$B,MATCH(E1529,zips!$A:$A,0)),"")	=IFERROR(INDEX(zips!$E:$E,MATCH(E1529,zips!$A:$A,0)),"")	=IF(OR(F1529="",G1529=""),"",100*SUMIFS(zips!$C:$C,zips!$B:$B,F1529,zips!$E:$E,"<"&G1529)/SUMIFS(zips!$C:$C,zips!$B:$B,F1529,zips!$E:$E,">0"))	779.0916	25.3676	=IF(I1529="","",ROUND(G1529-I1529,2))	=IF(J1529="","",ROUND(H1529-J1529,2))
Invitation Homes	1944 Pericles Pl			93033	=IFERROR(INDEX(zips!$B:$B,MATCH(E1530,zips!$A:$A,0)),"")	=IFERROR(INDEX(zips!$E:$E,MATCH(E1530,zips!$A:$A,0)),"")	=IF(OR(F1530="",G1530=""),"",100*SUMIFS(zips!$C:$C,zips!$B:$B,F1530,zips!$E:$E,"<"&G1530)/SUMIFS(zips!$C:$C,zips!$B:$B,F1530,zips!$E:$E,">0"))	2499.8292	55.2876	=IF(I1530="","",ROUND(G1530-I1530,2))	=IF(J1530="","",ROUND(H1530-J1530,2))
Invitation Homes	415 Mallard St			93015	=IFERROR(INDEX(zips!$B:$B,MATCH(E1531,zips!$A:$A,0)),"")	=IFERROR(INDEX(zips!$E:$E,MATCH(E1531,zips!$A:$A,0)),"")	=IF(OR(F1531="",G1531=""),"",100*SUMIFS(zips!$C:$C,zips!$B:$B,F1531,zips!$E:$E,"<"&G1531)/SUMIFS(zips!$C:$C,zips!$B:$B,F1531,zips!$E:$E,">0"))	203.8733	3.1406	=IF(I1531="","",ROUND(G1531-I1531,2))	=IF(J1531="","",ROUND(H1531-J1531,2))
Invitation Homes	1519 E L St			90744	=IFERROR(INDEX(zips!$B:$B,MATCH(E1532,zips!$A:$A,0)),"")	=IFERROR(INDEX(zips!$E:$E,MATCH(E1532,zips!$A:$A,0)),"")	=IF(OR(F1532="",G1532=""),"",100*SUMIFS(zips!$C:$C,zips!$B:$B,F1532,zips!$E:$E,"<"&G1532)/SUMIFS(zips!$C:$C,zips!$B:$B,F1532,zips!$E:$E,">0"))	6039.3789	33.3444	=IF(I1532="","",ROUND(G1532-I1532,2))	=IF(J1532="","",ROUND(H1532-J1532,2))
Invitation Homes	10307 Doty Ave			90303	=IFERROR(INDEX(zips!$B:$B,MATCH(E1533,zips!$A:$A,0)),"")	=IFERROR(INDEX(zips!$E:$E,MATCH(E1533,zips!$A:$A,0)),"")	=IF(OR(F1533="",G1533=""),"",100*SUMIFS(zips!$C:$C,zips!$B:$B,F1533,zips!$E:$E,"<"&G1533)/SUMIFS(zips!$C:$C,zips!$B:$B,F1533,zips!$E:$E,">0"))	11936.6306	74.6017	=IF(I1533="","",ROUND(G1533-I1533,2))	=IF(J1533="","",ROUND(H1533-J1533,2))
Invitation Homes	3831 W 59Th Pl			90043	=IFERROR(INDEX(zips!$B:$B,MATCH(E1534,zips!$A:$A,0)),"")	=IFERROR(INDEX(zips!$E:$E,MATCH(E1534,zips!$A:$A,0)),"")	=IF(OR(F1534="",G1534=""),"",100*SUMIFS(zips!$C:$C,zips!$B:$B,F1534,zips!$E:$E,"<"&G1534)/SUMIFS(zips!$C:$C,zips!$B:$B,F1534,zips!$E:$E,">0"))	10616.2847	67.4078	=IF(I1534="","",ROUND(G1534-I1534,2))	=IF(J1534="","",ROUND(H1534-J1534,2))
Invitation Homes	2048 W 65Th Pl			90047	=IFERROR(INDEX(zips!$B:$B,MATCH(E1535,zips!$A:$A,0)),"")	=IFERROR(INDEX(zips!$E:$E,MATCH(E1535,zips!$A:$A,0)),"")	=IF(OR(F1535="",G1535=""),"",100*SUMIFS(zips!$C:$C,zips!$B:$B,F1535,zips!$E:$E,"<"&G1535)/SUMIFS(zips!$C:$C,zips!$B:$B,F1535,zips!$E:$E,">0"))	10818.993	67.9092	=IF(I1535="","",ROUND(G1535-I1535,2))	=IF(J1535="","",ROUND(H1535-J1535,2))
Invitation Homes	1552 W 66Th St			90047	=IFERROR(INDEX(zips!$B:$B,MATCH(E1536,zips!$A:$A,0)),"")	=IFERROR(INDEX(zips!$E:$E,MATCH(E1536,zips!$A:$A,0)),"")	=IF(OR(F1536="",G1536=""),"",100*SUMIFS(zips!$C:$C,zips!$B:$B,F1536,zips!$E:$E,"<"&G1536)/SUMIFS(zips!$C:$C,zips!$B:$B,F1536,zips!$E:$E,">0"))	10818.993	67.9092	=IF(I1536="","",ROUND(G1536-I1536,2))	=IF(J1536="","",ROUND(H1536-J1536,2))
Invitation Homes	1124 W 104Th St			90044	=IFERROR(INDEX(zips!$B:$B,MATCH(E1537,zips!$A:$A,0)),"")	=IFERROR(INDEX(zips!$E:$E,MATCH(E1537,zips!$A:$A,0)),"")	=IF(OR(F1537="",G1537=""),"",100*SUMIFS(zips!$C:$C,zips!$B:$B,F1537,zips!$E:$E,"<"&G1537)/SUMIFS(zips!$C:$C,zips!$B:$B,F1537,zips!$E:$E,">0"))	18788.5143	94.3187	=IF(I1537="","",ROUND(G1537-I1537,2))	=IF(J1537="","",ROUND(H1537-J1537,2))
Invitation Homes	8465 Vassar Ave			91304	=IFERROR(INDEX(zips!$B:$B,MATCH(E1538,zips!$A:$A,0)),"")	=IFERROR(INDEX(zips!$E:$E,MATCH(E1538,zips!$A:$A,0)),"")	=IF(OR(F1538="",G1538=""),"",100*SUMIFS(zips!$C:$C,zips!$B:$B,F1538,zips!$E:$E,"<"&G1538)/SUMIFS(zips!$C:$C,zips!$B:$B,F1538,zips!$E:$E,">0"))	5530.3794	29.5391	=IF(I1538="","",ROUND(G1538-I1538,2))	=IF(J1538="","",ROUND(H1538-J1538,2))
Invitation Homes	18931 Ingomar St			91335	=IFERROR(INDEX(zips!$B:$B,MATCH(E1539,zips!$A:$A,0)),"")	=IFERROR(INDEX(zips!$E:$E,MATCH(E1539,zips!$A:$A,0)),"")	=IF(OR(F1539="",G1539=""),"",100*SUMIFS(zips!$C:$C,zips!$B:$B,F1539,zips!$E:$E,"<"&G1539)/SUMIFS(zips!$C:$C,zips!$B:$B,F1539,zips!$E:$E,">0"))	11392.3241	70.9183	=IF(I1539="","",ROUND(G1539-I1539,2))	=IF(J1539="","",ROUND(H1539-J1539,2))
Invitation Homes	17552 Cantara St			91325	=IFERROR(INDEX(zips!$B:$B,MATCH(E1540,zips!$A:$A,0)),"")	=IFERROR(INDEX(zips!$E:$E,MATCH(E1540,zips!$A:$A,0)),"")	=IF(OR(F1540="",G1540=""),"",100*SUMIFS(zips!$C:$C,zips!$B:$B,F1540,zips!$E:$E,"<"&G1540)/SUMIFS(zips!$C:$C,zips!$B:$B,F1540,zips!$E:$E,">0"))	7291.5282	43.5181	=IF(I1540="","",ROUND(G1540-I1540,2))	=IF(J1540="","",ROUND(H1540-J1540,2))
Invitation Homes	10147 Aldea Ave			91325	=IFERROR(INDEX(zips!$B:$B,MATCH(E1541,zips!$A:$A,0)),"")	=IFERROR(INDEX(zips!$E:$E,MATCH(E1541,zips!$A:$A,0)),"")	=IF(OR(F1541="",G1541=""),"",100*SUMIFS(zips!$C:$C,zips!$B:$B,F1541,zips!$E:$E,"<"&G1541)/SUMIFS(zips!$C:$C,zips!$B:$B,F1541,zips!$E:$E,">0"))	7291.5282	43.5181	=IF(I1541="","",ROUND(G1541-I1541,2))	=IF(J1541="","",ROUND(H1541-J1541,2))
Invitation Homes	2725 Greenleaf Ave			93063	=IFERROR(INDEX(zips!$B:$B,MATCH(E1542,zips!$A:$A,0)),"")	=IFERROR(INDEX(zips!$E:$E,MATCH(E1542,zips!$A:$A,0)),"")	=IF(OR(F1542="",G1542=""),"",100*SUMIFS(zips!$C:$C,zips!$B:$B,F1542,zips!$E:$E,"<"&G1542)/SUMIFS(zips!$C:$C,zips!$B:$B,F1542,zips!$E:$E,">0"))	1551.4143	24.2676	=IF(I1542="","",ROUND(G1542-I1542,2))	=IF(J1542="","",ROUND(H1542-J1542,2))
Invitation Homes	8451 Costello Ave			91402	=IFERROR(INDEX(zips!$B:$B,MATCH(E1543,zips!$A:$A,0)),"")	=IFERROR(INDEX(zips!$E:$E,MATCH(E1543,zips!$A:$A,0)),"")	=IF(OR(F1543="",G1543=""),"",100*SUMIFS(zips!$C:$C,zips!$B:$B,F1543,zips!$E:$E,"<"&G1543)/SUMIFS(zips!$C:$C,zips!$B:$B,F1543,zips!$E:$E,">0"))	17903.9184	93.0456	=IF(I1543="","",ROUND(G1543-I1543,2))	=IF(J1543="","",ROUND(H1543-J1543,2))
Invitation Homes	7652 Goodland Ave			91605	=IFERROR(INDEX(zips!$B:$B,MATCH(E1544,zips!$A:$A,0)),"")	=IFERROR(INDEX(zips!$E:$E,MATCH(E1544,zips!$A:$A,0)),"")	=IF(OR(F1544="",G1544=""),"",100*SUMIFS(zips!$C:$C,zips!$B:$B,F1544,zips!$E:$E,"<"&G1544)/SUMIFS(zips!$C:$C,zips!$B:$B,F1544,zips!$E:$E,">0"))	9699.4413	61.042	=IF(I1544="","",ROUND(G1544-I1544,2))	=IF(J1544="","",ROUND(H1544-J1544,2))
Invitation Homes	7715 Bluebell Ave			91605	=IFERROR(INDEX(zips!$B:$B,MATCH(E1545,zips!$A:$A,0)),"")	=IFERROR(INDEX(zips!$E:$E,MATCH(E1545,zips!$A:$A,0)),"")	=IF(OR(F1545="",G1545=""),"",100*SUMIFS(zips!$C:$C,zips!$B:$B,F1545,zips!$E:$E,"<"&G1545)/SUMIFS(zips!$C:$C,zips!$B:$B,F1545,zips!$E:$E,">0"))	9699.4413	61.042	=IF(I1545="","",ROUND(G1545-I1545,2))	=IF(J1545="","",ROUND(H1545-J1545,2))
Invitation Homes	14249 Hoyt St			91331	=IFERROR(INDEX(zips!$B:$B,MATCH(E1546,zips!$A:$A,0)),"")	=IFERROR(INDEX(zips!$E:$E,MATCH(E1546,zips!$A:$A,0)),"")	=IF(OR(F1546="",G1546=""),"",100*SUMIFS(zips!$C:$C,zips!$B:$B,F1546,zips!$E:$E,"<"&G1546)/SUMIFS(zips!$C:$C,zips!$B:$B,F1546,zips!$E:$E,">0"))	10574.6388	66.6441	=IF(I1546="","",ROUND(G1546-I1546,2))	=IF(J1546="","",ROUND(H1546-J1546,2))
Invitation Homes	814 N Alexander St			91340	=IFERROR(INDEX(zips!$B:$B,MATCH(E1547,zips!$A:$A,0)),"")	=IFERROR(INDEX(zips!$E:$E,MATCH(E1547,zips!$A:$A,0)),"")	=IF(OR(F1547="",G1547=""),"",100*SUMIFS(zips!$C:$C,zips!$B:$B,F1547,zips!$E:$E,"<"&G1547)/SUMIFS(zips!$C:$C,zips!$B:$B,F1547,zips!$E:$E,">0"))	9836.7823	61.9177	=IF(I1547="","",ROUND(G1547-I1547,2))	=IF(J1547="","",ROUND(H1547-J1547,2))
Invitation Homes	37707 Mangrove Dr			93551	=IFERROR(INDEX(zips!$B:$B,MATCH(E1548,zips!$A:$A,0)),"")	=IFERROR(INDEX(zips!$E:$E,MATCH(E1548,zips!$A:$A,0)),"")	=IF(OR(F1548="",G1548=""),"",100*SUMIFS(zips!$C:$C,zips!$B:$B,F1548,zips!$E:$E,"<"&G1548)/SUMIFS(zips!$C:$C,zips!$B:$B,F1548,zips!$E:$E,">0"))	648.4025	3.0274	=IF(I1548="","",ROUND(G1548-I1548,2))	=IF(J1548="","",ROUND(H1548-J1548,2))
Invitation Homes	42049 Crestland Dr			93536	=IFERROR(INDEX(zips!$B:$B,MATCH(E1549,zips!$A:$A,0)),"")	=IFERROR(INDEX(zips!$E:$E,MATCH(E1549,zips!$A:$A,0)),"")	=IF(OR(F1549="",G1549=""),"",100*SUMIFS(zips!$C:$C,zips!$B:$B,F1549,zips!$E:$E,"<"&G1549)/SUMIFS(zips!$C:$C,zips!$B:$B,F1549,zips!$E:$E,">0"))	283.1189	0.7749	=IF(I1549="","",ROUND(G1549-I1549,2))	=IF(J1549="","",ROUND(H1549-J1549,2))
Invitation Homes	4813 W Avenue J4			93536	=IFERROR(INDEX(zips!$B:$B,MATCH(E1550,zips!$A:$A,0)),"")	=IFERROR(INDEX(zips!$E:$E,MATCH(E1550,zips!$A:$A,0)),"")	=IF(OR(F1550="",G1550=""),"",100*SUMIFS(zips!$C:$C,zips!$B:$B,F1550,zips!$E:$E,"<"&G1550)/SUMIFS(zips!$C:$C,zips!$B:$B,F1550,zips!$E:$E,">0"))	283.1189	0.7749	=IF(I1550="","",ROUND(G1550-I1550,2))	=IF(J1550="","",ROUND(H1550-J1550,2))
Invitation Homes	44500 Overland Ave			93536	=IFERROR(INDEX(zips!$B:$B,MATCH(E1551,zips!$A:$A,0)),"")	=IFERROR(INDEX(zips!$E:$E,MATCH(E1551,zips!$A:$A,0)),"")	=IF(OR(F1551="",G1551=""),"",100*SUMIFS(zips!$C:$C,zips!$B:$B,F1551,zips!$E:$E,"<"&G1551)/SUMIFS(zips!$C:$C,zips!$B:$B,F1551,zips!$E:$E,">0"))	283.1189	0.7749	=IF(I1551="","",ROUND(G1551-I1551,2))	=IF(J1551="","",ROUND(H1551-J1551,2))
Invitation Homes	5104 Prewett Ranch Dr			94531	=IFERROR(INDEX(zips!$B:$B,MATCH(E1552,zips!$A:$A,0)),"")	=IFERROR(INDEX(zips!$E:$E,MATCH(E1552,zips!$A:$A,0)),"")	=IF(OR(F1552="",G1552=""),"",100*SUMIFS(zips!$C:$C,zips!$B:$B,F1552,zips!$E:$E,"<"&G1552)/SUMIFS(zips!$C:$C,zips!$B:$B,F1552,zips!$E:$E,">0"))	3189.7633	30.5695	=IF(I1552="","",ROUND(G1552-I1552,2))	=IF(J1552="","",ROUND(H1552-J1552,2))
Invitation Homes	363 Rose Garden Ct			95336	=IFERROR(INDEX(zips!$B:$B,MATCH(E1553,zips!$A:$A,0)),"")	=IFERROR(INDEX(zips!$E:$E,MATCH(E1553,zips!$A:$A,0)),"")	=IF(OR(F1553="",G1553=""),"",100*SUMIFS(zips!$C:$C,zips!$B:$B,F1553,zips!$E:$E,"<"&G1553)/SUMIFS(zips!$C:$C,zips!$B:$B,F1553,zips!$E:$E,">0"))	1287.4843	49.0364	=IF(I1553="","",ROUND(G1553-I1553,2))	=IF(J1553="","",ROUND(H1553-J1553,2))
Invitation Homes	117 Heartwood Ct			94591	=IFERROR(INDEX(zips!$B:$B,MATCH(E1554,zips!$A:$A,0)),"")	=IFERROR(INDEX(zips!$E:$E,MATCH(E1554,zips!$A:$A,0)),"")	=IF(OR(F1554="",G1554=""),"",100*SUMIFS(zips!$C:$C,zips!$B:$B,F1554,zips!$E:$E,"<"&G1554)/SUMIFS(zips!$C:$C,zips!$B:$B,F1554,zips!$E:$E,">0"))	2773.6645	54.0274	=IF(I1554="","",ROUND(G1554-I1554,2))	=IF(J1554="","",ROUND(H1554-J1554,2))
Invitation Homes	217 Locust Dr			94591	=IFERROR(INDEX(zips!$B:$B,MATCH(E1555,zips!$A:$A,0)),"")	=IFERROR(INDEX(zips!$E:$E,MATCH(E1555,zips!$A:$A,0)),"")	=IF(OR(F1555="",G1555=""),"",100*SUMIFS(zips!$C:$C,zips!$B:$B,F1555,zips!$E:$E,"<"&G1555)/SUMIFS(zips!$C:$C,zips!$B:$B,F1555,zips!$E:$E,">0"))	2773.6645	54.0274	=IF(I1555="","",ROUND(G1555-I1555,2))	=IF(J1555="","",ROUND(H1555-J1555,2))
Invitation Homes	112 Royal Ct			94591	=IFERROR(INDEX(zips!$B:$B,MATCH(E1556,zips!$A:$A,0)),"")	=IFERROR(INDEX(zips!$E:$E,MATCH(E1556,zips!$A:$A,0)),"")	=IF(OR(F1556="",G1556=""),"",100*SUMIFS(zips!$C:$C,zips!$B:$B,F1556,zips!$E:$E,"<"&G1556)/SUMIFS(zips!$C:$C,zips!$B:$B,F1556,zips!$E:$E,">0"))	2773.6645	54.0274	=IF(I1556="","",ROUND(G1556-I1556,2))	=IF(J1556="","",ROUND(H1556-J1556,2))
Invitation Homes	141 Norden Ct			94589	=IFERROR(INDEX(zips!$B:$B,MATCH(E1557,zips!$A:$A,0)),"")	=IFERROR(INDEX(zips!$E:$E,MATCH(E1557,zips!$A:$A,0)),"")	=IF(OR(F1557="",G1557=""),"",100*SUMIFS(zips!$C:$C,zips!$B:$B,F1557,zips!$E:$E,"<"&G1557)/SUMIFS(zips!$C:$C,zips!$B:$B,F1557,zips!$E:$E,">0"))	5330.8032	84.8146	=IF(I1557="","",ROUND(G1557-I1557,2))	=IF(J1557="","",ROUND(H1557-J1557,2))
Invitation Homes	260 Cimarron Dr			94589	=IFERROR(INDEX(zips!$B:$B,MATCH(E1558,zips!$A:$A,0)),"")	=IFERROR(INDEX(zips!$E:$E,MATCH(E1558,zips!$A:$A,0)),"")	=IF(OR(F1558="",G1558=""),"",100*SUMIFS(zips!$C:$C,zips!$B:$B,F1558,zips!$E:$E,"<"&G1558)/SUMIFS(zips!$C:$C,zips!$B:$B,F1558,zips!$E:$E,">0"))	5330.8032	84.8146	=IF(I1558="","",ROUND(G1558-I1558,2))	=IF(J1558="","",ROUND(H1558-J1558,2))
Invitation Homes	315 Cimarron Dr			94589	=IFERROR(INDEX(zips!$B:$B,MATCH(E1559,zips!$A:$A,0)),"")	=IFERROR(INDEX(zips!$E:$E,MATCH(E1559,zips!$A:$A,0)),"")	=IF(OR(F1559="",G1559=""),"",100*SUMIFS(zips!$C:$C,zips!$B:$B,F1559,zips!$E:$E,"<"&G1559)/SUMIFS(zips!$C:$C,zips!$B:$B,F1559,zips!$E:$E,">0"))	5330.8032	84.8146	=IF(I1559="","",ROUND(G1559-I1559,2))	=IF(J1559="","",ROUND(H1559-J1559,2))
Invitation Homes	435 Begonia Blvd			94533	=IFERROR(INDEX(zips!$B:$B,MATCH(E1560,zips!$A:$A,0)),"")	=IFERROR(INDEX(zips!$E:$E,MATCH(E1560,zips!$A:$A,0)),"")	=IF(OR(F1560="",G1560=""),"",100*SUMIFS(zips!$C:$C,zips!$B:$B,F1560,zips!$E:$E,"<"&G1560)/SUMIFS(zips!$C:$C,zips!$B:$B,F1560,zips!$E:$E,">0"))	3486.5045	67.1722	=IF(I1560="","",ROUND(G1560-I1560,2))	=IF(J1560="","",ROUND(H1560-J1560,2))
Invitation Homes	374 Promenade Cir			94585	=IFERROR(INDEX(zips!$B:$B,MATCH(E1561,zips!$A:$A,0)),"")	=IFERROR(INDEX(zips!$E:$E,MATCH(E1561,zips!$A:$A,0)),"")	=IF(OR(F1561="",G1561=""),"",100*SUMIFS(zips!$C:$C,zips!$B:$B,F1561,zips!$E:$E,"<"&G1561)/SUMIFS(zips!$C:$C,zips!$B:$B,F1561,zips!$E:$E,">0"))	275.8238	7.6965	=IF(I1561="","",ROUND(G1561-I1561,2))	=IF(J1561="","",ROUND(H1561-J1561,2))
Invitation Homes	710 Rosemary Ct			94533	=IFERROR(INDEX(zips!$B:$B,MATCH(E1562,zips!$A:$A,0)),"")	=IFERROR(INDEX(zips!$E:$E,MATCH(E1562,zips!$A:$A,0)),"")	=IF(OR(F1562="",G1562=""),"",100*SUMIFS(zips!$C:$C,zips!$B:$B,F1562,zips!$E:$E,"<"&G1562)/SUMIFS(zips!$C:$C,zips!$B:$B,F1562,zips!$E:$E,">0"))	3486.5045	67.1722	=IF(I1562="","",ROUND(G1562-I1562,2))	=IF(J1562="","",ROUND(H1562-J1562,2))
Invitation Homes	284 Yosemite Dr			94565	=IFERROR(INDEX(zips!$B:$B,MATCH(E1563,zips!$A:$A,0)),"")	=IFERROR(INDEX(zips!$E:$E,MATCH(E1563,zips!$A:$A,0)),"")	=IF(OR(F1563="",G1563=""),"",100*SUMIFS(zips!$C:$C,zips!$B:$B,F1563,zips!$E:$E,"<"&G1563)/SUMIFS(zips!$C:$C,zips!$B:$B,F1563,zips!$E:$E,">0"))	2206.3674	18.3751	=IF(I1563="","",ROUND(G1563-I1563,2))	=IF(J1563="","",ROUND(H1563-J1563,2))
Invitation Homes	2823 Seville Cir			94509	=IFERROR(INDEX(zips!$B:$B,MATCH(E1564,zips!$A:$A,0)),"")	=IFERROR(INDEX(zips!$E:$E,MATCH(E1564,zips!$A:$A,0)),"")	=IF(OR(F1564="",G1564=""),"",100*SUMIFS(zips!$C:$C,zips!$B:$B,F1564,zips!$E:$E,"<"&G1564)/SUMIFS(zips!$C:$C,zips!$B:$B,F1564,zips!$E:$E,">0"))	4070.6793	36.7637	=IF(I1564="","",ROUND(G1564-I1564,2))	=IF(J1564="","",ROUND(H1564-J1564,2))
Invitation Homes	2409 Roca St			94509	=IFERROR(INDEX(zips!$B:$B,MATCH(E1565,zips!$A:$A,0)),"")	=IFERROR(INDEX(zips!$E:$E,MATCH(E1565,zips!$A:$A,0)),"")	=IF(OR(F1565="",G1565=""),"",100*SUMIFS(zips!$C:$C,zips!$B:$B,F1565,zips!$E:$E,"<"&G1565)/SUMIFS(zips!$C:$C,zips!$B:$B,F1565,zips!$E:$E,">0"))	4070.6793	36.7637	=IF(I1565="","",ROUND(G1565-I1565,2))	=IF(J1565="","",ROUND(H1565-J1565,2))
Invitation Homes	4201 Salgado Ave			94561	=IFERROR(INDEX(zips!$B:$B,MATCH(E1566,zips!$A:$A,0)),"")	=IFERROR(INDEX(zips!$E:$E,MATCH(E1566,zips!$A:$A,0)),"")	=IF(OR(F1566="",G1566=""),"",100*SUMIFS(zips!$C:$C,zips!$B:$B,F1566,zips!$E:$E,"<"&G1566)/SUMIFS(zips!$C:$C,zips!$B:$B,F1566,zips!$E:$E,">0"))	2617.5673	23.8159	=IF(I1566="","",ROUND(G1566-I1566,2))	=IF(J1566="","",ROUND(H1566-J1566,2))
Invitation Homes	690 Rubier Way			94571	=IFERROR(INDEX(zips!$B:$B,MATCH(E1567,zips!$A:$A,0)),"")	=IFERROR(INDEX(zips!$E:$E,MATCH(E1567,zips!$A:$A,0)),"")	=IF(OR(F1567="",G1567=""),"",100*SUMIFS(zips!$C:$C,zips!$B:$B,F1567,zips!$E:$E,"<"&G1567)/SUMIFS(zips!$C:$C,zips!$B:$B,F1567,zips!$E:$E,">0"))	100.5793	5.0245	=IF(I1567="","",ROUND(G1567-I1567,2))	=IF(J1567="","",ROUND(H1567-J1567,2))
Invitation Homes	1378 Marshall Rd			95687	=IFERROR(INDEX(zips!$B:$B,MATCH(E1568,zips!$A:$A,0)),"")	=IFERROR(INDEX(zips!$E:$E,MATCH(E1568,zips!$A:$A,0)),"")	=IF(OR(F1568="",G1568=""),"",100*SUMIFS(zips!$C:$C,zips!$B:$B,F1568,zips!$E:$E,"<"&G1568)/SUMIFS(zips!$C:$C,zips!$B:$B,F1568,zips!$E:$E,">0"))	1565.2086	38.361	=IF(I1568="","",ROUND(G1568-I1568,2))	=IF(J1568="","",ROUND(H1568-J1568,2))
Invitation Homes	615 Chateau Way			95687	=IFERROR(INDEX(zips!$B:$B,MATCH(E1569,zips!$A:$A,0)),"")	=IFERROR(INDEX(zips!$E:$E,MATCH(E1569,zips!$A:$A,0)),"")	=IF(OR(F1569="",G1569=""),"",100*SUMIFS(zips!$C:$C,zips!$B:$B,F1569,zips!$E:$E,"<"&G1569)/SUMIFS(zips!$C:$C,zips!$B:$B,F1569,zips!$E:$E,">0"))	1565.2086	38.361	=IF(I1569="","",ROUND(G1569-I1569,2))	=IF(J1569="","",ROUND(H1569-J1569,2))
Invitation Homes	278 Woodcrest Dr			95688	=IFERROR(INDEX(zips!$B:$B,MATCH(E1570,zips!$A:$A,0)),"")	=IFERROR(INDEX(zips!$E:$E,MATCH(E1570,zips!$A:$A,0)),"")	=IF(OR(F1570="",G1570=""),"",100*SUMIFS(zips!$C:$C,zips!$B:$B,F1570,zips!$E:$E,"<"&G1570)/SUMIFS(zips!$C:$C,zips!$B:$B,F1570,zips!$E:$E,">0"))	426.2516	14.2761	=IF(I1570="","",ROUND(G1570-I1570,2))	=IF(J1570="","",ROUND(H1570-J1570,2))
Invitation Homes	255 Ahern Ln			95620	=IFERROR(INDEX(zips!$B:$B,MATCH(E1571,zips!$A:$A,0)),"")	=IFERROR(INDEX(zips!$E:$E,MATCH(E1571,zips!$A:$A,0)),"")	=IF(OR(F1571="",G1571=""),"",100*SUMIFS(zips!$C:$C,zips!$B:$B,F1571,zips!$E:$E,"<"&G1571)/SUMIFS(zips!$C:$C,zips!$B:$B,F1571,zips!$E:$E,">0"))	92.7064	0.0	=IF(I1571="","",ROUND(G1571-I1571,2))	=IF(J1571="","",ROUND(H1571-J1571,2))
Invitation Homes	1315 W H St			95620	=IFERROR(INDEX(zips!$B:$B,MATCH(E1572,zips!$A:$A,0)),"")	=IFERROR(INDEX(zips!$E:$E,MATCH(E1572,zips!$A:$A,0)),"")	=IF(OR(F1572="",G1572=""),"",100*SUMIFS(zips!$C:$C,zips!$B:$B,F1572,zips!$E:$E,"<"&G1572)/SUMIFS(zips!$C:$C,zips!$B:$B,F1572,zips!$E:$E,">0"))	92.7064	0.0	=IF(I1572="","",ROUND(G1572-I1572,2))	=IF(J1572="","",ROUND(H1572-J1572,2))
Invitation Homes	960 Pembroke Way			95620	=IFERROR(INDEX(zips!$B:$B,MATCH(E1573,zips!$A:$A,0)),"")	=IFERROR(INDEX(zips!$E:$E,MATCH(E1573,zips!$A:$A,0)),"")	=IF(OR(F1573="",G1573=""),"",100*SUMIFS(zips!$C:$C,zips!$B:$B,F1573,zips!$E:$E,"<"&G1573)/SUMIFS(zips!$C:$C,zips!$B:$B,F1573,zips!$E:$E,">0"))	92.7064	0.0	=IF(I1573="","",ROUND(G1573-I1573,2))	=IF(J1573="","",ROUND(H1573-J1573,2))
Invitation Homes	1972 Miller Ct			95776	=IFERROR(INDEX(zips!$B:$B,MATCH(E1574,zips!$A:$A,0)),"")	=IFERROR(INDEX(zips!$E:$E,MATCH(E1574,zips!$A:$A,0)),"")	=IF(OR(F1574="",G1574=""),"",100*SUMIFS(zips!$C:$C,zips!$B:$B,F1574,zips!$E:$E,"<"&G1574)/SUMIFS(zips!$C:$C,zips!$B:$B,F1574,zips!$E:$E,">0"))	308.2583	11.1784	=IF(I1574="","",ROUND(G1574-I1574,2))	=IF(J1574="","",ROUND(H1574-J1574,2))
Invitation Homes	4821 Laguna West Way			95758	=IFERROR(INDEX(zips!$B:$B,MATCH(E1575,zips!$A:$A,0)),"")	=IFERROR(INDEX(zips!$E:$E,MATCH(E1575,zips!$A:$A,0)),"")	=IF(OR(F1575="",G1575=""),"",100*SUMIFS(zips!$C:$C,zips!$B:$B,F1575,zips!$E:$E,"<"&G1575)/SUMIFS(zips!$C:$C,zips!$B:$B,F1575,zips!$E:$E,">0"))	4844.3188	66.8186	=IF(I1575="","",ROUND(G1575-I1575,2))	=IF(J1575="","",ROUND(H1575-J1575,2))
Invitation Homes	101 Cedar Rock Cir			95823	=IFERROR(INDEX(zips!$B:$B,MATCH(E1576,zips!$A:$A,0)),"")	=IFERROR(INDEX(zips!$E:$E,MATCH(E1576,zips!$A:$A,0)),"")	=IF(OR(F1576="",G1576=""),"",100*SUMIFS(zips!$C:$C,zips!$B:$B,F1576,zips!$E:$E,"<"&G1576)/SUMIFS(zips!$C:$C,zips!$B:$B,F1576,zips!$E:$E,">0"))	7252.7224	89.7091	=IF(I1576="","",ROUND(G1576-I1576,2))	=IF(J1576="","",ROUND(H1576-J1576,2))
Invitation Homes	8186 Devon Park Ct			95828	=IFERROR(INDEX(zips!$B:$B,MATCH(E1577,zips!$A:$A,0)),"")	=IFERROR(INDEX(zips!$E:$E,MATCH(E1577,zips!$A:$A,0)),"")	=IF(OR(F1577="",G1577=""),"",100*SUMIFS(zips!$C:$C,zips!$B:$B,F1577,zips!$E:$E,"<"&G1577)/SUMIFS(zips!$C:$C,zips!$B:$B,F1577,zips!$E:$E,">0"))	4880.4322	69.5521	=IF(I1577="","",ROUND(G1577-I1577,2))	=IF(J1577="","",ROUND(H1577-J1577,2))
Invitation Homes	2803 26Th Ave			95820	=IFERROR(INDEX(zips!$B:$B,MATCH(E1578,zips!$A:$A,0)),"")	=IFERROR(INDEX(zips!$E:$E,MATCH(E1578,zips!$A:$A,0)),"")	=IF(OR(F1578="",G1578=""),"",100*SUMIFS(zips!$C:$C,zips!$B:$B,F1578,zips!$E:$E,"<"&G1578)/SUMIFS(zips!$C:$C,zips!$B:$B,F1578,zips!$E:$E,">0"))	6713.3093	87.4544	=IF(I1578="","",ROUND(G1578-I1578,2))	=IF(J1578="","",ROUND(H1578-J1578,2))
Invitation Homes	5 Fire Leaf Ct			95838	=IFERROR(INDEX(zips!$B:$B,MATCH(E1579,zips!$A:$A,0)),"")	=IFERROR(INDEX(zips!$E:$E,MATCH(E1579,zips!$A:$A,0)),"")	=IF(OR(F1579="",G1579=""),"",100*SUMIFS(zips!$C:$C,zips!$B:$B,F1579,zips!$E:$E,"<"&G1579)/SUMIFS(zips!$C:$C,zips!$B:$B,F1579,zips!$E:$E,">0"))	4377.5122	58.3555	=IF(I1579="","",ROUND(G1579-I1579,2))	=IF(J1579="","",ROUND(H1579-J1579,2))
Invitation Homes	3621 Van Owen St			95660	=IFERROR(INDEX(zips!$B:$B,MATCH(E1580,zips!$A:$A,0)),"")	=IFERROR(INDEX(zips!$E:$E,MATCH(E1580,zips!$A:$A,0)),"")	=IF(OR(F1580="",G1580=""),"",100*SUMIFS(zips!$C:$C,zips!$B:$B,F1580,zips!$E:$E,"<"&G1580)/SUMIFS(zips!$C:$C,zips!$B:$B,F1580,zips!$E:$E,">0"))	5612.5885	78.9448	=IF(I1580="","",ROUND(G1580-I1580,2))	=IF(J1580="","",ROUND(H1580-J1580,2))
Invitation Homes	4206 Painter Way			95660	=IFERROR(INDEX(zips!$B:$B,MATCH(E1581,zips!$A:$A,0)),"")	=IFERROR(INDEX(zips!$E:$E,MATCH(E1581,zips!$A:$A,0)),"")	=IF(OR(F1581="",G1581=""),"",100*SUMIFS(zips!$C:$C,zips!$B:$B,F1581,zips!$E:$E,"<"&G1581)/SUMIFS(zips!$C:$C,zips!$B:$B,F1581,zips!$E:$E,">0"))	5612.5885	78.9448	=IF(I1581="","",ROUND(G1581-I1581,2))	=IF(J1581="","",ROUND(H1581-J1581,2))
Invitation Homes	4229 Gold Ridge Way			95843	=IFERROR(INDEX(zips!$B:$B,MATCH(E1582,zips!$A:$A,0)),"")	=IFERROR(INDEX(zips!$E:$E,MATCH(E1582,zips!$A:$A,0)),"")	=IF(OR(F1582="",G1582=""),"",100*SUMIFS(zips!$C:$C,zips!$B:$B,F1582,zips!$E:$E,"<"&G1582)/SUMIFS(zips!$C:$C,zips!$B:$B,F1582,zips!$E:$E,">0"))	7414.6079	93.1572	=IF(I1582="","",ROUND(G1582-I1582,2))	=IF(J1582="","",ROUND(H1582-J1582,2))
Invitation Homes	5912 Trawler Way			95621	=IFERROR(INDEX(zips!$B:$B,MATCH(E1583,zips!$A:$A,0)),"")	=IFERROR(INDEX(zips!$E:$E,MATCH(E1583,zips!$A:$A,0)),"")	=IF(OR(F1583="",G1583=""),"",100*SUMIFS(zips!$C:$C,zips!$B:$B,F1583,zips!$E:$E,"<"&G1583)/SUMIFS(zips!$C:$C,zips!$B:$B,F1583,zips!$E:$E,">0"))	6254.2322	83.8879	=IF(I1583="","",ROUND(G1583-I1583,2))	=IF(J1583="","",ROUND(H1583-J1583,2))
Invitation Homes	8232 Sanderson Ct			95843	=IFERROR(INDEX(zips!$B:$B,MATCH(E1584,zips!$A:$A,0)),"")	=IFERROR(INDEX(zips!$E:$E,MATCH(E1584,zips!$A:$A,0)),"")	=IF(OR(F1584="",G1584=""),"",100*SUMIFS(zips!$C:$C,zips!$B:$B,F1584,zips!$E:$E,"<"&G1584)/SUMIFS(zips!$C:$C,zips!$B:$B,F1584,zips!$E:$E,">0"))	7414.6079	93.1572	=IF(I1584="","",ROUND(G1584-I1584,2))	=IF(J1584="","",ROUND(H1584-J1584,2))
Invitation Homes	1949 Lindsay Dr			95678	=IFERROR(INDEX(zips!$B:$B,MATCH(E1585,zips!$A:$A,0)),"")	=IFERROR(INDEX(zips!$E:$E,MATCH(E1585,zips!$A:$A,0)),"")	=IF(OR(F1585="",G1585=""),"",100*SUMIFS(zips!$C:$C,zips!$B:$B,F1585,zips!$E:$E,"<"&G1585)/SUMIFS(zips!$C:$C,zips!$B:$B,F1585,zips!$E:$E,">0"))	4003.8512	56.4609	=IF(I1585="","",ROUND(G1585-I1585,2))	=IF(J1585="","",ROUND(H1585-J1585,2))
Invitation Homes	403 1St St			95648	=IFERROR(INDEX(zips!$B:$B,MATCH(E1586,zips!$A:$A,0)),"")	=IFERROR(INDEX(zips!$E:$E,MATCH(E1586,zips!$A:$A,0)),"")	=IF(OR(F1586="",G1586=""),"",100*SUMIFS(zips!$C:$C,zips!$B:$B,F1586,zips!$E:$E,"<"&G1586)/SUMIFS(zips!$C:$C,zips!$B:$B,F1586,zips!$E:$E,">0"))	392.223	15.2352	=IF(I1586="","",ROUND(G1586-I1586,2))	=IF(J1586="","",ROUND(H1586-J1586,2))
Invitation Homes	5627 Bolton Way			95677	=IFERROR(INDEX(zips!$B:$B,MATCH(E1587,zips!$A:$A,0)),"")	=IFERROR(INDEX(zips!$E:$E,MATCH(E1587,zips!$A:$A,0)),"")	=IF(OR(F1587="",G1587=""),"",100*SUMIFS(zips!$C:$C,zips!$B:$B,F1587,zips!$E:$E,"<"&G1587)/SUMIFS(zips!$C:$C,zips!$B:$B,F1587,zips!$E:$E,">0"))	2963.7651	40.8533	=IF(I1587="","",ROUND(G1587-I1587,2))	=IF(J1587="","",ROUND(H1587-J1587,2))
Invitation Homes	4039 Huston Way			95961	=IFERROR(INDEX(zips!$B:$B,MATCH(E1588,zips!$A:$A,0)),"")	=IFERROR(INDEX(zips!$E:$E,MATCH(E1588,zips!$A:$A,0)),"")	=IF(OR(F1588="",G1588=""),"",100*SUMIFS(zips!$C:$C,zips!$B:$B,F1588,zips!$E:$E,"<"&G1588)/SUMIFS(zips!$C:$C,zips!$B:$B,F1588,zips!$E:$E,">0"))	729.3448	57.5306	=IF(I1588="","",ROUND(G1588-I1588,2))	=IF(J1588="","",ROUND(H1588-J1588,2))
Invitation Homes	20252 Layton St			92881	=IFERROR(INDEX(zips!$B:$B,MATCH(E1589,zips!$A:$A,0)),"")	=IFERROR(INDEX(zips!$E:$E,MATCH(E1589,zips!$A:$A,0)),"")	=IF(OR(F1589="",G1589=""),"",100*SUMIFS(zips!$C:$C,zips!$B:$B,F1589,zips!$E:$E,"<"&G1589)/SUMIFS(zips!$C:$C,zips!$B:$B,F1589,zips!$E:$E,">0"))	923.9539	26.8174	=IF(I1589="","",ROUND(G1589-I1589,2))	=IF(J1589="","",ROUND(H1589-J1589,2))
Invitation Homes	11042 Evergreen Loop			92883	=IFERROR(INDEX(zips!$B:$B,MATCH(E1590,zips!$A:$A,0)),"")	=IFERROR(INDEX(zips!$E:$E,MATCH(E1590,zips!$A:$A,0)),"")	=IF(OR(F1590="",G1590=""),"",100*SUMIFS(zips!$C:$C,zips!$B:$B,F1590,zips!$E:$E,"<"&G1590)/SUMIFS(zips!$C:$C,zips!$B:$B,F1590,zips!$E:$E,">0"))	692.1469	15.9901	=IF(I1590="","",ROUND(G1590-I1590,2))	=IF(J1590="","",ROUND(H1590-J1590,2))
Invitation Homes	10326 Pendleton St			92505	=IFERROR(INDEX(zips!$B:$B,MATCH(E1591,zips!$A:$A,0)),"")	=IFERROR(INDEX(zips!$E:$E,MATCH(E1591,zips!$A:$A,0)),"")	=IF(OR(F1591="",G1591=""),"",100*SUMIFS(zips!$C:$C,zips!$B:$B,F1591,zips!$E:$E,"<"&G1591)/SUMIFS(zips!$C:$C,zips!$B:$B,F1591,zips!$E:$E,">0"))	5214.5244	83.1886	=IF(I1591="","",ROUND(G1591-I1591,2))	=IF(J1591="","",ROUND(H1591-J1591,2))
Invitation Homes	5119 Noble St			92503	=IFERROR(INDEX(zips!$B:$B,MATCH(E1592,zips!$A:$A,0)),"")	=IFERROR(INDEX(zips!$E:$E,MATCH(E1592,zips!$A:$A,0)),"")	=IF(OR(F1592="",G1592=""),"",100*SUMIFS(zips!$C:$C,zips!$B:$B,F1592,zips!$E:$E,"<"&G1592)/SUMIFS(zips!$C:$C,zips!$B:$B,F1592,zips!$E:$E,">0"))	2571.0789	57.2159	=IF(I1592="","",ROUND(G1592-I1592,2))	=IF(J1592="","",ROUND(H1592-J1592,2))
Invitation Homes	6258 Thunder Bay Trl			92509	=IFERROR(INDEX(zips!$B:$B,MATCH(E1593,zips!$A:$A,0)),"")	=IFERROR(INDEX(zips!$E:$E,MATCH(E1593,zips!$A:$A,0)),"")	=IF(OR(F1593="",G1593=""),"",100*SUMIFS(zips!$C:$C,zips!$B:$B,F1593,zips!$E:$E,"<"&G1593)/SUMIFS(zips!$C:$C,zips!$B:$B,F1593,zips!$E:$E,">0"))	2608.8471	59.5239	=IF(I1593="","",ROUND(G1593-I1593,2))	=IF(J1593="","",ROUND(H1593-J1593,2))
Invitation Homes	6970 Brooknoll Ave			92509	=IFERROR(INDEX(zips!$B:$B,MATCH(E1594,zips!$A:$A,0)),"")	=IFERROR(INDEX(zips!$E:$E,MATCH(E1594,zips!$A:$A,0)),"")	=IF(OR(F1594="",G1594=""),"",100*SUMIFS(zips!$C:$C,zips!$B:$B,F1594,zips!$E:$E,"<"&G1594)/SUMIFS(zips!$C:$C,zips!$B:$B,F1594,zips!$E:$E,">0"))	2608.8471	59.5239	=IF(I1594="","",ROUND(G1594-I1594,2))	=IF(J1594="","",ROUND(H1594-J1594,2))
Invitation Homes	11475 Blackstone Ct			92337	=IFERROR(INDEX(zips!$B:$B,MATCH(E1595,zips!$A:$A,0)),"")	=IFERROR(INDEX(zips!$E:$E,MATCH(E1595,zips!$A:$A,0)),"")	=IF(OR(F1595="",G1595=""),"",100*SUMIFS(zips!$C:$C,zips!$B:$B,F1595,zips!$E:$E,"<"&G1595)/SUMIFS(zips!$C:$C,zips!$B:$B,F1595,zips!$E:$E,">0"))	2696.6423	61.2587	=IF(I1595="","",ROUND(G1595-I1595,2))	=IF(J1595="","",ROUND(H1595-J1595,2))
Invitation Homes	16341 Windcrest Dr			92337	=IFERROR(INDEX(zips!$B:$B,MATCH(E1596,zips!$A:$A,0)),"")	=IFERROR(INDEX(zips!$E:$E,MATCH(E1596,zips!$A:$A,0)),"")	=IF(OR(F1596="",G1596=""),"",100*SUMIFS(zips!$C:$C,zips!$B:$B,F1596,zips!$E:$E,"<"&G1596)/SUMIFS(zips!$C:$C,zips!$B:$B,F1596,zips!$E:$E,">0"))	2696.6423	61.2587	=IF(I1596="","",ROUND(G1596-I1596,2))	=IF(J1596="","",ROUND(H1596-J1596,2))
Invitation Homes	736 E Newburgh St			91740	=IFERROR(INDEX(zips!$B:$B,MATCH(E1597,zips!$A:$A,0)),"")	=IFERROR(INDEX(zips!$E:$E,MATCH(E1597,zips!$A:$A,0)),"")	=IF(OR(F1597="",G1597=""),"",100*SUMIFS(zips!$C:$C,zips!$B:$B,F1597,zips!$E:$E,"<"&G1597)/SUMIFS(zips!$C:$C,zips!$B:$B,F1597,zips!$E:$E,">0"))	5222.5993	26.4574	=IF(I1597="","",ROUND(G1597-I1597,2))	=IF(J1597="","",ROUND(H1597-J1597,2))
Invitation Homes	2855 Monroe St			92504	=IFERROR(INDEX(zips!$B:$B,MATCH(E1598,zips!$A:$A,0)),"")	=IFERROR(INDEX(zips!$E:$E,MATCH(E1598,zips!$A:$A,0)),"")	=IF(OR(F1598="",G1598=""),"",100*SUMIFS(zips!$C:$C,zips!$B:$B,F1598,zips!$E:$E,"<"&G1598)/SUMIFS(zips!$C:$C,zips!$B:$B,F1598,zips!$E:$E,">0"))	2516.8643	55.9803	=IF(I1598="","",ROUND(G1598-I1598,2))	=IF(J1598="","",ROUND(H1598-J1598,2))
Invitation Homes	23706 New England Dr			92553	=IFERROR(INDEX(zips!$B:$B,MATCH(E1599,zips!$A:$A,0)),"")	=IFERROR(INDEX(zips!$E:$E,MATCH(E1599,zips!$A:$A,0)),"")	=IF(OR(F1599="",G1599=""),"",100*SUMIFS(zips!$C:$C,zips!$B:$B,F1599,zips!$E:$E,"<"&G1599)/SUMIFS(zips!$C:$C,zips!$B:$B,F1599,zips!$E:$E,">0"))	7134.8216	98.4158	=IF(I1599="","",ROUND(G1599-I1599,2))	=IF(J1599="","",ROUND(H1599-J1599,2))
Invitation Homes	7340 Lydia Ave			92504	=IFERROR(INDEX(zips!$B:$B,MATCH(E1600,zips!$A:$A,0)),"")	=IFERROR(INDEX(zips!$E:$E,MATCH(E1600,zips!$A:$A,0)),"")	=IF(OR(F1600="",G1600=""),"",100*SUMIFS(zips!$C:$C,zips!$B:$B,F1600,zips!$E:$E,"<"&G1600)/SUMIFS(zips!$C:$C,zips!$B:$B,F1600,zips!$E:$E,">0"))	2516.8643	55.9803	=IF(I1600="","",ROUND(G1600-I1600,2))	=IF(J1600="","",ROUND(H1600-J1600,2))
Invitation Homes	17839 Granada Ave			92335	=IFERROR(INDEX(zips!$B:$B,MATCH(E1601,zips!$A:$A,0)),"")	=IFERROR(INDEX(zips!$E:$E,MATCH(E1601,zips!$A:$A,0)),"")	=IF(OR(F1601="",G1601=""),"",100*SUMIFS(zips!$C:$C,zips!$B:$B,F1601,zips!$E:$E,"<"&G1601)/SUMIFS(zips!$C:$C,zips!$B:$B,F1601,zips!$E:$E,">0"))	5458.8417	86.7244	=IF(I1601="","",ROUND(G1601-I1601,2))	=IF(J1601="","",ROUND(H1601-J1601,2))
Invitation Homes	8765 Grace St			92335	=IFERROR(INDEX(zips!$B:$B,MATCH(E1602,zips!$A:$A,0)),"")	=IFERROR(INDEX(zips!$E:$E,MATCH(E1602,zips!$A:$A,0)),"")	=IF(OR(F1602="",G1602=""),"",100*SUMIFS(zips!$C:$C,zips!$B:$B,F1602,zips!$E:$E,"<"&G1602)/SUMIFS(zips!$C:$C,zips!$B:$B,F1602,zips!$E:$E,">0"))	5458.8417	86.7244	=IF(I1602="","",ROUND(G1602-I1602,2))	=IF(J1602="","",ROUND(H1602-J1602,2))
Invitation Homes	25762 Fir Ave			92553	=IFERROR(INDEX(zips!$B:$B,MATCH(E1603,zips!$A:$A,0)),"")	=IFERROR(INDEX(zips!$E:$E,MATCH(E1603,zips!$A:$A,0)),"")	=IF(OR(F1603="",G1603=""),"",100*SUMIFS(zips!$C:$C,zips!$B:$B,F1603,zips!$E:$E,"<"&G1603)/SUMIFS(zips!$C:$C,zips!$B:$B,F1603,zips!$E:$E,">0"))	7134.8216	98.4158	=IF(I1603="","",ROUND(G1603-I1603,2))	=IF(J1603="","",ROUND(H1603-J1603,2))
Invitation Homes	11961 Hubbard St			92557	=IFERROR(INDEX(zips!$B:$B,MATCH(E1604,zips!$A:$A,0)),"")	=IFERROR(INDEX(zips!$E:$E,MATCH(E1604,zips!$A:$A,0)),"")	=IF(OR(F1604="",G1604=""),"",100*SUMIFS(zips!$C:$C,zips!$B:$B,F1604,zips!$E:$E,"<"&G1604)/SUMIFS(zips!$C:$C,zips!$B:$B,F1604,zips!$E:$E,">0"))	3137.4304	69.2208	=IF(I1604="","",ROUND(G1604-I1604,2))	=IF(J1604="","",ROUND(H1604-J1604,2))
Invitation Homes	10349 Beryl Ave			92359	=IFERROR(INDEX(zips!$B:$B,MATCH(E1605,zips!$A:$A,0)),"")	=IFERROR(INDEX(zips!$E:$E,MATCH(E1605,zips!$A:$A,0)),"")	=IF(OR(F1605="",G1605=""),"",100*SUMIFS(zips!$C:$C,zips!$B:$B,F1605,zips!$E:$E,"<"&G1605)/SUMIFS(zips!$C:$C,zips!$B:$B,F1605,zips!$E:$E,">0"))	489.3983	11.2282	=IF(I1605="","",ROUND(G1605-I1605,2))	=IF(J1605="","",ROUND(H1605-J1605,2))
Invitation Homes	351 Blue Ridge Ln			92583	=IFERROR(INDEX(zips!$B:$B,MATCH(E1606,zips!$A:$A,0)),"")	=IFERROR(INDEX(zips!$E:$E,MATCH(E1606,zips!$A:$A,0)),"")	=IF(OR(F1606="",G1606=""),"",100*SUMIFS(zips!$C:$C,zips!$B:$B,F1606,zips!$E:$E,"<"&G1606)/SUMIFS(zips!$C:$C,zips!$B:$B,F1606,zips!$E:$E,">0"))	1156.0505	31.2947	=IF(I1606="","",ROUND(G1606-I1606,2))	=IF(J1606="","",ROUND(H1606-J1606,2))
Invitation Homes	835 Brownie Way			92223	=IFERROR(INDEX(zips!$B:$B,MATCH(E1607,zips!$A:$A,0)),"")	=IFERROR(INDEX(zips!$E:$E,MATCH(E1607,zips!$A:$A,0)),"")	=IF(OR(F1607="",G1607=""),"",100*SUMIFS(zips!$C:$C,zips!$B:$B,F1607,zips!$E:$E,"<"&G1607)/SUMIFS(zips!$C:$C,zips!$B:$B,F1607,zips!$E:$E,">0"))	1395.9852	33.6655	=IF(I1607="","",ROUND(G1607-I1607,2))	=IF(J1607="","",ROUND(H1607-J1607,2))
Invitation Homes	1448 Roadrunner Ln			92223	=IFERROR(INDEX(zips!$B:$B,MATCH(E1608,zips!$A:$A,0)),"")	=IFERROR(INDEX(zips!$E:$E,MATCH(E1608,zips!$A:$A,0)),"")	=IF(OR(F1608="",G1608=""),"",100*SUMIFS(zips!$C:$C,zips!$B:$B,F1608,zips!$E:$E,"<"&G1608)/SUMIFS(zips!$C:$C,zips!$B:$B,F1608,zips!$E:$E,">0"))	1395.9852	33.6655	=IF(I1608="","",ROUND(G1608-I1608,2))	=IF(J1608="","",ROUND(H1608-J1608,2))
Invitation Homes	781 Hillview St			92223	=IFERROR(INDEX(zips!$B:$B,MATCH(E1609,zips!$A:$A,0)),"")	=IFERROR(INDEX(zips!$E:$E,MATCH(E1609,zips!$A:$A,0)),"")	=IF(OR(F1609="",G1609=""),"",100*SUMIFS(zips!$C:$C,zips!$B:$B,F1609,zips!$E:$E,"<"&G1609)/SUMIFS(zips!$C:$C,zips!$B:$B,F1609,zips!$E:$E,">0"))	1395.9852	33.6655	=IF(I1609="","",ROUND(G1609-I1609,2))	=IF(J1609="","",ROUND(H1609-J1609,2))
Invitation Homes	1627 Hadar Way			92223	=IFERROR(INDEX(zips!$B:$B,MATCH(E1610,zips!$A:$A,0)),"")	=IFERROR(INDEX(zips!$E:$E,MATCH(E1610,zips!$A:$A,0)),"")	=IF(OR(F1610="",G1610=""),"",100*SUMIFS(zips!$C:$C,zips!$B:$B,F1610,zips!$E:$E,"<"&G1610)/SUMIFS(zips!$C:$C,zips!$B:$B,F1610,zips!$E:$E,">0"))	1395.9852	33.6655	=IF(I1610="","",ROUND(G1610-I1610,2))	=IF(J1610="","",ROUND(H1610-J1610,2))
Invitation Homes	1066 Queen Annes Ln			92223	=IFERROR(INDEX(zips!$B:$B,MATCH(E1611,zips!$A:$A,0)),"")	=IFERROR(INDEX(zips!$E:$E,MATCH(E1611,zips!$A:$A,0)),"")	=IF(OR(F1611="",G1611=""),"",100*SUMIFS(zips!$C:$C,zips!$B:$B,F1611,zips!$E:$E,"<"&G1611)/SUMIFS(zips!$C:$C,zips!$B:$B,F1611,zips!$E:$E,">0"))	1395.9852	33.6655	=IF(I1611="","",ROUND(G1611-I1611,2))	=IF(J1611="","",ROUND(H1611-J1611,2))
Invitation Homes	642 Dorothy Anna Dr			92220	=IFERROR(INDEX(zips!$B:$B,MATCH(E1612,zips!$A:$A,0)),"")	=IFERROR(INDEX(zips!$E:$E,MATCH(E1612,zips!$A:$A,0)),"")	=IF(OR(F1612="",G1612=""),"",100*SUMIFS(zips!$C:$C,zips!$B:$B,F1612,zips!$E:$E,"<"&G1612)/SUMIFS(zips!$C:$C,zips!$B:$B,F1612,zips!$E:$E,">0"))	236.5111	7.3381	=IF(I1612="","",ROUND(G1612-I1612,2))	=IF(J1612="","",ROUND(H1612-J1612,2))
Invitation Homes	33840 Washington Dr			92399	=IFERROR(INDEX(zips!$B:$B,MATCH(E1613,zips!$A:$A,0)),"")	=IFERROR(INDEX(zips!$E:$E,MATCH(E1613,zips!$A:$A,0)),"")	=IF(OR(F1613="",G1613=""),"",100*SUMIFS(zips!$C:$C,zips!$B:$B,F1613,zips!$E:$E,"<"&G1613)/SUMIFS(zips!$C:$C,zips!$B:$B,F1613,zips!$E:$E,">0"))	1025.761	28.9607	=IF(I1613="","",ROUND(G1613-I1613,2))	=IF(J1613="","",ROUND(H1613-J1613,2))
Invitation Homes	1785 Via Verde Dr			92377	=IFERROR(INDEX(zips!$B:$B,MATCH(E1614,zips!$A:$A,0)),"")	=IFERROR(INDEX(zips!$E:$E,MATCH(E1614,zips!$A:$A,0)),"")	=IF(OR(F1614="",G1614=""),"",100*SUMIFS(zips!$C:$C,zips!$B:$B,F1614,zips!$E:$E,"<"&G1614)/SUMIFS(zips!$C:$C,zips!$B:$B,F1614,zips!$E:$E,">0"))	3013.8985	68.7514	=IF(I1614="","",ROUND(G1614-I1614,2))	=IF(J1614="","",ROUND(H1614-J1614,2))
Invitation Homes	2459 Gunner Ridge Way			92377	=IFERROR(INDEX(zips!$B:$B,MATCH(E1615,zips!$A:$A,0)),"")	=IFERROR(INDEX(zips!$E:$E,MATCH(E1615,zips!$A:$A,0)),"")	=IF(OR(F1615="",G1615=""),"",100*SUMIFS(zips!$C:$C,zips!$B:$B,F1615,zips!$E:$E,"<"&G1615)/SUMIFS(zips!$C:$C,zips!$B:$B,F1615,zips!$E:$E,">0"))	3013.8985	68.7514	=IF(I1615="","",ROUND(G1615-I1615,2))	=IF(J1615="","",ROUND(H1615-J1615,2))
Invitation Homes	2804 Rosarita St			92407	=IFERROR(INDEX(zips!$B:$B,MATCH(E1616,zips!$A:$A,0)),"")	=IFERROR(INDEX(zips!$E:$E,MATCH(E1616,zips!$A:$A,0)),"")	=IF(OR(F1616="",G1616=""),"",100*SUMIFS(zips!$C:$C,zips!$B:$B,F1616,zips!$E:$E,"<"&G1616)/SUMIFS(zips!$C:$C,zips!$B:$B,F1616,zips!$E:$E,">0"))	847.2644	22.6193	=IF(I1616="","",ROUND(G1616-I1616,2))	=IF(J1616="","",ROUND(H1616-J1616,2))
Invitation Homes	7791 Unicorn Way			92346	=IFERROR(INDEX(zips!$B:$B,MATCH(E1617,zips!$A:$A,0)),"")	=IFERROR(INDEX(zips!$E:$E,MATCH(E1617,zips!$A:$A,0)),"")	=IF(OR(F1617="",G1617=""),"",100*SUMIFS(zips!$C:$C,zips!$B:$B,F1617,zips!$E:$E,"<"&G1617)/SUMIFS(zips!$C:$C,zips!$B:$B,F1617,zips!$E:$E,">0"))	2100.3024	49.8529	=IF(I1617="","",ROUND(G1617-I1617,2))	=IF(J1617="","",ROUND(H1617-J1617,2))
Invitation Homes	7540 Oakwood Ln			92346	=IFERROR(INDEX(zips!$B:$B,MATCH(E1618,zips!$A:$A,0)),"")	=IFERROR(INDEX(zips!$E:$E,MATCH(E1618,zips!$A:$A,0)),"")	=IF(OR(F1618="",G1618=""),"",100*SUMIFS(zips!$C:$C,zips!$B:$B,F1618,zips!$E:$E,"<"&G1618)/SUMIFS(zips!$C:$C,zips!$B:$B,F1618,zips!$E:$E,">0"))	2100.3024	49.8529	=IF(I1618="","",ROUND(G1618-I1618,2))	=IF(J1618="","",ROUND(H1618-J1618,2))
Invitation Homes	828 Cambridge Ct			93535	=IFERROR(INDEX(zips!$B:$B,MATCH(E1619,zips!$A:$A,0)),"")	=IFERROR(INDEX(zips!$E:$E,MATCH(E1619,zips!$A:$A,0)),"")	=IF(OR(F1619="",G1619=""),"",100*SUMIFS(zips!$C:$C,zips!$B:$B,F1619,zips!$E:$E,"<"&G1619)/SUMIFS(zips!$C:$C,zips!$B:$B,F1619,zips!$E:$E,">0"))	336.7492	1.9952	=IF(I1619="","",ROUND(G1619-I1619,2))	=IF(J1619="","",ROUND(H1619-J1619,2))
Invitation Homes	3616 Starlight Evening St			89129	=IFERROR(INDEX(zips!$B:$B,MATCH(E1620,zips!$A:$A,0)),"")	=IFERROR(INDEX(zips!$E:$E,MATCH(E1620,zips!$A:$A,0)),"")	=IF(OR(F1620="",G1620=""),"",100*SUMIFS(zips!$C:$C,zips!$B:$B,F1620,zips!$E:$E,"<"&G1620)/SUMIFS(zips!$C:$C,zips!$B:$B,F1620,zips!$E:$E,">0"))	5467.3412	47.9214	=IF(I1620="","",ROUND(G1620-I1620,2))	=IF(J1620="","",ROUND(H1620-J1620,2))
Invitation Homes	10541 Danielson Ave			89129	=IFERROR(INDEX(zips!$B:$B,MATCH(E1621,zips!$A:$A,0)),"")	=IFERROR(INDEX(zips!$E:$E,MATCH(E1621,zips!$A:$A,0)),"")	=IF(OR(F1621="",G1621=""),"",100*SUMIFS(zips!$C:$C,zips!$B:$B,F1621,zips!$E:$E,"<"&G1621)/SUMIFS(zips!$C:$C,zips!$B:$B,F1621,zips!$E:$E,">0"))	5467.3412	47.9214	=IF(I1621="","",ROUND(G1621-I1621,2))	=IF(J1621="","",ROUND(H1621-J1621,2))
Invitation Homes	10460 Mihela Ave			89129	=IFERROR(INDEX(zips!$B:$B,MATCH(E1622,zips!$A:$A,0)),"")	=IFERROR(INDEX(zips!$E:$E,MATCH(E1622,zips!$A:$A,0)),"")	=IF(OR(F1622="",G1622=""),"",100*SUMIFS(zips!$C:$C,zips!$B:$B,F1622,zips!$E:$E,"<"&G1622)/SUMIFS(zips!$C:$C,zips!$B:$B,F1622,zips!$E:$E,">0"))	5467.3412	47.9214	=IF(I1622="","",ROUND(G1622-I1622,2))	=IF(J1622="","",ROUND(H1622-J1622,2))
Invitation Homes	6557 Grand Concourse St			89166	=IFERROR(INDEX(zips!$B:$B,MATCH(E1623,zips!$A:$A,0)),"")	=IFERROR(INDEX(zips!$E:$E,MATCH(E1623,zips!$A:$A,0)),"")	=IF(OR(F1623="",G1623=""),"",100*SUMIFS(zips!$C:$C,zips!$B:$B,F1623,zips!$E:$E,"<"&G1623)/SUMIFS(zips!$C:$C,zips!$B:$B,F1623,zips!$E:$E,">0"))	172.7676	2.2241	=IF(I1623="","",ROUND(G1623-I1623,2))	=IF(J1623="","",ROUND(H1623-J1623,2))
Invitation Homes	7361 Arlington Garden St			89166	=IFERROR(INDEX(zips!$B:$B,MATCH(E1624,zips!$A:$A,0)),"")	=IFERROR(INDEX(zips!$E:$E,MATCH(E1624,zips!$A:$A,0)),"")	=IF(OR(F1624="",G1624=""),"",100*SUMIFS(zips!$C:$C,zips!$B:$B,F1624,zips!$E:$E,"<"&G1624)/SUMIFS(zips!$C:$C,zips!$B:$B,F1624,zips!$E:$E,">0"))	172.7676	2.2241	=IF(I1624="","",ROUND(G1624-I1624,2))	=IF(J1624="","",ROUND(H1624-J1624,2))
Invitation Homes	7136 Indian Gap Avenue			89179	=IFERROR(INDEX(zips!$B:$B,MATCH(E1625,zips!$A:$A,0)),"")	=IFERROR(INDEX(zips!$E:$E,MATCH(E1625,zips!$A:$A,0)),"")	=IF(OR(F1625="",G1625=""),"",100*SUMIFS(zips!$C:$C,zips!$B:$B,F1625,zips!$E:$E,"<"&G1625)/SUMIFS(zips!$C:$C,zips!$B:$B,F1625,zips!$E:$E,">0"))	102.3941	0.9198	=IF(I1625="","",ROUND(G1625-I1625,2))	=IF(J1625="","",ROUND(H1625-J1625,2))
Invitation Homes	9332 Bear Basin Ct			89178	=IFERROR(INDEX(zips!$B:$B,MATCH(E1626,zips!$A:$A,0)),"")	=IFERROR(INDEX(zips!$E:$E,MATCH(E1626,zips!$A:$A,0)),"")	=IF(OR(F1626="",G1626=""),"",100*SUMIFS(zips!$C:$C,zips!$B:$B,F1626,zips!$E:$E,"<"&G1626)/SUMIFS(zips!$C:$C,zips!$B:$B,F1626,zips!$E:$E,">0"))	1910.9507	11.607	=IF(I1626="","",ROUND(G1626-I1626,2))	=IF(J1626="","",ROUND(H1626-J1626,2))
Invitation Homes	9061 Jumping Jacks Avenue			89178	=IFERROR(INDEX(zips!$B:$B,MATCH(E1627,zips!$A:$A,0)),"")	=IFERROR(INDEX(zips!$E:$E,MATCH(E1627,zips!$A:$A,0)),"")	=IF(OR(F1627="",G1627=""),"",100*SUMIFS(zips!$C:$C,zips!$B:$B,F1627,zips!$E:$E,"<"&G1627)/SUMIFS(zips!$C:$C,zips!$B:$B,F1627,zips!$E:$E,">0"))	1910.9507	11.607	=IF(I1627="","",ROUND(G1627-I1627,2))	=IF(J1627="","",ROUND(H1627-J1627,2))
Invitation Homes	9192 W Richmar Ave			89178	=IFERROR(INDEX(zips!$B:$B,MATCH(E1628,zips!$A:$A,0)),"")	=IFERROR(INDEX(zips!$E:$E,MATCH(E1628,zips!$A:$A,0)),"")	=IF(OR(F1628="",G1628=""),"",100*SUMIFS(zips!$C:$C,zips!$B:$B,F1628,zips!$E:$E,"<"&G1628)/SUMIFS(zips!$C:$C,zips!$B:$B,F1628,zips!$E:$E,">0"))	1910.9507	11.607	=IF(I1628="","",ROUND(G1628-I1628,2))	=IF(J1628="","",ROUND(H1628-J1628,2))
Invitation Homes	9551 Bachelors Fortune St			89178	=IFERROR(INDEX(zips!$B:$B,MATCH(E1629,zips!$A:$A,0)),"")	=IFERROR(INDEX(zips!$E:$E,MATCH(E1629,zips!$A:$A,0)),"")	=IF(OR(F1629="",G1629=""),"",100*SUMIFS(zips!$C:$C,zips!$B:$B,F1629,zips!$E:$E,"<"&G1629)/SUMIFS(zips!$C:$C,zips!$B:$B,F1629,zips!$E:$E,">0"))	1910.9507	11.607	=IF(I1629="","",ROUND(G1629-I1629,2))	=IF(J1629="","",ROUND(H1629-J1629,2))
Invitation Homes	9639 Vega Carpio Ave			89178	=IFERROR(INDEX(zips!$B:$B,MATCH(E1630,zips!$A:$A,0)),"")	=IFERROR(INDEX(zips!$E:$E,MATCH(E1630,zips!$A:$A,0)),"")	=IF(OR(F1630="",G1630=""),"",100*SUMIFS(zips!$C:$C,zips!$B:$B,F1630,zips!$E:$E,"<"&G1630)/SUMIFS(zips!$C:$C,zips!$B:$B,F1630,zips!$E:$E,">0"))	1910.9507	11.607	=IF(I1630="","",ROUND(G1630-I1630,2))	=IF(J1630="","",ROUND(H1630-J1630,2))
Invitation Homes	8316 Lower Trailhead Ave			89113	=IFERROR(INDEX(zips!$B:$B,MATCH(E1631,zips!$A:$A,0)),"")	=IFERROR(INDEX(zips!$E:$E,MATCH(E1631,zips!$A:$A,0)),"")	=IF(OR(F1631="",G1631=""),"",100*SUMIFS(zips!$C:$C,zips!$B:$B,F1631,zips!$E:$E,"<"&G1631)/SUMIFS(zips!$C:$C,zips!$B:$B,F1631,zips!$E:$E,">0"))	3464.2095	26.2338	=IF(I1631="","",ROUND(G1631-I1631,2))	=IF(J1631="","",ROUND(H1631-J1631,2))
Invitation Homes	8843 Canyon Saddle St			89148	=IFERROR(INDEX(zips!$B:$B,MATCH(E1632,zips!$A:$A,0)),"")	=IFERROR(INDEX(zips!$E:$E,MATCH(E1632,zips!$A:$A,0)),"")	=IF(OR(F1632="",G1632=""),"",100*SUMIFS(zips!$C:$C,zips!$B:$B,F1632,zips!$E:$E,"<"&G1632)/SUMIFS(zips!$C:$C,zips!$B:$B,F1632,zips!$E:$E,">0"))	6587.7328	74.6289	=IF(I1632="","",ROUND(G1632-I1632,2))	=IF(J1632="","",ROUND(H1632-J1632,2))
Invitation Homes	10638 Congaree St			89141	=IFERROR(INDEX(zips!$B:$B,MATCH(E1633,zips!$A:$A,0)),"")	=IFERROR(INDEX(zips!$E:$E,MATCH(E1633,zips!$A:$A,0)),"")	=IF(OR(F1633="",G1633=""),"",100*SUMIFS(zips!$C:$C,zips!$B:$B,F1633,zips!$E:$E,"<"&G1633)/SUMIFS(zips!$C:$C,zips!$B:$B,F1633,zips!$E:$E,">0"))	3914.5437	33.7541	=IF(I1633="","",ROUND(G1633-I1633,2))	=IF(J1633="","",ROUND(H1633-J1633,2))
Invitation Homes	280 Bella Calabria Ave			89183	=IFERROR(INDEX(zips!$B:$B,MATCH(E1634,zips!$A:$A,0)),"")	=IFERROR(INDEX(zips!$E:$E,MATCH(E1634,zips!$A:$A,0)),"")	=IF(OR(F1634="",G1634=""),"",100*SUMIFS(zips!$C:$C,zips!$B:$B,F1634,zips!$E:$E,"<"&G1634)/SUMIFS(zips!$C:$C,zips!$B:$B,F1634,zips!$E:$E,">0"))	6005.427	64.9059	=IF(I1634="","",ROUND(G1634-I1634,2))	=IF(J1634="","",ROUND(H1634-J1634,2))
Invitation Homes	11675 Tierney Creek Dr			89183	=IFERROR(INDEX(zips!$B:$B,MATCH(E1635,zips!$A:$A,0)),"")	=IFERROR(INDEX(zips!$E:$E,MATCH(E1635,zips!$A:$A,0)),"")	=IF(OR(F1635="",G1635=""),"",100*SUMIFS(zips!$C:$C,zips!$B:$B,F1635,zips!$E:$E,"<"&G1635)/SUMIFS(zips!$C:$C,zips!$B:$B,F1635,zips!$E:$E,">0"))	6005.427	64.9059	=IF(I1635="","",ROUND(G1635-I1635,2))	=IF(J1635="","",ROUND(H1635-J1635,2))
Invitation Homes	10775 Villa Carlotta Ct			89141	=IFERROR(INDEX(zips!$B:$B,MATCH(E1636,zips!$A:$A,0)),"")	=IFERROR(INDEX(zips!$E:$E,MATCH(E1636,zips!$A:$A,0)),"")	=IF(OR(F1636="",G1636=""),"",100*SUMIFS(zips!$C:$C,zips!$B:$B,F1636,zips!$E:$E,"<"&G1636)/SUMIFS(zips!$C:$C,zips!$B:$B,F1636,zips!$E:$E,">0"))	3914.5437	33.7541	=IF(I1636="","",ROUND(G1636-I1636,2))	=IF(J1636="","",ROUND(H1636-J1636,2))
Invitation Homes	10763 Villa Carlotta Ct			89141	=IFERROR(INDEX(zips!$B:$B,MATCH(E1637,zips!$A:$A,0)),"")	=IFERROR(INDEX(zips!$E:$E,MATCH(E1637,zips!$A:$A,0)),"")	=IF(OR(F1637="",G1637=""),"",100*SUMIFS(zips!$C:$C,zips!$B:$B,F1637,zips!$E:$E,"<"&G1637)/SUMIFS(zips!$C:$C,zips!$B:$B,F1637,zips!$E:$E,">0"))	3914.5437	33.7541	=IF(I1637="","",ROUND(G1637-I1637,2))	=IF(J1637="","",ROUND(H1637-J1637,2))
Invitation Homes	9164 Briarthorne St			89123	=IFERROR(INDEX(zips!$B:$B,MATCH(E1638,zips!$A:$A,0)),"")	=IFERROR(INDEX(zips!$E:$E,MATCH(E1638,zips!$A:$A,0)),"")	=IF(OR(F1638="",G1638=""),"",100*SUMIFS(zips!$C:$C,zips!$B:$B,F1638,zips!$E:$E,"<"&G1638)/SUMIFS(zips!$C:$C,zips!$B:$B,F1638,zips!$E:$E,">0"))	5569.8977	54.4513	=IF(I1638="","",ROUND(G1638-I1638,2))	=IF(J1638="","",ROUND(H1638-J1638,2))
Invitation Homes	2328 Silver Crew Pass			89052	=IFERROR(INDEX(zips!$B:$B,MATCH(E1639,zips!$A:$A,0)),"")	=IFERROR(INDEX(zips!$E:$E,MATCH(E1639,zips!$A:$A,0)),"")	=IF(OR(F1639="",G1639=""),"",100*SUMIFS(zips!$C:$C,zips!$B:$B,F1639,zips!$E:$E,"<"&G1639)/SUMIFS(zips!$C:$C,zips!$B:$B,F1639,zips!$E:$E,">0"))	3653.7801	30.5605	=IF(I1639="","",ROUND(G1639-I1639,2))	=IF(J1639="","",ROUND(H1639-J1639,2))
Invitation Homes	2405 Eagleridge Dr			89074	=IFERROR(INDEX(zips!$B:$B,MATCH(E1640,zips!$A:$A,0)),"")	=IFERROR(INDEX(zips!$E:$E,MATCH(E1640,zips!$A:$A,0)),"")	=IF(OR(F1640="",G1640=""),"",100*SUMIFS(zips!$C:$C,zips!$B:$B,F1640,zips!$E:$E,"<"&G1640)/SUMIFS(zips!$C:$C,zips!$B:$B,F1640,zips!$E:$E,">0"))	5715.2464	61.0935	=IF(I1640="","",ROUND(G1640-I1640,2))	=IF(J1640="","",ROUND(H1640-J1640,2))
Invitation Homes	2143 Falcon Pointe Ln			89074	=IFERROR(INDEX(zips!$B:$B,MATCH(E1641,zips!$A:$A,0)),"")	=IFERROR(INDEX(zips!$E:$E,MATCH(E1641,zips!$A:$A,0)),"")	=IF(OR(F1641="",G1641=""),"",100*SUMIFS(zips!$C:$C,zips!$B:$B,F1641,zips!$E:$E,"<"&G1641)/SUMIFS(zips!$C:$C,zips!$B:$B,F1641,zips!$E:$E,">0"))	5715.2464	61.0935	=IF(I1641="","",ROUND(G1641-I1641,2))	=IF(J1641="","",ROUND(H1641-J1641,2))
Invitation Homes	1848 Poetic Valley Cir			89012	=IFERROR(INDEX(zips!$B:$B,MATCH(E1642,zips!$A:$A,0)),"")	=IFERROR(INDEX(zips!$E:$E,MATCH(E1642,zips!$A:$A,0)),"")	=IF(OR(F1642="",G1642=""),"",100*SUMIFS(zips!$C:$C,zips!$B:$B,F1642,zips!$E:$E,"<"&G1642)/SUMIFS(zips!$C:$C,zips!$B:$B,F1642,zips!$E:$E,">0"))	3554.3214	28.8945	=IF(I1642="","",ROUND(G1642-I1642,2))	=IF(J1642="","",ROUND(H1642-J1642,2))
Invitation Homes	780 Viento Del Montagna Ave			89012	=IFERROR(INDEX(zips!$B:$B,MATCH(E1643,zips!$A:$A,0)),"")	=IFERROR(INDEX(zips!$E:$E,MATCH(E1643,zips!$A:$A,0)),"")	=IF(OR(F1643="",G1643=""),"",100*SUMIFS(zips!$C:$C,zips!$B:$B,F1643,zips!$E:$E,"<"&G1643)/SUMIFS(zips!$C:$C,zips!$B:$B,F1643,zips!$E:$E,">0"))	3554.3214	28.8945	=IF(I1643="","",ROUND(G1643-I1643,2))	=IF(J1643="","",ROUND(H1643-J1643,2))
Invitation Homes	1038 Copper Palm Ct			89002	=IFERROR(INDEX(zips!$B:$B,MATCH(E1644,zips!$A:$A,0)),"")	=IFERROR(INDEX(zips!$E:$E,MATCH(E1644,zips!$A:$A,0)),"")	=IF(OR(F1644="",G1644=""),"",100*SUMIFS(zips!$C:$C,zips!$B:$B,F1644,zips!$E:$E,"<"&G1644)/SUMIFS(zips!$C:$C,zips!$B:$B,F1644,zips!$E:$E,">0"))	4288.6099	39.7157	=IF(I1644="","",ROUND(G1644-I1644,2))	=IF(J1644="","",ROUND(H1644-J1644,2))
Invitation Homes	694 Mineral Hill Ln			89002	=IFERROR(INDEX(zips!$B:$B,MATCH(E1645,zips!$A:$A,0)),"")	=IFERROR(INDEX(zips!$E:$E,MATCH(E1645,zips!$A:$A,0)),"")	=IF(OR(F1645="",G1645=""),"",100*SUMIFS(zips!$C:$C,zips!$B:$B,F1645,zips!$E:$E,"<"&G1645)/SUMIFS(zips!$C:$C,zips!$B:$B,F1645,zips!$E:$E,">0"))	4288.6099	39.7157	=IF(I1645="","",ROUND(G1645-I1645,2))	=IF(J1645="","",ROUND(H1645-J1645,2))
Invitation Homes	214 Appian Way			89002	=IFERROR(INDEX(zips!$B:$B,MATCH(E1646,zips!$A:$A,0)),"")	=IFERROR(INDEX(zips!$E:$E,MATCH(E1646,zips!$A:$A,0)),"")	=IF(OR(F1646="",G1646=""),"",100*SUMIFS(zips!$C:$C,zips!$B:$B,F1646,zips!$E:$E,"<"&G1646)/SUMIFS(zips!$C:$C,zips!$B:$B,F1646,zips!$E:$E,">0"))	4288.6099	39.7157	=IF(I1646="","",ROUND(G1646-I1646,2))	=IF(J1646="","",ROUND(H1646-J1646,2))
Invitation Homes	436 Tiger Lily Way			89015	=IFERROR(INDEX(zips!$B:$B,MATCH(E1647,zips!$A:$A,0)),"")	=IFERROR(INDEX(zips!$E:$E,MATCH(E1647,zips!$A:$A,0)),"")	=IF(OR(F1647="",G1647=""),"",100*SUMIFS(zips!$C:$C,zips!$B:$B,F1647,zips!$E:$E,"<"&G1647)/SUMIFS(zips!$C:$C,zips!$B:$B,F1647,zips!$E:$E,">0"))	1173.6215	7.55	=IF(I1647="","",ROUND(G1647-I1647,2))	=IF(J1647="","",ROUND(H1647-J1647,2))
Invitation Homes	6783 Wormwood Ln			89148	=IFERROR(INDEX(zips!$B:$B,MATCH(E1648,zips!$A:$A,0)),"")	=IFERROR(INDEX(zips!$E:$E,MATCH(E1648,zips!$A:$A,0)),"")	=IF(OR(F1648="",G1648=""),"",100*SUMIFS(zips!$C:$C,zips!$B:$B,F1648,zips!$E:$E,"<"&G1648)/SUMIFS(zips!$C:$C,zips!$B:$B,F1648,zips!$E:$E,">0"))	6587.7328	74.6289	=IF(I1648="","",ROUND(G1648-I1648,2))	=IF(J1648="","",ROUND(H1648-J1648,2))
Invitation Homes	9457 Stills Way			89148	=IFERROR(INDEX(zips!$B:$B,MATCH(E1649,zips!$A:$A,0)),"")	=IFERROR(INDEX(zips!$E:$E,MATCH(E1649,zips!$A:$A,0)),"")	=IF(OR(F1649="",G1649=""),"",100*SUMIFS(zips!$C:$C,zips!$B:$B,F1649,zips!$E:$E,"<"&G1649)/SUMIFS(zips!$C:$C,zips!$B:$B,F1649,zips!$E:$E,">0"))	6587.7328	74.6289	=IF(I1649="","",ROUND(G1649-I1649,2))	=IF(J1649="","",ROUND(H1649-J1649,2))
Invitation Homes	5526 Olympic Spirit Ln			89113	=IFERROR(INDEX(zips!$B:$B,MATCH(E1650,zips!$A:$A,0)),"")	=IFERROR(INDEX(zips!$E:$E,MATCH(E1650,zips!$A:$A,0)),"")	=IF(OR(F1650="",G1650=""),"",100*SUMIFS(zips!$C:$C,zips!$B:$B,F1650,zips!$E:$E,"<"&G1650)/SUMIFS(zips!$C:$C,zips!$B:$B,F1650,zips!$E:$E,">0"))	3464.2095	26.2338	=IF(I1650="","",ROUND(G1650-I1650,2))	=IF(J1650="","",ROUND(H1650-J1650,2))
Invitation Homes	4751 Castle Rock Ct			89147	=IFERROR(INDEX(zips!$B:$B,MATCH(E1651,zips!$A:$A,0)),"")	=IFERROR(INDEX(zips!$E:$E,MATCH(E1651,zips!$A:$A,0)),"")	=IF(OR(F1651="",G1651=""),"",100*SUMIFS(zips!$C:$C,zips!$B:$B,F1651,zips!$E:$E,"<"&G1651)/SUMIFS(zips!$C:$C,zips!$B:$B,F1651,zips!$E:$E,">0"))	7628.552	92.1474	=IF(I1651="","",ROUND(G1651-I1651,2))	=IF(J1651="","",ROUND(H1651-J1651,2))
Invitation Homes	5006 Tioga Pass Ave			89139	=IFERROR(INDEX(zips!$B:$B,MATCH(E1652,zips!$A:$A,0)),"")	=IFERROR(INDEX(zips!$E:$E,MATCH(E1652,zips!$A:$A,0)),"")	=IF(OR(F1652="",G1652=""),"",100*SUMIFS(zips!$C:$C,zips!$B:$B,F1652,zips!$E:$E,"<"&G1652)/SUMIFS(zips!$C:$C,zips!$B:$B,F1652,zips!$E:$E,">0"))	4146.9574	37.7688	=IF(I1652="","",ROUND(G1652-I1652,2))	=IF(J1652="","",ROUND(H1652-J1652,2))
Invitation Homes	3183 Lapis Beach Dr			89117	=IFERROR(INDEX(zips!$B:$B,MATCH(E1653,zips!$A:$A,0)),"")	=IFERROR(INDEX(zips!$E:$E,MATCH(E1653,zips!$A:$A,0)),"")	=IF(OR(F1653="",G1653=""),"",100*SUMIFS(zips!$C:$C,zips!$B:$B,F1653,zips!$E:$E,"<"&G1653)/SUMIFS(zips!$C:$C,zips!$B:$B,F1653,zips!$E:$E,">0"))	6074.6382	66.7455	=IF(I1653="","",ROUND(G1653-I1653,2))	=IF(J1653="","",ROUND(H1653-J1653,2))
Invitation Homes	1516 Kirby Dr			89117	=IFERROR(INDEX(zips!$B:$B,MATCH(E1654,zips!$A:$A,0)),"")	=IFERROR(INDEX(zips!$E:$E,MATCH(E1654,zips!$A:$A,0)),"")	=IF(OR(F1654="",G1654=""),"",100*SUMIFS(zips!$C:$C,zips!$B:$B,F1654,zips!$E:$E,"<"&G1654)/SUMIFS(zips!$C:$C,zips!$B:$B,F1654,zips!$E:$E,">0"))	6074.6382	66.7455	=IF(I1654="","",ROUND(G1654-I1654,2))	=IF(J1654="","",ROUND(H1654-J1654,2))
Invitation Homes	8001 Festivity Cir			89145	=IFERROR(INDEX(zips!$B:$B,MATCH(E1655,zips!$A:$A,0)),"")	=IFERROR(INDEX(zips!$E:$E,MATCH(E1655,zips!$A:$A,0)),"")	=IF(OR(F1655="",G1655=""),"",100*SUMIFS(zips!$C:$C,zips!$B:$B,F1655,zips!$E:$E,"<"&G1655)/SUMIFS(zips!$C:$C,zips!$B:$B,F1655,zips!$E:$E,">0"))	6288.3074	70.1158	=IF(I1655="","",ROUND(G1655-I1655,2))	=IF(J1655="","",ROUND(H1655-J1655,2))
Invitation Homes	606 Greenhurst Road			89145	=IFERROR(INDEX(zips!$B:$B,MATCH(E1656,zips!$A:$A,0)),"")	=IFERROR(INDEX(zips!$E:$E,MATCH(E1656,zips!$A:$A,0)),"")	=IF(OR(F1656="",G1656=""),"",100*SUMIFS(zips!$C:$C,zips!$B:$B,F1656,zips!$E:$E,"<"&G1656)/SUMIFS(zips!$C:$C,zips!$B:$B,F1656,zips!$E:$E,">0"))	6288.3074	70.1158	=IF(I1656="","",ROUND(G1656-I1656,2))	=IF(J1656="","",ROUND(H1656-J1656,2))
Invitation Homes	1420 Meteorite Circle			89128	=IFERROR(INDEX(zips!$B:$B,MATCH(E1657,zips!$A:$A,0)),"")	=IFERROR(INDEX(zips!$E:$E,MATCH(E1657,zips!$A:$A,0)),"")	=IF(OR(F1657="",G1657=""),"",100*SUMIFS(zips!$C:$C,zips!$B:$B,F1657,zips!$E:$E,"<"&G1657)/SUMIFS(zips!$C:$C,zips!$B:$B,F1657,zips!$E:$E,">0"))	6580.4243	71.2828	=IF(I1657="","",ROUND(G1657-I1657,2))	=IF(J1657="","",ROUND(H1657-J1657,2))
Invitation Homes	2233 Warm Walnut Dr			89134	=IFERROR(INDEX(zips!$B:$B,MATCH(E1658,zips!$A:$A,0)),"")	=IFERROR(INDEX(zips!$E:$E,MATCH(E1658,zips!$A:$A,0)),"")	=IF(OR(F1658="",G1658=""),"",100*SUMIFS(zips!$C:$C,zips!$B:$B,F1658,zips!$E:$E,"<"&G1658)/SUMIFS(zips!$C:$C,zips!$B:$B,F1658,zips!$E:$E,">0"))	3521.5763	27.8663	=IF(I1658="","",ROUND(G1658-I1658,2))	=IF(J1658="","",ROUND(H1658-J1658,2))
Invitation Homes	1628 Sun Canyon Ct			89128	=IFERROR(INDEX(zips!$B:$B,MATCH(E1659,zips!$A:$A,0)),"")	=IFERROR(INDEX(zips!$E:$E,MATCH(E1659,zips!$A:$A,0)),"")	=IF(OR(F1659="",G1659=""),"",100*SUMIFS(zips!$C:$C,zips!$B:$B,F1659,zips!$E:$E,"<"&G1659)/SUMIFS(zips!$C:$C,zips!$B:$B,F1659,zips!$E:$E,">0"))	6580.4243	71.2828	=IF(I1659="","",ROUND(G1659-I1659,2))	=IF(J1659="","",ROUND(H1659-J1659,2))
Invitation Homes	7216 Old Time Cir			89128	=IFERROR(INDEX(zips!$B:$B,MATCH(E1660,zips!$A:$A,0)),"")	=IFERROR(INDEX(zips!$E:$E,MATCH(E1660,zips!$A:$A,0)),"")	=IF(OR(F1660="",G1660=""),"",100*SUMIFS(zips!$C:$C,zips!$B:$B,F1660,zips!$E:$E,"<"&G1660)/SUMIFS(zips!$C:$C,zips!$B:$B,F1660,zips!$E:$E,">0"))	6580.4243	71.2828	=IF(I1660="","",ROUND(G1660-I1660,2))	=IF(J1660="","",ROUND(H1660-J1660,2))
Invitation Homes	143 Primero Way			89074	=IFERROR(INDEX(zips!$B:$B,MATCH(E1661,zips!$A:$A,0)),"")	=IFERROR(INDEX(zips!$E:$E,MATCH(E1661,zips!$A:$A,0)),"")	=IF(OR(F1661="",G1661=""),"",100*SUMIFS(zips!$C:$C,zips!$B:$B,F1661,zips!$E:$E,"<"&G1661)/SUMIFS(zips!$C:$C,zips!$B:$B,F1661,zips!$E:$E,">0"))	5715.2464	61.0935	=IF(I1661="","",ROUND(G1661-I1661,2))	=IF(J1661="","",ROUND(H1661-J1661,2))
Invitation Homes	2667 Ridgewater Cir			89074	=IFERROR(INDEX(zips!$B:$B,MATCH(E1662,zips!$A:$A,0)),"")	=IFERROR(INDEX(zips!$E:$E,MATCH(E1662,zips!$A:$A,0)),"")	=IF(OR(F1662="",G1662=""),"",100*SUMIFS(zips!$C:$C,zips!$B:$B,F1662,zips!$E:$E,"<"&G1662)/SUMIFS(zips!$C:$C,zips!$B:$B,F1662,zips!$E:$E,">0"))	5715.2464	61.0935	=IF(I1662="","",ROUND(G1662-I1662,2))	=IF(J1662="","",ROUND(H1662-J1662,2))
Invitation Homes	182 Raton Dr			89074	=IFERROR(INDEX(zips!$B:$B,MATCH(E1663,zips!$A:$A,0)),"")	=IFERROR(INDEX(zips!$E:$E,MATCH(E1663,zips!$A:$A,0)),"")	=IF(OR(F1663="",G1663=""),"",100*SUMIFS(zips!$C:$C,zips!$B:$B,F1663,zips!$E:$E,"<"&G1663)/SUMIFS(zips!$C:$C,zips!$B:$B,F1663,zips!$E:$E,">0"))	5715.2464	61.0935	=IF(I1663="","",ROUND(G1663-I1663,2))	=IF(J1663="","",ROUND(H1663-J1663,2))
Invitation Homes	1700 Dixie Peak Ct			89014	=IFERROR(INDEX(zips!$B:$B,MATCH(E1664,zips!$A:$A,0)),"")	=IFERROR(INDEX(zips!$E:$E,MATCH(E1664,zips!$A:$A,0)),"")	=IF(OR(F1664="",G1664=""),"",100*SUMIFS(zips!$C:$C,zips!$B:$B,F1664,zips!$E:$E,"<"&G1664)/SUMIFS(zips!$C:$C,zips!$B:$B,F1664,zips!$E:$E,">0"))	5513.2801	50.309	=IF(I1664="","",ROUND(G1664-I1664,2))	=IF(J1664="","",ROUND(H1664-J1664,2))
Invitation Homes	6098 Aripeka St			89011	=IFERROR(INDEX(zips!$B:$B,MATCH(E1665,zips!$A:$A,0)),"")	=IFERROR(INDEX(zips!$E:$E,MATCH(E1665,zips!$A:$A,0)),"")	=IF(OR(F1665="",G1665=""),"",100*SUMIFS(zips!$C:$C,zips!$B:$B,F1665,zips!$E:$E,"<"&G1665)/SUMIFS(zips!$C:$C,zips!$B:$B,F1665,zips!$E:$E,">0"))	2175.8362	13.495	=IF(I1665="","",ROUND(G1665-I1665,2))	=IF(J1665="","",ROUND(H1665-J1665,2))
Invitation Homes	5213 Los Pinos St			89122	=IFERROR(INDEX(zips!$B:$B,MATCH(E1666,zips!$A:$A,0)),"")	=IFERROR(INDEX(zips!$E:$E,MATCH(E1666,zips!$A:$A,0)),"")	=IF(OR(F1666="",G1666=""),"",100*SUMIFS(zips!$C:$C,zips!$B:$B,F1666,zips!$E:$E,"<"&G1666)/SUMIFS(zips!$C:$C,zips!$B:$B,F1666,zips!$E:$E,">0"))	5571.5935	56.9754	=IF(I1666="","",ROUND(G1666-I1666,2))	=IF(J1666="","",ROUND(H1666-J1666,2))
Invitation Homes	6463 Ness Gardens Ct			89122	=IFERROR(INDEX(zips!$B:$B,MATCH(E1667,zips!$A:$A,0)),"")	=IFERROR(INDEX(zips!$E:$E,MATCH(E1667,zips!$A:$A,0)),"")	=IF(OR(F1667="",G1667=""),"",100*SUMIFS(zips!$C:$C,zips!$B:$B,F1667,zips!$E:$E,"<"&G1667)/SUMIFS(zips!$C:$C,zips!$B:$B,F1667,zips!$E:$E,">0"))	5571.5935	56.9754	=IF(I1667="","",ROUND(G1667-I1667,2))	=IF(J1667="","",ROUND(H1667-J1667,2))
Invitation Homes	3944 Gray Aster Drive			89122	=IFERROR(INDEX(zips!$B:$B,MATCH(E1668,zips!$A:$A,0)),"")	=IFERROR(INDEX(zips!$E:$E,MATCH(E1668,zips!$A:$A,0)),"")	=IF(OR(F1668="",G1668=""),"",100*SUMIFS(zips!$C:$C,zips!$B:$B,F1668,zips!$E:$E,"<"&G1668)/SUMIFS(zips!$C:$C,zips!$B:$B,F1668,zips!$E:$E,">0"))	5571.5935	56.9754	=IF(I1668="","",ROUND(G1668-I1668,2))	=IF(J1668="","",ROUND(H1668-J1668,2))
Invitation Homes	3786 Tundra Swan Street			89122	=IFERROR(INDEX(zips!$B:$B,MATCH(E1669,zips!$A:$A,0)),"")	=IFERROR(INDEX(zips!$E:$E,MATCH(E1669,zips!$A:$A,0)),"")	=IF(OR(F1669="",G1669=""),"",100*SUMIFS(zips!$C:$C,zips!$B:$B,F1669,zips!$E:$E,"<"&G1669)/SUMIFS(zips!$C:$C,zips!$B:$B,F1669,zips!$E:$E,">0"))	5571.5935	56.9754	=IF(I1669="","",ROUND(G1669-I1669,2))	=IF(J1669="","",ROUND(H1669-J1669,2))
Invitation Homes	2728 Little Aston Cir			89142	=IFERROR(INDEX(zips!$B:$B,MATCH(E1670,zips!$A:$A,0)),"")	=IFERROR(INDEX(zips!$E:$E,MATCH(E1670,zips!$A:$A,0)),"")	=IF(OR(F1670="",G1670=""),"",100*SUMIFS(zips!$C:$C,zips!$B:$B,F1670,zips!$E:$E,"<"&G1670)/SUMIFS(zips!$C:$C,zips!$B:$B,F1670,zips!$E:$E,">0"))	5889.8715	63.3616	=IF(I1670="","",ROUND(G1670-I1670,2))	=IF(J1670="","",ROUND(H1670-J1670,2))
Invitation Homes	5961 Mahogany Mountain Dr			89142	=IFERROR(INDEX(zips!$B:$B,MATCH(E1671,zips!$A:$A,0)),"")	=IFERROR(INDEX(zips!$E:$E,MATCH(E1671,zips!$A:$A,0)),"")	=IF(OR(F1671="",G1671=""),"",100*SUMIFS(zips!$C:$C,zips!$B:$B,F1671,zips!$E:$E,"<"&G1671)/SUMIFS(zips!$C:$C,zips!$B:$B,F1671,zips!$E:$E,">0"))	5889.8715	63.3616	=IF(I1671="","",ROUND(G1671-I1671,2))	=IF(J1671="","",ROUND(H1671-J1671,2))
Invitation Homes	6554 Coronado Canyon Ave			89142	=IFERROR(INDEX(zips!$B:$B,MATCH(E1672,zips!$A:$A,0)),"")	=IFERROR(INDEX(zips!$E:$E,MATCH(E1672,zips!$A:$A,0)),"")	=IF(OR(F1672="",G1672=""),"",100*SUMIFS(zips!$C:$C,zips!$B:$B,F1672,zips!$E:$E,"<"&G1672)/SUMIFS(zips!$C:$C,zips!$B:$B,F1672,zips!$E:$E,">0"))	5889.8715	63.3616	=IF(I1672="","",ROUND(G1672-I1672,2))	=IF(J1672="","",ROUND(H1672-J1672,2))
Invitation Homes	1152 Golden Apple St			89142	=IFERROR(INDEX(zips!$B:$B,MATCH(E1673,zips!$A:$A,0)),"")	=IFERROR(INDEX(zips!$E:$E,MATCH(E1673,zips!$A:$A,0)),"")	=IF(OR(F1673="",G1673=""),"",100*SUMIFS(zips!$C:$C,zips!$B:$B,F1673,zips!$E:$E,"<"&G1673)/SUMIFS(zips!$C:$C,zips!$B:$B,F1673,zips!$E:$E,">0"))	5889.8715	63.3616	=IF(I1673="","",ROUND(G1673-I1673,2))	=IF(J1673="","",ROUND(H1673-J1673,2))
Invitation Homes	6240 Branded Brook Ave			89156	=IFERROR(INDEX(zips!$B:$B,MATCH(E1674,zips!$A:$A,0)),"")	=IFERROR(INDEX(zips!$E:$E,MATCH(E1674,zips!$A:$A,0)),"")	=IF(OR(F1674="",G1674=""),"",100*SUMIFS(zips!$C:$C,zips!$B:$B,F1674,zips!$E:$E,"<"&G1674)/SUMIFS(zips!$C:$C,zips!$B:$B,F1674,zips!$E:$E,">0"))	694.8712	6.1926	=IF(I1674="","",ROUND(G1674-I1674,2))	=IF(J1674="","",ROUND(H1674-J1674,2))
Invitation Homes	433 Mystic River St			89015	=IFERROR(INDEX(zips!$B:$B,MATCH(E1675,zips!$A:$A,0)),"")	=IFERROR(INDEX(zips!$E:$E,MATCH(E1675,zips!$A:$A,0)),"")	=IF(OR(F1675="",G1675=""),"",100*SUMIFS(zips!$C:$C,zips!$B:$B,F1675,zips!$E:$E,"<"&G1675)/SUMIFS(zips!$C:$C,zips!$B:$B,F1675,zips!$E:$E,">0"))	1173.6215	7.55	=IF(I1675="","",ROUND(G1675-I1675,2))	=IF(J1675="","",ROUND(H1675-J1675,2))
Invitation Homes	3429 Camsore Point Lane			89129	=IFERROR(INDEX(zips!$B:$B,MATCH(E1676,zips!$A:$A,0)),"")	=IFERROR(INDEX(zips!$E:$E,MATCH(E1676,zips!$A:$A,0)),"")	=IF(OR(F1676="",G1676=""),"",100*SUMIFS(zips!$C:$C,zips!$B:$B,F1676,zips!$E:$E,"<"&G1676)/SUMIFS(zips!$C:$C,zips!$B:$B,F1676,zips!$E:$E,">0"))	5467.3412	47.9214	=IF(I1676="","",ROUND(G1676-I1676,2))	=IF(J1676="","",ROUND(H1676-J1676,2))
Invitation Homes	9348 Jumpin Juniper Avenue			89129	=IFERROR(INDEX(zips!$B:$B,MATCH(E1677,zips!$A:$A,0)),"")	=IFERROR(INDEX(zips!$E:$E,MATCH(E1677,zips!$A:$A,0)),"")	=IF(OR(F1677="",G1677=""),"",100*SUMIFS(zips!$C:$C,zips!$B:$B,F1677,zips!$E:$E,"<"&G1677)/SUMIFS(zips!$C:$C,zips!$B:$B,F1677,zips!$E:$E,">0"))	5467.3412	47.9214	=IF(I1677="","",ROUND(G1677-I1677,2))	=IF(J1677="","",ROUND(H1677-J1677,2))
Invitation Homes	3451 Mariner Beach Dr			89129	=IFERROR(INDEX(zips!$B:$B,MATCH(E1678,zips!$A:$A,0)),"")	=IFERROR(INDEX(zips!$E:$E,MATCH(E1678,zips!$A:$A,0)),"")	=IF(OR(F1678="",G1678=""),"",100*SUMIFS(zips!$C:$C,zips!$B:$B,F1678,zips!$E:$E,"<"&G1678)/SUMIFS(zips!$C:$C,zips!$B:$B,F1678,zips!$E:$E,">0"))	5467.3412	47.9214	=IF(I1678="","",ROUND(G1678-I1678,2))	=IF(J1678="","",ROUND(H1678-J1678,2))
Invitation Homes	9401 Sparkling Waters Ave			89129	=IFERROR(INDEX(zips!$B:$B,MATCH(E1679,zips!$A:$A,0)),"")	=IFERROR(INDEX(zips!$E:$E,MATCH(E1679,zips!$A:$A,0)),"")	=IF(OR(F1679="",G1679=""),"",100*SUMIFS(zips!$C:$C,zips!$B:$B,F1679,zips!$E:$E,"<"&G1679)/SUMIFS(zips!$C:$C,zips!$B:$B,F1679,zips!$E:$E,">0"))	5467.3412	47.9214	=IF(I1679="","",ROUND(G1679-I1679,2))	=IF(J1679="","",ROUND(H1679-J1679,2))
Invitation Homes	8508 W Gilmore Ave			89129	=IFERROR(INDEX(zips!$B:$B,MATCH(E1680,zips!$A:$A,0)),"")	=IFERROR(INDEX(zips!$E:$E,MATCH(E1680,zips!$A:$A,0)),"")	=IF(OR(F1680="",G1680=""),"",100*SUMIFS(zips!$C:$C,zips!$B:$B,F1680,zips!$E:$E,"<"&G1680)/SUMIFS(zips!$C:$C,zips!$B:$B,F1680,zips!$E:$E,">0"))	5467.3412	47.9214	=IF(I1680="","",ROUND(G1680-I1680,2))	=IF(J1680="","",ROUND(H1680-J1680,2))
Invitation Homes	7928 Turtle Island Ct			89129	=IFERROR(INDEX(zips!$B:$B,MATCH(E1681,zips!$A:$A,0)),"")	=IFERROR(INDEX(zips!$E:$E,MATCH(E1681,zips!$A:$A,0)),"")	=IF(OR(F1681="",G1681=""),"",100*SUMIFS(zips!$C:$C,zips!$B:$B,F1681,zips!$E:$E,"<"&G1681)/SUMIFS(zips!$C:$C,zips!$B:$B,F1681,zips!$E:$E,">0"))	5467.3412	47.9214	=IF(I1681="","",ROUND(G1681-I1681,2))	=IF(J1681="","",ROUND(H1681-J1681,2))
Invitation Homes	3121 Autumn Leaf Ct			89108	=IFERROR(INDEX(zips!$B:$B,MATCH(E1682,zips!$A:$A,0)),"")	=IFERROR(INDEX(zips!$E:$E,MATCH(E1682,zips!$A:$A,0)),"")	=IF(OR(F1682="",G1682=""),"",100*SUMIFS(zips!$C:$C,zips!$B:$B,F1682,zips!$E:$E,"<"&G1682)/SUMIFS(zips!$C:$C,zips!$B:$B,F1682,zips!$E:$E,">0"))	8370.678	96.5357	=IF(I1682="","",ROUND(G1682-I1682,2))	=IF(J1682="","",ROUND(H1682-J1682,2))
Invitation Homes	4794 Hampstead Heath Ct			89130	=IFERROR(INDEX(zips!$B:$B,MATCH(E1683,zips!$A:$A,0)),"")	=IFERROR(INDEX(zips!$E:$E,MATCH(E1683,zips!$A:$A,0)),"")	=IF(OR(F1683="",G1683=""),"",100*SUMIFS(zips!$C:$C,zips!$B:$B,F1683,zips!$E:$E,"<"&G1683)/SUMIFS(zips!$C:$C,zips!$B:$B,F1683,zips!$E:$E,">0"))	4562.2323	43.1244	=IF(I1683="","",ROUND(G1683-I1683,2))	=IF(J1683="","",ROUND(H1683-J1683,2))
Invitation Homes	9029 Spirit Canyon Ave			89149	=IFERROR(INDEX(zips!$B:$B,MATCH(E1684,zips!$A:$A,0)),"")	=IFERROR(INDEX(zips!$E:$E,MATCH(E1684,zips!$A:$A,0)),"")	=IF(OR(F1684="",G1684=""),"",100*SUMIFS(zips!$C:$C,zips!$B:$B,F1684,zips!$E:$E,"<"&G1684)/SUMIFS(zips!$C:$C,zips!$B:$B,F1684,zips!$E:$E,">0"))	3454.7897	24.2647	=IF(I1684="","",ROUND(G1684-I1684,2))	=IF(J1684="","",ROUND(H1684-J1684,2))
Invitation Homes	9008 Dorrell Ln			89149	=IFERROR(INDEX(zips!$B:$B,MATCH(E1685,zips!$A:$A,0)),"")	=IFERROR(INDEX(zips!$E:$E,MATCH(E1685,zips!$A:$A,0)),"")	=IF(OR(F1685="",G1685=""),"",100*SUMIFS(zips!$C:$C,zips!$B:$B,F1685,zips!$E:$E,"<"&G1685)/SUMIFS(zips!$C:$C,zips!$B:$B,F1685,zips!$E:$E,">0"))	3454.7897	24.2647	=IF(I1685="","",ROUND(G1685-I1685,2))	=IF(J1685="","",ROUND(H1685-J1685,2))
Invitation Homes	7456 Showy Ct			89149	=IFERROR(INDEX(zips!$B:$B,MATCH(E1686,zips!$A:$A,0)),"")	=IFERROR(INDEX(zips!$E:$E,MATCH(E1686,zips!$A:$A,0)),"")	=IF(OR(F1686="",G1686=""),"",100*SUMIFS(zips!$C:$C,zips!$B:$B,F1686,zips!$E:$E,"<"&G1686)/SUMIFS(zips!$C:$C,zips!$B:$B,F1686,zips!$E:$E,">0"))	3454.7897	24.2647	=IF(I1686="","",ROUND(G1686-I1686,2))	=IF(J1686="","",ROUND(H1686-J1686,2))
Invitation Homes	7341 Nautical Stone Ct			89149	=IFERROR(INDEX(zips!$B:$B,MATCH(E1687,zips!$A:$A,0)),"")	=IFERROR(INDEX(zips!$E:$E,MATCH(E1687,zips!$A:$A,0)),"")	=IF(OR(F1687="",G1687=""),"",100*SUMIFS(zips!$C:$C,zips!$B:$B,F1687,zips!$E:$E,"<"&G1687)/SUMIFS(zips!$C:$C,zips!$B:$B,F1687,zips!$E:$E,">0"))	3454.7897	24.2647	=IF(I1687="","",ROUND(G1687-I1687,2))	=IF(J1687="","",ROUND(H1687-J1687,2))
Invitation Homes	8044 Revolver Ave			89131	=IFERROR(INDEX(zips!$B:$B,MATCH(E1688,zips!$A:$A,0)),"")	=IFERROR(INDEX(zips!$E:$E,MATCH(E1688,zips!$A:$A,0)),"")	=IF(OR(F1688="",G1688=""),"",100*SUMIFS(zips!$C:$C,zips!$B:$B,F1688,zips!$E:$E,"<"&G1688)/SUMIFS(zips!$C:$C,zips!$B:$B,F1688,zips!$E:$E,">0"))	3129.2458	21.0109	=IF(I1688="","",ROUND(G1688-I1688,2))	=IF(J1688="","",ROUND(H1688-J1688,2))
Invitation Homes	5908 Kane Holly St			89130	=IFERROR(INDEX(zips!$B:$B,MATCH(E1689,zips!$A:$A,0)),"")	=IFERROR(INDEX(zips!$E:$E,MATCH(E1689,zips!$A:$A,0)),"")	=IF(OR(F1689="",G1689=""),"",100*SUMIFS(zips!$C:$C,zips!$B:$B,F1689,zips!$E:$E,"<"&G1689)/SUMIFS(zips!$C:$C,zips!$B:$B,F1689,zips!$E:$E,">0"))	4562.2323	43.1244	=IF(I1689="","",ROUND(G1689-I1689,2))	=IF(J1689="","",ROUND(H1689-J1689,2))
Invitation Homes	7805 Robinglen Ave			89131	=IFERROR(INDEX(zips!$B:$B,MATCH(E1690,zips!$A:$A,0)),"")	=IFERROR(INDEX(zips!$E:$E,MATCH(E1690,zips!$A:$A,0)),"")	=IF(OR(F1690="",G1690=""),"",100*SUMIFS(zips!$C:$C,zips!$B:$B,F1690,zips!$E:$E,"<"&G1690)/SUMIFS(zips!$C:$C,zips!$B:$B,F1690,zips!$E:$E,">0"))	3129.2458	21.0109	=IF(I1690="","",ROUND(G1690-I1690,2))	=IF(J1690="","",ROUND(H1690-J1690,2))
Invitation Homes	7839 Meandering Path Ave			89131	=IFERROR(INDEX(zips!$B:$B,MATCH(E1691,zips!$A:$A,0)),"")	=IFERROR(INDEX(zips!$E:$E,MATCH(E1691,zips!$A:$A,0)),"")	=IF(OR(F1691="",G1691=""),"",100*SUMIFS(zips!$C:$C,zips!$B:$B,F1691,zips!$E:$E,"<"&G1691)/SUMIFS(zips!$C:$C,zips!$B:$B,F1691,zips!$E:$E,">0"))	3129.2458	21.0109	=IF(I1691="","",ROUND(G1691-I1691,2))	=IF(J1691="","",ROUND(H1691-J1691,2))
Invitation Homes	3818 Passionfruit St			89032	=IFERROR(INDEX(zips!$B:$B,MATCH(E1692,zips!$A:$A,0)),"")	=IFERROR(INDEX(zips!$E:$E,MATCH(E1692,zips!$A:$A,0)),"")	=IF(OR(F1692="",G1692=""),"",100*SUMIFS(zips!$C:$C,zips!$B:$B,F1692,zips!$E:$E,"<"&G1692)/SUMIFS(zips!$C:$C,zips!$B:$B,F1692,zips!$E:$E,">0"))	4812.2371	44.6623	=IF(I1692="","",ROUND(G1692-I1692,2))	=IF(J1692="","",ROUND(H1692-J1692,2))
Invitation Homes	4508 Plano Dr			89130	=IFERROR(INDEX(zips!$B:$B,MATCH(E1693,zips!$A:$A,0)),"")	=IFERROR(INDEX(zips!$E:$E,MATCH(E1693,zips!$A:$A,0)),"")	=IF(OR(F1693="",G1693=""),"",100*SUMIFS(zips!$C:$C,zips!$B:$B,F1693,zips!$E:$E,"<"&G1693)/SUMIFS(zips!$C:$C,zips!$B:$B,F1693,zips!$E:$E,">0"))	4562.2323	43.1244	=IF(I1693="","",ROUND(G1693-I1693,2))	=IF(J1693="","",ROUND(H1693-J1693,2))
Invitation Homes	904 Agave Avenue			89032	=IFERROR(INDEX(zips!$B:$B,MATCH(E1694,zips!$A:$A,0)),"")	=IFERROR(INDEX(zips!$E:$E,MATCH(E1694,zips!$A:$A,0)),"")	=IF(OR(F1694="",G1694=""),"",100*SUMIFS(zips!$C:$C,zips!$B:$B,F1694,zips!$E:$E,"<"&G1694)/SUMIFS(zips!$C:$C,zips!$B:$B,F1694,zips!$E:$E,">0"))	4812.2371	44.6623	=IF(I1694="","",ROUND(G1694-I1694,2))	=IF(J1694="","",ROUND(H1694-J1694,2))
Invitation Homes	2329 Whitney Peak Way			89031	=IFERROR(INDEX(zips!$B:$B,MATCH(E1695,zips!$A:$A,0)),"")	=IFERROR(INDEX(zips!$E:$E,MATCH(E1695,zips!$A:$A,0)),"")	=IF(OR(F1695="",G1695=""),"",100*SUMIFS(zips!$C:$C,zips!$B:$B,F1695,zips!$E:$E,"<"&G1695)/SUMIFS(zips!$C:$C,zips!$B:$B,F1695,zips!$E:$E,">0"))	7592.4578	86.6943	=IF(I1695="","",ROUND(G1695-I1695,2))	=IF(J1695="","",ROUND(H1695-J1695,2))
Invitation Homes	367 Common Ct			89032	=IFERROR(INDEX(zips!$B:$B,MATCH(E1696,zips!$A:$A,0)),"")	=IFERROR(INDEX(zips!$E:$E,MATCH(E1696,zips!$A:$A,0)),"")	=IF(OR(F1696="",G1696=""),"",100*SUMIFS(zips!$C:$C,zips!$B:$B,F1696,zips!$E:$E,"<"&G1696)/SUMIFS(zips!$C:$C,zips!$B:$B,F1696,zips!$E:$E,">0"))	4812.2371	44.6623	=IF(I1696="","",ROUND(G1696-I1696,2))	=IF(J1696="","",ROUND(H1696-J1696,2))
Invitation Homes	4916 Crystal Field St			89031	=IFERROR(INDEX(zips!$B:$B,MATCH(E1697,zips!$A:$A,0)),"")	=IFERROR(INDEX(zips!$E:$E,MATCH(E1697,zips!$A:$A,0)),"")	=IF(OR(F1697="",G1697=""),"",100*SUMIFS(zips!$C:$C,zips!$B:$B,F1697,zips!$E:$E,"<"&G1697)/SUMIFS(zips!$C:$C,zips!$B:$B,F1697,zips!$E:$E,">0"))	7592.4578	86.6943	=IF(I1697="","",ROUND(G1697-I1697,2))	=IF(J1697="","",ROUND(H1697-J1697,2))
Invitation Homes	5240 Sundance Canyon Ct			89031	=IFERROR(INDEX(zips!$B:$B,MATCH(E1698,zips!$A:$A,0)),"")	=IFERROR(INDEX(zips!$E:$E,MATCH(E1698,zips!$A:$A,0)),"")	=IF(OR(F1698="",G1698=""),"",100*SUMIFS(zips!$C:$C,zips!$B:$B,F1698,zips!$E:$E,"<"&G1698)/SUMIFS(zips!$C:$C,zips!$B:$B,F1698,zips!$E:$E,">0"))	7592.4578	86.6943	=IF(I1698="","",ROUND(G1698-I1698,2))	=IF(J1698="","",ROUND(H1698-J1698,2))
Invitation Homes	4921 W El Campo Grande Ave			89130	=IFERROR(INDEX(zips!$B:$B,MATCH(E1699,zips!$A:$A,0)),"")	=IFERROR(INDEX(zips!$E:$E,MATCH(E1699,zips!$A:$A,0)),"")	=IF(OR(F1699="",G1699=""),"",100*SUMIFS(zips!$C:$C,zips!$B:$B,F1699,zips!$E:$E,"<"&G1699)/SUMIFS(zips!$C:$C,zips!$B:$B,F1699,zips!$E:$E,">0"))	4562.2323	43.1244	=IF(I1699="","",ROUND(G1699-I1699,2))	=IF(J1699="","",ROUND(H1699-J1699,2))
Invitation Homes	3725 Saint Charles Ct			89031	=IFERROR(INDEX(zips!$B:$B,MATCH(E1700,zips!$A:$A,0)),"")	=IFERROR(INDEX(zips!$E:$E,MATCH(E1700,zips!$A:$A,0)),"")	=IF(OR(F1700="",G1700=""),"",100*SUMIFS(zips!$C:$C,zips!$B:$B,F1700,zips!$E:$E,"<"&G1700)/SUMIFS(zips!$C:$C,zips!$B:$B,F1700,zips!$E:$E,">0"))	7592.4578	86.6943	=IF(I1700="","",ROUND(G1700-I1700,2))	=IF(J1700="","",ROUND(H1700-J1700,2))
Invitation Homes	6516 Birdcall St			89084	=IFERROR(INDEX(zips!$B:$B,MATCH(E1701,zips!$A:$A,0)),"")	=IFERROR(INDEX(zips!$E:$E,MATCH(E1701,zips!$A:$A,0)),"")	=IF(OR(F1701="",G1701=""),"",100*SUMIFS(zips!$C:$C,zips!$B:$B,F1701,zips!$E:$E,"<"&G1701)/SUMIFS(zips!$C:$C,zips!$B:$B,F1701,zips!$E:$E,">0"))	2522.5758	16.0854	=IF(I1701="","",ROUND(G1701-I1701,2))	=IF(J1701="","",ROUND(H1701-J1701,2))
Invitation Homes	1810 Running Fawn Ct			89031	=IFERROR(INDEX(zips!$B:$B,MATCH(E1702,zips!$A:$A,0)),"")	=IFERROR(INDEX(zips!$E:$E,MATCH(E1702,zips!$A:$A,0)),"")	=IF(OR(F1702="",G1702=""),"",100*SUMIFS(zips!$C:$C,zips!$B:$B,F1702,zips!$E:$E,"<"&G1702)/SUMIFS(zips!$C:$C,zips!$B:$B,F1702,zips!$E:$E,">0"))	7592.4578	86.6943	=IF(I1702="","",ROUND(G1702-I1702,2))	=IF(J1702="","",ROUND(H1702-J1702,2))
Invitation Homes	1632 Heather Ridge Rd			89031	=IFERROR(INDEX(zips!$B:$B,MATCH(E1703,zips!$A:$A,0)),"")	=IFERROR(INDEX(zips!$E:$E,MATCH(E1703,zips!$A:$A,0)),"")	=IF(OR(F1703="",G1703=""),"",100*SUMIFS(zips!$C:$C,zips!$B:$B,F1703,zips!$E:$E,"<"&G1703)/SUMIFS(zips!$C:$C,zips!$B:$B,F1703,zips!$E:$E,">0"))	7592.4578	86.6943	=IF(I1703="","",ROUND(G1703-I1703,2))	=IF(J1703="","",ROUND(H1703-J1703,2))
Invitation Homes	1401 Bent Arrow Dr			89031	=IFERROR(INDEX(zips!$B:$B,MATCH(E1704,zips!$A:$A,0)),"")	=IFERROR(INDEX(zips!$E:$E,MATCH(E1704,zips!$A:$A,0)),"")	=IF(OR(F1704="",G1704=""),"",100*SUMIFS(zips!$C:$C,zips!$B:$B,F1704,zips!$E:$E,"<"&G1704)/SUMIFS(zips!$C:$C,zips!$B:$B,F1704,zips!$E:$E,">0"))	7592.4578	86.6943	=IF(I1704="","",ROUND(G1704-I1704,2))	=IF(J1704="","",ROUND(H1704-J1704,2))
Invitation Homes	1851 Gentle Dawn Avenue			89084	=IFERROR(INDEX(zips!$B:$B,MATCH(E1705,zips!$A:$A,0)),"")	=IFERROR(INDEX(zips!$E:$E,MATCH(E1705,zips!$A:$A,0)),"")	=IF(OR(F1705="",G1705=""),"",100*SUMIFS(zips!$C:$C,zips!$B:$B,F1705,zips!$E:$E,"<"&G1705)/SUMIFS(zips!$C:$C,zips!$B:$B,F1705,zips!$E:$E,">0"))	2522.5758	16.0854	=IF(I1705="","",ROUND(G1705-I1705,2))	=IF(J1705="","",ROUND(H1705-J1705,2))
Invitation Homes	641 Painted Opus Pl			89084	=IFERROR(INDEX(zips!$B:$B,MATCH(E1706,zips!$A:$A,0)),"")	=IFERROR(INDEX(zips!$E:$E,MATCH(E1706,zips!$A:$A,0)),"")	=IF(OR(F1706="",G1706=""),"",100*SUMIFS(zips!$C:$C,zips!$B:$B,F1706,zips!$E:$E,"<"&G1706)/SUMIFS(zips!$C:$C,zips!$B:$B,F1706,zips!$E:$E,">0"))	2522.5758	16.0854	=IF(I1706="","",ROUND(G1706-I1706,2))	=IF(J1706="","",ROUND(H1706-J1706,2))
Invitation Homes	7641 Sonora View St			89149	=IFERROR(INDEX(zips!$B:$B,MATCH(E1707,zips!$A:$A,0)),"")	=IFERROR(INDEX(zips!$E:$E,MATCH(E1707,zips!$A:$A,0)),"")	=IF(OR(F1707="",G1707=""),"",100*SUMIFS(zips!$C:$C,zips!$B:$B,F1707,zips!$E:$E,"<"&G1707)/SUMIFS(zips!$C:$C,zips!$B:$B,F1707,zips!$E:$E,">0"))	3454.7897	24.2647	=IF(I1707="","",ROUND(G1707-I1707,2))	=IF(J1707="","",ROUND(H1707-J1707,2))
Invitation Homes	9536 Gibbon Ave			89149	=IFERROR(INDEX(zips!$B:$B,MATCH(E1708,zips!$A:$A,0)),"")	=IFERROR(INDEX(zips!$E:$E,MATCH(E1708,zips!$A:$A,0)),"")	=IF(OR(F1708="",G1708=""),"",100*SUMIFS(zips!$C:$C,zips!$B:$B,F1708,zips!$E:$E,"<"&G1708)/SUMIFS(zips!$C:$C,zips!$B:$B,F1708,zips!$E:$E,">0"))	3454.7897	24.2647	=IF(I1708="","",ROUND(G1708-I1708,2))	=IF(J1708="","",ROUND(H1708-J1708,2))
Invitation Homes	7929 Crimson Point St			89149	=IFERROR(INDEX(zips!$B:$B,MATCH(E1709,zips!$A:$A,0)),"")	=IFERROR(INDEX(zips!$E:$E,MATCH(E1709,zips!$A:$A,0)),"")	=IF(OR(F1709="",G1709=""),"",100*SUMIFS(zips!$C:$C,zips!$B:$B,F1709,zips!$E:$E,"<"&G1709)/SUMIFS(zips!$C:$C,zips!$B:$B,F1709,zips!$E:$E,">0"))	3454.7897	24.2647	=IF(I1709="","",ROUND(G1709-I1709,2))	=IF(J1709="","",ROUND(H1709-J1709,2))
Invitation Homes	9124 Watermelon Seed Ave			89143	=IFERROR(INDEX(zips!$B:$B,MATCH(E1710,zips!$A:$A,0)),"")	=IFERROR(INDEX(zips!$E:$E,MATCH(E1710,zips!$A:$A,0)),"")	=IF(OR(F1710="",G1710=""),"",100*SUMIFS(zips!$C:$C,zips!$B:$B,F1710,zips!$E:$E,"<"&G1710)/SUMIFS(zips!$C:$C,zips!$B:$B,F1710,zips!$E:$E,">0"))	3836.8976	33.1654	=IF(I1710="","",ROUND(G1710-I1710,2))	=IF(J1710="","",ROUND(H1710-J1710,2))
Invitation Homes	8840 Pine Pitch Dr			89143	=IFERROR(INDEX(zips!$B:$B,MATCH(E1711,zips!$A:$A,0)),"")	=IFERROR(INDEX(zips!$E:$E,MATCH(E1711,zips!$A:$A,0)),"")	=IF(OR(F1711="",G1711=""),"",100*SUMIFS(zips!$C:$C,zips!$B:$B,F1711,zips!$E:$E,"<"&G1711)/SUMIFS(zips!$C:$C,zips!$B:$B,F1711,zips!$E:$E,">0"))	3836.8976	33.1654	=IF(I1711="","",ROUND(G1711-I1711,2))	=IF(J1711="","",ROUND(H1711-J1711,2))
Invitation Homes	8825 Colorful Pines Ave			89143	=IFERROR(INDEX(zips!$B:$B,MATCH(E1712,zips!$A:$A,0)),"")	=IFERROR(INDEX(zips!$E:$E,MATCH(E1712,zips!$A:$A,0)),"")	=IF(OR(F1712="",G1712=""),"",100*SUMIFS(zips!$C:$C,zips!$B:$B,F1712,zips!$E:$E,"<"&G1712)/SUMIFS(zips!$C:$C,zips!$B:$B,F1712,zips!$E:$E,">0"))	3836.8976	33.1654	=IF(I1712="","",ROUND(G1712-I1712,2))	=IF(J1712="","",ROUND(H1712-J1712,2))
Invitation Homes	7981 Willow Pines Pl			89143	=IFERROR(INDEX(zips!$B:$B,MATCH(E1713,zips!$A:$A,0)),"")	=IFERROR(INDEX(zips!$E:$E,MATCH(E1713,zips!$A:$A,0)),"")	=IF(OR(F1713="",G1713=""),"",100*SUMIFS(zips!$C:$C,zips!$B:$B,F1713,zips!$E:$E,"<"&G1713)/SUMIFS(zips!$C:$C,zips!$B:$B,F1713,zips!$E:$E,">0"))	3836.8976	33.1654	=IF(I1713="","",ROUND(G1713-I1713,2))	=IF(J1713="","",ROUND(H1713-J1713,2))
Invitation Homes	7824 Strong Water Ct			89131	=IFERROR(INDEX(zips!$B:$B,MATCH(E1714,zips!$A:$A,0)),"")	=IFERROR(INDEX(zips!$E:$E,MATCH(E1714,zips!$A:$A,0)),"")	=IF(OR(F1714="",G1714=""),"",100*SUMIFS(zips!$C:$C,zips!$B:$B,F1714,zips!$E:$E,"<"&G1714)/SUMIFS(zips!$C:$C,zips!$B:$B,F1714,zips!$E:$E,">0"))	3129.2458	21.0109	=IF(I1714="","",ROUND(G1714-I1714,2))	=IF(J1714="","",ROUND(H1714-J1714,2))
Invitation Homes	5009 Morning Falls Ave			89131	=IFERROR(INDEX(zips!$B:$B,MATCH(E1715,zips!$A:$A,0)),"")	=IFERROR(INDEX(zips!$E:$E,MATCH(E1715,zips!$A:$A,0)),"")	=IF(OR(F1715="",G1715=""),"",100*SUMIFS(zips!$C:$C,zips!$B:$B,F1715,zips!$E:$E,"<"&G1715)/SUMIFS(zips!$C:$C,zips!$B:$B,F1715,zips!$E:$E,">0"))	3129.2458	21.0109	=IF(I1715="","",ROUND(G1715-I1715,2))	=IF(J1715="","",ROUND(H1715-J1715,2))
Invitation Homes	4933 Elkin Creek Ave			89131	=IFERROR(INDEX(zips!$B:$B,MATCH(E1716,zips!$A:$A,0)),"")	=IFERROR(INDEX(zips!$E:$E,MATCH(E1716,zips!$A:$A,0)),"")	=IF(OR(F1716="",G1716=""),"",100*SUMIFS(zips!$C:$C,zips!$B:$B,F1716,zips!$E:$E,"<"&G1716)/SUMIFS(zips!$C:$C,zips!$B:$B,F1716,zips!$E:$E,">0"))	3129.2458	21.0109	=IF(I1716="","",ROUND(G1716-I1716,2))	=IF(J1716="","",ROUND(H1716-J1716,2))
Invitation Homes	4130 Pistachio Nut Ave			89115	=IFERROR(INDEX(zips!$B:$B,MATCH(E1717,zips!$A:$A,0)),"")	=IFERROR(INDEX(zips!$E:$E,MATCH(E1717,zips!$A:$A,0)),"")	=IF(OR(F1717="",G1717=""),"",100*SUMIFS(zips!$C:$C,zips!$B:$B,F1717,zips!$E:$E,"<"&G1717)/SUMIFS(zips!$C:$C,zips!$B:$B,F1717,zips!$E:$E,">0"))	2681.862	17.7083	=IF(I1717="","",ROUND(G1717-I1717,2))	=IF(J1717="","",ROUND(H1717-J1717,2))
Invitation Homes	1008 Sunny Acres Ave			89081	=IFERROR(INDEX(zips!$B:$B,MATCH(E1718,zips!$A:$A,0)),"")	=IFERROR(INDEX(zips!$E:$E,MATCH(E1718,zips!$A:$A,0)),"")	=IF(OR(F1718="",G1718=""),"",100*SUMIFS(zips!$C:$C,zips!$B:$B,F1718,zips!$E:$E,"<"&G1718)/SUMIFS(zips!$C:$C,zips!$B:$B,F1718,zips!$E:$E,">0"))	5698.1263	59.2974	=IF(I1718="","",ROUND(G1718-I1718,2))	=IF(J1718="","",ROUND(H1718-J1718,2))
Invitation Homes	1159 Maple Pines Ave			89081	=IFERROR(INDEX(zips!$B:$B,MATCH(E1719,zips!$A:$A,0)),"")	=IFERROR(INDEX(zips!$E:$E,MATCH(E1719,zips!$A:$A,0)),"")	=IF(OR(F1719="",G1719=""),"",100*SUMIFS(zips!$C:$C,zips!$B:$B,F1719,zips!$E:$E,"<"&G1719)/SUMIFS(zips!$C:$C,zips!$B:$B,F1719,zips!$E:$E,">0"))	5698.1263	59.2974	=IF(I1719="","",ROUND(G1719-I1719,2))	=IF(J1719="","",ROUND(H1719-J1719,2))
Invitation Homes	2117 Puffer Beach Ct			89081	=IFERROR(INDEX(zips!$B:$B,MATCH(E1720,zips!$A:$A,0)),"")	=IFERROR(INDEX(zips!$E:$E,MATCH(E1720,zips!$A:$A,0)),"")	=IF(OR(F1720="",G1720=""),"",100*SUMIFS(zips!$C:$C,zips!$B:$B,F1720,zips!$E:$E,"<"&G1720)/SUMIFS(zips!$C:$C,zips!$B:$B,F1720,zips!$E:$E,">0"))	5698.1263	59.2974	=IF(I1720="","",ROUND(G1720-I1720,2))	=IF(J1720="","",ROUND(H1720-J1720,2))
Invitation Homes	1417 Lazy Hill Ranch Way			89081	=IFERROR(INDEX(zips!$B:$B,MATCH(E1721,zips!$A:$A,0)),"")	=IFERROR(INDEX(zips!$E:$E,MATCH(E1721,zips!$A:$A,0)),"")	=IF(OR(F1721="",G1721=""),"",100*SUMIFS(zips!$C:$C,zips!$B:$B,F1721,zips!$E:$E,"<"&G1721)/SUMIFS(zips!$C:$C,zips!$B:$B,F1721,zips!$E:$E,">0"))	5698.1263	59.2974	=IF(I1721="","",ROUND(G1721-I1721,2))	=IF(J1721="","",ROUND(H1721-J1721,2))
Invitation Homes	6141 Talbot Springs Ct			89081	=IFERROR(INDEX(zips!$B:$B,MATCH(E1722,zips!$A:$A,0)),"")	=IFERROR(INDEX(zips!$E:$E,MATCH(E1722,zips!$A:$A,0)),"")	=IF(OR(F1722="",G1722=""),"",100*SUMIFS(zips!$C:$C,zips!$B:$B,F1722,zips!$E:$E,"<"&G1722)/SUMIFS(zips!$C:$C,zips!$B:$B,F1722,zips!$E:$E,">0"))	5698.1263	59.2974	=IF(I1722="","",ROUND(G1722-I1722,2))	=IF(J1722="","",ROUND(H1722-J1722,2))
Invitation Homes	920 Kevin Baker Ave			89086	=IFERROR(INDEX(zips!$B:$B,MATCH(E1723,zips!$A:$A,0)),"")	=IFERROR(INDEX(zips!$E:$E,MATCH(E1723,zips!$A:$A,0)),"")	=IF(OR(F1723="",G1723=""),"",100*SUMIFS(zips!$C:$C,zips!$B:$B,F1723,zips!$E:$E,"<"&G1723)/SUMIFS(zips!$C:$C,zips!$B:$B,F1723,zips!$E:$E,">0"))	2911.4601	20.6296	=IF(I1723="","",ROUND(G1723-I1723,2))	=IF(J1723="","",ROUND(H1723-J1723,2))
Invitation Homes	5313 Mountain Garland Ln			89081	=IFERROR(INDEX(zips!$B:$B,MATCH(E1724,zips!$A:$A,0)),"")	=IFERROR(INDEX(zips!$E:$E,MATCH(E1724,zips!$A:$A,0)),"")	=IF(OR(F1724="",G1724=""),"",100*SUMIFS(zips!$C:$C,zips!$B:$B,F1724,zips!$E:$E,"<"&G1724)/SUMIFS(zips!$C:$C,zips!$B:$B,F1724,zips!$E:$E,">0"))	5698.1263	59.2974	=IF(I1724="","",ROUND(G1724-I1724,2))	=IF(J1724="","",ROUND(H1724-J1724,2))
Invitation Homes	26 N Riverside Dr			84045	=IFERROR(INDEX(zips!$B:$B,MATCH(E1725,zips!$A:$A,0)),"")	=IFERROR(INDEX(zips!$E:$E,MATCH(E1725,zips!$A:$A,0)),"")	=IF(OR(F1725="",G1725=""),"",100*SUMIFS(zips!$C:$C,zips!$B:$B,F1725,zips!$E:$E,"<"&G1725)/SUMIFS(zips!$C:$C,zips!$B:$B,F1725,zips!$E:$E,">0"))	834.838	38.9541	=IF(I1725="","",ROUND(G1725-I1725,2))	=IF(J1725="","",ROUND(H1725-J1725,2))
Invitation Homes	42 N Riverside Dr			84045	=IFERROR(INDEX(zips!$B:$B,MATCH(E1726,zips!$A:$A,0)),"")	=IFERROR(INDEX(zips!$E:$E,MATCH(E1726,zips!$A:$A,0)),"")	=IF(OR(F1726="",G1726=""),"",100*SUMIFS(zips!$C:$C,zips!$B:$B,F1726,zips!$E:$E,"<"&G1726)/SUMIFS(zips!$C:$C,zips!$B:$B,F1726,zips!$E:$E,">0"))	834.838	38.9541	=IF(I1726="","",ROUND(G1726-I1726,2))	=IF(J1726="","",ROUND(H1726-J1726,2))
Invitation Homes	9861 S Amber Ln			84094	=IFERROR(INDEX(zips!$B:$B,MATCH(E1727,zips!$A:$A,0)),"")	=IFERROR(INDEX(zips!$E:$E,MATCH(E1727,zips!$A:$A,0)),"")	=IF(OR(F1727="",G1727=""),"",100*SUMIFS(zips!$C:$C,zips!$B:$B,F1727,zips!$E:$E,"<"&G1727)/SUMIFS(zips!$C:$C,zips!$B:$B,F1727,zips!$E:$E,">0"))	5561.9591	84.8033	=IF(I1727="","",ROUND(G1727-I1727,2))	=IF(J1727="","",ROUND(H1727-J1727,2))
Invitation Homes	9548 S 1210 E			84094	=IFERROR(INDEX(zips!$B:$B,MATCH(E1728,zips!$A:$A,0)),"")	=IFERROR(INDEX(zips!$E:$E,MATCH(E1728,zips!$A:$A,0)),"")	=IF(OR(F1728="",G1728=""),"",100*SUMIFS(zips!$C:$C,zips!$B:$B,F1728,zips!$E:$E,"<"&G1728)/SUMIFS(zips!$C:$C,zips!$B:$B,F1728,zips!$E:$E,">0"))	5561.9591	84.8033	=IF(I1728="","",ROUND(G1728-I1728,2))	=IF(J1728="","",ROUND(H1728-J1728,2))
Invitation Homes	4602 S Carnegie Tech St			84120	=IFERROR(INDEX(zips!$B:$B,MATCH(E1729,zips!$A:$A,0)),"")	=IFERROR(INDEX(zips!$E:$E,MATCH(E1729,zips!$A:$A,0)),"")	=IF(OR(F1729="",G1729=""),"",100*SUMIFS(zips!$C:$C,zips!$B:$B,F1729,zips!$E:$E,"<"&G1729)/SUMIFS(zips!$C:$C,zips!$B:$B,F1729,zips!$E:$E,">0"))	5009.8039	80.785	=IF(I1729="","",ROUND(G1729-I1729,2))	=IF(J1729="","",ROUND(H1729-J1729,2))
Invitation Homes	4334 S Lotus Blossom Dr W			84120	=IFERROR(INDEX(zips!$B:$B,MATCH(E1730,zips!$A:$A,0)),"")	=IFERROR(INDEX(zips!$E:$E,MATCH(E1730,zips!$A:$A,0)),"")	=IF(OR(F1730="",G1730=""),"",100*SUMIFS(zips!$C:$C,zips!$B:$B,F1730,zips!$E:$E,"<"&G1730)/SUMIFS(zips!$C:$C,zips!$B:$B,F1730,zips!$E:$E,">0"))	5009.8039	80.785	=IF(I1730="","",ROUND(G1730-I1730,2))	=IF(J1730="","",ROUND(H1730-J1730,2))
Invitation Homes	5965 W Brud Dr			84128	=IFERROR(INDEX(zips!$B:$B,MATCH(E1731,zips!$A:$A,0)),"")	=IFERROR(INDEX(zips!$E:$E,MATCH(E1731,zips!$A:$A,0)),"")	=IF(OR(F1731="",G1731=""),"",100*SUMIFS(zips!$C:$C,zips!$B:$B,F1731,zips!$E:$E,"<"&G1731)/SUMIFS(zips!$C:$C,zips!$B:$B,F1731,zips!$E:$E,">0"))	3827.2076	50.1545	=IF(I1731="","",ROUND(G1731-I1731,2))	=IF(J1731="","",ROUND(H1731-J1731,2))
Invitation Homes	2625 S Ridgeland Dr			84119	=IFERROR(INDEX(zips!$B:$B,MATCH(E1732,zips!$A:$A,0)),"")	=IFERROR(INDEX(zips!$E:$E,MATCH(E1732,zips!$A:$A,0)),"")	=IF(OR(F1732="",G1732=""),"",100*SUMIFS(zips!$C:$C,zips!$B:$B,F1732,zips!$E:$E,"<"&G1732)/SUMIFS(zips!$C:$C,zips!$B:$B,F1732,zips!$E:$E,">0"))	4407.6262	63.4529	=IF(I1732="","",ROUND(G1732-I1732,2))	=IF(J1732="","",ROUND(H1732-J1732,2))
Invitation Homes	7668 Keelcrest Dr			84084	=IFERROR(INDEX(zips!$B:$B,MATCH(E1733,zips!$A:$A,0)),"")	=IFERROR(INDEX(zips!$E:$E,MATCH(E1733,zips!$A:$A,0)),"")	=IF(OR(F1733="",G1733=""),"",100*SUMIFS(zips!$C:$C,zips!$B:$B,F1733,zips!$E:$E,"<"&G1733)/SUMIFS(zips!$C:$C,zips!$B:$B,F1733,zips!$E:$E,">0"))	4726.5472	75.3094	=IF(I1733="","",ROUND(G1733-I1733,2))	=IF(J1733="","",ROUND(H1733-J1733,2))
Invitation Homes	1889 W North Star N			84116	=IFERROR(INDEX(zips!$B:$B,MATCH(E1734,zips!$A:$A,0)),"")	=IFERROR(INDEX(zips!$E:$E,MATCH(E1734,zips!$A:$A,0)),"")	=IF(OR(F1734="",G1734=""),"",100*SUMIFS(zips!$C:$C,zips!$B:$B,F1734,zips!$E:$E,"<"&G1734)/SUMIFS(zips!$C:$C,zips!$B:$B,F1734,zips!$E:$E,">0"))	702.6945	17.4361	=IF(I1734="","",ROUND(G1734-I1734,2))	=IF(J1734="","",ROUND(H1734-J1734,2))
Invitation Homes	11153 W Caley Ave			80127	=IFERROR(INDEX(zips!$B:$B,MATCH(E1735,zips!$A:$A,0)),"")	=IFERROR(INDEX(zips!$E:$E,MATCH(E1735,zips!$A:$A,0)),"")	=IF(OR(F1735="",G1735=""),"",100*SUMIFS(zips!$C:$C,zips!$B:$B,F1735,zips!$E:$E,"<"&G1735)/SUMIFS(zips!$C:$C,zips!$B:$B,F1735,zips!$E:$E,">0"))	660.1594	9.096	=IF(I1735="","",ROUND(G1735-I1735,2))	=IF(J1735="","",ROUND(H1735-J1735,2))
Invitation Homes	9499 Sherrelwood Ln			80126	=IFERROR(INDEX(zips!$B:$B,MATCH(E1736,zips!$A:$A,0)),"")	=IFERROR(INDEX(zips!$E:$E,MATCH(E1736,zips!$A:$A,0)),"")	=IF(OR(F1736="",G1736=""),"",100*SUMIFS(zips!$C:$C,zips!$B:$B,F1736,zips!$E:$E,"<"&G1736)/SUMIFS(zips!$C:$C,zips!$B:$B,F1736,zips!$E:$E,">0"))	4112.2307	50.4492	=IF(I1736="","",ROUND(G1736-I1736,2))	=IF(J1736="","",ROUND(H1736-J1736,2))
Invitation Homes	1930 Quartz St			80109	=IFERROR(INDEX(zips!$B:$B,MATCH(E1737,zips!$A:$A,0)),"")	=IFERROR(INDEX(zips!$E:$E,MATCH(E1737,zips!$A:$A,0)),"")	=IF(OR(F1737="",G1737=""),"",100*SUMIFS(zips!$C:$C,zips!$B:$B,F1737,zips!$E:$E,"<"&G1737)/SUMIFS(zips!$C:$C,zips!$B:$B,F1737,zips!$E:$E,">0"))	1069.4909	17.2457	=IF(I1737="","",ROUND(G1737-I1737,2))	=IF(J1737="","",ROUND(H1737-J1737,2))
Invitation Homes	2106 Morningview Ln			80109	=IFERROR(INDEX(zips!$B:$B,MATCH(E1738,zips!$A:$A,0)),"")	=IFERROR(INDEX(zips!$E:$E,MATCH(E1738,zips!$A:$A,0)),"")	=IF(OR(F1738="",G1738=""),"",100*SUMIFS(zips!$C:$C,zips!$B:$B,F1738,zips!$E:$E,"<"&G1738)/SUMIFS(zips!$C:$C,zips!$B:$B,F1738,zips!$E:$E,">0"))	1069.4909	17.2457	=IF(I1738="","",ROUND(G1738-I1738,2))	=IF(J1738="","",ROUND(H1738-J1738,2))
Invitation Homes	4223 Miners Candle Place			80109	=IFERROR(INDEX(zips!$B:$B,MATCH(E1739,zips!$A:$A,0)),"")	=IFERROR(INDEX(zips!$E:$E,MATCH(E1739,zips!$A:$A,0)),"")	=IF(OR(F1739="",G1739=""),"",100*SUMIFS(zips!$C:$C,zips!$B:$B,F1739,zips!$E:$E,"<"&G1739)/SUMIFS(zips!$C:$C,zips!$B:$B,F1739,zips!$E:$E,">0"))	1069.4909	17.2457	=IF(I1739="","",ROUND(G1739-I1739,2))	=IF(J1739="","",ROUND(H1739-J1739,2))
Invitation Homes	4209 Beautiful Cir			80109	=IFERROR(INDEX(zips!$B:$B,MATCH(E1740,zips!$A:$A,0)),"")	=IFERROR(INDEX(zips!$E:$E,MATCH(E1740,zips!$A:$A,0)),"")	=IF(OR(F1740="",G1740=""),"",100*SUMIFS(zips!$C:$C,zips!$B:$B,F1740,zips!$E:$E,"<"&G1740)/SUMIFS(zips!$C:$C,zips!$B:$B,F1740,zips!$E:$E,">0"))	1069.4909	17.2457	=IF(I1740="","",ROUND(G1740-I1740,2))	=IF(J1740="","",ROUND(H1740-J1740,2))
Invitation Homes	4617 N Foxtail Dr			80109	=IFERROR(INDEX(zips!$B:$B,MATCH(E1741,zips!$A:$A,0)),"")	=IFERROR(INDEX(zips!$E:$E,MATCH(E1741,zips!$A:$A,0)),"")	=IF(OR(F1741="",G1741=""),"",100*SUMIFS(zips!$C:$C,zips!$B:$B,F1741,zips!$E:$E,"<"&G1741)/SUMIFS(zips!$C:$C,zips!$B:$B,F1741,zips!$E:$E,">0"))	1069.4909	17.2457	=IF(I1741="","",ROUND(G1741-I1741,2))	=IF(J1741="","",ROUND(H1741-J1741,2))
Invitation Homes	3941 Licorice Ct			80109	=IFERROR(INDEX(zips!$B:$B,MATCH(E1742,zips!$A:$A,0)),"")	=IFERROR(INDEX(zips!$E:$E,MATCH(E1742,zips!$A:$A,0)),"")	=IF(OR(F1742="",G1742=""),"",100*SUMIFS(zips!$C:$C,zips!$B:$B,F1742,zips!$E:$E,"<"&G1742)/SUMIFS(zips!$C:$C,zips!$B:$B,F1742,zips!$E:$E,">0"))	1069.4909	17.2457	=IF(I1742="","",ROUND(G1742-I1742,2))	=IF(J1742="","",ROUND(H1742-J1742,2))
Invitation Homes	3818 Licorice Trl			80109	=IFERROR(INDEX(zips!$B:$B,MATCH(E1743,zips!$A:$A,0)),"")	=IFERROR(INDEX(zips!$E:$E,MATCH(E1743,zips!$A:$A,0)),"")	=IF(OR(F1743="",G1743=""),"",100*SUMIFS(zips!$C:$C,zips!$B:$B,F1743,zips!$E:$E,"<"&G1743)/SUMIFS(zips!$C:$C,zips!$B:$B,F1743,zips!$E:$E,">0"))	1069.4909	17.2457	=IF(I1743="","",ROUND(G1743-I1743,2))	=IF(J1743="","",ROUND(H1743-J1743,2))
Invitation Homes	12858 Capital Creek St			80134	=IFERROR(INDEX(zips!$B:$B,MATCH(E1744,zips!$A:$A,0)),"")	=IFERROR(INDEX(zips!$E:$E,MATCH(E1744,zips!$A:$A,0)),"")	=IF(OR(F1744="",G1744=""),"",100*SUMIFS(zips!$C:$C,zips!$B:$B,F1744,zips!$E:$E,"<"&G1744)/SUMIFS(zips!$C:$C,zips!$B:$B,F1744,zips!$E:$E,">0"))	1356.8738	18.6569	=IF(I1744="","",ROUND(G1744-I1744,2))	=IF(J1744="","",ROUND(H1744-J1744,2))
Invitation Homes	11232 Kilberry Way			80134	=IFERROR(INDEX(zips!$B:$B,MATCH(E1745,zips!$A:$A,0)),"")	=IFERROR(INDEX(zips!$E:$E,MATCH(E1745,zips!$A:$A,0)),"")	=IF(OR(F1745="",G1745=""),"",100*SUMIFS(zips!$C:$C,zips!$B:$B,F1745,zips!$E:$E,"<"&G1745)/SUMIFS(zips!$C:$C,zips!$B:$B,F1745,zips!$E:$E,">0"))	1356.8738	18.6569	=IF(I1745="","",ROUND(G1745-I1745,2))	=IF(J1745="","",ROUND(H1745-J1745,2))
Invitation Homes	11053 Pheasant Ct			80134	=IFERROR(INDEX(zips!$B:$B,MATCH(E1746,zips!$A:$A,0)),"")	=IFERROR(INDEX(zips!$E:$E,MATCH(E1746,zips!$A:$A,0)),"")	=IF(OR(F1746="",G1746=""),"",100*SUMIFS(zips!$C:$C,zips!$B:$B,F1746,zips!$E:$E,"<"&G1746)/SUMIFS(zips!$C:$C,zips!$B:$B,F1746,zips!$E:$E,">0"))	1356.8738	18.6569	=IF(I1746="","",ROUND(G1746-I1746,2))	=IF(J1746="","",ROUND(H1746-J1746,2))
Invitation Homes	5761 S Lewis St			80127	=IFERROR(INDEX(zips!$B:$B,MATCH(E1747,zips!$A:$A,0)),"")	=IFERROR(INDEX(zips!$E:$E,MATCH(E1747,zips!$A:$A,0)),"")	=IF(OR(F1747="",G1747=""),"",100*SUMIFS(zips!$C:$C,zips!$B:$B,F1747,zips!$E:$E,"<"&G1747)/SUMIFS(zips!$C:$C,zips!$B:$B,F1747,zips!$E:$E,">0"))	660.1594	9.096	=IF(I1747="","",ROUND(G1747-I1747,2))	=IF(J1747="","",ROUND(H1747-J1747,2))
Invitation Homes	1740 W Crestline Dr			80120	=IFERROR(INDEX(zips!$B:$B,MATCH(E1748,zips!$A:$A,0)),"")	=IFERROR(INDEX(zips!$E:$E,MATCH(E1748,zips!$A:$A,0)),"")	=IF(OR(F1748="",G1748=""),"",100*SUMIFS(zips!$C:$C,zips!$B:$B,F1748,zips!$E:$E,"<"&G1748)/SUMIFS(zips!$C:$C,zips!$B:$B,F1748,zips!$E:$E,">0"))	3584.9869	43.4796	=IF(I1748="","",ROUND(G1748-I1748,2))	=IF(J1748="","",ROUND(H1748-J1748,2))
Invitation Homes	1685 S Wolff Street			80219	=IFERROR(INDEX(zips!$B:$B,MATCH(E1749,zips!$A:$A,0)),"")	=IFERROR(INDEX(zips!$E:$E,MATCH(E1749,zips!$A:$A,0)),"")	=IF(OR(F1749="",G1749=""),"",100*SUMIFS(zips!$C:$C,zips!$B:$B,F1749,zips!$E:$E,"<"&G1749)/SUMIFS(zips!$C:$C,zips!$B:$B,F1749,zips!$E:$E,">0"))	8141.8507	91.4556	=IF(I1749="","",ROUND(G1749-I1749,2))	=IF(J1749="","",ROUND(H1749-J1749,2))
Invitation Homes	13256 Rigel Dr			80124	=IFERROR(INDEX(zips!$B:$B,MATCH(E1750,zips!$A:$A,0)),"")	=IFERROR(INDEX(zips!$E:$E,MATCH(E1750,zips!$A:$A,0)),"")	=IF(OR(F1750="",G1750=""),"",100*SUMIFS(zips!$C:$C,zips!$B:$B,F1750,zips!$E:$E,"<"&G1750)/SUMIFS(zips!$C:$C,zips!$B:$B,F1750,zips!$E:$E,">0"))	2394.7144	30.223	=IF(I1750="","",ROUND(G1750-I1750,2))	=IF(J1750="","",ROUND(H1750-J1750,2))
Invitation Homes	10165 E Peakview Ave			80111	=IFERROR(INDEX(zips!$B:$B,MATCH(E1751,zips!$A:$A,0)),"")	=IFERROR(INDEX(zips!$E:$E,MATCH(E1751,zips!$A:$A,0)),"")	=IF(OR(F1751="",G1751=""),"",100*SUMIFS(zips!$C:$C,zips!$B:$B,F1751,zips!$E:$E,"<"&G1751)/SUMIFS(zips!$C:$C,zips!$B:$B,F1751,zips!$E:$E,">0"))	2920.8666	36.4443	=IF(I1751="","",ROUND(G1751-I1751,2))	=IF(J1751="","",ROUND(H1751-J1751,2))
Invitation Homes	17163 Silver Mound Ln			80134	=IFERROR(INDEX(zips!$B:$B,MATCH(E1752,zips!$A:$A,0)),"")	=IFERROR(INDEX(zips!$E:$E,MATCH(E1752,zips!$A:$A,0)),"")	=IF(OR(F1752="",G1752=""),"",100*SUMIFS(zips!$C:$C,zips!$B:$B,F1752,zips!$E:$E,"<"&G1752)/SUMIFS(zips!$C:$C,zips!$B:$B,F1752,zips!$E:$E,">0"))	1356.8738	18.6569	=IF(I1752="","",ROUND(G1752-I1752,2))	=IF(J1752="","",ROUND(H1752-J1752,2))
Invitation Homes	5546 S Sedalia Street			80015	=IFERROR(INDEX(zips!$B:$B,MATCH(E1753,zips!$A:$A,0)),"")	=IFERROR(INDEX(zips!$E:$E,MATCH(E1753,zips!$A:$A,0)),"")	=IF(OR(F1753="",G1753=""),"",100*SUMIFS(zips!$C:$C,zips!$B:$B,F1753,zips!$E:$E,"<"&G1753)/SUMIFS(zips!$C:$C,zips!$B:$B,F1753,zips!$E:$E,">0"))	4436.2127	58.9758	=IF(I1753="","",ROUND(G1753-I1753,2))	=IF(J1753="","",ROUND(H1753-J1753,2))
Invitation Homes	4602 S Kalispell Way			80015	=IFERROR(INDEX(zips!$B:$B,MATCH(E1754,zips!$A:$A,0)),"")	=IFERROR(INDEX(zips!$E:$E,MATCH(E1754,zips!$A:$A,0)),"")	=IF(OR(F1754="",G1754=""),"",100*SUMIFS(zips!$C:$C,zips!$B:$B,F1754,zips!$E:$E,"<"&G1754)/SUMIFS(zips!$C:$C,zips!$B:$B,F1754,zips!$E:$E,">0"))	4436.2127	58.9758	=IF(I1754="","",ROUND(G1754-I1754,2))	=IF(J1754="","",ROUND(H1754-J1754,2))
Invitation Homes	17471 E Grand Ave			80015	=IFERROR(INDEX(zips!$B:$B,MATCH(E1755,zips!$A:$A,0)),"")	=IFERROR(INDEX(zips!$E:$E,MATCH(E1755,zips!$A:$A,0)),"")	=IF(OR(F1755="",G1755=""),"",100*SUMIFS(zips!$C:$C,zips!$B:$B,F1755,zips!$E:$E,"<"&G1755)/SUMIFS(zips!$C:$C,zips!$B:$B,F1755,zips!$E:$E,">0"))	4436.2127	58.9758	=IF(I1755="","",ROUND(G1755-I1755,2))	=IF(J1755="","",ROUND(H1755-J1755,2))
Invitation Homes	18190 E Bellewood Drive			80015	=IFERROR(INDEX(zips!$B:$B,MATCH(E1756,zips!$A:$A,0)),"")	=IFERROR(INDEX(zips!$E:$E,MATCH(E1756,zips!$A:$A,0)),"")	=IF(OR(F1756="",G1756=""),"",100*SUMIFS(zips!$C:$C,zips!$B:$B,F1756,zips!$E:$E,"<"&G1756)/SUMIFS(zips!$C:$C,zips!$B:$B,F1756,zips!$E:$E,">0"))	4436.2127	58.9758	=IF(I1756="","",ROUND(G1756-I1756,2))	=IF(J1756="","",ROUND(H1756-J1756,2))
Invitation Homes	17525 E Union Dr			80015	=IFERROR(INDEX(zips!$B:$B,MATCH(E1757,zips!$A:$A,0)),"")	=IFERROR(INDEX(zips!$E:$E,MATCH(E1757,zips!$A:$A,0)),"")	=IF(OR(F1757="",G1757=""),"",100*SUMIFS(zips!$C:$C,zips!$B:$B,F1757,zips!$E:$E,"<"&G1757)/SUMIFS(zips!$C:$C,zips!$B:$B,F1757,zips!$E:$E,">0"))	4436.2127	58.9758	=IF(I1757="","",ROUND(G1757-I1757,2))	=IF(J1757="","",ROUND(H1757-J1757,2))
Invitation Homes	2930 S Revere Street			80014	=IFERROR(INDEX(zips!$B:$B,MATCH(E1758,zips!$A:$A,0)),"")	=IFERROR(INDEX(zips!$E:$E,MATCH(E1758,zips!$A:$A,0)),"")	=IF(OR(F1758="",G1758=""),"",100*SUMIFS(zips!$C:$C,zips!$B:$B,F1758,zips!$E:$E,"<"&G1758)/SUMIFS(zips!$C:$C,zips!$B:$B,F1758,zips!$E:$E,">0"))	5482.5516	73.972	=IF(I1758="","",ROUND(G1758-I1758,2))	=IF(J1758="","",ROUND(H1758-J1758,2))
Invitation Homes	16531 E Princeton Place			80013	=IFERROR(INDEX(zips!$B:$B,MATCH(E1759,zips!$A:$A,0)),"")	=IFERROR(INDEX(zips!$E:$E,MATCH(E1759,zips!$A:$A,0)),"")	=IF(OR(F1759="",G1759=""),"",100*SUMIFS(zips!$C:$C,zips!$B:$B,F1759,zips!$E:$E,"<"&G1759)/SUMIFS(zips!$C:$C,zips!$B:$B,F1759,zips!$E:$E,">0"))	5358.2849	70.2607	=IF(I1759="","",ROUND(G1759-I1759,2))	=IF(J1759="","",ROUND(H1759-J1759,2))
Invitation Homes	17258 E Greenwood Cir			80013	=IFERROR(INDEX(zips!$B:$B,MATCH(E1760,zips!$A:$A,0)),"")	=IFERROR(INDEX(zips!$E:$E,MATCH(E1760,zips!$A:$A,0)),"")	=IF(OR(F1760="",G1760=""),"",100*SUMIFS(zips!$C:$C,zips!$B:$B,F1760,zips!$E:$E,"<"&G1760)/SUMIFS(zips!$C:$C,zips!$B:$B,F1760,zips!$E:$E,">0"))	5358.2849	70.2607	=IF(I1760="","",ROUND(G1760-I1760,2))	=IF(J1760="","",ROUND(H1760-J1760,2))
Invitation Homes	16524 E Floyd Ave			80013	=IFERROR(INDEX(zips!$B:$B,MATCH(E1761,zips!$A:$A,0)),"")	=IFERROR(INDEX(zips!$E:$E,MATCH(E1761,zips!$A:$A,0)),"")	=IF(OR(F1761="",G1761=""),"",100*SUMIFS(zips!$C:$C,zips!$B:$B,F1761,zips!$E:$E,"<"&G1761)/SUMIFS(zips!$C:$C,zips!$B:$B,F1761,zips!$E:$E,">0"))	5358.2849	70.2607	=IF(I1761="","",ROUND(G1761-I1761,2))	=IF(J1761="","",ROUND(H1761-J1761,2))
Invitation Homes	17104 E Eldorado Cir			80013	=IFERROR(INDEX(zips!$B:$B,MATCH(E1762,zips!$A:$A,0)),"")	=IFERROR(INDEX(zips!$E:$E,MATCH(E1762,zips!$A:$A,0)),"")	=IF(OR(F1762="",G1762=""),"",100*SUMIFS(zips!$C:$C,zips!$B:$B,F1762,zips!$E:$E,"<"&G1762)/SUMIFS(zips!$C:$C,zips!$B:$B,F1762,zips!$E:$E,">0"))	5358.2849	70.2607	=IF(I1762="","",ROUND(G1762-I1762,2))	=IF(J1762="","",ROUND(H1762-J1762,2))
Invitation Homes	4179 S Bahama St			80013	=IFERROR(INDEX(zips!$B:$B,MATCH(E1763,zips!$A:$A,0)),"")	=IFERROR(INDEX(zips!$E:$E,MATCH(E1763,zips!$A:$A,0)),"")	=IF(OR(F1763="",G1763=""),"",100*SUMIFS(zips!$C:$C,zips!$B:$B,F1763,zips!$E:$E,"<"&G1763)/SUMIFS(zips!$C:$C,zips!$B:$B,F1763,zips!$E:$E,">0"))	5358.2849	70.2607	=IF(I1763="","",ROUND(G1763-I1763,2))	=IF(J1763="","",ROUND(H1763-J1763,2))
Invitation Homes	15561 E Pacific Pl			80013	=IFERROR(INDEX(zips!$B:$B,MATCH(E1764,zips!$A:$A,0)),"")	=IFERROR(INDEX(zips!$E:$E,MATCH(E1764,zips!$A:$A,0)),"")	=IF(OR(F1764="",G1764=""),"",100*SUMIFS(zips!$C:$C,zips!$B:$B,F1764,zips!$E:$E,"<"&G1764)/SUMIFS(zips!$C:$C,zips!$B:$B,F1764,zips!$E:$E,">0"))	5358.2849	70.2607	=IF(I1764="","",ROUND(G1764-I1764,2))	=IF(J1764="","",ROUND(H1764-J1764,2))
Invitation Homes	3076 S Quintero Way			80013	=IFERROR(INDEX(zips!$B:$B,MATCH(E1765,zips!$A:$A,0)),"")	=IFERROR(INDEX(zips!$E:$E,MATCH(E1765,zips!$A:$A,0)),"")	=IF(OR(F1765="",G1765=""),"",100*SUMIFS(zips!$C:$C,zips!$B:$B,F1765,zips!$E:$E,"<"&G1765)/SUMIFS(zips!$C:$C,zips!$B:$B,F1765,zips!$E:$E,">0"))	5358.2849	70.2607	=IF(I1765="","",ROUND(G1765-I1765,2))	=IF(J1765="","",ROUND(H1765-J1765,2))
Invitation Homes	17755 E Cornell Drive			80013	=IFERROR(INDEX(zips!$B:$B,MATCH(E1766,zips!$A:$A,0)),"")	=IFERROR(INDEX(zips!$E:$E,MATCH(E1766,zips!$A:$A,0)),"")	=IF(OR(F1766="",G1766=""),"",100*SUMIFS(zips!$C:$C,zips!$B:$B,F1766,zips!$E:$E,"<"&G1766)/SUMIFS(zips!$C:$C,zips!$B:$B,F1766,zips!$E:$E,">0"))	5358.2849	70.2607	=IF(I1766="","",ROUND(G1766-I1766,2))	=IF(J1766="","",ROUND(H1766-J1766,2))
Invitation Homes	2617 S Salida Street			80013	=IFERROR(INDEX(zips!$B:$B,MATCH(E1767,zips!$A:$A,0)),"")	=IFERROR(INDEX(zips!$E:$E,MATCH(E1767,zips!$A:$A,0)),"")	=IF(OR(F1767="",G1767=""),"",100*SUMIFS(zips!$C:$C,zips!$B:$B,F1767,zips!$E:$E,"<"&G1767)/SUMIFS(zips!$C:$C,zips!$B:$B,F1767,zips!$E:$E,">0"))	5358.2849	70.2607	=IF(I1767="","",ROUND(G1767-I1767,2))	=IF(J1767="","",ROUND(H1767-J1767,2))
Invitation Homes	2871 S Argonne St			80013	=IFERROR(INDEX(zips!$B:$B,MATCH(E1768,zips!$A:$A,0)),"")	=IFERROR(INDEX(zips!$E:$E,MATCH(E1768,zips!$A:$A,0)),"")	=IF(OR(F1768="",G1768=""),"",100*SUMIFS(zips!$C:$C,zips!$B:$B,F1768,zips!$E:$E,"<"&G1768)/SUMIFS(zips!$C:$C,zips!$B:$B,F1768,zips!$E:$E,">0"))	5358.2849	70.2607	=IF(I1768="","",ROUND(G1768-I1768,2))	=IF(J1768="","",ROUND(H1768-J1768,2))
Invitation Homes	2224 S Ventura St			80013	=IFERROR(INDEX(zips!$B:$B,MATCH(E1769,zips!$A:$A,0)),"")	=IFERROR(INDEX(zips!$E:$E,MATCH(E1769,zips!$A:$A,0)),"")	=IF(OR(F1769="",G1769=""),"",100*SUMIFS(zips!$C:$C,zips!$B:$B,F1769,zips!$E:$E,"<"&G1769)/SUMIFS(zips!$C:$C,zips!$B:$B,F1769,zips!$E:$E,">0"))	5358.2849	70.2607	=IF(I1769="","",ROUND(G1769-I1769,2))	=IF(J1769="","",ROUND(H1769-J1769,2))
Invitation Homes	13007 E Florida Dr			80012	=IFERROR(INDEX(zips!$B:$B,MATCH(E1770,zips!$A:$A,0)),"")	=IFERROR(INDEX(zips!$E:$E,MATCH(E1770,zips!$A:$A,0)),"")	=IF(OR(F1770="",G1770=""),"",100*SUMIFS(zips!$C:$C,zips!$B:$B,F1770,zips!$E:$E,"<"&G1770)/SUMIFS(zips!$C:$C,zips!$B:$B,F1770,zips!$E:$E,">0"))	6761.7105	83.6517	=IF(I1770="","",ROUND(G1770-I1770,2))	=IF(J1770="","",ROUND(H1770-J1770,2))
Invitation Homes	12804 E Wyoming Cir			80012	=IFERROR(INDEX(zips!$B:$B,MATCH(E1771,zips!$A:$A,0)),"")	=IFERROR(INDEX(zips!$E:$E,MATCH(E1771,zips!$A:$A,0)),"")	=IF(OR(F1771="",G1771=""),"",100*SUMIFS(zips!$C:$C,zips!$B:$B,F1771,zips!$E:$E,"<"&G1771)/SUMIFS(zips!$C:$C,zips!$B:$B,F1771,zips!$E:$E,">0"))	6761.7105	83.6517	=IF(I1771="","",ROUND(G1771-I1771,2))	=IF(J1771="","",ROUND(H1771-J1771,2))
Invitation Homes	13157 E Dakota Ave			80012	=IFERROR(INDEX(zips!$B:$B,MATCH(E1772,zips!$A:$A,0)),"")	=IFERROR(INDEX(zips!$E:$E,MATCH(E1772,zips!$A:$A,0)),"")	=IF(OR(F1772="",G1772=""),"",100*SUMIFS(zips!$C:$C,zips!$B:$B,F1772,zips!$E:$E,"<"&G1772)/SUMIFS(zips!$C:$C,zips!$B:$B,F1772,zips!$E:$E,">0"))	6761.7105	83.6517	=IF(I1772="","",ROUND(G1772-I1772,2))	=IF(J1772="","",ROUND(H1772-J1772,2))
Invitation Homes	13630 E Dakota Pl			80012	=IFERROR(INDEX(zips!$B:$B,MATCH(E1773,zips!$A:$A,0)),"")	=IFERROR(INDEX(zips!$E:$E,MATCH(E1773,zips!$A:$A,0)),"")	=IF(OR(F1773="",G1773=""),"",100*SUMIFS(zips!$C:$C,zips!$B:$B,F1773,zips!$E:$E,"<"&G1773)/SUMIFS(zips!$C:$C,zips!$B:$B,F1773,zips!$E:$E,">0"))	6761.7105	83.6517	=IF(I1773="","",ROUND(G1773-I1773,2))	=IF(J1773="","",ROUND(H1773-J1773,2))
Invitation Homes	1849 S Salida Cir			80017	=IFERROR(INDEX(zips!$B:$B,MATCH(E1774,zips!$A:$A,0)),"")	=IFERROR(INDEX(zips!$E:$E,MATCH(E1774,zips!$A:$A,0)),"")	=IF(OR(F1774="",G1774=""),"",100*SUMIFS(zips!$C:$C,zips!$B:$B,F1774,zips!$E:$E,"<"&G1774)/SUMIFS(zips!$C:$C,zips!$B:$B,F1774,zips!$E:$E,">0"))	4314.7158	56.6501	=IF(I1774="","",ROUND(G1774-I1774,2))	=IF(J1774="","",ROUND(H1774-J1774,2))
Invitation Homes	17474 E Louisiana Ave			80017	=IFERROR(INDEX(zips!$B:$B,MATCH(E1775,zips!$A:$A,0)),"")	=IFERROR(INDEX(zips!$E:$E,MATCH(E1775,zips!$A:$A,0)),"")	=IF(OR(F1775="",G1775=""),"",100*SUMIFS(zips!$C:$C,zips!$B:$B,F1775,zips!$E:$E,"<"&G1775)/SUMIFS(zips!$C:$C,zips!$B:$B,F1775,zips!$E:$E,">0"))	4314.7158	56.6501	=IF(I1775="","",ROUND(G1775-I1775,2))	=IF(J1775="","",ROUND(H1775-J1775,2))
Invitation Homes	1405 S Biscay Ct			80017	=IFERROR(INDEX(zips!$B:$B,MATCH(E1776,zips!$A:$A,0)),"")	=IFERROR(INDEX(zips!$E:$E,MATCH(E1776,zips!$A:$A,0)),"")	=IF(OR(F1776="",G1776=""),"",100*SUMIFS(zips!$C:$C,zips!$B:$B,F1776,zips!$E:$E,"<"&G1776)/SUMIFS(zips!$C:$C,zips!$B:$B,F1776,zips!$E:$E,">0"))	4314.7158	56.6501	=IF(I1776="","",ROUND(G1776-I1776,2))	=IF(J1776="","",ROUND(H1776-J1776,2))
Invitation Homes	1441 S Cathay St			80017	=IFERROR(INDEX(zips!$B:$B,MATCH(E1777,zips!$A:$A,0)),"")	=IFERROR(INDEX(zips!$E:$E,MATCH(E1777,zips!$A:$A,0)),"")	=IF(OR(F1777="",G1777=""),"",100*SUMIFS(zips!$C:$C,zips!$B:$B,F1777,zips!$E:$E,"<"&G1777)/SUMIFS(zips!$C:$C,zips!$B:$B,F1777,zips!$E:$E,">0"))	4314.7158	56.6501	=IF(I1777="","",ROUND(G1777-I1777,2))	=IF(J1777="","",ROUND(H1777-J1777,2))
Invitation Homes	11417 W 103Rd Ave			80021	=IFERROR(INDEX(zips!$B:$B,MATCH(E1778,zips!$A:$A,0)),"")	=IFERROR(INDEX(zips!$E:$E,MATCH(E1778,zips!$A:$A,0)),"")	=IF(OR(F1778="",G1778=""),"",100*SUMIFS(zips!$C:$C,zips!$B:$B,F1778,zips!$E:$E,"<"&G1778)/SUMIFS(zips!$C:$C,zips!$B:$B,F1778,zips!$E:$E,">0"))	2150.8407	29.0243	=IF(I1778="","",ROUND(G1778-I1778,2))	=IF(J1778="","",ROUND(H1778-J1778,2))
Invitation Homes	9906 Garland Dr			80021	=IFERROR(INDEX(zips!$B:$B,MATCH(E1779,zips!$A:$A,0)),"")	=IFERROR(INDEX(zips!$E:$E,MATCH(E1779,zips!$A:$A,0)),"")	=IF(OR(F1779="",G1779=""),"",100*SUMIFS(zips!$C:$C,zips!$B:$B,F1779,zips!$E:$E,"<"&G1779)/SUMIFS(zips!$C:$C,zips!$B:$B,F1779,zips!$E:$E,">0"))	2150.8407	29.0243	=IF(I1779="","",ROUND(G1779-I1779,2))	=IF(J1779="","",ROUND(H1779-J1779,2))
Invitation Homes	9203 W 100Th Cir			80021	=IFERROR(INDEX(zips!$B:$B,MATCH(E1780,zips!$A:$A,0)),"")	=IFERROR(INDEX(zips!$E:$E,MATCH(E1780,zips!$A:$A,0)),"")	=IF(OR(F1780="",G1780=""),"",100*SUMIFS(zips!$C:$C,zips!$B:$B,F1780,zips!$E:$E,"<"&G1780)/SUMIFS(zips!$C:$C,zips!$B:$B,F1780,zips!$E:$E,">0"))	2150.8407	29.0243	=IF(I1780="","",ROUND(G1780-I1780,2))	=IF(J1780="","",ROUND(H1780-J1780,2))
Invitation Homes	9731 W 104Th Dr			80021	=IFERROR(INDEX(zips!$B:$B,MATCH(E1781,zips!$A:$A,0)),"")	=IFERROR(INDEX(zips!$E:$E,MATCH(E1781,zips!$A:$A,0)),"")	=IF(OR(F1781="",G1781=""),"",100*SUMIFS(zips!$C:$C,zips!$B:$B,F1781,zips!$E:$E,"<"&G1781)/SUMIFS(zips!$C:$C,zips!$B:$B,F1781,zips!$E:$E,">0"))	2150.8407	29.0243	=IF(I1781="","",ROUND(G1781-I1781,2))	=IF(J1781="","",ROUND(H1781-J1781,2))
Invitation Homes	10744 Moore Cir			80021	=IFERROR(INDEX(zips!$B:$B,MATCH(E1782,zips!$A:$A,0)),"")	=IFERROR(INDEX(zips!$E:$E,MATCH(E1782,zips!$A:$A,0)),"")	=IF(OR(F1782="",G1782=""),"",100*SUMIFS(zips!$C:$C,zips!$B:$B,F1782,zips!$E:$E,"<"&G1782)/SUMIFS(zips!$C:$C,zips!$B:$B,F1782,zips!$E:$E,">0"))	2150.8407	29.0243	=IF(I1782="","",ROUND(G1782-I1782,2))	=IF(J1782="","",ROUND(H1782-J1782,2))
Invitation Homes	3760 W 95Th Pl			80031	=IFERROR(INDEX(zips!$B:$B,MATCH(E1783,zips!$A:$A,0)),"")	=IFERROR(INDEX(zips!$E:$E,MATCH(E1783,zips!$A:$A,0)),"")	=IF(OR(F1783="",G1783=""),"",100*SUMIFS(zips!$C:$C,zips!$B:$B,F1783,zips!$E:$E,"<"&G1783)/SUMIFS(zips!$C:$C,zips!$B:$B,F1783,zips!$E:$E,">0"))	4313.0043	55.4249	=IF(I1783="","",ROUND(G1783-I1783,2))	=IF(J1783="","",ROUND(H1783-J1783,2))
Invitation Homes	6341 W 109Th Pl			80020	=IFERROR(INDEX(zips!$B:$B,MATCH(E1784,zips!$A:$A,0)),"")	=IFERROR(INDEX(zips!$E:$E,MATCH(E1784,zips!$A:$A,0)),"")	=IF(OR(F1784="",G1784=""),"",100*SUMIFS(zips!$C:$C,zips!$B:$B,F1784,zips!$E:$E,"<"&G1784)/SUMIFS(zips!$C:$C,zips!$B:$B,F1784,zips!$E:$E,">0"))	2711.1707	34.638	=IF(I1784="","",ROUND(G1784-I1784,2))	=IF(J1784="","",ROUND(H1784-J1784,2))
Invitation Homes	1570 Oak Pl			80229	=IFERROR(INDEX(zips!$B:$B,MATCH(E1785,zips!$A:$A,0)),"")	=IFERROR(INDEX(zips!$E:$E,MATCH(E1785,zips!$A:$A,0)),"")	=IF(OR(F1785="",G1785=""),"",100*SUMIFS(zips!$C:$C,zips!$B:$B,F1785,zips!$E:$E,"<"&G1785)/SUMIFS(zips!$C:$C,zips!$B:$B,F1785,zips!$E:$E,">0"))	4578.2574	63.8518	=IF(I1785="","",ROUND(G1785-I1785,2))	=IF(J1785="","",ROUND(H1785-J1785,2))
Invitation Homes	2716 W 100Th Dr			80260	=IFERROR(INDEX(zips!$B:$B,MATCH(E1786,zips!$A:$A,0)),"")	=IFERROR(INDEX(zips!$E:$E,MATCH(E1786,zips!$A:$A,0)),"")	=IF(OR(F1786="",G1786=""),"",100*SUMIFS(zips!$C:$C,zips!$B:$B,F1786,zips!$E:$E,"<"&G1786)/SUMIFS(zips!$C:$C,zips!$B:$B,F1786,zips!$E:$E,">0"))	7319.1266	88.9384	=IF(I1786="","",ROUND(G1786-I1786,2))	=IF(J1786="","",ROUND(H1786-J1786,2))
Invitation Homes	1640 Ruth Dr			80229	=IFERROR(INDEX(zips!$B:$B,MATCH(E1787,zips!$A:$A,0)),"")	=IFERROR(INDEX(zips!$E:$E,MATCH(E1787,zips!$A:$A,0)),"")	=IF(OR(F1787="",G1787=""),"",100*SUMIFS(zips!$C:$C,zips!$B:$B,F1787,zips!$E:$E,"<"&G1787)/SUMIFS(zips!$C:$C,zips!$B:$B,F1787,zips!$E:$E,">0"))	4578.2574	63.8518	=IF(I1787="","",ROUND(G1787-I1787,2))	=IF(J1787="","",ROUND(H1787-J1787,2))
Invitation Homes	2702 E 109Th Ct			80233	=IFERROR(INDEX(zips!$B:$B,MATCH(E1788,zips!$A:$A,0)),"")	=IFERROR(INDEX(zips!$E:$E,MATCH(E1788,zips!$A:$A,0)),"")	=IF(OR(F1788="",G1788=""),"",100*SUMIFS(zips!$C:$C,zips!$B:$B,F1788,zips!$E:$E,"<"&G1788)/SUMIFS(zips!$C:$C,zips!$B:$B,F1788,zips!$E:$E,">0"))	5216.8016	68.0733	=IF(I1788="","",ROUND(G1788-I1788,2))	=IF(J1788="","",ROUND(H1788-J1788,2))
Invitation Homes	14623 E 51St Pl			80239	=IFERROR(INDEX(zips!$B:$B,MATCH(E1789,zips!$A:$A,0)),"")	=IFERROR(INDEX(zips!$E:$E,MATCH(E1789,zips!$A:$A,0)),"")	=IF(OR(F1789="",G1789=""),"",100*SUMIFS(zips!$C:$C,zips!$B:$B,F1789,zips!$E:$E,"<"&G1789)/SUMIFS(zips!$C:$C,zips!$B:$B,F1789,zips!$E:$E,">0"))	4266.0666	53.9393	=IF(I1789="","",ROUND(G1789-I1789,2))	=IF(J1789="","",ROUND(H1789-J1789,2))
Invitation Homes	13298 Lackland Dr			80239	=IFERROR(INDEX(zips!$B:$B,MATCH(E1790,zips!$A:$A,0)),"")	=IFERROR(INDEX(zips!$E:$E,MATCH(E1790,zips!$A:$A,0)),"")	=IF(OR(F1790="",G1790=""),"",100*SUMIFS(zips!$C:$C,zips!$B:$B,F1790,zips!$E:$E,"<"&G1790)/SUMIFS(zips!$C:$C,zips!$B:$B,F1790,zips!$E:$E,">0"))	4266.0666	53.9393	=IF(I1790="","",ROUND(G1790-I1790,2))	=IF(J1790="","",ROUND(H1790-J1790,2))
Invitation Homes	9276 Clermont Dr			80229	=IFERROR(INDEX(zips!$B:$B,MATCH(E1791,zips!$A:$A,0)),"")	=IFERROR(INDEX(zips!$E:$E,MATCH(E1791,zips!$A:$A,0)),"")	=IF(OR(F1791="",G1791=""),"",100*SUMIFS(zips!$C:$C,zips!$B:$B,F1791,zips!$E:$E,"<"&G1791)/SUMIFS(zips!$C:$C,zips!$B:$B,F1791,zips!$E:$E,">0"))	4578.2574	63.8518	=IF(I1791="","",ROUND(G1791-I1791,2))	=IF(J1791="","",ROUND(H1791-J1791,2))
Invitation Homes	10932 Birch Dr			80233	=IFERROR(INDEX(zips!$B:$B,MATCH(E1792,zips!$A:$A,0)),"")	=IFERROR(INDEX(zips!$E:$E,MATCH(E1792,zips!$A:$A,0)),"")	=IF(OR(F1792="",G1792=""),"",100*SUMIFS(zips!$C:$C,zips!$B:$B,F1792,zips!$E:$E,"<"&G1792)/SUMIFS(zips!$C:$C,zips!$B:$B,F1792,zips!$E:$E,">0"))	5216.8016	68.0733	=IF(I1792="","",ROUND(G1792-I1792,2))	=IF(J1792="","",ROUND(H1792-J1792,2))
Invitation Homes	9985 Revere Ct			80022	=IFERROR(INDEX(zips!$B:$B,MATCH(E1793,zips!$A:$A,0)),"")	=IFERROR(INDEX(zips!$E:$E,MATCH(E1793,zips!$A:$A,0)),"")	=IF(OR(F1793="",G1793=""),"",100*SUMIFS(zips!$C:$C,zips!$B:$B,F1793,zips!$E:$E,"<"&G1793)/SUMIFS(zips!$C:$C,zips!$B:$B,F1793,zips!$E:$E,">0"))	748.6424	11.1897	=IF(I1793="","",ROUND(G1793-I1793,2))	=IF(J1793="","",ROUND(H1793-J1793,2))
Invitation Homes	9993 Revere Ct			80022	=IFERROR(INDEX(zips!$B:$B,MATCH(E1794,zips!$A:$A,0)),"")	=IFERROR(INDEX(zips!$E:$E,MATCH(E1794,zips!$A:$A,0)),"")	=IF(OR(F1794="",G1794=""),"",100*SUMIFS(zips!$C:$C,zips!$B:$B,F1794,zips!$E:$E,"<"&G1794)/SUMIFS(zips!$C:$C,zips!$B:$B,F1794,zips!$E:$E,">0"))	748.6424	11.1897	=IF(I1794="","",ROUND(G1794-I1794,2))	=IF(J1794="","",ROUND(H1794-J1794,2))
Invitation Homes	12570 E 100Th Ave			80022	=IFERROR(INDEX(zips!$B:$B,MATCH(E1795,zips!$A:$A,0)),"")	=IFERROR(INDEX(zips!$E:$E,MATCH(E1795,zips!$A:$A,0)),"")	=IF(OR(F1795="",G1795=""),"",100*SUMIFS(zips!$C:$C,zips!$B:$B,F1795,zips!$E:$E,"<"&G1795)/SUMIFS(zips!$C:$C,zips!$B:$B,F1795,zips!$E:$E,">0"))	748.6424	11.1897	=IF(I1795="","",ROUND(G1795-I1795,2))	=IF(J1795="","",ROUND(H1795-J1795,2))
Invitation Homes	12582 E 100Th Ave			80022	=IFERROR(INDEX(zips!$B:$B,MATCH(E1796,zips!$A:$A,0)),"")	=IFERROR(INDEX(zips!$E:$E,MATCH(E1796,zips!$A:$A,0)),"")	=IF(OR(F1796="",G1796=""),"",100*SUMIFS(zips!$C:$C,zips!$B:$B,F1796,zips!$E:$E,"<"&G1796)/SUMIFS(zips!$C:$C,zips!$B:$B,F1796,zips!$E:$E,">0"))	748.6424	11.1897	=IF(I1796="","",ROUND(G1796-I1796,2))	=IF(J1796="","",ROUND(H1796-J1796,2))
Invitation Homes	12610 E 100Th Ave			80022	=IFERROR(INDEX(zips!$B:$B,MATCH(E1797,zips!$A:$A,0)),"")	=IFERROR(INDEX(zips!$E:$E,MATCH(E1797,zips!$A:$A,0)),"")	=IF(OR(F1797="",G1797=""),"",100*SUMIFS(zips!$C:$C,zips!$B:$B,F1797,zips!$E:$E,"<"&G1797)/SUMIFS(zips!$C:$C,zips!$B:$B,F1797,zips!$E:$E,">0"))	748.6424	11.1897	=IF(I1797="","",ROUND(G1797-I1797,2))	=IF(J1797="","",ROUND(H1797-J1797,2))
Invitation Homes	12593 E 101St Dr			80022	=IFERROR(INDEX(zips!$B:$B,MATCH(E1798,zips!$A:$A,0)),"")	=IFERROR(INDEX(zips!$E:$E,MATCH(E1798,zips!$A:$A,0)),"")	=IF(OR(F1798="",G1798=""),"",100*SUMIFS(zips!$C:$C,zips!$B:$B,F1798,zips!$E:$E,"<"&G1798)/SUMIFS(zips!$C:$C,zips!$B:$B,F1798,zips!$E:$E,">0"))	748.6424	11.1897	=IF(I1798="","",ROUND(G1798-I1798,2))	=IF(J1798="","",ROUND(H1798-J1798,2))
Invitation Homes	12603 E 101St Dr			80022	=IFERROR(INDEX(zips!$B:$B,MATCH(E1799,zips!$A:$A,0)),"")	=IFERROR(INDEX(zips!$E:$E,MATCH(E1799,zips!$A:$A,0)),"")	=IF(OR(F1799="",G1799=""),"",100*SUMIFS(zips!$C:$C,zips!$B:$B,F1799,zips!$E:$E,"<"&G1799)/SUMIFS(zips!$C:$C,zips!$B:$B,F1799,zips!$E:$E,">0"))	748.6424	11.1897	=IF(I1799="","",ROUND(G1799-I1799,2))	=IF(J1799="","",ROUND(H1799-J1799,2))
Invitation Homes	12623 E 101St Dr			80022	=IFERROR(INDEX(zips!$B:$B,MATCH(E1800,zips!$A:$A,0)),"")	=IFERROR(INDEX(zips!$E:$E,MATCH(E1800,zips!$A:$A,0)),"")	=IF(OR(F1800="",G1800=""),"",100*SUMIFS(zips!$C:$C,zips!$B:$B,F1800,zips!$E:$E,"<"&G1800)/SUMIFS(zips!$C:$C,zips!$B:$B,F1800,zips!$E:$E,">0"))	748.6424	11.1897	=IF(I1800="","",ROUND(G1800-I1800,2))	=IF(J1800="","",ROUND(H1800-J1800,2))
Invitation Homes	12605 E 101St Dr			80022	=IFERROR(INDEX(zips!$B:$B,MATCH(E1801,zips!$A:$A,0)),"")	=IFERROR(INDEX(zips!$E:$E,MATCH(E1801,zips!$A:$A,0)),"")	=IF(OR(F1801="",G1801=""),"",100*SUMIFS(zips!$C:$C,zips!$B:$B,F1801,zips!$E:$E,"<"&G1801)/SUMIFS(zips!$C:$C,zips!$B:$B,F1801,zips!$E:$E,">0"))	748.6424	11.1897	=IF(I1801="","",ROUND(G1801-I1801,2))	=IF(J1801="","",ROUND(H1801-J1801,2))
Invitation Homes	12625 E 101St Dr			80022	=IFERROR(INDEX(zips!$B:$B,MATCH(E1802,zips!$A:$A,0)),"")	=IFERROR(INDEX(zips!$E:$E,MATCH(E1802,zips!$A:$A,0)),"")	=IF(OR(F1802="",G1802=""),"",100*SUMIFS(zips!$C:$C,zips!$B:$B,F1802,zips!$E:$E,"<"&G1802)/SUMIFS(zips!$C:$C,zips!$B:$B,F1802,zips!$E:$E,">0"))	748.6424	11.1897	=IF(I1802="","",ROUND(G1802-I1802,2))	=IF(J1802="","",ROUND(H1802-J1802,2))
Invitation Homes	12635 E 101St Dr			80022	=IFERROR(INDEX(zips!$B:$B,MATCH(E1803,zips!$A:$A,0)),"")	=IFERROR(INDEX(zips!$E:$E,MATCH(E1803,zips!$A:$A,0)),"")	=IF(OR(F1803="",G1803=""),"",100*SUMIFS(zips!$C:$C,zips!$B:$B,F1803,zips!$E:$E,"<"&G1803)/SUMIFS(zips!$C:$C,zips!$B:$B,F1803,zips!$E:$E,">0"))	748.6424	11.1897	=IF(I1803="","",ROUND(G1803-I1803,2))	=IF(J1803="","",ROUND(H1803-J1803,2))
Invitation Homes	13499 E 103Rd Pl			80022	=IFERROR(INDEX(zips!$B:$B,MATCH(E1804,zips!$A:$A,0)),"")	=IFERROR(INDEX(zips!$E:$E,MATCH(E1804,zips!$A:$A,0)),"")	=IF(OR(F1804="",G1804=""),"",100*SUMIFS(zips!$C:$C,zips!$B:$B,F1804,zips!$E:$E,"<"&G1804)/SUMIFS(zips!$C:$C,zips!$B:$B,F1804,zips!$E:$E,">0"))	748.6424	11.1897	=IF(I1804="","",ROUND(G1804-I1804,2))	=IF(J1804="","",ROUND(H1804-J1804,2))
Invitation Homes	13551 E 103Rd Pl			80022	=IFERROR(INDEX(zips!$B:$B,MATCH(E1805,zips!$A:$A,0)),"")	=IFERROR(INDEX(zips!$E:$E,MATCH(E1805,zips!$A:$A,0)),"")	=IF(OR(F1805="",G1805=""),"",100*SUMIFS(zips!$C:$C,zips!$B:$B,F1805,zips!$E:$E,"<"&G1805)/SUMIFS(zips!$C:$C,zips!$B:$B,F1805,zips!$E:$E,">0"))	748.6424	11.1897	=IF(I1805="","",ROUND(G1805-I1805,2))	=IF(J1805="","",ROUND(H1805-J1805,2))
Invitation Homes	15835 E 97Th Ave			80022	=IFERROR(INDEX(zips!$B:$B,MATCH(E1806,zips!$A:$A,0)),"")	=IFERROR(INDEX(zips!$E:$E,MATCH(E1806,zips!$A:$A,0)),"")	=IF(OR(F1806="",G1806=""),"",100*SUMIFS(zips!$C:$C,zips!$B:$B,F1806,zips!$E:$E,"<"&G1806)/SUMIFS(zips!$C:$C,zips!$B:$B,F1806,zips!$E:$E,">0"))	748.6424	11.1897	=IF(I1806="","",ROUND(G1806-I1806,2))	=IF(J1806="","",ROUND(H1806-J1806,2))
Invitation Homes	9475 Yampa St			80022	=IFERROR(INDEX(zips!$B:$B,MATCH(E1807,zips!$A:$A,0)),"")	=IFERROR(INDEX(zips!$E:$E,MATCH(E1807,zips!$A:$A,0)),"")	=IF(OR(F1807="",G1807=""),"",100*SUMIFS(zips!$C:$C,zips!$B:$B,F1807,zips!$E:$E,"<"&G1807)/SUMIFS(zips!$C:$C,zips!$B:$B,F1807,zips!$E:$E,">0"))	748.6424	11.1897	=IF(I1807="","",ROUND(G1807-I1807,2))	=IF(J1807="","",ROUND(H1807-J1807,2))
Invitation Homes	9421 Yampa St			80022	=IFERROR(INDEX(zips!$B:$B,MATCH(E1808,zips!$A:$A,0)),"")	=IFERROR(INDEX(zips!$E:$E,MATCH(E1808,zips!$A:$A,0)),"")	=IF(OR(F1808="",G1808=""),"",100*SUMIFS(zips!$C:$C,zips!$B:$B,F1808,zips!$E:$E,"<"&G1808)/SUMIFS(zips!$C:$C,zips!$B:$B,F1808,zips!$E:$E,">0"))	748.6424	11.1897	=IF(I1808="","",ROUND(G1808-I1808,2))	=IF(J1808="","",ROUND(H1808-J1808,2))
Invitation Homes	9446 Yampa Ct			80022	=IFERROR(INDEX(zips!$B:$B,MATCH(E1809,zips!$A:$A,0)),"")	=IFERROR(INDEX(zips!$E:$E,MATCH(E1809,zips!$A:$A,0)),"")	=IF(OR(F1809="",G1809=""),"",100*SUMIFS(zips!$C:$C,zips!$B:$B,F1809,zips!$E:$E,"<"&G1809)/SUMIFS(zips!$C:$C,zips!$B:$B,F1809,zips!$E:$E,">0"))	748.6424	11.1897	=IF(I1809="","",ROUND(G1809-I1809,2))	=IF(J1809="","",ROUND(H1809-J1809,2))
Invitation Homes	13581 Sheridan Blvd			80020	=IFERROR(INDEX(zips!$B:$B,MATCH(E1810,zips!$A:$A,0)),"")	=IFERROR(INDEX(zips!$E:$E,MATCH(E1810,zips!$A:$A,0)),"")	=IF(OR(F1810="",G1810=""),"",100*SUMIFS(zips!$C:$C,zips!$B:$B,F1810,zips!$E:$E,"<"&G1810)/SUMIFS(zips!$C:$C,zips!$B:$B,F1810,zips!$E:$E,">0"))	2711.1707	34.638	=IF(I1810="","",ROUND(G1810-I1810,2))	=IF(J1810="","",ROUND(H1810-J1810,2))
Invitation Homes	2594 W 134Th Circle			80020	=IFERROR(INDEX(zips!$B:$B,MATCH(E1811,zips!$A:$A,0)),"")	=IFERROR(INDEX(zips!$E:$E,MATCH(E1811,zips!$A:$A,0)),"")	=IF(OR(F1811="",G1811=""),"",100*SUMIFS(zips!$C:$C,zips!$B:$B,F1811,zips!$E:$E,"<"&G1811)/SUMIFS(zips!$C:$C,zips!$B:$B,F1811,zips!$E:$E,">0"))	2711.1707	34.638	=IF(I1811="","",ROUND(G1811-I1811,2))	=IF(J1811="","",ROUND(H1811-J1811,2))
Invitation Homes	1310 W 133Rd Cir			80234	=IFERROR(INDEX(zips!$B:$B,MATCH(E1812,zips!$A:$A,0)),"")	=IFERROR(INDEX(zips!$E:$E,MATCH(E1812,zips!$A:$A,0)),"")	=IF(OR(F1812="",G1812=""),"",100*SUMIFS(zips!$C:$C,zips!$B:$B,F1812,zips!$E:$E,"<"&G1812)/SUMIFS(zips!$C:$C,zips!$B:$B,F1812,zips!$E:$E,">0"))	4198.9209	52.9425	=IF(I1812="","",ROUND(G1812-I1812,2))	=IF(J1812="","",ROUND(H1812-J1812,2))
Invitation Homes	13544 Pecos St			80234	=IFERROR(INDEX(zips!$B:$B,MATCH(E1813,zips!$A:$A,0)),"")	=IFERROR(INDEX(zips!$E:$E,MATCH(E1813,zips!$A:$A,0)),"")	=IF(OR(F1813="",G1813=""),"",100*SUMIFS(zips!$C:$C,zips!$B:$B,F1813,zips!$E:$E,"<"&G1813)/SUMIFS(zips!$C:$C,zips!$B:$B,F1813,zips!$E:$E,">0"))	4198.9209	52.9425	=IF(I1813="","",ROUND(G1813-I1813,2))	=IF(J1813="","",ROUND(H1813-J1813,2))
Invitation Homes	1240 W 135Th Dr			80234	=IFERROR(INDEX(zips!$B:$B,MATCH(E1814,zips!$A:$A,0)),"")	=IFERROR(INDEX(zips!$E:$E,MATCH(E1814,zips!$A:$A,0)),"")	=IF(OR(F1814="",G1814=""),"",100*SUMIFS(zips!$C:$C,zips!$B:$B,F1814,zips!$E:$E,"<"&G1814)/SUMIFS(zips!$C:$C,zips!$B:$B,F1814,zips!$E:$E,">0"))	4198.9209	52.9425	=IF(I1814="","",ROUND(G1814-I1814,2))	=IF(J1814="","",ROUND(H1814-J1814,2))
Invitation Homes	2676 E 117Th Way			80233	=IFERROR(INDEX(zips!$B:$B,MATCH(E1815,zips!$A:$A,0)),"")	=IFERROR(INDEX(zips!$E:$E,MATCH(E1815,zips!$A:$A,0)),"")	=IF(OR(F1815="",G1815=""),"",100*SUMIFS(zips!$C:$C,zips!$B:$B,F1815,zips!$E:$E,"<"&G1815)/SUMIFS(zips!$C:$C,zips!$B:$B,F1815,zips!$E:$E,">0"))	5216.8016	68.0733	=IF(I1815="","",ROUND(G1815-I1815,2))	=IF(J1815="","",ROUND(H1815-J1815,2))
Invitation Homes	3535 E 123Rd Avenue			80241	=IFERROR(INDEX(zips!$B:$B,MATCH(E1816,zips!$A:$A,0)),"")	=IFERROR(INDEX(zips!$E:$E,MATCH(E1816,zips!$A:$A,0)),"")	=IF(OR(F1816="",G1816=""),"",100*SUMIFS(zips!$C:$C,zips!$B:$B,F1816,zips!$E:$E,"<"&G1816)/SUMIFS(zips!$C:$C,zips!$B:$B,F1816,zips!$E:$E,">0"))	5078.7833	66.9477	=IF(I1816="","",ROUND(G1816-I1816,2))	=IF(J1816="","",ROUND(H1816-J1816,2))
Invitation Homes	1575 Brimble Dr			80516	=IFERROR(INDEX(zips!$B:$B,MATCH(E1817,zips!$A:$A,0)),"")	=IFERROR(INDEX(zips!$E:$E,MATCH(E1817,zips!$A:$A,0)),"")	=IF(OR(F1817="",G1817=""),"",100*SUMIFS(zips!$C:$C,zips!$B:$B,F1817,zips!$E:$E,"<"&G1817)/SUMIFS(zips!$C:$C,zips!$B:$B,F1817,zips!$E:$E,">0"))	917.2414	67.5422	=IF(I1817="","",ROUND(G1817-I1817,2))	=IF(J1817="","",ROUND(H1817-J1817,2))
Invitation Homes	11762 Albion St			80233	=IFERROR(INDEX(zips!$B:$B,MATCH(E1818,zips!$A:$A,0)),"")	=IFERROR(INDEX(zips!$E:$E,MATCH(E1818,zips!$A:$A,0)),"")	=IF(OR(F1818="",G1818=""),"",100*SUMIFS(zips!$C:$C,zips!$B:$B,F1818,zips!$E:$E,"<"&G1818)/SUMIFS(zips!$C:$C,zips!$B:$B,F1818,zips!$E:$E,">0"))	5216.8016	68.0733	=IF(I1818="","",ROUND(G1818-I1818,2))	=IF(J1818="","",ROUND(H1818-J1818,2))
Invitation Homes	12193 Monaco Dr			80602	=IFERROR(INDEX(zips!$B:$B,MATCH(E1819,zips!$A:$A,0)),"")	=IFERROR(INDEX(zips!$E:$E,MATCH(E1819,zips!$A:$A,0)),"")	=IF(OR(F1819="",G1819=""),"",100*SUMIFS(zips!$C:$C,zips!$B:$B,F1819,zips!$E:$E,"<"&G1819)/SUMIFS(zips!$C:$C,zips!$B:$B,F1819,zips!$E:$E,">0"))	1373.5163	21.2796	=IF(I1819="","",ROUND(G1819-I1819,2))	=IF(J1819="","",ROUND(H1819-J1819,2))
Invitation Homes	15130 E 116Th Dr			80603	=IFERROR(INDEX(zips!$B:$B,MATCH(E1820,zips!$A:$A,0)),"")	=IFERROR(INDEX(zips!$E:$E,MATCH(E1820,zips!$A:$A,0)),"")	=IF(OR(F1820="",G1820=""),"",100*SUMIFS(zips!$C:$C,zips!$B:$B,F1820,zips!$E:$E,"<"&G1820)/SUMIFS(zips!$C:$C,zips!$B:$B,F1820,zips!$E:$E,">0"))	217.4089	13.5566	=IF(I1820="","",ROUND(G1820-I1820,2))	=IF(J1820="","",ROUND(H1820-J1820,2))
Invitation Homes	1320 Bluebird St			80601	=IFERROR(INDEX(zips!$B:$B,MATCH(E1821,zips!$A:$A,0)),"")	=IFERROR(INDEX(zips!$E:$E,MATCH(E1821,zips!$A:$A,0)),"")	=IF(OR(F1821="",G1821=""),"",100*SUMIFS(zips!$C:$C,zips!$B:$B,F1821,zips!$E:$E,"<"&G1821)/SUMIFS(zips!$C:$C,zips!$B:$B,F1821,zips!$E:$E,">0"))	1575.2317	23.5952	=IF(I1821="","",ROUND(G1821-I1821,2))	=IF(J1821="","",ROUND(H1821-J1821,2))
Invitation Homes	1465 Hummingbird Cir			80601	=IFERROR(INDEX(zips!$B:$B,MATCH(E1822,zips!$A:$A,0)),"")	=IFERROR(INDEX(zips!$E:$E,MATCH(E1822,zips!$A:$A,0)),"")	=IF(OR(F1822="",G1822=""),"",100*SUMIFS(zips!$C:$C,zips!$B:$B,F1822,zips!$E:$E,"<"&G1822)/SUMIFS(zips!$C:$C,zips!$B:$B,F1822,zips!$E:$E,">0"))	1575.2317	23.5952	=IF(I1822="","",ROUND(G1822-I1822,2))	=IF(J1822="","",ROUND(H1822-J1822,2))
Invitation Homes	1496 Goldeneye Lane			80601	=IFERROR(INDEX(zips!$B:$B,MATCH(E1823,zips!$A:$A,0)),"")	=IFERROR(INDEX(zips!$E:$E,MATCH(E1823,zips!$A:$A,0)),"")	=IF(OR(F1823="",G1823=""),"",100*SUMIFS(zips!$C:$C,zips!$B:$B,F1823,zips!$E:$E,"<"&G1823)/SUMIFS(zips!$C:$C,zips!$B:$B,F1823,zips!$E:$E,">0"))	1575.2317	23.5952	=IF(I1823="","",ROUND(G1823-I1823,2))	=IF(J1823="","",ROUND(H1823-J1823,2))
Invitation Homes	856 S 9Th Avenue			80601	=IFERROR(INDEX(zips!$B:$B,MATCH(E1824,zips!$A:$A,0)),"")	=IFERROR(INDEX(zips!$E:$E,MATCH(E1824,zips!$A:$A,0)),"")	=IF(OR(F1824="",G1824=""),"",100*SUMIFS(zips!$C:$C,zips!$B:$B,F1824,zips!$E:$E,"<"&G1824)/SUMIFS(zips!$C:$C,zips!$B:$B,F1824,zips!$E:$E,">0"))	1575.2317	23.5952	=IF(I1824="","",ROUND(G1824-I1824,2))	=IF(J1824="","",ROUND(H1824-J1824,2))
Invitation Homes	21501 E Aberdeen Dr			80015	=IFERROR(INDEX(zips!$B:$B,MATCH(E1825,zips!$A:$A,0)),"")	=IFERROR(INDEX(zips!$E:$E,MATCH(E1825,zips!$A:$A,0)),"")	=IF(OR(F1825="",G1825=""),"",100*SUMIFS(zips!$C:$C,zips!$B:$B,F1825,zips!$E:$E,"<"&G1825)/SUMIFS(zips!$C:$C,zips!$B:$B,F1825,zips!$E:$E,">0"))	4436.2127	58.9758	=IF(I1825="","",ROUND(G1825-I1825,2))	=IF(J1825="","",ROUND(H1825-J1825,2))
Invitation Homes	5829 S Perth Pl			80015	=IFERROR(INDEX(zips!$B:$B,MATCH(E1826,zips!$A:$A,0)),"")	=IFERROR(INDEX(zips!$E:$E,MATCH(E1826,zips!$A:$A,0)),"")	=IF(OR(F1826="",G1826=""),"",100*SUMIFS(zips!$C:$C,zips!$B:$B,F1826,zips!$E:$E,"<"&G1826)/SUMIFS(zips!$C:$C,zips!$B:$B,F1826,zips!$E:$E,">0"))	4436.2127	58.9758	=IF(I1826="","",ROUND(G1826-I1826,2))	=IF(J1826="","",ROUND(H1826-J1826,2))
Invitation Homes	5305 S Jericho St			80015	=IFERROR(INDEX(zips!$B:$B,MATCH(E1827,zips!$A:$A,0)),"")	=IFERROR(INDEX(zips!$E:$E,MATCH(E1827,zips!$A:$A,0)),"")	=IF(OR(F1827="",G1827=""),"",100*SUMIFS(zips!$C:$C,zips!$B:$B,F1827,zips!$E:$E,"<"&G1827)/SUMIFS(zips!$C:$C,zips!$B:$B,F1827,zips!$E:$E,">0"))	4436.2127	58.9758	=IF(I1827="","",ROUND(G1827-I1827,2))	=IF(J1827="","",ROUND(H1827-J1827,2))
Invitation Homes	20166 E Belleview Ln			80015	=IFERROR(INDEX(zips!$B:$B,MATCH(E1828,zips!$A:$A,0)),"")	=IFERROR(INDEX(zips!$E:$E,MATCH(E1828,zips!$A:$A,0)),"")	=IF(OR(F1828="",G1828=""),"",100*SUMIFS(zips!$C:$C,zips!$B:$B,F1828,zips!$E:$E,"<"&G1828)/SUMIFS(zips!$C:$C,zips!$B:$B,F1828,zips!$E:$E,">0"))	4436.2127	58.9758	=IF(I1828="","",ROUND(G1828-I1828,2))	=IF(J1828="","",ROUND(H1828-J1828,2))
Invitation Homes	4070 S Espana Way			80013	=IFERROR(INDEX(zips!$B:$B,MATCH(E1829,zips!$A:$A,0)),"")	=IFERROR(INDEX(zips!$E:$E,MATCH(E1829,zips!$A:$A,0)),"")	=IF(OR(F1829="",G1829=""),"",100*SUMIFS(zips!$C:$C,zips!$B:$B,F1829,zips!$E:$E,"<"&G1829)/SUMIFS(zips!$C:$C,zips!$B:$B,F1829,zips!$E:$E,">0"))	5358.2849	70.2607	=IF(I1829="","",ROUND(G1829-I1829,2))	=IF(J1829="","",ROUND(H1829-J1829,2))
Invitation Homes	20129 E Doane Dr			80013	=IFERROR(INDEX(zips!$B:$B,MATCH(E1830,zips!$A:$A,0)),"")	=IFERROR(INDEX(zips!$E:$E,MATCH(E1830,zips!$A:$A,0)),"")	=IF(OR(F1830="",G1830=""),"",100*SUMIFS(zips!$C:$C,zips!$B:$B,F1830,zips!$E:$E,"<"&G1830)/SUMIFS(zips!$C:$C,zips!$B:$B,F1830,zips!$E:$E,">0"))	5358.2849	70.2607	=IF(I1830="","",ROUND(G1830-I1830,2))	=IF(J1830="","",ROUND(H1830-J1830,2))
Invitation Homes	3875 S Quemoy Ct			80018	=IFERROR(INDEX(zips!$B:$B,MATCH(E1831,zips!$A:$A,0)),"")	=IFERROR(INDEX(zips!$E:$E,MATCH(E1831,zips!$A:$A,0)),"")	=IF(OR(F1831="",G1831=""),"",100*SUMIFS(zips!$C:$C,zips!$B:$B,F1831,zips!$E:$E,"<"&G1831)/SUMIFS(zips!$C:$C,zips!$B:$B,F1831,zips!$E:$E,">0"))	484.1299	6.058	=IF(I1831="","",ROUND(G1831-I1831,2))	=IF(J1831="","",ROUND(H1831-J1831,2))
Invitation Homes	2851 S Genoa St			80013	=IFERROR(INDEX(zips!$B:$B,MATCH(E1832,zips!$A:$A,0)),"")	=IFERROR(INDEX(zips!$E:$E,MATCH(E1832,zips!$A:$A,0)),"")	=IF(OR(F1832="",G1832=""),"",100*SUMIFS(zips!$C:$C,zips!$B:$B,F1832,zips!$E:$E,"<"&G1832)/SUMIFS(zips!$C:$C,zips!$B:$B,F1832,zips!$E:$E,">0"))	5358.2849	70.2607	=IF(I1832="","",ROUND(G1832-I1832,2))	=IF(J1832="","",ROUND(H1832-J1832,2))
Invitation Homes	1884 S Elk Way			80018	=IFERROR(INDEX(zips!$B:$B,MATCH(E1833,zips!$A:$A,0)),"")	=IFERROR(INDEX(zips!$E:$E,MATCH(E1833,zips!$A:$A,0)),"")	=IF(OR(F1833="",G1833=""),"",100*SUMIFS(zips!$C:$C,zips!$B:$B,F1833,zips!$E:$E,"<"&G1833)/SUMIFS(zips!$C:$C,zips!$B:$B,F1833,zips!$E:$E,">0"))	484.1299	6.058	=IF(I1833="","",ROUND(G1833-I1833,2))	=IF(J1833="","",ROUND(H1833-J1833,2))
Invitation Homes	1868 S Flat Rock Way			80018	=IFERROR(INDEX(zips!$B:$B,MATCH(E1834,zips!$A:$A,0)),"")	=IFERROR(INDEX(zips!$E:$E,MATCH(E1834,zips!$A:$A,0)),"")	=IF(OR(F1834="",G1834=""),"",100*SUMIFS(zips!$C:$C,zips!$B:$B,F1834,zips!$E:$E,"<"&G1834)/SUMIFS(zips!$C:$C,zips!$B:$B,F1834,zips!$E:$E,">0"))	484.1299	6.058	=IF(I1834="","",ROUND(G1834-I1834,2))	=IF(J1834="","",ROUND(H1834-J1834,2))
Invitation Homes	1689 S Espana Way			80017	=IFERROR(INDEX(zips!$B:$B,MATCH(E1835,zips!$A:$A,0)),"")	=IFERROR(INDEX(zips!$E:$E,MATCH(E1835,zips!$A:$A,0)),"")	=IF(OR(F1835="",G1835=""),"",100*SUMIFS(zips!$C:$C,zips!$B:$B,F1835,zips!$E:$E,"<"&G1835)/SUMIFS(zips!$C:$C,zips!$B:$B,F1835,zips!$E:$E,">0"))	4314.7158	56.6501	=IF(I1835="","",ROUND(G1835-I1835,2))	=IF(J1835="","",ROUND(H1835-J1835,2))
Invitation Homes	1736 S Elk Way			80018	=IFERROR(INDEX(zips!$B:$B,MATCH(E1836,zips!$A:$A,0)),"")	=IFERROR(INDEX(zips!$E:$E,MATCH(E1836,zips!$A:$A,0)),"")	=IF(OR(F1836="",G1836=""),"",100*SUMIFS(zips!$C:$C,zips!$B:$B,F1836,zips!$E:$E,"<"&G1836)/SUMIFS(zips!$C:$C,zips!$B:$B,F1836,zips!$E:$E,">0"))	484.1299	6.058	=IF(I1836="","",ROUND(G1836-I1836,2))	=IF(J1836="","",ROUND(H1836-J1836,2))
Invitation Homes	1728 S Elk Way			80018	=IFERROR(INDEX(zips!$B:$B,MATCH(E1837,zips!$A:$A,0)),"")	=IFERROR(INDEX(zips!$E:$E,MATCH(E1837,zips!$A:$A,0)),"")	=IF(OR(F1837="",G1837=""),"",100*SUMIFS(zips!$C:$C,zips!$B:$B,F1837,zips!$E:$E,"<"&G1837)/SUMIFS(zips!$C:$C,zips!$B:$B,F1837,zips!$E:$E,">0"))	484.1299	6.058	=IF(I1837="","",ROUND(G1837-I1837,2))	=IF(J1837="","",ROUND(H1837-J1837,2))
Invitation Homes	1867 S Elk Way			80018	=IFERROR(INDEX(zips!$B:$B,MATCH(E1838,zips!$A:$A,0)),"")	=IFERROR(INDEX(zips!$E:$E,MATCH(E1838,zips!$A:$A,0)),"")	=IF(OR(F1838="",G1838=""),"",100*SUMIFS(zips!$C:$C,zips!$B:$B,F1838,zips!$E:$E,"<"&G1838)/SUMIFS(zips!$C:$C,zips!$B:$B,F1838,zips!$E:$E,">0"))	484.1299	6.058	=IF(I1838="","",ROUND(G1838-I1838,2))	=IF(J1838="","",ROUND(H1838-J1838,2))
Invitation Homes	1880 S Elk Way			80018	=IFERROR(INDEX(zips!$B:$B,MATCH(E1839,zips!$A:$A,0)),"")	=IFERROR(INDEX(zips!$E:$E,MATCH(E1839,zips!$A:$A,0)),"")	=IF(OR(F1839="",G1839=""),"",100*SUMIFS(zips!$C:$C,zips!$B:$B,F1839,zips!$E:$E,"<"&G1839)/SUMIFS(zips!$C:$C,zips!$B:$B,F1839,zips!$E:$E,">0"))	484.1299	6.058	=IF(I1839="","",ROUND(G1839-I1839,2))	=IF(J1839="","",ROUND(H1839-J1839,2))
Invitation Homes	1807 S Eaton Park Way			80018	=IFERROR(INDEX(zips!$B:$B,MATCH(E1840,zips!$A:$A,0)),"")	=IFERROR(INDEX(zips!$E:$E,MATCH(E1840,zips!$A:$A,0)),"")	=IF(OR(F1840="",G1840=""),"",100*SUMIFS(zips!$C:$C,zips!$B:$B,F1840,zips!$E:$E,"<"&G1840)/SUMIFS(zips!$C:$C,zips!$B:$B,F1840,zips!$E:$E,">0"))	484.1299	6.058	=IF(I1840="","",ROUND(G1840-I1840,2))	=IF(J1840="","",ROUND(H1840-J1840,2))
Invitation Homes	24304 E Montana Ave			80018	=IFERROR(INDEX(zips!$B:$B,MATCH(E1841,zips!$A:$A,0)),"")	=IFERROR(INDEX(zips!$E:$E,MATCH(E1841,zips!$A:$A,0)),"")	=IF(OR(F1841="",G1841=""),"",100*SUMIFS(zips!$C:$C,zips!$B:$B,F1841,zips!$E:$E,"<"&G1841)/SUMIFS(zips!$C:$C,zips!$B:$B,F1841,zips!$E:$E,">0"))	484.1299	6.058	=IF(I1841="","",ROUND(G1841-I1841,2))	=IF(J1841="","",ROUND(H1841-J1841,2))
Invitation Homes	24340 E Colorado Ave			80018	=IFERROR(INDEX(zips!$B:$B,MATCH(E1842,zips!$A:$A,0)),"")	=IFERROR(INDEX(zips!$E:$E,MATCH(E1842,zips!$A:$A,0)),"")	=IF(OR(F1842="",G1842=""),"",100*SUMIFS(zips!$C:$C,zips!$B:$B,F1842,zips!$E:$E,"<"&G1842)/SUMIFS(zips!$C:$C,zips!$B:$B,F1842,zips!$E:$E,">0"))	484.1299	6.058	=IF(I1842="","",ROUND(G1842-I1842,2))	=IF(J1842="","",ROUND(H1842-J1842,2))
Invitation Homes	24350 E Colorado Ave			80018	=IFERROR(INDEX(zips!$B:$B,MATCH(E1843,zips!$A:$A,0)),"")	=IFERROR(INDEX(zips!$E:$E,MATCH(E1843,zips!$A:$A,0)),"")	=IF(OR(F1843="",G1843=""),"",100*SUMIFS(zips!$C:$C,zips!$B:$B,F1843,zips!$E:$E,"<"&G1843)/SUMIFS(zips!$C:$C,zips!$B:$B,F1843,zips!$E:$E,">0"))	484.1299	6.058	=IF(I1843="","",ROUND(G1843-I1843,2))	=IF(J1843="","",ROUND(H1843-J1843,2))
Invitation Homes	1836 S Flat Rock Way			80018	=IFERROR(INDEX(zips!$B:$B,MATCH(E1844,zips!$A:$A,0)),"")	=IFERROR(INDEX(zips!$E:$E,MATCH(E1844,zips!$A:$A,0)),"")	=IF(OR(F1844="",G1844=""),"",100*SUMIFS(zips!$C:$C,zips!$B:$B,F1844,zips!$E:$E,"<"&G1844)/SUMIFS(zips!$C:$C,zips!$B:$B,F1844,zips!$E:$E,">0"))	484.1299	6.058	=IF(I1844="","",ROUND(G1844-I1844,2))	=IF(J1844="","",ROUND(H1844-J1844,2))
Invitation Homes	24375 E Montana Ave			80018	=IFERROR(INDEX(zips!$B:$B,MATCH(E1845,zips!$A:$A,0)),"")	=IFERROR(INDEX(zips!$E:$E,MATCH(E1845,zips!$A:$A,0)),"")	=IF(OR(F1845="",G1845=""),"",100*SUMIFS(zips!$C:$C,zips!$B:$B,F1845,zips!$E:$E,"<"&G1845)/SUMIFS(zips!$C:$C,zips!$B:$B,F1845,zips!$E:$E,">0"))	484.1299	6.058	=IF(I1845="","",ROUND(G1845-I1845,2))	=IF(J1845="","",ROUND(H1845-J1845,2))
Invitation Homes	24421 E Mexico Ave			80018	=IFERROR(INDEX(zips!$B:$B,MATCH(E1846,zips!$A:$A,0)),"")	=IFERROR(INDEX(zips!$E:$E,MATCH(E1846,zips!$A:$A,0)),"")	=IF(OR(F1846="",G1846=""),"",100*SUMIFS(zips!$C:$C,zips!$B:$B,F1846,zips!$E:$E,"<"&G1846)/SUMIFS(zips!$C:$C,zips!$B:$B,F1846,zips!$E:$E,">0"))	484.1299	6.058	=IF(I1846="","",ROUND(G1846-I1846,2))	=IF(J1846="","",ROUND(H1846-J1846,2))
Invitation Homes	24471 E Mexico Ave			80018	=IFERROR(INDEX(zips!$B:$B,MATCH(E1847,zips!$A:$A,0)),"")	=IFERROR(INDEX(zips!$E:$E,MATCH(E1847,zips!$A:$A,0)),"")	=IF(OR(F1847="",G1847=""),"",100*SUMIFS(zips!$C:$C,zips!$B:$B,F1847,zips!$E:$E,"<"&G1847)/SUMIFS(zips!$C:$C,zips!$B:$B,F1847,zips!$E:$E,">0"))	484.1299	6.058	=IF(I1847="","",ROUND(G1847-I1847,2))	=IF(J1847="","",ROUND(H1847-J1847,2))
Invitation Homes	298 S Trussville St			80018	=IFERROR(INDEX(zips!$B:$B,MATCH(E1848,zips!$A:$A,0)),"")	=IFERROR(INDEX(zips!$E:$E,MATCH(E1848,zips!$A:$A,0)),"")	=IF(OR(F1848="",G1848=""),"",100*SUMIFS(zips!$C:$C,zips!$B:$B,F1848,zips!$E:$E,"<"&G1848)/SUMIFS(zips!$C:$C,zips!$B:$B,F1848,zips!$E:$E,">0"))	484.1299	6.058	=IF(I1848="","",ROUND(G1848-I1848,2))	=IF(J1848="","",ROUND(H1848-J1848,2))
Invitation Homes	287 S Uriah St			80018	=IFERROR(INDEX(zips!$B:$B,MATCH(E1849,zips!$A:$A,0)),"")	=IFERROR(INDEX(zips!$E:$E,MATCH(E1849,zips!$A:$A,0)),"")	=IF(OR(F1849="",G1849=""),"",100*SUMIFS(zips!$C:$C,zips!$B:$B,F1849,zips!$E:$E,"<"&G1849)/SUMIFS(zips!$C:$C,zips!$B:$B,F1849,zips!$E:$E,">0"))	484.1299	6.058	=IF(I1849="","",ROUND(G1849-I1849,2))	=IF(J1849="","",ROUND(H1849-J1849,2))
Invitation Homes	236 S Trussville St			80018	=IFERROR(INDEX(zips!$B:$B,MATCH(E1850,zips!$A:$A,0)),"")	=IFERROR(INDEX(zips!$E:$E,MATCH(E1850,zips!$A:$A,0)),"")	=IF(OR(F1850="",G1850=""),"",100*SUMIFS(zips!$C:$C,zips!$B:$B,F1850,zips!$E:$E,"<"&G1850)/SUMIFS(zips!$C:$C,zips!$B:$B,F1850,zips!$E:$E,">0"))	484.1299	6.058	=IF(I1850="","",ROUND(G1850-I1850,2))	=IF(J1850="","",ROUND(H1850-J1850,2))
Invitation Homes	257 S Uriah St 49			80018	=IFERROR(INDEX(zips!$B:$B,MATCH(E1851,zips!$A:$A,0)),"")	=IFERROR(INDEX(zips!$E:$E,MATCH(E1851,zips!$A:$A,0)),"")	=IF(OR(F1851="",G1851=""),"",100*SUMIFS(zips!$C:$C,zips!$B:$B,F1851,zips!$E:$E,"<"&G1851)/SUMIFS(zips!$C:$C,zips!$B:$B,F1851,zips!$E:$E,">0"))	484.1299	6.058	=IF(I1851="","",ROUND(G1851-I1851,2))	=IF(J1851="","",ROUND(H1851-J1851,2))
Invitation Homes	227 S Uriah St			80018	=IFERROR(INDEX(zips!$B:$B,MATCH(E1852,zips!$A:$A,0)),"")	=IFERROR(INDEX(zips!$E:$E,MATCH(E1852,zips!$A:$A,0)),"")	=IF(OR(F1852="",G1852=""),"",100*SUMIFS(zips!$C:$C,zips!$B:$B,F1852,zips!$E:$E,"<"&G1852)/SUMIFS(zips!$C:$C,zips!$B:$B,F1852,zips!$E:$E,">0"))	484.1299	6.058	=IF(I1852="","",ROUND(G1852-I1852,2))	=IF(J1852="","",ROUND(H1852-J1852,2))
Invitation Homes	208 S Trussville St			80018	=IFERROR(INDEX(zips!$B:$B,MATCH(E1853,zips!$A:$A,0)),"")	=IFERROR(INDEX(zips!$E:$E,MATCH(E1853,zips!$A:$A,0)),"")	=IF(OR(F1853="",G1853=""),"",100*SUMIFS(zips!$C:$C,zips!$B:$B,F1853,zips!$E:$E,"<"&G1853)/SUMIFS(zips!$C:$C,zips!$B:$B,F1853,zips!$E:$E,">0"))	484.1299	6.058	=IF(I1853="","",ROUND(G1853-I1853,2))	=IF(J1853="","",ROUND(H1853-J1853,2))
Invitation Homes	1946 Ensenada Street			80011	=IFERROR(INDEX(zips!$B:$B,MATCH(E1854,zips!$A:$A,0)),"")	=IFERROR(INDEX(zips!$E:$E,MATCH(E1854,zips!$A:$A,0)),"")	=IF(OR(F1854="",G1854=""),"",100*SUMIFS(zips!$C:$C,zips!$B:$B,F1854,zips!$E:$E,"<"&G1854)/SUMIFS(zips!$C:$C,zips!$B:$B,F1854,zips!$E:$E,">0"))	2611.0839	32.8404	=IF(I1854="","",ROUND(G1854-I1854,2))	=IF(J1854="","",ROUND(H1854-J1854,2))
Invitation Homes	19192 E Chaffee Pl			80249	=IFERROR(INDEX(zips!$B:$B,MATCH(E1855,zips!$A:$A,0)),"")	=IFERROR(INDEX(zips!$E:$E,MATCH(E1855,zips!$A:$A,0)),"")	=IF(OR(F1855="",G1855=""),"",100*SUMIFS(zips!$C:$C,zips!$B:$B,F1855,zips!$E:$E,"<"&G1855)/SUMIFS(zips!$C:$C,zips!$B:$B,F1855,zips!$E:$E,">0"))	864.6273	13.197	=IF(I1855="","",ROUND(G1855-I1855,2))	=IF(J1855="","",ROUND(H1855-J1855,2))
Invitation Homes	4810 Flanders Way			80249	=IFERROR(INDEX(zips!$B:$B,MATCH(E1856,zips!$A:$A,0)),"")	=IFERROR(INDEX(zips!$E:$E,MATCH(E1856,zips!$A:$A,0)),"")	=IF(OR(F1856="",G1856=""),"",100*SUMIFS(zips!$C:$C,zips!$B:$B,F1856,zips!$E:$E,"<"&G1856)/SUMIFS(zips!$C:$C,zips!$B:$B,F1856,zips!$E:$E,">0"))	864.6273	13.197	=IF(I1856="","",ROUND(G1856-I1856,2))	=IF(J1856="","",ROUND(H1856-J1856,2))
Invitation Homes	19743 E 49Th Ave			80249	=IFERROR(INDEX(zips!$B:$B,MATCH(E1857,zips!$A:$A,0)),"")	=IFERROR(INDEX(zips!$E:$E,MATCH(E1857,zips!$A:$A,0)),"")	=IF(OR(F1857="",G1857=""),"",100*SUMIFS(zips!$C:$C,zips!$B:$B,F1857,zips!$E:$E,"<"&G1857)/SUMIFS(zips!$C:$C,zips!$B:$B,F1857,zips!$E:$E,">0"))	864.6273	13.197	=IF(I1857="","",ROUND(G1857-I1857,2))	=IF(J1857="","",ROUND(H1857-J1857,2))
Invitation Homes	21166 E 40Th Pl			80249	=IFERROR(INDEX(zips!$B:$B,MATCH(E1858,zips!$A:$A,0)),"")	=IFERROR(INDEX(zips!$E:$E,MATCH(E1858,zips!$A:$A,0)),"")	=IF(OR(F1858="",G1858=""),"",100*SUMIFS(zips!$C:$C,zips!$B:$B,F1858,zips!$E:$E,"<"&G1858)/SUMIFS(zips!$C:$C,zips!$B:$B,F1858,zips!$E:$E,">0"))	864.6273	13.197	=IF(I1858="","",ROUND(G1858-I1858,2))	=IF(J1858="","",ROUND(H1858-J1858,2))
Invitation Homes	4152 Malta St			80249	=IFERROR(INDEX(zips!$B:$B,MATCH(E1859,zips!$A:$A,0)),"")	=IFERROR(INDEX(zips!$E:$E,MATCH(E1859,zips!$A:$A,0)),"")	=IF(OR(F1859="",G1859=""),"",100*SUMIFS(zips!$C:$C,zips!$B:$B,F1859,zips!$E:$E,"<"&G1859)/SUMIFS(zips!$C:$C,zips!$B:$B,F1859,zips!$E:$E,">0"))	864.6273	13.197	=IF(I1859="","",ROUND(G1859-I1859,2))	=IF(J1859="","",ROUND(H1859-J1859,2))
Invitation Homes	3907 N Rome St			80019	=IFERROR(INDEX(zips!$B:$B,MATCH(E1860,zips!$A:$A,0)),"")	=IFERROR(INDEX(zips!$E:$E,MATCH(E1860,zips!$A:$A,0)),"")	=IF(OR(F1860="",G1860=""),"",100*SUMIFS(zips!$C:$C,zips!$B:$B,F1860,zips!$E:$E,"<"&G1860)/SUMIFS(zips!$C:$C,zips!$B:$B,F1860,zips!$E:$E,">0"))	218.8993	4.7815	=IF(I1860="","",ROUND(G1860-I1860,2))	=IF(J1860="","",ROUND(H1860-J1860,2))
Invitation Homes	4627 N Sicily Ct			80019	=IFERROR(INDEX(zips!$B:$B,MATCH(E1861,zips!$A:$A,0)),"")	=IFERROR(INDEX(zips!$E:$E,MATCH(E1861,zips!$A:$A,0)),"")	=IF(OR(F1861="",G1861=""),"",100*SUMIFS(zips!$C:$C,zips!$B:$B,F1861,zips!$E:$E,"<"&G1861)/SUMIFS(zips!$C:$C,zips!$B:$B,F1861,zips!$E:$E,">0"))	218.8993	4.7815	=IF(I1861="","",ROUND(G1861-I1861,2))	=IF(J1861="","",ROUND(H1861-J1861,2))
Invitation Homes	4363 Threshing Dr			80601	=IFERROR(INDEX(zips!$B:$B,MATCH(E1862,zips!$A:$A,0)),"")	=IFERROR(INDEX(zips!$E:$E,MATCH(E1862,zips!$A:$A,0)),"")	=IF(OR(F1862="",G1862=""),"",100*SUMIFS(zips!$C:$C,zips!$B:$B,F1862,zips!$E:$E,"<"&G1862)/SUMIFS(zips!$C:$C,zips!$B:$B,F1862,zips!$E:$E,">0"))	1575.2317	23.5952	=IF(I1862="","",ROUND(G1862-I1862,2))	=IF(J1862="","",ROUND(H1862-J1862,2))
Invitation Homes	838 Willow Dr			80603	=IFERROR(INDEX(zips!$B:$B,MATCH(E1863,zips!$A:$A,0)),"")	=IFERROR(INDEX(zips!$E:$E,MATCH(E1863,zips!$A:$A,0)),"")	=IF(OR(F1863="",G1863=""),"",100*SUMIFS(zips!$C:$C,zips!$B:$B,F1863,zips!$E:$E,"<"&G1863)/SUMIFS(zips!$C:$C,zips!$B:$B,F1863,zips!$E:$E,">0"))	217.4089	13.5566	=IF(I1863="","",ROUND(G1863-I1863,2))	=IF(J1863="","",ROUND(H1863-J1863,2))
Invitation Homes	3369 Streamwood Dr			80534	=IFERROR(INDEX(zips!$B:$B,MATCH(E1864,zips!$A:$A,0)),"")	=IFERROR(INDEX(zips!$E:$E,MATCH(E1864,zips!$A:$A,0)),"")	=IF(OR(F1864="",G1864=""),"",100*SUMIFS(zips!$C:$C,zips!$B:$B,F1864,zips!$E:$E,"<"&G1864)/SUMIFS(zips!$C:$C,zips!$B:$B,F1864,zips!$E:$E,">0"))	409.8722	19.9001	=IF(I1864="","",ROUND(G1864-I1864,2))	=IF(J1864="","",ROUND(H1864-J1864,2))
Invitation Homes	3374 Pearwood Dr			80534	=IFERROR(INDEX(zips!$B:$B,MATCH(E1865,zips!$A:$A,0)),"")	=IFERROR(INDEX(zips!$E:$E,MATCH(E1865,zips!$A:$A,0)),"")	=IF(OR(F1865="",G1865=""),"",100*SUMIFS(zips!$C:$C,zips!$B:$B,F1865,zips!$E:$E,"<"&G1865)/SUMIFS(zips!$C:$C,zips!$B:$B,F1865,zips!$E:$E,">0"))	409.8722	19.9001	=IF(I1865="","",ROUND(G1865-I1865,2))	=IF(J1865="","",ROUND(H1865-J1865,2))
Invitation Homes	3394 Pearwood Dr			80534	=IFERROR(INDEX(zips!$B:$B,MATCH(E1866,zips!$A:$A,0)),"")	=IFERROR(INDEX(zips!$E:$E,MATCH(E1866,zips!$A:$A,0)),"")	=IF(OR(F1866="",G1866=""),"",100*SUMIFS(zips!$C:$C,zips!$B:$B,F1866,zips!$E:$E,"<"&G1866)/SUMIFS(zips!$C:$C,zips!$B:$B,F1866,zips!$E:$E,">0"))	409.8722	19.9001	=IF(I1866="","",ROUND(G1866-I1866,2))	=IF(J1866="","",ROUND(H1866-J1866,2))
Invitation Homes	3337 Grenache St			80634	=IFERROR(INDEX(zips!$B:$B,MATCH(E1867,zips!$A:$A,0)),"")	=IFERROR(INDEX(zips!$E:$E,MATCH(E1867,zips!$A:$A,0)),"")	=IF(OR(F1867="",G1867=""),"",100*SUMIFS(zips!$C:$C,zips!$B:$B,F1867,zips!$E:$E,"<"&G1867)/SUMIFS(zips!$C:$C,zips!$B:$B,F1867,zips!$E:$E,">0"))	1658.3947	77.0385	=IF(I1867="","",ROUND(G1867-I1867,2))	=IF(J1867="","",ROUND(H1867-J1867,2))
Invitation Homes	1374 56Th Ave			80634	=IFERROR(INDEX(zips!$B:$B,MATCH(E1868,zips!$A:$A,0)),"")	=IFERROR(INDEX(zips!$E:$E,MATCH(E1868,zips!$A:$A,0)),"")	=IF(OR(F1868="",G1868=""),"",100*SUMIFS(zips!$C:$C,zips!$B:$B,F1868,zips!$E:$E,"<"&G1868)/SUMIFS(zips!$C:$C,zips!$B:$B,F1868,zips!$E:$E,">0"))	1658.3947	77.0385	=IF(I1868="","",ROUND(G1868-I1868,2))	=IF(J1868="","",ROUND(H1868-J1868,2))
Invitation Homes	997 Cascade Falls St			80550	=IFERROR(INDEX(zips!$B:$B,MATCH(E1869,zips!$A:$A,0)),"")	=IFERROR(INDEX(zips!$E:$E,MATCH(E1869,zips!$A:$A,0)),"")	=IF(OR(F1869="",G1869=""),"",100*SUMIFS(zips!$C:$C,zips!$B:$B,F1869,zips!$E:$E,"<"&G1869)/SUMIFS(zips!$C:$C,zips!$B:$B,F1869,zips!$E:$E,">0"))	843.6153	56.5179	=IF(I1869="","",ROUND(G1869-I1869,2))	=IF(J1869="","",ROUND(H1869-J1869,2))
Invitation Homes	316 Central Ave			80550	=IFERROR(INDEX(zips!$B:$B,MATCH(E1870,zips!$A:$A,0)),"")	=IFERROR(INDEX(zips!$E:$E,MATCH(E1870,zips!$A:$A,0)),"")	=IF(OR(F1870="",G1870=""),"",100*SUMIFS(zips!$C:$C,zips!$B:$B,F1870,zips!$E:$E,"<"&G1870)/SUMIFS(zips!$C:$C,zips!$B:$B,F1870,zips!$E:$E,">0"))	843.6153	56.5179	=IF(I1870="","",ROUND(G1870-I1870,2))	=IF(J1870="","",ROUND(H1870-J1870,2))
Invitation Homes	1776 Emerson Ct			55318	=IFERROR(INDEX(zips!$B:$B,MATCH(E1871,zips!$A:$A,0)),"")	=IFERROR(INDEX(zips!$E:$E,MATCH(E1871,zips!$A:$A,0)),"")	=IF(OR(F1871="",G1871=""),"",100*SUMIFS(zips!$C:$C,zips!$B:$B,F1871,zips!$E:$E,"<"&G1871)/SUMIFS(zips!$C:$C,zips!$B:$B,F1871,zips!$E:$E,">0"))	748.766	27.1597	=IF(I1871="","",ROUND(G1871-I1871,2))	=IF(J1871="","",ROUND(H1871-J1871,2))
Invitation Homes	1660 6Th Ave W			55379	=IFERROR(INDEX(zips!$B:$B,MATCH(E1872,zips!$A:$A,0)),"")	=IFERROR(INDEX(zips!$E:$E,MATCH(E1872,zips!$A:$A,0)),"")	=IF(OR(F1872="",G1872=""),"",100*SUMIFS(zips!$C:$C,zips!$B:$B,F1872,zips!$E:$E,"<"&G1872)/SUMIFS(zips!$C:$C,zips!$B:$B,F1872,zips!$E:$E,">0"))	848.3822	29.8832	=IF(I1872="","",ROUND(G1872-I1872,2))	=IF(J1872="","",ROUND(H1872-J1872,2))
Invitation Homes	284 Dupont St			55356	=IFERROR(INDEX(zips!$B:$B,MATCH(E1873,zips!$A:$A,0)),"")	=IFERROR(INDEX(zips!$E:$E,MATCH(E1873,zips!$A:$A,0)),"")	=IF(OR(F1873="",G1873=""),"",100*SUMIFS(zips!$C:$C,zips!$B:$B,F1873,zips!$E:$E,"<"&G1873)/SUMIFS(zips!$C:$C,zips!$B:$B,F1873,zips!$E:$E,">0"))	453.9116	19.3627	=IF(I1873="","",ROUND(G1873-I1873,2))	=IF(J1873="","",ROUND(H1873-J1873,2))
Invitation Homes	13209 Humboldt Ave S			55337	=IFERROR(INDEX(zips!$B:$B,MATCH(E1874,zips!$A:$A,0)),"")	=IFERROR(INDEX(zips!$E:$E,MATCH(E1874,zips!$A:$A,0)),"")	=IF(OR(F1874="",G1874=""),"",100*SUMIFS(zips!$C:$C,zips!$B:$B,F1874,zips!$E:$E,"<"&G1874)/SUMIFS(zips!$C:$C,zips!$B:$B,F1874,zips!$E:$E,">0"))	2570.07	52.3192	=IF(I1874="","",ROUND(G1874-I1874,2))	=IF(J1874="","",ROUND(H1874-J1874,2))
Invitation Homes	302 Zinnia Ln N			55441	=IFERROR(INDEX(zips!$B:$B,MATCH(E1875,zips!$A:$A,0)),"")	=IFERROR(INDEX(zips!$E:$E,MATCH(E1875,zips!$A:$A,0)),"")	=IF(OR(F1875="",G1875=""),"",100*SUMIFS(zips!$C:$C,zips!$B:$B,F1875,zips!$E:$E,"<"&G1875)/SUMIFS(zips!$C:$C,zips!$B:$B,F1875,zips!$E:$E,">0"))	2126.1072	46.3298	=IF(I1875="","",ROUND(G1875-I1875,2))	=IF(J1875="","",ROUND(H1875-J1875,2))
Invitation Homes	14320 Arctic Cir			55068	=IFERROR(INDEX(zips!$B:$B,MATCH(E1876,zips!$A:$A,0)),"")	=IFERROR(INDEX(zips!$E:$E,MATCH(E1876,zips!$A:$A,0)),"")	=IF(OR(F1876="",G1876=""),"",100*SUMIFS(zips!$C:$C,zips!$B:$B,F1876,zips!$E:$E,"<"&G1876)/SUMIFS(zips!$C:$C,zips!$B:$B,F1876,zips!$E:$E,">0"))	700.3872	24.8621	=IF(I1876="","",ROUND(G1876-I1876,2))	=IF(J1876="","",ROUND(H1876-J1876,2))
Invitation Homes	14169 Aberdeen Wy			55068	=IFERROR(INDEX(zips!$B:$B,MATCH(E1877,zips!$A:$A,0)),"")	=IFERROR(INDEX(zips!$E:$E,MATCH(E1877,zips!$A:$A,0)),"")	=IF(OR(F1877="",G1877=""),"",100*SUMIFS(zips!$C:$C,zips!$B:$B,F1877,zips!$E:$E,"<"&G1877)/SUMIFS(zips!$C:$C,zips!$B:$B,F1877,zips!$E:$E,">0"))	700.3872	24.8621	=IF(I1877="","",ROUND(G1877-I1877,2))	=IF(J1877="","",ROUND(H1877-J1877,2))
Invitation Homes	1260 Dunberry Ln			55123	=IFERROR(INDEX(zips!$B:$B,MATCH(E1878,zips!$A:$A,0)),"")	=IFERROR(INDEX(zips!$E:$E,MATCH(E1878,zips!$A:$A,0)),"")	=IF(OR(F1878="",G1878=""),"",100*SUMIFS(zips!$C:$C,zips!$B:$B,F1878,zips!$E:$E,"<"&G1878)/SUMIFS(zips!$C:$C,zips!$B:$B,F1878,zips!$E:$E,">0"))	2535.1171	51.5825	=IF(I1878="","",ROUND(G1878-I1878,2))	=IF(J1878="","",ROUND(H1878-J1878,2))
Invitation Homes	1330 Dayton Ave			55104	=IFERROR(INDEX(zips!$B:$B,MATCH(E1879,zips!$A:$A,0)),"")	=IFERROR(INDEX(zips!$E:$E,MATCH(E1879,zips!$A:$A,0)),"")	=IF(OR(F1879="",G1879=""),"",100*SUMIFS(zips!$C:$C,zips!$B:$B,F1879,zips!$E:$E,"<"&G1879)/SUMIFS(zips!$C:$C,zips!$B:$B,F1879,zips!$E:$E,">0"))	7585.2527	91.946	=IF(I1879="","",ROUND(G1879-I1879,2))	=IF(J1879="","",ROUND(H1879-J1879,2))
Invitation Homes	1375 Lafond Ave			55104	=IFERROR(INDEX(zips!$B:$B,MATCH(E1880,zips!$A:$A,0)),"")	=IFERROR(INDEX(zips!$E:$E,MATCH(E1880,zips!$A:$A,0)),"")	=IF(OR(F1880="",G1880=""),"",100*SUMIFS(zips!$C:$C,zips!$B:$B,F1880,zips!$E:$E,"<"&G1880)/SUMIFS(zips!$C:$C,zips!$B:$B,F1880,zips!$E:$E,">0"))	7585.2527	91.946	=IF(I1880="","",ROUND(G1880-I1880,2))	=IF(J1880="","",ROUND(H1880-J1880,2))
Invitation Homes	4770 Equine Trl			55129	=IFERROR(INDEX(zips!$B:$B,MATCH(E1881,zips!$A:$A,0)),"")	=IFERROR(INDEX(zips!$E:$E,MATCH(E1881,zips!$A:$A,0)),"")	=IF(OR(F1881="",G1881=""),"",100*SUMIFS(zips!$C:$C,zips!$B:$B,F1881,zips!$E:$E,"<"&G1881)/SUMIFS(zips!$C:$C,zips!$B:$B,F1881,zips!$E:$E,">0"))	1639.6599	41.203	=IF(I1881="","",ROUND(G1881-I1881,2))	=IF(J1881="","",ROUND(H1881-J1881,2))
Invitation Homes	1716 Lamplight Dr			55125	=IFERROR(INDEX(zips!$B:$B,MATCH(E1882,zips!$A:$A,0)),"")	=IFERROR(INDEX(zips!$E:$E,MATCH(E1882,zips!$A:$A,0)),"")	=IF(OR(F1882="",G1882=""),"",100*SUMIFS(zips!$C:$C,zips!$B:$B,F1882,zips!$E:$E,"<"&G1882)/SUMIFS(zips!$C:$C,zips!$B:$B,F1882,zips!$E:$E,">0"))	2927.1614	62.0672	=IF(I1882="","",ROUND(G1882-I1882,2))	=IF(J1882="","",ROUND(H1882-J1882,2))
Invitation Homes	8135 Serro Medina			78252	=IFERROR(INDEX(zips!$B:$B,MATCH(E1883,zips!$A:$A,0)),"")	=IFERROR(INDEX(zips!$E:$E,MATCH(E1883,zips!$A:$A,0)),"")	=IF(OR(F1883="",G1883=""),"",100*SUMIFS(zips!$C:$C,zips!$B:$B,F1883,zips!$E:$E,"<"&G1883)/SUMIFS(zips!$C:$C,zips!$B:$B,F1883,zips!$E:$E,">0"))	649.1946	18.7717	=IF(I1883="","",ROUND(G1883-I1883,2))	=IF(J1883="","",ROUND(H1883-J1883,2))
Invitation Homes	7351 Cultivator Wy			78252	=IFERROR(INDEX(zips!$B:$B,MATCH(E1884,zips!$A:$A,0)),"")	=IFERROR(INDEX(zips!$E:$E,MATCH(E1884,zips!$A:$A,0)),"")	=IF(OR(F1884="",G1884=""),"",100*SUMIFS(zips!$C:$C,zips!$B:$B,F1884,zips!$E:$E,"<"&G1884)/SUMIFS(zips!$C:$C,zips!$B:$B,F1884,zips!$E:$E,">0"))	649.1946	18.7717	=IF(I1884="","",ROUND(G1884-I1884,2))	=IF(J1884="","",ROUND(H1884-J1884,2))
Invitation Homes	6643 Scarecrow Wy			78252	=IFERROR(INDEX(zips!$B:$B,MATCH(E1885,zips!$A:$A,0)),"")	=IFERROR(INDEX(zips!$E:$E,MATCH(E1885,zips!$A:$A,0)),"")	=IF(OR(F1885="",G1885=""),"",100*SUMIFS(zips!$C:$C,zips!$B:$B,F1885,zips!$E:$E,"<"&G1885)/SUMIFS(zips!$C:$C,zips!$B:$B,F1885,zips!$E:$E,">0"))	649.1946	18.7717	=IF(I1885="","",ROUND(G1885-I1885,2))	=IF(J1885="","",ROUND(H1885-J1885,2))
Invitation Homes	14102 Silos Meadows			78252	=IFERROR(INDEX(zips!$B:$B,MATCH(E1886,zips!$A:$A,0)),"")	=IFERROR(INDEX(zips!$E:$E,MATCH(E1886,zips!$A:$A,0)),"")	=IF(OR(F1886="",G1886=""),"",100*SUMIFS(zips!$C:$C,zips!$B:$B,F1886,zips!$E:$E,"<"&G1886)/SUMIFS(zips!$C:$C,zips!$B:$B,F1886,zips!$E:$E,">0"))	649.1946	18.7717	=IF(I1886="","",ROUND(G1886-I1886,2))	=IF(J1886="","",ROUND(H1886-J1886,2))
Invitation Homes	13702 Bucket Wy			78252	=IFERROR(INDEX(zips!$B:$B,MATCH(E1887,zips!$A:$A,0)),"")	=IFERROR(INDEX(zips!$E:$E,MATCH(E1887,zips!$A:$A,0)),"")	=IF(OR(F1887="",G1887=""),"",100*SUMIFS(zips!$C:$C,zips!$B:$B,F1887,zips!$E:$E,"<"&G1887)/SUMIFS(zips!$C:$C,zips!$B:$B,F1887,zips!$E:$E,">0"))	649.1946	18.7717	=IF(I1887="","",ROUND(G1887-I1887,2))	=IF(J1887="","",ROUND(H1887-J1887,2))
Invitation Homes	14423 Muggle Mill			78245	=IFERROR(INDEX(zips!$B:$B,MATCH(E1888,zips!$A:$A,0)),"")	=IFERROR(INDEX(zips!$E:$E,MATCH(E1888,zips!$A:$A,0)),"")	=IF(OR(F1888="",G1888=""),"",100*SUMIFS(zips!$C:$C,zips!$B:$B,F1888,zips!$E:$E,"<"&G1888)/SUMIFS(zips!$C:$C,zips!$B:$B,F1888,zips!$E:$E,">0"))	2592.7145	48.2042	=IF(I1888="","",ROUND(G1888-I1888,2))	=IF(J1888="","",ROUND(H1888-J1888,2))
Invitation Homes	3334 Rodgers Hill 53 162			78245	=IFERROR(INDEX(zips!$B:$B,MATCH(E1889,zips!$A:$A,0)),"")	=IFERROR(INDEX(zips!$E:$E,MATCH(E1889,zips!$A:$A,0)),"")	=IF(OR(F1889="",G1889=""),"",100*SUMIFS(zips!$C:$C,zips!$B:$B,F1889,zips!$E:$E,"<"&G1889)/SUMIFS(zips!$C:$C,zips!$B:$B,F1889,zips!$E:$E,">0"))	2592.7145	48.2042	=IF(I1889="","",ROUND(G1889-I1889,2))	=IF(J1889="","",ROUND(H1889-J1889,2))
Invitation Homes	826 Trilby			78253	=IFERROR(INDEX(zips!$B:$B,MATCH(E1890,zips!$A:$A,0)),"")	=IFERROR(INDEX(zips!$E:$E,MATCH(E1890,zips!$A:$A,0)),"")	=IF(OR(F1890="",G1890=""),"",100*SUMIFS(zips!$C:$C,zips!$B:$B,F1890,zips!$E:$E,"<"&G1890)/SUMIFS(zips!$C:$C,zips!$B:$B,F1890,zips!$E:$E,">0"))	1260.2428	29.9343	=IF(I1890="","",ROUND(G1890-I1890,2))	=IF(J1890="","",ROUND(H1890-J1890,2))
Invitation Homes	5706 Calaveras Way			78253	=IFERROR(INDEX(zips!$B:$B,MATCH(E1891,zips!$A:$A,0)),"")	=IFERROR(INDEX(zips!$E:$E,MATCH(E1891,zips!$A:$A,0)),"")	=IF(OR(F1891="",G1891=""),"",100*SUMIFS(zips!$C:$C,zips!$B:$B,F1891,zips!$E:$E,"<"&G1891)/SUMIFS(zips!$C:$C,zips!$B:$B,F1891,zips!$E:$E,">0"))	1260.2428	29.9343	=IF(I1891="","",ROUND(G1891-I1891,2))	=IF(J1891="","",ROUND(H1891-J1891,2))
Invitation Homes	8910 Double Oak			78254	=IFERROR(INDEX(zips!$B:$B,MATCH(E1892,zips!$A:$A,0)),"")	=IFERROR(INDEX(zips!$E:$E,MATCH(E1892,zips!$A:$A,0)),"")	=IF(OR(F1892="",G1892=""),"",100*SUMIFS(zips!$C:$C,zips!$B:$B,F1892,zips!$E:$E,"<"&G1892)/SUMIFS(zips!$C:$C,zips!$B:$B,F1892,zips!$E:$E,">0"))	3899.5748	67.3038	=IF(I1892="","",ROUND(G1892-I1892,2))	=IF(J1892="","",ROUND(H1892-J1892,2))
Invitation Homes	13603 Mcbride Bnd			78254	=IFERROR(INDEX(zips!$B:$B,MATCH(E1893,zips!$A:$A,0)),"")	=IFERROR(INDEX(zips!$E:$E,MATCH(E1893,zips!$A:$A,0)),"")	=IF(OR(F1893="",G1893=""),"",100*SUMIFS(zips!$C:$C,zips!$B:$B,F1893,zips!$E:$E,"<"&G1893)/SUMIFS(zips!$C:$C,zips!$B:$B,F1893,zips!$E:$E,">0"))	3899.5748	67.3038	=IF(I1893="","",ROUND(G1893-I1893,2))	=IF(J1893="","",ROUND(H1893-J1893,2))
Invitation Homes	8503 Silver Brush			78254	=IFERROR(INDEX(zips!$B:$B,MATCH(E1894,zips!$A:$A,0)),"")	=IFERROR(INDEX(zips!$E:$E,MATCH(E1894,zips!$A:$A,0)),"")	=IF(OR(F1894="",G1894=""),"",100*SUMIFS(zips!$C:$C,zips!$B:$B,F1894,zips!$E:$E,"<"&G1894)/SUMIFS(zips!$C:$C,zips!$B:$B,F1894,zips!$E:$E,">0"))	3899.5748	67.3038	=IF(I1894="","",ROUND(G1894-I1894,2))	=IF(J1894="","",ROUND(H1894-J1894,2))
Invitation Homes	10529 Bricewood Park			78023	=IFERROR(INDEX(zips!$B:$B,MATCH(E1895,zips!$A:$A,0)),"")	=IFERROR(INDEX(zips!$E:$E,MATCH(E1895,zips!$A:$A,0)),"")	=IF(OR(F1895="",G1895=""),"",100*SUMIFS(zips!$C:$C,zips!$B:$B,F1895,zips!$E:$E,"<"&G1895)/SUMIFS(zips!$C:$C,zips!$B:$B,F1895,zips!$E:$E,">0"))	318.283	17.1155	=IF(I1895="","",ROUND(G1895-I1895,2))	=IF(J1895="","",ROUND(H1895-J1895,2))
Invitation Homes	7730 Paraiso Cir			78015	=IFERROR(INDEX(zips!$B:$B,MATCH(E1896,zips!$A:$A,0)),"")	=IFERROR(INDEX(zips!$E:$E,MATCH(E1896,zips!$A:$A,0)),"")	=IF(OR(F1896="",G1896=""),"",100*SUMIFS(zips!$C:$C,zips!$B:$B,F1896,zips!$E:$E,"<"&G1896)/SUMIFS(zips!$C:$C,zips!$B:$B,F1896,zips!$E:$E,">0"))	908.7681	19.4766	=IF(I1896="","",ROUND(G1896-I1896,2))	=IF(J1896="","",ROUND(H1896-J1896,2))
Invitation Homes	14618 Snip			78248	=IFERROR(INDEX(zips!$B:$B,MATCH(E1897,zips!$A:$A,0)),"")	=IFERROR(INDEX(zips!$E:$E,MATCH(E1897,zips!$A:$A,0)),"")	=IF(OR(F1897="",G1897=""),"",100*SUMIFS(zips!$C:$C,zips!$B:$B,F1897,zips!$E:$E,"<"&G1897)/SUMIFS(zips!$C:$C,zips!$B:$B,F1897,zips!$E:$E,">0"))	3665.5423	65.7285	=IF(I1897="","",ROUND(G1897-I1897,2))	=IF(J1897="","",ROUND(H1897-J1897,2))
Invitation Homes	4159 Southton Tarn			78223	=IFERROR(INDEX(zips!$B:$B,MATCH(E1898,zips!$A:$A,0)),"")	=IFERROR(INDEX(zips!$E:$E,MATCH(E1898,zips!$A:$A,0)),"")	=IF(OR(F1898="",G1898=""),"",100*SUMIFS(zips!$C:$C,zips!$B:$B,F1898,zips!$E:$E,"<"&G1898)/SUMIFS(zips!$C:$C,zips!$B:$B,F1898,zips!$E:$E,">0"))	1400.5182	34.3075	=IF(I1898="","",ROUND(G1898-I1898,2))	=IF(J1898="","",ROUND(H1898-J1898,2))
Invitation Homes	4231 Southton Lk			78223	=IFERROR(INDEX(zips!$B:$B,MATCH(E1899,zips!$A:$A,0)),"")	=IFERROR(INDEX(zips!$E:$E,MATCH(E1899,zips!$A:$A,0)),"")	=IF(OR(F1899="",G1899=""),"",100*SUMIFS(zips!$C:$C,zips!$B:$B,F1899,zips!$E:$E,"<"&G1899)/SUMIFS(zips!$C:$C,zips!$B:$B,F1899,zips!$E:$E,">0"))	1400.5182	34.3075	=IF(I1899="","",ROUND(G1899-I1899,2))	=IF(J1899="","",ROUND(H1899-J1899,2))
Invitation Homes	4223 Southton Lk			78223	=IFERROR(INDEX(zips!$B:$B,MATCH(E1900,zips!$A:$A,0)),"")	=IFERROR(INDEX(zips!$E:$E,MATCH(E1900,zips!$A:$A,0)),"")	=IF(OR(F1900="",G1900=""),"",100*SUMIFS(zips!$C:$C,zips!$B:$B,F1900,zips!$E:$E,"<"&G1900)/SUMIFS(zips!$C:$C,zips!$B:$B,F1900,zips!$E:$E,">0"))	1400.5182	34.3075	=IF(I1900="","",ROUND(G1900-I1900,2))	=IF(J1900="","",ROUND(H1900-J1900,2))
Invitation Homes	7330 Plata Cir			78244	=IFERROR(INDEX(zips!$B:$B,MATCH(E1901,zips!$A:$A,0)),"")	=IFERROR(INDEX(zips!$E:$E,MATCH(E1901,zips!$A:$A,0)),"")	=IF(OR(F1901="",G1901=""),"",100*SUMIFS(zips!$C:$C,zips!$B:$B,F1901,zips!$E:$E,"<"&G1901)/SUMIFS(zips!$C:$C,zips!$B:$B,F1901,zips!$E:$E,">0"))	5016.6954	83.2934	=IF(I1901="","",ROUND(G1901-I1901,2))	=IF(J1901="","",ROUND(H1901-J1901,2))
Invitation Homes	5415 Verdugos Pl			78244	=IFERROR(INDEX(zips!$B:$B,MATCH(E1902,zips!$A:$A,0)),"")	=IFERROR(INDEX(zips!$E:$E,MATCH(E1902,zips!$A:$A,0)),"")	=IF(OR(F1902="",G1902=""),"",100*SUMIFS(zips!$C:$C,zips!$B:$B,F1902,zips!$E:$E,"<"&G1902)/SUMIFS(zips!$C:$C,zips!$B:$B,F1902,zips!$E:$E,">0"))	5016.6954	83.2934	=IF(I1902="","",ROUND(G1902-I1902,2))	=IF(J1902="","",ROUND(H1902-J1902,2))
Invitation Homes	5449 Verdugos Pl			78244	=IFERROR(INDEX(zips!$B:$B,MATCH(E1903,zips!$A:$A,0)),"")	=IFERROR(INDEX(zips!$E:$E,MATCH(E1903,zips!$A:$A,0)),"")	=IF(OR(F1903="",G1903=""),"",100*SUMIFS(zips!$C:$C,zips!$B:$B,F1903,zips!$E:$E,"<"&G1903)/SUMIFS(zips!$C:$C,zips!$B:$B,F1903,zips!$E:$E,">0"))	5016.6954	83.2934	=IF(I1903="","",ROUND(G1903-I1903,2))	=IF(J1903="","",ROUND(H1903-J1903,2))
Invitation Homes	5528 Verdugos Pl			78244	=IFERROR(INDEX(zips!$B:$B,MATCH(E1904,zips!$A:$A,0)),"")	=IFERROR(INDEX(zips!$E:$E,MATCH(E1904,zips!$A:$A,0)),"")	=IF(OR(F1904="",G1904=""),"",100*SUMIFS(zips!$C:$C,zips!$B:$B,F1904,zips!$E:$E,"<"&G1904)/SUMIFS(zips!$C:$C,zips!$B:$B,F1904,zips!$E:$E,">0"))	5016.6954	83.2934	=IF(I1904="","",ROUND(G1904-I1904,2))	=IF(J1904="","",ROUND(H1904-J1904,2))
Invitation Homes	6014 Akin Cir			78261	=IFERROR(INDEX(zips!$B:$B,MATCH(E1905,zips!$A:$A,0)),"")	=IFERROR(INDEX(zips!$E:$E,MATCH(E1905,zips!$A:$A,0)),"")	=IF(OR(F1905="",G1905=""),"",100*SUMIFS(zips!$C:$C,zips!$B:$B,F1905,zips!$E:$E,"<"&G1905)/SUMIFS(zips!$C:$C,zips!$B:$B,F1905,zips!$E:$E,">0"))	929.0668	20.3859	=IF(I1905="","",ROUND(G1905-I1905,2))	=IF(J1905="","",ROUND(H1905-J1905,2))
Invitation Homes	742 Llano Sky Trl			78132	=IFERROR(INDEX(zips!$B:$B,MATCH(E1906,zips!$A:$A,0)),"")	=IFERROR(INDEX(zips!$E:$E,MATCH(E1906,zips!$A:$A,0)),"")	=IF(OR(F1906="",G1906=""),"",100*SUMIFS(zips!$C:$C,zips!$B:$B,F1906,zips!$E:$E,"<"&G1906)/SUMIFS(zips!$C:$C,zips!$B:$B,F1906,zips!$E:$E,">0"))	225.1756	13.7727	=IF(I1906="","",ROUND(G1906-I1906,2))	=IF(J1906="","",ROUND(H1906-J1906,2))
Invitation Homes	1026 Lauren St			78130	=IFERROR(INDEX(zips!$B:$B,MATCH(E1907,zips!$A:$A,0)),"")	=IFERROR(INDEX(zips!$E:$E,MATCH(E1907,zips!$A:$A,0)),"")	=IF(OR(F1907="",G1907=""),"",100*SUMIFS(zips!$C:$C,zips!$B:$B,F1907,zips!$E:$E,"<"&G1907)/SUMIFS(zips!$C:$C,zips!$B:$B,F1907,zips!$E:$E,">0"))	1052.2806	22.3966	=IF(I1907="","",ROUND(G1907-I1907,2))	=IF(J1907="","",ROUND(H1907-J1907,2))
Invitation Homes	1099 Pelican Pl			78130	=IFERROR(INDEX(zips!$B:$B,MATCH(E1908,zips!$A:$A,0)),"")	=IFERROR(INDEX(zips!$E:$E,MATCH(E1908,zips!$A:$A,0)),"")	=IF(OR(F1908="",G1908=""),"",100*SUMIFS(zips!$C:$C,zips!$B:$B,F1908,zips!$E:$E,"<"&G1908)/SUMIFS(zips!$C:$C,zips!$B:$B,F1908,zips!$E:$E,">0"))	1052.2806	22.3966	=IF(I1908="","",ROUND(G1908-I1908,2))	=IF(J1908="","",ROUND(H1908-J1908,2))
Invitation Homes	134 Pasadena Pl			78130	=IFERROR(INDEX(zips!$B:$B,MATCH(E1909,zips!$A:$A,0)),"")	=IFERROR(INDEX(zips!$E:$E,MATCH(E1909,zips!$A:$A,0)),"")	=IF(OR(F1909="",G1909=""),"",100*SUMIFS(zips!$C:$C,zips!$B:$B,F1909,zips!$E:$E,"<"&G1909)/SUMIFS(zips!$C:$C,zips!$B:$B,F1909,zips!$E:$E,">0"))	1052.2806	22.3966	=IF(I1909="","",ROUND(G1909-I1909,2))	=IF(J1909="","",ROUND(H1909-J1909,2))
Invitation Homes	138 Pasadena Pl			78130	=IFERROR(INDEX(zips!$B:$B,MATCH(E1910,zips!$A:$A,0)),"")	=IFERROR(INDEX(zips!$E:$E,MATCH(E1910,zips!$A:$A,0)),"")	=IF(OR(F1910="",G1910=""),"",100*SUMIFS(zips!$C:$C,zips!$B:$B,F1910,zips!$E:$E,"<"&G1910)/SUMIFS(zips!$C:$C,zips!$B:$B,F1910,zips!$E:$E,">0"))	1052.2806	22.3966	=IF(I1910="","",ROUND(G1910-I1910,2))	=IF(J1910="","",ROUND(H1910-J1910,2))
Invitation Homes	167 Pasadena Pl			78130	=IFERROR(INDEX(zips!$B:$B,MATCH(E1911,zips!$A:$A,0)),"")	=IFERROR(INDEX(zips!$E:$E,MATCH(E1911,zips!$A:$A,0)),"")	=IF(OR(F1911="",G1911=""),"",100*SUMIFS(zips!$C:$C,zips!$B:$B,F1911,zips!$E:$E,"<"&G1911)/SUMIFS(zips!$C:$C,zips!$B:$B,F1911,zips!$E:$E,">0"))	1052.2806	22.3966	=IF(I1911="","",ROUND(G1911-I1911,2))	=IF(J1911="","",ROUND(H1911-J1911,2))
Invitation Homes	218 Hollywood Dr			78130	=IFERROR(INDEX(zips!$B:$B,MATCH(E1912,zips!$A:$A,0)),"")	=IFERROR(INDEX(zips!$E:$E,MATCH(E1912,zips!$A:$A,0)),"")	=IF(OR(F1912="",G1912=""),"",100*SUMIFS(zips!$C:$C,zips!$B:$B,F1912,zips!$E:$E,"<"&G1912)/SUMIFS(zips!$C:$C,zips!$B:$B,F1912,zips!$E:$E,">0"))	1052.2806	22.3966	=IF(I1912="","",ROUND(G1912-I1912,2))	=IF(J1912="","",ROUND(H1912-J1912,2))
Invitation Homes	106 Pasadena Pl			78130	=IFERROR(INDEX(zips!$B:$B,MATCH(E1913,zips!$A:$A,0)),"")	=IFERROR(INDEX(zips!$E:$E,MATCH(E1913,zips!$A:$A,0)),"")	=IF(OR(F1913="",G1913=""),"",100*SUMIFS(zips!$C:$C,zips!$B:$B,F1913,zips!$E:$E,"<"&G1913)/SUMIFS(zips!$C:$C,zips!$B:$B,F1913,zips!$E:$E,">0"))	1052.2806	22.3966	=IF(I1913="","",ROUND(G1913-I1913,2))	=IF(J1913="","",ROUND(H1913-J1913,2))
Invitation Homes	143 Pasadena Pl			78130	=IFERROR(INDEX(zips!$B:$B,MATCH(E1914,zips!$A:$A,0)),"")	=IFERROR(INDEX(zips!$E:$E,MATCH(E1914,zips!$A:$A,0)),"")	=IF(OR(F1914="",G1914=""),"",100*SUMIFS(zips!$C:$C,zips!$B:$B,F1914,zips!$E:$E,"<"&G1914)/SUMIFS(zips!$C:$C,zips!$B:$B,F1914,zips!$E:$E,">0"))	1052.2806	22.3966	=IF(I1914="","",ROUND(G1914-I1914,2))	=IF(J1914="","",ROUND(H1914-J1914,2))
Invitation Homes	113 Parish Ln			78130	=IFERROR(INDEX(zips!$B:$B,MATCH(E1915,zips!$A:$A,0)),"")	=IFERROR(INDEX(zips!$E:$E,MATCH(E1915,zips!$A:$A,0)),"")	=IF(OR(F1915="",G1915=""),"",100*SUMIFS(zips!$C:$C,zips!$B:$B,F1915,zips!$E:$E,"<"&G1915)/SUMIFS(zips!$C:$C,zips!$B:$B,F1915,zips!$E:$E,">0"))	1052.2806	22.3966	=IF(I1915="","",ROUND(G1915-I1915,2))	=IF(J1915="","",ROUND(H1915-J1915,2))
Invitation Homes	181 Parish Ln			78130	=IFERROR(INDEX(zips!$B:$B,MATCH(E1916,zips!$A:$A,0)),"")	=IFERROR(INDEX(zips!$E:$E,MATCH(E1916,zips!$A:$A,0)),"")	=IF(OR(F1916="",G1916=""),"",100*SUMIFS(zips!$C:$C,zips!$B:$B,F1916,zips!$E:$E,"<"&G1916)/SUMIFS(zips!$C:$C,zips!$B:$B,F1916,zips!$E:$E,">0"))	1052.2806	22.3966	=IF(I1916="","",ROUND(G1916-I1916,2))	=IF(J1916="","",ROUND(H1916-J1916,2))
Invitation Homes	1580 Golden Wheat			78130	=IFERROR(INDEX(zips!$B:$B,MATCH(E1917,zips!$A:$A,0)),"")	=IFERROR(INDEX(zips!$E:$E,MATCH(E1917,zips!$A:$A,0)),"")	=IF(OR(F1917="",G1917=""),"",100*SUMIFS(zips!$C:$C,zips!$B:$B,F1917,zips!$E:$E,"<"&G1917)/SUMIFS(zips!$C:$C,zips!$B:$B,F1917,zips!$E:$E,">0"))	1052.2806	22.3966	=IF(I1917="","",ROUND(G1917-I1917,2))	=IF(J1917="","",ROUND(H1917-J1917,2))
Invitation Homes	1615 Lost Nook			78130	=IFERROR(INDEX(zips!$B:$B,MATCH(E1918,zips!$A:$A,0)),"")	=IFERROR(INDEX(zips!$E:$E,MATCH(E1918,zips!$A:$A,0)),"")	=IF(OR(F1918="",G1918=""),"",100*SUMIFS(zips!$C:$C,zips!$B:$B,F1918,zips!$E:$E,"<"&G1918)/SUMIFS(zips!$C:$C,zips!$B:$B,F1918,zips!$E:$E,">0"))	1052.2806	22.3966	=IF(I1918="","",ROUND(G1918-I1918,2))	=IF(J1918="","",ROUND(H1918-J1918,2))
Invitation Homes	1674 Planters Moon			78130	=IFERROR(INDEX(zips!$B:$B,MATCH(E1919,zips!$A:$A,0)),"")	=IFERROR(INDEX(zips!$E:$E,MATCH(E1919,zips!$A:$A,0)),"")	=IF(OR(F1919="",G1919=""),"",100*SUMIFS(zips!$C:$C,zips!$B:$B,F1919,zips!$E:$E,"<"&G1919)/SUMIFS(zips!$C:$C,zips!$B:$B,F1919,zips!$E:$E,">0"))	1052.2806	22.3966	=IF(I1919="","",ROUND(G1919-I1919,2))	=IF(J1919="","",ROUND(H1919-J1919,2))
Invitation Homes	2023 Nevada Street			78666	=IFERROR(INDEX(zips!$B:$B,MATCH(E1920,zips!$A:$A,0)),"")	=IFERROR(INDEX(zips!$E:$E,MATCH(E1920,zips!$A:$A,0)),"")	=IF(OR(F1920="",G1920=""),"",100*SUMIFS(zips!$C:$C,zips!$B:$B,F1920,zips!$E:$E,"<"&G1920)/SUMIFS(zips!$C:$C,zips!$B:$B,F1920,zips!$E:$E,">0"))	456.3106	16.8744	=IF(I1920="","",ROUND(G1920-I1920,2))	=IF(J1920="","",ROUND(H1920-J1920,2))
Invitation Homes	8700 Alum Rock Drive			78747	=IFERROR(INDEX(zips!$B:$B,MATCH(E1921,zips!$A:$A,0)),"")	=IFERROR(INDEX(zips!$E:$E,MATCH(E1921,zips!$A:$A,0)),"")	=IF(OR(F1921="",G1921=""),"",100*SUMIFS(zips!$C:$C,zips!$B:$B,F1921,zips!$E:$E,"<"&G1921)/SUMIFS(zips!$C:$C,zips!$B:$B,F1921,zips!$E:$E,">0"))	978.8986	39.1789	=IF(I1921="","",ROUND(G1921-I1921,2))	=IF(J1921="","",ROUND(H1921-J1921,2))
Invitation Homes	219 Sandhill Drive			78644	=IFERROR(INDEX(zips!$B:$B,MATCH(E1922,zips!$A:$A,0)),"")	=IFERROR(INDEX(zips!$E:$E,MATCH(E1922,zips!$A:$A,0)),"")	=IF(OR(F1922="",G1922=""),"",100*SUMIFS(zips!$C:$C,zips!$B:$B,F1922,zips!$E:$E,"<"&G1922)/SUMIFS(zips!$C:$C,zips!$B:$B,F1922,zips!$E:$E,">0"))	114.4872	4.2943	=IF(I1922="","",ROUND(G1922-I1922,2))	=IF(J1922="","",ROUND(H1922-J1922,2))
Invitation Homes	124 Wirepass Crescent			76537	=IFERROR(INDEX(zips!$B:$B,MATCH(E1923,zips!$A:$A,0)),"")	=IFERROR(INDEX(zips!$E:$E,MATCH(E1923,zips!$A:$A,0)),"")	=IF(OR(F1923="",G1923=""),"",100*SUMIFS(zips!$C:$C,zips!$B:$B,F1923,zips!$E:$E,"<"&G1923)/SUMIFS(zips!$C:$C,zips!$B:$B,F1923,zips!$E:$E,">0"))	233.4458	11.8242	=IF(I1923="","",ROUND(G1923-I1923,2))	=IF(J1923="","",ROUND(H1923-J1923,2))
Invitation Homes	104 Wirepass Crescent			76537	=IFERROR(INDEX(zips!$B:$B,MATCH(E1924,zips!$A:$A,0)),"")	=IFERROR(INDEX(zips!$E:$E,MATCH(E1924,zips!$A:$A,0)),"")	=IF(OR(F1924="",G1924=""),"",100*SUMIFS(zips!$C:$C,zips!$B:$B,F1924,zips!$E:$E,"<"&G1924)/SUMIFS(zips!$C:$C,zips!$B:$B,F1924,zips!$E:$E,">0"))	233.4458	11.8242	=IF(I1924="","",ROUND(G1924-I1924,2))	=IF(J1924="","",ROUND(H1924-J1924,2))
Invitation Homes	1022 Bahia Vista Dr			77406	=IFERROR(INDEX(zips!$B:$B,MATCH(E1925,zips!$A:$A,0)),"")	=IFERROR(INDEX(zips!$E:$E,MATCH(E1925,zips!$A:$A,0)),"")	=IF(OR(F1925="",G1925=""),"",100*SUMIFS(zips!$C:$C,zips!$B:$B,F1925,zips!$E:$E,"<"&G1925)/SUMIFS(zips!$C:$C,zips!$B:$B,F1925,zips!$E:$E,">0"))	1141.4378	17.6409	=IF(I1925="","",ROUND(G1925-I1925,2))	=IF(J1925="","",ROUND(H1925-J1925,2))
Invitation Homes	1415 Mcgee Lake Ct			77407	=IFERROR(INDEX(zips!$B:$B,MATCH(E1926,zips!$A:$A,0)),"")	=IFERROR(INDEX(zips!$E:$E,MATCH(E1926,zips!$A:$A,0)),"")	=IF(OR(F1926="",G1926=""),"",100*SUMIFS(zips!$C:$C,zips!$B:$B,F1926,zips!$E:$E,"<"&G1926)/SUMIFS(zips!$C:$C,zips!$B:$B,F1926,zips!$E:$E,">0"))	4058.34	67.0236	=IF(I1926="","",ROUND(G1926-I1926,2))	=IF(J1926="","",ROUND(H1926-J1926,2))
Invitation Homes	10107 Limewood Ln			77498	=IFERROR(INDEX(zips!$B:$B,MATCH(E1927,zips!$A:$A,0)),"")	=IFERROR(INDEX(zips!$E:$E,MATCH(E1927,zips!$A:$A,0)),"")	=IF(OR(F1927="",G1927=""),"",100*SUMIFS(zips!$C:$C,zips!$B:$B,F1927,zips!$E:$E,"<"&G1927)/SUMIFS(zips!$C:$C,zips!$B:$B,F1927,zips!$E:$E,">0"))	3296.4113	55.6879	=IF(I1927="","",ROUND(G1927-I1927,2))	=IF(J1927="","",ROUND(H1927-J1927,2))
Invitation Homes	26906 Drybank Creek Lane			77494	=IFERROR(INDEX(zips!$B:$B,MATCH(E1928,zips!$A:$A,0)),"")	=IFERROR(INDEX(zips!$E:$E,MATCH(E1928,zips!$A:$A,0)),"")	=IF(OR(F1928="",G1928=""),"",100*SUMIFS(zips!$C:$C,zips!$B:$B,F1928,zips!$E:$E,"<"&G1928)/SUMIFS(zips!$C:$C,zips!$B:$B,F1928,zips!$E:$E,">0"))	3618.2	60.2804	=IF(I1928="","",ROUND(G1928-I1928,2))	=IF(J1928="","",ROUND(H1928-J1928,2))
Invitation Homes	1331 Blackheath Ct			77494	=IFERROR(INDEX(zips!$B:$B,MATCH(E1929,zips!$A:$A,0)),"")	=IFERROR(INDEX(zips!$E:$E,MATCH(E1929,zips!$A:$A,0)),"")	=IF(OR(F1929="",G1929=""),"",100*SUMIFS(zips!$C:$C,zips!$B:$B,F1929,zips!$E:$E,"<"&G1929)/SUMIFS(zips!$C:$C,zips!$B:$B,F1929,zips!$E:$E,">0"))	3618.2	60.2804	=IF(I1929="","",ROUND(G1929-I1929,2))	=IF(J1929="","",ROUND(H1929-J1929,2))
Invitation Homes	1118 Red Rock Canyon Dr			77450	=IFERROR(INDEX(zips!$B:$B,MATCH(E1930,zips!$A:$A,0)),"")	=IFERROR(INDEX(zips!$E:$E,MATCH(E1930,zips!$A:$A,0)),"")	=IF(OR(F1930="",G1930=""),"",100*SUMIFS(zips!$C:$C,zips!$B:$B,F1930,zips!$E:$E,"<"&G1930)/SUMIFS(zips!$C:$C,zips!$B:$B,F1930,zips!$E:$E,">0"))	3721.5898	63.4388	=IF(I1930="","",ROUND(G1930-I1930,2))	=IF(J1930="","",ROUND(H1930-J1930,2))
Invitation Homes	22635 Leedstown Ln			77449	=IFERROR(INDEX(zips!$B:$B,MATCH(E1931,zips!$A:$A,0)),"")	=IFERROR(INDEX(zips!$E:$E,MATCH(E1931,zips!$A:$A,0)),"")	=IF(OR(F1931="",G1931=""),"",100*SUMIFS(zips!$C:$C,zips!$B:$B,F1931,zips!$E:$E,"<"&G1931)/SUMIFS(zips!$C:$C,zips!$B:$B,F1931,zips!$E:$E,">0"))	4550.3698	75.3665	=IF(I1931="","",ROUND(G1931-I1931,2))	=IF(J1931="","",ROUND(H1931-J1931,2))
Invitation Homes	22614 Powell House Ln			77449	=IFERROR(INDEX(zips!$B:$B,MATCH(E1932,zips!$A:$A,0)),"")	=IFERROR(INDEX(zips!$E:$E,MATCH(E1932,zips!$A:$A,0)),"")	=IF(OR(F1932="",G1932=""),"",100*SUMIFS(zips!$C:$C,zips!$B:$B,F1932,zips!$E:$E,"<"&G1932)/SUMIFS(zips!$C:$C,zips!$B:$B,F1932,zips!$E:$E,">0"))	4550.3698	75.3665	=IF(I1932="","",ROUND(G1932-I1932,2))	=IF(J1932="","",ROUND(H1932-J1932,2))
Invitation Homes	19151 Sandelford Dr			77449	=IFERROR(INDEX(zips!$B:$B,MATCH(E1933,zips!$A:$A,0)),"")	=IFERROR(INDEX(zips!$E:$E,MATCH(E1933,zips!$A:$A,0)),"")	=IF(OR(F1933="",G1933=""),"",100*SUMIFS(zips!$C:$C,zips!$B:$B,F1933,zips!$E:$E,"<"&G1933)/SUMIFS(zips!$C:$C,zips!$B:$B,F1933,zips!$E:$E,">0"))	4550.3698	75.3665	=IF(I1933="","",ROUND(G1933-I1933,2))	=IF(J1933="","",ROUND(H1933-J1933,2))
Invitation Homes	6047 Brenwood Trails Ln			77449	=IFERROR(INDEX(zips!$B:$B,MATCH(E1934,zips!$A:$A,0)),"")	=IFERROR(INDEX(zips!$E:$E,MATCH(E1934,zips!$A:$A,0)),"")	=IF(OR(F1934="",G1934=""),"",100*SUMIFS(zips!$C:$C,zips!$B:$B,F1934,zips!$E:$E,"<"&G1934)/SUMIFS(zips!$C:$C,zips!$B:$B,F1934,zips!$E:$E,">0"))	4550.3698	75.3665	=IF(I1934="","",ROUND(G1934-I1934,2))	=IF(J1934="","",ROUND(H1934-J1934,2))
Invitation Homes	19147 Canaras Ct			77449	=IFERROR(INDEX(zips!$B:$B,MATCH(E1935,zips!$A:$A,0)),"")	=IFERROR(INDEX(zips!$E:$E,MATCH(E1935,zips!$A:$A,0)),"")	=IF(OR(F1935="",G1935=""),"",100*SUMIFS(zips!$C:$C,zips!$B:$B,F1935,zips!$E:$E,"<"&G1935)/SUMIFS(zips!$C:$C,zips!$B:$B,F1935,zips!$E:$E,">0"))	4550.3698	75.3665	=IF(I1935="","",ROUND(G1935-I1935,2))	=IF(J1935="","",ROUND(H1935-J1935,2))
Invitation Homes	18067 Sagecroft Dr			77084	=IFERROR(INDEX(zips!$B:$B,MATCH(E1936,zips!$A:$A,0)),"")	=IFERROR(INDEX(zips!$E:$E,MATCH(E1936,zips!$A:$A,0)),"")	=IF(OR(F1936="",G1936=""),"",100*SUMIFS(zips!$C:$C,zips!$B:$B,F1936,zips!$E:$E,"<"&G1936)/SUMIFS(zips!$C:$C,zips!$B:$B,F1936,zips!$E:$E,">0"))	3438.3173	58.0996	=IF(I1936="","",ROUND(G1936-I1936,2))	=IF(J1936="","",ROUND(H1936-J1936,2))
Invitation Homes	18807 N Lyford Dr			77449	=IFERROR(INDEX(zips!$B:$B,MATCH(E1937,zips!$A:$A,0)),"")	=IFERROR(INDEX(zips!$E:$E,MATCH(E1937,zips!$A:$A,0)),"")	=IF(OR(F1937="",G1937=""),"",100*SUMIFS(zips!$C:$C,zips!$B:$B,F1937,zips!$E:$E,"<"&G1937)/SUMIFS(zips!$C:$C,zips!$B:$B,F1937,zips!$E:$E,">0"))	4550.3698	75.3665	=IF(I1937="","",ROUND(G1937-I1937,2))	=IF(J1937="","",ROUND(H1937-J1937,2))
Invitation Homes	18802 Dennington Dr			77449	=IFERROR(INDEX(zips!$B:$B,MATCH(E1938,zips!$A:$A,0)),"")	=IFERROR(INDEX(zips!$E:$E,MATCH(E1938,zips!$A:$A,0)),"")	=IF(OR(F1938="",G1938=""),"",100*SUMIFS(zips!$C:$C,zips!$B:$B,F1938,zips!$E:$E,"<"&G1938)/SUMIFS(zips!$C:$C,zips!$B:$B,F1938,zips!$E:$E,">0"))	4550.3698	75.3665	=IF(I1938="","",ROUND(G1938-I1938,2))	=IF(J1938="","",ROUND(H1938-J1938,2))
Invitation Homes	18806 N Lyford Dr			77449	=IFERROR(INDEX(zips!$B:$B,MATCH(E1939,zips!$A:$A,0)),"")	=IFERROR(INDEX(zips!$E:$E,MATCH(E1939,zips!$A:$A,0)),"")	=IF(OR(F1939="",G1939=""),"",100*SUMIFS(zips!$C:$C,zips!$B:$B,F1939,zips!$E:$E,"<"&G1939)/SUMIFS(zips!$C:$C,zips!$B:$B,F1939,zips!$E:$E,">0"))	4550.3698	75.3665	=IF(I1939="","",ROUND(G1939-I1939,2))	=IF(J1939="","",ROUND(H1939-J1939,2))
Invitation Homes	18810 N Lyford Dr			77449	=IFERROR(INDEX(zips!$B:$B,MATCH(E1940,zips!$A:$A,0)),"")	=IFERROR(INDEX(zips!$E:$E,MATCH(E1940,zips!$A:$A,0)),"")	=IF(OR(F1940="",G1940=""),"",100*SUMIFS(zips!$C:$C,zips!$B:$B,F1940,zips!$E:$E,"<"&G1940)/SUMIFS(zips!$C:$C,zips!$B:$B,F1940,zips!$E:$E,">0"))	4550.3698	75.3665	=IF(I1940="","",ROUND(G1940-I1940,2))	=IF(J1940="","",ROUND(H1940-J1940,2))
Invitation Homes	18715 Dennington Dr			77449	=IFERROR(INDEX(zips!$B:$B,MATCH(E1941,zips!$A:$A,0)),"")	=IFERROR(INDEX(zips!$E:$E,MATCH(E1941,zips!$A:$A,0)),"")	=IF(OR(F1941="",G1941=""),"",100*SUMIFS(zips!$C:$C,zips!$B:$B,F1941,zips!$E:$E,"<"&G1941)/SUMIFS(zips!$C:$C,zips!$B:$B,F1941,zips!$E:$E,">0"))	4550.3698	75.3665	=IF(I1941="","",ROUND(G1941-I1941,2))	=IF(J1941="","",ROUND(H1941-J1941,2))
Invitation Homes	18730 Dennington Dr			77449	=IFERROR(INDEX(zips!$B:$B,MATCH(E1942,zips!$A:$A,0)),"")	=IFERROR(INDEX(zips!$E:$E,MATCH(E1942,zips!$A:$A,0)),"")	=IF(OR(F1942="",G1942=""),"",100*SUMIFS(zips!$C:$C,zips!$B:$B,F1942,zips!$E:$E,"<"&G1942)/SUMIFS(zips!$C:$C,zips!$B:$B,F1942,zips!$E:$E,">0"))	4550.3698	75.3665	=IF(I1942="","",ROUND(G1942-I1942,2))	=IF(J1942="","",ROUND(H1942-J1942,2))
Invitation Homes	18742 Dennington Dr			77449	=IFERROR(INDEX(zips!$B:$B,MATCH(E1943,zips!$A:$A,0)),"")	=IFERROR(INDEX(zips!$E:$E,MATCH(E1943,zips!$A:$A,0)),"")	=IF(OR(F1943="",G1943=""),"",100*SUMIFS(zips!$C:$C,zips!$B:$B,F1943,zips!$E:$E,"<"&G1943)/SUMIFS(zips!$C:$C,zips!$B:$B,F1943,zips!$E:$E,">0"))	4550.3698	75.3665	=IF(I1943="","",ROUND(G1943-I1943,2))	=IF(J1943="","",ROUND(H1943-J1943,2))
Invitation Homes	17603 Chatham Way Dr			77084	=IFERROR(INDEX(zips!$B:$B,MATCH(E1944,zips!$A:$A,0)),"")	=IFERROR(INDEX(zips!$E:$E,MATCH(E1944,zips!$A:$A,0)),"")	=IF(OR(F1944="",G1944=""),"",100*SUMIFS(zips!$C:$C,zips!$B:$B,F1944,zips!$E:$E,"<"&G1944)/SUMIFS(zips!$C:$C,zips!$B:$B,F1944,zips!$E:$E,">0"))	3438.3173	58.0996	=IF(I1944="","",ROUND(G1944-I1944,2))	=IF(J1944="","",ROUND(H1944-J1944,2))
Invitation Homes	5126 Girnigoe Dr			77084	=IFERROR(INDEX(zips!$B:$B,MATCH(E1945,zips!$A:$A,0)),"")	=IFERROR(INDEX(zips!$E:$E,MATCH(E1945,zips!$A:$A,0)),"")	=IF(OR(F1945="",G1945=""),"",100*SUMIFS(zips!$C:$C,zips!$B:$B,F1945,zips!$E:$E,"<"&G1945)/SUMIFS(zips!$C:$C,zips!$B:$B,F1945,zips!$E:$E,">0"))	3438.3173	58.0996	=IF(I1945="","",ROUND(G1945-I1945,2))	=IF(J1945="","",ROUND(H1945-J1945,2))
Invitation Homes	7230 Dew Mist Ln			77095	=IFERROR(INDEX(zips!$B:$B,MATCH(E1946,zips!$A:$A,0)),"")	=IFERROR(INDEX(zips!$E:$E,MATCH(E1946,zips!$A:$A,0)),"")	=IF(OR(F1946="",G1946=""),"",100*SUMIFS(zips!$C:$C,zips!$B:$B,F1946,zips!$E:$E,"<"&G1946)/SUMIFS(zips!$C:$C,zips!$B:$B,F1946,zips!$E:$E,">0"))	4742.6905	79.2408	=IF(I1946="","",ROUND(G1946-I1946,2))	=IF(J1946="","",ROUND(H1946-J1946,2))
Invitation Homes	18827 Jasper Rdg Dr			77447	=IFERROR(INDEX(zips!$B:$B,MATCH(E1947,zips!$A:$A,0)),"")	=IFERROR(INDEX(zips!$E:$E,MATCH(E1947,zips!$A:$A,0)),"")	=IF(OR(F1947="",G1947=""),"",100*SUMIFS(zips!$C:$C,zips!$B:$B,F1947,zips!$E:$E,"<"&G1947)/SUMIFS(zips!$C:$C,zips!$B:$B,F1947,zips!$E:$E,">0"))	220.074	4.6222	=IF(I1947="","",ROUND(G1947-I1947,2))	=IF(J1947="","",ROUND(H1947-J1947,2))
Invitation Homes	24126 Sonoran Heights Ct			77447	=IFERROR(INDEX(zips!$B:$B,MATCH(E1948,zips!$A:$A,0)),"")	=IFERROR(INDEX(zips!$E:$E,MATCH(E1948,zips!$A:$A,0)),"")	=IF(OR(F1948="",G1948=""),"",100*SUMIFS(zips!$C:$C,zips!$B:$B,F1948,zips!$E:$E,"<"&G1948)/SUMIFS(zips!$C:$C,zips!$B:$B,F1948,zips!$E:$E,">0"))	220.074	4.6222	=IF(I1948="","",ROUND(G1948-I1948,2))	=IF(J1948="","",ROUND(H1948-J1948,2))
Invitation Homes	24122 Sonoran Heights Ct			77447	=IFERROR(INDEX(zips!$B:$B,MATCH(E1949,zips!$A:$A,0)),"")	=IFERROR(INDEX(zips!$E:$E,MATCH(E1949,zips!$A:$A,0)),"")	=IF(OR(F1949="",G1949=""),"",100*SUMIFS(zips!$C:$C,zips!$B:$B,F1949,zips!$E:$E,"<"&G1949)/SUMIFS(zips!$C:$C,zips!$B:$B,F1949,zips!$E:$E,">0"))	220.074	4.6222	=IF(I1949="","",ROUND(G1949-I1949,2))	=IF(J1949="","",ROUND(H1949-J1949,2))
Invitation Homes	24147 Sundown Vw Ln			77447	=IFERROR(INDEX(zips!$B:$B,MATCH(E1950,zips!$A:$A,0)),"")	=IFERROR(INDEX(zips!$E:$E,MATCH(E1950,zips!$A:$A,0)),"")	=IF(OR(F1950="",G1950=""),"",100*SUMIFS(zips!$C:$C,zips!$B:$B,F1950,zips!$E:$E,"<"&G1950)/SUMIFS(zips!$C:$C,zips!$B:$B,F1950,zips!$E:$E,">0"))	220.074	4.6222	=IF(I1950="","",ROUND(G1950-I1950,2))	=IF(J1950="","",ROUND(H1950-J1950,2))
Invitation Homes	24142 Sundown Vw Ln			77447	=IFERROR(INDEX(zips!$B:$B,MATCH(E1951,zips!$A:$A,0)),"")	=IFERROR(INDEX(zips!$E:$E,MATCH(E1951,zips!$A:$A,0)),"")	=IF(OR(F1951="",G1951=""),"",100*SUMIFS(zips!$C:$C,zips!$B:$B,F1951,zips!$E:$E,"<"&G1951)/SUMIFS(zips!$C:$C,zips!$B:$B,F1951,zips!$E:$E,">0"))	220.074	4.6222	=IF(I1951="","",ROUND(G1951-I1951,2))	=IF(J1951="","",ROUND(H1951-J1951,2))
Invitation Homes	17634 S Summit Canyon Dr			77095	=IFERROR(INDEX(zips!$B:$B,MATCH(E1952,zips!$A:$A,0)),"")	=IFERROR(INDEX(zips!$E:$E,MATCH(E1952,zips!$A:$A,0)),"")	=IF(OR(F1952="",G1952=""),"",100*SUMIFS(zips!$C:$C,zips!$B:$B,F1952,zips!$E:$E,"<"&G1952)/SUMIFS(zips!$C:$C,zips!$B:$B,F1952,zips!$E:$E,">0"))	4742.6905	79.2408	=IF(I1952="","",ROUND(G1952-I1952,2))	=IF(J1952="","",ROUND(H1952-J1952,2))
Invitation Homes	15726 Stiller Park Dr			77429	=IFERROR(INDEX(zips!$B:$B,MATCH(E1953,zips!$A:$A,0)),"")	=IFERROR(INDEX(zips!$E:$E,MATCH(E1953,zips!$A:$A,0)),"")	=IF(OR(F1953="",G1953=""),"",100*SUMIFS(zips!$C:$C,zips!$B:$B,F1953,zips!$E:$E,"<"&G1953)/SUMIFS(zips!$C:$C,zips!$B:$B,F1953,zips!$E:$E,">0"))	2538.1095	36.8428	=IF(I1953="","",ROUND(G1953-I1953,2))	=IF(J1953="","",ROUND(H1953-J1953,2))
Invitation Homes	14402 Narnia Vale Ct			77429	=IFERROR(INDEX(zips!$B:$B,MATCH(E1954,zips!$A:$A,0)),"")	=IFERROR(INDEX(zips!$E:$E,MATCH(E1954,zips!$A:$A,0)),"")	=IF(OR(F1954="",G1954=""),"",100*SUMIFS(zips!$C:$C,zips!$B:$B,F1954,zips!$E:$E,"<"&G1954)/SUMIFS(zips!$C:$C,zips!$B:$B,F1954,zips!$E:$E,">0"))	2538.1095	36.8428	=IF(I1954="","",ROUND(G1954-I1954,2))	=IF(J1954="","",ROUND(H1954-J1954,2))
Invitation Homes	24019 Mustang Run Dr			77447	=IFERROR(INDEX(zips!$B:$B,MATCH(E1955,zips!$A:$A,0)),"")	=IFERROR(INDEX(zips!$E:$E,MATCH(E1955,zips!$A:$A,0)),"")	=IF(OR(F1955="",G1955=""),"",100*SUMIFS(zips!$C:$C,zips!$B:$B,F1955,zips!$E:$E,"<"&G1955)/SUMIFS(zips!$C:$C,zips!$B:$B,F1955,zips!$E:$E,">0"))	220.074	4.6222	=IF(I1955="","",ROUND(G1955-I1955,2))	=IF(J1955="","",ROUND(H1955-J1955,2))
Invitation Homes	24119 Sundown Vw Ln			77447	=IFERROR(INDEX(zips!$B:$B,MATCH(E1956,zips!$A:$A,0)),"")	=IFERROR(INDEX(zips!$E:$E,MATCH(E1956,zips!$A:$A,0)),"")	=IF(OR(F1956="",G1956=""),"",100*SUMIFS(zips!$C:$C,zips!$B:$B,F1956,zips!$E:$E,"<"&G1956)/SUMIFS(zips!$C:$C,zips!$B:$B,F1956,zips!$E:$E,">0"))	220.074	4.6222	=IF(I1956="","",ROUND(G1956-I1956,2))	=IF(J1956="","",ROUND(H1956-J1956,2))
Invitation Homes	24026 Laurel Farms Dr			77447	=IFERROR(INDEX(zips!$B:$B,MATCH(E1957,zips!$A:$A,0)),"")	=IFERROR(INDEX(zips!$E:$E,MATCH(E1957,zips!$A:$A,0)),"")	=IF(OR(F1957="",G1957=""),"",100*SUMIFS(zips!$C:$C,zips!$B:$B,F1957,zips!$E:$E,"<"&G1957)/SUMIFS(zips!$C:$C,zips!$B:$B,F1957,zips!$E:$E,">0"))	220.074	4.6222	=IF(I1957="","",ROUND(G1957-I1957,2))	=IF(J1957="","",ROUND(H1957-J1957,2))
Invitation Homes	16719 Cypress Bridge Dr			77429	=IFERROR(INDEX(zips!$B:$B,MATCH(E1958,zips!$A:$A,0)),"")	=IFERROR(INDEX(zips!$E:$E,MATCH(E1958,zips!$A:$A,0)),"")	=IF(OR(F1958="",G1958=""),"",100*SUMIFS(zips!$C:$C,zips!$B:$B,F1958,zips!$E:$E,"<"&G1958)/SUMIFS(zips!$C:$C,zips!$B:$B,F1958,zips!$E:$E,">0"))	2538.1095	36.8428	=IF(I1958="","",ROUND(G1958-I1958,2))	=IF(J1958="","",ROUND(H1958-J1958,2))
Invitation Homes	15802 Parmley Creek Ct			77429	=IFERROR(INDEX(zips!$B:$B,MATCH(E1959,zips!$A:$A,0)),"")	=IFERROR(INDEX(zips!$E:$E,MATCH(E1959,zips!$A:$A,0)),"")	=IF(OR(F1959="",G1959=""),"",100*SUMIFS(zips!$C:$C,zips!$B:$B,F1959,zips!$E:$E,"<"&G1959)/SUMIFS(zips!$C:$C,zips!$B:$B,F1959,zips!$E:$E,">0"))	2538.1095	36.8428	=IF(I1959="","",ROUND(G1959-I1959,2))	=IF(J1959="","",ROUND(H1959-J1959,2))
Invitation Homes	13018 Millstream Bend Ln			77377	=IFERROR(INDEX(zips!$B:$B,MATCH(E1960,zips!$A:$A,0)),"")	=IFERROR(INDEX(zips!$E:$E,MATCH(E1960,zips!$A:$A,0)),"")	=IF(OR(F1960="",G1960=""),"",100*SUMIFS(zips!$C:$C,zips!$B:$B,F1960,zips!$E:$E,"<"&G1960)/SUMIFS(zips!$C:$C,zips!$B:$B,F1960,zips!$E:$E,">0"))	1111.0039	17.1001	=IF(I1960="","",ROUND(G1960-I1960,2))	=IF(J1960="","",ROUND(H1960-J1960,2))
Invitation Homes	13484 Maltessa Dr			77354	=IFERROR(INDEX(zips!$B:$B,MATCH(E1961,zips!$A:$A,0)),"")	=IFERROR(INDEX(zips!$E:$E,MATCH(E1961,zips!$A:$A,0)),"")	=IF(OR(F1961="",G1961=""),"",100*SUMIFS(zips!$C:$C,zips!$B:$B,F1961,zips!$E:$E,"<"&G1961)/SUMIFS(zips!$C:$C,zips!$B:$B,F1961,zips!$E:$E,">0"))	545.446	11.1106	=IF(I1961="","",ROUND(G1961-I1961,2))	=IF(J1961="","",ROUND(H1961-J1961,2))
Invitation Homes	13478 Maltessa Dr			77354	=IFERROR(INDEX(zips!$B:$B,MATCH(E1962,zips!$A:$A,0)),"")	=IFERROR(INDEX(zips!$E:$E,MATCH(E1962,zips!$A:$A,0)),"")	=IF(OR(F1962="",G1962=""),"",100*SUMIFS(zips!$C:$C,zips!$B:$B,F1962,zips!$E:$E,"<"&G1962)/SUMIFS(zips!$C:$C,zips!$B:$B,F1962,zips!$E:$E,">0"))	545.446	11.1106	=IF(I1962="","",ROUND(G1962-I1962,2))	=IF(J1962="","",ROUND(H1962-J1962,2))
Invitation Homes	13462 Maltessa Dr			77354	=IFERROR(INDEX(zips!$B:$B,MATCH(E1963,zips!$A:$A,0)),"")	=IFERROR(INDEX(zips!$E:$E,MATCH(E1963,zips!$A:$A,0)),"")	=IF(OR(F1963="",G1963=""),"",100*SUMIFS(zips!$C:$C,zips!$B:$B,F1963,zips!$E:$E,"<"&G1963)/SUMIFS(zips!$C:$C,zips!$B:$B,F1963,zips!$E:$E,">0"))	545.446	11.1106	=IF(I1963="","",ROUND(G1963-I1963,2))	=IF(J1963="","",ROUND(H1963-J1963,2))
Invitation Homes	13423 Maltessa Dr			77354	=IFERROR(INDEX(zips!$B:$B,MATCH(E1964,zips!$A:$A,0)),"")	=IFERROR(INDEX(zips!$E:$E,MATCH(E1964,zips!$A:$A,0)),"")	=IF(OR(F1964="",G1964=""),"",100*SUMIFS(zips!$C:$C,zips!$B:$B,F1964,zips!$E:$E,"<"&G1964)/SUMIFS(zips!$C:$C,zips!$B:$B,F1964,zips!$E:$E,">0"))	545.446	11.1106	=IF(I1964="","",ROUND(G1964-I1964,2))	=IF(J1964="","",ROUND(H1964-J1964,2))
Invitation Homes	13430 Maltessa Dr			77354	=IFERROR(INDEX(zips!$B:$B,MATCH(E1965,zips!$A:$A,0)),"")	=IFERROR(INDEX(zips!$E:$E,MATCH(E1965,zips!$A:$A,0)),"")	=IF(OR(F1965="",G1965=""),"",100*SUMIFS(zips!$C:$C,zips!$B:$B,F1965,zips!$E:$E,"<"&G1965)/SUMIFS(zips!$C:$C,zips!$B:$B,F1965,zips!$E:$E,">0"))	545.446	11.1106	=IF(I1965="","",ROUND(G1965-I1965,2))	=IF(J1965="","",ROUND(H1965-J1965,2))
Invitation Homes	24952 Aconite Lane			77316	=IFERROR(INDEX(zips!$B:$B,MATCH(E1966,zips!$A:$A,0)),"")	=IFERROR(INDEX(zips!$E:$E,MATCH(E1966,zips!$A:$A,0)),"")	=IF(OR(F1966="",G1966=""),"",100*SUMIFS(zips!$C:$C,zips!$B:$B,F1966,zips!$E:$E,"<"&G1966)/SUMIFS(zips!$C:$C,zips!$B:$B,F1966,zips!$E:$E,">0"))	247.5357	5.5069	=IF(I1966="","",ROUND(G1966-I1966,2))	=IF(J1966="","",ROUND(H1966-J1966,2))
Invitation Homes	5719 Daphne Dr			77316	=IFERROR(INDEX(zips!$B:$B,MATCH(E1967,zips!$A:$A,0)),"")	=IFERROR(INDEX(zips!$E:$E,MATCH(E1967,zips!$A:$A,0)),"")	=IF(OR(F1967="",G1967=""),"",100*SUMIFS(zips!$C:$C,zips!$B:$B,F1967,zips!$E:$E,"<"&G1967)/SUMIFS(zips!$C:$C,zips!$B:$B,F1967,zips!$E:$E,">0"))	247.5357	5.5069	=IF(I1967="","",ROUND(G1967-I1967,2))	=IF(J1967="","",ROUND(H1967-J1967,2))
Invitation Homes	24939 Aconite Ln			77316	=IFERROR(INDEX(zips!$B:$B,MATCH(E1968,zips!$A:$A,0)),"")	=IFERROR(INDEX(zips!$E:$E,MATCH(E1968,zips!$A:$A,0)),"")	=IF(OR(F1968="",G1968=""),"",100*SUMIFS(zips!$C:$C,zips!$B:$B,F1968,zips!$E:$E,"<"&G1968)/SUMIFS(zips!$C:$C,zips!$B:$B,F1968,zips!$E:$E,">0"))	247.5357	5.5069	=IF(I1968="","",ROUND(G1968-I1968,2))	=IF(J1968="","",ROUND(H1968-J1968,2))
Invitation Homes	24920 Aconite Lane			77316	=IFERROR(INDEX(zips!$B:$B,MATCH(E1969,zips!$A:$A,0)),"")	=IFERROR(INDEX(zips!$E:$E,MATCH(E1969,zips!$A:$A,0)),"")	=IF(OR(F1969="",G1969=""),"",100*SUMIFS(zips!$C:$C,zips!$B:$B,F1969,zips!$E:$E,"<"&G1969)/SUMIFS(zips!$C:$C,zips!$B:$B,F1969,zips!$E:$E,">0"))	247.5357	5.5069	=IF(I1969="","",ROUND(G1969-I1969,2))	=IF(J1969="","",ROUND(H1969-J1969,2))
Invitation Homes	24833 Scillia Way			77316	=IFERROR(INDEX(zips!$B:$B,MATCH(E1970,zips!$A:$A,0)),"")	=IFERROR(INDEX(zips!$E:$E,MATCH(E1970,zips!$A:$A,0)),"")	=IF(OR(F1970="",G1970=""),"",100*SUMIFS(zips!$C:$C,zips!$B:$B,F1970,zips!$E:$E,"<"&G1970)/SUMIFS(zips!$C:$C,zips!$B:$B,F1970,zips!$E:$E,">0"))	247.5357	5.5069	=IF(I1970="","",ROUND(G1970-I1970,2))	=IF(J1970="","",ROUND(H1970-J1970,2))
Invitation Homes	5803 Canterbury Bells			77316	=IFERROR(INDEX(zips!$B:$B,MATCH(E1971,zips!$A:$A,0)),"")	=IFERROR(INDEX(zips!$E:$E,MATCH(E1971,zips!$A:$A,0)),"")	=IF(OR(F1971="",G1971=""),"",100*SUMIFS(zips!$C:$C,zips!$B:$B,F1971,zips!$E:$E,"<"&G1971)/SUMIFS(zips!$C:$C,zips!$B:$B,F1971,zips!$E:$E,">0"))	247.5357	5.5069	=IF(I1971="","",ROUND(G1971-I1971,2))	=IF(J1971="","",ROUND(H1971-J1971,2))
Invitation Homes	5519 Candytuft Ct			77316	=IFERROR(INDEX(zips!$B:$B,MATCH(E1972,zips!$A:$A,0)),"")	=IFERROR(INDEX(zips!$E:$E,MATCH(E1972,zips!$A:$A,0)),"")	=IF(OR(F1972="",G1972=""),"",100*SUMIFS(zips!$C:$C,zips!$B:$B,F1972,zips!$E:$E,"<"&G1972)/SUMIFS(zips!$C:$C,zips!$B:$B,F1972,zips!$E:$E,">0"))	247.5357	5.5069	=IF(I1972="","",ROUND(G1972-I1972,2))	=IF(J1972="","",ROUND(H1972-J1972,2))
Invitation Homes	28 Wyndemere Dr			77356	=IFERROR(INDEX(zips!$B:$B,MATCH(E1973,zips!$A:$A,0)),"")	=IFERROR(INDEX(zips!$E:$E,MATCH(E1973,zips!$A:$A,0)),"")	=IF(OR(F1973="",G1973=""),"",100*SUMIFS(zips!$C:$C,zips!$B:$B,F1973,zips!$E:$E,"<"&G1973)/SUMIFS(zips!$C:$C,zips!$B:$B,F1973,zips!$E:$E,">0"))	244.3569	5.0777	=IF(I1973="","",ROUND(G1973-I1973,2))	=IF(J1973="","",ROUND(H1973-J1973,2))
Invitation Homes	403 Comanche Drive			76033	=IFERROR(INDEX(zips!$B:$B,MATCH(E1974,zips!$A:$A,0)),"")	=IFERROR(INDEX(zips!$E:$E,MATCH(E1974,zips!$A:$A,0)),"")	=IF(OR(F1974="",G1974=""),"",100*SUMIFS(zips!$C:$C,zips!$B:$B,F1974,zips!$E:$E,"<"&G1974)/SUMIFS(zips!$C:$C,zips!$B:$B,F1974,zips!$E:$E,">0"))	160.3638	4.5901	=IF(I1974="","",ROUND(G1974-I1974,2))	=IF(J1974="","",ROUND(H1974-J1974,2))
Invitation Homes	2516 Old Buck Dr			76087	=IFERROR(INDEX(zips!$B:$B,MATCH(E1975,zips!$A:$A,0)),"")	=IFERROR(INDEX(zips!$E:$E,MATCH(E1975,zips!$A:$A,0)),"")	=IF(OR(F1975="",G1975=""),"",100*SUMIFS(zips!$C:$C,zips!$B:$B,F1975,zips!$E:$E,"<"&G1975)/SUMIFS(zips!$C:$C,zips!$B:$B,F1975,zips!$E:$E,">0"))	179.7666	5.1926	=IF(I1975="","",ROUND(G1975-I1975,2))	=IF(J1975="","",ROUND(H1975-J1975,2))
Invitation Homes	2321 Trace Ridge Dr			76087	=IFERROR(INDEX(zips!$B:$B,MATCH(E1976,zips!$A:$A,0)),"")	=IFERROR(INDEX(zips!$E:$E,MATCH(E1976,zips!$A:$A,0)),"")	=IF(OR(F1976="",G1976=""),"",100*SUMIFS(zips!$C:$C,zips!$B:$B,F1976,zips!$E:$E,"<"&G1976)/SUMIFS(zips!$C:$C,zips!$B:$B,F1976,zips!$E:$E,">0"))	179.7666	5.1926	=IF(I1976="","",ROUND(G1976-I1976,2))	=IF(J1976="","",ROUND(H1976-J1976,2))
Invitation Homes	4316 Mill Stream Lane			76036	=IFERROR(INDEX(zips!$B:$B,MATCH(E1977,zips!$A:$A,0)),"")	=IFERROR(INDEX(zips!$E:$E,MATCH(E1977,zips!$A:$A,0)),"")	=IF(OR(F1977="",G1977=""),"",100*SUMIFS(zips!$C:$C,zips!$B:$B,F1977,zips!$E:$E,"<"&G1977)/SUMIFS(zips!$C:$C,zips!$B:$B,F1977,zips!$E:$E,">0"))	774.966	14.659	=IF(I1977="","",ROUND(G1977-I1977,2))	=IF(J1977="","",ROUND(H1977-J1977,2))
Invitation Homes	4328 Mill Stream Lane			76036	=IFERROR(INDEX(zips!$B:$B,MATCH(E1978,zips!$A:$A,0)),"")	=IFERROR(INDEX(zips!$E:$E,MATCH(E1978,zips!$A:$A,0)),"")	=IF(OR(F1978="",G1978=""),"",100*SUMIFS(zips!$C:$C,zips!$B:$B,F1978,zips!$E:$E,"<"&G1978)/SUMIFS(zips!$C:$C,zips!$B:$B,F1978,zips!$E:$E,">0"))	774.966	14.659	=IF(I1978="","",ROUND(G1978-I1978,2))	=IF(J1978="","",ROUND(H1978-J1978,2))
Invitation Homes	4324 Mill Stream Lane			76036	=IFERROR(INDEX(zips!$B:$B,MATCH(E1979,zips!$A:$A,0)),"")	=IFERROR(INDEX(zips!$E:$E,MATCH(E1979,zips!$A:$A,0)),"")	=IF(OR(F1979="",G1979=""),"",100*SUMIFS(zips!$C:$C,zips!$B:$B,F1979,zips!$E:$E,"<"&G1979)/SUMIFS(zips!$C:$C,zips!$B:$B,F1979,zips!$E:$E,">0"))	774.966	14.659	=IF(I1979="","",ROUND(G1979-I1979,2))	=IF(J1979="","",ROUND(H1979-J1979,2))
Invitation Homes	8416 High Garden St			76123	=IFERROR(INDEX(zips!$B:$B,MATCH(E1980,zips!$A:$A,0)),"")	=IFERROR(INDEX(zips!$E:$E,MATCH(E1980,zips!$A:$A,0)),"")	=IF(OR(F1980="",G1980=""),"",100*SUMIFS(zips!$C:$C,zips!$B:$B,F1980,zips!$E:$E,"<"&G1980)/SUMIFS(zips!$C:$C,zips!$B:$B,F1980,zips!$E:$E,">0"))	4044.3415	69.3173	=IF(I1980="","",ROUND(G1980-I1980,2))	=IF(J1980="","",ROUND(H1980-J1980,2))
Invitation Homes	5857 Bindweed St			76123	=IFERROR(INDEX(zips!$B:$B,MATCH(E1981,zips!$A:$A,0)),"")	=IFERROR(INDEX(zips!$E:$E,MATCH(E1981,zips!$A:$A,0)),"")	=IF(OR(F1981="",G1981=""),"",100*SUMIFS(zips!$C:$C,zips!$B:$B,F1981,zips!$E:$E,"<"&G1981)/SUMIFS(zips!$C:$C,zips!$B:$B,F1981,zips!$E:$E,">0"))	4044.3415	69.3173	=IF(I1981="","",ROUND(G1981-I1981,2))	=IF(J1981="","",ROUND(H1981-J1981,2))
Invitation Homes	4904 Palm Ridge Dr			76133	=IFERROR(INDEX(zips!$B:$B,MATCH(E1982,zips!$A:$A,0)),"")	=IFERROR(INDEX(zips!$E:$E,MATCH(E1982,zips!$A:$A,0)),"")	=IF(OR(F1982="",G1982=""),"",100*SUMIFS(zips!$C:$C,zips!$B:$B,F1982,zips!$E:$E,"<"&G1982)/SUMIFS(zips!$C:$C,zips!$B:$B,F1982,zips!$E:$E,">0"))	5773.3562	92.3136	=IF(I1982="","",ROUND(G1982-I1982,2))	=IF(J1982="","",ROUND(H1982-J1982,2))
Invitation Homes	520 Glenwood Dr			76028	=IFERROR(INDEX(zips!$B:$B,MATCH(E1983,zips!$A:$A,0)),"")	=IFERROR(INDEX(zips!$E:$E,MATCH(E1983,zips!$A:$A,0)),"")	=IF(OR(F1983="",G1983=""),"",100*SUMIFS(zips!$C:$C,zips!$B:$B,F1983,zips!$E:$E,"<"&G1983)/SUMIFS(zips!$C:$C,zips!$B:$B,F1983,zips!$E:$E,">0"))	1015.9822	18.5868	=IF(I1983="","",ROUND(G1983-I1983,2))	=IF(J1983="","",ROUND(H1983-J1983,2))
Invitation Homes	1725 Reverie Road			76028	=IFERROR(INDEX(zips!$B:$B,MATCH(E1984,zips!$A:$A,0)),"")	=IFERROR(INDEX(zips!$E:$E,MATCH(E1984,zips!$A:$A,0)),"")	=IF(OR(F1984="",G1984=""),"",100*SUMIFS(zips!$C:$C,zips!$B:$B,F1984,zips!$E:$E,"<"&G1984)/SUMIFS(zips!$C:$C,zips!$B:$B,F1984,zips!$E:$E,">0"))	1015.9822	18.5868	=IF(I1984="","",ROUND(G1984-I1984,2))	=IF(J1984="","",ROUND(H1984-J1984,2))
Invitation Homes	1009 Hannah St			76028	=IFERROR(INDEX(zips!$B:$B,MATCH(E1985,zips!$A:$A,0)),"")	=IFERROR(INDEX(zips!$E:$E,MATCH(E1985,zips!$A:$A,0)),"")	=IF(OR(F1985="",G1985=""),"",100*SUMIFS(zips!$C:$C,zips!$B:$B,F1985,zips!$E:$E,"<"&G1985)/SUMIFS(zips!$C:$C,zips!$B:$B,F1985,zips!$E:$E,">0"))	1015.9822	18.5868	=IF(I1985="","",ROUND(G1985-I1985,2))	=IF(J1985="","",ROUND(H1985-J1985,2))
Invitation Homes	1141 Mourning Dove Dr			76028	=IFERROR(INDEX(zips!$B:$B,MATCH(E1986,zips!$A:$A,0)),"")	=IFERROR(INDEX(zips!$E:$E,MATCH(E1986,zips!$A:$A,0)),"")	=IF(OR(F1986="",G1986=""),"",100*SUMIFS(zips!$C:$C,zips!$B:$B,F1986,zips!$E:$E,"<"&G1986)/SUMIFS(zips!$C:$C,zips!$B:$B,F1986,zips!$E:$E,">0"))	1015.9822	18.5868	=IF(I1986="","",ROUND(G1986-I1986,2))	=IF(J1986="","",ROUND(H1986-J1986,2))
Invitation Homes	659 Nw Summercrest Blvd			76028	=IFERROR(INDEX(zips!$B:$B,MATCH(E1987,zips!$A:$A,0)),"")	=IFERROR(INDEX(zips!$E:$E,MATCH(E1987,zips!$A:$A,0)),"")	=IF(OR(F1987="",G1987=""),"",100*SUMIFS(zips!$C:$C,zips!$B:$B,F1987,zips!$E:$E,"<"&G1987)/SUMIFS(zips!$C:$C,zips!$B:$B,F1987,zips!$E:$E,">0"))	1015.9822	18.5868	=IF(I1987="","",ROUND(G1987-I1987,2))	=IF(J1987="","",ROUND(H1987-J1987,2))
Invitation Homes	425 Hummingbird Trl			76036	=IFERROR(INDEX(zips!$B:$B,MATCH(E1988,zips!$A:$A,0)),"")	=IFERROR(INDEX(zips!$E:$E,MATCH(E1988,zips!$A:$A,0)),"")	=IF(OR(F1988="",G1988=""),"",100*SUMIFS(zips!$C:$C,zips!$B:$B,F1988,zips!$E:$E,"<"&G1988)/SUMIFS(zips!$C:$C,zips!$B:$B,F1988,zips!$E:$E,">0"))	774.966	14.659	=IF(I1988="","",ROUND(G1988-I1988,2))	=IF(J1988="","",ROUND(H1988-J1988,2))
Invitation Homes	1304 Blue Gill Ct			76036	=IFERROR(INDEX(zips!$B:$B,MATCH(E1989,zips!$A:$A,0)),"")	=IFERROR(INDEX(zips!$E:$E,MATCH(E1989,zips!$A:$A,0)),"")	=IF(OR(F1989="",G1989=""),"",100*SUMIFS(zips!$C:$C,zips!$B:$B,F1989,zips!$E:$E,"<"&G1989)/SUMIFS(zips!$C:$C,zips!$B:$B,F1989,zips!$E:$E,">0"))	774.966	14.659	=IF(I1989="","",ROUND(G1989-I1989,2))	=IF(J1989="","",ROUND(H1989-J1989,2))
Invitation Homes	408 Hidden Ridge Dr			76028	=IFERROR(INDEX(zips!$B:$B,MATCH(E1990,zips!$A:$A,0)),"")	=IFERROR(INDEX(zips!$E:$E,MATCH(E1990,zips!$A:$A,0)),"")	=IF(OR(F1990="",G1990=""),"",100*SUMIFS(zips!$C:$C,zips!$B:$B,F1990,zips!$E:$E,"<"&G1990)/SUMIFS(zips!$C:$C,zips!$B:$B,F1990,zips!$E:$E,">0"))	1015.9822	18.5868	=IF(I1990="","",ROUND(G1990-I1990,2))	=IF(J1990="","",ROUND(H1990-J1990,2))
Invitation Homes	216 Edson Ave			76036	=IFERROR(INDEX(zips!$B:$B,MATCH(E1991,zips!$A:$A,0)),"")	=IFERROR(INDEX(zips!$E:$E,MATCH(E1991,zips!$A:$A,0)),"")	=IF(OR(F1991="",G1991=""),"",100*SUMIFS(zips!$C:$C,zips!$B:$B,F1991,zips!$E:$E,"<"&G1991)/SUMIFS(zips!$C:$C,zips!$B:$B,F1991,zips!$E:$E,">0"))	774.966	14.659	=IF(I1991="","",ROUND(G1991-I1991,2))	=IF(J1991="","",ROUND(H1991-J1991,2))
Invitation Homes	4045 Dublin Ridge Drive			76036	=IFERROR(INDEX(zips!$B:$B,MATCH(E1992,zips!$A:$A,0)),"")	=IFERROR(INDEX(zips!$E:$E,MATCH(E1992,zips!$A:$A,0)),"")	=IF(OR(F1992="",G1992=""),"",100*SUMIFS(zips!$C:$C,zips!$B:$B,F1992,zips!$E:$E,"<"&G1992)/SUMIFS(zips!$C:$C,zips!$B:$B,F1992,zips!$E:$E,">0"))	774.966	14.659	=IF(I1992="","",ROUND(G1992-I1992,2))	=IF(J1992="","",ROUND(H1992-J1992,2))
Invitation Homes	4040 May Water Trl			76036	=IFERROR(INDEX(zips!$B:$B,MATCH(E1993,zips!$A:$A,0)),"")	=IFERROR(INDEX(zips!$E:$E,MATCH(E1993,zips!$A:$A,0)),"")	=IF(OR(F1993="",G1993=""),"",100*SUMIFS(zips!$C:$C,zips!$B:$B,F1993,zips!$E:$E,"<"&G1993)/SUMIFS(zips!$C:$C,zips!$B:$B,F1993,zips!$E:$E,">0"))	774.966	14.659	=IF(I1993="","",ROUND(G1993-I1993,2))	=IF(J1993="","",ROUND(H1993-J1993,2))
Invitation Homes	4024 Pleasant Shade Pl			76036	=IFERROR(INDEX(zips!$B:$B,MATCH(E1994,zips!$A:$A,0)),"")	=IFERROR(INDEX(zips!$E:$E,MATCH(E1994,zips!$A:$A,0)),"")	=IF(OR(F1994="",G1994=""),"",100*SUMIFS(zips!$C:$C,zips!$B:$B,F1994,zips!$E:$E,"<"&G1994)/SUMIFS(zips!$C:$C,zips!$B:$B,F1994,zips!$E:$E,">0"))	774.966	14.659	=IF(I1994="","",ROUND(G1994-I1994,2))	=IF(J1994="","",ROUND(H1994-J1994,2))
Invitation Homes	4009 Mountain Meadow Rd			76036	=IFERROR(INDEX(zips!$B:$B,MATCH(E1995,zips!$A:$A,0)),"")	=IFERROR(INDEX(zips!$E:$E,MATCH(E1995,zips!$A:$A,0)),"")	=IF(OR(F1995="",G1995=""),"",100*SUMIFS(zips!$C:$C,zips!$B:$B,F1995,zips!$E:$E,"<"&G1995)/SUMIFS(zips!$C:$C,zips!$B:$B,F1995,zips!$E:$E,">0"))	774.966	14.659	=IF(I1995="","",ROUND(G1995-I1995,2))	=IF(J1995="","",ROUND(H1995-J1995,2))
Invitation Homes	4001 Mountain Meadow Rd			76036	=IFERROR(INDEX(zips!$B:$B,MATCH(E1996,zips!$A:$A,0)),"")	=IFERROR(INDEX(zips!$E:$E,MATCH(E1996,zips!$A:$A,0)),"")	=IF(OR(F1996="",G1996=""),"",100*SUMIFS(zips!$C:$C,zips!$B:$B,F1996,zips!$E:$E,"<"&G1996)/SUMIFS(zips!$C:$C,zips!$B:$B,F1996,zips!$E:$E,">0"))	774.966	14.659	=IF(I1996="","",ROUND(G1996-I1996,2))	=IF(J1996="","",ROUND(H1996-J1996,2))
Invitation Homes	4036 Mountain Meadow Rd			76036	=IFERROR(INDEX(zips!$B:$B,MATCH(E1997,zips!$A:$A,0)),"")	=IFERROR(INDEX(zips!$E:$E,MATCH(E1997,zips!$A:$A,0)),"")	=IF(OR(F1997="",G1997=""),"",100*SUMIFS(zips!$C:$C,zips!$B:$B,F1997,zips!$E:$E,"<"&G1997)/SUMIFS(zips!$C:$C,zips!$B:$B,F1997,zips!$E:$E,">0"))	774.966	14.659	=IF(I1997="","",ROUND(G1997-I1997,2))	=IF(J1997="","",ROUND(H1997-J1997,2))
Invitation Homes	4024 Mountain Meadow Rd			76036	=IFERROR(INDEX(zips!$B:$B,MATCH(E1998,zips!$A:$A,0)),"")	=IFERROR(INDEX(zips!$E:$E,MATCH(E1998,zips!$A:$A,0)),"")	=IF(OR(F1998="",G1998=""),"",100*SUMIFS(zips!$C:$C,zips!$B:$B,F1998,zips!$E:$E,"<"&G1998)/SUMIFS(zips!$C:$C,zips!$B:$B,F1998,zips!$E:$E,">0"))	774.966	14.659	=IF(I1998="","",ROUND(G1998-I1998,2))	=IF(J1998="","",ROUND(H1998-J1998,2))
Invitation Homes	10229 Hackberry Spring Way			76036	=IFERROR(INDEX(zips!$B:$B,MATCH(E1999,zips!$A:$A,0)),"")	=IFERROR(INDEX(zips!$E:$E,MATCH(E1999,zips!$A:$A,0)),"")	=IF(OR(F1999="",G1999=""),"",100*SUMIFS(zips!$C:$C,zips!$B:$B,F1999,zips!$E:$E,"<"&G1999)/SUMIFS(zips!$C:$C,zips!$B:$B,F1999,zips!$E:$E,">0"))	774.966	14.659	=IF(I1999="","",ROUND(G1999-I1999,2))	=IF(J1999="","",ROUND(H1999-J1999,2))
Invitation Homes	10253 Tullamore Ridge Rd			76036	=IFERROR(INDEX(zips!$B:$B,MATCH(E2000,zips!$A:$A,0)),"")	=IFERROR(INDEX(zips!$E:$E,MATCH(E2000,zips!$A:$A,0)),"")	=IF(OR(F2000="",G2000=""),"",100*SUMIFS(zips!$C:$C,zips!$B:$B,F2000,zips!$E:$E,"<"&G2000)/SUMIFS(zips!$C:$C,zips!$B:$B,F2000,zips!$E:$E,">0"))	774.966	14.659	=IF(I2000="","",ROUND(G2000-I2000,2))	=IF(J2000="","",ROUND(H2000-J2000,2))
Invitation Homes	1337 Still Pond Drive			76036	=IFERROR(INDEX(zips!$B:$B,MATCH(E2001,zips!$A:$A,0)),"")	=IFERROR(INDEX(zips!$E:$E,MATCH(E2001,zips!$A:$A,0)),"")	=IF(OR(F2001="",G2001=""),"",100*SUMIFS(zips!$C:$C,zips!$B:$B,F2001,zips!$E:$E,"<"&G2001)/SUMIFS(zips!$C:$C,zips!$B:$B,F2001,zips!$E:$E,">0"))	774.966	14.659	=IF(I2001="","",ROUND(G2001-I2001,2))	=IF(J2001="","",ROUND(H2001-J2001,2))
Invitation Homes	1332 Still Pond Drive			76036	=IFERROR(INDEX(zips!$B:$B,MATCH(E2002,zips!$A:$A,0)),"")	=IFERROR(INDEX(zips!$E:$E,MATCH(E2002,zips!$A:$A,0)),"")	=IF(OR(F2002="",G2002=""),"",100*SUMIFS(zips!$C:$C,zips!$B:$B,F2002,zips!$E:$E,"<"&G2002)/SUMIFS(zips!$C:$C,zips!$B:$B,F2002,zips!$E:$E,">0"))	774.966	14.659	=IF(I2002="","",ROUND(G2002-I2002,2))	=IF(J2002="","",ROUND(H2002-J2002,2))
Invitation Homes	1308 Still Pond Drive			76036	=IFERROR(INDEX(zips!$B:$B,MATCH(E2003,zips!$A:$A,0)),"")	=IFERROR(INDEX(zips!$E:$E,MATCH(E2003,zips!$A:$A,0)),"")	=IF(OR(F2003="",G2003=""),"",100*SUMIFS(zips!$C:$C,zips!$B:$B,F2003,zips!$E:$E,"<"&G2003)/SUMIFS(zips!$C:$C,zips!$B:$B,F2003,zips!$E:$E,">0"))	774.966	14.659	=IF(I2003="","",ROUND(G2003-I2003,2))	=IF(J2003="","",ROUND(H2003-J2003,2))
Invitation Homes	1224 Tufted Drive			76134	=IFERROR(INDEX(zips!$B:$B,MATCH(E2004,zips!$A:$A,0)),"")	=IFERROR(INDEX(zips!$E:$E,MATCH(E2004,zips!$A:$A,0)),"")	=IF(OR(F2004="",G2004=""),"",100*SUMIFS(zips!$C:$C,zips!$B:$B,F2004,zips!$E:$E,"<"&G2004)/SUMIFS(zips!$C:$C,zips!$B:$B,F2004,zips!$E:$E,">0"))	3394.9785	54.5318	=IF(I2004="","",ROUND(G2004-I2004,2))	=IF(J2004="","",ROUND(H2004-J2004,2))
Invitation Homes	12113 Vista Oak Blvd			76028	=IFERROR(INDEX(zips!$B:$B,MATCH(E2005,zips!$A:$A,0)),"")	=IFERROR(INDEX(zips!$E:$E,MATCH(E2005,zips!$A:$A,0)),"")	=IF(OR(F2005="",G2005=""),"",100*SUMIFS(zips!$C:$C,zips!$B:$B,F2005,zips!$E:$E,"<"&G2005)/SUMIFS(zips!$C:$C,zips!$B:$B,F2005,zips!$E:$E,">0"))	1015.9822	18.5868	=IF(I2005="","",ROUND(G2005-I2005,2))	=IF(J2005="","",ROUND(H2005-J2005,2))
Invitation Homes	1808 Wickham			76028	=IFERROR(INDEX(zips!$B:$B,MATCH(E2006,zips!$A:$A,0)),"")	=IFERROR(INDEX(zips!$E:$E,MATCH(E2006,zips!$A:$A,0)),"")	=IF(OR(F2006="",G2006=""),"",100*SUMIFS(zips!$C:$C,zips!$B:$B,F2006,zips!$E:$E,"<"&G2006)/SUMIFS(zips!$C:$C,zips!$B:$B,F2006,zips!$E:$E,">0"))	1015.9822	18.5868	=IF(I2006="","",ROUND(G2006-I2006,2))	=IF(J2006="","",ROUND(H2006-J2006,2))
Invitation Homes	1833 Wickham Dr			76028	=IFERROR(INDEX(zips!$B:$B,MATCH(E2007,zips!$A:$A,0)),"")	=IFERROR(INDEX(zips!$E:$E,MATCH(E2007,zips!$A:$A,0)),"")	=IF(OR(F2007="",G2007=""),"",100*SUMIFS(zips!$C:$C,zips!$B:$B,F2007,zips!$E:$E,"<"&G2007)/SUMIFS(zips!$C:$C,zips!$B:$B,F2007,zips!$E:$E,">0"))	1015.9822	18.5868	=IF(I2007="","",ROUND(G2007-I2007,2))	=IF(J2007="","",ROUND(H2007-J2007,2))
Invitation Homes	1849 Wickham Dr			76028	=IFERROR(INDEX(zips!$B:$B,MATCH(E2008,zips!$A:$A,0)),"")	=IFERROR(INDEX(zips!$E:$E,MATCH(E2008,zips!$A:$A,0)),"")	=IF(OR(F2008="",G2008=""),"",100*SUMIFS(zips!$C:$C,zips!$B:$B,F2008,zips!$E:$E,"<"&G2008)/SUMIFS(zips!$C:$C,zips!$B:$B,F2008,zips!$E:$E,">0"))	1015.9822	18.5868	=IF(I2008="","",ROUND(G2008-I2008,2))	=IF(J2008="","",ROUND(H2008-J2008,2))
Invitation Homes	1804 Village Park Trl			76028	=IFERROR(INDEX(zips!$B:$B,MATCH(E2009,zips!$A:$A,0)),"")	=IFERROR(INDEX(zips!$E:$E,MATCH(E2009,zips!$A:$A,0)),"")	=IF(OR(F2009="",G2009=""),"",100*SUMIFS(zips!$C:$C,zips!$B:$B,F2009,zips!$E:$E,"<"&G2009)/SUMIFS(zips!$C:$C,zips!$B:$B,F2009,zips!$E:$E,">0"))	1015.9822	18.5868	=IF(I2009="","",ROUND(G2009-I2009,2))	=IF(J2009="","",ROUND(H2009-J2009,2))
Invitation Homes	1912 Wickham Dr			76028	=IFERROR(INDEX(zips!$B:$B,MATCH(E2010,zips!$A:$A,0)),"")	=IFERROR(INDEX(zips!$E:$E,MATCH(E2010,zips!$A:$A,0)),"")	=IF(OR(F2010="",G2010=""),"",100*SUMIFS(zips!$C:$C,zips!$B:$B,F2010,zips!$E:$E,"<"&G2010)/SUMIFS(zips!$C:$C,zips!$B:$B,F2010,zips!$E:$E,">0"))	1015.9822	18.5868	=IF(I2010="","",ROUND(G2010-I2010,2))	=IF(J2010="","",ROUND(H2010-J2010,2))
Invitation Homes	1801 Vineridge Ln			76028	=IFERROR(INDEX(zips!$B:$B,MATCH(E2011,zips!$A:$A,0)),"")	=IFERROR(INDEX(zips!$E:$E,MATCH(E2011,zips!$A:$A,0)),"")	=IF(OR(F2011="",G2011=""),"",100*SUMIFS(zips!$C:$C,zips!$B:$B,F2011,zips!$E:$E,"<"&G2011)/SUMIFS(zips!$C:$C,zips!$B:$B,F2011,zips!$E:$E,">0"))	1015.9822	18.5868	=IF(I2011="","",ROUND(G2011-I2011,2))	=IF(J2011="","",ROUND(H2011-J2011,2))
Invitation Homes	1604 Black Kite Lane			76140	=IFERROR(INDEX(zips!$B:$B,MATCH(E2012,zips!$A:$A,0)),"")	=IFERROR(INDEX(zips!$E:$E,MATCH(E2012,zips!$A:$A,0)),"")	=IF(OR(F2012="",G2012=""),"",100*SUMIFS(zips!$C:$C,zips!$B:$B,F2012,zips!$E:$E,"<"&G2012)/SUMIFS(zips!$C:$C,zips!$B:$B,F2012,zips!$E:$E,">0"))	1160.6607	21.3716	=IF(I2012="","",ROUND(G2012-I2012,2))	=IF(J2012="","",ROUND(H2012-J2012,2))
Invitation Homes	1616 Black Kite Lane			76140	=IFERROR(INDEX(zips!$B:$B,MATCH(E2013,zips!$A:$A,0)),"")	=IFERROR(INDEX(zips!$E:$E,MATCH(E2013,zips!$A:$A,0)),"")	=IF(OR(F2013="",G2013=""),"",100*SUMIFS(zips!$C:$C,zips!$B:$B,F2013,zips!$E:$E,"<"&G2013)/SUMIFS(zips!$C:$C,zips!$B:$B,F2013,zips!$E:$E,">0"))	1160.6607	21.3716	=IF(I2013="","",ROUND(G2013-I2013,2))	=IF(J2013="","",ROUND(H2013-J2013,2))
Invitation Homes	1653 Black Kite Lane			76140	=IFERROR(INDEX(zips!$B:$B,MATCH(E2014,zips!$A:$A,0)),"")	=IFERROR(INDEX(zips!$E:$E,MATCH(E2014,zips!$A:$A,0)),"")	=IF(OR(F2014="",G2014=""),"",100*SUMIFS(zips!$C:$C,zips!$B:$B,F2014,zips!$E:$E,"<"&G2014)/SUMIFS(zips!$C:$C,zips!$B:$B,F2014,zips!$E:$E,">0"))	1160.6607	21.3716	=IF(I2014="","",ROUND(G2014-I2014,2))	=IF(J2014="","",ROUND(H2014-J2014,2))
Invitation Homes	1416 Castle Ridge Rd			76140	=IFERROR(INDEX(zips!$B:$B,MATCH(E2015,zips!$A:$A,0)),"")	=IFERROR(INDEX(zips!$E:$E,MATCH(E2015,zips!$A:$A,0)),"")	=IF(OR(F2015="",G2015=""),"",100*SUMIFS(zips!$C:$C,zips!$B:$B,F2015,zips!$E:$E,"<"&G2015)/SUMIFS(zips!$C:$C,zips!$B:$B,F2015,zips!$E:$E,">0"))	1160.6607	21.3716	=IF(I2015="","",ROUND(G2015-I2015,2))	=IF(J2015="","",ROUND(H2015-J2015,2))
Invitation Homes	10024 Kudu Drive			76134	=IFERROR(INDEX(zips!$B:$B,MATCH(E2016,zips!$A:$A,0)),"")	=IFERROR(INDEX(zips!$E:$E,MATCH(E2016,zips!$A:$A,0)),"")	=IF(OR(F2016="",G2016=""),"",100*SUMIFS(zips!$C:$C,zips!$B:$B,F2016,zips!$E:$E,"<"&G2016)/SUMIFS(zips!$C:$C,zips!$B:$B,F2016,zips!$E:$E,">0"))	3394.9785	54.5318	=IF(I2016="","",ROUND(G2016-I2016,2))	=IF(J2016="","",ROUND(H2016-J2016,2))
Invitation Homes	741 Lazy Crest Dr			76140	=IFERROR(INDEX(zips!$B:$B,MATCH(E2017,zips!$A:$A,0)),"")	=IFERROR(INDEX(zips!$E:$E,MATCH(E2017,zips!$A:$A,0)),"")	=IF(OR(F2017="",G2017=""),"",100*SUMIFS(zips!$C:$C,zips!$B:$B,F2017,zips!$E:$E,"<"&G2017)/SUMIFS(zips!$C:$C,zips!$B:$B,F2017,zips!$E:$E,">0"))	1160.6607	21.3716	=IF(I2017="","",ROUND(G2017-I2017,2))	=IF(J2017="","",ROUND(H2017-J2017,2))
Invitation Homes	324 Sonny Drive			76140	=IFERROR(INDEX(zips!$B:$B,MATCH(E2018,zips!$A:$A,0)),"")	=IFERROR(INDEX(zips!$E:$E,MATCH(E2018,zips!$A:$A,0)),"")	=IF(OR(F2018="",G2018=""),"",100*SUMIFS(zips!$C:$C,zips!$B:$B,F2018,zips!$E:$E,"<"&G2018)/SUMIFS(zips!$C:$C,zips!$B:$B,F2018,zips!$E:$E,">0"))	1160.6607	21.3716	=IF(I2018="","",ROUND(G2018-I2018,2))	=IF(J2018="","",ROUND(H2018-J2018,2))
Invitation Homes	301 Sambal Drive			76140	=IFERROR(INDEX(zips!$B:$B,MATCH(E2019,zips!$A:$A,0)),"")	=IFERROR(INDEX(zips!$E:$E,MATCH(E2019,zips!$A:$A,0)),"")	=IF(OR(F2019="",G2019=""),"",100*SUMIFS(zips!$C:$C,zips!$B:$B,F2019,zips!$E:$E,"<"&G2019)/SUMIFS(zips!$C:$C,zips!$B:$B,F2019,zips!$E:$E,">0"))	1160.6607	21.3716	=IF(I2019="","",ROUND(G2019-I2019,2))	=IF(J2019="","",ROUND(H2019-J2019,2))
Invitation Homes	1406 Chateau Ln			76063	=IFERROR(INDEX(zips!$B:$B,MATCH(E2020,zips!$A:$A,0)),"")	=IFERROR(INDEX(zips!$E:$E,MATCH(E2020,zips!$A:$A,0)),"")	=IF(OR(F2020="",G2020=""),"",100*SUMIFS(zips!$C:$C,zips!$B:$B,F2020,zips!$E:$E,"<"&G2020)/SUMIFS(zips!$C:$C,zips!$B:$B,F2020,zips!$E:$E,">0"))	1633.298	27.9273	=IF(I2020="","",ROUND(G2020-I2020,2))	=IF(J2020="","",ROUND(H2020-J2020,2))
Invitation Homes	1200 Cardinal Oaks Dr			76063	=IFERROR(INDEX(zips!$B:$B,MATCH(E2021,zips!$A:$A,0)),"")	=IFERROR(INDEX(zips!$E:$E,MATCH(E2021,zips!$A:$A,0)),"")	=IF(OR(F2021="",G2021=""),"",100*SUMIFS(zips!$C:$C,zips!$B:$B,F2021,zips!$E:$E,"<"&G2021)/SUMIFS(zips!$C:$C,zips!$B:$B,F2021,zips!$E:$E,">0"))	1633.298	27.9273	=IF(I2021="","",ROUND(G2021-I2021,2))	=IF(J2021="","",ROUND(H2021-J2021,2))
Invitation Homes	1342 Breckenridge Rd			76063	=IFERROR(INDEX(zips!$B:$B,MATCH(E2022,zips!$A:$A,0)),"")	=IFERROR(INDEX(zips!$E:$E,MATCH(E2022,zips!$A:$A,0)),"")	=IF(OR(F2022="",G2022=""),"",100*SUMIFS(zips!$C:$C,zips!$B:$B,F2022,zips!$E:$E,"<"&G2022)/SUMIFS(zips!$C:$C,zips!$B:$B,F2022,zips!$E:$E,">0"))	1633.298	27.9273	=IF(I2022="","",ROUND(G2022-I2022,2))	=IF(J2022="","",ROUND(H2022-J2022,2))
Invitation Homes	606 Ember Ln			76063	=IFERROR(INDEX(zips!$B:$B,MATCH(E2023,zips!$A:$A,0)),"")	=IFERROR(INDEX(zips!$E:$E,MATCH(E2023,zips!$A:$A,0)),"")	=IF(OR(F2023="",G2023=""),"",100*SUMIFS(zips!$C:$C,zips!$B:$B,F2023,zips!$E:$E,"<"&G2023)/SUMIFS(zips!$C:$C,zips!$B:$B,F2023,zips!$E:$E,">0"))	1633.298	27.9273	=IF(I2023="","",ROUND(G2023-I2023,2))	=IF(J2023="","",ROUND(H2023-J2023,2))
Invitation Homes	713 St Matthew Dr			76063	=IFERROR(INDEX(zips!$B:$B,MATCH(E2024,zips!$A:$A,0)),"")	=IFERROR(INDEX(zips!$E:$E,MATCH(E2024,zips!$A:$A,0)),"")	=IF(OR(F2024="",G2024=""),"",100*SUMIFS(zips!$C:$C,zips!$B:$B,F2024,zips!$E:$E,"<"&G2024)/SUMIFS(zips!$C:$C,zips!$B:$B,F2024,zips!$E:$E,">0"))	1633.298	27.9273	=IF(I2024="","",ROUND(G2024-I2024,2))	=IF(J2024="","",ROUND(H2024-J2024,2))
Invitation Homes	4808 Bluebird Ln			76063	=IFERROR(INDEX(zips!$B:$B,MATCH(E2025,zips!$A:$A,0)),"")	=IFERROR(INDEX(zips!$E:$E,MATCH(E2025,zips!$A:$A,0)),"")	=IF(OR(F2025="",G2025=""),"",100*SUMIFS(zips!$C:$C,zips!$B:$B,F2025,zips!$E:$E,"<"&G2025)/SUMIFS(zips!$C:$C,zips!$B:$B,F2025,zips!$E:$E,">0"))	1633.298	27.9273	=IF(I2025="","",ROUND(G2025-I2025,2))	=IF(J2025="","",ROUND(H2025-J2025,2))
Invitation Homes	3900 Calloway Dr			76063	=IFERROR(INDEX(zips!$B:$B,MATCH(E2026,zips!$A:$A,0)),"")	=IFERROR(INDEX(zips!$E:$E,MATCH(E2026,zips!$A:$A,0)),"")	=IF(OR(F2026="",G2026=""),"",100*SUMIFS(zips!$C:$C,zips!$B:$B,F2026,zips!$E:$E,"<"&G2026)/SUMIFS(zips!$C:$C,zips!$B:$B,F2026,zips!$E:$E,">0"))	1633.298	27.9273	=IF(I2026="","",ROUND(G2026-I2026,2))	=IF(J2026="","",ROUND(H2026-J2026,2))
Invitation Homes	3 Calloway Ct			76063	=IFERROR(INDEX(zips!$B:$B,MATCH(E2027,zips!$A:$A,0)),"")	=IFERROR(INDEX(zips!$E:$E,MATCH(E2027,zips!$A:$A,0)),"")	=IF(OR(F2027="",G2027=""),"",100*SUMIFS(zips!$C:$C,zips!$B:$B,F2027,zips!$E:$E,"<"&G2027)/SUMIFS(zips!$C:$C,zips!$B:$B,F2027,zips!$E:$E,">0"))	1633.298	27.9273	=IF(I2027="","",ROUND(G2027-I2027,2))	=IF(J2027="","",ROUND(H2027-J2027,2))
Invitation Homes	2206 Kingsley Dr			76063	=IFERROR(INDEX(zips!$B:$B,MATCH(E2028,zips!$A:$A,0)),"")	=IFERROR(INDEX(zips!$E:$E,MATCH(E2028,zips!$A:$A,0)),"")	=IF(OR(F2028="",G2028=""),"",100*SUMIFS(zips!$C:$C,zips!$B:$B,F2028,zips!$E:$E,"<"&G2028)/SUMIFS(zips!$C:$C,zips!$B:$B,F2028,zips!$E:$E,">0"))	1633.298	27.9273	=IF(I2028="","",ROUND(G2028-I2028,2))	=IF(J2028="","",ROUND(H2028-J2028,2))
Invitation Homes	1704 Windcastle Dr			76063	=IFERROR(INDEX(zips!$B:$B,MATCH(E2029,zips!$A:$A,0)),"")	=IFERROR(INDEX(zips!$E:$E,MATCH(E2029,zips!$A:$A,0)),"")	=IF(OR(F2029="",G2029=""),"",100*SUMIFS(zips!$C:$C,zips!$B:$B,F2029,zips!$E:$E,"<"&G2029)/SUMIFS(zips!$C:$C,zips!$B:$B,F2029,zips!$E:$E,">0"))	1633.298	27.9273	=IF(I2029="","",ROUND(G2029-I2029,2))	=IF(J2029="","",ROUND(H2029-J2029,2))
Invitation Homes	6205 Autumn Springs Dr			76001	=IFERROR(INDEX(zips!$B:$B,MATCH(E2030,zips!$A:$A,0)),"")	=IFERROR(INDEX(zips!$E:$E,MATCH(E2030,zips!$A:$A,0)),"")	=IF(OR(F2030="",G2030=""),"",100*SUMIFS(zips!$C:$C,zips!$B:$B,F2030,zips!$E:$E,"<"&G2030)/SUMIFS(zips!$C:$C,zips!$B:$B,F2030,zips!$E:$E,">0"))	3574.9602	60.2291	=IF(I2030="","",ROUND(G2030-I2030,2))	=IF(J2030="","",ROUND(H2030-J2030,2))
Invitation Homes	3168 Kingswood Ct			76063	=IFERROR(INDEX(zips!$B:$B,MATCH(E2031,zips!$A:$A,0)),"")	=IFERROR(INDEX(zips!$E:$E,MATCH(E2031,zips!$A:$A,0)),"")	=IF(OR(F2031="",G2031=""),"",100*SUMIFS(zips!$C:$C,zips!$B:$B,F2031,zips!$E:$E,"<"&G2031)/SUMIFS(zips!$C:$C,zips!$B:$B,F2031,zips!$E:$E,">0"))	1633.298	27.9273	=IF(I2031="","",ROUND(G2031-I2031,2))	=IF(J2031="","",ROUND(H2031-J2031,2))
Invitation Homes	7704 Cresswell Dr			76001	=IFERROR(INDEX(zips!$B:$B,MATCH(E2032,zips!$A:$A,0)),"")	=IFERROR(INDEX(zips!$E:$E,MATCH(E2032,zips!$A:$A,0)),"")	=IF(OR(F2032="",G2032=""),"",100*SUMIFS(zips!$C:$C,zips!$B:$B,F2032,zips!$E:$E,"<"&G2032)/SUMIFS(zips!$C:$C,zips!$B:$B,F2032,zips!$E:$E,">0"))	3574.9602	60.2291	=IF(I2032="","",ROUND(G2032-I2032,2))	=IF(J2032="","",ROUND(H2032-J2032,2))
Invitation Homes	3302 Hunter Cove Dr			76001	=IFERROR(INDEX(zips!$B:$B,MATCH(E2033,zips!$A:$A,0)),"")	=IFERROR(INDEX(zips!$E:$E,MATCH(E2033,zips!$A:$A,0)),"")	=IF(OR(F2033="",G2033=""),"",100*SUMIFS(zips!$C:$C,zips!$B:$B,F2033,zips!$E:$E,"<"&G2033)/SUMIFS(zips!$C:$C,zips!$B:$B,F2033,zips!$E:$E,">0"))	3574.9602	60.2291	=IF(I2033="","",ROUND(G2033-I2033,2))	=IF(J2033="","",ROUND(H2033-J2033,2))
Invitation Homes	5807 Polo Club Dr			76017	=IFERROR(INDEX(zips!$B:$B,MATCH(E2034,zips!$A:$A,0)),"")	=IFERROR(INDEX(zips!$E:$E,MATCH(E2034,zips!$A:$A,0)),"")	=IF(OR(F2034="",G2034=""),"",100*SUMIFS(zips!$C:$C,zips!$B:$B,F2034,zips!$E:$E,"<"&G2034)/SUMIFS(zips!$C:$C,zips!$B:$B,F2034,zips!$E:$E,">0"))	4606.6425	76.8091	=IF(I2034="","",ROUND(G2034-I2034,2))	=IF(J2034="","",ROUND(H2034-J2034,2))
Invitation Homes	6517 Forest Park			76001	=IFERROR(INDEX(zips!$B:$B,MATCH(E2035,zips!$A:$A,0)),"")	=IFERROR(INDEX(zips!$E:$E,MATCH(E2035,zips!$A:$A,0)),"")	=IF(OR(F2035="",G2035=""),"",100*SUMIFS(zips!$C:$C,zips!$B:$B,F2035,zips!$E:$E,"<"&G2035)/SUMIFS(zips!$C:$C,zips!$B:$B,F2035,zips!$E:$E,">0"))	3574.9602	60.2291	=IF(I2035="","",ROUND(G2035-I2035,2))	=IF(J2035="","",ROUND(H2035-J2035,2))
Invitation Homes	7006 Stetter Dr			76001	=IFERROR(INDEX(zips!$B:$B,MATCH(E2036,zips!$A:$A,0)),"")	=IFERROR(INDEX(zips!$E:$E,MATCH(E2036,zips!$A:$A,0)),"")	=IF(OR(F2036="",G2036=""),"",100*SUMIFS(zips!$C:$C,zips!$B:$B,F2036,zips!$E:$E,"<"&G2036)/SUMIFS(zips!$C:$C,zips!$B:$B,F2036,zips!$E:$E,">0"))	3574.9602	60.2291	=IF(I2036="","",ROUND(G2036-I2036,2))	=IF(J2036="","",ROUND(H2036-J2036,2))
Invitation Homes	6120 Pinwood Cir			76001	=IFERROR(INDEX(zips!$B:$B,MATCH(E2037,zips!$A:$A,0)),"")	=IFERROR(INDEX(zips!$E:$E,MATCH(E2037,zips!$A:$A,0)),"")	=IF(OR(F2037="",G2037=""),"",100*SUMIFS(zips!$C:$C,zips!$B:$B,F2037,zips!$E:$E,"<"&G2037)/SUMIFS(zips!$C:$C,zips!$B:$B,F2037,zips!$E:$E,">0"))	3574.9602	60.2291	=IF(I2037="","",ROUND(G2037-I2037,2))	=IF(J2037="","",ROUND(H2037-J2037,2))
Invitation Homes	6212 Berlinetta Dr			76001	=IFERROR(INDEX(zips!$B:$B,MATCH(E2038,zips!$A:$A,0)),"")	=IFERROR(INDEX(zips!$E:$E,MATCH(E2038,zips!$A:$A,0)),"")	=IF(OR(F2038="",G2038=""),"",100*SUMIFS(zips!$C:$C,zips!$B:$B,F2038,zips!$E:$E,"<"&G2038)/SUMIFS(zips!$C:$C,zips!$B:$B,F2038,zips!$E:$E,">0"))	3574.9602	60.2291	=IF(I2038="","",ROUND(G2038-I2038,2))	=IF(J2038="","",ROUND(H2038-J2038,2))
Invitation Homes	5403 Signal Peak Dr			76017	=IFERROR(INDEX(zips!$B:$B,MATCH(E2039,zips!$A:$A,0)),"")	=IFERROR(INDEX(zips!$E:$E,MATCH(E2039,zips!$A:$A,0)),"")	=IF(OR(F2039="",G2039=""),"",100*SUMIFS(zips!$C:$C,zips!$B:$B,F2039,zips!$E:$E,"<"&G2039)/SUMIFS(zips!$C:$C,zips!$B:$B,F2039,zips!$E:$E,">0"))	4606.6425	76.8091	=IF(I2039="","",ROUND(G2039-I2039,2))	=IF(J2039="","",ROUND(H2039-J2039,2))
Invitation Homes	5411 Rimrock Ct			76017	=IFERROR(INDEX(zips!$B:$B,MATCH(E2040,zips!$A:$A,0)),"")	=IFERROR(INDEX(zips!$E:$E,MATCH(E2040,zips!$A:$A,0)),"")	=IF(OR(F2040="",G2040=""),"",100*SUMIFS(zips!$C:$C,zips!$B:$B,F2040,zips!$E:$E,"<"&G2040)/SUMIFS(zips!$C:$C,zips!$B:$B,F2040,zips!$E:$E,">0"))	4606.6425	76.8091	=IF(I2040="","",ROUND(G2040-I2040,2))	=IF(J2040="","",ROUND(H2040-J2040,2))
Invitation Homes	5205 Hideaway Ct			76017	=IFERROR(INDEX(zips!$B:$B,MATCH(E2041,zips!$A:$A,0)),"")	=IFERROR(INDEX(zips!$E:$E,MATCH(E2041,zips!$A:$A,0)),"")	=IF(OR(F2041="",G2041=""),"",100*SUMIFS(zips!$C:$C,zips!$B:$B,F2041,zips!$E:$E,"<"&G2041)/SUMIFS(zips!$C:$C,zips!$B:$B,F2041,zips!$E:$E,">0"))	4606.6425	76.8091	=IF(I2041="","",ROUND(G2041-I2041,2))	=IF(J2041="","",ROUND(H2041-J2041,2))
Invitation Homes	3605 Willow Ridge Dr			76017	=IFERROR(INDEX(zips!$B:$B,MATCH(E2042,zips!$A:$A,0)),"")	=IFERROR(INDEX(zips!$E:$E,MATCH(E2042,zips!$A:$A,0)),"")	=IF(OR(F2042="",G2042=""),"",100*SUMIFS(zips!$C:$C,zips!$B:$B,F2042,zips!$E:$E,"<"&G2042)/SUMIFS(zips!$C:$C,zips!$B:$B,F2042,zips!$E:$E,">0"))	4606.6425	76.8091	=IF(I2042="","",ROUND(G2042-I2042,2))	=IF(J2042="","",ROUND(H2042-J2042,2))
Invitation Homes	2123 W Nathan Lowe Rd			76017	=IFERROR(INDEX(zips!$B:$B,MATCH(E2043,zips!$A:$A,0)),"")	=IFERROR(INDEX(zips!$E:$E,MATCH(E2043,zips!$A:$A,0)),"")	=IF(OR(F2043="",G2043=""),"",100*SUMIFS(zips!$C:$C,zips!$B:$B,F2043,zips!$E:$E,"<"&G2043)/SUMIFS(zips!$C:$C,zips!$B:$B,F2043,zips!$E:$E,">0"))	4606.6425	76.8091	=IF(I2043="","",ROUND(G2043-I2043,2))	=IF(J2043="","",ROUND(H2043-J2043,2))
Invitation Homes	2117 Cold Springs Dr			76017	=IFERROR(INDEX(zips!$B:$B,MATCH(E2044,zips!$A:$A,0)),"")	=IFERROR(INDEX(zips!$E:$E,MATCH(E2044,zips!$A:$A,0)),"")	=IF(OR(F2044="",G2044=""),"",100*SUMIFS(zips!$C:$C,zips!$B:$B,F2044,zips!$E:$E,"<"&G2044)/SUMIFS(zips!$C:$C,zips!$B:$B,F2044,zips!$E:$E,">0"))	4606.6425	76.8091	=IF(I2044="","",ROUND(G2044-I2044,2))	=IF(J2044="","",ROUND(H2044-J2044,2))
Invitation Homes	7915 Blue Duck Trl			76002	=IFERROR(INDEX(zips!$B:$B,MATCH(E2045,zips!$A:$A,0)),"")	=IFERROR(INDEX(zips!$E:$E,MATCH(E2045,zips!$A:$A,0)),"")	=IF(OR(F2045="",G2045=""),"",100*SUMIFS(zips!$C:$C,zips!$B:$B,F2045,zips!$E:$E,"<"&G2045)/SUMIFS(zips!$C:$C,zips!$B:$B,F2045,zips!$E:$E,">0"))	4626.2796	78.1176	=IF(I2045="","",ROUND(G2045-I2045,2))	=IF(J2045="","",ROUND(H2045-J2045,2))
Invitation Homes	7419 Lake Front Trl			76002	=IFERROR(INDEX(zips!$B:$B,MATCH(E2046,zips!$A:$A,0)),"")	=IFERROR(INDEX(zips!$E:$E,MATCH(E2046,zips!$A:$A,0)),"")	=IF(OR(F2046="",G2046=""),"",100*SUMIFS(zips!$C:$C,zips!$B:$B,F2046,zips!$E:$E,"<"&G2046)/SUMIFS(zips!$C:$C,zips!$B:$B,F2046,zips!$E:$E,">0"))	4626.2796	78.1176	=IF(I2046="","",ROUND(G2046-I2046,2))	=IF(J2046="","",ROUND(H2046-J2046,2))
Invitation Homes	8000 Stowe Springs			76002	=IFERROR(INDEX(zips!$B:$B,MATCH(E2047,zips!$A:$A,0)),"")	=IFERROR(INDEX(zips!$E:$E,MATCH(E2047,zips!$A:$A,0)),"")	=IF(OR(F2047="",G2047=""),"",100*SUMIFS(zips!$C:$C,zips!$B:$B,F2047,zips!$E:$E,"<"&G2047)/SUMIFS(zips!$C:$C,zips!$B:$B,F2047,zips!$E:$E,">0"))	4626.2796	78.1176	=IF(I2047="","",ROUND(G2047-I2047,2))	=IF(J2047="","",ROUND(H2047-J2047,2))
Invitation Homes	8139 Mossberg Dr			76002	=IFERROR(INDEX(zips!$B:$B,MATCH(E2048,zips!$A:$A,0)),"")	=IFERROR(INDEX(zips!$E:$E,MATCH(E2048,zips!$A:$A,0)),"")	=IF(OR(F2048="",G2048=""),"",100*SUMIFS(zips!$C:$C,zips!$B:$B,F2048,zips!$E:$E,"<"&G2048)/SUMIFS(zips!$C:$C,zips!$B:$B,F2048,zips!$E:$E,">0"))	4626.2796	78.1176	=IF(I2048="","",ROUND(G2048-I2048,2))	=IF(J2048="","",ROUND(H2048-J2048,2))
Invitation Homes	6808 Running Creek Dr			76001	=IFERROR(INDEX(zips!$B:$B,MATCH(E2049,zips!$A:$A,0)),"")	=IFERROR(INDEX(zips!$E:$E,MATCH(E2049,zips!$A:$A,0)),"")	=IF(OR(F2049="",G2049=""),"",100*SUMIFS(zips!$C:$C,zips!$B:$B,F2049,zips!$E:$E,"<"&G2049)/SUMIFS(zips!$C:$C,zips!$B:$B,F2049,zips!$E:$E,">0"))	3574.9602	60.2291	=IF(I2049="","",ROUND(G2049-I2049,2))	=IF(J2049="","",ROUND(H2049-J2049,2))
Invitation Homes	709 W Lynn Creek Dr			76001	=IFERROR(INDEX(zips!$B:$B,MATCH(E2050,zips!$A:$A,0)),"")	=IFERROR(INDEX(zips!$E:$E,MATCH(E2050,zips!$A:$A,0)),"")	=IF(OR(F2050="",G2050=""),"",100*SUMIFS(zips!$C:$C,zips!$B:$B,F2050,zips!$E:$E,"<"&G2050)/SUMIFS(zips!$C:$C,zips!$B:$B,F2050,zips!$E:$E,">0"))	3574.9602	60.2291	=IF(I2050="","",ROUND(G2050-I2050,2))	=IF(J2050="","",ROUND(H2050-J2050,2))
Invitation Homes	6619 Tabor Dr			76002	=IFERROR(INDEX(zips!$B:$B,MATCH(E2051,zips!$A:$A,0)),"")	=IFERROR(INDEX(zips!$E:$E,MATCH(E2051,zips!$A:$A,0)),"")	=IF(OR(F2051="",G2051=""),"",100*SUMIFS(zips!$C:$C,zips!$B:$B,F2051,zips!$E:$E,"<"&G2051)/SUMIFS(zips!$C:$C,zips!$B:$B,F2051,zips!$E:$E,">0"))	4626.2796	78.1176	=IF(I2051="","",ROUND(G2051-I2051,2))	=IF(J2051="","",ROUND(H2051-J2051,2))
Invitation Homes	758 Bonnet Trl			76001	=IFERROR(INDEX(zips!$B:$B,MATCH(E2052,zips!$A:$A,0)),"")	=IFERROR(INDEX(zips!$E:$E,MATCH(E2052,zips!$A:$A,0)),"")	=IF(OR(F2052="",G2052=""),"",100*SUMIFS(zips!$C:$C,zips!$B:$B,F2052,zips!$E:$E,"<"&G2052)/SUMIFS(zips!$C:$C,zips!$B:$B,F2052,zips!$E:$E,">0"))	3574.9602	60.2291	=IF(I2052="","",ROUND(G2052-I2052,2))	=IF(J2052="","",ROUND(H2052-J2052,2))
Invitation Homes	767 Bonnet Trl			76001	=IFERROR(INDEX(zips!$B:$B,MATCH(E2053,zips!$A:$A,0)),"")	=IFERROR(INDEX(zips!$E:$E,MATCH(E2053,zips!$A:$A,0)),"")	=IF(OR(F2053="",G2053=""),"",100*SUMIFS(zips!$C:$C,zips!$B:$B,F2053,zips!$E:$E,"<"&G2053)/SUMIFS(zips!$C:$C,zips!$B:$B,F2053,zips!$E:$E,">0"))	3574.9602	60.2291	=IF(I2053="","",ROUND(G2053-I2053,2))	=IF(J2053="","",ROUND(H2053-J2053,2))
Invitation Homes	6423 Blue Trl			76001	=IFERROR(INDEX(zips!$B:$B,MATCH(E2054,zips!$A:$A,0)),"")	=IFERROR(INDEX(zips!$E:$E,MATCH(E2054,zips!$A:$A,0)),"")	=IF(OR(F2054="",G2054=""),"",100*SUMIFS(zips!$C:$C,zips!$B:$B,F2054,zips!$E:$E,"<"&G2054)/SUMIFS(zips!$C:$C,zips!$B:$B,F2054,zips!$E:$E,">0"))	3574.9602	60.2291	=IF(I2054="","",ROUND(G2054-I2054,2))	=IF(J2054="","",ROUND(H2054-J2054,2))
Invitation Homes	6427 Blue Trl			76001	=IFERROR(INDEX(zips!$B:$B,MATCH(E2055,zips!$A:$A,0)),"")	=IFERROR(INDEX(zips!$E:$E,MATCH(E2055,zips!$A:$A,0)),"")	=IF(OR(F2055="",G2055=""),"",100*SUMIFS(zips!$C:$C,zips!$B:$B,F2055,zips!$E:$E,"<"&G2055)/SUMIFS(zips!$C:$C,zips!$B:$B,F2055,zips!$E:$E,">0"))	3574.9602	60.2291	=IF(I2055="","",ROUND(G2055-I2055,2))	=IF(J2055="","",ROUND(H2055-J2055,2))
Invitation Homes	6452 Blue Trl			76001	=IFERROR(INDEX(zips!$B:$B,MATCH(E2056,zips!$A:$A,0)),"")	=IFERROR(INDEX(zips!$E:$E,MATCH(E2056,zips!$A:$A,0)),"")	=IF(OR(F2056="",G2056=""),"",100*SUMIFS(zips!$C:$C,zips!$B:$B,F2056,zips!$E:$E,"<"&G2056)/SUMIFS(zips!$C:$C,zips!$B:$B,F2056,zips!$E:$E,">0"))	3574.9602	60.2291	=IF(I2056="","",ROUND(G2056-I2056,2))	=IF(J2056="","",ROUND(H2056-J2056,2))
Invitation Homes	6442 Blue Trl			76001	=IFERROR(INDEX(zips!$B:$B,MATCH(E2057,zips!$A:$A,0)),"")	=IFERROR(INDEX(zips!$E:$E,MATCH(E2057,zips!$A:$A,0)),"")	=IF(OR(F2057="",G2057=""),"",100*SUMIFS(zips!$C:$C,zips!$B:$B,F2057,zips!$E:$E,"<"&G2057)/SUMIFS(zips!$C:$C,zips!$B:$B,F2057,zips!$E:$E,">0"))	3574.9602	60.2291	=IF(I2057="","",ROUND(G2057-I2057,2))	=IF(J2057="","",ROUND(H2057-J2057,2))
Invitation Homes	727 Bonnet Trl			76001	=IFERROR(INDEX(zips!$B:$B,MATCH(E2058,zips!$A:$A,0)),"")	=IFERROR(INDEX(zips!$E:$E,MATCH(E2058,zips!$A:$A,0)),"")	=IF(OR(F2058="",G2058=""),"",100*SUMIFS(zips!$C:$C,zips!$B:$B,F2058,zips!$E:$E,"<"&G2058)/SUMIFS(zips!$C:$C,zips!$B:$B,F2058,zips!$E:$E,">0"))	3574.9602	60.2291	=IF(I2058="","",ROUND(G2058-I2058,2))	=IF(J2058="","",ROUND(H2058-J2058,2))
Invitation Homes	6406 Blue Trl			76001	=IFERROR(INDEX(zips!$B:$B,MATCH(E2059,zips!$A:$A,0)),"")	=IFERROR(INDEX(zips!$E:$E,MATCH(E2059,zips!$A:$A,0)),"")	=IF(OR(F2059="",G2059=""),"",100*SUMIFS(zips!$C:$C,zips!$B:$B,F2059,zips!$E:$E,"<"&G2059)/SUMIFS(zips!$C:$C,zips!$B:$B,F2059,zips!$E:$E,">0"))	3574.9602	60.2291	=IF(I2059="","",ROUND(G2059-I2059,2))	=IF(J2059="","",ROUND(H2059-J2059,2))
Invitation Homes	6410 Blue Trl			76001	=IFERROR(INDEX(zips!$B:$B,MATCH(E2060,zips!$A:$A,0)),"")	=IFERROR(INDEX(zips!$E:$E,MATCH(E2060,zips!$A:$A,0)),"")	=IF(OR(F2060="",G2060=""),"",100*SUMIFS(zips!$C:$C,zips!$B:$B,F2060,zips!$E:$E,"<"&G2060)/SUMIFS(zips!$C:$C,zips!$B:$B,F2060,zips!$E:$E,">0"))	3574.9602	60.2291	=IF(I2060="","",ROUND(G2060-I2060,2))	=IF(J2060="","",ROUND(H2060-J2060,2))
Invitation Homes	6422 Blue Trl			76001	=IFERROR(INDEX(zips!$B:$B,MATCH(E2061,zips!$A:$A,0)),"")	=IFERROR(INDEX(zips!$E:$E,MATCH(E2061,zips!$A:$A,0)),"")	=IF(OR(F2061="",G2061=""),"",100*SUMIFS(zips!$C:$C,zips!$B:$B,F2061,zips!$E:$E,"<"&G2061)/SUMIFS(zips!$C:$C,zips!$B:$B,F2061,zips!$E:$E,">0"))	3574.9602	60.2291	=IF(I2061="","",ROUND(G2061-I2061,2))	=IF(J2061="","",ROUND(H2061-J2061,2))
Invitation Homes	6426 Blue Trl			76001	=IFERROR(INDEX(zips!$B:$B,MATCH(E2062,zips!$A:$A,0)),"")	=IFERROR(INDEX(zips!$E:$E,MATCH(E2062,zips!$A:$A,0)),"")	=IF(OR(F2062="",G2062=""),"",100*SUMIFS(zips!$C:$C,zips!$B:$B,F2062,zips!$E:$E,"<"&G2062)/SUMIFS(zips!$C:$C,zips!$B:$B,F2062,zips!$E:$E,">0"))	3574.9602	60.2291	=IF(I2062="","",ROUND(G2062-I2062,2))	=IF(J2062="","",ROUND(H2062-J2062,2))
Invitation Homes	1304 Brookmeadow Ct			76018	=IFERROR(INDEX(zips!$B:$B,MATCH(E2063,zips!$A:$A,0)),"")	=IFERROR(INDEX(zips!$E:$E,MATCH(E2063,zips!$A:$A,0)),"")	=IF(OR(F2063="",G2063=""),"",100*SUMIFS(zips!$C:$C,zips!$B:$B,F2063,zips!$E:$E,"<"&G2063)/SUMIFS(zips!$C:$C,zips!$B:$B,F2063,zips!$E:$E,">0"))	3423.7871	55.9477	=IF(I2063="","",ROUND(G2063-I2063,2))	=IF(J2063="","",ROUND(H2063-J2063,2))
Invitation Homes	2952 Volturno Dr			75052	=IFERROR(INDEX(zips!$B:$B,MATCH(E2064,zips!$A:$A,0)),"")	=IFERROR(INDEX(zips!$E:$E,MATCH(E2064,zips!$A:$A,0)),"")	=IF(OR(F2064="",G2064=""),"",100*SUMIFS(zips!$C:$C,zips!$B:$B,F2064,zips!$E:$E,"<"&G2064)/SUMIFS(zips!$C:$C,zips!$B:$B,F2064,zips!$E:$E,">0"))	3610.7015	61.0961	=IF(I2064="","",ROUND(G2064-I2064,2))	=IF(J2064="","",ROUND(H2064-J2064,2))
Invitation Homes	3128 Teodoro Dr			75052	=IFERROR(INDEX(zips!$B:$B,MATCH(E2065,zips!$A:$A,0)),"")	=IFERROR(INDEX(zips!$E:$E,MATCH(E2065,zips!$A:$A,0)),"")	=IF(OR(F2065="",G2065=""),"",100*SUMIFS(zips!$C:$C,zips!$B:$B,F2065,zips!$E:$E,"<"&G2065)/SUMIFS(zips!$C:$C,zips!$B:$B,F2065,zips!$E:$E,">0"))	3610.7015	61.0961	=IF(I2065="","",ROUND(G2065-I2065,2))	=IF(J2065="","",ROUND(H2065-J2065,2))
Invitation Homes	501 Kalmia Dr			76018	=IFERROR(INDEX(zips!$B:$B,MATCH(E2066,zips!$A:$A,0)),"")	=IFERROR(INDEX(zips!$E:$E,MATCH(E2066,zips!$A:$A,0)),"")	=IF(OR(F2066="",G2066=""),"",100*SUMIFS(zips!$C:$C,zips!$B:$B,F2066,zips!$E:$E,"<"&G2066)/SUMIFS(zips!$C:$C,zips!$B:$B,F2066,zips!$E:$E,">0"))	3423.7871	55.9477	=IF(I2066="","",ROUND(G2066-I2066,2))	=IF(J2066="","",ROUND(H2066-J2066,2))
Invitation Homes	5521 Safari			76018	=IFERROR(INDEX(zips!$B:$B,MATCH(E2067,zips!$A:$A,0)),"")	=IFERROR(INDEX(zips!$E:$E,MATCH(E2067,zips!$A:$A,0)),"")	=IF(OR(F2067="",G2067=""),"",100*SUMIFS(zips!$C:$C,zips!$B:$B,F2067,zips!$E:$E,"<"&G2067)/SUMIFS(zips!$C:$C,zips!$B:$B,F2067,zips!$E:$E,">0"))	3423.7871	55.9477	=IF(I2067="","",ROUND(G2067-I2067,2))	=IF(J2067="","",ROUND(H2067-J2067,2))
Invitation Homes	4800 Hollow Tree Dr			76018	=IFERROR(INDEX(zips!$B:$B,MATCH(E2068,zips!$A:$A,0)),"")	=IFERROR(INDEX(zips!$E:$E,MATCH(E2068,zips!$A:$A,0)),"")	=IF(OR(F2068="",G2068=""),"",100*SUMIFS(zips!$C:$C,zips!$B:$B,F2068,zips!$E:$E,"<"&G2068)/SUMIFS(zips!$C:$C,zips!$B:$B,F2068,zips!$E:$E,">0"))	3423.7871	55.9477	=IF(I2068="","",ROUND(G2068-I2068,2))	=IF(J2068="","",ROUND(H2068-J2068,2))
Invitation Homes	1721 Glenview Ln			76014	=IFERROR(INDEX(zips!$B:$B,MATCH(E2069,zips!$A:$A,0)),"")	=IFERROR(INDEX(zips!$E:$E,MATCH(E2069,zips!$A:$A,0)),"")	=IF(OR(F2069="",G2069=""),"",100*SUMIFS(zips!$C:$C,zips!$B:$B,F2069,zips!$E:$E,"<"&G2069)/SUMIFS(zips!$C:$C,zips!$B:$B,F2069,zips!$E:$E,">0"))	5750.8717	91.8907	=IF(I2069="","",ROUND(G2069-I2069,2))	=IF(J2069="","",ROUND(H2069-J2069,2))
Invitation Homes	2841 Garden Grove Rd			75052	=IFERROR(INDEX(zips!$B:$B,MATCH(E2070,zips!$A:$A,0)),"")	=IFERROR(INDEX(zips!$E:$E,MATCH(E2070,zips!$A:$A,0)),"")	=IF(OR(F2070="",G2070=""),"",100*SUMIFS(zips!$C:$C,zips!$B:$B,F2070,zips!$E:$E,"<"&G2070)/SUMIFS(zips!$C:$C,zips!$B:$B,F2070,zips!$E:$E,">0"))	3610.7015	61.0961	=IF(I2070="","",ROUND(G2070-I2070,2))	=IF(J2070="","",ROUND(H2070-J2070,2))
Invitation Homes	4634 Lincolnshire Dr			75052	=IFERROR(INDEX(zips!$B:$B,MATCH(E2071,zips!$A:$A,0)),"")	=IFERROR(INDEX(zips!$E:$E,MATCH(E2071,zips!$A:$A,0)),"")	=IF(OR(F2071="",G2071=""),"",100*SUMIFS(zips!$C:$C,zips!$B:$B,F2071,zips!$E:$E,"<"&G2071)/SUMIFS(zips!$C:$C,zips!$B:$B,F2071,zips!$E:$E,">0"))	3610.7015	61.0961	=IF(I2071="","",ROUND(G2071-I2071,2))	=IF(J2071="","",ROUND(H2071-J2071,2))
Invitation Homes	2860 Ironwood Dr			75052	=IFERROR(INDEX(zips!$B:$B,MATCH(E2072,zips!$A:$A,0)),"")	=IFERROR(INDEX(zips!$E:$E,MATCH(E2072,zips!$A:$A,0)),"")	=IF(OR(F2072="",G2072=""),"",100*SUMIFS(zips!$C:$C,zips!$B:$B,F2072,zips!$E:$E,"<"&G2072)/SUMIFS(zips!$C:$C,zips!$B:$B,F2072,zips!$E:$E,">0"))	3610.7015	61.0961	=IF(I2072="","",ROUND(G2072-I2072,2))	=IF(J2072="","",ROUND(H2072-J2072,2))
Invitation Homes	308 Red Dr			76008	=IFERROR(INDEX(zips!$B:$B,MATCH(E2073,zips!$A:$A,0)),"")	=IFERROR(INDEX(zips!$E:$E,MATCH(E2073,zips!$A:$A,0)),"")	=IF(OR(F2073="",G2073=""),"",100*SUMIFS(zips!$C:$C,zips!$B:$B,F2073,zips!$E:$E,"<"&G2073)/SUMIFS(zips!$C:$C,zips!$B:$B,F2073,zips!$E:$E,">0"))	303.1929	7.8424	=IF(I2073="","",ROUND(G2073-I2073,2))	=IF(J2073="","",ROUND(H2073-J2073,2))
Invitation Homes	134 Muirfield Dr			76008	=IFERROR(INDEX(zips!$B:$B,MATCH(E2074,zips!$A:$A,0)),"")	=IFERROR(INDEX(zips!$E:$E,MATCH(E2074,zips!$A:$A,0)),"")	=IF(OR(F2074="",G2074=""),"",100*SUMIFS(zips!$C:$C,zips!$B:$B,F2074,zips!$E:$E,"<"&G2074)/SUMIFS(zips!$C:$C,zips!$B:$B,F2074,zips!$E:$E,">0"))	303.1929	7.8424	=IF(I2074="","",ROUND(G2074-I2074,2))	=IF(J2074="","",ROUND(H2074-J2074,2))
Invitation Homes	10200 Cypress Hills Dr			76108	=IFERROR(INDEX(zips!$B:$B,MATCH(E2075,zips!$A:$A,0)),"")	=IFERROR(INDEX(zips!$E:$E,MATCH(E2075,zips!$A:$A,0)),"")	=IF(OR(F2075="",G2075=""),"",100*SUMIFS(zips!$C:$C,zips!$B:$B,F2075,zips!$E:$E,"<"&G2075)/SUMIFS(zips!$C:$C,zips!$B:$B,F2075,zips!$E:$E,">0"))	1038.7061	20.1545	=IF(I2075="","",ROUND(G2075-I2075,2))	=IF(J2075="","",ROUND(H2075-J2075,2))
Invitation Homes	11112 Santana Drive			76108	=IFERROR(INDEX(zips!$B:$B,MATCH(E2076,zips!$A:$A,0)),"")	=IFERROR(INDEX(zips!$E:$E,MATCH(E2076,zips!$A:$A,0)),"")	=IF(OR(F2076="",G2076=""),"",100*SUMIFS(zips!$C:$C,zips!$B:$B,F2076,zips!$E:$E,"<"&G2076)/SUMIFS(zips!$C:$C,zips!$B:$B,F2076,zips!$E:$E,">0"))	1038.7061	20.1545	=IF(I2076="","",ROUND(G2076-I2076,2))	=IF(J2076="","",ROUND(H2076-J2076,2))
Invitation Homes	11101 Santana Drive			76108	=IFERROR(INDEX(zips!$B:$B,MATCH(E2077,zips!$A:$A,0)),"")	=IFERROR(INDEX(zips!$E:$E,MATCH(E2077,zips!$A:$A,0)),"")	=IF(OR(F2077="",G2077=""),"",100*SUMIFS(zips!$C:$C,zips!$B:$B,F2077,zips!$E:$E,"<"&G2077)/SUMIFS(zips!$C:$C,zips!$B:$B,F2077,zips!$E:$E,">0"))	1038.7061	20.1545	=IF(I2077="","",ROUND(G2077-I2077,2))	=IF(J2077="","",ROUND(H2077-J2077,2))
Invitation Homes	11221 Tolleson Street			76108	=IFERROR(INDEX(zips!$B:$B,MATCH(E2078,zips!$A:$A,0)),"")	=IFERROR(INDEX(zips!$E:$E,MATCH(E2078,zips!$A:$A,0)),"")	=IF(OR(F2078="",G2078=""),"",100*SUMIFS(zips!$C:$C,zips!$B:$B,F2078,zips!$E:$E,"<"&G2078)/SUMIFS(zips!$C:$C,zips!$B:$B,F2078,zips!$E:$E,">0"))	1038.7061	20.1545	=IF(I2078="","",ROUND(G2078-I2078,2))	=IF(J2078="","",ROUND(H2078-J2078,2))
Invitation Homes	1029 Sleepy Owl Ln			76108	=IFERROR(INDEX(zips!$B:$B,MATCH(E2079,zips!$A:$A,0)),"")	=IFERROR(INDEX(zips!$E:$E,MATCH(E2079,zips!$A:$A,0)),"")	=IF(OR(F2079="",G2079=""),"",100*SUMIFS(zips!$C:$C,zips!$B:$B,F2079,zips!$E:$E,"<"&G2079)/SUMIFS(zips!$C:$C,zips!$B:$B,F2079,zips!$E:$E,">0"))	1038.7061	20.1545	=IF(I2079="","",ROUND(G2079-I2079,2))	=IF(J2079="","",ROUND(H2079-J2079,2))
Invitation Homes	905 Mountain Goat Ln			76108	=IFERROR(INDEX(zips!$B:$B,MATCH(E2080,zips!$A:$A,0)),"")	=IFERROR(INDEX(zips!$E:$E,MATCH(E2080,zips!$A:$A,0)),"")	=IF(OR(F2080="",G2080=""),"",100*SUMIFS(zips!$C:$C,zips!$B:$B,F2080,zips!$E:$E,"<"&G2080)/SUMIFS(zips!$C:$C,zips!$B:$B,F2080,zips!$E:$E,">0"))	1038.7061	20.1545	=IF(I2080="","",ROUND(G2080-I2080,2))	=IF(J2080="","",ROUND(H2080-J2080,2))
Invitation Homes	9324 Jason Ct			76108	=IFERROR(INDEX(zips!$B:$B,MATCH(E2081,zips!$A:$A,0)),"")	=IFERROR(INDEX(zips!$E:$E,MATCH(E2081,zips!$A:$A,0)),"")	=IF(OR(F2081="",G2081=""),"",100*SUMIFS(zips!$C:$C,zips!$B:$B,F2081,zips!$E:$E,"<"&G2081)/SUMIFS(zips!$C:$C,zips!$B:$B,F2081,zips!$E:$E,">0"))	1038.7061	20.1545	=IF(I2081="","",ROUND(G2081-I2081,2))	=IF(J2081="","",ROUND(H2081-J2081,2))
Invitation Homes	4824 Lyndon			76116	=IFERROR(INDEX(zips!$B:$B,MATCH(E2082,zips!$A:$A,0)),"")	=IFERROR(INDEX(zips!$E:$E,MATCH(E2082,zips!$A:$A,0)),"")	=IF(OR(F2082="",G2082=""),"",100*SUMIFS(zips!$C:$C,zips!$B:$B,F2082,zips!$E:$E,"<"&G2082)/SUMIFS(zips!$C:$C,zips!$B:$B,F2082,zips!$E:$E,">0"))	4044.6923	69.8657	=IF(I2082="","",ROUND(G2082-I2082,2))	=IF(J2082="","",ROUND(H2082-J2082,2))
Invitation Homes	4405 Wellesley			76107	=IFERROR(INDEX(zips!$B:$B,MATCH(E2083,zips!$A:$A,0)),"")	=IFERROR(INDEX(zips!$E:$E,MATCH(E2083,zips!$A:$A,0)),"")	=IF(OR(F2083="",G2083=""),"",100*SUMIFS(zips!$C:$C,zips!$B:$B,F2083,zips!$E:$E,"<"&G2083)/SUMIFS(zips!$C:$C,zips!$B:$B,F2083,zips!$E:$E,">0"))	2903.5931	43.7015	=IF(I2083="","",ROUND(G2083-I2083,2))	=IF(J2083="","",ROUND(H2083-J2083,2))
Invitation Homes	6133 River Pointe			76114	=IFERROR(INDEX(zips!$B:$B,MATCH(E2084,zips!$A:$A,0)),"")	=IFERROR(INDEX(zips!$E:$E,MATCH(E2084,zips!$A:$A,0)),"")	=IF(OR(F2084="",G2084=""),"",100*SUMIFS(zips!$C:$C,zips!$B:$B,F2084,zips!$E:$E,"<"&G2084)/SUMIFS(zips!$C:$C,zips!$B:$B,F2084,zips!$E:$E,">0"))	2752.9424	39.4747	=IF(I2084="","",ROUND(G2084-I2084,2))	=IF(J2084="","",ROUND(H2084-J2084,2))
Invitation Homes	6312 Longmont Trl			76179	=IFERROR(INDEX(zips!$B:$B,MATCH(E2085,zips!$A:$A,0)),"")	=IFERROR(INDEX(zips!$E:$E,MATCH(E2085,zips!$A:$A,0)),"")	=IF(OR(F2085="",G2085=""),"",100*SUMIFS(zips!$C:$C,zips!$B:$B,F2085,zips!$E:$E,"<"&G2085)/SUMIFS(zips!$C:$C,zips!$B:$B,F2085,zips!$E:$E,">0"))	1474.423	25.5145	=IF(I2085="","",ROUND(G2085-I2085,2))	=IF(J2085="","",ROUND(H2085-J2085,2))
Invitation Homes	5601 Heatherglen Ter			76179	=IFERROR(INDEX(zips!$B:$B,MATCH(E2086,zips!$A:$A,0)),"")	=IFERROR(INDEX(zips!$E:$E,MATCH(E2086,zips!$A:$A,0)),"")	=IF(OR(F2086="",G2086=""),"",100*SUMIFS(zips!$C:$C,zips!$B:$B,F2086,zips!$E:$E,"<"&G2086)/SUMIFS(zips!$C:$C,zips!$B:$B,F2086,zips!$E:$E,">0"))	1474.423	25.5145	=IF(I2086="","",ROUND(G2086-I2086,2))	=IF(J2086="","",ROUND(H2086-J2086,2))
Invitation Homes	7221 Little Mohican Dr			76179	=IFERROR(INDEX(zips!$B:$B,MATCH(E2087,zips!$A:$A,0)),"")	=IFERROR(INDEX(zips!$E:$E,MATCH(E2087,zips!$A:$A,0)),"")	=IF(OR(F2087="",G2087=""),"",100*SUMIFS(zips!$C:$C,zips!$B:$B,F2087,zips!$E:$E,"<"&G2087)/SUMIFS(zips!$C:$C,zips!$B:$B,F2087,zips!$E:$E,">0"))	1474.423	25.5145	=IF(I2087="","",ROUND(G2087-I2087,2))	=IF(J2087="","",ROUND(H2087-J2087,2))
Invitation Homes	7069 Meandering Creek Ln			76179	=IFERROR(INDEX(zips!$B:$B,MATCH(E2088,zips!$A:$A,0)),"")	=IFERROR(INDEX(zips!$E:$E,MATCH(E2088,zips!$A:$A,0)),"")	=IF(OR(F2088="",G2088=""),"",100*SUMIFS(zips!$C:$C,zips!$B:$B,F2088,zips!$E:$E,"<"&G2088)/SUMIFS(zips!$C:$C,zips!$B:$B,F2088,zips!$E:$E,">0"))	1474.423	25.5145	=IF(I2088="","",ROUND(G2088-I2088,2))	=IF(J2088="","",ROUND(H2088-J2088,2))
Invitation Homes	5121 Hidden Treasure Ln			76179	=IFERROR(INDEX(zips!$B:$B,MATCH(E2089,zips!$A:$A,0)),"")	=IFERROR(INDEX(zips!$E:$E,MATCH(E2089,zips!$A:$A,0)),"")	=IF(OR(F2089="",G2089=""),"",100*SUMIFS(zips!$C:$C,zips!$B:$B,F2089,zips!$E:$E,"<"&G2089)/SUMIFS(zips!$C:$C,zips!$B:$B,F2089,zips!$E:$E,">0"))	1474.423	25.5145	=IF(I2089="","",ROUND(G2089-I2089,2))	=IF(J2089="","",ROUND(H2089-J2089,2))
Invitation Homes	5105 Hidden Treasure Ln			76179	=IFERROR(INDEX(zips!$B:$B,MATCH(E2090,zips!$A:$A,0)),"")	=IFERROR(INDEX(zips!$E:$E,MATCH(E2090,zips!$A:$A,0)),"")	=IF(OR(F2090="",G2090=""),"",100*SUMIFS(zips!$C:$C,zips!$B:$B,F2090,zips!$E:$E,"<"&G2090)/SUMIFS(zips!$C:$C,zips!$B:$B,F2090,zips!$E:$E,">0"))	1474.423	25.5145	=IF(I2090="","",ROUND(G2090-I2090,2))	=IF(J2090="","",ROUND(H2090-J2090,2))
Invitation Homes	7101 Landings Edge Rd			76179	=IFERROR(INDEX(zips!$B:$B,MATCH(E2091,zips!$A:$A,0)),"")	=IFERROR(INDEX(zips!$E:$E,MATCH(E2091,zips!$A:$A,0)),"")	=IF(OR(F2091="",G2091=""),"",100*SUMIFS(zips!$C:$C,zips!$B:$B,F2091,zips!$E:$E,"<"&G2091)/SUMIFS(zips!$C:$C,zips!$B:$B,F2091,zips!$E:$E,">0"))	1474.423	25.5145	=IF(I2091="","",ROUND(G2091-I2091,2))	=IF(J2091="","",ROUND(H2091-J2091,2))
Invitation Homes	7132 Landings Edge Rd			76179	=IFERROR(INDEX(zips!$B:$B,MATCH(E2092,zips!$A:$A,0)),"")	=IFERROR(INDEX(zips!$E:$E,MATCH(E2092,zips!$A:$A,0)),"")	=IF(OR(F2092="",G2092=""),"",100*SUMIFS(zips!$C:$C,zips!$B:$B,F2092,zips!$E:$E,"<"&G2092)/SUMIFS(zips!$C:$C,zips!$B:$B,F2092,zips!$E:$E,">0"))	1474.423	25.5145	=IF(I2092="","",ROUND(G2092-I2092,2))	=IF(J2092="","",ROUND(H2092-J2092,2))
Invitation Homes	7109 Landings Edge Rd			76179	=IFERROR(INDEX(zips!$B:$B,MATCH(E2093,zips!$A:$A,0)),"")	=IFERROR(INDEX(zips!$E:$E,MATCH(E2093,zips!$A:$A,0)),"")	=IF(OR(F2093="",G2093=""),"",100*SUMIFS(zips!$C:$C,zips!$B:$B,F2093,zips!$E:$E,"<"&G2093)/SUMIFS(zips!$C:$C,zips!$B:$B,F2093,zips!$E:$E,">0"))	1474.423	25.5145	=IF(I2093="","",ROUND(G2093-I2093,2))	=IF(J2093="","",ROUND(H2093-J2093,2))
Invitation Homes	7249 Misty Summit Dr			76179	=IFERROR(INDEX(zips!$B:$B,MATCH(E2094,zips!$A:$A,0)),"")	=IFERROR(INDEX(zips!$E:$E,MATCH(E2094,zips!$A:$A,0)),"")	=IF(OR(F2094="",G2094=""),"",100*SUMIFS(zips!$C:$C,zips!$B:$B,F2094,zips!$E:$E,"<"&G2094)/SUMIFS(zips!$C:$C,zips!$B:$B,F2094,zips!$E:$E,">0"))	1474.423	25.5145	=IF(I2094="","",ROUND(G2094-I2094,2))	=IF(J2094="","",ROUND(H2094-J2094,2))
Invitation Homes	7216 Misty Summit Dr			76179	=IFERROR(INDEX(zips!$B:$B,MATCH(E2095,zips!$A:$A,0)),"")	=IFERROR(INDEX(zips!$E:$E,MATCH(E2095,zips!$A:$A,0)),"")	=IF(OR(F2095="",G2095=""),"",100*SUMIFS(zips!$C:$C,zips!$B:$B,F2095,zips!$E:$E,"<"&G2095)/SUMIFS(zips!$C:$C,zips!$B:$B,F2095,zips!$E:$E,">0"))	1474.423	25.5145	=IF(I2095="","",ROUND(G2095-I2095,2))	=IF(J2095="","",ROUND(H2095-J2095,2))
Invitation Homes	4909 Grey Fallow St			76179	=IFERROR(INDEX(zips!$B:$B,MATCH(E2096,zips!$A:$A,0)),"")	=IFERROR(INDEX(zips!$E:$E,MATCH(E2096,zips!$A:$A,0)),"")	=IF(OR(F2096="",G2096=""),"",100*SUMIFS(zips!$C:$C,zips!$B:$B,F2096,zips!$E:$E,"<"&G2096)/SUMIFS(zips!$C:$C,zips!$B:$B,F2096,zips!$E:$E,">0"))	1474.423	25.5145	=IF(I2096="","",ROUND(G2096-I2096,2))	=IF(J2096="","",ROUND(H2096-J2096,2))
Invitation Homes	8429 Golf Club Cir			76179	=IFERROR(INDEX(zips!$B:$B,MATCH(E2097,zips!$A:$A,0)),"")	=IFERROR(INDEX(zips!$E:$E,MATCH(E2097,zips!$A:$A,0)),"")	=IF(OR(F2097="",G2097=""),"",100*SUMIFS(zips!$C:$C,zips!$B:$B,F2097,zips!$E:$E,"<"&G2097)/SUMIFS(zips!$C:$C,zips!$B:$B,F2097,zips!$E:$E,">0"))	1474.423	25.5145	=IF(I2097="","",ROUND(G2097-I2097,2))	=IF(J2097="","",ROUND(H2097-J2097,2))
Invitation Homes	3116 Forchini Drive			76131	=IFERROR(INDEX(zips!$B:$B,MATCH(E2098,zips!$A:$A,0)),"")	=IFERROR(INDEX(zips!$E:$E,MATCH(E2098,zips!$A:$A,0)),"")	=IF(OR(F2098="",G2098=""),"",100*SUMIFS(zips!$C:$C,zips!$B:$B,F2098,zips!$E:$E,"<"&G2098)/SUMIFS(zips!$C:$C,zips!$B:$B,F2098,zips!$E:$E,">0"))	3423.2576	55.2658	=IF(I2098="","",ROUND(G2098-I2098,2))	=IF(J2098="","",ROUND(H2098-J2098,2))
Invitation Homes	3148 Lynmar Lane			76179	=IFERROR(INDEX(zips!$B:$B,MATCH(E2099,zips!$A:$A,0)),"")	=IFERROR(INDEX(zips!$E:$E,MATCH(E2099,zips!$A:$A,0)),"")	=IF(OR(F2099="",G2099=""),"",100*SUMIFS(zips!$C:$C,zips!$B:$B,F2099,zips!$E:$E,"<"&G2099)/SUMIFS(zips!$C:$C,zips!$B:$B,F2099,zips!$E:$E,">0"))	1474.423	25.5145	=IF(I2099="","",ROUND(G2099-I2099,2))	=IF(J2099="","",ROUND(H2099-J2099,2))
Invitation Homes	8620 Boswell Meadows Dr			76179	=IFERROR(INDEX(zips!$B:$B,MATCH(E2100,zips!$A:$A,0)),"")	=IFERROR(INDEX(zips!$E:$E,MATCH(E2100,zips!$A:$A,0)),"")	=IF(OR(F2100="",G2100=""),"",100*SUMIFS(zips!$C:$C,zips!$B:$B,F2100,zips!$E:$E,"<"&G2100)/SUMIFS(zips!$C:$C,zips!$B:$B,F2100,zips!$E:$E,">0"))	1474.423	25.5145	=IF(I2100="","",ROUND(G2100-I2100,2))	=IF(J2100="","",ROUND(H2100-J2100,2))
Invitation Homes	4344 Rockmill Trl			76179	=IFERROR(INDEX(zips!$B:$B,MATCH(E2101,zips!$A:$A,0)),"")	=IFERROR(INDEX(zips!$E:$E,MATCH(E2101,zips!$A:$A,0)),"")	=IF(OR(F2101="",G2101=""),"",100*SUMIFS(zips!$C:$C,zips!$B:$B,F2101,zips!$E:$E,"<"&G2101)/SUMIFS(zips!$C:$C,zips!$B:$B,F2101,zips!$E:$E,">0"))	1474.423	25.5145	=IF(I2101="","",ROUND(G2101-I2101,2))	=IF(J2101="","",ROUND(H2101-J2101,2))
Invitation Homes	9612 Verite Street			76179	=IFERROR(INDEX(zips!$B:$B,MATCH(E2102,zips!$A:$A,0)),"")	=IFERROR(INDEX(zips!$E:$E,MATCH(E2102,zips!$A:$A,0)),"")	=IF(OR(F2102="",G2102=""),"",100*SUMIFS(zips!$C:$C,zips!$B:$B,F2102,zips!$E:$E,"<"&G2102)/SUMIFS(zips!$C:$C,zips!$B:$B,F2102,zips!$E:$E,">0"))	1474.423	25.5145	=IF(I2102="","",ROUND(G2102-I2102,2))	=IF(J2102="","",ROUND(H2102-J2102,2))
Invitation Homes	10032 Pilot Place			76131	=IFERROR(INDEX(zips!$B:$B,MATCH(E2103,zips!$A:$A,0)),"")	=IFERROR(INDEX(zips!$E:$E,MATCH(E2103,zips!$A:$A,0)),"")	=IF(OR(F2103="",G2103=""),"",100*SUMIFS(zips!$C:$C,zips!$B:$B,F2103,zips!$E:$E,"<"&G2103)/SUMIFS(zips!$C:$C,zips!$B:$B,F2103,zips!$E:$E,">0"))	3423.2576	55.2658	=IF(I2103="","",ROUND(G2103-I2103,2))	=IF(J2103="","",ROUND(H2103-J2103,2))
Invitation Homes	1520 Ancer Way			76052	=IFERROR(INDEX(zips!$B:$B,MATCH(E2104,zips!$A:$A,0)),"")	=IFERROR(INDEX(zips!$E:$E,MATCH(E2104,zips!$A:$A,0)),"")	=IF(OR(F2104="",G2104=""),"",100*SUMIFS(zips!$C:$C,zips!$B:$B,F2104,zips!$E:$E,"<"&G2104)/SUMIFS(zips!$C:$C,zips!$B:$B,F2104,zips!$E:$E,">0"))	761.3593	14.2543	=IF(I2104="","",ROUND(G2104-I2104,2))	=IF(J2104="","",ROUND(H2104-J2104,2))
Invitation Homes	3309 Park Ridge			76109	=IFERROR(INDEX(zips!$B:$B,MATCH(E2105,zips!$A:$A,0)),"")	=IFERROR(INDEX(zips!$E:$E,MATCH(E2105,zips!$A:$A,0)),"")	=IF(OR(F2105="",G2105=""),"",100*SUMIFS(zips!$C:$C,zips!$B:$B,F2105,zips!$E:$E,"<"&G2105)/SUMIFS(zips!$C:$C,zips!$B:$B,F2105,zips!$E:$E,">0"))	3184.3233	48.7173	=IF(I2105="","",ROUND(G2105-I2105,2))	=IF(J2105="","",ROUND(H2105-J2105,2))
Invitation Homes	5817 World Champion Ct			76179	=IFERROR(INDEX(zips!$B:$B,MATCH(E2106,zips!$A:$A,0)),"")	=IFERROR(INDEX(zips!$E:$E,MATCH(E2106,zips!$A:$A,0)),"")	=IF(OR(F2106="",G2106=""),"",100*SUMIFS(zips!$C:$C,zips!$B:$B,F2106,zips!$E:$E,"<"&G2106)/SUMIFS(zips!$C:$C,zips!$B:$B,F2106,zips!$E:$E,">0"))	1474.423	25.5145	=IF(I2106="","",ROUND(G2106-I2106,2))	=IF(J2106="","",ROUND(H2106-J2106,2))
Invitation Homes	424 Guadalupe Dr			76179	=IFERROR(INDEX(zips!$B:$B,MATCH(E2107,zips!$A:$A,0)),"")	=IFERROR(INDEX(zips!$E:$E,MATCH(E2107,zips!$A:$A,0)),"")	=IF(OR(F2107="",G2107=""),"",100*SUMIFS(zips!$C:$C,zips!$B:$B,F2107,zips!$E:$E,"<"&G2107)/SUMIFS(zips!$C:$C,zips!$B:$B,F2107,zips!$E:$E,">0"))	1474.423	25.5145	=IF(I2107="","",ROUND(G2107-I2107,2))	=IF(J2107="","",ROUND(H2107-J2107,2))
Invitation Homes	4293 Estes Park Cir			76137	=IFERROR(INDEX(zips!$B:$B,MATCH(E2108,zips!$A:$A,0)),"")	=IFERROR(INDEX(zips!$E:$E,MATCH(E2108,zips!$A:$A,0)),"")	=IF(OR(F2108="",G2108=""),"",100*SUMIFS(zips!$C:$C,zips!$B:$B,F2108,zips!$E:$E,"<"&G2108)/SUMIFS(zips!$C:$C,zips!$B:$B,F2108,zips!$E:$E,">0"))	4369.6836	73.9427	=IF(I2108="","",ROUND(G2108-I2108,2))	=IF(J2108="","",ROUND(H2108-J2108,2))
Invitation Homes	6704 Constitution Dr			76148	=IFERROR(INDEX(zips!$B:$B,MATCH(E2109,zips!$A:$A,0)),"")	=IFERROR(INDEX(zips!$E:$E,MATCH(E2109,zips!$A:$A,0)),"")	=IF(OR(F2109="",G2109=""),"",100*SUMIFS(zips!$C:$C,zips!$B:$B,F2109,zips!$E:$E,"<"&G2109)/SUMIFS(zips!$C:$C,zips!$B:$B,F2109,zips!$E:$E,">0"))	5014.4435	84.5823	=IF(I2109="","",ROUND(G2109-I2109,2))	=IF(J2109="","",ROUND(H2109-J2109,2))
Invitation Homes	7533 Janetta Dr			76180	=IFERROR(INDEX(zips!$B:$B,MATCH(E2110,zips!$A:$A,0)),"")	=IFERROR(INDEX(zips!$E:$E,MATCH(E2110,zips!$A:$A,0)),"")	=IF(OR(F2110="",G2110=""),"",100*SUMIFS(zips!$C:$C,zips!$B:$B,F2110,zips!$E:$E,"<"&G2110)/SUMIFS(zips!$C:$C,zips!$B:$B,F2110,zips!$E:$E,">0"))	4074.8307	70.5026	=IF(I2110="","",ROUND(G2110-I2110,2))	=IF(J2110="","",ROUND(H2110-J2110,2))
Invitation Homes	6941 Brixham Dr			76182	=IFERROR(INDEX(zips!$B:$B,MATCH(E2111,zips!$A:$A,0)),"")	=IFERROR(INDEX(zips!$E:$E,MATCH(E2111,zips!$A:$A,0)),"")	=IF(OR(F2111="",G2111=""),"",100*SUMIFS(zips!$C:$C,zips!$B:$B,F2111,zips!$E:$E,"<"&G2111)/SUMIFS(zips!$C:$C,zips!$B:$B,F2111,zips!$E:$E,">0"))	3553.6436	59.4958	=IF(I2111="","",ROUND(G2111-I2111,2))	=IF(J2111="","",ROUND(H2111-J2111,2))
Invitation Homes	7425 Tunbridge Dr			76182	=IFERROR(INDEX(zips!$B:$B,MATCH(E2112,zips!$A:$A,0)),"")	=IFERROR(INDEX(zips!$E:$E,MATCH(E2112,zips!$A:$A,0)),"")	=IF(OR(F2112="",G2112=""),"",100*SUMIFS(zips!$C:$C,zips!$B:$B,F2112,zips!$E:$E,"<"&G2112)/SUMIFS(zips!$C:$C,zips!$B:$B,F2112,zips!$E:$E,">0"))	3553.6436	59.4958	=IF(I2112="","",ROUND(G2112-I2112,2))	=IF(J2112="","",ROUND(H2112-J2112,2))
Invitation Homes	911 Glynn Oaks Dr			76010	=IFERROR(INDEX(zips!$B:$B,MATCH(E2113,zips!$A:$A,0)),"")	=IFERROR(INDEX(zips!$E:$E,MATCH(E2113,zips!$A:$A,0)),"")	=IF(OR(F2113="",G2113=""),"",100*SUMIFS(zips!$C:$C,zips!$B:$B,F2113,zips!$E:$E,"<"&G2113)/SUMIFS(zips!$C:$C,zips!$B:$B,F2113,zips!$E:$E,">0"))	6312.1453	94.6737	=IF(I2113="","",ROUND(G2113-I2113,2))	=IF(J2113="","",ROUND(H2113-J2113,2))
Invitation Homes	2305 Lavon Creek Ln			76006	=IFERROR(INDEX(zips!$B:$B,MATCH(E2114,zips!$A:$A,0)),"")	=IFERROR(INDEX(zips!$E:$E,MATCH(E2114,zips!$A:$A,0)),"")	=IF(OR(F2114="",G2114=""),"",100*SUMIFS(zips!$C:$C,zips!$B:$B,F2114,zips!$E:$E,"<"&G2114)/SUMIFS(zips!$C:$C,zips!$B:$B,F2114,zips!$E:$E,">0"))	3087.8157	47.421	=IF(I2114="","",ROUND(G2114-I2114,2))	=IF(J2114="","",ROUND(H2114-J2114,2))
Invitation Homes	2769 Salado Trl			76118	=IFERROR(INDEX(zips!$B:$B,MATCH(E2115,zips!$A:$A,0)),"")	=IFERROR(INDEX(zips!$E:$E,MATCH(E2115,zips!$A:$A,0)),"")	=IF(OR(F2115="",G2115=""),"",100*SUMIFS(zips!$C:$C,zips!$B:$B,F2115,zips!$E:$E,"<"&G2115)/SUMIFS(zips!$C:$C,zips!$B:$B,F2115,zips!$E:$E,">0"))	1792.7004	30.0729	=IF(I2115="","",ROUND(G2115-I2115,2))	=IF(J2115="","",ROUND(H2115-J2115,2))
Invitation Homes	8737 Pedernales Trl			76118	=IFERROR(INDEX(zips!$B:$B,MATCH(E2116,zips!$A:$A,0)),"")	=IFERROR(INDEX(zips!$E:$E,MATCH(E2116,zips!$A:$A,0)),"")	=IF(OR(F2116="",G2116=""),"",100*SUMIFS(zips!$C:$C,zips!$B:$B,F2116,zips!$E:$E,"<"&G2116)/SUMIFS(zips!$C:$C,zips!$B:$B,F2116,zips!$E:$E,">0"))	1792.7004	30.0729	=IF(I2116="","",ROUND(G2116-I2116,2))	=IF(J2116="","",ROUND(H2116-J2116,2))
Invitation Homes	9060 Tyne Trl			76118	=IFERROR(INDEX(zips!$B:$B,MATCH(E2117,zips!$A:$A,0)),"")	=IFERROR(INDEX(zips!$E:$E,MATCH(E2117,zips!$A:$A,0)),"")	=IF(OR(F2117="",G2117=""),"",100*SUMIFS(zips!$C:$C,zips!$B:$B,F2117,zips!$E:$E,"<"&G2117)/SUMIFS(zips!$C:$C,zips!$B:$B,F2117,zips!$E:$E,">0"))	1792.7004	30.0729	=IF(I2117="","",ROUND(G2117-I2117,2))	=IF(J2117="","",ROUND(H2117-J2117,2))
Invitation Homes	1765 Brown			76054	=IFERROR(INDEX(zips!$B:$B,MATCH(E2118,zips!$A:$A,0)),"")	=IFERROR(INDEX(zips!$E:$E,MATCH(E2118,zips!$A:$A,0)),"")	=IF(OR(F2118="",G2118=""),"",100*SUMIFS(zips!$C:$C,zips!$B:$B,F2118,zips!$E:$E,"<"&G2118)/SUMIFS(zips!$C:$C,zips!$B:$B,F2118,zips!$E:$E,">0"))	3111.6951	47.942	=IF(I2118="","",ROUND(G2118-I2118,2))	=IF(J2118="","",ROUND(H2118-J2118,2))
Invitation Homes	310 E Huitt Ln			76040	=IFERROR(INDEX(zips!$B:$B,MATCH(E2119,zips!$A:$A,0)),"")	=IFERROR(INDEX(zips!$E:$E,MATCH(E2119,zips!$A:$A,0)),"")	=IF(OR(F2119="",G2119=""),"",100*SUMIFS(zips!$C:$C,zips!$B:$B,F2119,zips!$E:$E,"<"&G2119)/SUMIFS(zips!$C:$C,zips!$B:$B,F2119,zips!$E:$E,">0"))	3975.0064	67.585	=IF(I2119="","",ROUND(G2119-I2119,2))	=IF(J2119="","",ROUND(H2119-J2119,2))
Invitation Homes	503 Thorn Wood Dr			76039	=IFERROR(INDEX(zips!$B:$B,MATCH(E2120,zips!$A:$A,0)),"")	=IFERROR(INDEX(zips!$E:$E,MATCH(E2120,zips!$A:$A,0)),"")	=IF(OR(F2120="",G2120=""),"",100*SUMIFS(zips!$C:$C,zips!$B:$B,F2120,zips!$E:$E,"<"&G2120)/SUMIFS(zips!$C:$C,zips!$B:$B,F2120,zips!$E:$E,">0"))	6350.7731	95.3866	=IF(I2120="","",ROUND(G2120-I2120,2))	=IF(J2120="","",ROUND(H2120-J2120,2))
Invitation Homes	1105 Iron Horse Dr			76131	=IFERROR(INDEX(zips!$B:$B,MATCH(E2121,zips!$A:$A,0)),"")	=IFERROR(INDEX(zips!$E:$E,MATCH(E2121,zips!$A:$A,0)),"")	=IF(OR(F2121="",G2121=""),"",100*SUMIFS(zips!$C:$C,zips!$B:$B,F2121,zips!$E:$E,"<"&G2121)/SUMIFS(zips!$C:$C,zips!$B:$B,F2121,zips!$E:$E,">0"))	3423.2576	55.2658	=IF(I2121="","",ROUND(G2121-I2121,2))	=IF(J2121="","",ROUND(H2121-J2121,2))
Invitation Homes	1020 Salt Creek Trl			76131	=IFERROR(INDEX(zips!$B:$B,MATCH(E2122,zips!$A:$A,0)),"")	=IFERROR(INDEX(zips!$E:$E,MATCH(E2122,zips!$A:$A,0)),"")	=IF(OR(F2122="",G2122=""),"",100*SUMIFS(zips!$C:$C,zips!$B:$B,F2122,zips!$E:$E,"<"&G2122)/SUMIFS(zips!$C:$C,zips!$B:$B,F2122,zips!$E:$E,">0"))	3423.2576	55.2658	=IF(I2122="","",ROUND(G2122-I2122,2))	=IF(J2122="","",ROUND(H2122-J2122,2))
Invitation Homes	1416 Kingfisher Dr			76131	=IFERROR(INDEX(zips!$B:$B,MATCH(E2123,zips!$A:$A,0)),"")	=IFERROR(INDEX(zips!$E:$E,MATCH(E2123,zips!$A:$A,0)),"")	=IF(OR(F2123="",G2123=""),"",100*SUMIFS(zips!$C:$C,zips!$B:$B,F2123,zips!$E:$E,"<"&G2123)/SUMIFS(zips!$C:$C,zips!$B:$B,F2123,zips!$E:$E,">0"))	3423.2576	55.2658	=IF(I2123="","",ROUND(G2123-I2123,2))	=IF(J2123="","",ROUND(H2123-J2123,2))
Invitation Homes	7304 Catbrier Ct			76137	=IFERROR(INDEX(zips!$B:$B,MATCH(E2124,zips!$A:$A,0)),"")	=IFERROR(INDEX(zips!$E:$E,MATCH(E2124,zips!$A:$A,0)),"")	=IF(OR(F2124="",G2124=""),"",100*SUMIFS(zips!$C:$C,zips!$B:$B,F2124,zips!$E:$E,"<"&G2124)/SUMIFS(zips!$C:$C,zips!$B:$B,F2124,zips!$E:$E,">0"))	4369.6836	73.9427	=IF(I2124="","",ROUND(G2124-I2124,2))	=IF(J2124="","",ROUND(H2124-J2124,2))
Invitation Homes	1813 Desperado Rd			76131	=IFERROR(INDEX(zips!$B:$B,MATCH(E2125,zips!$A:$A,0)),"")	=IFERROR(INDEX(zips!$E:$E,MATCH(E2125,zips!$A:$A,0)),"")	=IF(OR(F2125="",G2125=""),"",100*SUMIFS(zips!$C:$C,zips!$B:$B,F2125,zips!$E:$E,"<"&G2125)/SUMIFS(zips!$C:$C,zips!$B:$B,F2125,zips!$E:$E,">0"))	3423.2576	55.2658	=IF(I2125="","",ROUND(G2125-I2125,2))	=IF(J2125="","",ROUND(H2125-J2125,2))
Invitation Homes	3900 Rochester Dr			76244	=IFERROR(INDEX(zips!$B:$B,MATCH(E2126,zips!$A:$A,0)),"")	=IFERROR(INDEX(zips!$E:$E,MATCH(E2126,zips!$A:$A,0)),"")	=IF(OR(F2126="",G2126=""),"",100*SUMIFS(zips!$C:$C,zips!$B:$B,F2126,zips!$E:$E,"<"&G2126)/SUMIFS(zips!$C:$C,zips!$B:$B,F2126,zips!$E:$E,">0"))	5040.8506	85.6929	=IF(I2126="","",ROUND(G2126-I2126,2))	=IF(J2126="","",ROUND(H2126-J2126,2))
Invitation Homes	5565 Dunn Hill Dr			76137	=IFERROR(INDEX(zips!$B:$B,MATCH(E2127,zips!$A:$A,0)),"")	=IFERROR(INDEX(zips!$E:$E,MATCH(E2127,zips!$A:$A,0)),"")	=IF(OR(F2127="",G2127=""),"",100*SUMIFS(zips!$C:$C,zips!$B:$B,F2127,zips!$E:$E,"<"&G2127)/SUMIFS(zips!$C:$C,zips!$B:$B,F2127,zips!$E:$E,">0"))	4369.6836	73.9427	=IF(I2127="","",ROUND(G2127-I2127,2))	=IF(J2127="","",ROUND(H2127-J2127,2))
Invitation Homes	8563 Birch Creek Rd			76244	=IFERROR(INDEX(zips!$B:$B,MATCH(E2128,zips!$A:$A,0)),"")	=IFERROR(INDEX(zips!$E:$E,MATCH(E2128,zips!$A:$A,0)),"")	=IF(OR(F2128="",G2128=""),"",100*SUMIFS(zips!$C:$C,zips!$B:$B,F2128,zips!$E:$E,"<"&G2128)/SUMIFS(zips!$C:$C,zips!$B:$B,F2128,zips!$E:$E,">0"))	5040.8506	85.6929	=IF(I2128="","",ROUND(G2128-I2128,2))	=IF(J2128="","",ROUND(H2128-J2128,2))
Invitation Homes	4904 Spur Ridge Ct			76244	=IFERROR(INDEX(zips!$B:$B,MATCH(E2129,zips!$A:$A,0)),"")	=IFERROR(INDEX(zips!$E:$E,MATCH(E2129,zips!$A:$A,0)),"")	=IF(OR(F2129="",G2129=""),"",100*SUMIFS(zips!$C:$C,zips!$B:$B,F2129,zips!$E:$E,"<"&G2129)/SUMIFS(zips!$C:$C,zips!$B:$B,F2129,zips!$E:$E,">0"))	5040.8506	85.6929	=IF(I2129="","",ROUND(G2129-I2129,2))	=IF(J2129="","",ROUND(H2129-J2129,2))
Invitation Homes	5732 Sapphire Pool Trl			76244	=IFERROR(INDEX(zips!$B:$B,MATCH(E2130,zips!$A:$A,0)),"")	=IFERROR(INDEX(zips!$E:$E,MATCH(E2130,zips!$A:$A,0)),"")	=IF(OR(F2130="",G2130=""),"",100*SUMIFS(zips!$C:$C,zips!$B:$B,F2130,zips!$E:$E,"<"&G2130)/SUMIFS(zips!$C:$C,zips!$B:$B,F2130,zips!$E:$E,">0"))	5040.8506	85.6929	=IF(I2130="","",ROUND(G2130-I2130,2))	=IF(J2130="","",ROUND(H2130-J2130,2))
Invitation Homes	7109 Oakview Ct			76148	=IFERROR(INDEX(zips!$B:$B,MATCH(E2131,zips!$A:$A,0)),"")	=IFERROR(INDEX(zips!$E:$E,MATCH(E2131,zips!$A:$A,0)),"")	=IF(OR(F2131="",G2131=""),"",100*SUMIFS(zips!$C:$C,zips!$B:$B,F2131,zips!$E:$E,"<"&G2131)/SUMIFS(zips!$C:$C,zips!$B:$B,F2131,zips!$E:$E,">0"))	5014.4435	84.5823	=IF(I2131="","",ROUND(G2131-I2131,2))	=IF(J2131="","",ROUND(H2131-J2131,2))
Invitation Homes	6465 Green Ridge Dr			76148	=IFERROR(INDEX(zips!$B:$B,MATCH(E2132,zips!$A:$A,0)),"")	=IFERROR(INDEX(zips!$E:$E,MATCH(E2132,zips!$A:$A,0)),"")	=IF(OR(F2132="",G2132=""),"",100*SUMIFS(zips!$C:$C,zips!$B:$B,F2132,zips!$E:$E,"<"&G2132)/SUMIFS(zips!$C:$C,zips!$B:$B,F2132,zips!$E:$E,">0"))	5014.4435	84.5823	=IF(I2132="","",ROUND(G2132-I2132,2))	=IF(J2132="","",ROUND(H2132-J2132,2))
Invitation Homes	7704 Cedar Park Ave			76182	=IFERROR(INDEX(zips!$B:$B,MATCH(E2133,zips!$A:$A,0)),"")	=IFERROR(INDEX(zips!$E:$E,MATCH(E2133,zips!$A:$A,0)),"")	=IF(OR(F2133="",G2133=""),"",100*SUMIFS(zips!$C:$C,zips!$B:$B,F2133,zips!$E:$E,"<"&G2133)/SUMIFS(zips!$C:$C,zips!$B:$B,F2133,zips!$E:$E,">0"))	3553.6436	59.4958	=IF(I2133="","",ROUND(G2133-I2133,2))	=IF(J2133="","",ROUND(H2133-J2133,2))
Invitation Homes	5204 Selago Dr			76244	=IFERROR(INDEX(zips!$B:$B,MATCH(E2134,zips!$A:$A,0)),"")	=IFERROR(INDEX(zips!$E:$E,MATCH(E2134,zips!$A:$A,0)),"")	=IF(OR(F2134="",G2134=""),"",100*SUMIFS(zips!$C:$C,zips!$B:$B,F2134,zips!$E:$E,"<"&G2134)/SUMIFS(zips!$C:$C,zips!$B:$B,F2134,zips!$E:$E,">0"))	5040.8506	85.6929	=IF(I2134="","",ROUND(G2134-I2134,2))	=IF(J2134="","",ROUND(H2134-J2134,2))
Invitation Homes	14025 Sand Hills Dr			76052	=IFERROR(INDEX(zips!$B:$B,MATCH(E2135,zips!$A:$A,0)),"")	=IFERROR(INDEX(zips!$E:$E,MATCH(E2135,zips!$A:$A,0)),"")	=IF(OR(F2135="",G2135=""),"",100*SUMIFS(zips!$C:$C,zips!$B:$B,F2135,zips!$E:$E,"<"&G2135)/SUMIFS(zips!$C:$C,zips!$B:$B,F2135,zips!$E:$E,">0"))	761.3593	14.2543	=IF(I2135="","",ROUND(G2135-I2135,2))	=IF(J2135="","",ROUND(H2135-J2135,2))
Invitation Homes	336 Red Rock Trl			76052	=IFERROR(INDEX(zips!$B:$B,MATCH(E2136,zips!$A:$A,0)),"")	=IFERROR(INDEX(zips!$E:$E,MATCH(E2136,zips!$A:$A,0)),"")	=IF(OR(F2136="",G2136=""),"",100*SUMIFS(zips!$C:$C,zips!$B:$B,F2136,zips!$E:$E,"<"&G2136)/SUMIFS(zips!$C:$C,zips!$B:$B,F2136,zips!$E:$E,">0"))	761.3593	14.2543	=IF(I2136="","",ROUND(G2136-I2136,2))	=IF(J2136="","",ROUND(H2136-J2136,2))
Invitation Homes	15824 Coyote Hill Dr			76177	=IFERROR(INDEX(zips!$B:$B,MATCH(E2137,zips!$A:$A,0)),"")	=IFERROR(INDEX(zips!$E:$E,MATCH(E2137,zips!$A:$A,0)),"")	=IF(OR(F2137="",G2137=""),"",100*SUMIFS(zips!$C:$C,zips!$B:$B,F2137,zips!$E:$E,"<"&G2137)/SUMIFS(zips!$C:$C,zips!$B:$B,F2137,zips!$E:$E,">0"))	1171.7794	22.2821	=IF(I2137="","",ROUND(G2137-I2137,2))	=IF(J2137="","",ROUND(H2137-J2137,2))
Invitation Homes	1920 Caddo Springs Dr			76247	=IFERROR(INDEX(zips!$B:$B,MATCH(E2138,zips!$A:$A,0)),"")	=IFERROR(INDEX(zips!$E:$E,MATCH(E2138,zips!$A:$A,0)),"")	=IF(OR(F2138="",G2138=""),"",100*SUMIFS(zips!$C:$C,zips!$B:$B,F2138,zips!$E:$E,"<"&G2138)/SUMIFS(zips!$C:$C,zips!$B:$B,F2138,zips!$E:$E,">0"))	246.7974	7.0734	=IF(I2138="","",ROUND(G2138-I2138,2))	=IF(J2138="","",ROUND(H2138-J2138,2))
Invitation Homes	4217 Broken Bend Blvd			76244	=IFERROR(INDEX(zips!$B:$B,MATCH(E2139,zips!$A:$A,0)),"")	=IFERROR(INDEX(zips!$E:$E,MATCH(E2139,zips!$A:$A,0)),"")	=IF(OR(F2139="",G2139=""),"",100*SUMIFS(zips!$C:$C,zips!$B:$B,F2139,zips!$E:$E,"<"&G2139)/SUMIFS(zips!$C:$C,zips!$B:$B,F2139,zips!$E:$E,">0"))	5040.8506	85.6929	=IF(I2139="","",ROUND(G2139-I2139,2))	=IF(J2139="","",ROUND(H2139-J2139,2))
Invitation Homes	4024 Dellman Dr			76262	=IFERROR(INDEX(zips!$B:$B,MATCH(E2140,zips!$A:$A,0)),"")	=IFERROR(INDEX(zips!$E:$E,MATCH(E2140,zips!$A:$A,0)),"")	=IF(OR(F2140="",G2140=""),"",100*SUMIFS(zips!$C:$C,zips!$B:$B,F2140,zips!$E:$E,"<"&G2140)/SUMIFS(zips!$C:$C,zips!$B:$B,F2140,zips!$E:$E,">0"))	1029.5236	19.5957	=IF(I2140="","",ROUND(G2140-I2140,2))	=IF(J2140="","",ROUND(H2140-J2140,2))
Invitation Homes	713 Ridgewood Cir			76054	=IFERROR(INDEX(zips!$B:$B,MATCH(E2141,zips!$A:$A,0)),"")	=IFERROR(INDEX(zips!$E:$E,MATCH(E2141,zips!$A:$A,0)),"")	=IF(OR(F2141="",G2141=""),"",100*SUMIFS(zips!$C:$C,zips!$B:$B,F2141,zips!$E:$E,"<"&G2141)/SUMIFS(zips!$C:$C,zips!$B:$B,F2141,zips!$E:$E,">0"))	3111.6951	47.942	=IF(I2141="","",ROUND(G2141-I2141,2))	=IF(J2141="","",ROUND(H2141-J2141,2))
Invitation Homes	2711 Cobblestone Dr			76051	=IFERROR(INDEX(zips!$B:$B,MATCH(E2142,zips!$A:$A,0)),"")	=IFERROR(INDEX(zips!$E:$E,MATCH(E2142,zips!$A:$A,0)),"")	=IF(OR(F2142="",G2142=""),"",100*SUMIFS(zips!$C:$C,zips!$B:$B,F2142,zips!$E:$E,"<"&G2142)/SUMIFS(zips!$C:$C,zips!$B:$B,F2142,zips!$E:$E,">0"))	2265.8114	33.1659	=IF(I2142="","",ROUND(G2142-I2142,2))	=IF(J2142="","",ROUND(H2142-J2142,2))
Invitation Homes	3718 Twin Oaks Ct			75028	=IFERROR(INDEX(zips!$B:$B,MATCH(E2143,zips!$A:$A,0)),"")	=IFERROR(INDEX(zips!$E:$E,MATCH(E2143,zips!$A:$A,0)),"")	=IF(OR(F2143="",G2143=""),"",100*SUMIFS(zips!$C:$C,zips!$B:$B,F2143,zips!$E:$E,"<"&G2143)/SUMIFS(zips!$C:$C,zips!$B:$B,F2143,zips!$E:$E,">0"))	3125.9078	48.0938	=IF(I2143="","",ROUND(G2143-I2143,2))	=IF(J2143="","",ROUND(H2143-J2143,2))
Invitation Homes	510 Del Mar Dr			76259	=IFERROR(INDEX(zips!$B:$B,MATCH(E2144,zips!$A:$A,0)),"")	=IFERROR(INDEX(zips!$E:$E,MATCH(E2144,zips!$A:$A,0)),"")	=IF(OR(F2144="",G2144=""),"",100*SUMIFS(zips!$C:$C,zips!$B:$B,F2144,zips!$E:$E,"<"&G2144)/SUMIFS(zips!$C:$C,zips!$B:$B,F2144,zips!$E:$E,">0"))	109.9691	2.4121	=IF(I2144="","",ROUND(G2144-I2144,2))	=IF(J2144="","",ROUND(H2144-J2144,2))
Invitation Homes	7908 Winding Stream Ln			76210	=IFERROR(INDEX(zips!$B:$B,MATCH(E2145,zips!$A:$A,0)),"")	=IFERROR(INDEX(zips!$E:$E,MATCH(E2145,zips!$A:$A,0)),"")	=IF(OR(F2145="",G2145=""),"",100*SUMIFS(zips!$C:$C,zips!$B:$B,F2145,zips!$E:$E,"<"&G2145)/SUMIFS(zips!$C:$C,zips!$B:$B,F2145,zips!$E:$E,">0"))	2903.3259	43.1017	=IF(I2145="","",ROUND(G2145-I2145,2))	=IF(J2145="","",ROUND(H2145-J2145,2))
Invitation Homes	3121 Stonecrop Trl			76226	=IFERROR(INDEX(zips!$B:$B,MATCH(E2146,zips!$A:$A,0)),"")	=IFERROR(INDEX(zips!$E:$E,MATCH(E2146,zips!$A:$A,0)),"")	=IF(OR(F2146="",G2146=""),"",100*SUMIFS(zips!$C:$C,zips!$B:$B,F2146,zips!$E:$E,"<"&G2146)/SUMIFS(zips!$C:$C,zips!$B:$B,F2146,zips!$E:$E,">0"))	813.754	15.5825	=IF(I2146="","",ROUND(G2146-I2146,2))	=IF(J2146="","",ROUND(H2146-J2146,2))
Invitation Homes	1609 White Dove Ln			76210	=IFERROR(INDEX(zips!$B:$B,MATCH(E2147,zips!$A:$A,0)),"")	=IFERROR(INDEX(zips!$E:$E,MATCH(E2147,zips!$A:$A,0)),"")	=IF(OR(F2147="",G2147=""),"",100*SUMIFS(zips!$C:$C,zips!$B:$B,F2147,zips!$E:$E,"<"&G2147)/SUMIFS(zips!$C:$C,zips!$B:$B,F2147,zips!$E:$E,">0"))	2903.3259	43.1017	=IF(I2147="","",ROUND(G2147-I2147,2))	=IF(J2147="","",ROUND(H2147-J2147,2))
Invitation Homes	8008 Settlement Dr			76210	=IFERROR(INDEX(zips!$B:$B,MATCH(E2148,zips!$A:$A,0)),"")	=IFERROR(INDEX(zips!$E:$E,MATCH(E2148,zips!$A:$A,0)),"")	=IF(OR(F2148="",G2148=""),"",100*SUMIFS(zips!$C:$C,zips!$B:$B,F2148,zips!$E:$E,"<"&G2148)/SUMIFS(zips!$C:$C,zips!$B:$B,F2148,zips!$E:$E,">0"))	2903.3259	43.1017	=IF(I2148="","",ROUND(G2148-I2148,2))	=IF(J2148="","",ROUND(H2148-J2148,2))
Invitation Homes	2104 Wagon Wheel Trl			76208	=IFERROR(INDEX(zips!$B:$B,MATCH(E2149,zips!$A:$A,0)),"")	=IFERROR(INDEX(zips!$E:$E,MATCH(E2149,zips!$A:$A,0)),"")	=IF(OR(F2149="",G2149=""),"",100*SUMIFS(zips!$C:$C,zips!$B:$B,F2149,zips!$E:$E,"<"&G2149)/SUMIFS(zips!$C:$C,zips!$B:$B,F2149,zips!$E:$E,">0"))	993.1322	18.2383	=IF(I2149="","",ROUND(G2149-I2149,2))	=IF(J2149="","",ROUND(H2149-J2149,2))
Invitation Homes	904 N Wood St			76209	=IFERROR(INDEX(zips!$B:$B,MATCH(E2150,zips!$A:$A,0)),"")	=IFERROR(INDEX(zips!$E:$E,MATCH(E2150,zips!$A:$A,0)),"")	=IF(OR(F2150="",G2150=""),"",100*SUMIFS(zips!$C:$C,zips!$B:$B,F2150,zips!$E:$E,"<"&G2150)/SUMIFS(zips!$C:$C,zips!$B:$B,F2150,zips!$E:$E,">0"))	4186.8049	71.9957	=IF(I2150="","",ROUND(G2150-I2150,2))	=IF(J2150="","",ROUND(H2150-J2150,2))
Invitation Homes	417 Casie Ct			76207	=IFERROR(INDEX(zips!$B:$B,MATCH(E2151,zips!$A:$A,0)),"")	=IFERROR(INDEX(zips!$E:$E,MATCH(E2151,zips!$A:$A,0)),"")	=IF(OR(F2151="",G2151=""),"",100*SUMIFS(zips!$C:$C,zips!$B:$B,F2151,zips!$E:$E,"<"&G2151)/SUMIFS(zips!$C:$C,zips!$B:$B,F2151,zips!$E:$E,">0"))	452.5214	11.6194	=IF(I2151="","",ROUND(G2151-I2151,2))	=IF(J2151="","",ROUND(H2151-J2151,2))
Invitation Homes	5629 Park View Dr			76065	=IFERROR(INDEX(zips!$B:$B,MATCH(E2152,zips!$A:$A,0)),"")	=IFERROR(INDEX(zips!$E:$E,MATCH(E2152,zips!$A:$A,0)),"")	=IF(OR(F2152="",G2152=""),"",100*SUMIFS(zips!$C:$C,zips!$B:$B,F2152,zips!$E:$E,"<"&G2152)/SUMIFS(zips!$C:$C,zips!$B:$B,F2152,zips!$E:$E,">0"))	442.2438	11.0475	=IF(I2152="","",ROUND(G2152-I2152,2))	=IF(J2152="","",ROUND(H2152-J2152,2))
Invitation Homes	147 Oregon Trl			75167	=IFERROR(INDEX(zips!$B:$B,MATCH(E2153,zips!$A:$A,0)),"")	=IFERROR(INDEX(zips!$E:$E,MATCH(E2153,zips!$A:$A,0)),"")	=IF(OR(F2153="",G2153=""),"",100*SUMIFS(zips!$C:$C,zips!$B:$B,F2153,zips!$E:$E,"<"&G2153)/SUMIFS(zips!$C:$C,zips!$B:$B,F2153,zips!$E:$E,">0"))	138.1106	3.5796	=IF(I2153="","",ROUND(G2153-I2153,2))	=IF(J2153="","",ROUND(H2153-J2153,2))
Invitation Homes	215 Equestrian Drive			75165	=IFERROR(INDEX(zips!$B:$B,MATCH(E2154,zips!$A:$A,0)),"")	=IFERROR(INDEX(zips!$E:$E,MATCH(E2154,zips!$A:$A,0)),"")	=IF(OR(F2154="",G2154=""),"",100*SUMIFS(zips!$C:$C,zips!$B:$B,F2154,zips!$E:$E,"<"&G2154)/SUMIFS(zips!$C:$C,zips!$B:$B,F2154,zips!$E:$E,">0"))	434.093	10.3911	=IF(I2154="","",ROUND(G2154-I2154,2))	=IF(J2154="","",ROUND(H2154-J2154,2))
Invitation Homes	126 Lacy Oak Ln			75165	=IFERROR(INDEX(zips!$B:$B,MATCH(E2155,zips!$A:$A,0)),"")	=IFERROR(INDEX(zips!$E:$E,MATCH(E2155,zips!$A:$A,0)),"")	=IF(OR(F2155="",G2155=""),"",100*SUMIFS(zips!$C:$C,zips!$B:$B,F2155,zips!$E:$E,"<"&G2155)/SUMIFS(zips!$C:$C,zips!$B:$B,F2155,zips!$E:$E,">0"))	434.093	10.3911	=IF(I2155="","",ROUND(G2155-I2155,2))	=IF(J2155="","",ROUND(H2155-J2155,2))
Invitation Homes	122 Cooper			75104	=IFERROR(INDEX(zips!$B:$B,MATCH(E2156,zips!$A:$A,0)),"")	=IFERROR(INDEX(zips!$E:$E,MATCH(E2156,zips!$A:$A,0)),"")	=IF(OR(F2156="",G2156=""),"",100*SUMIFS(zips!$C:$C,zips!$B:$B,F2156,zips!$E:$E,"<"&G2156)/SUMIFS(zips!$C:$C,zips!$B:$B,F2156,zips!$E:$E,">0"))	1339.3583	23.351	=IF(I2156="","",ROUND(G2156-I2156,2))	=IF(J2156="","",ROUND(H2156-J2156,2))
Invitation Homes	526 Sims Dr			75104	=IFERROR(INDEX(zips!$B:$B,MATCH(E2157,zips!$A:$A,0)),"")	=IFERROR(INDEX(zips!$E:$E,MATCH(E2157,zips!$A:$A,0)),"")	=IF(OR(F2157="",G2157=""),"",100*SUMIFS(zips!$C:$C,zips!$B:$B,F2157,zips!$E:$E,"<"&G2157)/SUMIFS(zips!$C:$C,zips!$B:$B,F2157,zips!$E:$E,">0"))	1339.3583	23.351	=IF(I2157="","",ROUND(G2157-I2157,2))	=IF(J2157="","",ROUND(H2157-J2157,2))
Invitation Homes	324 Matterhorn St			75104	=IFERROR(INDEX(zips!$B:$B,MATCH(E2158,zips!$A:$A,0)),"")	=IFERROR(INDEX(zips!$E:$E,MATCH(E2158,zips!$A:$A,0)),"")	=IF(OR(F2158="",G2158=""),"",100*SUMIFS(zips!$C:$C,zips!$B:$B,F2158,zips!$E:$E,"<"&G2158)/SUMIFS(zips!$C:$C,zips!$B:$B,F2158,zips!$E:$E,">0"))	1339.3583	23.351	=IF(I2158="","",ROUND(G2158-I2158,2))	=IF(J2158="","",ROUND(H2158-J2158,2))
Invitation Homes	516 Chancellor Dr			75104	=IFERROR(INDEX(zips!$B:$B,MATCH(E2159,zips!$A:$A,0)),"")	=IFERROR(INDEX(zips!$E:$E,MATCH(E2159,zips!$A:$A,0)),"")	=IF(OR(F2159="",G2159=""),"",100*SUMIFS(zips!$C:$C,zips!$B:$B,F2159,zips!$E:$E,"<"&G2159)/SUMIFS(zips!$C:$C,zips!$B:$B,F2159,zips!$E:$E,">0"))	1339.3583	23.351	=IF(I2159="","",ROUND(G2159-I2159,2))	=IF(J2159="","",ROUND(H2159-J2159,2))
Invitation Homes	621 Magnolia Trl			75115	=IFERROR(INDEX(zips!$B:$B,MATCH(E2160,zips!$A:$A,0)),"")	=IFERROR(INDEX(zips!$E:$E,MATCH(E2160,zips!$A:$A,0)),"")	=IF(OR(F2160="",G2160=""),"",100*SUMIFS(zips!$C:$C,zips!$B:$B,F2160,zips!$E:$E,"<"&G2160)/SUMIFS(zips!$C:$C,zips!$B:$B,F2160,zips!$E:$E,">0"))	2659.9373	37.5644	=IF(I2160="","",ROUND(G2160-I2160,2))	=IF(J2160="","",ROUND(H2160-J2160,2))
Invitation Homes	150 Valleyglen Dr			75115	=IFERROR(INDEX(zips!$B:$B,MATCH(E2161,zips!$A:$A,0)),"")	=IFERROR(INDEX(zips!$E:$E,MATCH(E2161,zips!$A:$A,0)),"")	=IF(OR(F2161="",G2161=""),"",100*SUMIFS(zips!$C:$C,zips!$B:$B,F2161,zips!$E:$E,"<"&G2161)/SUMIFS(zips!$C:$C,zips!$B:$B,F2161,zips!$E:$E,">0"))	2659.9373	37.5644	=IF(I2161="","",ROUND(G2161-I2161,2))	=IF(J2161="","",ROUND(H2161-J2161,2))
Invitation Homes	837 Twin Creek Dr			75115	=IFERROR(INDEX(zips!$B:$B,MATCH(E2162,zips!$A:$A,0)),"")	=IFERROR(INDEX(zips!$E:$E,MATCH(E2162,zips!$A:$A,0)),"")	=IF(OR(F2162="",G2162=""),"",100*SUMIFS(zips!$C:$C,zips!$B:$B,F2162,zips!$E:$E,"<"&G2162)/SUMIFS(zips!$C:$C,zips!$B:$B,F2162,zips!$E:$E,">0"))	2659.9373	37.5644	=IF(I2162="","",ROUND(G2162-I2162,2))	=IF(J2162="","",ROUND(H2162-J2162,2))
Invitation Homes	1129 Kensington			75115	=IFERROR(INDEX(zips!$B:$B,MATCH(E2163,zips!$A:$A,0)),"")	=IFERROR(INDEX(zips!$E:$E,MATCH(E2163,zips!$A:$A,0)),"")	=IF(OR(F2163="",G2163=""),"",100*SUMIFS(zips!$C:$C,zips!$B:$B,F2163,zips!$E:$E,"<"&G2163)/SUMIFS(zips!$C:$C,zips!$B:$B,F2163,zips!$E:$E,">0"))	2659.9373	37.5644	=IF(I2163="","",ROUND(G2163-I2163,2))	=IF(J2163="","",ROUND(H2163-J2163,2))
Invitation Homes	656 Priscilla Ln			75115	=IFERROR(INDEX(zips!$B:$B,MATCH(E2164,zips!$A:$A,0)),"")	=IFERROR(INDEX(zips!$E:$E,MATCH(E2164,zips!$A:$A,0)),"")	=IF(OR(F2164="",G2164=""),"",100*SUMIFS(zips!$C:$C,zips!$B:$B,F2164,zips!$E:$E,"<"&G2164)/SUMIFS(zips!$C:$C,zips!$B:$B,F2164,zips!$E:$E,">0"))	2659.9373	37.5644	=IF(I2164="","",ROUND(G2164-I2164,2))	=IF(J2164="","",ROUND(H2164-J2164,2))
Invitation Homes	1534 Coffeyville Trl			75052	=IFERROR(INDEX(zips!$B:$B,MATCH(E2165,zips!$A:$A,0)),"")	=IFERROR(INDEX(zips!$E:$E,MATCH(E2165,zips!$A:$A,0)),"")	=IF(OR(F2165="",G2165=""),"",100*SUMIFS(zips!$C:$C,zips!$B:$B,F2165,zips!$E:$E,"<"&G2165)/SUMIFS(zips!$C:$C,zips!$B:$B,F2165,zips!$E:$E,">0"))	3610.7015	61.0961	=IF(I2165="","",ROUND(G2165-I2165,2))	=IF(J2165="","",ROUND(H2165-J2165,2))
Invitation Homes	4507 Champion Hill Dr			75052	=IFERROR(INDEX(zips!$B:$B,MATCH(E2166,zips!$A:$A,0)),"")	=IFERROR(INDEX(zips!$E:$E,MATCH(E2166,zips!$A:$A,0)),"")	=IF(OR(F2166="",G2166=""),"",100*SUMIFS(zips!$C:$C,zips!$B:$B,F2166,zips!$E:$E,"<"&G2166)/SUMIFS(zips!$C:$C,zips!$B:$B,F2166,zips!$E:$E,">0"))	3610.7015	61.0961	=IF(I2166="","",ROUND(G2166-I2166,2))	=IF(J2166="","",ROUND(H2166-J2166,2))
Invitation Homes	2028 Cap Rock Ln			75052	=IFERROR(INDEX(zips!$B:$B,MATCH(E2167,zips!$A:$A,0)),"")	=IFERROR(INDEX(zips!$E:$E,MATCH(E2167,zips!$A:$A,0)),"")	=IF(OR(F2167="",G2167=""),"",100*SUMIFS(zips!$C:$C,zips!$B:$B,F2167,zips!$E:$E,"<"&G2167)/SUMIFS(zips!$C:$C,zips!$B:$B,F2167,zips!$E:$E,">0"))	3610.7015	61.0961	=IF(I2167="","",ROUND(G2167-I2167,2))	=IF(J2167="","",ROUND(H2167-J2167,2))
Invitation Homes	505 Shennandoah			75115	=IFERROR(INDEX(zips!$B:$B,MATCH(E2168,zips!$A:$A,0)),"")	=IFERROR(INDEX(zips!$E:$E,MATCH(E2168,zips!$A:$A,0)),"")	=IF(OR(F2168="",G2168=""),"",100*SUMIFS(zips!$C:$C,zips!$B:$B,F2168,zips!$E:$E,"<"&G2168)/SUMIFS(zips!$C:$C,zips!$B:$B,F2168,zips!$E:$E,">0"))	2659.9373	37.5644	=IF(I2168="","",ROUND(G2168-I2168,2))	=IF(J2168="","",ROUND(H2168-J2168,2))
Invitation Homes	109 Troy			75154	=IFERROR(INDEX(zips!$B:$B,MATCH(E2169,zips!$A:$A,0)),"")	=IFERROR(INDEX(zips!$E:$E,MATCH(E2169,zips!$A:$A,0)),"")	=IF(OR(F2169="",G2169=""),"",100*SUMIFS(zips!$C:$C,zips!$B:$B,F2169,zips!$E:$E,"<"&G2169)/SUMIFS(zips!$C:$C,zips!$B:$B,F2169,zips!$E:$E,">0"))	1049.288	20.7283	=IF(I2169="","",ROUND(G2169-I2169,2))	=IF(J2169="","",ROUND(H2169-J2169,2))
Invitation Homes	400 Partridge Cir			75115	=IFERROR(INDEX(zips!$B:$B,MATCH(E2170,zips!$A:$A,0)),"")	=IFERROR(INDEX(zips!$E:$E,MATCH(E2170,zips!$A:$A,0)),"")	=IF(OR(F2170="",G2170=""),"",100*SUMIFS(zips!$C:$C,zips!$B:$B,F2170,zips!$E:$E,"<"&G2170)/SUMIFS(zips!$C:$C,zips!$B:$B,F2170,zips!$E:$E,">0"))	2659.9373	37.5644	=IF(I2170="","",ROUND(G2170-I2170,2))	=IF(J2170="","",ROUND(H2170-J2170,2))
Invitation Homes	515 Hidden Meadow Ct			75115	=IFERROR(INDEX(zips!$B:$B,MATCH(E2171,zips!$A:$A,0)),"")	=IFERROR(INDEX(zips!$E:$E,MATCH(E2171,zips!$A:$A,0)),"")	=IF(OR(F2171="",G2171=""),"",100*SUMIFS(zips!$C:$C,zips!$B:$B,F2171,zips!$E:$E,"<"&G2171)/SUMIFS(zips!$C:$C,zips!$B:$B,F2171,zips!$E:$E,">0"))	2659.9373	37.5644	=IF(I2171="","",ROUND(G2171-I2171,2))	=IF(J2171="","",ROUND(H2171-J2171,2))
Invitation Homes	1337 Greenbriar Ln			75146	=IFERROR(INDEX(zips!$B:$B,MATCH(E2172,zips!$A:$A,0)),"")	=IFERROR(INDEX(zips!$E:$E,MATCH(E2172,zips!$A:$A,0)),"")	=IF(OR(F2172="",G2172=""),"",100*SUMIFS(zips!$C:$C,zips!$B:$B,F2172,zips!$E:$E,"<"&G2172)/SUMIFS(zips!$C:$C,zips!$B:$B,F2172,zips!$E:$E,">0"))	743.4811	13.9235	=IF(I2172="","",ROUND(G2172-I2172,2))	=IF(J2172="","",ROUND(H2172-J2172,2))
Invitation Homes	2017 Woodglen Dr			75134	=IFERROR(INDEX(zips!$B:$B,MATCH(E2173,zips!$A:$A,0)),"")	=IFERROR(INDEX(zips!$E:$E,MATCH(E2173,zips!$A:$A,0)),"")	=IF(OR(F2173="",G2173=""),"",100*SUMIFS(zips!$C:$C,zips!$B:$B,F2173,zips!$E:$E,"<"&G2173)/SUMIFS(zips!$C:$C,zips!$B:$B,F2173,zips!$E:$E,">0"))	1727.0497	29.8382	=IF(I2173="","",ROUND(G2173-I2173,2))	=IF(J2173="","",ROUND(H2173-J2173,2))
Invitation Homes	111 E Kirnwood Dr			75241	=IFERROR(INDEX(zips!$B:$B,MATCH(E2174,zips!$A:$A,0)),"")	=IFERROR(INDEX(zips!$E:$E,MATCH(E2174,zips!$A:$A,0)),"")	=IF(OR(F2174="",G2174=""),"",100*SUMIFS(zips!$C:$C,zips!$B:$B,F2174,zips!$E:$E,"<"&G2174)/SUMIFS(zips!$C:$C,zips!$B:$B,F2174,zips!$E:$E,">0"))	1329.2977	22.9203	=IF(I2174="","",ROUND(G2174-I2174,2))	=IF(J2174="","",ROUND(H2174-J2174,2))
Invitation Homes	10527 Sewell Cir			75253	=IFERROR(INDEX(zips!$B:$B,MATCH(E2175,zips!$A:$A,0)),"")	=IFERROR(INDEX(zips!$E:$E,MATCH(E2175,zips!$A:$A,0)),"")	=IF(OR(F2175="",G2175=""),"",100*SUMIFS(zips!$C:$C,zips!$B:$B,F2175,zips!$E:$E,"<"&G2175)/SUMIFS(zips!$C:$C,zips!$B:$B,F2175,zips!$E:$E,">0"))	1592.0604	27.2627	=IF(I2175="","",ROUND(G2175-I2175,2))	=IF(J2175="","",ROUND(H2175-J2175,2))
Invitation Homes	10538 Sewell Cir			75253	=IFERROR(INDEX(zips!$B:$B,MATCH(E2176,zips!$A:$A,0)),"")	=IFERROR(INDEX(zips!$E:$E,MATCH(E2176,zips!$A:$A,0)),"")	=IF(OR(F2176="",G2176=""),"",100*SUMIFS(zips!$C:$C,zips!$B:$B,F2176,zips!$E:$E,"<"&G2176)/SUMIFS(zips!$C:$C,zips!$B:$B,F2176,zips!$E:$E,">0"))	1592.0604	27.2627	=IF(I2176="","",ROUND(G2176-I2176,2))	=IF(J2176="","",ROUND(H2176-J2176,2))
Invitation Homes	1339 Mosely Cir			75253	=IFERROR(INDEX(zips!$B:$B,MATCH(E2177,zips!$A:$A,0)),"")	=IFERROR(INDEX(zips!$E:$E,MATCH(E2177,zips!$A:$A,0)),"")	=IF(OR(F2177="",G2177=""),"",100*SUMIFS(zips!$C:$C,zips!$B:$B,F2177,zips!$E:$E,"<"&G2177)/SUMIFS(zips!$C:$C,zips!$B:$B,F2177,zips!$E:$E,">0"))	1592.0604	27.2627	=IF(I2177="","",ROUND(G2177-I2177,2))	=IF(J2177="","",ROUND(H2177-J2177,2))
Invitation Homes	1320 Haymarket Rd			75253	=IFERROR(INDEX(zips!$B:$B,MATCH(E2178,zips!$A:$A,0)),"")	=IFERROR(INDEX(zips!$E:$E,MATCH(E2178,zips!$A:$A,0)),"")	=IF(OR(F2178="",G2178=""),"",100*SUMIFS(zips!$C:$C,zips!$B:$B,F2178,zips!$E:$E,"<"&G2178)/SUMIFS(zips!$C:$C,zips!$B:$B,F2178,zips!$E:$E,">0"))	1592.0604	27.2627	=IF(I2178="","",ROUND(G2178-I2178,2))	=IF(J2178="","",ROUND(H2178-J2178,2))
Invitation Homes	1323 Mosely Cir			75253	=IFERROR(INDEX(zips!$B:$B,MATCH(E2179,zips!$A:$A,0)),"")	=IFERROR(INDEX(zips!$E:$E,MATCH(E2179,zips!$A:$A,0)),"")	=IF(OR(F2179="",G2179=""),"",100*SUMIFS(zips!$C:$C,zips!$B:$B,F2179,zips!$E:$E,"<"&G2179)/SUMIFS(zips!$C:$C,zips!$B:$B,F2179,zips!$E:$E,">0"))	1592.0604	27.2627	=IF(I2179="","",ROUND(G2179-I2179,2))	=IF(J2179="","",ROUND(H2179-J2179,2))
Invitation Homes	13916 Garden Grove Dr			75253	=IFERROR(INDEX(zips!$B:$B,MATCH(E2180,zips!$A:$A,0)),"")	=IFERROR(INDEX(zips!$E:$E,MATCH(E2180,zips!$A:$A,0)),"")	=IF(OR(F2180="",G2180=""),"",100*SUMIFS(zips!$C:$C,zips!$B:$B,F2180,zips!$E:$E,"<"&G2180)/SUMIFS(zips!$C:$C,zips!$B:$B,F2180,zips!$E:$E,">0"))	1592.0604	27.2627	=IF(I2180="","",ROUND(G2180-I2180,2))	=IF(J2180="","",ROUND(H2180-J2180,2))
Invitation Homes	15617 Gatsby Ln			75253	=IFERROR(INDEX(zips!$B:$B,MATCH(E2181,zips!$A:$A,0)),"")	=IFERROR(INDEX(zips!$E:$E,MATCH(E2181,zips!$A:$A,0)),"")	=IF(OR(F2181="",G2181=""),"",100*SUMIFS(zips!$C:$C,zips!$B:$B,F2181,zips!$E:$E,"<"&G2181)/SUMIFS(zips!$C:$C,zips!$B:$B,F2181,zips!$E:$E,">0"))	1592.0604	27.2627	=IF(I2181="","",ROUND(G2181-I2181,2))	=IF(J2181="","",ROUND(H2181-J2181,2))
Invitation Homes	3415 Big Antero Ln			75114	=IFERROR(INDEX(zips!$B:$B,MATCH(E2182,zips!$A:$A,0)),"")	=IFERROR(INDEX(zips!$E:$E,MATCH(E2182,zips!$A:$A,0)),"")	=IF(OR(F2182="",G2182=""),"",100*SUMIFS(zips!$C:$C,zips!$B:$B,F2182,zips!$E:$E,"<"&G2182)/SUMIFS(zips!$C:$C,zips!$B:$B,F2182,zips!$E:$E,">0"))	178.3279	5.0943	=IF(I2182="","",ROUND(G2182-I2182,2))	=IF(J2182="","",ROUND(H2182-J2182,2))
Invitation Homes	3403 Big Antero Ln			75114	=IFERROR(INDEX(zips!$B:$B,MATCH(E2183,zips!$A:$A,0)),"")	=IFERROR(INDEX(zips!$E:$E,MATCH(E2183,zips!$A:$A,0)),"")	=IF(OR(F2183="",G2183=""),"",100*SUMIFS(zips!$C:$C,zips!$B:$B,F2183,zips!$E:$E,"<"&G2183)/SUMIFS(zips!$C:$C,zips!$B:$B,F2183,zips!$E:$E,">0"))	178.3279	5.0943	=IF(I2183="","",ROUND(G2183-I2183,2))	=IF(J2183="","",ROUND(H2183-J2183,2))
Invitation Homes	3201 Crestone Dr			75114	=IFERROR(INDEX(zips!$B:$B,MATCH(E2184,zips!$A:$A,0)),"")	=IFERROR(INDEX(zips!$E:$E,MATCH(E2184,zips!$A:$A,0)),"")	=IF(OR(F2184="",G2184=""),"",100*SUMIFS(zips!$C:$C,zips!$B:$B,F2184,zips!$E:$E,"<"&G2184)/SUMIFS(zips!$C:$C,zips!$B:$B,F2184,zips!$E:$E,">0"))	178.3279	5.0943	=IF(I2184="","",ROUND(G2184-I2184,2))	=IF(J2184="","",ROUND(H2184-J2184,2))
Invitation Homes	2815 Tennessee Walker Way Ar 24			75114	=IFERROR(INDEX(zips!$B:$B,MATCH(E2185,zips!$A:$A,0)),"")	=IFERROR(INDEX(zips!$E:$E,MATCH(E2185,zips!$A:$A,0)),"")	=IF(OR(F2185="",G2185=""),"",100*SUMIFS(zips!$C:$C,zips!$B:$B,F2185,zips!$E:$E,"<"&G2185)/SUMIFS(zips!$C:$C,zips!$B:$B,F2185,zips!$E:$E,">0"))	178.3279	5.0943	=IF(I2185="","",ROUND(G2185-I2185,2))	=IF(J2185="","",ROUND(H2185-J2185,2))
Invitation Homes	2710 Harwell Dr Ak 46			75114	=IFERROR(INDEX(zips!$B:$B,MATCH(E2186,zips!$A:$A,0)),"")	=IFERROR(INDEX(zips!$E:$E,MATCH(E2186,zips!$A:$A,0)),"")	=IF(OR(F2186="",G2186=""),"",100*SUMIFS(zips!$C:$C,zips!$B:$B,F2186,zips!$E:$E,"<"&G2186)/SUMIFS(zips!$C:$C,zips!$B:$B,F2186,zips!$E:$E,">0"))	178.3279	5.0943	=IF(I2186="","",ROUND(G2186-I2186,2))	=IF(J2186="","",ROUND(H2186-J2186,2))
Invitation Homes	2708 Bronte Blvd Ak 41			75114	=IFERROR(INDEX(zips!$B:$B,MATCH(E2187,zips!$A:$A,0)),"")	=IFERROR(INDEX(zips!$E:$E,MATCH(E2187,zips!$A:$A,0)),"")	=IF(OR(F2187="",G2187=""),"",100*SUMIFS(zips!$C:$C,zips!$B:$B,F2187,zips!$E:$E,"<"&G2187)/SUMIFS(zips!$C:$C,zips!$B:$B,F2187,zips!$E:$E,">0"))	178.3279	5.0943	=IF(I2187="","",ROUND(G2187-I2187,2))	=IF(J2187="","",ROUND(H2187-J2187,2))
Invitation Homes	2714 Bronte Blvd			75114	=IFERROR(INDEX(zips!$B:$B,MATCH(E2188,zips!$A:$A,0)),"")	=IFERROR(INDEX(zips!$E:$E,MATCH(E2188,zips!$A:$A,0)),"")	=IF(OR(F2188="",G2188=""),"",100*SUMIFS(zips!$C:$C,zips!$B:$B,F2188,zips!$E:$E,"<"&G2188)/SUMIFS(zips!$C:$C,zips!$B:$B,F2188,zips!$E:$E,">0"))	178.3279	5.0943	=IF(I2188="","",ROUND(G2188-I2188,2))	=IF(J2188="","",ROUND(H2188-J2188,2))
Invitation Homes	3426 Big Antero Ln			75114	=IFERROR(INDEX(zips!$B:$B,MATCH(E2189,zips!$A:$A,0)),"")	=IFERROR(INDEX(zips!$E:$E,MATCH(E2189,zips!$A:$A,0)),"")	=IF(OR(F2189="",G2189=""),"",100*SUMIFS(zips!$C:$C,zips!$B:$B,F2189,zips!$E:$E,"<"&G2189)/SUMIFS(zips!$C:$C,zips!$B:$B,F2189,zips!$E:$E,">0"))	178.3279	5.0943	=IF(I2189="","",ROUND(G2189-I2189,2))	=IF(J2189="","",ROUND(H2189-J2189,2))
Invitation Homes	3020 Wallace Wells Ct			75114	=IFERROR(INDEX(zips!$B:$B,MATCH(E2190,zips!$A:$A,0)),"")	=IFERROR(INDEX(zips!$E:$E,MATCH(E2190,zips!$A:$A,0)),"")	=IF(OR(F2190="",G2190=""),"",100*SUMIFS(zips!$C:$C,zips!$B:$B,F2190,zips!$E:$E,"<"&G2190)/SUMIFS(zips!$C:$C,zips!$B:$B,F2190,zips!$E:$E,">0"))	178.3279	5.0943	=IF(I2190="","",ROUND(G2190-I2190,2))	=IF(J2190="","",ROUND(H2190-J2190,2))
Invitation Homes	2924 Greenhorn Av			75114	=IFERROR(INDEX(zips!$B:$B,MATCH(E2191,zips!$A:$A,0)),"")	=IFERROR(INDEX(zips!$E:$E,MATCH(E2191,zips!$A:$A,0)),"")	=IF(OR(F2191="",G2191=""),"",100*SUMIFS(zips!$C:$C,zips!$B:$B,F2191,zips!$E:$E,"<"&G2191)/SUMIFS(zips!$C:$C,zips!$B:$B,F2191,zips!$E:$E,">0"))	178.3279	5.0943	=IF(I2191="","",ROUND(G2191-I2191,2))	=IF(J2191="","",ROUND(H2191-J2191,2))
Invitation Homes	2928 Greenhorn Av			75114	=IFERROR(INDEX(zips!$B:$B,MATCH(E2192,zips!$A:$A,0)),"")	=IFERROR(INDEX(zips!$E:$E,MATCH(E2192,zips!$A:$A,0)),"")	=IF(OR(F2192="",G2192=""),"",100*SUMIFS(zips!$C:$C,zips!$B:$B,F2192,zips!$E:$E,"<"&G2192)/SUMIFS(zips!$C:$C,zips!$B:$B,F2192,zips!$E:$E,">0"))	178.3279	5.0943	=IF(I2192="","",ROUND(G2192-I2192,2))	=IF(J2192="","",ROUND(H2192-J2192,2))
Invitation Homes	2930 Greenhorn Av			75114	=IFERROR(INDEX(zips!$B:$B,MATCH(E2193,zips!$A:$A,0)),"")	=IFERROR(INDEX(zips!$E:$E,MATCH(E2193,zips!$A:$A,0)),"")	=IF(OR(F2193="",G2193=""),"",100*SUMIFS(zips!$C:$C,zips!$B:$B,F2193,zips!$E:$E,"<"&G2193)/SUMIFS(zips!$C:$C,zips!$B:$B,F2193,zips!$E:$E,">0"))	178.3279	5.0943	=IF(I2193="","",ROUND(G2193-I2193,2))	=IF(J2193="","",ROUND(H2193-J2193,2))
Invitation Homes	1405 Highbrdg Blvd			75114	=IFERROR(INDEX(zips!$B:$B,MATCH(E2194,zips!$A:$A,0)),"")	=IFERROR(INDEX(zips!$E:$E,MATCH(E2194,zips!$A:$A,0)),"")	=IF(OR(F2194="",G2194=""),"",100*SUMIFS(zips!$C:$C,zips!$B:$B,F2194,zips!$E:$E,"<"&G2194)/SUMIFS(zips!$C:$C,zips!$B:$B,F2194,zips!$E:$E,">0"))	178.3279	5.0943	=IF(I2194="","",ROUND(G2194-I2194,2))	=IF(J2194="","",ROUND(H2194-J2194,2))
Invitation Homes	2209 W Biscayne			75060	=IFERROR(INDEX(zips!$B:$B,MATCH(E2195,zips!$A:$A,0)),"")	=IFERROR(INDEX(zips!$E:$E,MATCH(E2195,zips!$A:$A,0)),"")	=IF(OR(F2195="",G2195=""),"",100*SUMIFS(zips!$C:$C,zips!$B:$B,F2195,zips!$E:$E,"<"&G2195)/SUMIFS(zips!$C:$C,zips!$B:$B,F2195,zips!$E:$E,">0"))	3902.8628	65.636	=IF(I2195="","",ROUND(G2195-I2195,2))	=IF(J2195="","",ROUND(H2195-J2195,2))
Invitation Homes	2212 W Oakdale Rd			75060	=IFERROR(INDEX(zips!$B:$B,MATCH(E2196,zips!$A:$A,0)),"")	=IFERROR(INDEX(zips!$E:$E,MATCH(E2196,zips!$A:$A,0)),"")	=IF(OR(F2196="",G2196=""),"",100*SUMIFS(zips!$C:$C,zips!$B:$B,F2196,zips!$E:$E,"<"&G2196)/SUMIFS(zips!$C:$C,zips!$B:$B,F2196,zips!$E:$E,">0"))	3902.8628	65.636	=IF(I2196="","",ROUND(G2196-I2196,2))	=IF(J2196="","",ROUND(H2196-J2196,2))
Invitation Homes	506 Bryan			75060	=IFERROR(INDEX(zips!$B:$B,MATCH(E2197,zips!$A:$A,0)),"")	=IFERROR(INDEX(zips!$E:$E,MATCH(E2197,zips!$A:$A,0)),"")	=IF(OR(F2197="",G2197=""),"",100*SUMIFS(zips!$C:$C,zips!$B:$B,F2197,zips!$E:$E,"<"&G2197)/SUMIFS(zips!$C:$C,zips!$B:$B,F2197,zips!$E:$E,">0"))	3902.8628	65.636	=IF(I2197="","",ROUND(G2197-I2197,2))	=IF(J2197="","",ROUND(H2197-J2197,2))
Invitation Homes	553 Shadowcrest			75019	=IFERROR(INDEX(zips!$B:$B,MATCH(E2198,zips!$A:$A,0)),"")	=IFERROR(INDEX(zips!$E:$E,MATCH(E2198,zips!$A:$A,0)),"")	=IF(OR(F2198="",G2198=""),"",100*SUMIFS(zips!$C:$C,zips!$B:$B,F2198,zips!$E:$E,"<"&G2198)/SUMIFS(zips!$C:$C,zips!$B:$B,F2198,zips!$E:$E,">0"))	2601.2102	36.8402	=IF(I2198="","",ROUND(G2198-I2198,2))	=IF(J2198="","",ROUND(H2198-J2198,2))
Invitation Homes	134 Barrington Lane			75067	=IFERROR(INDEX(zips!$B:$B,MATCH(E2199,zips!$A:$A,0)),"")	=IFERROR(INDEX(zips!$E:$E,MATCH(E2199,zips!$A:$A,0)),"")	=IF(OR(F2199="",G2199=""),"",100*SUMIFS(zips!$C:$C,zips!$B:$B,F2199,zips!$E:$E,"<"&G2199)/SUMIFS(zips!$C:$C,zips!$B:$B,F2199,zips!$E:$E,">0"))	5074.2031	87.1388	=IF(I2199="","",ROUND(G2199-I2199,2))	=IF(J2199="","",ROUND(H2199-J2199,2))
Invitation Homes	110 Barrington Ln			75067	=IFERROR(INDEX(zips!$B:$B,MATCH(E2200,zips!$A:$A,0)),"")	=IFERROR(INDEX(zips!$E:$E,MATCH(E2200,zips!$A:$A,0)),"")	=IF(OR(F2200="",G2200=""),"",100*SUMIFS(zips!$C:$C,zips!$B:$B,F2200,zips!$E:$E,"<"&G2200)/SUMIFS(zips!$C:$C,zips!$B:$B,F2200,zips!$E:$E,">0"))	5074.2031	87.1388	=IF(I2200="","",ROUND(G2200-I2200,2))	=IF(J2200="","",ROUND(H2200-J2200,2))
Invitation Homes	934 Ramblewood Dr			75067	=IFERROR(INDEX(zips!$B:$B,MATCH(E2201,zips!$A:$A,0)),"")	=IFERROR(INDEX(zips!$E:$E,MATCH(E2201,zips!$A:$A,0)),"")	=IF(OR(F2201="",G2201=""),"",100*SUMIFS(zips!$C:$C,zips!$B:$B,F2201,zips!$E:$E,"<"&G2201)/SUMIFS(zips!$C:$C,zips!$B:$B,F2201,zips!$E:$E,">0"))	5074.2031	87.1388	=IF(I2201="","",ROUND(G2201-I2201,2))	=IF(J2201="","",ROUND(H2201-J2201,2))
Invitation Homes	2206 Cedarcrest Dr			75007	=IFERROR(INDEX(zips!$B:$B,MATCH(E2202,zips!$A:$A,0)),"")	=IFERROR(INDEX(zips!$E:$E,MATCH(E2202,zips!$A:$A,0)),"")	=IF(OR(F2202="",G2202=""),"",100*SUMIFS(zips!$C:$C,zips!$B:$B,F2202,zips!$E:$E,"<"&G2202)/SUMIFS(zips!$C:$C,zips!$B:$B,F2202,zips!$E:$E,">0"))	4623.7191	77.4119	=IF(I2202="","",ROUND(G2202-I2202,2))	=IF(J2202="","",ROUND(H2202-J2202,2))
Invitation Homes	3807 Branch Hollow Cir			75007	=IFERROR(INDEX(zips!$B:$B,MATCH(E2203,zips!$A:$A,0)),"")	=IFERROR(INDEX(zips!$E:$E,MATCH(E2203,zips!$A:$A,0)),"")	=IF(OR(F2203="",G2203=""),"",100*SUMIFS(zips!$C:$C,zips!$B:$B,F2203,zips!$E:$E,"<"&G2203)/SUMIFS(zips!$C:$C,zips!$B:$B,F2203,zips!$E:$E,">0"))	4623.7191	77.4119	=IF(I2203="","",ROUND(G2203-I2203,2))	=IF(J2203="","",ROUND(H2203-J2203,2))
Invitation Homes	1716 Delaford Pl			75007	=IFERROR(INDEX(zips!$B:$B,MATCH(E2204,zips!$A:$A,0)),"")	=IFERROR(INDEX(zips!$E:$E,MATCH(E2204,zips!$A:$A,0)),"")	=IF(OR(F2204="",G2204=""),"",100*SUMIFS(zips!$C:$C,zips!$B:$B,F2204,zips!$E:$E,"<"&G2204)/SUMIFS(zips!$C:$C,zips!$B:$B,F2204,zips!$E:$E,">0"))	4623.7191	77.4119	=IF(I2204="","",ROUND(G2204-I2204,2))	=IF(J2204="","",ROUND(H2204-J2204,2))
Invitation Homes	2021 Sancerre Ln			75007	=IFERROR(INDEX(zips!$B:$B,MATCH(E2205,zips!$A:$A,0)),"")	=IFERROR(INDEX(zips!$E:$E,MATCH(E2205,zips!$A:$A,0)),"")	=IF(OR(F2205="",G2205=""),"",100*SUMIFS(zips!$C:$C,zips!$B:$B,F2205,zips!$E:$E,"<"&G2205)/SUMIFS(zips!$C:$C,zips!$B:$B,F2205,zips!$E:$E,">0"))	4623.7191	77.4119	=IF(I2205="","",ROUND(G2205-I2205,2))	=IF(J2205="","",ROUND(H2205-J2205,2))
Invitation Homes	3409 Livingston Ln			75007	=IFERROR(INDEX(zips!$B:$B,MATCH(E2206,zips!$A:$A,0)),"")	=IFERROR(INDEX(zips!$E:$E,MATCH(E2206,zips!$A:$A,0)),"")	=IF(OR(F2206="",G2206=""),"",100*SUMIFS(zips!$C:$C,zips!$B:$B,F2206,zips!$E:$E,"<"&G2206)/SUMIFS(zips!$C:$C,zips!$B:$B,F2206,zips!$E:$E,">0"))	4623.7191	77.4119	=IF(I2206="","",ROUND(G2206-I2206,2))	=IF(J2206="","",ROUND(H2206-J2206,2))
Invitation Homes	2107 Stonegate Dr			75010	=IFERROR(INDEX(zips!$B:$B,MATCH(E2207,zips!$A:$A,0)),"")	=IFERROR(INDEX(zips!$E:$E,MATCH(E2207,zips!$A:$A,0)),"")	=IF(OR(F2207="",G2207=""),"",100*SUMIFS(zips!$C:$C,zips!$B:$B,F2207,zips!$E:$E,"<"&G2207)/SUMIFS(zips!$C:$C,zips!$B:$B,F2207,zips!$E:$E,">0"))	4650.9614	79.2583	=IF(I2207="","",ROUND(G2207-I2207,2))	=IF(J2207="","",ROUND(H2207-J2207,2))
Invitation Homes	1808 Polstar Dr			75093	=IFERROR(INDEX(zips!$B:$B,MATCH(E2208,zips!$A:$A,0)),"")	=IFERROR(INDEX(zips!$E:$E,MATCH(E2208,zips!$A:$A,0)),"")	=IF(OR(F2208="",G2208=""),"",100*SUMIFS(zips!$C:$C,zips!$B:$B,F2208,zips!$E:$E,"<"&G2208)/SUMIFS(zips!$C:$C,zips!$B:$B,F2208,zips!$E:$E,">0"))	3254.7606	51.5491	=IF(I2208="","",ROUND(G2208-I2208,2))	=IF(J2208="","",ROUND(H2208-J2208,2))
Invitation Homes	436 Lexington			75080	=IFERROR(INDEX(zips!$B:$B,MATCH(E2209,zips!$A:$A,0)),"")	=IFERROR(INDEX(zips!$E:$E,MATCH(E2209,zips!$A:$A,0)),"")	=IF(OR(F2209="",G2209=""),"",100*SUMIFS(zips!$C:$C,zips!$B:$B,F2209,zips!$E:$E,"<"&G2209)/SUMIFS(zips!$C:$C,zips!$B:$B,F2209,zips!$E:$E,">0"))	4662.8359	79.7288	=IF(I2209="","",ROUND(G2209-I2209,2))	=IF(J2209="","",ROUND(H2209-J2209,2))
Invitation Homes	3950 Saddleback Drive			75227	=IFERROR(INDEX(zips!$B:$B,MATCH(E2210,zips!$A:$A,0)),"")	=IFERROR(INDEX(zips!$E:$E,MATCH(E2210,zips!$A:$A,0)),"")	=IF(OR(F2210="",G2210=""),"",100*SUMIFS(zips!$C:$C,zips!$B:$B,F2210,zips!$E:$E,"<"&G2210)/SUMIFS(zips!$C:$C,zips!$B:$B,F2210,zips!$E:$E,">0"))	4935.3333	82.6865	=IF(I2210="","",ROUND(G2210-I2210,2))	=IF(J2210="","",ROUND(H2210-J2210,2))
Invitation Homes	634 Waikiki			75043	=IFERROR(INDEX(zips!$B:$B,MATCH(E2211,zips!$A:$A,0)),"")	=IFERROR(INDEX(zips!$E:$E,MATCH(E2211,zips!$A:$A,0)),"")	=IF(OR(F2211="",G2211=""),"",100*SUMIFS(zips!$C:$C,zips!$B:$B,F2211,zips!$E:$E,"<"&G2211)/SUMIFS(zips!$C:$C,zips!$B:$B,F2211,zips!$E:$E,">0"))	4379.372	74.704	=IF(I2211="","",ROUND(G2211-I2211,2))	=IF(J2211="","",ROUND(H2211-J2211,2))
Invitation Homes	5210 Wyndham Ct			75043	=IFERROR(INDEX(zips!$B:$B,MATCH(E2212,zips!$A:$A,0)),"")	=IFERROR(INDEX(zips!$E:$E,MATCH(E2212,zips!$A:$A,0)),"")	=IF(OR(F2212="",G2212=""),"",100*SUMIFS(zips!$C:$C,zips!$B:$B,F2212,zips!$E:$E,"<"&G2212)/SUMIFS(zips!$C:$C,zips!$B:$B,F2212,zips!$E:$E,">0"))	4379.372	74.704	=IF(I2212="","",ROUND(G2212-I2212,2))	=IF(J2212="","",ROUND(H2212-J2212,2))
Invitation Homes	5405 Sandpiper Ln			75043	=IFERROR(INDEX(zips!$B:$B,MATCH(E2213,zips!$A:$A,0)),"")	=IFERROR(INDEX(zips!$E:$E,MATCH(E2213,zips!$A:$A,0)),"")	=IF(OR(F2213="",G2213=""),"",100*SUMIFS(zips!$C:$C,zips!$B:$B,F2213,zips!$E:$E,"<"&G2213)/SUMIFS(zips!$C:$C,zips!$B:$B,F2213,zips!$E:$E,">0"))	4379.372	74.704	=IF(I2213="","",ROUND(G2213-I2213,2))	=IF(J2213="","",ROUND(H2213-J2213,2))
Invitation Homes	108 Greenfield Trl			75126	=IFERROR(INDEX(zips!$B:$B,MATCH(E2214,zips!$A:$A,0)),"")	=IFERROR(INDEX(zips!$E:$E,MATCH(E2214,zips!$A:$A,0)),"")	=IF(OR(F2214="",G2214=""),"",100*SUMIFS(zips!$C:$C,zips!$B:$B,F2214,zips!$E:$E,"<"&G2214)/SUMIFS(zips!$C:$C,zips!$B:$B,F2214,zips!$E:$E,">0"))	945.5125	17.2497	=IF(I2214="","",ROUND(G2214-I2214,2))	=IF(J2214="","",ROUND(H2214-J2214,2))
Invitation Homes	112 Hackberry			75126	=IFERROR(INDEX(zips!$B:$B,MATCH(E2215,zips!$A:$A,0)),"")	=IFERROR(INDEX(zips!$E:$E,MATCH(E2215,zips!$A:$A,0)),"")	=IF(OR(F2215="",G2215=""),"",100*SUMIFS(zips!$C:$C,zips!$B:$B,F2215,zips!$E:$E,"<"&G2215)/SUMIFS(zips!$C:$C,zips!$B:$B,F2215,zips!$E:$E,">0"))	945.5125	17.2497	=IF(I2215="","",ROUND(G2215-I2215,2))	=IF(J2215="","",ROUND(H2215-J2215,2))
Invitation Homes	906 Downing			75126	=IFERROR(INDEX(zips!$B:$B,MATCH(E2216,zips!$A:$A,0)),"")	=IFERROR(INDEX(zips!$E:$E,MATCH(E2216,zips!$A:$A,0)),"")	=IF(OR(F2216="",G2216=""),"",100*SUMIFS(zips!$C:$C,zips!$B:$B,F2216,zips!$E:$E,"<"&G2216)/SUMIFS(zips!$C:$C,zips!$B:$B,F2216,zips!$E:$E,">0"))	945.5125	17.2497	=IF(I2216="","",ROUND(G2216-I2216,2))	=IF(J2216="","",ROUND(H2216-J2216,2))
Invitation Homes	504 Colt Dr			75126	=IFERROR(INDEX(zips!$B:$B,MATCH(E2217,zips!$A:$A,0)),"")	=IFERROR(INDEX(zips!$E:$E,MATCH(E2217,zips!$A:$A,0)),"")	=IF(OR(F2217="",G2217=""),"",100*SUMIFS(zips!$C:$C,zips!$B:$B,F2217,zips!$E:$E,"<"&G2217)/SUMIFS(zips!$C:$C,zips!$B:$B,F2217,zips!$E:$E,">0"))	945.5125	17.2497	=IF(I2217="","",ROUND(G2217-I2217,2))	=IF(J2217="","",ROUND(H2217-J2217,2))
Invitation Homes	1522 Calcot			75126	=IFERROR(INDEX(zips!$B:$B,MATCH(E2218,zips!$A:$A,0)),"")	=IFERROR(INDEX(zips!$E:$E,MATCH(E2218,zips!$A:$A,0)),"")	=IF(OR(F2218="",G2218=""),"",100*SUMIFS(zips!$C:$C,zips!$B:$B,F2218,zips!$E:$E,"<"&G2218)/SUMIFS(zips!$C:$C,zips!$B:$B,F2218,zips!$E:$E,">0"))	945.5125	17.2497	=IF(I2218="","",ROUND(G2218-I2218,2))	=IF(J2218="","",ROUND(H2218-J2218,2))
Invitation Homes	1917 Cherry Bark Lane			75126	=IFERROR(INDEX(zips!$B:$B,MATCH(E2219,zips!$A:$A,0)),"")	=IFERROR(INDEX(zips!$E:$E,MATCH(E2219,zips!$A:$A,0)),"")	=IF(OR(F2219="",G2219=""),"",100*SUMIFS(zips!$C:$C,zips!$B:$B,F2219,zips!$E:$E,"<"&G2219)/SUMIFS(zips!$C:$C,zips!$B:$B,F2219,zips!$E:$E,">0"))	945.5125	17.2497	=IF(I2219="","",ROUND(G2219-I2219,2))	=IF(J2219="","",ROUND(H2219-J2219,2))
Invitation Homes	1924 Cherry Bark Ln			75126	=IFERROR(INDEX(zips!$B:$B,MATCH(E2220,zips!$A:$A,0)),"")	=IFERROR(INDEX(zips!$E:$E,MATCH(E2220,zips!$A:$A,0)),"")	=IF(OR(F2220="",G2220=""),"",100*SUMIFS(zips!$C:$C,zips!$B:$B,F2220,zips!$E:$E,"<"&G2220)/SUMIFS(zips!$C:$C,zips!$B:$B,F2220,zips!$E:$E,">0"))	945.5125	17.2497	=IF(I2220="","",ROUND(G2220-I2220,2))	=IF(J2220="","",ROUND(H2220-J2220,2))
Invitation Homes	1410 Merlin Bluff Street			75126	=IFERROR(INDEX(zips!$B:$B,MATCH(E2221,zips!$A:$A,0)),"")	=IFERROR(INDEX(zips!$E:$E,MATCH(E2221,zips!$A:$A,0)),"")	=IF(OR(F2221="",G2221=""),"",100*SUMIFS(zips!$C:$C,zips!$B:$B,F2221,zips!$E:$E,"<"&G2221)/SUMIFS(zips!$C:$C,zips!$B:$B,F2221,zips!$E:$E,">0"))	945.5125	17.2497	=IF(I2221="","",ROUND(G2221-I2221,2))	=IF(J2221="","",ROUND(H2221-J2221,2))
Invitation Homes	1003 Kelsey Ct			75126	=IFERROR(INDEX(zips!$B:$B,MATCH(E2222,zips!$A:$A,0)),"")	=IFERROR(INDEX(zips!$E:$E,MATCH(E2222,zips!$A:$A,0)),"")	=IF(OR(F2222="",G2222=""),"",100*SUMIFS(zips!$C:$C,zips!$B:$B,F2222,zips!$E:$E,"<"&G2222)/SUMIFS(zips!$C:$C,zips!$B:$B,F2222,zips!$E:$E,">0"))	945.5125	17.2497	=IF(I2222="","",ROUND(G2222-I2222,2))	=IF(J2222="","",ROUND(H2222-J2222,2))
Invitation Homes	2002 Sumac Dr			75126	=IFERROR(INDEX(zips!$B:$B,MATCH(E2223,zips!$A:$A,0)),"")	=IFERROR(INDEX(zips!$E:$E,MATCH(E2223,zips!$A:$A,0)),"")	=IF(OR(F2223="",G2223=""),"",100*SUMIFS(zips!$C:$C,zips!$B:$B,F2223,zips!$E:$E,"<"&G2223)/SUMIFS(zips!$C:$C,zips!$B:$B,F2223,zips!$E:$E,">0"))	945.5125	17.2497	=IF(I2223="","",ROUND(G2223-I2223,2))	=IF(J2223="","",ROUND(H2223-J2223,2))
Invitation Homes	1478 Embrook			75126	=IFERROR(INDEX(zips!$B:$B,MATCH(E2224,zips!$A:$A,0)),"")	=IFERROR(INDEX(zips!$E:$E,MATCH(E2224,zips!$A:$A,0)),"")	=IF(OR(F2224="",G2224=""),"",100*SUMIFS(zips!$C:$C,zips!$B:$B,F2224,zips!$E:$E,"<"&G2224)/SUMIFS(zips!$C:$C,zips!$B:$B,F2224,zips!$E:$E,">0"))	945.5125	17.2497	=IF(I2224="","",ROUND(G2224-I2224,2))	=IF(J2224="","",ROUND(H2224-J2224,2))
Invitation Homes	1716 Palo Blanco			75126	=IFERROR(INDEX(zips!$B:$B,MATCH(E2225,zips!$A:$A,0)),"")	=IFERROR(INDEX(zips!$E:$E,MATCH(E2225,zips!$A:$A,0)),"")	=IF(OR(F2225="",G2225=""),"",100*SUMIFS(zips!$C:$C,zips!$B:$B,F2225,zips!$E:$E,"<"&G2225)/SUMIFS(zips!$C:$C,zips!$B:$B,F2225,zips!$E:$E,">0"))	945.5125	17.2497	=IF(I2225="","",ROUND(G2225-I2225,2))	=IF(J2225="","",ROUND(H2225-J2225,2))
Invitation Homes	2016 Pleasant Knoll Cir			75126	=IFERROR(INDEX(zips!$B:$B,MATCH(E2226,zips!$A:$A,0)),"")	=IFERROR(INDEX(zips!$E:$E,MATCH(E2226,zips!$A:$A,0)),"")	=IF(OR(F2226="",G2226=""),"",100*SUMIFS(zips!$C:$C,zips!$B:$B,F2226,zips!$E:$E,"<"&G2226)/SUMIFS(zips!$C:$C,zips!$B:$B,F2226,zips!$E:$E,">0"))	945.5125	17.2497	=IF(I2226="","",ROUND(G2226-I2226,2))	=IF(J2226="","",ROUND(H2226-J2226,2))
Invitation Homes	1308 Winterfell Drive			75126	=IFERROR(INDEX(zips!$B:$B,MATCH(E2227,zips!$A:$A,0)),"")	=IFERROR(INDEX(zips!$E:$E,MATCH(E2227,zips!$A:$A,0)),"")	=IF(OR(F2227="",G2227=""),"",100*SUMIFS(zips!$C:$C,zips!$B:$B,F2227,zips!$E:$E,"<"&G2227)/SUMIFS(zips!$C:$C,zips!$B:$B,F2227,zips!$E:$E,">0"))	945.5125	17.2497	=IF(I2227="","",ROUND(G2227-I2227,2))	=IF(J2227="","",ROUND(H2227-J2227,2))
Invitation Homes	1218 Autumn Mist Lane			75126	=IFERROR(INDEX(zips!$B:$B,MATCH(E2228,zips!$A:$A,0)),"")	=IFERROR(INDEX(zips!$E:$E,MATCH(E2228,zips!$A:$A,0)),"")	=IF(OR(F2228="",G2228=""),"",100*SUMIFS(zips!$C:$C,zips!$B:$B,F2228,zips!$E:$E,"<"&G2228)/SUMIFS(zips!$C:$C,zips!$B:$B,F2228,zips!$E:$E,">0"))	945.5125	17.2497	=IF(I2228="","",ROUND(G2228-I2228,2))	=IF(J2228="","",ROUND(H2228-J2228,2))
Invitation Homes	1428 Embrook Trail			75126	=IFERROR(INDEX(zips!$B:$B,MATCH(E2229,zips!$A:$A,0)),"")	=IFERROR(INDEX(zips!$E:$E,MATCH(E2229,zips!$A:$A,0)),"")	=IF(OR(F2229="",G2229=""),"",100*SUMIFS(zips!$C:$C,zips!$B:$B,F2229,zips!$E:$E,"<"&G2229)/SUMIFS(zips!$C:$C,zips!$B:$B,F2229,zips!$E:$E,">0"))	945.5125	17.2497	=IF(I2229="","",ROUND(G2229-I2229,2))	=IF(J2229="","",ROUND(H2229-J2229,2))
Invitation Homes	1611 Box Elder Road			75126	=IFERROR(INDEX(zips!$B:$B,MATCH(E2230,zips!$A:$A,0)),"")	=IFERROR(INDEX(zips!$E:$E,MATCH(E2230,zips!$A:$A,0)),"")	=IF(OR(F2230="",G2230=""),"",100*SUMIFS(zips!$C:$C,zips!$B:$B,F2230,zips!$E:$E,"<"&G2230)/SUMIFS(zips!$C:$C,zips!$B:$B,F2230,zips!$E:$E,">0"))	945.5125	17.2497	=IF(I2230="","",ROUND(G2230-I2230,2))	=IF(J2230="","",ROUND(H2230-J2230,2))
Invitation Homes	1834 Sanderling Street			75126	=IFERROR(INDEX(zips!$B:$B,MATCH(E2231,zips!$A:$A,0)),"")	=IFERROR(INDEX(zips!$E:$E,MATCH(E2231,zips!$A:$A,0)),"")	=IF(OR(F2231="",G2231=""),"",100*SUMIFS(zips!$C:$C,zips!$B:$B,F2231,zips!$E:$E,"<"&G2231)/SUMIFS(zips!$C:$C,zips!$B:$B,F2231,zips!$E:$E,">0"))	945.5125	17.2497	=IF(I2231="","",ROUND(G2231-I2231,2))	=IF(J2231="","",ROUND(H2231-J2231,2))
Invitation Homes	1205 Canyon Wren Drive			75126	=IFERROR(INDEX(zips!$B:$B,MATCH(E2232,zips!$A:$A,0)),"")	=IFERROR(INDEX(zips!$E:$E,MATCH(E2232,zips!$A:$A,0)),"")	=IF(OR(F2232="",G2232=""),"",100*SUMIFS(zips!$C:$C,zips!$B:$B,F2232,zips!$E:$E,"<"&G2232)/SUMIFS(zips!$C:$C,zips!$B:$B,F2232,zips!$E:$E,">0"))	945.5125	17.2497	=IF(I2232="","",ROUND(G2232-I2232,2))	=IF(J2232="","",ROUND(H2232-J2232,2))
Invitation Homes	1207 Canyon Wren Drive			75126	=IFERROR(INDEX(zips!$B:$B,MATCH(E2233,zips!$A:$A,0)),"")	=IFERROR(INDEX(zips!$E:$E,MATCH(E2233,zips!$A:$A,0)),"")	=IF(OR(F2233="",G2233=""),"",100*SUMIFS(zips!$C:$C,zips!$B:$B,F2233,zips!$E:$E,"<"&G2233)/SUMIFS(zips!$C:$C,zips!$B:$B,F2233,zips!$E:$E,">0"))	945.5125	17.2497	=IF(I2233="","",ROUND(G2233-I2233,2))	=IF(J2233="","",ROUND(H2233-J2233,2))
Invitation Homes	1202 Canyon Wren Drive			75126	=IFERROR(INDEX(zips!$B:$B,MATCH(E2234,zips!$A:$A,0)),"")	=IFERROR(INDEX(zips!$E:$E,MATCH(E2234,zips!$A:$A,0)),"")	=IF(OR(F2234="",G2234=""),"",100*SUMIFS(zips!$C:$C,zips!$B:$B,F2234,zips!$E:$E,"<"&G2234)/SUMIFS(zips!$C:$C,zips!$B:$B,F2234,zips!$E:$E,">0"))	945.5125	17.2497	=IF(I2234="","",ROUND(G2234-I2234,2))	=IF(J2234="","",ROUND(H2234-J2234,2))
Invitation Homes	421 Kingsbridge Dr			75040	=IFERROR(INDEX(zips!$B:$B,MATCH(E2235,zips!$A:$A,0)),"")	=IFERROR(INDEX(zips!$E:$E,MATCH(E2235,zips!$A:$A,0)),"")	=IF(OR(F2235="",G2235=""),"",100*SUMIFS(zips!$C:$C,zips!$B:$B,F2235,zips!$E:$E,"<"&G2235)/SUMIFS(zips!$C:$C,zips!$B:$B,F2235,zips!$E:$E,">0"))	4091.3146	70.9885	=IF(I2235="","",ROUND(G2235-I2235,2))	=IF(J2235="","",ROUND(H2235-J2235,2))
Invitation Homes	2306 Lakeshore Ln			75088	=IFERROR(INDEX(zips!$B:$B,MATCH(E2236,zips!$A:$A,0)),"")	=IFERROR(INDEX(zips!$E:$E,MATCH(E2236,zips!$A:$A,0)),"")	=IF(OR(F2236="",G2236=""),"",100*SUMIFS(zips!$C:$C,zips!$B:$B,F2236,zips!$E:$E,"<"&G2236)/SUMIFS(zips!$C:$C,zips!$B:$B,F2236,zips!$E:$E,">0"))	2924.5364	44.5541	=IF(I2236="","",ROUND(G2236-I2236,2))	=IF(J2236="","",ROUND(H2236-J2236,2))
Invitation Homes	7310 Dartmouth Dr			75089	=IFERROR(INDEX(zips!$B:$B,MATCH(E2237,zips!$A:$A,0)),"")	=IFERROR(INDEX(zips!$E:$E,MATCH(E2237,zips!$A:$A,0)),"")	=IF(OR(F2237="",G2237=""),"",100*SUMIFS(zips!$C:$C,zips!$B:$B,F2237,zips!$E:$E,"<"&G2237)/SUMIFS(zips!$C:$C,zips!$B:$B,F2237,zips!$E:$E,">0"))	2923.6868	44.1003	=IF(I2237="","",ROUND(G2237-I2237,2))	=IF(J2237="","",ROUND(H2237-J2237,2))
Invitation Homes	7409 Armstrong Ln			75089	=IFERROR(INDEX(zips!$B:$B,MATCH(E2238,zips!$A:$A,0)),"")	=IFERROR(INDEX(zips!$E:$E,MATCH(E2238,zips!$A:$A,0)),"")	=IF(OR(F2238="",G2238=""),"",100*SUMIFS(zips!$C:$C,zips!$B:$B,F2238,zips!$E:$E,"<"&G2238)/SUMIFS(zips!$C:$C,zips!$B:$B,F2238,zips!$E:$E,">0"))	2923.6868	44.1003	=IF(I2238="","",ROUND(G2238-I2238,2))	=IF(J2238="","",ROUND(H2238-J2238,2))
Invitation Homes	8406 Concord Dr			75089	=IFERROR(INDEX(zips!$B:$B,MATCH(E2239,zips!$A:$A,0)),"")	=IFERROR(INDEX(zips!$E:$E,MATCH(E2239,zips!$A:$A,0)),"")	=IF(OR(F2239="",G2239=""),"",100*SUMIFS(zips!$C:$C,zips!$B:$B,F2239,zips!$E:$E,"<"&G2239)/SUMIFS(zips!$C:$C,zips!$B:$B,F2239,zips!$E:$E,">0"))	2923.6868	44.1003	=IF(I2239="","",ROUND(G2239-I2239,2))	=IF(J2239="","",ROUND(H2239-J2239,2))
Invitation Homes	8013 Yacht Club Dr			75089	=IFERROR(INDEX(zips!$B:$B,MATCH(E2240,zips!$A:$A,0)),"")	=IFERROR(INDEX(zips!$E:$E,MATCH(E2240,zips!$A:$A,0)),"")	=IF(OR(F2240="",G2240=""),"",100*SUMIFS(zips!$C:$C,zips!$B:$B,F2240,zips!$E:$E,"<"&G2240)/SUMIFS(zips!$C:$C,zips!$B:$B,F2240,zips!$E:$E,">0"))	2923.6868	44.1003	=IF(I2240="","",ROUND(G2240-I2240,2))	=IF(J2240="","",ROUND(H2240-J2240,2))
Invitation Homes	1413 Ridge Meadow Dr			75074	=IFERROR(INDEX(zips!$B:$B,MATCH(E2241,zips!$A:$A,0)),"")	=IFERROR(INDEX(zips!$E:$E,MATCH(E2241,zips!$A:$A,0)),"")	=IF(OR(F2241="",G2241=""),"",100*SUMIFS(zips!$C:$C,zips!$B:$B,F2241,zips!$E:$E,"<"&G2241)/SUMIFS(zips!$C:$C,zips!$B:$B,F2241,zips!$E:$E,">0"))	3325.9904	52.7456	=IF(I2241="","",ROUND(G2241-I2241,2))	=IF(J2241="","",ROUND(H2241-J2241,2))
Invitation Homes	3401 Dorothy			75098	=IFERROR(INDEX(zips!$B:$B,MATCH(E2242,zips!$A:$A,0)),"")	=IFERROR(INDEX(zips!$E:$E,MATCH(E2242,zips!$A:$A,0)),"")	=IF(OR(F2242="",G2242=""),"",100*SUMIFS(zips!$C:$C,zips!$B:$B,F2242,zips!$E:$E,"<"&G2242)/SUMIFS(zips!$C:$C,zips!$B:$B,F2242,zips!$E:$E,">0"))	2107.8052	31.6489	=IF(I2242="","",ROUND(G2242-I2242,2))	=IF(J2242="","",ROUND(H2242-J2242,2))
Invitation Homes	103 Martin			75098	=IFERROR(INDEX(zips!$B:$B,MATCH(E2243,zips!$A:$A,0)),"")	=IFERROR(INDEX(zips!$E:$E,MATCH(E2243,zips!$A:$A,0)),"")	=IF(OR(F2243="",G2243=""),"",100*SUMIFS(zips!$C:$C,zips!$B:$B,F2243,zips!$E:$E,"<"&G2243)/SUMIFS(zips!$C:$C,zips!$B:$B,F2243,zips!$E:$E,">0"))	2107.8052	31.6489	=IF(I2243="","",ROUND(G2243-I2243,2))	=IF(J2243="","",ROUND(H2243-J2243,2))
Invitation Homes	1202 Leeward Ln			75098	=IFERROR(INDEX(zips!$B:$B,MATCH(E2244,zips!$A:$A,0)),"")	=IFERROR(INDEX(zips!$E:$E,MATCH(E2244,zips!$A:$A,0)),"")	=IF(OR(F2244="",G2244=""),"",100*SUMIFS(zips!$C:$C,zips!$B:$B,F2244,zips!$E:$E,"<"&G2244)/SUMIFS(zips!$C:$C,zips!$B:$B,F2244,zips!$E:$E,">0"))	2107.8052	31.6489	=IF(I2244="","",ROUND(G2244-I2244,2))	=IF(J2244="","",ROUND(H2244-J2244,2))
Invitation Homes	3450 Post Oak Dr			75032	=IFERROR(INDEX(zips!$B:$B,MATCH(E2245,zips!$A:$A,0)),"")	=IFERROR(INDEX(zips!$E:$E,MATCH(E2245,zips!$A:$A,0)),"")	=IF(OR(F2245="",G2245=""),"",100*SUMIFS(zips!$C:$C,zips!$B:$B,F2245,zips!$E:$E,"<"&G2245)/SUMIFS(zips!$C:$C,zips!$B:$B,F2245,zips!$E:$E,">0"))	787.4122	15.0968	=IF(I2245="","",ROUND(G2245-I2245,2))	=IF(J2245="","",ROUND(H2245-J2245,2))
Invitation Homes	1537 Englewood Dr			75032	=IFERROR(INDEX(zips!$B:$B,MATCH(E2246,zips!$A:$A,0)),"")	=IFERROR(INDEX(zips!$E:$E,MATCH(E2246,zips!$A:$A,0)),"")	=IF(OR(F2246="",G2246=""),"",100*SUMIFS(zips!$C:$C,zips!$B:$B,F2246,zips!$E:$E,"<"&G2246)/SUMIFS(zips!$C:$C,zips!$B:$B,F2246,zips!$E:$E,">0"))	787.4122	15.0968	=IF(I2246="","",ROUND(G2246-I2246,2))	=IF(J2246="","",ROUND(H2246-J2246,2))
Invitation Homes	1679 Chesterwood Dr			75032	=IFERROR(INDEX(zips!$B:$B,MATCH(E2247,zips!$A:$A,0)),"")	=IFERROR(INDEX(zips!$E:$E,MATCH(E2247,zips!$A:$A,0)),"")	=IF(OR(F2247="",G2247=""),"",100*SUMIFS(zips!$C:$C,zips!$B:$B,F2247,zips!$E:$E,"<"&G2247)/SUMIFS(zips!$C:$C,zips!$B:$B,F2247,zips!$E:$E,">0"))	787.4122	15.0968	=IF(I2247="","",ROUND(G2247-I2247,2))	=IF(J2247="","",ROUND(H2247-J2247,2))
Invitation Homes	119 Charleston Ln			75189	=IFERROR(INDEX(zips!$B:$B,MATCH(E2248,zips!$A:$A,0)),"")	=IFERROR(INDEX(zips!$E:$E,MATCH(E2248,zips!$A:$A,0)),"")	=IF(OR(F2248="",G2248=""),"",100*SUMIFS(zips!$C:$C,zips!$B:$B,F2248,zips!$E:$E,"<"&G2248)/SUMIFS(zips!$C:$C,zips!$B:$B,F2248,zips!$E:$E,">0"))	403.6333	9.5466	=IF(I2248="","",ROUND(G2248-I2248,2))	=IF(J2248="","",ROUND(H2248-J2248,2))
Invitation Homes	617 Fitzroy Ln			75189	=IFERROR(INDEX(zips!$B:$B,MATCH(E2249,zips!$A:$A,0)),"")	=IFERROR(INDEX(zips!$E:$E,MATCH(E2249,zips!$A:$A,0)),"")	=IF(OR(F2249="",G2249=""),"",100*SUMIFS(zips!$C:$C,zips!$B:$B,F2249,zips!$E:$E,"<"&G2249)/SUMIFS(zips!$C:$C,zips!$B:$B,F2249,zips!$E:$E,">0"))	403.6333	9.5466	=IF(I2249="","",ROUND(G2249-I2249,2))	=IF(J2249="","",ROUND(H2249-J2249,2))
Invitation Homes	317 Burr Ln			75189	=IFERROR(INDEX(zips!$B:$B,MATCH(E2250,zips!$A:$A,0)),"")	=IFERROR(INDEX(zips!$E:$E,MATCH(E2250,zips!$A:$A,0)),"")	=IF(OR(F2250="",G2250=""),"",100*SUMIFS(zips!$C:$C,zips!$B:$B,F2250,zips!$E:$E,"<"&G2250)/SUMIFS(zips!$C:$C,zips!$B:$B,F2250,zips!$E:$E,">0"))	403.6333	9.5466	=IF(I2250="","",ROUND(G2250-I2250,2))	=IF(J2250="","",ROUND(H2250-J2250,2))
Invitation Homes	107 Southgate Drive			75160	=IFERROR(INDEX(zips!$B:$B,MATCH(E2251,zips!$A:$A,0)),"")	=IFERROR(INDEX(zips!$E:$E,MATCH(E2251,zips!$A:$A,0)),"")	=IF(OR(F2251="",G2251=""),"",100*SUMIFS(zips!$C:$C,zips!$B:$B,F2251,zips!$E:$E,"<"&G2251)/SUMIFS(zips!$C:$C,zips!$B:$B,F2251,zips!$E:$E,">0"))	221.148	6.4262	=IF(I2251="","",ROUND(G2251-I2251,2))	=IF(J2251="","",ROUND(H2251-J2251,2))
Invitation Homes	1349 Glenhill Ln			75077	=IFERROR(INDEX(zips!$B:$B,MATCH(E2252,zips!$A:$A,0)),"")	=IFERROR(INDEX(zips!$E:$E,MATCH(E2252,zips!$A:$A,0)),"")	=IF(OR(F2252="",G2252=""),"",100*SUMIFS(zips!$C:$C,zips!$B:$B,F2252,zips!$E:$E,"<"&G2252)/SUMIFS(zips!$C:$C,zips!$B:$B,F2252,zips!$E:$E,">0"))	2900.3263	42.5776	=IF(I2252="","",ROUND(G2252-I2252,2))	=IF(J2252="","",ROUND(H2252-J2252,2))
Invitation Homes	4224 Malone Ave			75056	=IFERROR(INDEX(zips!$B:$B,MATCH(E2253,zips!$A:$A,0)),"")	=IFERROR(INDEX(zips!$E:$E,MATCH(E2253,zips!$A:$A,0)),"")	=IF(OR(F2253="",G2253=""),"",100*SUMIFS(zips!$C:$C,zips!$B:$B,F2253,zips!$E:$E,"<"&G2253)/SUMIFS(zips!$C:$C,zips!$B:$B,F2253,zips!$E:$E,">0"))	2876.7668	41.7061	=IF(I2253="","",ROUND(G2253-I2253,2))	=IF(J2253="","",ROUND(H2253-J2253,2))
Invitation Homes	6304 Jennings Dr			75056	=IFERROR(INDEX(zips!$B:$B,MATCH(E2254,zips!$A:$A,0)),"")	=IFERROR(INDEX(zips!$E:$E,MATCH(E2254,zips!$A:$A,0)),"")	=IF(OR(F2254="",G2254=""),"",100*SUMIFS(zips!$C:$C,zips!$B:$B,F2254,zips!$E:$E,"<"&G2254)/SUMIFS(zips!$C:$C,zips!$B:$B,F2254,zips!$E:$E,">0"))	2876.7668	41.7061	=IF(I2254="","",ROUND(G2254-I2254,2))	=IF(J2254="","",ROUND(H2254-J2254,2))
Invitation Homes	2909 Colorado			75068	=IFERROR(INDEX(zips!$B:$B,MATCH(E2255,zips!$A:$A,0)),"")	=IFERROR(INDEX(zips!$E:$E,MATCH(E2255,zips!$A:$A,0)),"")	=IF(OR(F2255="",G2255=""),"",100*SUMIFS(zips!$C:$C,zips!$B:$B,F2255,zips!$E:$E,"<"&G2255)/SUMIFS(zips!$C:$C,zips!$B:$B,F2255,zips!$E:$E,">0"))	2532.0989	35.4179	=IF(I2255="","",ROUND(G2255-I2255,2))	=IF(J2255="","",ROUND(H2255-J2255,2))
Invitation Homes	11920 Summer Springs Dr			75034	=IFERROR(INDEX(zips!$B:$B,MATCH(E2256,zips!$A:$A,0)),"")	=IFERROR(INDEX(zips!$E:$E,MATCH(E2256,zips!$A:$A,0)),"")	=IF(OR(F2256="",G2256=""),"",100*SUMIFS(zips!$C:$C,zips!$B:$B,F2256,zips!$E:$E,"<"&G2256)/SUMIFS(zips!$C:$C,zips!$B:$B,F2256,zips!$E:$E,">0"))	3202.3959	49.8491	=IF(I2256="","",ROUND(G2256-I2256,2))	=IF(J2256="","",ROUND(H2256-J2256,2))
Invitation Homes	1044 Waterview Dr			75068	=IFERROR(INDEX(zips!$B:$B,MATCH(E2257,zips!$A:$A,0)),"")	=IFERROR(INDEX(zips!$E:$E,MATCH(E2257,zips!$A:$A,0)),"")	=IF(OR(F2257="",G2257=""),"",100*SUMIFS(zips!$C:$C,zips!$B:$B,F2257,zips!$E:$E,"<"&G2257)/SUMIFS(zips!$C:$C,zips!$B:$B,F2257,zips!$E:$E,">0"))	2532.0989	35.4179	=IF(I2257="","",ROUND(G2257-I2257,2))	=IF(J2257="","",ROUND(H2257-J2257,2))
Invitation Homes	12412 Sunrise Dr			75034	=IFERROR(INDEX(zips!$B:$B,MATCH(E2258,zips!$A:$A,0)),"")	=IFERROR(INDEX(zips!$E:$E,MATCH(E2258,zips!$A:$A,0)),"")	=IF(OR(F2258="",G2258=""),"",100*SUMIFS(zips!$C:$C,zips!$B:$B,F2258,zips!$E:$E,"<"&G2258)/SUMIFS(zips!$C:$C,zips!$B:$B,F2258,zips!$E:$E,">0"))	3202.3959	49.8491	=IF(I2258="","",ROUND(G2258-I2258,2))	=IF(J2258="","",ROUND(H2258-J2258,2))
Invitation Homes	3050 Morning Star Dr			75068	=IFERROR(INDEX(zips!$B:$B,MATCH(E2259,zips!$A:$A,0)),"")	=IFERROR(INDEX(zips!$E:$E,MATCH(E2259,zips!$A:$A,0)),"")	=IF(OR(F2259="",G2259=""),"",100*SUMIFS(zips!$C:$C,zips!$B:$B,F2259,zips!$E:$E,"<"&G2259)/SUMIFS(zips!$C:$C,zips!$B:$B,F2259,zips!$E:$E,">0"))	2532.0989	35.4179	=IF(I2259="","",ROUND(G2259-I2259,2))	=IF(J2259="","",ROUND(H2259-J2259,2))
Invitation Homes	2001 Duce Creek			75068	=IFERROR(INDEX(zips!$B:$B,MATCH(E2260,zips!$A:$A,0)),"")	=IFERROR(INDEX(zips!$E:$E,MATCH(E2260,zips!$A:$A,0)),"")	=IF(OR(F2260="",G2260=""),"",100*SUMIFS(zips!$C:$C,zips!$B:$B,F2260,zips!$E:$E,"<"&G2260)/SUMIFS(zips!$C:$C,zips!$B:$B,F2260,zips!$E:$E,">0"))	2532.0989	35.4179	=IF(I2260="","",ROUND(G2260-I2260,2))	=IF(J2260="","",ROUND(H2260-J2260,2))
Invitation Homes	3137 Walker Creek			75068	=IFERROR(INDEX(zips!$B:$B,MATCH(E2261,zips!$A:$A,0)),"")	=IFERROR(INDEX(zips!$E:$E,MATCH(E2261,zips!$A:$A,0)),"")	=IF(OR(F2261="",G2261=""),"",100*SUMIFS(zips!$C:$C,zips!$B:$B,F2261,zips!$E:$E,"<"&G2261)/SUMIFS(zips!$C:$C,zips!$B:$B,F2261,zips!$E:$E,">0"))	2532.0989	35.4179	=IF(I2261="","",ROUND(G2261-I2261,2))	=IF(J2261="","",ROUND(H2261-J2261,2))
Invitation Homes	6594 Scottsdale Way			75034	=IFERROR(INDEX(zips!$B:$B,MATCH(E2262,zips!$A:$A,0)),"")	=IFERROR(INDEX(zips!$E:$E,MATCH(E2262,zips!$A:$A,0)),"")	=IF(OR(F2262="",G2262=""),"",100*SUMIFS(zips!$C:$C,zips!$B:$B,F2262,zips!$E:$E,"<"&G2262)/SUMIFS(zips!$C:$C,zips!$B:$B,F2262,zips!$E:$E,">0"))	3202.3959	49.8491	=IF(I2262="","",ROUND(G2262-I2262,2))	=IF(J2262="","",ROUND(H2262-J2262,2))
Invitation Homes	1340 Todd Dr			75023	=IFERROR(INDEX(zips!$B:$B,MATCH(E2263,zips!$A:$A,0)),"")	=IFERROR(INDEX(zips!$E:$E,MATCH(E2263,zips!$A:$A,0)),"")	=IF(OR(F2263="",G2263=""),"",100*SUMIFS(zips!$C:$C,zips!$B:$B,F2263,zips!$E:$E,"<"&G2263)/SUMIFS(zips!$C:$C,zips!$B:$B,F2263,zips!$E:$E,">0"))	5313.4036	89.3891	=IF(I2263="","",ROUND(G2263-I2263,2))	=IF(J2263="","",ROUND(H2263-J2263,2))
Invitation Homes	7901 King Arthur Rd			75035	=IFERROR(INDEX(zips!$B:$B,MATCH(E2264,zips!$A:$A,0)),"")	=IFERROR(INDEX(zips!$E:$E,MATCH(E2264,zips!$A:$A,0)),"")	=IF(OR(F2264="",G2264=""),"",100*SUMIFS(zips!$C:$C,zips!$B:$B,F2264,zips!$E:$E,"<"&G2264)/SUMIFS(zips!$C:$C,zips!$B:$B,F2264,zips!$E:$E,">0"))	3458.9591	56.2924	=IF(I2264="","",ROUND(G2264-I2264,2))	=IF(J2264="","",ROUND(H2264-J2264,2))
Invitation Homes	11135 Covey Ln			75035	=IFERROR(INDEX(zips!$B:$B,MATCH(E2265,zips!$A:$A,0)),"")	=IFERROR(INDEX(zips!$E:$E,MATCH(E2265,zips!$A:$A,0)),"")	=IF(OR(F2265="",G2265=""),"",100*SUMIFS(zips!$C:$C,zips!$B:$B,F2265,zips!$E:$E,"<"&G2265)/SUMIFS(zips!$C:$C,zips!$B:$B,F2265,zips!$E:$E,">0"))	3458.9591	56.2924	=IF(I2265="","",ROUND(G2265-I2265,2))	=IF(J2265="","",ROUND(H2265-J2265,2))
Invitation Homes	2620 Wayne Ave			76227	=IFERROR(INDEX(zips!$B:$B,MATCH(E2266,zips!$A:$A,0)),"")	=IFERROR(INDEX(zips!$E:$E,MATCH(E2266,zips!$A:$A,0)),"")	=IF(OR(F2266="",G2266=""),"",100*SUMIFS(zips!$C:$C,zips!$B:$B,F2266,zips!$E:$E,"<"&G2266)/SUMIFS(zips!$C:$C,zips!$B:$B,F2266,zips!$E:$E,">0"))	705.0721	12.9705	=IF(I2266="","",ROUND(G2266-I2266,2))	=IF(J2266="","",ROUND(H2266-J2266,2))
Invitation Homes	5000 Blackwood Dr			75071	=IFERROR(INDEX(zips!$B:$B,MATCH(E2267,zips!$A:$A,0)),"")	=IFERROR(INDEX(zips!$E:$E,MATCH(E2267,zips!$A:$A,0)),"")	=IF(OR(F2267="",G2267=""),"",100*SUMIFS(zips!$C:$C,zips!$B:$B,F2267,zips!$E:$E,"<"&G2267)/SUMIFS(zips!$C:$C,zips!$B:$B,F2267,zips!$E:$E,">0"))	935.8993	16.1019	=IF(I2267="","",ROUND(G2267-I2267,2))	=IF(J2267="","",ROUND(H2267-J2267,2))
Invitation Homes	1833 Crabapple Ct			75002	=IFERROR(INDEX(zips!$B:$B,MATCH(E2268,zips!$A:$A,0)),"")	=IFERROR(INDEX(zips!$E:$E,MATCH(E2268,zips!$A:$A,0)),"")	=IF(OR(F2268="",G2268=""),"",100*SUMIFS(zips!$C:$C,zips!$B:$B,F2268,zips!$E:$E,"<"&G2268)/SUMIFS(zips!$C:$C,zips!$B:$B,F2268,zips!$E:$E,">0"))	1950.4244	30.376	=IF(I2268="","",ROUND(G2268-I2268,2))	=IF(J2268="","",ROUND(H2268-J2268,2))
Invitation Homes	813 Valley View			75002	=IFERROR(INDEX(zips!$B:$B,MATCH(E2269,zips!$A:$A,0)),"")	=IFERROR(INDEX(zips!$E:$E,MATCH(E2269,zips!$A:$A,0)),"")	=IF(OR(F2269="",G2269=""),"",100*SUMIFS(zips!$C:$C,zips!$B:$B,F2269,zips!$E:$E,"<"&G2269)/SUMIFS(zips!$C:$C,zips!$B:$B,F2269,zips!$E:$E,">0"))	1950.4244	30.376	=IF(I2269="","",ROUND(G2269-I2269,2))	=IF(J2269="","",ROUND(H2269-J2269,2))
Invitation Homes	412 Branch Village Wy			75407	=IFERROR(INDEX(zips!$B:$B,MATCH(E2270,zips!$A:$A,0)),"")	=IFERROR(INDEX(zips!$E:$E,MATCH(E2270,zips!$A:$A,0)),"")	=IF(OR(F2270="",G2270=""),"",100*SUMIFS(zips!$C:$C,zips!$B:$B,F2270,zips!$E:$E,"<"&G2270)/SUMIFS(zips!$C:$C,zips!$B:$B,F2270,zips!$E:$E,">0"))	579.3036	12.5997	=IF(I2270="","",ROUND(G2270-I2270,2))	=IF(J2270="","",ROUND(H2270-J2270,2))
Invitation Homes	336 Branch Village Wy			75407	=IFERROR(INDEX(zips!$B:$B,MATCH(E2271,zips!$A:$A,0)),"")	=IFERROR(INDEX(zips!$E:$E,MATCH(E2271,zips!$A:$A,0)),"")	=IF(OR(F2271="",G2271=""),"",100*SUMIFS(zips!$C:$C,zips!$B:$B,F2271,zips!$E:$E,"<"&G2271)/SUMIFS(zips!$C:$C,zips!$B:$B,F2271,zips!$E:$E,">0"))	579.3036	12.5997	=IF(I2271="","",ROUND(G2271-I2271,2))	=IF(J2271="","",ROUND(H2271-J2271,2))
Invitation Homes	328 Branch Village Wy			75407	=IFERROR(INDEX(zips!$B:$B,MATCH(E2272,zips!$A:$A,0)),"")	=IFERROR(INDEX(zips!$E:$E,MATCH(E2272,zips!$A:$A,0)),"")	=IF(OR(F2272="",G2272=""),"",100*SUMIFS(zips!$C:$C,zips!$B:$B,F2272,zips!$E:$E,"<"&G2272)/SUMIFS(zips!$C:$C,zips!$B:$B,F2272,zips!$E:$E,">0"))	579.3036	12.5997	=IF(I2272="","",ROUND(G2272-I2272,2))	=IF(J2272="","",ROUND(H2272-J2272,2))
Invitation Homes	301 Branch Village Wy			75407	=IFERROR(INDEX(zips!$B:$B,MATCH(E2273,zips!$A:$A,0)),"")	=IFERROR(INDEX(zips!$E:$E,MATCH(E2273,zips!$A:$A,0)),"")	=IF(OR(F2273="",G2273=""),"",100*SUMIFS(zips!$C:$C,zips!$B:$B,F2273,zips!$E:$E,"<"&G2273)/SUMIFS(zips!$C:$C,zips!$B:$B,F2273,zips!$E:$E,">0"))	579.3036	12.5997	=IF(I2273="","",ROUND(G2273-I2273,2))	=IF(J2273="","",ROUND(H2273-J2273,2))
Invitation Homes	5423 Longshadow Dr			75407	=IFERROR(INDEX(zips!$B:$B,MATCH(E2274,zips!$A:$A,0)),"")	=IFERROR(INDEX(zips!$E:$E,MATCH(E2274,zips!$A:$A,0)),"")	=IF(OR(F2274="",G2274=""),"",100*SUMIFS(zips!$C:$C,zips!$B:$B,F2274,zips!$E:$E,"<"&G2274)/SUMIFS(zips!$C:$C,zips!$B:$B,F2274,zips!$E:$E,">0"))	579.3036	12.5997	=IF(I2274="","",ROUND(G2274-I2274,2))	=IF(J2274="","",ROUND(H2274-J2274,2))
Invitation Homes	4604 Bellcrest Dr			75070	=IFERROR(INDEX(zips!$B:$B,MATCH(E2275,zips!$A:$A,0)),"")	=IFERROR(INDEX(zips!$E:$E,MATCH(E2275,zips!$A:$A,0)),"")	=IF(OR(F2275="",G2275=""),"",100*SUMIFS(zips!$C:$C,zips!$B:$B,F2275,zips!$E:$E,"<"&G2275)/SUMIFS(zips!$C:$C,zips!$B:$B,F2275,zips!$E:$E,">0"))	5305.238	88.6218	=IF(I2275="","",ROUND(G2275-I2275,2))	=IF(J2275="","",ROUND(H2275-J2275,2))
Invitation Homes	2068 Meadow Park Dr			75407	=IFERROR(INDEX(zips!$B:$B,MATCH(E2276,zips!$A:$A,0)),"")	=IFERROR(INDEX(zips!$E:$E,MATCH(E2276,zips!$A:$A,0)),"")	=IF(OR(F2276="",G2276=""),"",100*SUMIFS(zips!$C:$C,zips!$B:$B,F2276,zips!$E:$E,"<"&G2276)/SUMIFS(zips!$C:$C,zips!$B:$B,F2276,zips!$E:$E,">0"))	579.3036	12.5997	=IF(I2276="","",ROUND(G2276-I2276,2))	=IF(J2276="","",ROUND(H2276-J2276,2))
Invitation Homes	2522 High Pointe Blvd			75071	=IFERROR(INDEX(zips!$B:$B,MATCH(E2277,zips!$A:$A,0)),"")	=IFERROR(INDEX(zips!$E:$E,MATCH(E2277,zips!$A:$A,0)),"")	=IF(OR(F2277="",G2277=""),"",100*SUMIFS(zips!$C:$C,zips!$B:$B,F2277,zips!$E:$E,"<"&G2277)/SUMIFS(zips!$C:$C,zips!$B:$B,F2277,zips!$E:$E,">0"))	935.8993	16.1019	=IF(I2277="","",ROUND(G2277-I2277,2))	=IF(J2277="","",ROUND(H2277-J2277,2))
Invitation Homes	2508 Shady Grove Ln			75071	=IFERROR(INDEX(zips!$B:$B,MATCH(E2278,zips!$A:$A,0)),"")	=IFERROR(INDEX(zips!$E:$E,MATCH(E2278,zips!$A:$A,0)),"")	=IF(OR(F2278="",G2278=""),"",100*SUMIFS(zips!$C:$C,zips!$B:$B,F2278,zips!$E:$E,"<"&G2278)/SUMIFS(zips!$C:$C,zips!$B:$B,F2278,zips!$E:$E,">0"))	935.8993	16.1019	=IF(I2278="","",ROUND(G2278-I2278,2))	=IF(J2278="","",ROUND(H2278-J2278,2))
Invitation Homes	7432 Alfriston Pl			75071	=IFERROR(INDEX(zips!$B:$B,MATCH(E2279,zips!$A:$A,0)),"")	=IFERROR(INDEX(zips!$E:$E,MATCH(E2279,zips!$A:$A,0)),"")	=IF(OR(F2279="",G2279=""),"",100*SUMIFS(zips!$C:$C,zips!$B:$B,F2279,zips!$E:$E,"<"&G2279)/SUMIFS(zips!$C:$C,zips!$B:$B,F2279,zips!$E:$E,">0"))	935.8993	16.1019	=IF(I2279="","",ROUND(G2279-I2279,2))	=IF(J2279="","",ROUND(H2279-J2279,2))
Invitation Homes	1604 Open Range Rd			75097	=IFERROR(INDEX(zips!$B:$B,MATCH(E2280,zips!$A:$A,0)),"")	=IFERROR(INDEX(zips!$E:$E,MATCH(E2280,zips!$A:$A,0)),"")	=IF(OR(F2280="",G2280=""),"",100*SUMIFS(zips!$C:$C,zips!$B:$B,F2280,zips!$E:$E,"<"&G2280)/SUMIFS(zips!$C:$C,zips!$B:$B,F2280,zips!$E:$E,">0"))			=IF(I2280="","",ROUND(G2280-I2280,2))	=IF(J2280="","",ROUND(H2280-J2280,2))
Invitation Homes	619 Rain Barrel Pl			75097	=IFERROR(INDEX(zips!$B:$B,MATCH(E2281,zips!$A:$A,0)),"")	=IFERROR(INDEX(zips!$E:$E,MATCH(E2281,zips!$A:$A,0)),"")	=IF(OR(F2281="",G2281=""),"",100*SUMIFS(zips!$C:$C,zips!$B:$B,F2281,zips!$E:$E,"<"&G2281)/SUMIFS(zips!$C:$C,zips!$B:$B,F2281,zips!$E:$E,">0"))			=IF(I2281="","",ROUND(G2281-I2281,2))	=IF(J2281="","",ROUND(H2281-J2281,2))
Invitation Homes	705 Rusty Spurs Pl			75097	=IFERROR(INDEX(zips!$B:$B,MATCH(E2282,zips!$A:$A,0)),"")	=IFERROR(INDEX(zips!$E:$E,MATCH(E2282,zips!$A:$A,0)),"")	=IF(OR(F2282="",G2282=""),"",100*SUMIFS(zips!$C:$C,zips!$B:$B,F2282,zips!$E:$E,"<"&G2282)/SUMIFS(zips!$C:$C,zips!$B:$B,F2282,zips!$E:$E,">0"))			=IF(I2282="","",ROUND(G2282-I2282,2))	=IF(J2282="","",ROUND(H2282-J2282,2))
Invitation Homes	304 Hawthorn			75173	=IFERROR(INDEX(zips!$B:$B,MATCH(E2283,zips!$A:$A,0)),"")	=IFERROR(INDEX(zips!$E:$E,MATCH(E2283,zips!$A:$A,0)),"")	=IF(OR(F2283="",G2283=""),"",100*SUMIFS(zips!$C:$C,zips!$B:$B,F2283,zips!$E:$E,"<"&G2283)/SUMIFS(zips!$C:$C,zips!$B:$B,F2283,zips!$E:$E,">0"))	283.8363	7.7234	=IF(I2283="","",ROUND(G2283-I2283,2))	=IF(J2283="","",ROUND(H2283-J2283,2))
Invitation Homes	10750 Cobblecreek Way			77459	=IFERROR(INDEX(zips!$B:$B,MATCH(E2284,zips!$A:$A,0)),"")	=IFERROR(INDEX(zips!$E:$E,MATCH(E2284,zips!$A:$A,0)),"")	=IF(OR(F2284="",G2284=""),"",100*SUMIFS(zips!$C:$C,zips!$B:$B,F2284,zips!$E:$E,"<"&G2284)/SUMIFS(zips!$C:$C,zips!$B:$B,F2284,zips!$E:$E,">0"))	2601.1141	38.6547	=IF(I2284="","",ROUND(G2284-I2284,2))	=IF(J2284="","",ROUND(H2284-J2284,2))
Invitation Homes	4027 Champlain Wy			77583	=IFERROR(INDEX(zips!$B:$B,MATCH(E2285,zips!$A:$A,0)),"")	=IFERROR(INDEX(zips!$E:$E,MATCH(E2285,zips!$A:$A,0)),"")	=IF(OR(F2285="",G2285=""),"",100*SUMIFS(zips!$C:$C,zips!$B:$B,F2285,zips!$E:$E,"<"&G2285)/SUMIFS(zips!$C:$C,zips!$B:$B,F2285,zips!$E:$E,">0"))	273.3971	5.9477	=IF(I2285="","",ROUND(G2285-I2285,2))	=IF(J2285="","",ROUND(H2285-J2285,2))
Invitation Homes	37 San Simeon Dr			77578	=IFERROR(INDEX(zips!$B:$B,MATCH(E2286,zips!$A:$A,0)),"")	=IFERROR(INDEX(zips!$E:$E,MATCH(E2286,zips!$A:$A,0)),"")	=IF(OR(F2286="",G2286=""),"",100*SUMIFS(zips!$C:$C,zips!$B:$B,F2286,zips!$E:$E,"<"&G2286)/SUMIFS(zips!$C:$C,zips!$B:$B,F2286,zips!$E:$E,">0"))	708.3876	13.2984	=IF(I2286="","",ROUND(G2286-I2286,2))	=IF(J2286="","",ROUND(H2286-J2286,2))
Invitation Homes	428 Gleneagles Dr			77546	=IFERROR(INDEX(zips!$B:$B,MATCH(E2287,zips!$A:$A,0)),"")	=IFERROR(INDEX(zips!$E:$E,MATCH(E2287,zips!$A:$A,0)),"")	=IF(OR(F2287="",G2287=""),"",100*SUMIFS(zips!$C:$C,zips!$B:$B,F2287,zips!$E:$E,"<"&G2287)/SUMIFS(zips!$C:$C,zips!$B:$B,F2287,zips!$E:$E,">0"))	1988.1626	29.954	=IF(I2287="","",ROUND(G2287-I2287,2))	=IF(J2287="","",ROUND(H2287-J2287,2))
Invitation Homes	329 Old Course Dr			77546	=IFERROR(INDEX(zips!$B:$B,MATCH(E2288,zips!$A:$A,0)),"")	=IFERROR(INDEX(zips!$E:$E,MATCH(E2288,zips!$A:$A,0)),"")	=IF(OR(F2288="",G2288=""),"",100*SUMIFS(zips!$C:$C,zips!$B:$B,F2288,zips!$E:$E,"<"&G2288)/SUMIFS(zips!$C:$C,zips!$B:$B,F2288,zips!$E:$E,">0"))	1988.1626	29.954	=IF(I2288="","",ROUND(G2288-I2288,2))	=IF(J2288="","",ROUND(H2288-J2288,2))
Invitation Homes	16422 Oxnard Ln			77546	=IFERROR(INDEX(zips!$B:$B,MATCH(E2289,zips!$A:$A,0)),"")	=IFERROR(INDEX(zips!$E:$E,MATCH(E2289,zips!$A:$A,0)),"")	=IF(OR(F2289="",G2289=""),"",100*SUMIFS(zips!$C:$C,zips!$B:$B,F2289,zips!$E:$E,"<"&G2289)/SUMIFS(zips!$C:$C,zips!$B:$B,F2289,zips!$E:$E,">0"))	1988.1626	29.954	=IF(I2289="","",ROUND(G2289-I2289,2))	=IF(J2289="","",ROUND(H2289-J2289,2))
Invitation Homes	16511 Forest Bend Ave			77546	=IFERROR(INDEX(zips!$B:$B,MATCH(E2290,zips!$A:$A,0)),"")	=IFERROR(INDEX(zips!$E:$E,MATCH(E2290,zips!$A:$A,0)),"")	=IF(OR(F2290="",G2290=""),"",100*SUMIFS(zips!$C:$C,zips!$B:$B,F2290,zips!$E:$E,"<"&G2290)/SUMIFS(zips!$C:$C,zips!$B:$B,F2290,zips!$E:$E,">0"))	1988.1626	29.954	=IF(I2290="","",ROUND(G2290-I2290,2))	=IF(J2290="","",ROUND(H2290-J2290,2))
Invitation Homes	16611 Blackhawk Blvd			77546	=IFERROR(INDEX(zips!$B:$B,MATCH(E2291,zips!$A:$A,0)),"")	=IFERROR(INDEX(zips!$E:$E,MATCH(E2291,zips!$A:$A,0)),"")	=IF(OR(F2291="",G2291=""),"",100*SUMIFS(zips!$C:$C,zips!$B:$B,F2291,zips!$E:$E,"<"&G2291)/SUMIFS(zips!$C:$C,zips!$B:$B,F2291,zips!$E:$E,">0"))	1988.1626	29.954	=IF(I2291="","",ROUND(G2291-I2291,2))	=IF(J2291="","",ROUND(H2291-J2291,2))
Invitation Homes	773 Rdgwood Lk Dr			77568	=IFERROR(INDEX(zips!$B:$B,MATCH(E2292,zips!$A:$A,0)),"")	=IFERROR(INDEX(zips!$E:$E,MATCH(E2292,zips!$A:$A,0)),"")	=IF(OR(F2292="",G2292=""),"",100*SUMIFS(zips!$C:$C,zips!$B:$B,F2292,zips!$E:$E,"<"&G2292)/SUMIFS(zips!$C:$C,zips!$B:$B,F2292,zips!$E:$E,">0"))	1441.797	22.689	=IF(I2292="","",ROUND(G2292-I2292,2))	=IF(J2292="","",ROUND(H2292-J2292,2))
Invitation Homes	433 Pecan Lndg Ln			77568	=IFERROR(INDEX(zips!$B:$B,MATCH(E2293,zips!$A:$A,0)),"")	=IFERROR(INDEX(zips!$E:$E,MATCH(E2293,zips!$A:$A,0)),"")	=IF(OR(F2293="",G2293=""),"",100*SUMIFS(zips!$C:$C,zips!$B:$B,F2293,zips!$E:$E,"<"&G2293)/SUMIFS(zips!$C:$C,zips!$B:$B,F2293,zips!$E:$E,">0"))	1441.797	22.689	=IF(I2293="","",ROUND(G2293-I2293,2))	=IF(J2293="","",ROUND(H2293-J2293,2))
Invitation Homes	3214 W Rangecrest Place			77479	=IFERROR(INDEX(zips!$B:$B,MATCH(E2294,zips!$A:$A,0)),"")	=IFERROR(INDEX(zips!$E:$E,MATCH(E2294,zips!$A:$A,0)),"")	=IF(OR(F2294="",G2294=""),"",100*SUMIFS(zips!$C:$C,zips!$B:$B,F2294,zips!$E:$E,"<"&G2294)/SUMIFS(zips!$C:$C,zips!$B:$B,F2294,zips!$E:$E,">0"))	2826.3863	42.5119	=IF(I2294="","",ROUND(G2294-I2294,2))	=IF(J2294="","",ROUND(H2294-J2294,2))
Invitation Homes	3507 Iris Ridge Way			77545	=IFERROR(INDEX(zips!$B:$B,MATCH(E2295,zips!$A:$A,0)),"")	=IFERROR(INDEX(zips!$E:$E,MATCH(E2295,zips!$A:$A,0)),"")	=IF(OR(F2295="",G2295=""),"",100*SUMIFS(zips!$C:$C,zips!$B:$B,F2295,zips!$E:$E,"<"&G2295)/SUMIFS(zips!$C:$C,zips!$B:$B,F2295,zips!$E:$E,">0"))	1760.3458	25.9033	=IF(I2295="","",ROUND(G2295-I2295,2))	=IF(J2295="","",ROUND(H2295-J2295,2))
Invitation Homes	3002 Mission Valley Drive			77459	=IFERROR(INDEX(zips!$B:$B,MATCH(E2296,zips!$A:$A,0)),"")	=IFERROR(INDEX(zips!$E:$E,MATCH(E2296,zips!$A:$A,0)),"")	=IF(OR(F2296="",G2296=""),"",100*SUMIFS(zips!$C:$C,zips!$B:$B,F2296,zips!$E:$E,"<"&G2296)/SUMIFS(zips!$C:$C,zips!$B:$B,F2296,zips!$E:$E,">0"))	2601.1141	38.6547	=IF(I2296="","",ROUND(G2296-I2296,2))	=IF(J2296="","",ROUND(H2296-J2296,2))
Invitation Homes	10426 Executive Lake Dr			77477	=IFERROR(INDEX(zips!$B:$B,MATCH(E2297,zips!$A:$A,0)),"")	=IFERROR(INDEX(zips!$E:$E,MATCH(E2297,zips!$A:$A,0)),"")	=IF(OR(F2297="",G2297=""),"",100*SUMIFS(zips!$C:$C,zips!$B:$B,F2297,zips!$E:$E,"<"&G2297)/SUMIFS(zips!$C:$C,zips!$B:$B,F2297,zips!$E:$E,">0"))	3206.1532	50.6395	=IF(I2297="","",ROUND(G2297-I2297,2))	=IF(J2297="","",ROUND(H2297-J2297,2))
Invitation Homes	11706 Dandy Park Ct			77047	=IFERROR(INDEX(zips!$B:$B,MATCH(E2298,zips!$A:$A,0)),"")	=IFERROR(INDEX(zips!$E:$E,MATCH(E2298,zips!$A:$A,0)),"")	=IF(OR(F2298="",G2298=""),"",100*SUMIFS(zips!$C:$C,zips!$B:$B,F2298,zips!$E:$E,"<"&G2298)/SUMIFS(zips!$C:$C,zips!$B:$B,F2298,zips!$E:$E,">0"))	2552.1686	38.1679	=IF(I2298="","",ROUND(G2298-I2298,2))	=IF(J2298="","",ROUND(H2298-J2298,2))
Invitation Homes	4311 Saratoga Dr			77088	=IFERROR(INDEX(zips!$B:$B,MATCH(E2299,zips!$A:$A,0)),"")	=IFERROR(INDEX(zips!$E:$E,MATCH(E2299,zips!$A:$A,0)),"")	=IF(OR(F2299="",G2299=""),"",100*SUMIFS(zips!$C:$C,zips!$B:$B,F2299,zips!$E:$E,"<"&G2299)/SUMIFS(zips!$C:$C,zips!$B:$B,F2299,zips!$E:$E,">0"))	4875.6645	80.2064	=IF(I2299="","",ROUND(G2299-I2299,2))	=IF(J2299="","",ROUND(H2299-J2299,2))
Invitation Homes	714 Wilshire Brook Ln			77008	=IFERROR(INDEX(zips!$B:$B,MATCH(E2300,zips!$A:$A,0)),"")	=IFERROR(INDEX(zips!$E:$E,MATCH(E2300,zips!$A:$A,0)),"")	=IF(OR(F2300="",G2300=""),"",100*SUMIFS(zips!$C:$C,zips!$B:$B,F2300,zips!$E:$E,"<"&G2300)/SUMIFS(zips!$C:$C,zips!$B:$B,F2300,zips!$E:$E,">0"))	6195.8031	88.3131	=IF(I2300="","",ROUND(G2300-I2300,2))	=IF(J2300="","",ROUND(H2300-J2300,2))
Invitation Homes	716 Wilshire Brook Ln			77008	=IFERROR(INDEX(zips!$B:$B,MATCH(E2301,zips!$A:$A,0)),"")	=IFERROR(INDEX(zips!$E:$E,MATCH(E2301,zips!$A:$A,0)),"")	=IF(OR(F2301="",G2301=""),"",100*SUMIFS(zips!$C:$C,zips!$B:$B,F2301,zips!$E:$E,"<"&G2301)/SUMIFS(zips!$C:$C,zips!$B:$B,F2301,zips!$E:$E,">0"))	6195.8031	88.3131	=IF(I2301="","",ROUND(G2301-I2301,2))	=IF(J2301="","",ROUND(H2301-J2301,2))
Invitation Homes	6351 Paddington Bend Dr			77008	=IFERROR(INDEX(zips!$B:$B,MATCH(E2302,zips!$A:$A,0)),"")	=IFERROR(INDEX(zips!$E:$E,MATCH(E2302,zips!$A:$A,0)),"")	=IF(OR(F2302="",G2302=""),"",100*SUMIFS(zips!$C:$C,zips!$B:$B,F2302,zips!$E:$E,"<"&G2302)/SUMIFS(zips!$C:$C,zips!$B:$B,F2302,zips!$E:$E,">0"))	6195.8031	88.3131	=IF(I2302="","",ROUND(G2302-I2302,2))	=IF(J2302="","",ROUND(H2302-J2302,2))
Invitation Homes	709 Carriage Knolls Dr			77008	=IFERROR(INDEX(zips!$B:$B,MATCH(E2303,zips!$A:$A,0)),"")	=IFERROR(INDEX(zips!$E:$E,MATCH(E2303,zips!$A:$A,0)),"")	=IF(OR(F2303="",G2303=""),"",100*SUMIFS(zips!$C:$C,zips!$B:$B,F2303,zips!$E:$E,"<"&G2303)/SUMIFS(zips!$C:$C,zips!$B:$B,F2303,zips!$E:$E,">0"))	6195.8031	88.3131	=IF(I2303="","",ROUND(G2303-I2303,2))	=IF(J2303="","",ROUND(H2303-J2303,2))
Invitation Homes	1403 W 26Th Street			77008	=IFERROR(INDEX(zips!$B:$B,MATCH(E2304,zips!$A:$A,0)),"")	=IFERROR(INDEX(zips!$E:$E,MATCH(E2304,zips!$A:$A,0)),"")	=IF(OR(F2304="",G2304=""),"",100*SUMIFS(zips!$C:$C,zips!$B:$B,F2304,zips!$E:$E,"<"&G2304)/SUMIFS(zips!$C:$C,zips!$B:$B,F2304,zips!$E:$E,">0"))	6195.8031	88.3131	=IF(I2304="","",ROUND(G2304-I2304,2))	=IF(J2304="","",ROUND(H2304-J2304,2))
Invitation Homes	912 W 25Th Street 1			77008	=IFERROR(INDEX(zips!$B:$B,MATCH(E2305,zips!$A:$A,0)),"")	=IFERROR(INDEX(zips!$E:$E,MATCH(E2305,zips!$A:$A,0)),"")	=IF(OR(F2305="",G2305=""),"",100*SUMIFS(zips!$C:$C,zips!$B:$B,F2305,zips!$E:$E,"<"&G2305)/SUMIFS(zips!$C:$C,zips!$B:$B,F2305,zips!$E:$E,">0"))	6195.8031	88.3131	=IF(I2305="","",ROUND(G2305-I2305,2))	=IF(J2305="","",ROUND(H2305-J2305,2))
Invitation Homes	5103 Tashkent Dr			77546	=IFERROR(INDEX(zips!$B:$B,MATCH(E2306,zips!$A:$A,0)),"")	=IFERROR(INDEX(zips!$E:$E,MATCH(E2306,zips!$A:$A,0)),"")	=IF(OR(F2306="",G2306=""),"",100*SUMIFS(zips!$C:$C,zips!$B:$B,F2306,zips!$E:$E,"<"&G2306)/SUMIFS(zips!$C:$C,zips!$B:$B,F2306,zips!$E:$E,">0"))	1988.1626	29.954	=IF(I2306="","",ROUND(G2306-I2306,2))	=IF(J2306="","",ROUND(H2306-J2306,2))
Invitation Homes	15119 Manorhill Dr			77062	=IFERROR(INDEX(zips!$B:$B,MATCH(E2307,zips!$A:$A,0)),"")	=IFERROR(INDEX(zips!$E:$E,MATCH(E2307,zips!$A:$A,0)),"")	=IF(OR(F2307="",G2307=""),"",100*SUMIFS(zips!$C:$C,zips!$B:$B,F2307,zips!$E:$E,"<"&G2307)/SUMIFS(zips!$C:$C,zips!$B:$B,F2307,zips!$E:$E,">0"))	4282.1263	70.5658	=IF(I2307="","",ROUND(G2307-I2307,2))	=IF(J2307="","",ROUND(H2307-J2307,2))
Invitation Homes	1506 Seagate Ln			77062	=IFERROR(INDEX(zips!$B:$B,MATCH(E2308,zips!$A:$A,0)),"")	=IFERROR(INDEX(zips!$E:$E,MATCH(E2308,zips!$A:$A,0)),"")	=IF(OR(F2308="",G2308=""),"",100*SUMIFS(zips!$C:$C,zips!$B:$B,F2308,zips!$E:$E,"<"&G2308)/SUMIFS(zips!$C:$C,zips!$B:$B,F2308,zips!$E:$E,">0"))	4282.1263	70.5658	=IF(I2308="","",ROUND(G2308-I2308,2))	=IF(J2308="","",ROUND(H2308-J2308,2))
Invitation Homes	1218 Epsilon St			77504	=IFERROR(INDEX(zips!$B:$B,MATCH(E2309,zips!$A:$A,0)),"")	=IFERROR(INDEX(zips!$E:$E,MATCH(E2309,zips!$A:$A,0)),"")	=IF(OR(F2309="",G2309=""),"",100*SUMIFS(zips!$C:$C,zips!$B:$B,F2309,zips!$E:$E,"<"&G2309)/SUMIFS(zips!$C:$C,zips!$B:$B,F2309,zips!$E:$E,">0"))	4608.6957	78.1182	=IF(I2309="","",ROUND(G2309-I2309,2))	=IF(J2309="","",ROUND(H2309-J2309,2))
Invitation Homes	745 Academy Ln			77536	=IFERROR(INDEX(zips!$B:$B,MATCH(E2310,zips!$A:$A,0)),"")	=IFERROR(INDEX(zips!$E:$E,MATCH(E2310,zips!$A:$A,0)),"")	=IF(OR(F2310="",G2310=""),"",100*SUMIFS(zips!$C:$C,zips!$B:$B,F2310,zips!$E:$E,"<"&G2310)/SUMIFS(zips!$C:$C,zips!$B:$B,F2310,zips!$E:$E,">0"))	3300.8552	56.4212	=IF(I2310="","",ROUND(G2310-I2310,2))	=IF(J2310="","",ROUND(H2310-J2310,2))
Invitation Homes	2117 Shadow Bay Cir			77573	=IFERROR(INDEX(zips!$B:$B,MATCH(E2311,zips!$A:$A,0)),"")	=IFERROR(INDEX(zips!$E:$E,MATCH(E2311,zips!$A:$A,0)),"")	=IF(OR(F2311="",G2311=""),"",100*SUMIFS(zips!$C:$C,zips!$B:$B,F2311,zips!$E:$E,"<"&G2311)/SUMIFS(zips!$C:$C,zips!$B:$B,F2311,zips!$E:$E,">0"))	3280.0791	53.9553	=IF(I2311="","",ROUND(G2311-I2311,2))	=IF(J2311="","",ROUND(H2311-J2311,2))
Invitation Homes	4330 Spoonbill Dr			77586	=IFERROR(INDEX(zips!$B:$B,MATCH(E2312,zips!$A:$A,0)),"")	=IFERROR(INDEX(zips!$E:$E,MATCH(E2312,zips!$A:$A,0)),"")	=IF(OR(F2312="",G2312=""),"",100*SUMIFS(zips!$C:$C,zips!$B:$B,F2312,zips!$E:$E,"<"&G2312)/SUMIFS(zips!$C:$C,zips!$B:$B,F2312,zips!$E:$E,">0"))	2060.1252	32.8861	=IF(I2312="","",ROUND(G2312-I2312,2))	=IF(J2312="","",ROUND(H2312-J2312,2))
Invitation Homes	10131 Rustic Rock Rd			77571	=IFERROR(INDEX(zips!$B:$B,MATCH(E2313,zips!$A:$A,0)),"")	=IFERROR(INDEX(zips!$E:$E,MATCH(E2313,zips!$A:$A,0)),"")	=IF(OR(F2313="",G2313=""),"",100*SUMIFS(zips!$C:$C,zips!$B:$B,F2313,zips!$E:$E,"<"&G2313)/SUMIFS(zips!$C:$C,zips!$B:$B,F2313,zips!$E:$E,">0"))	1015.8615	15.4017	=IF(I2313="","",ROUND(G2313-I2313,2))	=IF(J2313="","",ROUND(H2313-J2313,2))
Invitation Homes	8514 Doskocil Dr			77044	=IFERROR(INDEX(zips!$B:$B,MATCH(E2314,zips!$A:$A,0)),"")	=IFERROR(INDEX(zips!$E:$E,MATCH(E2314,zips!$A:$A,0)),"")	=IF(OR(F2314="",G2314=""),"",100*SUMIFS(zips!$C:$C,zips!$B:$B,F2314,zips!$E:$E,"<"&G2314)/SUMIFS(zips!$C:$C,zips!$B:$B,F2314,zips!$E:$E,">0"))	1425.8748	21.7159	=IF(I2314="","",ROUND(G2314-I2314,2))	=IF(J2314="","",ROUND(H2314-J2314,2))
Invitation Homes	8639 Chaletford Dr			77044	=IFERROR(INDEX(zips!$B:$B,MATCH(E2315,zips!$A:$A,0)),"")	=IFERROR(INDEX(zips!$E:$E,MATCH(E2315,zips!$A:$A,0)),"")	=IF(OR(F2315="",G2315=""),"",100*SUMIFS(zips!$C:$C,zips!$B:$B,F2315,zips!$E:$E,"<"&G2315)/SUMIFS(zips!$C:$C,zips!$B:$B,F2315,zips!$E:$E,">0"))	1425.8748	21.7159	=IF(I2315="","",ROUND(G2315-I2315,2))	=IF(J2315="","",ROUND(H2315-J2315,2))
Invitation Homes	8574 Chaletford Dr			77044	=IFERROR(INDEX(zips!$B:$B,MATCH(E2316,zips!$A:$A,0)),"")	=IFERROR(INDEX(zips!$E:$E,MATCH(E2316,zips!$A:$A,0)),"")	=IF(OR(F2316="",G2316=""),"",100*SUMIFS(zips!$C:$C,zips!$B:$B,F2316,zips!$E:$E,"<"&G2316)/SUMIFS(zips!$C:$C,zips!$B:$B,F2316,zips!$E:$E,">0"))	1425.8748	21.7159	=IF(I2316="","",ROUND(G2316-I2316,2))	=IF(J2316="","",ROUND(H2316-J2316,2))
Invitation Homes	8670 Chaletford Dr			77044	=IFERROR(INDEX(zips!$B:$B,MATCH(E2317,zips!$A:$A,0)),"")	=IFERROR(INDEX(zips!$E:$E,MATCH(E2317,zips!$A:$A,0)),"")	=IF(OR(F2317="",G2317=""),"",100*SUMIFS(zips!$C:$C,zips!$B:$B,F2317,zips!$E:$E,"<"&G2317)/SUMIFS(zips!$C:$C,zips!$B:$B,F2317,zips!$E:$E,">0"))	1425.8748	21.7159	=IF(I2317="","",ROUND(G2317-I2317,2))	=IF(J2317="","",ROUND(H2317-J2317,2))
Invitation Homes	5411 Nautilus Lane			77521	=IFERROR(INDEX(zips!$B:$B,MATCH(E2318,zips!$A:$A,0)),"")	=IFERROR(INDEX(zips!$E:$E,MATCH(E2318,zips!$A:$A,0)),"")	=IF(OR(F2318="",G2318=""),"",100*SUMIFS(zips!$C:$C,zips!$B:$B,F2318,zips!$E:$E,"<"&G2318)/SUMIFS(zips!$C:$C,zips!$B:$B,F2318,zips!$E:$E,">0"))	1337.9067	20.5809	=IF(I2318="","",ROUND(G2318-I2318,2))	=IF(J2318="","",ROUND(H2318-J2318,2))
Invitation Homes	9818 Golden Prairie Ln			77086	=IFERROR(INDEX(zips!$B:$B,MATCH(E2319,zips!$A:$A,0)),"")	=IFERROR(INDEX(zips!$E:$E,MATCH(E2319,zips!$A:$A,0)),"")	=IF(OR(F2319="",G2319=""),"",100*SUMIFS(zips!$C:$C,zips!$B:$B,F2319,zips!$E:$E,"<"&G2319)/SUMIFS(zips!$C:$C,zips!$B:$B,F2319,zips!$E:$E,">0"))	4188.936	68.8948	=IF(I2319="","",ROUND(G2319-I2319,2))	=IF(J2319="","",ROUND(H2319-J2319,2))
Invitation Homes	2634 Needles Throw Ln			77038	=IFERROR(INDEX(zips!$B:$B,MATCH(E2320,zips!$A:$A,0)),"")	=IFERROR(INDEX(zips!$E:$E,MATCH(E2320,zips!$A:$A,0)),"")	=IF(OR(F2320="",G2320=""),"",100*SUMIFS(zips!$C:$C,zips!$B:$B,F2320,zips!$E:$E,"<"&G2320)/SUMIFS(zips!$C:$C,zips!$B:$B,F2320,zips!$E:$E,">0"))	3223.4821	52.6655	=IF(I2320="","",ROUND(G2320-I2320,2))	=IF(J2320="","",ROUND(H2320-J2320,2))
Invitation Homes	12623 Mountain Daisy Rd			77038	=IFERROR(INDEX(zips!$B:$B,MATCH(E2321,zips!$A:$A,0)),"")	=IFERROR(INDEX(zips!$E:$E,MATCH(E2321,zips!$A:$A,0)),"")	=IF(OR(F2321="",G2321=""),"",100*SUMIFS(zips!$C:$C,zips!$B:$B,F2321,zips!$E:$E,"<"&G2321)/SUMIFS(zips!$C:$C,zips!$B:$B,F2321,zips!$E:$E,">0"))	3223.4821	52.6655	=IF(I2321="","",ROUND(G2321-I2321,2))	=IF(J2321="","",ROUND(H2321-J2321,2))
Invitation Homes	13742 Clarks Fork Dr			77086	=IFERROR(INDEX(zips!$B:$B,MATCH(E2322,zips!$A:$A,0)),"")	=IFERROR(INDEX(zips!$E:$E,MATCH(E2322,zips!$A:$A,0)),"")	=IF(OR(F2322="",G2322=""),"",100*SUMIFS(zips!$C:$C,zips!$B:$B,F2322,zips!$E:$E,"<"&G2322)/SUMIFS(zips!$C:$C,zips!$B:$B,F2322,zips!$E:$E,">0"))	4188.936	68.8948	=IF(I2322="","",ROUND(G2322-I2322,2))	=IF(J2322="","",ROUND(H2322-J2322,2))
Invitation Homes	12007 Soft Pines Dr			77066	=IFERROR(INDEX(zips!$B:$B,MATCH(E2323,zips!$A:$A,0)),"")	=IFERROR(INDEX(zips!$E:$E,MATCH(E2323,zips!$A:$A,0)),"")	=IF(OR(F2323="",G2323=""),"",100*SUMIFS(zips!$C:$C,zips!$B:$B,F2323,zips!$E:$E,"<"&G2323)/SUMIFS(zips!$C:$C,zips!$B:$B,F2323,zips!$E:$E,">0"))	4436.6605	72.8964	=IF(I2323="","",ROUND(G2323-I2323,2))	=IF(J2323="","",ROUND(H2323-J2323,2))
Invitation Homes	12419 Carlton Oaks			77377	=IFERROR(INDEX(zips!$B:$B,MATCH(E2324,zips!$A:$A,0)),"")	=IFERROR(INDEX(zips!$E:$E,MATCH(E2324,zips!$A:$A,0)),"")	=IF(OR(F2324="",G2324=""),"",100*SUMIFS(zips!$C:$C,zips!$B:$B,F2324,zips!$E:$E,"<"&G2324)/SUMIFS(zips!$C:$C,zips!$B:$B,F2324,zips!$E:$E,">0"))	1111.0039	17.1001	=IF(I2324="","",ROUND(G2324-I2324,2))	=IF(J2324="","",ROUND(H2324-J2324,2))
Invitation Homes	9422 Chartermoss Cir			77070	=IFERROR(INDEX(zips!$B:$B,MATCH(E2325,zips!$A:$A,0)),"")	=IFERROR(INDEX(zips!$E:$E,MATCH(E2325,zips!$A:$A,0)),"")	=IF(OR(F2325="",G2325=""),"",100*SUMIFS(zips!$C:$C,zips!$B:$B,F2325,zips!$E:$E,"<"&G2325)/SUMIFS(zips!$C:$C,zips!$B:$B,F2325,zips!$E:$E,">0"))	4418.2571	72.1002	=IF(I2325="","",ROUND(G2325-I2325,2))	=IF(J2325="","",ROUND(H2325-J2325,2))
Invitation Homes	16811 Valley Palms Drive			77379	=IFERROR(INDEX(zips!$B:$B,MATCH(E2326,zips!$A:$A,0)),"")	=IFERROR(INDEX(zips!$E:$E,MATCH(E2326,zips!$A:$A,0)),"")	=IF(OR(F2326="",G2326=""),"",100*SUMIFS(zips!$C:$C,zips!$B:$B,F2326,zips!$E:$E,"<"&G2326)/SUMIFS(zips!$C:$C,zips!$B:$B,F2326,zips!$E:$E,">0"))	3220.0023	51.5169	=IF(I2326="","",ROUND(G2326-I2326,2))	=IF(J2326="","",ROUND(H2326-J2326,2))
Invitation Homes	12047 Westwold Dr			77377	=IFERROR(INDEX(zips!$B:$B,MATCH(E2327,zips!$A:$A,0)),"")	=IFERROR(INDEX(zips!$E:$E,MATCH(E2327,zips!$A:$A,0)),"")	=IF(OR(F2327="",G2327=""),"",100*SUMIFS(zips!$C:$C,zips!$B:$B,F2327,zips!$E:$E,"<"&G2327)/SUMIFS(zips!$C:$C,zips!$B:$B,F2327,zips!$E:$E,">0"))	1111.0039	17.1001	=IF(I2327="","",ROUND(G2327-I2327,2))	=IF(J2327="","",ROUND(H2327-J2327,2))
Invitation Homes	11911 Sonora Springs Dr			77375	=IFERROR(INDEX(zips!$B:$B,MATCH(E2328,zips!$A:$A,0)),"")	=IFERROR(INDEX(zips!$E:$E,MATCH(E2328,zips!$A:$A,0)),"")	=IF(OR(F2328="",G2328=""),"",100*SUMIFS(zips!$C:$C,zips!$B:$B,F2328,zips!$E:$E,"<"&G2328)/SUMIFS(zips!$C:$C,zips!$B:$B,F2328,zips!$E:$E,">0"))	2019.8014	31.2088	=IF(I2328="","",ROUND(G2328-I2328,2))	=IF(J2328="","",ROUND(H2328-J2328,2))
Invitation Homes	17914 Vintage Wood Ln			77379	=IFERROR(INDEX(zips!$B:$B,MATCH(E2329,zips!$A:$A,0)),"")	=IFERROR(INDEX(zips!$E:$E,MATCH(E2329,zips!$A:$A,0)),"")	=IF(OR(F2329="",G2329=""),"",100*SUMIFS(zips!$C:$C,zips!$B:$B,F2329,zips!$E:$E,"<"&G2329)/SUMIFS(zips!$C:$C,zips!$B:$B,F2329,zips!$E:$E,">0"))	3220.0023	51.5169	=IF(I2329="","",ROUND(G2329-I2329,2))	=IF(J2329="","",ROUND(H2329-J2329,2))
Invitation Homes	5910 Theall Rd			77066	=IFERROR(INDEX(zips!$B:$B,MATCH(E2330,zips!$A:$A,0)),"")	=IFERROR(INDEX(zips!$E:$E,MATCH(E2330,zips!$A:$A,0)),"")	=IF(OR(F2330="",G2330=""),"",100*SUMIFS(zips!$C:$C,zips!$B:$B,F2330,zips!$E:$E,"<"&G2330)/SUMIFS(zips!$C:$C,zips!$B:$B,F2330,zips!$E:$E,">0"))	4436.6605	72.8964	=IF(I2330="","",ROUND(G2330-I2330,2))	=IF(J2330="","",ROUND(H2330-J2330,2))
Invitation Homes	3614 Stoney Oak Dr			77068	=IFERROR(INDEX(zips!$B:$B,MATCH(E2331,zips!$A:$A,0)),"")	=IFERROR(INDEX(zips!$E:$E,MATCH(E2331,zips!$A:$A,0)),"")	=IF(OR(F2331="",G2331=""),"",100*SUMIFS(zips!$C:$C,zips!$B:$B,F2331,zips!$E:$E,"<"&G2331)/SUMIFS(zips!$C:$C,zips!$B:$B,F2331,zips!$E:$E,">0"))	3239.0617	53.0974	=IF(I2331="","",ROUND(G2331-I2331,2))	=IF(J2331="","",ROUND(H2331-J2331,2))
Invitation Homes	6810 Huntbrook Dr			77379	=IFERROR(INDEX(zips!$B:$B,MATCH(E2332,zips!$A:$A,0)),"")	=IFERROR(INDEX(zips!$E:$E,MATCH(E2332,zips!$A:$A,0)),"")	=IF(OR(F2332="",G2332=""),"",100*SUMIFS(zips!$C:$C,zips!$B:$B,F2332,zips!$E:$E,"<"&G2332)/SUMIFS(zips!$C:$C,zips!$B:$B,F2332,zips!$E:$E,">0"))	3220.0023	51.5169	=IF(I2332="","",ROUND(G2332-I2332,2))	=IF(J2332="","",ROUND(H2332-J2332,2))
Invitation Homes	16923 Windrow Ln			77379	=IFERROR(INDEX(zips!$B:$B,MATCH(E2333,zips!$A:$A,0)),"")	=IFERROR(INDEX(zips!$E:$E,MATCH(E2333,zips!$A:$A,0)),"")	=IF(OR(F2333="",G2333=""),"",100*SUMIFS(zips!$C:$C,zips!$B:$B,F2333,zips!$E:$E,"<"&G2333)/SUMIFS(zips!$C:$C,zips!$B:$B,F2333,zips!$E:$E,">0"))	3220.0023	51.5169	=IF(I2333="","",ROUND(G2333-I2333,2))	=IF(J2333="","",ROUND(H2333-J2333,2))
Invitation Homes	5318 Woodville Ln			77379	=IFERROR(INDEX(zips!$B:$B,MATCH(E2334,zips!$A:$A,0)),"")	=IFERROR(INDEX(zips!$E:$E,MATCH(E2334,zips!$A:$A,0)),"")	=IF(OR(F2334="",G2334=""),"",100*SUMIFS(zips!$C:$C,zips!$B:$B,F2334,zips!$E:$E,"<"&G2334)/SUMIFS(zips!$C:$C,zips!$B:$B,F2334,zips!$E:$E,">0"))	3220.0023	51.5169	=IF(I2334="","",ROUND(G2334-I2334,2))	=IF(J2334="","",ROUND(H2334-J2334,2))
Invitation Homes	19439 Wildwood Dale Ln			77379	=IFERROR(INDEX(zips!$B:$B,MATCH(E2335,zips!$A:$A,0)),"")	=IFERROR(INDEX(zips!$E:$E,MATCH(E2335,zips!$A:$A,0)),"")	=IF(OR(F2335="",G2335=""),"",100*SUMIFS(zips!$C:$C,zips!$B:$B,F2335,zips!$E:$E,"<"&G2335)/SUMIFS(zips!$C:$C,zips!$B:$B,F2335,zips!$E:$E,">0"))	3220.0023	51.5169	=IF(I2335="","",ROUND(G2335-I2335,2))	=IF(J2335="","",ROUND(H2335-J2335,2))
Invitation Homes	18015 Tall Cypress Dr			77388	=IFERROR(INDEX(zips!$B:$B,MATCH(E2336,zips!$A:$A,0)),"")	=IFERROR(INDEX(zips!$E:$E,MATCH(E2336,zips!$A:$A,0)),"")	=IF(OR(F2336="",G2336=""),"",100*SUMIFS(zips!$C:$C,zips!$B:$B,F2336,zips!$E:$E,"<"&G2336)/SUMIFS(zips!$C:$C,zips!$B:$B,F2336,zips!$E:$E,">0"))	3951.1612	66.2928	=IF(I2336="","",ROUND(G2336-I2336,2))	=IF(J2336="","",ROUND(H2336-J2336,2))
Invitation Homes	4034 Broken Elm Dr			77388	=IFERROR(INDEX(zips!$B:$B,MATCH(E2337,zips!$A:$A,0)),"")	=IFERROR(INDEX(zips!$E:$E,MATCH(E2337,zips!$A:$A,0)),"")	=IF(OR(F2337="",G2337=""),"",100*SUMIFS(zips!$C:$C,zips!$B:$B,F2337,zips!$E:$E,"<"&G2337)/SUMIFS(zips!$C:$C,zips!$B:$B,F2337,zips!$E:$E,">0"))	3951.1612	66.2928	=IF(I2337="","",ROUND(G2337-I2337,2))	=IF(J2337="","",ROUND(H2337-J2337,2))
Invitation Homes	12022 Gregory Crossing Way			77067	=IFERROR(INDEX(zips!$B:$B,MATCH(E2338,zips!$A:$A,0)),"")	=IFERROR(INDEX(zips!$E:$E,MATCH(E2338,zips!$A:$A,0)),"")	=IF(OR(F2338="",G2338=""),"",100*SUMIFS(zips!$C:$C,zips!$B:$B,F2338,zips!$E:$E,"<"&G2338)/SUMIFS(zips!$C:$C,zips!$B:$B,F2338,zips!$E:$E,">0"))	5598.5915	85.4281	=IF(I2338="","",ROUND(G2338-I2338,2))	=IF(J2338="","",ROUND(H2338-J2338,2))
Invitation Homes	1515 Glasholm Dr			77073	=IFERROR(INDEX(zips!$B:$B,MATCH(E2339,zips!$A:$A,0)),"")	=IFERROR(INDEX(zips!$E:$E,MATCH(E2339,zips!$A:$A,0)),"")	=IF(OR(F2339="",G2339=""),"",100*SUMIFS(zips!$C:$C,zips!$B:$B,F2339,zips!$E:$E,"<"&G2339)/SUMIFS(zips!$C:$C,zips!$B:$B,F2339,zips!$E:$E,">0"))	3000.2747	48.4213	=IF(I2339="","",ROUND(G2339-I2339,2))	=IF(J2339="","",ROUND(H2339-J2339,2))
Invitation Homes	1466 Grand Prince Ln			77073	=IFERROR(INDEX(zips!$B:$B,MATCH(E2340,zips!$A:$A,0)),"")	=IFERROR(INDEX(zips!$E:$E,MATCH(E2340,zips!$A:$A,0)),"")	=IF(OR(F2340="",G2340=""),"",100*SUMIFS(zips!$C:$C,zips!$B:$B,F2340,zips!$E:$E,"<"&G2340)/SUMIFS(zips!$C:$C,zips!$B:$B,F2340,zips!$E:$E,">0"))	3000.2747	48.4213	=IF(I2340="","",ROUND(G2340-I2340,2))	=IF(J2340="","",ROUND(H2340-J2340,2))
Invitation Homes	910 Doubletree Glen Dr			77073	=IFERROR(INDEX(zips!$B:$B,MATCH(E2341,zips!$A:$A,0)),"")	=IFERROR(INDEX(zips!$E:$E,MATCH(E2341,zips!$A:$A,0)),"")	=IF(OR(F2341="",G2341=""),"",100*SUMIFS(zips!$C:$C,zips!$B:$B,F2341,zips!$E:$E,"<"&G2341)/SUMIFS(zips!$C:$C,zips!$B:$B,F2341,zips!$E:$E,">0"))	3000.2747	48.4213	=IF(I2341="","",ROUND(G2341-I2341,2))	=IF(J2341="","",ROUND(H2341-J2341,2))
Invitation Homes	911 Red Alder Cir			77073	=IFERROR(INDEX(zips!$B:$B,MATCH(E2342,zips!$A:$A,0)),"")	=IFERROR(INDEX(zips!$E:$E,MATCH(E2342,zips!$A:$A,0)),"")	=IF(OR(F2342="",G2342=""),"",100*SUMIFS(zips!$C:$C,zips!$B:$B,F2342,zips!$E:$E,"<"&G2342)/SUMIFS(zips!$C:$C,zips!$B:$B,F2342,zips!$E:$E,">0"))	3000.2747	48.4213	=IF(I2342="","",ROUND(G2342-I2342,2))	=IF(J2342="","",ROUND(H2342-J2342,2))
Invitation Homes	23414 Lestergate Dr			77373	=IFERROR(INDEX(zips!$B:$B,MATCH(E2343,zips!$A:$A,0)),"")	=IFERROR(INDEX(zips!$E:$E,MATCH(E2343,zips!$A:$A,0)),"")	=IF(OR(F2343="",G2343=""),"",100*SUMIFS(zips!$C:$C,zips!$B:$B,F2343,zips!$E:$E,"<"&G2343)/SUMIFS(zips!$C:$C,zips!$B:$B,F2343,zips!$E:$E,">0"))	2873.3218	45.8565	=IF(I2343="","",ROUND(G2343-I2343,2))	=IF(J2343="","",ROUND(H2343-J2343,2))
Invitation Homes	4226 Burkegate Dr			77373	=IFERROR(INDEX(zips!$B:$B,MATCH(E2344,zips!$A:$A,0)),"")	=IFERROR(INDEX(zips!$E:$E,MATCH(E2344,zips!$A:$A,0)),"")	=IF(OR(F2344="",G2344=""),"",100*SUMIFS(zips!$C:$C,zips!$B:$B,F2344,zips!$E:$E,"<"&G2344)/SUMIFS(zips!$C:$C,zips!$B:$B,F2344,zips!$E:$E,">0"))	2873.3218	45.8565	=IF(I2344="","",ROUND(G2344-I2344,2))	=IF(J2344="","",ROUND(H2344-J2344,2))
Invitation Homes	23302 Upper Falls Ct			77373	=IFERROR(INDEX(zips!$B:$B,MATCH(E2345,zips!$A:$A,0)),"")	=IFERROR(INDEX(zips!$E:$E,MATCH(E2345,zips!$A:$A,0)),"")	=IF(OR(F2345="",G2345=""),"",100*SUMIFS(zips!$C:$C,zips!$B:$B,F2345,zips!$E:$E,"<"&G2345)/SUMIFS(zips!$C:$C,zips!$B:$B,F2345,zips!$E:$E,">0"))	2873.3218	45.8565	=IF(I2345="","",ROUND(G2345-I2345,2))	=IF(J2345="","",ROUND(H2345-J2345,2))
Invitation Homes	95 S Village Knoll Cir			77381	=IFERROR(INDEX(zips!$B:$B,MATCH(E2346,zips!$A:$A,0)),"")	=IFERROR(INDEX(zips!$E:$E,MATCH(E2346,zips!$A:$A,0)),"")	=IF(OR(F2346="",G2346=""),"",100*SUMIFS(zips!$C:$C,zips!$B:$B,F2346,zips!$E:$E,"<"&G2346)/SUMIFS(zips!$C:$C,zips!$B:$B,F2346,zips!$E:$E,">0"))	2776.077	41.3074	=IF(I2346="","",ROUND(G2346-I2346,2))	=IF(J2346="","",ROUND(H2346-J2346,2))
Invitation Homes	11 Brentwood Oaks Ct			77381	=IFERROR(INDEX(zips!$B:$B,MATCH(E2347,zips!$A:$A,0)),"")	=IFERROR(INDEX(zips!$E:$E,MATCH(E2347,zips!$A:$A,0)),"")	=IF(OR(F2347="",G2347=""),"",100*SUMIFS(zips!$C:$C,zips!$B:$B,F2347,zips!$E:$E,"<"&G2347)/SUMIFS(zips!$C:$C,zips!$B:$B,F2347,zips!$E:$E,">0"))	2776.077	41.3074	=IF(I2347="","",ROUND(G2347-I2347,2))	=IF(J2347="","",ROUND(H2347-J2347,2))
Invitation Homes	210 Blue Ridge Dr			77381	=IFERROR(INDEX(zips!$B:$B,MATCH(E2348,zips!$A:$A,0)),"")	=IFERROR(INDEX(zips!$E:$E,MATCH(E2348,zips!$A:$A,0)),"")	=IF(OR(F2348="",G2348=""),"",100*SUMIFS(zips!$C:$C,zips!$B:$B,F2348,zips!$E:$E,"<"&G2348)/SUMIFS(zips!$C:$C,zips!$B:$B,F2348,zips!$E:$E,">0"))	2776.077	41.3074	=IF(I2348="","",ROUND(G2348-I2348,2))	=IF(J2348="","",ROUND(H2348-J2348,2))
Invitation Homes	43 S Acacia Park Cir			77382	=IFERROR(INDEX(zips!$B:$B,MATCH(E2349,zips!$A:$A,0)),"")	=IFERROR(INDEX(zips!$E:$E,MATCH(E2349,zips!$A:$A,0)),"")	=IF(OR(F2349="",G2349=""),"",100*SUMIFS(zips!$C:$C,zips!$B:$B,F2349,zips!$E:$E,"<"&G2349)/SUMIFS(zips!$C:$C,zips!$B:$B,F2349,zips!$E:$E,">0"))	3346.6633	57.5448	=IF(I2349="","",ROUND(G2349-I2349,2))	=IF(J2349="","",ROUND(H2349-J2349,2))
Invitation Homes	1918 Louetta Lee Dr			77388	=IFERROR(INDEX(zips!$B:$B,MATCH(E2350,zips!$A:$A,0)),"")	=IFERROR(INDEX(zips!$E:$E,MATCH(E2350,zips!$A:$A,0)),"")	=IF(OR(F2350="",G2350=""),"",100*SUMIFS(zips!$C:$C,zips!$B:$B,F2350,zips!$E:$E,"<"&G2350)/SUMIFS(zips!$C:$C,zips!$B:$B,F2350,zips!$E:$E,">0"))	3951.1612	66.2928	=IF(I2350="","",ROUND(G2350-I2350,2))	=IF(J2350="","",ROUND(H2350-J2350,2))
Invitation Homes	25502 Hickory Valley Ln			77373	=IFERROR(INDEX(zips!$B:$B,MATCH(E2351,zips!$A:$A,0)),"")	=IFERROR(INDEX(zips!$E:$E,MATCH(E2351,zips!$A:$A,0)),"")	=IF(OR(F2351="",G2351=""),"",100*SUMIFS(zips!$C:$C,zips!$B:$B,F2351,zips!$E:$E,"<"&G2351)/SUMIFS(zips!$C:$C,zips!$B:$B,F2351,zips!$E:$E,">0"))	2873.3218	45.8565	=IF(I2351="","",ROUND(G2351-I2351,2))	=IF(J2351="","",ROUND(H2351-J2351,2))
Invitation Homes	1347 Havelock			77386	=IFERROR(INDEX(zips!$B:$B,MATCH(E2352,zips!$A:$A,0)),"")	=IFERROR(INDEX(zips!$E:$E,MATCH(E2352,zips!$A:$A,0)),"")	=IF(OR(F2352="",G2352=""),"",100*SUMIFS(zips!$C:$C,zips!$B:$B,F2352,zips!$E:$E,"<"&G2352)/SUMIFS(zips!$C:$C,zips!$B:$B,F2352,zips!$E:$E,">0"))	1706.1796	24.4844	=IF(I2352="","",ROUND(G2352-I2352,2))	=IF(J2352="","",ROUND(H2352-J2352,2))
Invitation Homes	3515 Avalon Castle Dr			77386	=IFERROR(INDEX(zips!$B:$B,MATCH(E2353,zips!$A:$A,0)),"")	=IFERROR(INDEX(zips!$E:$E,MATCH(E2353,zips!$A:$A,0)),"")	=IF(OR(F2353="",G2353=""),"",100*SUMIFS(zips!$C:$C,zips!$B:$B,F2353,zips!$E:$E,"<"&G2353)/SUMIFS(zips!$C:$C,zips!$B:$B,F2353,zips!$E:$E,">0"))	1706.1796	24.4844	=IF(I2353="","",ROUND(G2353-I2353,2))	=IF(J2353="","",ROUND(H2353-J2353,2))
Invitation Homes	3638 Avalon Castle Dr			77386	=IFERROR(INDEX(zips!$B:$B,MATCH(E2354,zips!$A:$A,0)),"")	=IFERROR(INDEX(zips!$E:$E,MATCH(E2354,zips!$A:$A,0)),"")	=IF(OR(F2354="",G2354=""),"",100*SUMIFS(zips!$C:$C,zips!$B:$B,F2354,zips!$E:$E,"<"&G2354)/SUMIFS(zips!$C:$C,zips!$B:$B,F2354,zips!$E:$E,">0"))	1706.1796	24.4844	=IF(I2354="","",ROUND(G2354-I2354,2))	=IF(J2354="","",ROUND(H2354-J2354,2))
Invitation Homes	30631 Gardenia Trace Dr			77386	=IFERROR(INDEX(zips!$B:$B,MATCH(E2355,zips!$A:$A,0)),"")	=IFERROR(INDEX(zips!$E:$E,MATCH(E2355,zips!$A:$A,0)),"")	=IF(OR(F2355="",G2355=""),"",100*SUMIFS(zips!$C:$C,zips!$B:$B,F2355,zips!$E:$E,"<"&G2355)/SUMIFS(zips!$C:$C,zips!$B:$B,F2355,zips!$E:$E,">0"))	1706.1796	24.4844	=IF(I2355="","",ROUND(G2355-I2355,2))	=IF(J2355="","",ROUND(H2355-J2355,2))
Invitation Homes	16334 Many Trees Ln			77302	=IFERROR(INDEX(zips!$B:$B,MATCH(E2356,zips!$A:$A,0)),"")	=IFERROR(INDEX(zips!$E:$E,MATCH(E2356,zips!$A:$A,0)),"")	=IF(OR(F2356="",G2356=""),"",100*SUMIFS(zips!$C:$C,zips!$B:$B,F2356,zips!$E:$E,"<"&G2356)/SUMIFS(zips!$C:$C,zips!$B:$B,F2356,zips!$E:$E,">0"))	374.0878	8.2213	=IF(I2356="","",ROUND(G2356-I2356,2))	=IF(J2356="","",ROUND(H2356-J2356,2))
Invitation Homes	2615 Shearwater Bend Dr			77396	=IFERROR(INDEX(zips!$B:$B,MATCH(E2357,zips!$A:$A,0)),"")	=IFERROR(INDEX(zips!$E:$E,MATCH(E2357,zips!$A:$A,0)),"")	=IF(OR(F2357="",G2357=""),"",100*SUMIFS(zips!$C:$C,zips!$B:$B,F2357,zips!$E:$E,"<"&G2357)/SUMIFS(zips!$C:$C,zips!$B:$B,F2357,zips!$E:$E,">0"))	2367.1771	35.214	=IF(I2357="","",ROUND(G2357-I2357,2))	=IF(J2357="","",ROUND(H2357-J2357,2))
Invitation Homes	4119 Blue Forest Dr			77346	=IFERROR(INDEX(zips!$B:$B,MATCH(E2358,zips!$A:$A,0)),"")	=IFERROR(INDEX(zips!$E:$E,MATCH(E2358,zips!$A:$A,0)),"")	=IF(OR(F2358="",G2358=""),"",100*SUMIFS(zips!$C:$C,zips!$B:$B,F2358,zips!$E:$E,"<"&G2358)/SUMIFS(zips!$C:$C,zips!$B:$B,F2358,zips!$E:$E,">0"))	4214.8793	69.2902	=IF(I2358="","",ROUND(G2358-I2358,2))	=IF(J2358="","",ROUND(H2358-J2358,2))
Invitation Homes	4247 Old Arbor Way			77346	=IFERROR(INDEX(zips!$B:$B,MATCH(E2359,zips!$A:$A,0)),"")	=IFERROR(INDEX(zips!$E:$E,MATCH(E2359,zips!$A:$A,0)),"")	=IF(OR(F2359="",G2359=""),"",100*SUMIFS(zips!$C:$C,zips!$B:$B,F2359,zips!$E:$E,"<"&G2359)/SUMIFS(zips!$C:$C,zips!$B:$B,F2359,zips!$E:$E,">0"))	4214.8793	69.2902	=IF(I2359="","",ROUND(G2359-I2359,2))	=IF(J2359="","",ROUND(H2359-J2359,2))
Invitation Homes	19814 Burle Oak Dr			77346	=IFERROR(INDEX(zips!$B:$B,MATCH(E2360,zips!$A:$A,0)),"")	=IFERROR(INDEX(zips!$E:$E,MATCH(E2360,zips!$A:$A,0)),"")	=IF(OR(F2360="",G2360=""),"",100*SUMIFS(zips!$C:$C,zips!$B:$B,F2360,zips!$E:$E,"<"&G2360)/SUMIFS(zips!$C:$C,zips!$B:$B,F2360,zips!$E:$E,">0"))	4214.8793	69.2902	=IF(I2360="","",ROUND(G2360-I2360,2))	=IF(J2360="","",ROUND(H2360-J2360,2))
Invitation Homes	2047 Shadow Rock Dr			77339	=IFERROR(INDEX(zips!$B:$B,MATCH(E2361,zips!$A:$A,0)),"")	=IFERROR(INDEX(zips!$E:$E,MATCH(E2361,zips!$A:$A,0)),"")	=IF(OR(F2361="",G2361=""),"",100*SUMIFS(zips!$C:$C,zips!$B:$B,F2361,zips!$E:$E,"<"&G2361)/SUMIFS(zips!$C:$C,zips!$B:$B,F2361,zips!$E:$E,">0"))	2700.1245	40.7085	=IF(I2361="","",ROUND(G2361-I2361,2))	=IF(J2361="","",ROUND(H2361-J2361,2))
Invitation Homes	18835 Yaupon Trl			77346	=IFERROR(INDEX(zips!$B:$B,MATCH(E2362,zips!$A:$A,0)),"")	=IFERROR(INDEX(zips!$E:$E,MATCH(E2362,zips!$A:$A,0)),"")	=IF(OR(F2362="",G2362=""),"",100*SUMIFS(zips!$C:$C,zips!$B:$B,F2362,zips!$E:$E,"<"&G2362)/SUMIFS(zips!$C:$C,zips!$B:$B,F2362,zips!$E:$E,">0"))	4214.8793	69.2902	=IF(I2362="","",ROUND(G2362-I2362,2))	=IF(J2362="","",ROUND(H2362-J2362,2))
Invitation Homes	8618 Discus Dr			77346	=IFERROR(INDEX(zips!$B:$B,MATCH(E2363,zips!$A:$A,0)),"")	=IFERROR(INDEX(zips!$E:$E,MATCH(E2363,zips!$A:$A,0)),"")	=IF(OR(F2363="",G2363=""),"",100*SUMIFS(zips!$C:$C,zips!$B:$B,F2363,zips!$E:$E,"<"&G2363)/SUMIFS(zips!$C:$C,zips!$B:$B,F2363,zips!$E:$E,">0"))	4214.8793	69.2902	=IF(I2363="","",ROUND(G2363-I2363,2))	=IF(J2363="","",ROUND(H2363-J2363,2))
Invitation Homes	19318 Dockside Hill Ln			77346	=IFERROR(INDEX(zips!$B:$B,MATCH(E2364,zips!$A:$A,0)),"")	=IFERROR(INDEX(zips!$E:$E,MATCH(E2364,zips!$A:$A,0)),"")	=IF(OR(F2364="",G2364=""),"",100*SUMIFS(zips!$C:$C,zips!$B:$B,F2364,zips!$E:$E,"<"&G2364)/SUMIFS(zips!$C:$C,zips!$B:$B,F2364,zips!$E:$E,">0"))	4214.8793	69.2902	=IF(I2364="","",ROUND(G2364-I2364,2))	=IF(J2364="","",ROUND(H2364-J2364,2))
Invitation Homes	3018 Falling Brook Dr			77345	=IFERROR(INDEX(zips!$B:$B,MATCH(E2365,zips!$A:$A,0)),"")	=IFERROR(INDEX(zips!$E:$E,MATCH(E2365,zips!$A:$A,0)),"")	=IF(OR(F2365="",G2365=""),"",100*SUMIFS(zips!$C:$C,zips!$B:$B,F2365,zips!$E:$E,"<"&G2365)/SUMIFS(zips!$C:$C,zips!$B:$B,F2365,zips!$E:$E,">0"))	3289.2759	55.3071	=IF(I2365="","",ROUND(G2365-I2365,2))	=IF(J2365="","",ROUND(H2365-J2365,2))
Invitation Homes	18804 Orvieto Ct			77357	=IFERROR(INDEX(zips!$B:$B,MATCH(E2366,zips!$A:$A,0)),"")	=IFERROR(INDEX(zips!$E:$E,MATCH(E2366,zips!$A:$A,0)),"")	=IF(OR(F2366="",G2366=""),"",100*SUMIFS(zips!$C:$C,zips!$B:$B,F2366,zips!$E:$E,"<"&G2366)/SUMIFS(zips!$C:$C,zips!$B:$B,F2366,zips!$E:$E,">0"))	518.1123	10.3566	=IF(I2366="","",ROUND(G2366-I2366,2))	=IF(J2366="","",ROUND(H2366-J2366,2))
Invitation Homes	18835 Orvieto Ct			77357	=IFERROR(INDEX(zips!$B:$B,MATCH(E2367,zips!$A:$A,0)),"")	=IFERROR(INDEX(zips!$E:$E,MATCH(E2367,zips!$A:$A,0)),"")	=IF(OR(F2367="",G2367=""),"",100*SUMIFS(zips!$C:$C,zips!$B:$B,F2367,zips!$E:$E,"<"&G2367)/SUMIFS(zips!$C:$C,zips!$B:$B,F2367,zips!$E:$E,">0"))	518.1123	10.3566	=IF(I2367="","",ROUND(G2367-I2367,2))	=IF(J2367="","",ROUND(H2367-J2367,2))
Invitation Homes	18776 Faustina Wy			77357	=IFERROR(INDEX(zips!$B:$B,MATCH(E2368,zips!$A:$A,0)),"")	=IFERROR(INDEX(zips!$E:$E,MATCH(E2368,zips!$A:$A,0)),"")	=IF(OR(F2368="",G2368=""),"",100*SUMIFS(zips!$C:$C,zips!$B:$B,F2368,zips!$E:$E,"<"&G2368)/SUMIFS(zips!$C:$C,zips!$B:$B,F2368,zips!$E:$E,">0"))	518.1123	10.3566	=IF(I2368="","",ROUND(G2368-I2368,2))	=IF(J2368="","",ROUND(H2368-J2368,2))
Invitation Homes	18775 Faustina Wy			77357	=IFERROR(INDEX(zips!$B:$B,MATCH(E2369,zips!$A:$A,0)),"")	=IFERROR(INDEX(zips!$E:$E,MATCH(E2369,zips!$A:$A,0)),"")	=IF(OR(F2369="",G2369=""),"",100*SUMIFS(zips!$C:$C,zips!$B:$B,F2369,zips!$E:$E,"<"&G2369)/SUMIFS(zips!$C:$C,zips!$B:$B,F2369,zips!$E:$E,">0"))	518.1123	10.3566	=IF(I2369="","",ROUND(G2369-I2369,2))	=IF(J2369="","",ROUND(H2369-J2369,2))
Invitation Homes	22668 Malvicino Dr			77357	=IFERROR(INDEX(zips!$B:$B,MATCH(E2370,zips!$A:$A,0)),"")	=IFERROR(INDEX(zips!$E:$E,MATCH(E2370,zips!$A:$A,0)),"")	=IF(OR(F2370="",G2370=""),"",100*SUMIFS(zips!$C:$C,zips!$B:$B,F2370,zips!$E:$E,"<"&G2370)/SUMIFS(zips!$C:$C,zips!$B:$B,F2370,zips!$E:$E,">0"))	518.1123	10.3566	=IF(I2370="","",ROUND(G2370-I2370,2))	=IF(J2370="","",ROUND(H2370-J2370,2))
Invitation Homes	22315 San Damiano St			77357	=IFERROR(INDEX(zips!$B:$B,MATCH(E2371,zips!$A:$A,0)),"")	=IFERROR(INDEX(zips!$E:$E,MATCH(E2371,zips!$A:$A,0)),"")	=IF(OR(F2371="",G2371=""),"",100*SUMIFS(zips!$C:$C,zips!$B:$B,F2371,zips!$E:$E,"<"&G2371)/SUMIFS(zips!$C:$C,zips!$B:$B,F2371,zips!$E:$E,">0"))	518.1123	10.3566	=IF(I2371="","",ROUND(G2371-I2371,2))	=IF(J2371="","",ROUND(H2371-J2371,2))
Invitation Homes	18759 Faustina Wy			77357	=IFERROR(INDEX(zips!$B:$B,MATCH(E2372,zips!$A:$A,0)),"")	=IFERROR(INDEX(zips!$E:$E,MATCH(E2372,zips!$A:$A,0)),"")	=IF(OR(F2372="",G2372=""),"",100*SUMIFS(zips!$C:$C,zips!$B:$B,F2372,zips!$E:$E,"<"&G2372)/SUMIFS(zips!$C:$C,zips!$B:$B,F2372,zips!$E:$E,">0"))	518.1123	10.3566	=IF(I2372="","",ROUND(G2372-I2372,2))	=IF(J2372="","",ROUND(H2372-J2372,2))
Invitation Homes	18743 Faustina Wy			77357	=IFERROR(INDEX(zips!$B:$B,MATCH(E2373,zips!$A:$A,0)),"")	=IFERROR(INDEX(zips!$E:$E,MATCH(E2373,zips!$A:$A,0)),"")	=IF(OR(F2373="",G2373=""),"",100*SUMIFS(zips!$C:$C,zips!$B:$B,F2373,zips!$E:$E,"<"&G2373)/SUMIFS(zips!$C:$C,zips!$B:$B,F2373,zips!$E:$E,">0"))	518.1123	10.3566	=IF(I2373="","",ROUND(G2373-I2373,2))	=IF(J2373="","",ROUND(H2373-J2373,2))
Invitation Homes	18739 Faustina Wy			77357	=IFERROR(INDEX(zips!$B:$B,MATCH(E2374,zips!$A:$A,0)),"")	=IFERROR(INDEX(zips!$E:$E,MATCH(E2374,zips!$A:$A,0)),"")	=IF(OR(F2374="",G2374=""),"",100*SUMIFS(zips!$C:$C,zips!$B:$B,F2374,zips!$E:$E,"<"&G2374)/SUMIFS(zips!$C:$C,zips!$B:$B,F2374,zips!$E:$E,">0"))	518.1123	10.3566	=IF(I2374="","",ROUND(G2374-I2374,2))	=IF(J2374="","",ROUND(H2374-J2374,2))
Invitation Homes	22360 Sonora Riv Trce			77357	=IFERROR(INDEX(zips!$B:$B,MATCH(E2375,zips!$A:$A,0)),"")	=IFERROR(INDEX(zips!$E:$E,MATCH(E2375,zips!$A:$A,0)),"")	=IF(OR(F2375="",G2375=""),"",100*SUMIFS(zips!$C:$C,zips!$B:$B,F2375,zips!$E:$E,"<"&G2375)/SUMIFS(zips!$C:$C,zips!$B:$B,F2375,zips!$E:$E,">0"))	518.1123	10.3566	=IF(I2375="","",ROUND(G2375-I2375,2))	=IF(J2375="","",ROUND(H2375-J2375,2))
Invitation Homes	22276 Stoney Ravine Dr			77357	=IFERROR(INDEX(zips!$B:$B,MATCH(E2376,zips!$A:$A,0)),"")	=IFERROR(INDEX(zips!$E:$E,MATCH(E2376,zips!$A:$A,0)),"")	=IF(OR(F2376="",G2376=""),"",100*SUMIFS(zips!$C:$C,zips!$B:$B,F2376,zips!$E:$E,"<"&G2376)/SUMIFS(zips!$C:$C,zips!$B:$B,F2376,zips!$E:$E,">0"))	518.1123	10.3566	=IF(I2376="","",ROUND(G2376-I2376,2))	=IF(J2376="","",ROUND(H2376-J2376,2))
Invitation Homes	22286 Stoney Ravine Dr			77357	=IFERROR(INDEX(zips!$B:$B,MATCH(E2377,zips!$A:$A,0)),"")	=IFERROR(INDEX(zips!$E:$E,MATCH(E2377,zips!$A:$A,0)),"")	=IF(OR(F2377="",G2377=""),"",100*SUMIFS(zips!$C:$C,zips!$B:$B,F2377,zips!$E:$E,"<"&G2377)/SUMIFS(zips!$C:$C,zips!$B:$B,F2377,zips!$E:$E,">0"))	518.1123	10.3566	=IF(I2377="","",ROUND(G2377-I2377,2))	=IF(J2377="","",ROUND(H2377-J2377,2))
Invitation Homes	22316 Stoney Ravine Dr			77357	=IFERROR(INDEX(zips!$B:$B,MATCH(E2378,zips!$A:$A,0)),"")	=IFERROR(INDEX(zips!$E:$E,MATCH(E2378,zips!$A:$A,0)),"")	=IF(OR(F2378="",G2378=""),"",100*SUMIFS(zips!$C:$C,zips!$B:$B,F2378,zips!$E:$E,"<"&G2378)/SUMIFS(zips!$C:$C,zips!$B:$B,F2378,zips!$E:$E,">0"))	518.1123	10.3566	=IF(I2378="","",ROUND(G2378-I2378,2))	=IF(J2378="","",ROUND(H2378-J2378,2))
Invitation Homes	22328 Stoney Ravine Dr			77357	=IFERROR(INDEX(zips!$B:$B,MATCH(E2379,zips!$A:$A,0)),"")	=IFERROR(INDEX(zips!$E:$E,MATCH(E2379,zips!$A:$A,0)),"")	=IF(OR(F2379="",G2379=""),"",100*SUMIFS(zips!$C:$C,zips!$B:$B,F2379,zips!$E:$E,"<"&G2379)/SUMIFS(zips!$C:$C,zips!$B:$B,F2379,zips!$E:$E,">0"))	518.1123	10.3566	=IF(I2379="","",ROUND(G2379-I2379,2))	=IF(J2379="","",ROUND(H2379-J2379,2))
Invitation Homes	18827 Wembley Vis Trl			77357	=IFERROR(INDEX(zips!$B:$B,MATCH(E2380,zips!$A:$A,0)),"")	=IFERROR(INDEX(zips!$E:$E,MATCH(E2380,zips!$A:$A,0)),"")	=IF(OR(F2380="",G2380=""),"",100*SUMIFS(zips!$C:$C,zips!$B:$B,F2380,zips!$E:$E,"<"&G2380)/SUMIFS(zips!$C:$C,zips!$B:$B,F2380,zips!$E:$E,">0"))	518.1123	10.3566	=IF(I2380="","",ROUND(G2380-I2380,2))	=IF(J2380="","",ROUND(H2380-J2380,2))
Invitation Homes	18807 Wembley Vis Trl			77357	=IFERROR(INDEX(zips!$B:$B,MATCH(E2381,zips!$A:$A,0)),"")	=IFERROR(INDEX(zips!$E:$E,MATCH(E2381,zips!$A:$A,0)),"")	=IF(OR(F2381="",G2381=""),"",100*SUMIFS(zips!$C:$C,zips!$B:$B,F2381,zips!$E:$E,"<"&G2381)/SUMIFS(zips!$C:$C,zips!$B:$B,F2381,zips!$E:$E,">0"))	518.1123	10.3566	=IF(I2381="","",ROUND(G2381-I2381,2))	=IF(J2381="","",ROUND(H2381-J2381,2))
Invitation Homes	34306 Conroe Huffsmith Rd			77354	=IFERROR(INDEX(zips!$B:$B,MATCH(E2382,zips!$A:$A,0)),"")	=IFERROR(INDEX(zips!$E:$E,MATCH(E2382,zips!$A:$A,0)),"")	=IF(OR(F2382="",G2382=""),"",100*SUMIFS(zips!$C:$C,zips!$B:$B,F2382,zips!$E:$E,"<"&G2382)/SUMIFS(zips!$C:$C,zips!$B:$B,F2382,zips!$E:$E,">0"))	545.446	11.1106	=IF(I2382="","",ROUND(G2382-I2382,2))	=IF(J2382="","",ROUND(H2382-J2382,2))
Invitation Homes	10742 Sunlit St			77303	=IFERROR(INDEX(zips!$B:$B,MATCH(E2383,zips!$A:$A,0)),"")	=IFERROR(INDEX(zips!$E:$E,MATCH(E2383,zips!$A:$A,0)),"")	=IF(OR(F2383="",G2383=""),"",100*SUMIFS(zips!$C:$C,zips!$B:$B,F2383,zips!$E:$E,"<"&G2383)/SUMIFS(zips!$C:$C,zips!$B:$B,F2383,zips!$E:$E,">0"))	432.0935	9.1779	=IF(I2383="","",ROUND(G2383-I2383,2))	=IF(J2383="","",ROUND(H2383-J2383,2))
Invitation Homes	11011 Inflow Drive			77303	=IFERROR(INDEX(zips!$B:$B,MATCH(E2384,zips!$A:$A,0)),"")	=IFERROR(INDEX(zips!$E:$E,MATCH(E2384,zips!$A:$A,0)),"")	=IF(OR(F2384="",G2384=""),"",100*SUMIFS(zips!$C:$C,zips!$B:$B,F2384,zips!$E:$E,"<"&G2384)/SUMIFS(zips!$C:$C,zips!$B:$B,F2384,zips!$E:$E,">0"))	432.0935	9.1779	=IF(I2384="","",ROUND(G2384-I2384,2))	=IF(J2384="","",ROUND(H2384-J2384,2))
Invitation Homes	11015 Inflow Drive			77303	=IFERROR(INDEX(zips!$B:$B,MATCH(E2385,zips!$A:$A,0)),"")	=IFERROR(INDEX(zips!$E:$E,MATCH(E2385,zips!$A:$A,0)),"")	=IF(OR(F2385="",G2385=""),"",100*SUMIFS(zips!$C:$C,zips!$B:$B,F2385,zips!$E:$E,"<"&G2385)/SUMIFS(zips!$C:$C,zips!$B:$B,F2385,zips!$E:$E,">0"))	432.0935	9.1779	=IF(I2385="","",ROUND(G2385-I2385,2))	=IF(J2385="","",ROUND(H2385-J2385,2))
Invitation Homes	10915 Heliosphere			77303	=IFERROR(INDEX(zips!$B:$B,MATCH(E2386,zips!$A:$A,0)),"")	=IFERROR(INDEX(zips!$E:$E,MATCH(E2386,zips!$A:$A,0)),"")	=IF(OR(F2386="",G2386=""),"",100*SUMIFS(zips!$C:$C,zips!$B:$B,F2386,zips!$E:$E,"<"&G2386)/SUMIFS(zips!$C:$C,zips!$B:$B,F2386,zips!$E:$E,">0"))	432.0935	9.1779	=IF(I2386="","",ROUND(G2386-I2386,2))	=IF(J2386="","",ROUND(H2386-J2386,2))
Invitation Homes	11107 Altimeter Dr			77303	=IFERROR(INDEX(zips!$B:$B,MATCH(E2387,zips!$A:$A,0)),"")	=IFERROR(INDEX(zips!$E:$E,MATCH(E2387,zips!$A:$A,0)),"")	=IF(OR(F2387="",G2387=""),"",100*SUMIFS(zips!$C:$C,zips!$B:$B,F2387,zips!$E:$E,"<"&G2387)/SUMIFS(zips!$C:$C,zips!$B:$B,F2387,zips!$E:$E,">0"))	432.0935	9.1779	=IF(I2387="","",ROUND(G2387-I2387,2))	=IF(J2387="","",ROUND(H2387-J2387,2))
Invitation Homes	16488 Blossom Grove Dr			77301	=IFERROR(INDEX(zips!$B:$B,MATCH(E2388,zips!$A:$A,0)),"")	=IFERROR(INDEX(zips!$E:$E,MATCH(E2388,zips!$A:$A,0)),"")	=IF(OR(F2388="",G2388=""),"",100*SUMIFS(zips!$C:$C,zips!$B:$B,F2388,zips!$E:$E,"<"&G2388)/SUMIFS(zips!$C:$C,zips!$B:$B,F2388,zips!$E:$E,">0"))	1822.9734	27.1965	=IF(I2388="","",ROUND(G2388-I2388,2))	=IF(J2388="","",ROUND(H2388-J2388,2))
Invitation Homes	16465 Blossom Grove Dr			77301	=IFERROR(INDEX(zips!$B:$B,MATCH(E2389,zips!$A:$A,0)),"")	=IFERROR(INDEX(zips!$E:$E,MATCH(E2389,zips!$A:$A,0)),"")	=IF(OR(F2389="",G2389=""),"",100*SUMIFS(zips!$C:$C,zips!$B:$B,F2389,zips!$E:$E,"<"&G2389)/SUMIFS(zips!$C:$C,zips!$B:$B,F2389,zips!$E:$E,">0"))	1822.9734	27.1965	=IF(I2389="","",ROUND(G2389-I2389,2))	=IF(J2389="","",ROUND(H2389-J2389,2))
Invitation Homes	165 Teal Pl			30263	=IFERROR(INDEX(zips!$B:$B,MATCH(E2390,zips!$A:$A,0)),"")	=IFERROR(INDEX(zips!$E:$E,MATCH(E2390,zips!$A:$A,0)),"")	=IF(OR(F2390="",G2390=""),"",100*SUMIFS(zips!$C:$C,zips!$B:$B,F2390,zips!$E:$E,"<"&G2390)/SUMIFS(zips!$C:$C,zips!$B:$B,F2390,zips!$E:$E,">0"))	307.4834	7.3207	=IF(I2390="","",ROUND(G2390-I2390,2))	=IF(J2390="","",ROUND(H2390-J2390,2))
Invitation Homes	7 Austin Ct			30263	=IFERROR(INDEX(zips!$B:$B,MATCH(E2391,zips!$A:$A,0)),"")	=IFERROR(INDEX(zips!$E:$E,MATCH(E2391,zips!$A:$A,0)),"")	=IF(OR(F2391="",G2391=""),"",100*SUMIFS(zips!$C:$C,zips!$B:$B,F2391,zips!$E:$E,"<"&G2391)/SUMIFS(zips!$C:$C,zips!$B:$B,F2391,zips!$E:$E,">0"))	307.4834	7.3207	=IF(I2391="","",ROUND(G2391-I2391,2))	=IF(J2391="","",ROUND(H2391-J2391,2))
Invitation Homes	15 Camden Village Dr			30265	=IFERROR(INDEX(zips!$B:$B,MATCH(E2392,zips!$A:$A,0)),"")	=IFERROR(INDEX(zips!$E:$E,MATCH(E2392,zips!$A:$A,0)),"")	=IF(OR(F2392="",G2392=""),"",100*SUMIFS(zips!$C:$C,zips!$B:$B,F2392,zips!$E:$E,"<"&G2392)/SUMIFS(zips!$C:$C,zips!$B:$B,F2392,zips!$E:$E,">0"))	869.1512	26.8833	=IF(I2392="","",ROUND(G2392-I2392,2))	=IF(J2392="","",ROUND(H2392-J2392,2))
Invitation Homes	385 Hunterian Pl			30265	=IFERROR(INDEX(zips!$B:$B,MATCH(E2393,zips!$A:$A,0)),"")	=IFERROR(INDEX(zips!$E:$E,MATCH(E2393,zips!$A:$A,0)),"")	=IF(OR(F2393="",G2393=""),"",100*SUMIFS(zips!$C:$C,zips!$B:$B,F2393,zips!$E:$E,"<"&G2393)/SUMIFS(zips!$C:$C,zips!$B:$B,F2393,zips!$E:$E,">0"))	869.1512	26.8833	=IF(I2393="","",ROUND(G2393-I2393,2))	=IF(J2393="","",ROUND(H2393-J2393,2))
Invitation Homes	102 Medallion Park			30265	=IFERROR(INDEX(zips!$B:$B,MATCH(E2394,zips!$A:$A,0)),"")	=IFERROR(INDEX(zips!$E:$E,MATCH(E2394,zips!$A:$A,0)),"")	=IF(OR(F2394="",G2394=""),"",100*SUMIFS(zips!$C:$C,zips!$B:$B,F2394,zips!$E:$E,"<"&G2394)/SUMIFS(zips!$C:$C,zips!$B:$B,F2394,zips!$E:$E,">0"))	869.1512	26.8833	=IF(I2394="","",ROUND(G2394-I2394,2))	=IF(J2394="","",ROUND(H2394-J2394,2))
Invitation Homes	275 Highwoods Pkwy			30265	=IFERROR(INDEX(zips!$B:$B,MATCH(E2395,zips!$A:$A,0)),"")	=IFERROR(INDEX(zips!$E:$E,MATCH(E2395,zips!$A:$A,0)),"")	=IF(OR(F2395="",G2395=""),"",100*SUMIFS(zips!$C:$C,zips!$B:$B,F2395,zips!$E:$E,"<"&G2395)/SUMIFS(zips!$C:$C,zips!$B:$B,F2395,zips!$E:$E,">0"))	869.1512	26.8833	=IF(I2395="","",ROUND(G2395-I2395,2))	=IF(J2395="","",ROUND(H2395-J2395,2))
Invitation Homes	133 Planterra Way			30269	=IFERROR(INDEX(zips!$B:$B,MATCH(E2396,zips!$A:$A,0)),"")	=IFERROR(INDEX(zips!$E:$E,MATCH(E2396,zips!$A:$A,0)),"")	=IF(OR(F2396="",G2396=""),"",100*SUMIFS(zips!$C:$C,zips!$B:$B,F2396,zips!$E:$E,"<"&G2396)/SUMIFS(zips!$C:$C,zips!$B:$B,F2396,zips!$E:$E,">0"))	1528.2024	43.5913	=IF(I2396="","",ROUND(G2396-I2396,2))	=IF(J2396="","",ROUND(H2396-J2396,2))
Invitation Homes	90 Bedford Park Dr			30263	=IFERROR(INDEX(zips!$B:$B,MATCH(E2397,zips!$A:$A,0)),"")	=IFERROR(INDEX(zips!$E:$E,MATCH(E2397,zips!$A:$A,0)),"")	=IF(OR(F2397="",G2397=""),"",100*SUMIFS(zips!$C:$C,zips!$B:$B,F2397,zips!$E:$E,"<"&G2397)/SUMIFS(zips!$C:$C,zips!$B:$B,F2397,zips!$E:$E,">0"))	307.4834	7.3207	=IF(I2397="","",ROUND(G2397-I2397,2))	=IF(J2397="","",ROUND(H2397-J2397,2))
Invitation Homes	41 Churchill Park Dr			30263	=IFERROR(INDEX(zips!$B:$B,MATCH(E2398,zips!$A:$A,0)),"")	=IFERROR(INDEX(zips!$E:$E,MATCH(E2398,zips!$A:$A,0)),"")	=IF(OR(F2398="",G2398=""),"",100*SUMIFS(zips!$C:$C,zips!$B:$B,F2398,zips!$E:$E,"<"&G2398)/SUMIFS(zips!$C:$C,zips!$B:$B,F2398,zips!$E:$E,">0"))	307.4834	7.3207	=IF(I2398="","",ROUND(G2398-I2398,2))	=IF(J2398="","",ROUND(H2398-J2398,2))
Invitation Homes	518 Rippling Ct			30179	=IFERROR(INDEX(zips!$B:$B,MATCH(E2399,zips!$A:$A,0)),"")	=IFERROR(INDEX(zips!$E:$E,MATCH(E2399,zips!$A:$A,0)),"")	=IF(OR(F2399="",G2399=""),"",100*SUMIFS(zips!$C:$C,zips!$B:$B,F2399,zips!$E:$E,"<"&G2399)/SUMIFS(zips!$C:$C,zips!$B:$B,F2399,zips!$E:$E,">0"))	258.3922	6.6673	=IF(I2399="","",ROUND(G2399-I2399,2))	=IF(J2399="","",ROUND(H2399-J2399,2))
Invitation Homes	8594 Autumn Leaf Dr			30135	=IFERROR(INDEX(zips!$B:$B,MATCH(E2400,zips!$A:$A,0)),"")	=IFERROR(INDEX(zips!$E:$E,MATCH(E2400,zips!$A:$A,0)),"")	=IF(OR(F2400="",G2400=""),"",100*SUMIFS(zips!$C:$C,zips!$B:$B,F2400,zips!$E:$E,"<"&G2400)/SUMIFS(zips!$C:$C,zips!$B:$B,F2400,zips!$E:$E,">0"))	798.2309	25.2539	=IF(I2400="","",ROUND(G2400-I2400,2))	=IF(J2400="","",ROUND(H2400-J2400,2))
Invitation Homes	138 Whetstone Way			30180	=IFERROR(INDEX(zips!$B:$B,MATCH(E2401,zips!$A:$A,0)),"")	=IFERROR(INDEX(zips!$E:$E,MATCH(E2401,zips!$A:$A,0)),"")	=IF(OR(F2401="",G2401=""),"",100*SUMIFS(zips!$C:$C,zips!$B:$B,F2401,zips!$E:$E,"<"&G2401)/SUMIFS(zips!$C:$C,zips!$B:$B,F2401,zips!$E:$E,">0"))	535.3437	15.68	=IF(I2401="","",ROUND(G2401-I2401,2))	=IF(J2401="","",ROUND(H2401-J2401,2))
Invitation Homes	2016 Sweet Bay Dr			30180	=IFERROR(INDEX(zips!$B:$B,MATCH(E2402,zips!$A:$A,0)),"")	=IFERROR(INDEX(zips!$E:$E,MATCH(E2402,zips!$A:$A,0)),"")	=IF(OR(F2402="",G2402=""),"",100*SUMIFS(zips!$C:$C,zips!$B:$B,F2402,zips!$E:$E,"<"&G2402)/SUMIFS(zips!$C:$C,zips!$B:$B,F2402,zips!$E:$E,">0"))	535.3437	15.68	=IF(I2402="","",ROUND(G2402-I2402,2))	=IF(J2402="","",ROUND(H2402-J2402,2))
Invitation Homes	2013 Reflective Waters Rd			30180	=IFERROR(INDEX(zips!$B:$B,MATCH(E2403,zips!$A:$A,0)),"")	=IFERROR(INDEX(zips!$E:$E,MATCH(E2403,zips!$A:$A,0)),"")	=IF(OR(F2403="",G2403=""),"",100*SUMIFS(zips!$C:$C,zips!$B:$B,F2403,zips!$E:$E,"<"&G2403)/SUMIFS(zips!$C:$C,zips!$B:$B,F2403,zips!$E:$E,">0"))	535.3437	15.68	=IF(I2403="","",ROUND(G2403-I2403,2))	=IF(J2403="","",ROUND(H2403-J2403,2))
Invitation Homes	603 Mackenzie Cv			30180	=IFERROR(INDEX(zips!$B:$B,MATCH(E2404,zips!$A:$A,0)),"")	=IFERROR(INDEX(zips!$E:$E,MATCH(E2404,zips!$A:$A,0)),"")	=IF(OR(F2404="",G2404=""),"",100*SUMIFS(zips!$C:$C,zips!$B:$B,F2404,zips!$E:$E,"<"&G2404)/SUMIFS(zips!$C:$C,zips!$B:$B,F2404,zips!$E:$E,">0"))	535.3437	15.68	=IF(I2404="","",ROUND(G2404-I2404,2))	=IF(J2404="","",ROUND(H2404-J2404,2))
Invitation Homes	459 Prescott Way			30180	=IFERROR(INDEX(zips!$B:$B,MATCH(E2405,zips!$A:$A,0)),"")	=IFERROR(INDEX(zips!$E:$E,MATCH(E2405,zips!$A:$A,0)),"")	=IF(OR(F2405="",G2405=""),"",100*SUMIFS(zips!$C:$C,zips!$B:$B,F2405,zips!$E:$E,"<"&G2405)/SUMIFS(zips!$C:$C,zips!$B:$B,F2405,zips!$E:$E,">0"))	535.3437	15.68	=IF(I2405="","",ROUND(G2405-I2405,2))	=IF(J2405="","",ROUND(H2405-J2405,2))
Invitation Homes	625 Mackenzie Cv			30180	=IFERROR(INDEX(zips!$B:$B,MATCH(E2406,zips!$A:$A,0)),"")	=IFERROR(INDEX(zips!$E:$E,MATCH(E2406,zips!$A:$A,0)),"")	=IF(OR(F2406="",G2406=""),"",100*SUMIFS(zips!$C:$C,zips!$B:$B,F2406,zips!$E:$E,"<"&G2406)/SUMIFS(zips!$C:$C,zips!$B:$B,F2406,zips!$E:$E,">0"))	535.3437	15.68	=IF(I2406="","",ROUND(G2406-I2406,2))	=IF(J2406="","",ROUND(H2406-J2406,2))
Invitation Homes	440 Prescott Way			30180	=IFERROR(INDEX(zips!$B:$B,MATCH(E2407,zips!$A:$A,0)),"")	=IFERROR(INDEX(zips!$E:$E,MATCH(E2407,zips!$A:$A,0)),"")	=IF(OR(F2407="",G2407=""),"",100*SUMIFS(zips!$C:$C,zips!$B:$B,F2407,zips!$E:$E,"<"&G2407)/SUMIFS(zips!$C:$C,zips!$B:$B,F2407,zips!$E:$E,">0"))	535.3437	15.68	=IF(I2407="","",ROUND(G2407-I2407,2))	=IF(J2407="","",ROUND(H2407-J2407,2))
Invitation Homes	608 Mackenzie Cv			30180	=IFERROR(INDEX(zips!$B:$B,MATCH(E2408,zips!$A:$A,0)),"")	=IFERROR(INDEX(zips!$E:$E,MATCH(E2408,zips!$A:$A,0)),"")	=IF(OR(F2408="",G2408=""),"",100*SUMIFS(zips!$C:$C,zips!$B:$B,F2408,zips!$E:$E,"<"&G2408)/SUMIFS(zips!$C:$C,zips!$B:$B,F2408,zips!$E:$E,">0"))	535.3437	15.68	=IF(I2408="","",ROUND(G2408-I2408,2))	=IF(J2408="","",ROUND(H2408-J2408,2))
Invitation Homes	612 Mackenzie Cv			30180	=IFERROR(INDEX(zips!$B:$B,MATCH(E2409,zips!$A:$A,0)),"")	=IFERROR(INDEX(zips!$E:$E,MATCH(E2409,zips!$A:$A,0)),"")	=IF(OR(F2409="",G2409=""),"",100*SUMIFS(zips!$C:$C,zips!$B:$B,F2409,zips!$E:$E,"<"&G2409)/SUMIFS(zips!$C:$C,zips!$B:$B,F2409,zips!$E:$E,">0"))	535.3437	15.68	=IF(I2409="","",ROUND(G2409-I2409,2))	=IF(J2409="","",ROUND(H2409-J2409,2))
Invitation Homes	6236 Shallow Creek Ln			30135	=IFERROR(INDEX(zips!$B:$B,MATCH(E2410,zips!$A:$A,0)),"")	=IFERROR(INDEX(zips!$E:$E,MATCH(E2410,zips!$A:$A,0)),"")	=IF(OR(F2410="",G2410=""),"",100*SUMIFS(zips!$C:$C,zips!$B:$B,F2410,zips!$E:$E,"<"&G2410)/SUMIFS(zips!$C:$C,zips!$B:$B,F2410,zips!$E:$E,">0"))	798.2309	25.2539	=IF(I2410="","",ROUND(G2410-I2410,2))	=IF(J2410="","",ROUND(H2410-J2410,2))
Invitation Homes	6541 Squire Pl			30135	=IFERROR(INDEX(zips!$B:$B,MATCH(E2411,zips!$A:$A,0)),"")	=IFERROR(INDEX(zips!$E:$E,MATCH(E2411,zips!$A:$A,0)),"")	=IF(OR(F2411="",G2411=""),"",100*SUMIFS(zips!$C:$C,zips!$B:$B,F2411,zips!$E:$E,"<"&G2411)/SUMIFS(zips!$C:$C,zips!$B:$B,F2411,zips!$E:$E,">0"))	798.2309	25.2539	=IF(I2411="","",ROUND(G2411-I2411,2))	=IF(J2411="","",ROUND(H2411-J2411,2))
Invitation Homes	3792 Bright Star Rd			30135	=IFERROR(INDEX(zips!$B:$B,MATCH(E2412,zips!$A:$A,0)),"")	=IFERROR(INDEX(zips!$E:$E,MATCH(E2412,zips!$A:$A,0)),"")	=IF(OR(F2412="",G2412=""),"",100*SUMIFS(zips!$C:$C,zips!$B:$B,F2412,zips!$E:$E,"<"&G2412)/SUMIFS(zips!$C:$C,zips!$B:$B,F2412,zips!$E:$E,">0"))	798.2309	25.2539	=IF(I2412="","",ROUND(G2412-I2412,2))	=IF(J2412="","",ROUND(H2412-J2412,2))
Invitation Homes	5861 Nest Ct			30135	=IFERROR(INDEX(zips!$B:$B,MATCH(E2413,zips!$A:$A,0)),"")	=IFERROR(INDEX(zips!$E:$E,MATCH(E2413,zips!$A:$A,0)),"")	=IF(OR(F2413="",G2413=""),"",100*SUMIFS(zips!$C:$C,zips!$B:$B,F2413,zips!$E:$E,"<"&G2413)/SUMIFS(zips!$C:$C,zips!$B:$B,F2413,zips!$E:$E,">0"))	798.2309	25.2539	=IF(I2413="","",ROUND(G2413-I2413,2))	=IF(J2413="","",ROUND(H2413-J2413,2))
Invitation Homes	4036 Macedin Ct			30135	=IFERROR(INDEX(zips!$B:$B,MATCH(E2414,zips!$A:$A,0)),"")	=IFERROR(INDEX(zips!$E:$E,MATCH(E2414,zips!$A:$A,0)),"")	=IF(OR(F2414="",G2414=""),"",100*SUMIFS(zips!$C:$C,zips!$B:$B,F2414,zips!$E:$E,"<"&G2414)/SUMIFS(zips!$C:$C,zips!$B:$B,F2414,zips!$E:$E,">0"))	798.2309	25.2539	=IF(I2414="","",ROUND(G2414-I2414,2))	=IF(J2414="","",ROUND(H2414-J2414,2))
Invitation Homes	6265 Lakeview Dr			30135	=IFERROR(INDEX(zips!$B:$B,MATCH(E2415,zips!$A:$A,0)),"")	=IFERROR(INDEX(zips!$E:$E,MATCH(E2415,zips!$A:$A,0)),"")	=IF(OR(F2415="",G2415=""),"",100*SUMIFS(zips!$C:$C,zips!$B:$B,F2415,zips!$E:$E,"<"&G2415)/SUMIFS(zips!$C:$C,zips!$B:$B,F2415,zips!$E:$E,">0"))	798.2309	25.2539	=IF(I2415="","",ROUND(G2415-I2415,2))	=IF(J2415="","",ROUND(H2415-J2415,2))
Invitation Homes	3572 Vicki Ln			30135	=IFERROR(INDEX(zips!$B:$B,MATCH(E2416,zips!$A:$A,0)),"")	=IFERROR(INDEX(zips!$E:$E,MATCH(E2416,zips!$A:$A,0)),"")	=IF(OR(F2416="",G2416=""),"",100*SUMIFS(zips!$C:$C,zips!$B:$B,F2416,zips!$E:$E,"<"&G2416)/SUMIFS(zips!$C:$C,zips!$B:$B,F2416,zips!$E:$E,">0"))	798.2309	25.2539	=IF(I2416="","",ROUND(G2416-I2416,2))	=IF(J2416="","",ROUND(H2416-J2416,2))
Invitation Homes	9650 Fox Hunt Cir N			30135	=IFERROR(INDEX(zips!$B:$B,MATCH(E2417,zips!$A:$A,0)),"")	=IFERROR(INDEX(zips!$E:$E,MATCH(E2417,zips!$A:$A,0)),"")	=IF(OR(F2417="",G2417=""),"",100*SUMIFS(zips!$C:$C,zips!$B:$B,F2417,zips!$E:$E,"<"&G2417)/SUMIFS(zips!$C:$C,zips!$B:$B,F2417,zips!$E:$E,">0"))	798.2309	25.2539	=IF(I2417="","",ROUND(G2417-I2417,2))	=IF(J2417="","",ROUND(H2417-J2417,2))
Invitation Homes	4881 Tree Tops Dr			30135	=IFERROR(INDEX(zips!$B:$B,MATCH(E2418,zips!$A:$A,0)),"")	=IFERROR(INDEX(zips!$E:$E,MATCH(E2418,zips!$A:$A,0)),"")	=IF(OR(F2418="",G2418=""),"",100*SUMIFS(zips!$C:$C,zips!$B:$B,F2418,zips!$E:$E,"<"&G2418)/SUMIFS(zips!$C:$C,zips!$B:$B,F2418,zips!$E:$E,">0"))	798.2309	25.2539	=IF(I2418="","",ROUND(G2418-I2418,2))	=IF(J2418="","",ROUND(H2418-J2418,2))
Invitation Homes	2915 Alcris Dr			30135	=IFERROR(INDEX(zips!$B:$B,MATCH(E2419,zips!$A:$A,0)),"")	=IFERROR(INDEX(zips!$E:$E,MATCH(E2419,zips!$A:$A,0)),"")	=IF(OR(F2419="",G2419=""),"",100*SUMIFS(zips!$C:$C,zips!$B:$B,F2419,zips!$E:$E,"<"&G2419)/SUMIFS(zips!$C:$C,zips!$B:$B,F2419,zips!$E:$E,">0"))	798.2309	25.2539	=IF(I2419="","",ROUND(G2419-I2419,2))	=IF(J2419="","",ROUND(H2419-J2419,2))
Invitation Homes	6771 Crestbrook Ln			30134	=IFERROR(INDEX(zips!$B:$B,MATCH(E2420,zips!$A:$A,0)),"")	=IFERROR(INDEX(zips!$E:$E,MATCH(E2420,zips!$A:$A,0)),"")	=IF(OR(F2420="",G2420=""),"",100*SUMIFS(zips!$C:$C,zips!$B:$B,F2420,zips!$E:$E,"<"&G2420)/SUMIFS(zips!$C:$C,zips!$B:$B,F2420,zips!$E:$E,">0"))	894.2872	28.7808	=IF(I2420="","",ROUND(G2420-I2420,2))	=IF(J2420="","",ROUND(H2420-J2420,2))
Invitation Homes	8490 Meadowbrook Dr			30134	=IFERROR(INDEX(zips!$B:$B,MATCH(E2421,zips!$A:$A,0)),"")	=IFERROR(INDEX(zips!$E:$E,MATCH(E2421,zips!$A:$A,0)),"")	=IF(OR(F2421="",G2421=""),"",100*SUMIFS(zips!$C:$C,zips!$B:$B,F2421,zips!$E:$E,"<"&G2421)/SUMIFS(zips!$C:$C,zips!$B:$B,F2421,zips!$E:$E,">0"))	894.2872	28.7808	=IF(I2421="","",ROUND(G2421-I2421,2))	=IF(J2421="","",ROUND(H2421-J2421,2))
Invitation Homes	8514 Westchester Dr			30134	=IFERROR(INDEX(zips!$B:$B,MATCH(E2422,zips!$A:$A,0)),"")	=IFERROR(INDEX(zips!$E:$E,MATCH(E2422,zips!$A:$A,0)),"")	=IF(OR(F2422="",G2422=""),"",100*SUMIFS(zips!$C:$C,zips!$B:$B,F2422,zips!$E:$E,"<"&G2422)/SUMIFS(zips!$C:$C,zips!$B:$B,F2422,zips!$E:$E,">0"))	894.2872	28.7808	=IF(I2422="","",ROUND(G2422-I2422,2))	=IF(J2422="","",ROUND(H2422-J2422,2))
Invitation Homes	648 Mayfern Cir			30213	=IFERROR(INDEX(zips!$B:$B,MATCH(E2423,zips!$A:$A,0)),"")	=IFERROR(INDEX(zips!$E:$E,MATCH(E2423,zips!$A:$A,0)),"")	=IF(OR(F2423="",G2423=""),"",100*SUMIFS(zips!$C:$C,zips!$B:$B,F2423,zips!$E:$E,"<"&G2423)/SUMIFS(zips!$C:$C,zips!$B:$B,F2423,zips!$E:$E,">0"))	781.9482	24.4685	=IF(I2423="","",ROUND(G2423-I2423,2))	=IF(J2423="","",ROUND(H2423-J2423,2))
Invitation Homes	8605 Garvey Dr			30213	=IFERROR(INDEX(zips!$B:$B,MATCH(E2424,zips!$A:$A,0)),"")	=IFERROR(INDEX(zips!$E:$E,MATCH(E2424,zips!$A:$A,0)),"")	=IF(OR(F2424="",G2424=""),"",100*SUMIFS(zips!$C:$C,zips!$B:$B,F2424,zips!$E:$E,"<"&G2424)/SUMIFS(zips!$C:$C,zips!$B:$B,F2424,zips!$E:$E,">0"))	781.9482	24.4685	=IF(I2424="","",ROUND(G2424-I2424,2))	=IF(J2424="","",ROUND(H2424-J2424,2))
Invitation Homes	1046 Shadow Glen Dr			30213	=IFERROR(INDEX(zips!$B:$B,MATCH(E2425,zips!$A:$A,0)),"")	=IFERROR(INDEX(zips!$E:$E,MATCH(E2425,zips!$A:$A,0)),"")	=IF(OR(F2425="",G2425=""),"",100*SUMIFS(zips!$C:$C,zips!$B:$B,F2425,zips!$E:$E,"<"&G2425)/SUMIFS(zips!$C:$C,zips!$B:$B,F2425,zips!$E:$E,">0"))	781.9482	24.4685	=IF(I2425="","",ROUND(G2425-I2425,2))	=IF(J2425="","",ROUND(H2425-J2425,2))
Invitation Homes	84 Black Diamond Dr			30213	=IFERROR(INDEX(zips!$B:$B,MATCH(E2426,zips!$A:$A,0)),"")	=IFERROR(INDEX(zips!$E:$E,MATCH(E2426,zips!$A:$A,0)),"")	=IF(OR(F2426="",G2426=""),"",100*SUMIFS(zips!$C:$C,zips!$B:$B,F2426,zips!$E:$E,"<"&G2426)/SUMIFS(zips!$C:$C,zips!$B:$B,F2426,zips!$E:$E,">0"))	781.9482	24.4685	=IF(I2426="","",ROUND(G2426-I2426,2))	=IF(J2426="","",ROUND(H2426-J2426,2))
Invitation Homes	6000 Autumn Green Drive			30213	=IFERROR(INDEX(zips!$B:$B,MATCH(E2427,zips!$A:$A,0)),"")	=IFERROR(INDEX(zips!$E:$E,MATCH(E2427,zips!$A:$A,0)),"")	=IF(OR(F2427="",G2427=""),"",100*SUMIFS(zips!$C:$C,zips!$B:$B,F2427,zips!$E:$E,"<"&G2427)/SUMIFS(zips!$C:$C,zips!$B:$B,F2427,zips!$E:$E,">0"))	781.9482	24.4685	=IF(I2427="","",ROUND(G2427-I2427,2))	=IF(J2427="","",ROUND(H2427-J2427,2))
Invitation Homes	130 Aprils Way			30291	=IFERROR(INDEX(zips!$B:$B,MATCH(E2428,zips!$A:$A,0)),"")	=IFERROR(INDEX(zips!$E:$E,MATCH(E2428,zips!$A:$A,0)),"")	=IF(OR(F2428="",G2428=""),"",100*SUMIFS(zips!$C:$C,zips!$B:$B,F2428,zips!$E:$E,"<"&G2428)/SUMIFS(zips!$C:$C,zips!$B:$B,F2428,zips!$E:$E,">0"))	2318.5947	61.5858	=IF(I2428="","",ROUND(G2428-I2428,2))	=IF(J2428="","",ROUND(H2428-J2428,2))
Invitation Homes	405 Jefferson Ave			30214	=IFERROR(INDEX(zips!$B:$B,MATCH(E2429,zips!$A:$A,0)),"")	=IFERROR(INDEX(zips!$E:$E,MATCH(E2429,zips!$A:$A,0)),"")	=IF(OR(F2429="",G2429=""),"",100*SUMIFS(zips!$C:$C,zips!$B:$B,F2429,zips!$E:$E,"<"&G2429)/SUMIFS(zips!$C:$C,zips!$B:$B,F2429,zips!$E:$E,">0"))	606.6574	17.0145	=IF(I2429="","",ROUND(G2429-I2429,2))	=IF(J2429="","",ROUND(H2429-J2429,2))
Invitation Homes	7188 Toccoa Cir			30291	=IFERROR(INDEX(zips!$B:$B,MATCH(E2430,zips!$A:$A,0)),"")	=IFERROR(INDEX(zips!$E:$E,MATCH(E2430,zips!$A:$A,0)),"")	=IF(OR(F2430="",G2430=""),"",100*SUMIFS(zips!$C:$C,zips!$B:$B,F2430,zips!$E:$E,"<"&G2430)/SUMIFS(zips!$C:$C,zips!$B:$B,F2430,zips!$E:$E,">0"))	2318.5947	61.5858	=IF(I2430="","",ROUND(G2430-I2430,2))	=IF(J2430="","",ROUND(H2430-J2430,2))
Invitation Homes	7419 Faith St			30213	=IFERROR(INDEX(zips!$B:$B,MATCH(E2431,zips!$A:$A,0)),"")	=IFERROR(INDEX(zips!$E:$E,MATCH(E2431,zips!$A:$A,0)),"")	=IF(OR(F2431="",G2431=""),"",100*SUMIFS(zips!$C:$C,zips!$B:$B,F2431,zips!$E:$E,"<"&G2431)/SUMIFS(zips!$C:$C,zips!$B:$B,F2431,zips!$E:$E,">0"))	781.9482	24.4685	=IF(I2431="","",ROUND(G2431-I2431,2))	=IF(J2431="","",ROUND(H2431-J2431,2))
Invitation Homes	125 Buffington Dr			30291	=IFERROR(INDEX(zips!$B:$B,MATCH(E2432,zips!$A:$A,0)),"")	=IFERROR(INDEX(zips!$E:$E,MATCH(E2432,zips!$A:$A,0)),"")	=IF(OR(F2432="",G2432=""),"",100*SUMIFS(zips!$C:$C,zips!$B:$B,F2432,zips!$E:$E,"<"&G2432)/SUMIFS(zips!$C:$C,zips!$B:$B,F2432,zips!$E:$E,">0"))	2318.5947	61.5858	=IF(I2432="","",ROUND(G2432-I2432,2))	=IF(J2432="","",ROUND(H2432-J2432,2))
Invitation Homes	7270 Oswego Trl			30296	=IFERROR(INDEX(zips!$B:$B,MATCH(E2433,zips!$A:$A,0)),"")	=IFERROR(INDEX(zips!$E:$E,MATCH(E2433,zips!$A:$A,0)),"")	=IF(OR(F2433="",G2433=""),"",100*SUMIFS(zips!$C:$C,zips!$B:$B,F2433,zips!$E:$E,"<"&G2433)/SUMIFS(zips!$C:$C,zips!$B:$B,F2433,zips!$E:$E,">0"))	2660.09	71.766	=IF(I2433="","",ROUND(G2433-I2433,2))	=IF(J2433="","",ROUND(H2433-J2433,2))
Invitation Homes	5767 Village Loop			30213	=IFERROR(INDEX(zips!$B:$B,MATCH(E2434,zips!$A:$A,0)),"")	=IFERROR(INDEX(zips!$E:$E,MATCH(E2434,zips!$A:$A,0)),"")	=IF(OR(F2434="",G2434=""),"",100*SUMIFS(zips!$C:$C,zips!$B:$B,F2434,zips!$E:$E,"<"&G2434)/SUMIFS(zips!$C:$C,zips!$B:$B,F2434,zips!$E:$E,">0"))	781.9482	24.4685	=IF(I2434="","",ROUND(G2434-I2434,2))	=IF(J2434="","",ROUND(H2434-J2434,2))
Invitation Homes	6212 Paris Cv			30213	=IFERROR(INDEX(zips!$B:$B,MATCH(E2435,zips!$A:$A,0)),"")	=IFERROR(INDEX(zips!$E:$E,MATCH(E2435,zips!$A:$A,0)),"")	=IF(OR(F2435="",G2435=""),"",100*SUMIFS(zips!$C:$C,zips!$B:$B,F2435,zips!$E:$E,"<"&G2435)/SUMIFS(zips!$C:$C,zips!$B:$B,F2435,zips!$E:$E,">0"))	781.9482	24.4685	=IF(I2435="","",ROUND(G2435-I2435,2))	=IF(J2435="","",ROUND(H2435-J2435,2))
Invitation Homes	510 Waterboy Rd			30213	=IFERROR(INDEX(zips!$B:$B,MATCH(E2436,zips!$A:$A,0)),"")	=IFERROR(INDEX(zips!$E:$E,MATCH(E2436,zips!$A:$A,0)),"")	=IF(OR(F2436="",G2436=""),"",100*SUMIFS(zips!$C:$C,zips!$B:$B,F2436,zips!$E:$E,"<"&G2436)/SUMIFS(zips!$C:$C,zips!$B:$B,F2436,zips!$E:$E,">0"))	781.9482	24.4685	=IF(I2436="","",ROUND(G2436-I2436,2))	=IF(J2436="","",ROUND(H2436-J2436,2))
